side,seg,entry_time,exit_time,entry_price,exit_price,exit_reason,bars_held,gross_ret,net_ret,pnl_usdt
long,train,2021-10-07 16:00:00+00:00,2021-10-12 12:00:00+00:00,155.936,139.80387617837314,sl,30,-0.10345349259713511,-0.10445349259713511,-10.445349259713511
long,train,2021-10-12 20:00:00+00:00,2021-10-20 20:00:00+00:00,150.042,176.759,timeout,49,0.17806347556017638,0.17706347556017638,17.706347556017636
long,train,2021-10-21 04:00:00+00:00,2021-10-25 12:00:00+00:00,184.169,216.01107036280632,tp,27,0.1728959290803898,0.1718959290803898,17.189592908038982
long,train,2021-10-25 20:00:00+00:00,2021-10-27 08:00:00+00:00,210.441,189.78701813770235,sl,10,-0.09814618758843408,-0.09914618758843408,-9.914618758843407
long,train,2021-10-27 16:00:00+00:00,2021-11-03 20:00:00+00:00,188.976,239.57287070602732,tp,44,0.2677423096373472,0.2667423096373472,26.67423096373472
long,train,2021-11-04 04:00:00+00:00,2021-11-12 04:00:00+00:00,238.089,228.043,timeout,49,-0.04219430549080383,-0.04319430549080383,-4.3194305490803835
long,train,2021-11-19 04:00:00+00:00,2021-11-27 04:00:00+00:00,192.022,194.254,timeout,49,0.011623668121361092,0.01062366812136109,1.062366812136109
long,train,2021-11-28 20:00:00+00:00,2021-12-01 12:00:00+00:00,188.505,229.2108361541664,tp,17,0.21594035253264585,0.21494035253264585,21.494035253264585
long,train,2021-12-02 00:00:00+00:00,2021-12-03 20:00:00+00:00,229.747,210.23095074356863,sl,12,-0.08494582848277185,-0.08594582848277185,-8.594582848277184
long,train,2021-12-04 04:00:00+00:00,2021-12-04 04:00:00+00:00,196.078,169.9087068806409,sl,1,-0.1334636885288462,-0.13446368852884621,-13.446368852884621
long,train,2021-12-04 16:00:00+00:00,2021-12-10 12:00:00+00:00,204.998,173.3521711066939,sl,36,-0.1543714031029868,-0.1553714031029868,-15.53714031029868
long,train,2021-12-10 20:00:00+00:00,2021-12-13 12:00:00+00:00,173.625,156.00671544887496,sl,17,-0.10147320115838758,-0.10247320115838758,-10.247320115838757
long,train,2021-12-14 12:00:00+00:00,2021-12-22 12:00:00+00:00,158.143,185.047,timeout,49,0.17012450756593714,0.16912450756593714,16.912450756593714
long,train,2021-12-22 20:00:00+00:00,2021-12-30 20:00:00+00:00,180.247,172.536,timeout,49,-0.042780184968404536,-0.04378018496840454,-4.378018496840454
long,train,2022-01-01 04:00:00+00:00,2022-01-05 16:00:00+00:00,172.952,161.596498817157,sl,28,-0.0656569521187555,-0.0666569521187555,-6.6656952118755495
long,train,2022-01-08 20:00:00+00:00,2022-01-16 20:00:00+00:00,135.338,147.975,timeout,49,0.09337362751038142,0.09237362751038142,9.237362751038141
long,train,2022-01-17 20:00:00+00:00,2022-01-20 20:00:00+00:00,139.874,131.13588595532,sl,19,-0.062471324511202964,-0.06347132451120296,-6.347132451120297
long,train,2022-01-24 00:00:00+00:00,2022-01-24 08:00:00+00:00,99.749,82.01840842162184,sl,3,-0.17775207348823702,-0.17875207348823702,-17.8752073488237
long,train,2022-01-24 16:00:00+00:00,2022-02-01 16:00:00+00:00,87.475,107.979,timeout,49,0.23439839954272657,0.23339839954272656,23.339839954272655
long,train,2022-02-02 00:00:00+00:00,2022-02-02 20:00:00+00:00,110.043,99.23414764367249,sl,6,-0.09822389753394145,-0.09922389753394145,-9.922389753394146
long,train,2022-02-03 12:00:00+00:00,2022-02-11 12:00:00+00:00,97.412,106.862,timeout,49,0.09701063524001137,0.09601063524001137,9.601063524001137
long,train,2022-02-13 20:00:00+00:00,2022-02-21 20:00:00+00:00,92.253,83.6894192193032,sl,49,-0.09282712519589385,-0.09382712519589385,-9.382712519589385
long,train,2022-02-22 08:00:00+00:00,2022-03-02 00:00:00+00:00,82.132,104.81035931398364,tp,47,0.27612087023308374,0.27512087023308374,27.512087023308375
long,train,2022-03-02 08:00:00+00:00,2022-03-04 00:00:00+00:00,102.4,91.4320314891351,sl,11,-0.1071090674889151,-0.1081090674889151,-10.81090674889151
long,train,2022-03-04 08:00:00+00:00,2022-03-07 00:00:00+00:00,91.977,82.39065224762838,sl,17,-0.10422548846311168,-0.10522548846311168,-10.522548846311167
long,train,2022-03-07 16:00:00+00:00,2022-03-13 20:00:00+00:00,85.069,77.9202693364222,sl,38,-0.08403449745004418,-0.08503449745004418,-8.503449745004419
long,train,2022-03-14 08:00:00+00:00,2022-03-19 12:00:00+00:00,80.907,92.68458327874956,tp,32,0.1455693979352783,0.1445693979352783,14.456939793527829
long,train,2022-03-21 16:00:00+00:00,2022-03-24 16:00:00+00:00,89.569,103.24353728302377,tp,19,0.15267042484591506,0.15167042484591506,15.167042484591505
long,train,2022-03-25 00:00:00+00:00,2022-03-30 12:00:00+00:00,102.331,119.12441286291109,tp,34,0.16410875358308902,0.16310875358308902,16.310875358308902
long,train,2022-03-30 20:00:00+00:00,2022-04-07 20:00:00+00:00,121.17,118.496,timeout,49,-0.022068168688619348,-0.02306816868861935,-2.306816868861935
long,train,2022-04-09 20:00:00+00:00,2022-04-11 20:00:00+00:00,109.805,98.94748277014189,sl,13,-0.09887998934345538,-0.09987998934345538,-9.987998934345537
long,train,2022-04-12 04:00:00+00:00,2022-04-20 04:00:00+00:00,99.702,106.989,timeout,49,0.07308780164891382,0.07208780164891382,7.208780164891381
long,train,2022-04-21 00:00:00+00:00,2022-04-25 00:00:00+00:00,105.583,98.08830958149068,sl,25,-0.07098387447325158,-0.07198387447325158,-7.198387447325158
long,train,2022-04-25 16:00:00+00:00,2022-04-30 16:00:00+00:00,96.941,90.98729536966876,sl,31,-0.06141575422505694,-0.06241575422505694,-6.2415754225056945
long,train,2022-05-13 04:00:00+00:00,2022-05-21 04:00:00+00:00,50.535,50.013,timeout,49,-0.010329474621549392,-0.011329474621549391,-1.1329474621549391
long,train,2022-05-22 16:00:00+00:00,2022-05-26 04:00:00+00:00,51.814,46.84405612507932,sl,22,-0.09591893841279732,-0.09691893841279732,-9.691893841279732
long,train,2022-05-28 16:00:00+00:00,2022-06-03 08:00:00+00:00,42.98,38.0022624344353,sl,35,-0.11581520627186355,-0.11681520627186355,-11.681520627186355
long,train,2022-06-04 08:00:00+00:00,2022-06-11 12:00:00+00:00,37.34,33.40728721986734,sl,44,-0.10532171344758064,-0.10632171344758064,-10.632171344758063
long,train,2022-06-15 12:00:00+00:00,2022-06-23 12:00:00+00:00,28.92,37.2,timeout,49,0.28630705394190875,0.28530705394190875,28.530705394190875
long,train,2022-06-23 20:00:00+00:00,2022-06-30 04:00:00+00:00,37.56,32.50746931501113,sl,39,-0.13451892132558235,-0.13551892132558235,-13.551892132558235
long,train,2022-07-01 04:00:00+00:00,2022-07-09 04:00:00+00:00,33.67,38.61,timeout,49,0.14671814671814665,0.14571814671814665,14.571814671814664
long,train,2022-07-09 12:00:00+00:00,2022-07-11 04:00:00+00:00,38.18,35.10541117684715,sl,11,-0.08052878007210192,-0.08152878007210192,-8.152878007210191
long,train,2022-07-13 08:00:00+00:00,2022-07-16 16:00:00+00:00,33.7,39.79158838025225,tp,21,0.18075929911727734,0.17975929911727734,17.975929911727732
long,train,2022-07-17 00:00:00+00:00,2022-07-19 12:00:00+00:00,39.59,47.085489238770435,tp,16,0.1893278413430268,0.1883278413430268,18.83278413430268
long,train,2022-07-19 20:00:00+00:00,2022-07-21 00:00:00+00:00,45.41,40.753853541574514,sl,8,-0.10253570707829734,-0.10353570707829735,-10.353570707829734
long,train,2022-07-21 08:00:00+00:00,2022-07-26 00:00:00+00:00,41.05,36.27362750208928,sl,29,-0.1163549938589699,-0.1173549938589699,-11.73549938589699
long,train,2022-07-27 12:00:00+00:00,2022-07-29 04:00:00+00:00,36.4,44.36096612014319,tp,11,0.21870786044349425,0.21770786044349424,21.770786044349425
long,train,2022-07-29 20:00:00+00:00,2022-08-03 00:00:00+00:00,41.81,37.77575222770835,sl,26,-0.09649002086323008,-0.09749002086323008,-9.749002086323008
long,train,2022-08-03 16:00:00+00:00,2022-08-11 16:00:00+00:00,40.16,43.37,timeout,49,0.07993027888446218,0.07893027888446218,7.893027888446218
long,train,2022-08-12 00:00:00+00:00,2022-08-18 20:00:00+00:00,42.76,39.75222070581487,sl,42,-0.07034095636541457,-0.07134095636541457,-7.134095636541457
long,train,2022-08-22 12:00:00+00:00,2022-08-26 20:00:00+00:00,34.66,31.85464166788109,sl,27,-0.0809393633040654,-0.0819393633040654,-8.19393633040654
long,train,2022-08-29 16:00:00+00:00,2022-09-06 16:00:00+00:00,31.79,31.02,timeout,49,-0.024221453287197218,-0.02522145328719722,-2.5221453287197217
long,train,2022-09-07 00:00:00+00:00,2022-09-12 00:00:00+00:00,30.89,36.24709060243485,tp,31,0.17342475242586117,0.17242475242586117,17.242475242586117
long,train,2022-09-12 08:00:00+00:00,2022-09-13 20:00:00+00:00,35.48,33.242348605258826,sl,10,-0.06306796490251328,-0.06406796490251328,-6.4067964902513275
long,train,2022-09-17 08:00:00+00:00,2022-09-21 20:00:00+00:00,32.85,30.365543870896495,sl,28,-0.07563032356479471,-0.07663032356479471,-7.663032356479471
long,train,2022-09-22 08:00:00+00:00,2022-09-30 08:00:00+00:00,31.74,33.96,timeout,49,0.06994328922495283,0.06894328922495283,6.894328922495283
long,train,2022-09-30 16:00:00+00:00,2022-10-02 08:00:00+00:00,34.67,32.29456524074635,sl,11,-0.06851556848150131,-0.06951556848150131,-6.9515568481501315
long,train,2022-10-02 20:00:00+00:00,2022-10-10 20:00:00+00:00,32.73,31.96,timeout,49,-0.02352581729300324,-0.02452581729300324,-2.452581729300324
long,train,2022-10-14 00:00:00+00:00,2022-10-20 00:00:00+00:00,30.48,28.56128350660964,sl,37,-0.06295001618734776,-0.06395001618734776,-6.395001618734776
long,train,2022-10-25 00:00:00+00:00,2022-10-25 16:00:00+00:00,28.32,31.87035510938386,tp,5,0.1253656465177916,0.12436564651779161,12.436564651779161
long,train,2022-10-26 00:00:00+00:00,2022-11-03 00:00:00+00:00,30.87,31.65,timeout,49,0.025267249757045595,0.024267249757045594,2.4267249757045595
long,train,2022-11-03 08:00:00+00:00,2022-11-05 12:00:00+00:00,31.65,36.61075015573718,tp,14,0.15673776163466605,0.15573776163466604,15.573776163466604
long,train,2022-11-05 20:00:00+00:00,2022-11-06 16:00:00+00:00,37.07,33.916750012314154,sl,6,-0.08506204444795917,-0.08606204444795917,-8.606204444795917
long,train,2022-11-11 00:00:00+00:00,2022-11-19 00:00:00+00:00,17.67,12.89,timeout,49,-0.2705149971703453,-0.2715149971703453,-27.15149971703453
long,train,2022-11-19 16:00:00+00:00,2022-11-21 16:00:00+00:00,12.73,11.354701679666467,sl,13,-0.10803600316838435,-0.10903600316838435,-10.903600316838435
long,train,2022-11-22 00:00:00+00:00,2022-11-30 00:00:00+00:00,11.84,13.5,timeout,49,0.14020270270270271,0.1392027027027027,13.92027027027027
long,train,2022-11-30 08:00:00+00:00,2022-12-08 08:00:00+00:00,13.7,13.49,timeout,49,-0.015328467153284606,-0.016328467153284607,-1.6328467153284607
long,train,2022-12-08 16:00:00+00:00,2022-12-12 00:00:00+00:00,13.56,12.909352176469186,sl,21,-0.047982877841505484,-0.048982877841505484,-4.898287784150549
long,train,2022-12-13 04:00:00+00:00,2022-12-14 12:00:00+00:00,13.08,14.34625447576221,tp,9,0.09680844615919038,0.09580844615919037,9.580844615919037
long,train,2022-12-14 20:00:00+00:00,2022-12-16 08:00:00+00:00,14.29,13.490288336183866,sl,10,-0.05596302755886166,-0.05696302755886166,-5.696302755886165
long,train,2022-12-22 00:00:00+00:00,2022-12-24 04:00:00+00:00,12.13,11.452474483742273,sl,14,-0.05585535995529492,-0.05685535995529492,-5.685535995529492
long,train,2022-12-30 04:00:00+00:00,2023-01-03 12:00:00+00:00,9.52,12.138716345015299,tp,27,0.27507524632513647,0.27407524632513647,27.407524632513645
long,train,2023-01-03 20:00:00+00:00,2023-01-09 00:00:00+00:00,12.949,16.41366344616964,tp,32,0.26756224003163487,0.26656224003163487,26.656224003163487
long,train,2023-01-09 08:00:00+00:00,2023-01-14 00:00:00+00:00,16.358,20.07735425749044,tp,29,0.2273721883781905,0.2263721883781905,22.637218837819052
long,train,2023-01-14 08:00:00+00:00,2023-01-18 12:00:00+00:00,23.564,20.75513229103255,sl,26,-0.11920165120384701,-0.12020165120384702,-12.020165120384702
long,train,2023-01-18 20:00:00+00:00,2023-01-26 20:00:00+00:00,21.775,24.348,timeout,49,0.11816303099885192,0.11716303099885192,11.716303099885192
long,train,2023-01-27 04:00:00+00:00,2023-02-04 04:00:00+00:00,23.728,24.502,timeout,49,0.032619689817936504,0.0316196898179365,3.1619689817936503
long,train,2023-02-04 12:00:00+00:00,2023-02-06 04:00:00+00:00,24.59,22.93059628962111,sl,11,-0.0674828674411911,-0.0684828674411911,-6.84828674411911
long,train,2023-02-09 04:00:00+00:00,2023-02-09 20:00:00+00:00,22.357,20.78437782850971,sl,5,-0.07034137726395705,-0.07134137726395705,-7.134137726395704
long,train,2023-02-14 04:00:00+00:00,2023-02-19 12:00:00+00:00,20.812,24.682128450765184,tp,33,0.18595658517995303,0.18495658517995303,18.495658517995302
long,train,2023-02-19 20:00:00+00:00,2023-02-24 16:00:00+00:00,24.632,22.893245733761482,sl,30,-0.07058924432601978,-0.07158924432601978,-7.158924432601978
long,train,2023-02-27 16:00:00+00:00,2023-03-03 00:00:00+00:00,23.064,21.610117009935706,sl,21,-0.06303689689838249,-0.06403689689838249,-6.403689689838249
long,train,2023-03-10 16:00:00+00:00,2023-03-14 12:00:00+00:00,17.656,21.620534190392995,tp,24,0.22454316891668533,0.22354316891668533,22.35431689166853
long,train,2023-03-14 20:00:00+00:00,2023-03-22 20:00:00+00:00,20.923,21.419,timeout,49,0.023705969507240944,0.022705969507240943,2.2705969507240944
long,train,2023-03-23 04:00:00+00:00,2023-03-31 04:00:00+00:00,21.268,20.292,timeout,49,-0.0458905397780703,-0.0468905397780703,-4.6890539778070295
long,train,2023-03-31 12:00:00+00:00,2023-04-08 12:00:00+00:00,20.319,20.45,timeout,49,0.0064471676755745964,0.005447167675574596,0.5447167675574597
long,train,2023-04-10 04:00:00+00:00,2023-04-11 04:00:00+00:00,20.267,22.049540604602264,tp,7,0.08795285955505326,0.08695285955505326,8.695285955505327
long,train,2023-04-11 12:00:00+00:00,2023-04-13 12:00:00+00:00,22.221,24.617999945527433,tp,13,0.10787093044990924,0.10687093044990924,10.687093044990924
long,train,2023-04-13 20:00:00+00:00,2023-04-19 08:00:00+00:00,24.739,23.10723446533628,sl,34,-0.06595923580838842,-0.06695923580838842,-6.6959235808388415
long,train,2023-04-23 16:00:00+00:00,2023-05-01 16:00:00+00:00,21.648,21.744,timeout,49,0.004434589800443463,0.0034345898004434633,0.34345898004434633
long,train,2023-05-02 00:00:00+00:00,2023-05-08 16:00:00+00:00,21.951,20.65309049538634,sl,41,-0.05912757981930937,-0.06012757981930937,-6.012757981930937
long,train,2023-05-10 20:00:00+00:00,2023-05-18 20:00:00+00:00,20.968,20.345,timeout,49,-0.02971194200686766,-0.03071194200686766,-3.071194200686766
long,train,2023-05-19 08:00:00+00:00,2023-05-21 20:00:00+00:00,20.435,19.6304539592319,sl,16,-0.03937098315478828,-0.04037098315478828,-4.037098315478828
long,train,2023-05-22 08:00:00+00:00,2023-05-24 12:00:00+00:00,19.696,19.019756717773642,sl,14,-0.03433404154276803,-0.03533404154276803,-3.533404154276803
long,train,2023-05-24 20:00:00+00:00,2023-05-28 20:00:00+00:00,19.184,21.15846154855807,tp,25,0.10292230757704691,0.10192230757704691,10.192230757704692
long,train,2023-05-29 04:00:00+00:00,2023-06-05 12:00:00+00:00,20.71,19.92781730841468,sl,45,-0.03776835787471364,-0.03876835787471364,-3.876835787471364
long,train,2023-06-12 08:00:00+00:00,2023-06-20 08:00:00+00:00,15.081,15.92,timeout,49,0.05563291558915194,0.05463291558915194,5.463291558915194
long,train,2023-06-20 16:00:00+00:00,2023-06-28 16:00:00+00:00,15.947,15.904,timeout,49,-0.0026964319307706316,-0.0036964319307706316,-0.36964319307706317
long,train,2023-06-29 00:00:00+00:00,2023-06-30 00:00:00+00:00,15.973,18.7536886125581,tp,7,0.17408680977637886,0.17308680977637886,17.308680977637884
long,train,2023-06-30 08:00:00+00:00,2023-06-30 12:00:00+00:00,18.793,17.241022356019187,sl,2,-0.0825827512361418,-0.0835827512361418,-8.35827512361418
long,train,2023-06-30 20:00:00+00:00,2023-07-08 20:00:00+00:00,19.092,21.815,timeout,49,0.1426251833228579,0.1416251833228579,14.162518332285789
long,train,2023-07-09 04:00:00+00:00,2023-07-13 16:00:00+00:00,21.67,26.19133498529562,tp,28,0.20864490010593525,0.20764490010593525,20.764490010593526
long,train,2023-07-14 00:00:00+00:00,2023-07-14 00:00:00+00:00,26.01,31.44994242963117,tp,1,0.20914811340373585,0.20814811340373585,20.814811340373584
long,train,2023-07-14 08:00:00+00:00,2023-07-14 20:00:00+00:00,28.719,25.44026217983064,sl,4,-0.11416615551270452,-0.11516615551270452,-11.516615551270453
long,train,2023-07-15 04:00:00+00:00,2023-07-23 04:00:00+00:00,27.123,24.697,timeout,49,-0.08944438299598134,-0.09044438299598134,-9.044438299598134
long,train,2023-07-24 12:00:00+00:00,2023-08-01 12:00:00+00:00,23.621,23.267,timeout,49,-0.014986664408788757,-0.015986664408788757,-1.5986664408788758
long,train,2023-08-04 16:00:00+00:00,2023-08-12 16:00:00+00:00,23.364,24.733,timeout,49,0.05859441876391028,0.05759441876391028,5.759441876391028
long,train,2023-08-13 00:00:00+00:00,2023-08-14 00:00:00+00:00,24.916,24.084299739611588,sl,7,-0.03338016777927487,-0.03438016777927487,-3.438016777927487
long,train,2023-08-14 08:00:00+00:00,2023-08-16 00:00:00+00:00,24.411,23.63806289260487,sl,11,-0.031663475785307024,-0.032663475785307025,-3.2663475785307026
long,train,2023-08-21 20:00:00+00:00,2023-08-22 16:00:00+00:00,21.291,20.000400311682625,sl,6,-0.06061714754203067,-0.06161714754203067,-6.161714754203067
long,train,2023-08-23 00:00:00+00:00,2023-08-31 00:00:00+00:00,20.584,20.646,timeout,49,0.003012048192771141,0.002012048192771141,0.2012048192771141
long,train,2023-08-31 08:00:00+00:00,2023-08-31 16:00:00+00:00,20.774,19.769080846661588,sl,3,-0.04837388819381983,-0.04937388819381983,-4.937388819381983
long,train,2023-09-01 04:00:00+00:00,2023-09-09 04:00:00+00:00,19.877,19.466,timeout,49,-0.020677164562056538,-0.02167716456205654,-2.167716456205654
long,train,2023-09-12 20:00:00+00:00,2023-09-20 20:00:00+00:00,17.931,20.311,timeout,49,0.13273102448273932,0.13173102448273932,13.173102448273932
long,train,2023-09-23 12:00:00+00:00,2023-09-27 16:00:00+00:00,19.519,18.75205884849418,sl,26,-0.03929203091889025,-0.04029203091889025,-4.029203091889025
long,train,2023-09-28 00:00:00+00:00,2023-09-30 12:00:00+00:00,19.131,20.917739757825498,tp,16,0.09339500067040392,0.09239500067040392,9.239500067040392
long,train,2023-09-30 20:00:00+00:00,2023-10-01 08:00:00+00:00,21.395,23.640276512650182,tp,4,0.10494398283010901,0.10394398283010901,10.3943982830109
long,train,2023-10-01 16:00:00+00:00,2023-10-09 16:00:00+00:00,23.089,21.667460289199763,sl,49,-0.06156783363507453,-0.06256783363507452,-6.256783363507452
long,train,2023-10-12 04:00:00+00:00,2023-10-16 12:00:00+00:00,21.708,24.450747397225683,tp,27,0.12634730961975701,0.125347309619757,12.5347309619757
long,train,2023-10-16 20:00:00+00:00,2023-10-20 08:00:00+00:00,23.859,26.925385197449856,tp,22,0.12852111142335612,0.12752111142335612,12.752111142335613
long,train,2023-10-20 16:00:00+00:00,2023-10-23 04:00:00+00:00,26.888,30.83715990678567,tp,16,0.14687443866355498,0.14587443866355498,14.587443866355498
long,train,2023-10-23 12:00:00+00:00,2023-10-31 00:00:00+00:00,29.717,35.82860525638858,tp,46,0.20566023677990977,0.20466023677990977,20.46602367799098
long,train,2023-10-31 08:00:00+00:00,2023-11-01 12:00:00+00:00,35.704,41.49838823991476,tp,8,0.16228961012532936,0.16128961012532936,16.128961012532937
long,train,2023-11-01 20:00:00+00:00,2023-11-09 20:00:00+00:00,42.009,45.273,timeout,49,0.0776976362208099,0.0766976362208099,7.66976362208099
long,train,2023-11-10 04:00:00+00:00,2023-11-11 12:00:00+00:00,47.395,59.92229077356815,tp,9,0.26431671639557225,0.26331671639557225,26.331671639557225
long,train,2023-11-11 20:00:00+00:00,2023-11-13 16:00:00+00:00,60.5,52.575752914169456,sl,12,-0.13097929067488503,-0.13197929067488504,-13.197929067488504
long,train,2023-11-14 00:00:00+00:00,2023-11-22 00:00:00+00:00,51.62,54.35,timeout,49,0.05288647810926005,0.05188647810926005,5.188647810926005
long,train,2023-11-22 16:00:00+00:00,2023-11-30 16:00:00+00:00,54.95,60.0,timeout,49,0.09190172884440395,0.09090172884440395,9.090172884440396
long,train,2023-12-01 00:00:00+00:00,2023-12-07 20:00:00+00:00,59.3,69.10259332109803,tp,42,0.16530511502694822,0.16430511502694822,16.430511502694824
long,train,2023-12-08 04:00:00+00:00,2023-12-11 00:00:00+00:00,71.47,65.11230159942907,sl,18,-0.08895618302184029,-0.08995618302184029,-8.99561830218403
long,train,2023-12-11 08:00:00+00:00,2023-12-19 08:00:00+00:00,68.5,74.64,timeout,49,0.08963503649635038,0.08863503649635038,8.863503649635037
long,train,2023-12-20 04:00:00+00:00,2023-12-21 16:00:00+00:00,74.93,90.34961378625067,tp,10,0.205786918273731,0.204786918273731,20.4786918273731
long,train,2023-12-22 00:00:00+00:00,2023-12-24 00:00:00+00:00,93.88,115.04549400959621,tp,13,0.2254526417724352,0.2244526417724352,22.44526417724352
long,train,2023-12-24 08:00:00+00:00,2023-12-26 16:00:00+00:00,114.52,101.88642425083577,sl,15,-0.11031763665005434,-0.11131763665005434,-11.131763665005433
long,train,2023-12-27 00:00:00+00:00,2024-01-03 12:00:00+00:00,112.45,96.69657064819292,sl,46,-0.14009274657009413,-0.14109274657009413,-14.109274657009413
long,train,2024-01-03 20:00:00+00:00,2024-01-11 20:00:00+00:00,97.38,99.93,timeout,49,0.026186075169439427,0.025186075169439427,2.5186075169439426
long,train,2024-01-12 04:00:00+00:00,2024-01-20 04:00:00+00:00,97.74,91.9,timeout,49,-0.05975035809289942,-0.06075035809289942,-6.075035809289942
long,train,2024-01-24 16:00:00+00:00,2024-01-30 08:00:00+00:00,87.0,105.52107265105764,tp,35,0.21288589254089238,0.21188589254089238,21.188589254089237
long,train,2024-01-31 00:00:00+00:00,2024-02-01 00:00:00+00:00,101.4,94.39395380701863,sl,7,-0.06909315772170979,-0.07009315772170979,-7.00931577217098
long,train,2024-02-02 00:00:00+00:00,2024-02-10 00:00:00+00:00,97.82,110.68,timeout,49,0.1314659578818239,0.1304659578818239,13.04659578818239
long,train,2024-02-10 08:00:00+00:00,2024-02-18 08:00:00+00:00,108.87,111.81,timeout,49,0.0270046844860843,0.026004684486084298,2.6004684486084297
long,train,2024-02-19 00:00:00+00:00,2024-02-20 12:00:00+00:00,112.24,105.94605399348802,sl,10,-0.0560757840922307,-0.0570757840922307,-5.70757840922307
long,train,2024-02-23 16:00:00+00:00,2024-02-28 16:00:00+00:00,100.29,116.79967525409774,tp,31,0.16461935640739583,0.16361935640739583,16.361935640739585
long,train,2024-02-29 00:00:00+00:00,2024-03-05 12:00:00+00:00,119.07,142.4067990880132,tp,34,0.1959922657933418,0.1949922657933418,19.49922657933418
long,train,2024-03-06 00:00:00+00:00,2024-03-13 20:00:00+00:00,125.31,162.17346872158862,tp,48,0.2941781878667993,0.2931781878667993,29.31781878667993
long,train,2024-03-14 04:00:00+00:00,2024-03-17 20:00:00+00:00,167.4,200.41703080670698,tp,23,0.19723435368403208,0.19623435368403208,19.623435368403207
long,train,2024-03-18 04:00:00+00:00,2024-03-19 00:00:00+00:00,203.91,180.2265546782071,sl,6,-0.11614656133486785,-0.11714656133486785,-11.714656133486786
long,train,2024-03-19 08:00:00+00:00,2024-03-27 08:00:00+00:00,186.15,188.54,timeout,49,0.012839108246038067,0.011839108246038066,1.1839108246038066
long,train,2024-03-29 20:00:00+00:00,2024-04-05 04:00:00+00:00,187.66,175.10514028836843,sl,39,-0.06690216195050391,-0.06790216195050391,-6.790216195050391
long,train,2024-04-06 04:00:00+00:00,2024-04-12 16:00:00+00:00,175.98,161.95714876350857,sl,40,-0.0796843461557644,-0.0806843461557644,-8.068434615576441
long,train,2024-04-15 20:00:00+00:00,2024-04-23 20:00:00+00:00,137.95,154.77,timeout,49,0.12192823486770586,0.12092823486770586,12.092823486770586
long,train,2024-04-25 16:00:00+00:00,2024-04-27 00:00:00+00:00,147.78,135.87428706423395,sl,9,-0.08056376326814216,-0.08156376326814216,-8.156376326814216
long,train,2024-04-30 20:00:00+00:00,2024-05-04 08:00:00+00:00,123.04,147.5997869410043,tp,22,0.19960815134106227,0.19860815134106227,19.86081513410623
long,train,2024-05-05 08:00:00+00:00,2024-05-13 08:00:00+00:00,145.67,145.63,timeout,49,-0.00027459325873544345,-0.0012745932587354435,-0.12745932587354436
long,train,2024-05-13 16:00:00+00:00,2024-05-17 08:00:00+00:00,147.28,169.8518031625872,tp,23,0.15325776183179796,0.15225776183179796,15.225776183179796
long,train,2024-05-17 16:00:00+00:00,2024-05-25 16:00:00+00:00,169.66,167.24,timeout,49,-0.014263821761169325,-0.015263821761169326,-1.5263821761169325
long,train,2024-05-27 16:00:00+00:00,2024-06-02 16:00:00+00:00,171.03,161.70496537399993,sl,37,-0.05452280083026414,-0.05552280083026414,-5.552280083026414
long,train,2024-06-03 12:00:00+00:00,2024-06-07 16:00:00+00:00,164.83,158.2035334183734,sl,26,-0.04020182358567373,-0.04120182358567373,-4.120182358567373
long,train,2024-06-12 16:00:00+00:00,2024-06-13 08:00:00+00:00,158.84,149.1382445304273,sl,5,-0.061078792933597977,-0.06207879293359798,-6.207879293359798
long,train,2024-06-20 08:00:00+00:00,2024-06-24 00:00:00+00:00,137.17,126.5425837766852,sl,23,-0.07747624278861838,-0.07847624278861838,-7.847624278861838
long,train,2024-06-25 00:00:00+00:00,2024-07-02 20:00:00+00:00,132.31,153.80300977710846,tp,48,0.16244433358860597,0.16144433358860596,16.144433358860596
long,train,2024-07-03 04:00:00+00:00,2024-07-03 12:00:00+00:00,150.57,141.9713551234156,sl,3,-0.057107291469644605,-0.058107291469644606,-5.81072914696446
long,train,2024-07-08 00:00:00+00:00,2024-07-15 20:00:00+00:00,131.65,157.48241793970882,tp,48,0.19622041731643614,0.19522041731643613,19.522041731643615
long,train,2024-07-16 04:00:00+00:00,2024-07-21 16:00:00+00:00,157.88,177.71229695079032,tp,34,0.12561627154034916,0.12461627154034915,12.461627154034915
long,train,2024-07-22 00:00:00+00:00,2024-07-23 04:00:00+00:00,184.51,173.9891368021082,sl,8,-0.05702055822390006,-0.05802055822390006,-5.802055822390006
long,train,2024-07-23 16:00:00+00:00,2024-07-31 16:00:00+00:00,176.48,176.59,timeout,49,0.0006233000906619087,-0.00037669990933809135,-0.037669990933809135
long,train,2024-08-05 16:00:00+00:00,2024-08-13 16:00:00+00:00,130.44,146.55,timeout,49,0.1235050597976082,0.1225050597976082,12.25050597976082
long,train,2024-08-15 08:00:00+00:00,2024-08-23 08:00:00+00:00,142.51,143.49,timeout,49,0.006876710406287406,0.005876710406287406,0.5876710406287405
long,train,2024-08-23 16:00:00+00:00,2024-08-24 16:00:00+00:00,144.4,160.40306373191436,tp,7,0.11082454107973928,0.10982454107973928,10.982454107973929
long,train,2024-08-25 00:00:00+00:00,2024-08-27 12:00:00+00:00,160.66,152.90422995089747,sl,16,-0.048274430779923584,-0.049274430779923585,-4.927443077992359
long,train,2024-08-30 16:00:00+00:00,2024-09-04 00:00:00+00:00,133.32,123.46898862455342,sl,27,-0.07388997431328065,-0.07488997431328065,-7.488997431328065
long,train,2024-09-07 00:00:00+00:00,2024-09-15 00:00:00+00:00,125.03,137.43,timeout,49,0.09917619771254903,0.09817619771254903,9.817619771254902
long,train,2024-09-15 08:00:00+00:00,2024-09-15 20:00:00+00:00,137.17,132.16257000022483,sl,4,-0.03650528541062299,-0.03750528541062299,-3.7505285410622995
long,train,2024-09-18 20:00:00+00:00,2024-09-20 04:00:00+00:00,129.51,145.0597995867409,tp,9,0.12006640094773302,0.11906640094773302,11.906640094773302
long,train,2024-09-20 12:00:00+00:00,2024-09-22 12:00:00+00:00,150.56,142.90526210076254,sl,13,-0.050841776695254116,-0.05184177669525412,-5.184177669525412
long,train,2024-09-22 20:00:00+00:00,2024-09-30 20:00:00+00:00,144.68,152.5,timeout,49,0.054050317943046676,0.053050317943046675,5.305031794304668
long,train,2024-10-01 08:00:00+00:00,2024-10-01 12:00:00+00:00,156.82,149.33372651194458,sl,2,-0.04773800209192334,-0.04873800209192334,-4.873800209192334
long,train,2024-10-06 04:00:00+00:00,2024-10-14 04:00:00+00:00,142.68,153.05,timeout,49,0.07268012335295769,0.07168012335295769,7.168012335295769
long,train,2024-10-14 12:00:00+00:00,2024-10-20 20:00:00+00:00,153.13,167.78320253026536,tp,39,0.09569125925857351,0.09469125925857351,9.469125925857352
long,train,2024-10-21 04:00:00+00:00,2024-10-21 12:00:00+00:00,169.5,162.28695735552037,sl,3,-0.04255482386123675,-0.04355482386123675,-4.355482386123675
long,train,2024-10-21 20:00:00+00:00,2024-10-25 20:00:00+00:00,167.8,159.53902446977867,sl,25,-0.049231081824918616,-0.050231081824918616,-5.023108182491861
long,train,2024-10-26 04:00:00+00:00,2024-11-03 04:00:00+00:00,165.64,163.54,timeout,49,-0.01267809707800045,-0.01367809707800045,-1.367809707800045
long,train,2024-11-03 16:00:00+00:00,2024-11-06 00:00:00+00:00,160.0,181.828673488195,tp,15,0.1364292093012187,0.1354292093012187,13.542920930121872
long,train,2024-11-06 08:00:00+00:00,2024-11-10 16:00:00+00:00,183.89,213.9750872391811,tp,27,0.1636037154776286,0.16260371547762859,16.26037154776286
long,train,2024-11-11 00:00:00+00:00,2024-11-18 08:00:00+00:00,210.08,247.26176540306534,tp,45,0.17698860149973974,0.17598860149973974,17.598860149973973
long,train,2024-11-18 16:00:00+00:00,2024-11-26 08:00:00+00:00,243.4,224.91535293323352,sl,47,-0.07594349657669057,-0.07694349657669057,-7.694349657669057
long,train,2024-12-03 16:00:00+00:00,2024-12-09 20:00:00+00:00,223.23,208.23062246058333,sl,38,-0.0671924810259224,-0.0681924810259224,-6.8192481025922405
long,train,2024-12-23 04:00:00+00:00,2024-12-31 04:00:00+00:00,186.26,190.07,timeout,49,0.0204552775689896,0.0194552775689896,1.9455277568989597
long,train,2024-12-31 12:00:00+00:00,2025-01-06 16:00:00+00:00,193.79,222.81878475367677,tp,38,0.14979506039360532,0.14879506039360532,14.879506039360532
long,train,2025-01-13 12:00:00+00:00,2025-01-15 16:00:00+00:00,175.39,201.85507214914807,tp,14,0.150892708530407,0.149892708530407,14.9892708530407
long,train,2025-01-16 00:00:00+00:00,2025-01-18 04:00:00+00:00,205.84,234.86872731305755,tp,14,0.14102568651893482,0.14002568651893482,14.002568651893482
long,train,2025-01-18 12:00:00+00:00,2025-01-19 08:00:00+00:00,238.93,283.8133347012675,tp,6,0.18785139874133625,0.18685139874133624,18.685139874133625
long,train,2025-01-19 16:00:00+00:00,2025-01-20 00:00:00+00:00,270.5,236.13394289328446,sl,3,-0.12704642183628667,-0.12804642183628667,-12.804642183628667
long,train,2025-01-20 08:00:00+00:00,2025-01-28 08:00:00+00:00,261.93,238.31,timeout,49,-0.09017676478448441,-0.09117676478448442,-9.117676478448441
long,train,2025-01-30 04:00:00+00:00,2025-02-01 20:00:00+00:00,240.2,218.54757528547384,sl,17,-0.09014331687979246,-0.09114331687979246,-9.114331687979247
long,train,2025-02-02 20:00:00+00:00,2025-02-03 00:00:00+00:00,203.53,184.81067431540737,sl,2,-0.09197329968354853,-0.09297329968354853,-9.297329968354854
long,train,2025-02-03 20:00:00+00:00,2025-02-06 16:00:00+00:00,215.14,189.33402520775212,sl,18,-0.11994968296108519,-0.12094968296108519,-12.094968296108519
long,train,2025-02-07 16:00:00+00:00,2025-02-15 16:00:00+00:00,198.08,194.17,timeout,49,-0.019739499192245682,-0.020739499192245683,-2.0739499192245683
long,train,2025-02-27 00:00:00+00:00,2025-03-02 16:00:00+00:00,135.33,171.77031496562506,tp,23,0.26927004334312454,0.26827004334312454,26.827004334312456
long,train,2025-03-03 00:00:00+00:00,2025-03-03 04:00:00+00:00,178.74,160.25633031129956,sl,2,-0.10341093033848296,-0.10441093033848296,-10.441093033848297
long,train,2025-03-03 12:00:00+00:00,2025-03-03 16:00:00+00:00,161.08,141.57109974268408,sl,2,-0.12111311309483441,-0.12211311309483441,-12.211311309483442
long,train,2025-03-04 00:00:00+00:00,2025-03-10 12:00:00+00:00,142.15,120.25910026773941,sl,40,-0.1539985911520267,-0.1549985911520267,-15.49985911520267
long,train,2025-03-12 16:00:00+00:00,2025-03-20 16:00:00+00:00,124.55,127.94,timeout,49,0.027217984745082302,0.0262179847450823,2.62179847450823
long,train,2025-03-21 08:00:00+00:00,2025-03-25 12:00:00+00:00,128.09,145.90940022372098,tp,26,0.1391162481358496,0.1381162481358496,13.811624813584961
long,train,2025-03-25 20:00:00+00:00,2025-03-26 16:00:00+00:00,145.04,136.96806888454714,sl,6,-0.05565313786164407,-0.05665313786164407,-5.665313786164407
long,train,2025-03-27 00:00:00+00:00,2025-03-28 16:00:00+00:00,137.38,129.05604018579228,sl,11,-0.06059076877425908,-0.06159076877425908,-6.159076877425908
long,oof,2025-04-01 16:00:00+00:00,2025-04-02 20:00:00+00:00,129.26,121.27197073273248,sl,8,-0.06179815308113498,-0.06279815308113498,-6.279815308113498
long,oof,2025-04-09 08:00:00+00:00,2025-04-14 00:00:00+00:00,107.37,135.86648931763747,tp,29,0.26540457593031075,0.26440457593031075,26.440457593031073
long,oof,2025-04-14 16:00:00+00:00,2025-04-22 16:00:00+00:00,128.8,144.25,timeout,49,0.11995341614906822,0.11895341614906822,11.895341614906823
long,oof,2025-04-23 00:00:00+00:00,2025-05-01 00:00:00+00:00,148.78,148.71,timeout,49,-0.0004704933458797767,-0.0014704933458797767,-0.14704933458797767
long,oof,2025-05-01 08:00:00+00:00,2025-05-06 12:00:00+00:00,149.77,141.74736552056285,sl,32,-0.053566364955846685,-0.054566364955846686,-5.456636495584669
long,oof,2025-05-06 20:00:00+00:00,2025-05-08 12:00:00+00:00,144.85,160.25027204850994,tp,11,0.10631875767007212,0.10531875767007212,10.531875767007213
long,oof,2025-05-08 20:00:00+00:00,2025-05-11 00:00:00+00:00,160.55,179.276824296823,tp,14,0.11664169602505758,0.11564169602505758,11.564169602505759
long,oof,2025-05-11 08:00:00+00:00,2025-05-19 04:00:00+00:00,172.62,161.44306323753588,sl,48,-0.06474879366506849,-0.06574879366506849,-6.574879366506849
long,oof,2025-05-20 00:00:00+00:00,2025-05-28 00:00:00+00:00,166.85,175.14,timeout,49,0.04968534611926876,0.04868534611926876,4.868534611926876
long,oof,2025-06-03 04:00:00+00:00,2025-06-05 12:00:00+00:00,159.44,150.40133906316726,sl,15,-0.05669004601626155,-0.05769004601626155,-5.769004601626155
long,oof,2025-06-08 00:00:00+00:00,2025-06-11 00:00:00+00:00,150.08,167.00159656674117,tp,19,0.11275051017284886,0.11175051017284886,11.175051017284886
long,oof,2025-06-23 20:00:00+00:00,2025-07-01 20:00:00+00:00,139.81,146.87,timeout,49,0.05049710321150134,0.04949710321150134,4.949710321150134
long,oof,2025-07-02 16:00:00+00:00,2025-07-10 16:00:00+00:00,151.31,159.32,timeout,49,0.05293767761549131,0.05193767761549131,5.193767761549132
long,oof,2025-07-11 00:00:00+00:00,2025-07-18 04:00:00+00:00,164.37,182.02370406760846,tp,44,0.10740222709502012,0.10640222709502012,10.640222709502012
long,oof,2025-07-18 12:00:00+00:00,2025-07-22 12:00:00+00:00,178.44,204.89000537561907,tp,25,0.14822912674074798,0.14722912674074798,14.722912674074799
long,oof,2025-07-22 20:00:00+00:00,2025-07-23 20:00:00+00:00,198.9,185.3643567618106,sl,7,-0.06805250496827253,-0.06905250496827253,-6.905250496827254
long,oof,2025-07-27 20:00:00+00:00,2025-07-30 08:00:00+00:00,186.95,176.8642988518303,sl,16,-0.053948655513076635,-0.054948655513076636,-5.494865551307663
long,oof,2025-07-30 16:00:00+00:00,2025-08-01 00:00:00+00:00,179.18,168.9021652569953,sl,9,-0.057360390350511874,-0.058360390350511875,-5.836039035051187
long,oof,2025-08-05 04:00:00+00:00,2025-08-12 16:00:00+00:00,167.91,189.1687177495288,tp,46,0.12660781221802642,0.12560781221802642,12.560781221802642
long,oof,2025-08-13 00:00:00+00:00,2025-08-18 04:00:00+00:00,191.75,180.4708233650657,sl,32,-0.05882230318088286,-0.05982230318088286,-5.982230318088286
long,oof,2025-08-19 04:00:00+00:00,2025-08-23 04:00:00+00:00,178.52,205.1934852472301,tp,25,0.14941454877453547,0.14841454877453547,14.841454877453547
long,oof,2025-08-23 12:00:00+00:00,2025-08-25 20:00:00+00:00,202.0,188.58683246686934,sl,15,-0.06640181947094387,-0.06740181947094387,-6.740181947094387
long,oof,2025-08-27 04:00:00+00:00,2025-09-04 04:00:00+00:00,201.96,206.69,timeout,49,0.02342047930283219,0.02242047930283219,2.242047930283219
long,oof,2025-09-04 12:00:00+00:00,2025-09-12 00:00:00+00:00,207.23,232.31415417979682,tp,46,0.12104499435311888,0.12004499435311888,12.004499435311889
long,oof,2025-09-12 12:00:00+00:00,2025-09-20 12:00:00+00:00,239.17,240.1,timeout,49,0.0038884475477693977,0.0028884475477693977,0.28884475477693977
long,oof,2025-09-26 20:00:00+00:00,2025-10-02 20:00:00+00:00,200.69,233.81203995643787,tp,37,0.16504080899116982,0.16404080899116982,16.404080899116984
long,oof,2025-10-03 04:00:00+00:00,2025-10-07 16:00:00+00:00,232.26,220.72508134472213,sl,28,-0.049663819233952744,-0.050663819233952745,-5.066381923395275
long,oof,2025-10-08 20:00:00+00:00,2025-10-09 16:00:00+00:00,229.31,217.1134522551185,sl,6,-0.05318803255366758,-0.05418803255366758,-5.418803255366758
long,oof,2025-10-10 00:00:00+00:00,2025-10-10 16:00:00+00:00,220.94,208.77919507541452,sl,5,-0.055041209941999986,-0.056041209941999987,-5.604120994199999
long,oof,2025-10-13 08:00:00+00:00,2025-10-17 04:00:00+00:00,196.84,180.1774262709865,sl,24,-0.0846503440815561,-0.0856503440815561,-8.56503440815561
long,oof,2025-10-17 12:00:00+00:00,2025-10-25 12:00:00+00:00,181.45,191.9,timeout,49,0.05759162303664931,0.05659162303664931,5.659162303664931
long,oof,2025-10-25 20:00:00+00:00,2025-10-30 12:00:00+00:00,194.52,184.75542092204358,sl,29,-0.05019832962140873,-0.05119832962140873,-5.119832962140873
long,oof,2025-11-05 20:00:00+00:00,2025-11-13 16:00:00+00:00,162.54,148.26353628603334,sl,48,-0.08783354075284022,-0.08883354075284022,-8.883354075284021
long,oof,2025-11-17 20:00:00+00:00,2025-11-25 20:00:00+00:00,129.66,138.96,timeout,49,0.07172605275335502,0.07072605275335501,7.072605275335501
long,oof,2025-11-26 20:00:00+00:00,2025-11-30 20:00:00+00:00,143.99,134.48594032985758,sl,25,-0.06600499805640964,-0.06700499805640964,-6.7004998056409635
long,oof,2025-12-01 04:00:00+00:00,2025-12-03 20:00:00+00:00,126.99,144.48384216257483,tp,17,0.13775763573962388,0.13675763573962388,13.675763573962389
long,oof,2025-12-04 04:00:00+00:00,2025-12-05 12:00:00+00:00,144.67,136.15562666393933,sl,9,-0.058853759148826006,-0.059853759148826007,-5.9853759148826
long,oof,2025-12-05 20:00:00+00:00,2025-12-13 20:00:00+00:00,132.5,133.14,timeout,49,0.00483018867924518,0.00383018867924518,0.383018867924518
long,oof,2025-12-17 20:00:00+00:00,2025-12-25 20:00:00+00:00,122.42,120.07,timeout,49,-0.01919620976964555,-0.020196209769645552,-2.0196209769645552
long,oof,2025-12-26 04:00:00+00:00,2026-01-03 04:00:00+00:00,122.68,130.12,timeout,49,0.060645582001956286,0.059645582001956285,5.964558200195628
long,ooc,2025-12-31 12:00:00+00:00,2026-01-05 00:00:00+00:00,126.72,137.13856666381713,tp,28,0.08221722430411246,0.08121722430411246,8.121722430411246
long,ooc,2026-01-06 00:00:00+00:00,2026-01-14 00:00:00+00:00,137.91,146.29,timeout,49,0.06076426655064894,0.05976426655064894,5.976426655064894
long,ooc,2026-01-14 20:00:00+00:00,2026-01-18 20:00:00+00:00,146.78,139.7549209252806,sl,25,-0.047861282700091295,-0.048861282700091296,-4.88612827000913
long,ooc,2026-01-21 20:00:00+00:00,2026-01-25 16:00:00+00:00,131.49,124.81304851636028,sl,24,-0.050779157986460766,-0.051779157986460767,-5.177915798646077
long,ooc,2026-01-27 20:00:00+00:00,2026-01-29 12:00:00+00:00,125.85,120.65005645238193,sl,11,-0.04131858202318683,-0.04231858202318683,-4.231858202318683
long,ooc,2026-02-04 16:00:00+00:00,2026-02-05 12:00:00+00:00,92.79,83.56336521750848,sl,6,-0.09943565882629087,-0.10043565882629087,-10.043565882629087
long,ooc,2026-02-07 20:00:00+00:00,2026-02-11 16:00:00+00:00,88.28,78.14233990742295,sl,24,-0.11483529783163854,-0.11583529783163854,-11.583529783163854
long,ooc,2026-02-13 16:00:00+00:00,2026-02-21 16:00:00+00:00,83.2,86.22,timeout,49,0.03629807692307688,0.035298076923076876,3.5298076923076875
long,ooc,2026-02-22 00:00:00+00:00,2026-02-23 00:00:00+00:00,85.17,81.2037973812873,sl,7,-0.046568071136699536,-0.04756807113669954,-4.756807113669954
long,ooc,2026-02-23 16:00:00+00:00,2026-02-25 20:00:00+00:00,79.4,90.2730504305357,tp,14,0.1369401817447821,0.1359401817447821,13.59401817447821
long,ooc,2026-02-26 04:00:00+00:00,2026-02-27 12:00:00+00:00,87.95,82.26674648114673,sl,9,-0.06461914177206682,-0.06561914177206682,-6.561914177206682
long,ooc,2026-02-27 20:00:00+00:00,2026-03-07 20:00:00+00:00,81.58,83.2,timeout,49,0.019857808286344748,0.018857808286344747,1.8857808286344746
long,ooc,2026-03-09 04:00:00+00:00,2026-03-16 12:00:00+00:00,83.16,94.78198770966081,tp,45,0.13975454196321327,0.13875454196321327,13.875454196321327
long,ooc,2026-03-16 20:00:00+00:00,2026-03-18 12:00:00+00:00,95.2,90.48147915903982,sl,11,-0.04956429454790106,-0.05056429454790106,-5.056429454790106
long,ooc,2026-03-22 04:00:00+00:00,2026-03-27 08:00:00+00:00,88.67,84.5288864256779,sl,32,-0.04670253269789224,-0.04770253269789224,-4.770253269789224
long,ooc,2026-03-31 20:00:00+00:00,2026-04-02 12:00:00+00:00,82.69,78.06079326133315,sl,11,-0.055982667053656454,-0.056982667053656455,-5.698266705365645
long,ooc,2026-04-03 08:00:00+00:00,2026-04-11 08:00:00+00:00,79.95,84.24,timeout,49,0.053658536585365756,0.052658536585365755,5.265853658536575
long,ooc,2026-04-11 16:00:00+00:00,2026-04-19 16:00:00+00:00,84.67,85.34,timeout,49,0.007913074288413861,0.006913074288413861,0.6913074288413862
long,ooc,2026-04-20 00:00:00+00:00,2026-04-28 00:00:00+00:00,83.49,84.18,timeout,49,0.0082644628099175,0.0072644628099174996,0.7264462809917499
long,ooc,2026-04-28 08:00:00+00:00,2026-05-06 08:00:00+00:00,84.03,89.87,timeout,49,0.06949898845650367,0.06849898845650366,6.849898845650366
long,ooc,2026-05-06 16:00:00+00:00,2026-05-10 16:00:00+00:00,88.97,96.31486482382915,tp,25,0.08255439837955665,0.08155439837955665,8.155439837955665
long,ooc,2026-05-11 00:00:00+00:00,2026-05-13 12:00:00+00:00,96.46,92.61939701511662,sl,16,-0.03981549849557719,-0.04081549849557719,-4.081549849557719
long,ooc,2026-05-14 16:00:00+00:00,2026-05-15 12:00:00+00:00,93.18,89.07748813452288,sl,6,-0.044027815684450806,-0.04502781568445081,-4.502781568445081
long,ooc,2026-05-20 16:00:00+00:00,2026-05-23 04:00:00+00:00,85.92,82.7505543024113,sl,16,-0.03688833446914222,-0.03788833446914222,-3.788833446914222
long,ooc,2026-05-23 16:00:00+00:00,2026-05-28 04:00:00+00:00,84.1,80.41498578759003,sl,28,-0.04381705365529094,-0.04481705365529094,-4.481705365529094
long,ooc,2026-05-29 04:00:00+00:00,2026-06-02 12:00:00+00:00,81.63,78.25985151838834,sl,27,-0.04128566068371494,-0.04228566068371494,-4.228566068371494
long,ooc,2026-06-05 16:00:00+00:00,2026-06-13 16:00:00+00:00,64.24,68.23,timeout,49,0.06211083437110849,0.06111083437110849,6.111083437110849
long,ooc,2026-06-14 00:00:00+00:00,2026-06-22 00:00:00+00:00,68.93,73.52,timeout,49,0.0665892934861452,0.0655892934861452,6.55892934861452
long,ooc,2026-06-22 08:00:00+00:00,2026-06-23 04:00:00+00:00,74.11,70.31347693739573,sl,6,-0.05122821566056221,-0.05222821566056221,-5.222821566056221
long,ooc,2026-06-24 00:00:00+00:00,2026-06-24 16:00:00+00:00,69.7,66.1266742743146,sl,5,-0.051267227054310006,-0.05226722705431001,-5.226722705431
long,ooc,2026-06-25 08:00:00+00:00,2026-06-25 12:00:00+00:00,69.44,65.22037593857776,sl,2,-0.06076647553891471,-0.06176647553891471,-6.176647553891471
long,ooc,2026-06-25 20:00:00+00:00,2026-07-01 12:00:00+00:00,66.22,77.5233869355201,tp,35,0.17069445689399115,0.16969445689399115,16.969445689399116
long,ooc,2026-07-02 00:00:00+00:00,2026-07-10 00:00:00+00:00,77.46,79.04,timeout,49,0.02039762458042877,0.01939762458042877,1.939762458042877
long,ooc,2026-07-10 12:00:00+00:00,2026-07-12 00:00:00+00:00,79.38,76.16573418004864,sl,10,-0.040492136809666804,-0.041492136809666805,-4.149213680966681
long,ooc,2026-07-14 16:00:00+00:00,2026-07-17 08:00:00+00:00,77.38,74.2866949591471,sl,17,-0.039975510995772776,-0.040975510995772776,-4.097551099577277
long,ooc,2026-07-17 16:00:00+00:00,2026-07-25 16:00:00+00:00,74.78,74.57,timeout,49,-0.0028082374966569663,-0.0038082374966569663,-0.38082374966569665
long,ooc,2026-07-27 00:00:00+00:00,2026-07-27 20:00:00+00:00,76.78,74.7540471660093,sl,6,-0.02638646566802163,-0.02738646566802163,-2.738646566802163
long,ooc,2026-07-28 04:00:00+00:00,2026-08-01 16:00:00+00:00,73.28,70.63365975933345,sl,28,-0.03611272162481641,-0.03711272162481641,-3.7112721624816407
long,ooc,2026-08-02 00:00:00+00:00,2026-08-09 12:00:00+00:00,71.95,77.3647897734153,tp,46,0.07525767579451415,0.07425767579451414,7.425767579451414
long,ooc,2026-08-09 20:00:00+00:00,2026-08-11 12:00:00+00:00,77.23,75.28571143088175,sl,11,-0.025175301943781647,-0.026175301943781648,-2.6175301943781646
long,ooc,2026-08-13 08:00:00+00:00,2026-08-16 20:00:00+00:00,76.45,74.35011492793664,sl,22,-0.027467430635230324,-0.028467430635230325,-2.8467430635230326
long,ooc,2026-08-17 04:00:00+00:00,2026-08-19 12:00:00+00:00,75.51,79.46531303834007,tp,15,0.05238131424102854,0.05138131424102854,5.138131424102854
long,ooc,2026-08-19 20:00:00+00:00,2026-08-21 00:00:00+00:00,82.37,88.68251429183209,tp,8,0.0766360846404284,0.0756360846404284,7.56360846404284
long,ooc,2026-08-21 08:00:00+00:00,2026-08-22 04:00:00+00:00,90.42,99.66767587975212,tp,6,0.10227467241486532,0.10127467241486532,10.127467241486531
long,ooc,2026-08-22 12:00:00+00:00,2026-08-30 12:00:00+00:00,93.3,106.28,timeout,49,0.1391211146838157,0.1381211146838157,13.812111468381568
long,ooc,2026-08-30 20:00:00+00:00,2026-08-30 20:00:00+00:00,105.82,100.87861043679509,sl,1,-0.04669617806846445,-0.04769617806846445,-4.769617806846445
long,ooc,2026-09-03 16:00:00+00:00,2026-09-10 12:00:00+00:00,105.17,99.9142344469896,sl,42,-0.04997399974337174,-0.05097399974337174,-5.097399974337174
long,ooc,2026-09-11 16:00:00+00:00,2026-09-15 16:00:00+00:00,101.6,96.34552791244283,sl,25,-0.05171724495627127,-0.052717244956271274,-5.271724495627128
long,ooc,2026-09-17 12:00:00+00:00,2026-09-18 12:00:00+00:00,100.13,110.52520580275613,tp,7,0.10381709580301746,0.10281709580301746,10.281709580301746
long,ooc,2026-09-18 20:00:00+00:00,2026-09-20 00:00:00+00:00,114.23,108.69692979352034,sl,8,-0.04843797782088474,-0.04943797782088474,-4.943797782088474
long,ooc,2026-09-20 08:00:00+00:00,2026-09-25 08:00:00+00:00,108.47,120.44898706538879,tp,31,0.1104359460255259,0.1094359460255259,10.94359460255259
long,ooc,2026-09-25 16:00:00+00:00,2026-09-30 04:00:00+00:00,120.13,118.46,timeout,28,-0.013901606592857753,-0.014901606592857754,-1.4901606592857755
short,train,2021-11-27 20:00:00+00:00,2021-11-28 20:00:00+00:00,196.287,201.71126044791956,sl,7,-0.027634333643692912,-0.028634333643692913,-2.8634333643692913
short,train,2021-11-29 04:00:00+00:00,2021-11-29 04:00:00+00:00,200.834,206.12103973855494,sl,1,-0.026325421684350946,-0.027325421684350946,-2.732542168435095
short,train,2021-11-29 12:00:00+00:00,2021-11-29 12:00:00+00:00,203.465,208.59003426436624,sl,1,-0.025188775781418107,-0.026188775781418108,-2.6188775781418108
short,train,2021-11-29 20:00:00+00:00,2021-11-30 12:00:00+00:00,206.083,211.25870428917293,sl,5,-0.025114659089652845,-0.026114659089652846,-2.6114659089652847
short,train,2021-12-05 16:00:00+00:00,2021-12-05 20:00:00+00:00,185.383,194.58903373357285,sl,2,-0.04965953584510358,-0.05065953584510358,-5.065953584510359
short,train,2021-12-06 04:00:00+00:00,2021-12-07 04:00:00+00:00,193.252,199.441,timeout,7,-0.03202554177964519,-0.033025541779645194,-3.3025541779645193
short,train,2021-12-07 12:00:00+00:00,2021-12-08 12:00:00+00:00,203.124,192.485,timeout,7,0.052376873239991247,0.051376873239991246,5.137687323999125
short,train,2021-12-08 20:00:00+00:00,2021-12-09 20:00:00+00:00,193.086,181.154,timeout,7,0.06179629802264284,0.06079629802264284,6.079629802264284
short,train,2021-12-10 04:00:00+00:00,2021-12-11 00:00:00+00:00,179.883,161.57216995847418,tp,6,0.1017929990133911,0.1007929990133911,10.07929990133911
short,train,2021-12-12 00:00:00+00:00,2021-12-13 00:00:00+00:00,172.151,167.447,timeout,7,0.027324848534135773,0.02632484853413577,2.632484853413577
short,train,2021-12-13 08:00:00+00:00,2021-12-13 12:00:00+00:00,164.154,168.26990382189845,sl,2,-0.025073429961490163,-0.026073429961490164,-2.607342996149016
short,train,2021-12-14 16:00:00+00:00,2021-12-14 20:00:00+00:00,157.687,162.423356377444,sl,2,-0.03003644166890103,-0.03103644166890103,-3.103644166890103
short,train,2021-12-15 04:00:00+00:00,2021-12-15 04:00:00+00:00,160.5,165.32249798150306,sl,1,-0.03004671639565771,-0.03104671639565771,-3.104671639565771
short,train,2021-12-15 16:00:00+00:00,2021-12-15 16:00:00+00:00,157.625,162.5249634895635,sl,1,-0.031086207705398914,-0.03208620770539891,-3.2086207705398913
short,train,2021-12-16 00:00:00+00:00,2021-12-16 08:00:00+00:00,178.44,184.15479760069505,sl,3,-0.03202643802227668,-0.03302643802227668,-3.302643802227668
short,train,2021-12-16 20:00:00+00:00,2021-12-17 20:00:00+00:00,180.139,175.433,timeout,7,0.026124270702069054,0.025124270702069053,2.5124270702069054
short,train,2021-12-19 08:00:00+00:00,2021-12-20 08:00:00+00:00,187.199,172.48838573594946,tp,7,0.07858276093382201,0.077582760933822,7.758276093382201
short,train,2021-12-20 16:00:00+00:00,2021-12-20 16:00:00+00:00,170.022,174.1986666684695,sl,1,-0.02456544840355673,-0.02556544840355673,-2.556544840355673
short,train,2021-12-21 00:00:00+00:00,2021-12-21 04:00:00+00:00,173.994,178.23890901515995,sl,2,-0.024396870094140877,-0.025396870094140878,-2.539687009414088
short,train,2021-12-21 12:00:00+00:00,2021-12-22 04:00:00+00:00,179.718,183.81010125958687,sl,5,-0.02276956821012299,-0.02376956821012299,-2.376956821012299
short,train,2021-12-22 16:00:00+00:00,2021-12-23 16:00:00+00:00,185.052,189.0207847706937,sl,7,-0.02144686234514462,-0.02244686234514462,-2.244686234514462
short,train,2021-12-24 08:00:00+00:00,2021-12-24 12:00:00+00:00,188.8,192.79783361331303,sl,2,-0.02117496617220879,-0.02217496617220879,-2.217496617220879
short,train,2021-12-25 12:00:00+00:00,2021-12-25 20:00:00+00:00,190.251,194.31236709175698,sl,3,-0.021347415213360126,-0.022347415213360127,-2.2347415213360127
short,train,2021-12-28 16:00:00+00:00,2021-12-29 12:00:00+00:00,185.61,172.15830593501457,tp,6,0.07247289512949434,0.07147289512949434,7.147289512949434
short,train,2021-12-29 20:00:00+00:00,2021-12-30 20:00:00+00:00,174.531,172.536,timeout,7,0.011430634099386381,0.010430634099386382,1.0430634099386382
short,train,2021-12-31 04:00:00+00:00,2021-12-31 08:00:00+00:00,171.559,174.99792988152788,sl,2,-0.020045173272914177,-0.021045173272914178,-2.104517327291418
short,train,2021-12-31 16:00:00+00:00,2022-01-01 16:00:00+00:00,175.723,177.318,timeout,7,-0.009076785622826829,-0.01007678562282683,-1.007678562282683
short,train,2022-01-02 00:00:00+00:00,2022-01-03 00:00:00+00:00,179.061,172.798,timeout,7,0.03497690731091642,0.03397690731091642,3.3976907310916418
short,train,2022-01-03 08:00:00+00:00,2022-01-03 12:00:00+00:00,173.136,175.74283662000948,sl,2,-0.015056583379594589,-0.016056583379594588,-1.6056583379594587
short,train,2022-01-03 20:00:00+00:00,2022-01-04 12:00:00+00:00,169.979,172.5832775343152,sl,5,-0.01532117222901166,-0.01632117222901166,-1.6321172229011658
short,train,2022-01-04 20:00:00+00:00,2022-01-05 16:00:00+00:00,168.607,159.35253988380765,tp,6,0.05488775742520979,0.05388775742520979,5.388775742520979
short,train,2022-01-06 00:00:00+00:00,2022-01-07 00:00:00+00:00,154.48,142.88688475454512,tp,7,0.07504605933101287,0.07404605933101287,7.404605933101287
short,train,2022-01-07 08:00:00+00:00,2022-01-07 08:00:00+00:00,138.935,142.98010615637168,sl,1,-0.029115098113302432,-0.030115098113302433,-3.011509811330243
short,train,2022-01-07 16:00:00+00:00,2022-01-07 16:00:00+00:00,135.926,140.17136831850414,sl,1,-0.03123293791109978,-0.03223293791109978,-3.2232937911099784
short,train,2022-01-08 00:00:00+00:00,2022-01-08 00:00:00+00:00,136.436,140.66706758075105,sl,1,-0.0310113722239808,-0.0320113722239808,-3.20113722239808
short,train,2022-01-08 08:00:00+00:00,2022-01-09 08:00:00+00:00,144.341,140.604,timeout,7,0.025890079741722687,0.024890079741722686,2.4890079741722686
short,train,2022-01-09 20:00:00+00:00,2022-01-10 12:00:00+00:00,145.293,130.95912762157946,tp,5,0.09865494124576236,0.09765494124576236,9.765494124576236
short,train,2022-01-11 16:00:00+00:00,2022-01-11 16:00:00+00:00,137.075,140.88953037031118,sl,1,-0.027828053038928977,-0.028828053038928977,-2.882805303892898
short,train,2022-01-12 12:00:00+00:00,2022-01-12 12:00:00+00:00,141.415,144.98434307372662,sl,1,-0.02524020134870154,-0.02624020134870154,-2.624020134870154
short,train,2022-01-12 20:00:00+00:00,2022-01-13 12:00:00+00:00,152.752,156.49068484418265,sl,5,-0.024475521395350915,-0.025475521395350916,-2.5475521395350915
short,train,2022-01-13 20:00:00+00:00,2022-01-14 20:00:00+00:00,147.673,146.178,timeout,7,0.010123719298720853,0.009123719298720852,0.9123719298720853
short,train,2022-01-15 04:00:00+00:00,2022-01-15 20:00:00+00:00,145.985,149.43624583315736,sl,5,-0.023641098970149974,-0.024641098970149974,-2.4641098970149975
short,train,2022-01-16 04:00:00+00:00,2022-01-16 04:00:00+00:00,146.846,149.69555192566932,sl,1,-0.019405036062741354,-0.020405036062741355,-2.0405036062741355
short,train,2022-01-16 12:00:00+00:00,2022-01-16 12:00:00+00:00,148.149,150.9487463032557,sl,1,-0.018898178882447318,-0.01989817888244732,-1.989817888244732
short,train,2022-01-16 20:00:00+00:00,2022-01-17 20:00:00+00:00,147.997,138.5770871556087,tp,7,0.06364934994892679,0.06264934994892679,6.264934994892679
short,train,2022-01-18 04:00:00+00:00,2022-01-18 20:00:00+00:00,139.224,141.8000261840065,sl,5,-0.018502745101466045,-0.019502745101466046,-1.9502745101466046
short,train,2022-01-19 04:00:00+00:00,2022-01-20 04:00:00+00:00,138.027,137.369,timeout,7,0.0047671832322660574,0.0037671832322660574,0.37671832322660576
short,train,2022-01-20 12:00:00+00:00,2022-01-20 12:00:00+00:00,137.909,140.42852773262115,sl,1,-0.018269494613267857,-0.019269494613267858,-1.926949461326786
short,train,2022-01-20 20:00:00+00:00,2022-01-20 20:00:00+00:00,139.954,130.89750022426915,tp,1,0.06471054614895505,0.06371054614895505,6.371054614895505
short,train,2022-01-21 04:00:00+00:00,2022-01-21 20:00:00+00:00,124.233,112.69429611174226,tp,5,0.09287953996327661,0.09187953996327661,9.18795399632766
short,train,2022-01-22 04:00:00+00:00,2022-01-22 08:00:00+00:00,109.694,95.39765112622113,tp,2,0.1303293605281863,0.1293293605281863,12.932936052818631
short,train,2022-01-22 16:00:00+00:00,2022-01-22 16:00:00+00:00,93.011,98.35754210740075,sl,1,-0.057482901026768354,-0.058482901026768355,-5.8482901026768355
short,train,2022-01-23 00:00:00+00:00,2022-01-23 04:00:00+00:00,94.609,100.12867151097309,sl,2,-0.05834192847375089,-0.05934192847375089,-5.934192847375089
short,train,2022-01-23 12:00:00+00:00,2022-01-24 08:00:00+00:00,101.859,83.98272289892141,tp,6,0.17550022188592648,0.17450022188592648,17.450022188592648
short,train,2022-01-24 20:00:00+00:00,2022-01-24 20:00:00+00:00,89.608,95.09877111782522,sl,1,-0.0612754566313858,-0.0622754566313858,-6.22754566313858
short,train,2022-01-25 04:00:00+00:00,2022-01-25 16:00:00+00:00,90.099,95.39115213730848,sl,4,-0.05873707962694899,-0.05973707962694899,-5.973707962694899
short,train,2022-01-26 00:00:00+00:00,2022-01-26 12:00:00+00:00,94.647,99.43985292171357,sl,4,-0.05063924817177048,-0.05163924817177048,-5.1639248171770475
short,train,2022-01-26 20:00:00+00:00,2022-01-27 20:00:00+00:00,98.177,89.546,timeout,7,0.08791264756511198,0.08691264756511198,8.691264756511199
short,train,2022-01-28 04:00:00+00:00,2022-01-29 04:00:00+00:00,92.448,96.60286563724591,sl,7,-0.04494273145169089,-0.045942731451690894,-4.5942731451690895
short,train,2022-01-29 12:00:00+00:00,2022-01-30 12:00:00+00:00,96.262,95.143,timeout,7,0.011624524734578544,0.010624524734578544,1.0624524734578544
short,train,2022-01-31 00:00:00+00:00,2022-01-31 16:00:00+00:00,93.257,96.17053887561433,sl,5,-0.03124203947815522,-0.03224203947815522,-3.2242039478155218
short,train,2022-02-01 00:00:00+00:00,2022-02-01 00:00:00+00:00,99.491,102.3232477991559,sl,1,-0.02846737694018448,-0.029467376940184482,-2.946737694018448
short,train,2022-02-01 08:00:00+00:00,2022-02-01 08:00:00+00:00,105.427,108.4756192758028,sl,1,-0.028916874005736597,-0.029916874005736598,-2.99168740057366
short,train,2022-02-01 16:00:00+00:00,2022-02-01 16:00:00+00:00,108.72,111.86859774291159,sl,1,-0.02896061205768571,-0.02996061205768571,-2.996061205768571
short,train,2022-02-02 00:00:00+00:00,2022-02-02 20:00:00+00:00,110.043,99.23414764367249,tp,6,0.09822389753394145,0.09722389753394145,9.722389753394145
short,train,2022-02-03 08:00:00+00:00,2022-02-04 00:00:00+00:00,99.402,103.2151419898525,sl,5,-0.03836081758769941,-0.03936081758769941,-3.936081758769941
short,train,2022-02-04 12:00:00+00:00,2022-02-04 12:00:00+00:00,104.783,108.40068436049401,sl,1,-0.03452548944479553,-0.035525489444795534,-3.5525489444795535
short,train,2022-02-05 08:00:00+00:00,2022-02-06 08:00:00+00:00,115.594,114.371,timeout,7,0.010580133916985302,0.009580133916985301,0.9580133916985302
short,train,2022-02-07 00:00:00+00:00,2022-02-07 00:00:00+00:00,115.27,118.25652975234738,sl,1,-0.02590899412117099,-0.026908994121170992,-2.690899412117099
short,train,2022-02-07 08:00:00+00:00,2022-02-07 12:00:00+00:00,117.288,120.3674529497281,sl,2,-0.026255481803152136,-0.027255481803152137,-2.7255481803152137
short,train,2022-02-07 20:00:00+00:00,2022-02-08 20:00:00+00:00,120.044,110.10314160525675,tp,7,0.0828101229111263,0.0818101229111263,8.18101229111263
short,train,2022-02-09 04:00:00+00:00,2022-02-09 12:00:00+00:00,111.205,114.24076619578946,sl,3,-0.027298828252232035,-0.028298828252232035,-2.8298828252232036
short,train,2022-02-09 20:00:00+00:00,2022-02-10 20:00:00+00:00,115.1,106.182,timeout,7,0.07748045178105989,0.07648045178105989,7.648045178105988
short,train,2022-02-11 04:00:00+00:00,2022-02-11 12:00:00+00:00,104.68,107.62877414443926,sl,3,-0.02816941291974833,-0.029169412919748332,-2.916941291974833
short,train,2022-02-11 20:00:00+00:00,2022-02-12 20:00:00+00:00,99.705,95.96,timeout,7,0.0375608043729001,0.0365608043729001,3.65608043729001
short,train,2022-02-13 04:00:00+00:00,2022-02-14 04:00:00+00:00,95.989,94.79,timeout,7,0.012491014595422371,0.011491014595422372,1.149101459542237
short,train,2022-02-15 04:00:00+00:00,2022-02-15 20:00:00+00:00,101.311,104.06769785771732,sl,5,-0.027210252171208586,-0.028210252171208587,-2.8210252171208587
short,train,2022-02-17 04:00:00+00:00,2022-02-18 04:00:00+00:00,99.164,95.205,timeout,7,0.03992376265580254,0.03892376265580254,3.892376265580254
short,train,2022-02-18 12:00:00+00:00,2022-02-19 12:00:00+00:00,93.948,90.973,timeout,7,0.0316664537829437,0.0306664537829437,3.06664537829437
short,train,2022-02-19 20:00:00+00:00,2022-02-20 16:00:00+00:00,89.863,92.17266778758193,sl,6,-0.025702099724936065,-0.026702099724936066,-2.670209972493607
short,train,2022-02-21 00:00:00+00:00,2022-02-21 00:00:00+00:00,90.712,93.17528077981059,sl,1,-0.02715496053235061,-0.02815496053235061,-2.8154960532350612
short,train,2022-02-21 08:00:00+00:00,2022-02-21 12:00:00+00:00,95.406,87.16530779272125,tp,2,0.08637498907069528,0.08537498907069528,8.537498907069528
short,train,2022-02-21 20:00:00+00:00,2022-02-22 20:00:00+00:00,87.491,86.39,timeout,7,0.012584151512727014,0.011584151512727014,1.1584151512727014
short,train,2022-02-23 04:00:00+00:00,2022-02-23 04:00:00+00:00,87.222,89.87529475459604,sl,1,-0.030420017364839683,-0.03142001736483968,-3.142001736483968
short,train,2022-02-23 12:00:00+00:00,2022-02-24 00:00:00+00:00,92.029,83.06849296723243,tp,4,0.09736612407792725,0.09636612407792725,9.636612407792725
short,train,2022-02-24 12:00:00+00:00,2022-02-24 12:00:00+00:00,81.375,84.78631798305337,sl,1,-0.04192095831709205,-0.04292095831709205,-4.292095831709205
short,train,2022-02-24 20:00:00+00:00,2022-02-25 20:00:00+00:00,90.804,94.51077800579603,sl,7,-0.04082174800444942,-0.04182174800444942,-4.182174800444942
short,train,2022-02-26 16:00:00+00:00,2022-02-27 16:00:00+00:00,91.276,84.896,timeout,7,0.06989789210745427,0.06889789210745427,6.889789210745427
short,train,2022-02-28 00:00:00+00:00,2022-02-28 04:00:00+00:00,85.617,88.58243319963177,sl,2,-0.034636032559325375,-0.035636032559325376,-3.5636032559325375
short,train,2022-02-28 16:00:00+00:00,2022-02-28 20:00:00+00:00,95.587,98.72293922101943,sl,2,-0.03280717274335869,-0.03380717274335869,-3.380717274335869
short,train,2022-03-01 04:00:00+00:00,2022-03-01 12:00:00+00:00,97.284,100.53413874583809,sl,3,-0.0334087696418536,-0.034408769641853604,-3.4408769641853603
short,train,2022-03-05 00:00:00+00:00,2022-03-05 16:00:00+00:00,88.333,91.1141208727261,sl,5,-0.03148450604786553,-0.032484506047865534,-3.2484506047865533
short,train,2022-03-06 00:00:00+00:00,2022-03-07 00:00:00+00:00,89.607,81.94385636270185,tp,7,0.08551947545725389,0.08451947545725388,8.451947545725389
short,train,2022-03-07 12:00:00+00:00,2022-03-07 12:00:00+00:00,83.139,85.24268606054052,sl,1,-0.025303239881890875,-0.026303239881890875,-2.6303239881890876
short,train,2022-03-09 04:00:00+00:00,2022-03-10 04:00:00+00:00,88.16,82.672,timeout,7,0.062250453720508164,0.06125045372050816,6.125045372050816
short,train,2022-03-10 12:00:00+00:00,2022-03-11 12:00:00+00:00,82.08,84.31044770534186,sl,7,-0.027174070484184448,-0.02817407048418445,-2.817407048418445
short,train,2022-03-11 20:00:00+00:00,2022-03-12 00:00:00+00:00,80.577,82.57541282797926,sl,2,-0.024801281109736846,-0.025801281109736847,-2.5801281109736847
short,train,2022-03-12 08:00:00+00:00,2022-03-13 08:00:00+00:00,81.699,81.072,timeout,7,0.007674512539933113,0.006674512539933113,0.6674512539933113
short,train,2022-03-13 16:00:00+00:00,2022-03-14 16:00:00+00:00,81.196,79.958,timeout,7,0.015247056505246558,0.014247056505246557,1.4247056505246558
short,train,2022-03-15 00:00:00+00:00,2022-03-15 16:00:00+00:00,81.23,82.6953332206124,sl,5,-0.01803931085328565,-0.01903931085328565,-1.9039310853285651
short,train,2022-03-16 04:00:00+00:00,2022-03-16 08:00:00+00:00,82.356,84.08812105651104,sl,2,-0.021032117350418277,-0.022032117350418278,-2.203211735041828
short,train,2022-03-17 04:00:00+00:00,2022-03-17 12:00:00+00:00,87.969,89.72200138652727,sl,3,-0.019927490212771244,-0.020927490212771245,-2.0927490212771245
short,train,2022-03-18 08:00:00+00:00,2022-03-18 12:00:00+00:00,85.793,87.53928096677757,sl,2,-0.020354585651248487,-0.021354585651248488,-2.135458565124849
short,train,2022-03-21 00:00:00+00:00,2022-03-21 08:00:00+00:00,88.612,90.32664456017226,sl,3,-0.019350026634905662,-0.020350026634905663,-2.0350026634905665
short,train,2022-04-27 20:00:00+00:00,2022-04-28 00:00:00+00:00,97.439,99.35059699583776,sl,2,-0.019618397108321813,-0.020618397108321813,-2.0618397108321815
short,train,2022-04-28 08:00:00+00:00,2022-04-29 08:00:00+00:00,99.469,95.646,timeout,7,0.03843408499130376,0.03743408499130376,3.743408499130376
short,train,2022-04-29 16:00:00+00:00,2022-04-30 16:00:00+00:00,96.216,90.42791849125956,tp,7,0.06015716210131821,0.05915716210131821,5.915716210131821
short,train,2022-05-01 00:00:00+00:00,2022-05-01 00:00:00+00:00,84.654,86.71247082327884,sl,1,-0.024316285388508975,-0.025316285388508976,-2.5316285388508977
short,train,2022-05-01 08:00:00+00:00,2022-05-01 16:00:00+00:00,88.953,91.09131540374554,sl,3,-0.024038710372281284,-0.025038710372281284,-2.5038710372281283
short,train,2022-05-02 00:00:00+00:00,2022-05-03 00:00:00+00:00,89.735,88.676,timeout,7,0.011801415278319469,0.01080141527831947,1.080141527831947
short,train,2022-05-03 08:00:00+00:00,2022-05-04 08:00:00+00:00,88.379,88.469,timeout,7,-0.0010183414612067255,-0.0020183414612067255,-0.20183414612067255
short,train,2022-05-04 16:00:00+00:00,2022-05-04 16:00:00+00:00,87.196,88.95581157415292,sl,1,-0.020182251183000596,-0.021182251183000596,-2.1182251183000598
short,train,2022-05-05 00:00:00+00:00,2022-05-05 00:00:00+00:00,92.8,94.69125589812165,sl,1,-0.02037991269527647,-0.02137991269527647,-2.137991269527647
short,train,2022-05-05 08:00:00+00:00,2022-05-05 12:00:00+00:00,93.169,87.00365566696327,tp,2,0.06617377382001233,0.06517377382001233,6.517377382001232
short,train,2022-05-05 20:00:00+00:00,2022-05-06 20:00:00+00:00,83.771,81.695,timeout,7,0.024781845746141357,0.023781845746141356,2.3781845746141355
short,train,2022-05-07 04:00:00+00:00,2022-05-08 04:00:00+00:00,80.541,77.874,timeout,7,0.03311356948634859,0.03211356948634859,3.211356948634859
short,train,2022-05-08 12:00:00+00:00,2022-05-09 08:00:00+00:00,79.08,73.04761870903823,tp,6,0.07628200924332025,0.07528200924332025,7.528200924332025
short,train,2022-05-09 16:00:00+00:00,2022-05-09 20:00:00+00:00,69.875,62.834064764568524,tp,2,0.10076472608846478,0.09976472608846478,9.976472608846478
short,train,2022-05-10 04:00:00+00:00,2022-05-10 04:00:00+00:00,64.45,67.16910337597409,sl,1,-0.04218934640766619,-0.04318934640766619,-4.318934640766619
short,train,2022-05-10 12:00:00+00:00,2022-05-11 04:00:00+00:00,71.556,61.60490781395204,tp,5,0.1390671947292744,0.1380671947292744,13.806719472927439
short,train,2022-05-11 12:00:00+00:00,2022-05-11 12:00:00+00:00,61.421,50.27824972316408,tp,1,0.18141596973080737,0.18041596973080737,18.041596973080736
short,train,2022-05-11 20:00:00+00:00,2022-05-12 00:00:00+00:00,47.979,52.16996907671215,sl,2,-0.0873500714210832,-0.0883500714210832,-8.83500714210832
short,train,2022-05-12 08:00:00+00:00,2022-05-13 00:00:00+00:00,44.782,49.436529085836945,sl,5,-0.10393749912547337,-0.10493749912547337,-10.493749912547337
short,train,2022-05-13 08:00:00+00:00,2022-05-13 12:00:00+00:00,49.102,53.66239208780986,sl,2,-0.09287589279071864,-0.09387589279071865,-9.387589279071864
short,train,2022-05-13 20:00:00+00:00,2022-05-14 20:00:00+00:00,51.501,52.445,timeout,7,-0.01832974117007442,-0.01932974117007442,-1.9329741170074421
short,train,2022-05-15 12:00:00+00:00,2022-05-15 20:00:00+00:00,53.445,56.89003888975984,sl,3,-0.06445951706913355,-0.06545951706913355,-6.545951706913355
short,train,2022-05-16 04:00:00+00:00,2022-05-17 04:00:00+00:00,56.079,55.806,timeout,7,0.004868132455999629,0.0038681324559996294,0.38681324559996294
short,train,2022-05-17 12:00:00+00:00,2022-05-18 12:00:00+00:00,55.681,50.42,timeout,7,0.0944846536520536,0.09348465365205359,9.348465365205358
short,train,2022-05-19 16:00:00+00:00,2022-05-20 16:00:00+00:00,53.234,50.174,timeout,7,0.05748206033737841,0.05648206033737841,5.648206033737841
short,train,2022-05-21 04:00:00+00:00,2022-05-22 04:00:00+00:00,50.159,50.295,timeout,7,-0.002711377818537108,-0.003711377818537108,-0.3711377818537108
short,train,2022-05-22 12:00:00+00:00,2022-05-22 20:00:00+00:00,51.491,53.00632802112822,sl,3,-0.02942898800039268,-0.03042898800039268,-3.042898800039268
short,train,2022-05-23 04:00:00+00:00,2022-05-23 04:00:00+00:00,52.206,53.61503699269688,sl,1,-0.02698994354474344,-0.02798994354474344,-2.798994354474344
short,train,2022-05-23 12:00:00+00:00,2022-05-23 20:00:00+00:00,54.016,49.24830864343925,tp,3,0.08826442825386453,0.08726442825386453,8.726442825386453
short,train,2022-05-24 04:00:00+00:00,2022-05-25 04:00:00+00:00,49.894,48.845,timeout,7,0.021024572092836806,0.020024572092836805,2.0024572092836803
short,train,2022-05-25 12:00:00+00:00,2022-05-25 16:00:00+00:00,47.652,49.12011309247624,sl,2,-0.030809055075888464,-0.031809055075888465,-3.1809055075888466
short,train,2022-05-26 00:00:00+00:00,2022-05-26 08:00:00+00:00,47.985,43.4615145600458,tp,3,0.09426873897997708,0.09326873897997708,9.326873897997707
short,train,2022-05-26 16:00:00+00:00,2022-05-27 16:00:00+00:00,45.132,41.842,timeout,7,0.07289727909243994,0.07189727909243994,7.189727909243994
short,train,2022-05-28 00:00:00+00:00,2022-05-28 12:00:00+00:00,41.191,42.803782540724065,sl,4,-0.039153760305019596,-0.0401537603050196,-4.01537603050196
short,train,2022-05-28 20:00:00+00:00,2022-05-29 20:00:00+00:00,44.408,44.995,timeout,7,-0.013218339038011083,-0.014218339038011084,-1.4218339038011083
short,train,2022-05-30 04:00:00+00:00,2022-05-30 04:00:00+00:00,45.939,47.3077293164429,sl,1,-0.02979449523156582,-0.03079449523156582,-3.079449523156582
short,train,2022-05-30 12:00:00+00:00,2022-05-30 20:00:00+00:00,46.079,47.425752573871684,sl,3,-0.029227035609967294,-0.030227035609967295,-3.0227035609967294
short,train,2022-05-31 04:00:00+00:00,2022-06-01 04:00:00+00:00,47.689,44.578,timeout,7,0.06523516953595163,0.06423516953595163,6.423516953595162
short,train,2022-06-01 12:00:00+00:00,2022-06-01 20:00:00+00:00,44.61,40.612064765001136,tp,3,0.08961970937007091,0.08861970937007091,8.86197093700709
short,train,2022-06-02 04:00:00+00:00,2022-06-02 08:00:00+00:00,38.87,40.169724098657866,sl,2,-0.033437717999945174,-0.034437717999945175,-3.4437717999945177
short,train,2022-06-02 16:00:00+00:00,2022-06-03 16:00:00+00:00,40.72,38.19,timeout,7,0.06213163064833009,0.06113163064833009,6.113163064833009
short,train,2022-06-04 00:00:00+00:00,2022-06-04 20:00:00+00:00,38.3,39.43544977202249,sl,6,-0.029646208146801304,-0.030646208146801305,-3.0646208146801306
short,train,2022-06-05 04:00:00+00:00,2022-06-05 08:00:00+00:00,38.31,39.46876061291824,sl,2,-0.030246948914597654,-0.031246948914597655,-3.1246948914597654
short,train,2022-06-05 16:00:00+00:00,2022-06-06 00:00:00+00:00,39.81,40.922169120474265,sl,3,-0.027936928421860414,-0.028936928421860415,-2.8936928421860415
short,train,2022-06-06 08:00:00+00:00,2022-06-06 08:00:00+00:00,43.04,44.30120932033177,sl,1,-0.029303190528154572,-0.030303190528154573,-3.0303190528154573
short,train,2022-06-06 16:00:00+00:00,2022-06-07 08:00:00+00:00,42.82,38.55172831401242,tp,5,0.09967939481521668,0.09867939481521668,9.867939481521667
short,train,2022-06-07 20:00:00+00:00,2022-06-08 20:00:00+00:00,40.45,38.82,timeout,7,0.040296662546353584,0.03929666254635358,3.9296662546353582
short,train,2022-06-09 04:00:00+00:00,2022-06-09 08:00:00+00:00,39.15,40.4124874483667,sl,2,-0.03224744440272538,-0.03324744440272538,-3.3247444402725383
short,train,2022-06-09 16:00:00+00:00,2022-06-10 16:00:00+00:00,40.35,37.25,timeout,7,0.07682775712515492,0.07582775712515492,7.582775712515493
short,train,2022-06-11 00:00:00+00:00,2022-06-11 12:00:00+00:00,37.16,33.20927814639839,tp,4,0.10631651920348782,0.10531651920348782,10.531651920348782
short,train,2022-06-11 20:00:00+00:00,2022-06-12 20:00:00+00:00,34.13,30.61,timeout,7,0.10313507178435402,0.10213507178435402,10.213507178435401
short,train,2022-06-13 04:00:00+00:00,2022-06-14 04:00:00+00:00,28.84,30.309119854064036,sl,7,-0.050940355550070614,-0.051940355550070615,-5.194035555007061
short,train,2022-06-14 12:00:00+00:00,2022-06-14 12:00:00+00:00,29.1,30.849633492897087,sl,1,-0.06012486229886893,-0.06112486229886893,-6.112486229886893
short,train,2022-06-14 20:00:00+00:00,2022-06-15 16:00:00+00:00,29.44,31.21348500152861,sl,6,-0.06024065901931417,-0.06124065901931417,-6.124065901931417
short,train,2022-06-16 00:00:00+00:00,2022-06-17 00:00:00+00:00,34.73,30.03,timeout,7,0.13532968615030222,0.13432968615030222,13.432968615030221
short,train,2022-06-17 08:00:00+00:00,2022-06-18 08:00:00+00:00,31.59,30.0,timeout,7,0.050332383665717,0.049332383665716996,4.9332383665716995
short,train,2022-06-18 16:00:00+00:00,2022-06-18 20:00:00+00:00,29.8,31.308491825536034,sl,2,-0.05062053105825616,-0.05162053105825616,-5.162053105825616
short,train,2022-06-19 20:00:00+00:00,2022-06-19 20:00:00+00:00,33.21,34.98398053807707,sl,1,-0.05341705926157991,-0.054417059261579914,-5.441705926157992
short,train,2022-06-20 08:00:00+00:00,2022-06-20 08:00:00+00:00,32.34,34.06516134918197,sl,1,-0.053344506777426304,-0.054344506777426305,-5.43445067774263
short,train,2022-06-21 08:00:00+00:00,2022-06-21 12:00:00+00:00,36.84,38.64896600390564,sl,2,-0.04910331172382297,-0.05010331172382297,-5.010331172382297
short,train,2022-06-21 20:00:00+00:00,2022-06-22 20:00:00+00:00,36.58,34.13,timeout,7,0.06697648988518305,0.06597648988518305,6.597648988518305
short,train,2022-06-23 04:00:00+00:00,2022-06-23 08:00:00+00:00,35.13,36.696791976413984,sl,2,-0.044599828534414486,-0.04559982853441449,-4.559982853441449
short,train,2022-06-24 04:00:00+00:00,2022-06-24 08:00:00+00:00,38.93,40.41148370269865,sl,2,-0.03805506557150408,-0.03905506557150408,-3.905506557150408
short,train,2022-06-28 04:00:00+00:00,2022-06-28 08:00:00+00:00,37.75,38.994164967294886,sl,2,-0.03295801237867246,-0.033958012378672464,-3.3958012378672464
short,train,2022-06-28 16:00:00+00:00,2022-06-29 16:00:00+00:00,37.07,34.49,timeout,7,0.06959805772862147,0.06859805772862147,6.859805772862147
short,train,2022-06-30 00:00:00+00:00,2022-07-01 00:00:00+00:00,34.05,35.24406515602156,sl,7,-0.035067992834700905,-0.036067992834700906,-3.6067992834700906
short,train,2022-07-01 08:00:00+00:00,2022-07-02 08:00:00+00:00,33.15,32.76,timeout,7,0.011764705882352958,0.010764705882352957,1.0764705882352958
short,train,2022-07-02 16:00:00+00:00,2022-07-02 20:00:00+00:00,32.87,33.91012966457273,sl,2,-0.03164373789390725,-0.03264373789390725,-3.264373789390725
short,train,2022-07-03 04:00:00+00:00,2022-07-04 04:00:00+00:00,33.08,32.8,timeout,7,0.008464328899637278,0.007464328899637278,0.7464328899637278
short,train,2022-07-04 16:00:00+00:00,2022-07-04 20:00:00+00:00,34.3,35.194938650155144,sl,2,-0.026091505835427038,-0.02709150583542704,-2.7091505835427037
short,train,2022-07-05 16:00:00+00:00,2022-07-05 16:00:00+00:00,33.86,34.826386458410816,sl,1,-0.028540651459268068,-0.02954065145926807,-2.954065145926807
short,train,2022-07-06 00:00:00+00:00,2022-07-06 04:00:00+00:00,35.38,36.40160362995627,sl,2,-0.028875173260493707,-0.029875173260493708,-2.9875173260493706
short,train,2022-07-11 08:00:00+00:00,2022-07-12 08:00:00+00:00,35.18,33.93,timeout,7,0.03553155201819216,0.034531552018192156,3.4531552018192158
short,train,2022-07-12 16:00:00+00:00,2022-07-13 16:00:00+00:00,34.21,33.65,timeout,7,0.016369482607424796,0.015369482607424795,1.5369482607424794
short,train,2022-07-14 04:00:00+00:00,2022-07-14 16:00:00+00:00,34.58,35.415842758148806,sl,4,-0.0241712769852171,-0.0251712769852171,-2.51712769852171
short,train,2022-07-27 16:00:00+00:00,2022-07-27 16:00:00+00:00,37.16,38.14993356751662,sl,1,-0.026639762312072737,-0.027639762312072737,-2.7639762312072738
short,train,2022-08-20 04:00:00+00:00,2022-08-21 04:00:00+00:00,36.61,35.45,timeout,7,0.031685331876536375,0.030685331876536374,3.0685331876536375
short,train,2022-08-21 12:00:00+00:00,2022-08-22 12:00:00+00:00,36.19,34.82,timeout,7,0.03785576126001651,0.03685576126001651,3.685576126001651
short,train,2022-08-23 20:00:00+00:00,2022-08-24 16:00:00+00:00,35.42,36.182181860438476,sl,6,-0.02151840373908736,-0.02251840373908736,-2.251840373908736
short,train,2022-08-25 04:00:00+00:00,2022-08-25 04:00:00+00:00,35.23,35.94538132617687,sl,1,-0.020306026857135246,-0.021306026857135247,-2.1306026857135247
short,train,2022-08-25 12:00:00+00:00,2022-08-26 08:00:00+00:00,36.31,34.003249249593686,tp,6,0.06352935142953224,0.06252935142953224,6.252935142953224
short,train,2022-08-26 16:00:00+00:00,2022-08-27 16:00:00+00:00,33.28,31.31,timeout,7,0.059194711538461606,0.058194711538461605,5.819471153846161
short,train,2022-08-28 00:00:00+00:00,2022-08-29 00:00:00+00:00,31.53,30.67,timeout,7,0.027275610529654278,0.026275610529654277,2.6275610529654276
short,train,2022-08-29 08:00:00+00:00,2022-08-29 12:00:00+00:00,30.59,31.256082833835677,sl,2,-0.0217745287295089,-0.0227745287295089,-2.27745287295089
short,train,2022-08-29 20:00:00+00:00,2022-08-29 20:00:00+00:00,31.53,32.192142487586366,sl,1,-0.021000396054118783,-0.022000396054118784,-2.2000396054118783
short,train,2022-08-30 04:00:00+00:00,2022-08-30 04:00:00+00:00,32.32,32.982918777561714,sl,1,-0.020511100790894618,-0.02151110079089462,-2.1511100790894617
short,train,2022-08-30 12:00:00+00:00,2022-08-31 12:00:00+00:00,32.75,31.93,timeout,7,0.025038167938931308,0.024038167938931307,2.4038167938931307
short,train,2022-08-31 20:00:00+00:00,2022-09-01 20:00:00+00:00,32.11,31.62,timeout,7,0.015260043600124524,0.014260043600124523,1.4260043600124523
short,train,2022-09-02 04:00:00+00:00,2022-09-02 12:00:00+00:00,31.58,32.257901056459225,sl,3,-0.021466151249500538,-0.02246615124950054,-2.2466151249500537
short,train,2022-09-02 20:00:00+00:00,2022-09-03 20:00:00+00:00,31.07,31.12,timeout,7,-0.0016092693916961928,-0.002609269391696193,-0.2609269391696193
short,train,2022-09-04 04:00:00+00:00,2022-09-04 12:00:00+00:00,31.43,31.94011884295845,sl,3,-0.01623031635248017,-0.017230316352480173,-1.7230316352480173
short,train,2022-09-04 20:00:00+00:00,2022-09-05 00:00:00+00:00,31.76,32.243596659562066,sl,2,-0.01522659507437229,-0.01622659507437229,-1.622659507437229
short,train,2022-09-05 08:00:00+00:00,2022-09-05 20:00:00+00:00,31.68,32.14851379776161,sl,4,-0.014788945636414438,-0.015788945636414437,-1.5788945636414438
short,train,2022-09-06 08:00:00+00:00,2022-09-06 12:00:00+00:00,32.97,33.47756194015938,sl,2,-0.015394659998768094,-0.016394659998768095,-1.6394659998768095
short,train,2022-09-11 12:00:00+00:00,2022-09-11 16:00:00+00:00,34.78,35.36445820313764,sl,2,-0.016804433672732495,-0.017804433672732496,-1.7804433672732496
short,train,2022-09-12 00:00:00+00:00,2022-09-12 00:00:00+00:00,34.99,35.599993503022375,sl,1,-0.0174333667625714,-0.0184333667625714,-1.8433366762571401
short,train,2022-09-12 08:00:00+00:00,2022-09-12 08:00:00+00:00,35.48,36.15129541842235,sl,1,-0.018920389470754043,-0.019920389470754044,-1.9920389470754043
short,train,2022-09-13 16:00:00+00:00,2022-09-14 16:00:00+00:00,34.72,33.5,timeout,7,0.03513824884792623,0.03413824884792623,3.413824884792623
short,train,2022-09-15 00:00:00+00:00,2022-09-16 00:00:00+00:00,34.12,32.86,timeout,7,0.036928487690504046,0.035928487690504045,3.5928487690504043
short,train,2022-09-16 08:00:00+00:00,2022-09-17 08:00:00+00:00,32.83,32.63,timeout,7,0.006091989034419609,0.0050919890344196085,0.5091989034419608
short,train,2022-09-17 16:00:00+00:00,2022-09-18 16:00:00+00:00,33.3,32.42,timeout,7,0.026426426426426293,0.025426426426426292,2.542642642642629
short,train,2022-09-19 00:00:00+00:00,2022-09-19 12:00:00+00:00,31.1,31.78088772755895,sl,4,-0.02189349606298875,-0.022893496062988752,-2.289349606298875
short,train,2022-09-19 20:00:00+00:00,2022-09-20 20:00:00+00:00,32.83,31.42,timeout,7,0.04294852269265905,0.04194852269265905,4.194852269265905
short,train,2022-09-21 04:00:00+00:00,2022-09-21 16:00:00+00:00,31.84,32.50445048392486,sl,4,-0.020868419721258268,-0.02186841972125827,-2.1868419721258268
short,train,2022-09-22 00:00:00+00:00,2022-09-22 04:00:00+00:00,30.64,31.43010450171044,sl,2,-0.025786700447468603,-0.026786700447468604,-2.6786700447468603
short,train,2022-09-22 12:00:00+00:00,2022-09-23 00:00:00+00:00,32.37,33.10549456642049,sl,4,-0.022721487995690206,-0.023721487995690207,-2.3721487995690205
short,train,2022-09-25 20:00:00+00:00,2022-09-26 12:00:00+00:00,32.72,33.38786814277948,sl,5,-0.020411618055607667,-0.021411618055607668,-2.141161805560767
short,train,2022-09-27 20:00:00+00:00,2022-09-28 16:00:00+00:00,32.61,33.371181406437934,sl,6,-0.023341962785585237,-0.024341962785585237,-2.434196278558524
short,train,2022-10-12 04:00:00+00:00,2022-10-12 04:00:00+00:00,30.93,31.315701637688896,sl,1,-0.012470146708338068,-0.013470146708338068,-1.3470146708338067
short,train,2022-10-12 12:00:00+00:00,2022-10-13 04:00:00+00:00,31.25,29.99232862637035,tp,5,0.04024548395614875,0.03924548395614875,3.924548395614875
short,train,2022-10-13 12:00:00+00:00,2022-10-13 12:00:00+00:00,28.8,29.280209338806984,sl,1,-0.01667393537524246,-0.01767393537524246,-1.767393537524246
short,train,2022-10-13 20:00:00+00:00,2022-10-14 00:00:00+00:00,30.59,31.186239174787655,sl,2,-0.019491310061708244,-0.020491310061708245,-2.0491310061708243
short,train,2022-10-14 08:00:00+00:00,2022-10-15 08:00:00+00:00,31.33,29.99,timeout,7,0.04277050750079796,0.04177050750079796,4.177050750079796
short,train,2022-10-15 16:00:00+00:00,2022-10-16 16:00:00+00:00,29.92,30.4,timeout,7,-0.016042780748662996,-0.017042780748662997,-1.7042780748662996
short,train,2022-10-17 00:00:00+00:00,2022-10-17 08:00:00+00:00,30.17,30.59070875367219,sl,3,-0.013944605690161987,-0.014944605690161986,-1.4944605690161987
short,train,2022-10-18 04:00:00+00:00,2022-10-19 04:00:00+00:00,31.11,30.07,timeout,7,0.03342976534876243,0.03242976534876243,3.242976534876243
short,train,2022-10-19 12:00:00+00:00,2022-10-20 00:00:00+00:00,29.93,28.589226170952863,tp,4,0.04479698727187227,0.04379698727187227,4.379698727187227
short,train,2022-10-20 08:00:00+00:00,2022-10-21 00:00:00+00:00,29.25,27.82821492289597,tp,5,0.04860803682406939,0.04760803682406939,4.760803682406939
short,train,2022-10-21 08:00:00+00:00,2022-10-22 08:00:00+00:00,27.91,27.99,timeout,7,-0.0028663561447509244,-0.0038663561447509244,-0.3866356144750924
short,train,2022-10-22 16:00:00+00:00,2022-10-23 00:00:00+00:00,27.99,28.398252160211346,sl,3,-0.014585643451637991,-0.01558564345163799,-1.5585643451637992
short,train,2022-10-23 08:00:00+00:00,2022-10-23 16:00:00+00:00,28.43,28.8228737361463,sl,3,-0.013818984739581402,-0.014818984739581403,-1.4818984739581404
short,train,2022-10-24 00:00:00+00:00,2022-10-25 00:00:00+00:00,29.28,28.48,timeout,7,0.027322404371584723,0.026322404371584722,2.632240437158472
short,train,2022-10-25 08:00:00+00:00,2022-10-25 12:00:00+00:00,28.44,28.858475773906807,sl,2,-0.014714338041730172,-0.015714338041730173,-1.5714338041730174
short,train,2022-10-25 20:00:00+00:00,2022-10-26 12:00:00+00:00,31.51,32.08696292830658,sl,5,-0.018310470590497677,-0.019310470590497678,-1.931047059049768
short,train,2022-10-26 20:00:00+00:00,2022-10-27 04:00:00+00:00,31.27,31.87237826740141,sl,3,-0.01926377574037126,-0.020263775740371262,-2.0263775740371264
short,train,2022-10-27 12:00:00+00:00,2022-10-27 12:00:00+00:00,31.37,31.952093156373692,sl,1,-0.018555727012231155,-0.019555727012231156,-1.9555727012231157
short,train,2022-10-27 20:00:00+00:00,2022-10-28 16:00:00+00:00,31.43,32.00392216034262,sl,6,-0.018260329632281858,-0.01926032963228186,-1.9260329632281858
short,train,2022-11-02 12:00:00+00:00,2022-11-02 16:00:00+00:00,31.3,31.85584728629384,sl,2,-0.017758699242614702,-0.018758699242614703,-1.8758699242614703
short,train,2022-11-03 00:00:00+00:00,2022-11-03 00:00:00+00:00,30.81,31.423185673464857,sl,1,-0.019902164020281034,-0.020902164020281035,-2.0902164020281035
short,train,2022-11-03 12:00:00+00:00,2022-11-04 00:00:00+00:00,31.27,31.89455135736235,sl,4,-0.0199728608046802,-0.0209728608046802,-2.0972860804680202
short,train,2022-11-08 00:00:00+00:00,2022-11-08 00:00:00+00:00,29.62,25.797420135115168,tp,1,0.1290540129940862,0.1280540129940862,12.80540129940862
short,train,2022-11-08 08:00:00+00:00,2022-11-08 20:00:00+00:00,27.92,23.27527552466563,tp,3,0.1663583264804574,0.1653583264804574,16.53583264804574
short,train,2022-11-09 04:00:00+00:00,2022-11-09 08:00:00+00:00,22.08,16.721951901811092,tp,2,0.2426652218382657,0.2416652218382657,24.16652218382657
short,train,2022-11-09 20:00:00+00:00,2022-11-10 00:00:00+00:00,13.88,15.83984584603364,sl,2,-0.1411992684462276,-0.1421992684462276,-14.21992684462276
short,train,2022-11-10 08:00:00+00:00,2022-11-10 12:00:00+00:00,15.42,17.427387508650114,sl,2,-0.13018077228599959,-0.1311807722859996,-13.118077228599958
short,train,2022-11-10 20:00:00+00:00,2022-11-11 20:00:00+00:00,17.29,16.46,timeout,7,0.048004626951995276,0.047004626951995275,4.700462695199527
short,train,2022-11-12 04:00:00+00:00,2022-11-13 04:00:00+00:00,15.83,13.94,timeout,7,0.1193935565382186,0.1183935565382186,11.83935565382186
short,train,2022-11-13 12:00:00+00:00,2022-11-14 04:00:00+00:00,13.76,14.949961355150704,sl,5,-0.08647974964758022,-0.08747974964758022,-8.747974964758022
short,train,2022-11-15 04:00:00+00:00,2022-11-16 04:00:00+00:00,14.19,14.33,timeout,7,-0.009866102889358744,-0.010866102889358745,-1.0866102889358746
short,train,2022-11-16 12:00:00+00:00,2022-11-17 12:00:00+00:00,14.18,13.53,timeout,7,0.04583921015514812,0.04483921015514812,4.483921015514812
short,train,2022-11-17 20:00:00+00:00,2022-11-18 20:00:00+00:00,13.44,13.27,timeout,7,0.012648809523809519,0.01164880952380952,1.164880952380952
short,train,2022-11-20 00:00:00+00:00,2022-11-20 04:00:00+00:00,12.84,13.219018494086276,sl,2,-0.02951857430578475,-0.03051857430578475,-3.051857430578475
short,train,2022-11-20 16:00:00+00:00,2022-11-21 00:00:00+00:00,13.0,11.7137026491047,tp,3,0.0989459500688692,0.0979459500688692,9.79459500688692
short,train,2022-11-21 08:00:00+00:00,2022-11-21 12:00:00+00:00,11.72,12.109704331311855,sl,2,-0.03325122280817871,-0.03425122280817871,-3.4251222808178707
short,train,2022-11-25 08:00:00+00:00,2022-11-26 08:00:00+00:00,14.24,14.69521026423578,sl,7,-0.03196701293790584,-0.03296701293790584,-3.296701293790584
short,train,2022-11-26 16:00:00+00:00,2022-11-27 16:00:00+00:00,14.42,14.29,timeout,7,0.009015256588072177,0.008015256588072176,0.8015256588072176
short,train,2022-11-28 00:00:00+00:00,2022-11-28 00:00:00+00:00,14.11,13.075510819509285,tp,1,0.07331602980090111,0.07231602980090111,7.231602980090111
short,train,2022-11-28 08:00:00+00:00,2022-11-29 04:00:00+00:00,13.43,13.792454599239178,sl,6,-0.026988428833892686,-0.027988428833892687,-2.798842883389269
short,train,2022-11-29 12:00:00+00:00,2022-11-30 12:00:00+00:00,13.64,13.53,timeout,7,0.008064516129032346,0.007064516129032346,0.7064516129032347
short,train,2022-11-30 20:00:00+00:00,2022-11-30 20:00:00+00:00,13.64,13.941265860513795,sl,1,-0.02208693992036615,-0.023086939920366152,-2.3086939920366154
short,train,2022-12-01 04:00:00+00:00,2022-12-02 04:00:00+00:00,13.92,13.52,timeout,7,0.028735632183908073,0.027735632183908072,2.7735632183908074
short,train,2022-12-02 12:00:00+00:00,2022-12-03 12:00:00+00:00,13.6,13.57,timeout,7,0.0022058823529411296,0.0012058823529411296,0.12058823529411296
short,train,2022-12-03 20:00:00+00:00,2022-12-04 20:00:00+00:00,13.52,13.729280961676661,sl,7,-0.015479361070758991,-0.01647936107075899,-1.647936107075899
short,train,2022-12-05 12:00:00+00:00,2022-12-06 00:00:00+00:00,13.99,14.176298710237539,sl,4,-0.013316562561653957,-0.014316562561653957,-1.4316562561653958
short,train,2022-12-06 08:00:00+00:00,2022-12-07 08:00:00+00:00,14.14,13.62,timeout,7,0.03677510608203687,0.03577510608203687,3.577510608203687
short,train,2022-12-07 16:00:00+00:00,2022-12-08 16:00:00+00:00,13.68,13.73,timeout,7,-0.00365497076023397,-0.00465497076023397,-0.465497076023397
short,train,2022-12-09 00:00:00+00:00,2022-12-09 08:00:00+00:00,13.68,13.86724665639292,sl,3,-0.013687621081353837,-0.014687621081353838,-1.4687621081353839
short,train,2022-12-09 16:00:00+00:00,2022-12-10 16:00:00+00:00,13.87,13.64,timeout,7,0.016582552271088583,0.015582552271088582,1.558255227108858
short,train,2022-12-11 00:00:00+00:00,2022-12-11 12:00:00+00:00,13.57,13.715176312504397,sl,4,-0.010698328113809637,-0.011698328113809636,-1.1698328113809637
short,train,2022-12-11 20:00:00+00:00,2022-12-12 00:00:00+00:00,13.72,13.304564243453282,tp,2,0.03027957409232646,0.029279574092326458,2.9279574092326457
short,train,2022-12-12 08:00:00+00:00,2022-12-12 08:00:00+00:00,12.97,13.124675184817765,sl,1,-0.011925611782402765,-0.012925611782402764,-1.2925611782402764
short,train,2022-12-12 16:00:00+00:00,2022-12-12 20:00:00+00:00,13.11,13.266441868541847,sl,2,-0.0119330181954117,-0.012933018195411702,-1.29330181954117
short,train,2022-12-13 08:00:00+00:00,2022-12-13 08:00:00+00:00,12.97,13.138940251650972,sl,1,-0.013025462733305416,-0.014025462733305415,-1.4025462733305416
short,train,2022-12-16 12:00:00+00:00,2022-12-16 20:00:00+00:00,13.49,12.635437370507551,tp,3,0.06334785985859517,0.06234785985859517,6.234785985859517
short,train,2022-12-17 04:00:00+00:00,2022-12-18 20:00:00+00:00,12.25,12.565046568572473,sl,6,-0.02571808723040598,-0.02671808723040598,-2.671808723040598
short,train,2022-12-19 04:00:00+00:00,2022-12-20 04:00:00+00:00,12.22,12.34,timeout,7,-0.009819967266775713,-0.010819967266775712,-1.0819967266775712
short,train,2022-12-20 12:00:00+00:00,2022-12-21 12:00:00+00:00,12.37,12.06,timeout,7,0.02506063055780103,0.02406063055780103,2.4060630557801033
short,train,2022-12-21 20:00:00+00:00,2022-12-21 20:00:00+00:00,11.95,12.15043132063711,sl,1,-0.016772495450804316,-0.017772495450804317,-1.7772495450804318
short,train,2022-12-22 04:00:00+00:00,2022-12-23 04:00:00+00:00,12.12,11.89,timeout,7,0.018976897689768867,0.017976897689768866,1.7976897689768865
short,train,2022-12-23 12:00:00+00:00,2022-12-24 04:00:00+00:00,11.87,11.213787641625157,tp,5,0.055283265237981695,0.054283265237981694,5.4283265237981695
short,train,2022-12-24 12:00:00+00:00,2022-12-24 16:00:00+00:00,11.31,11.501420928553165,sl,2,-0.016924927369864194,-0.017924927369864195,-1.7924927369864194
short,train,2022-12-25 00:00:00+00:00,2022-12-26 00:00:00+00:00,11.44,11.429,timeout,7,0.0009615384615383945,-3.846153846160554e-05,-0.003846153846160554
short,train,2022-12-26 08:00:00+00:00,2022-12-27 08:00:00+00:00,11.315,11.14,timeout,7,0.015466195315952181,0.014466195315952182,1.4466195315952182
short,train,2022-12-27 16:00:00+00:00,2022-12-27 16:00:00+00:00,10.758,10.914570672279686,sl,1,-0.014553882903856338,-0.015553882903856339,-1.5553882903856338
short,train,2022-12-28 00:00:00+00:00,2022-12-28 04:00:00+00:00,11.093,10.554918475930831,tp,2,0.04850640260246719,0.04750640260246719,4.750640260246719
short,train,2022-12-28 12:00:00+00:00,2022-12-28 12:00:00+00:00,10.017,10.24345491345262,sl,1,-0.02260705934437662,-0.02360705934437662,-2.360705934437662
short,train,2022-12-28 20:00:00+00:00,2022-12-29 16:00:00+00:00,9.784,8.98743315691339,tp,6,0.08141525379053664,0.08041525379053664,8.041525379053665
short,train,2022-12-30 16:00:00+00:00,2022-12-30 16:00:00+00:00,9.576,9.932338730411745,sl,1,-0.037211646868394364,-0.038211646868394365,-3.8211646868394364
short,train,2022-12-31 00:00:00+00:00,2023-01-01 00:00:00+00:00,9.904,9.967,timeout,7,-0.006361066235864359,-0.007361066235864359,-0.7361066235864359
short,train,2023-01-02 12:00:00+00:00,2023-01-02 16:00:00+00:00,11.02,11.36243367896561,sl,2,-0.031073836566752326,-0.03207383656675233,-3.2073836566752325
short,train,2023-01-03 04:00:00+00:00,2023-01-03 04:00:00+00:00,11.221,11.538789034645378,sl,1,-0.028320919226929645,-0.029320919226929646,-2.9320919226929645
short,train,2023-02-24 16:00:00+00:00,2023-02-25 16:00:00+00:00,23.037,21.903,timeout,7,0.049225159525979965,0.048225159525979965,4.822515952597996
short,train,2023-02-26 00:00:00+00:00,2023-02-26 08:00:00+00:00,22.364,22.902513753811967,sl,3,-0.024079491764083603,-0.025079491764083604,-2.5079491764083603
short,train,2023-02-26 16:00:00+00:00,2023-02-26 20:00:00+00:00,22.939,23.416795738042055,sl,2,-0.02082896979127488,-0.021828969791274883,-2.1828969791274884
short,train,2023-02-27 04:00:00+00:00,2023-02-28 04:00:00+00:00,23.031,22.088,timeout,7,0.040944813512222566,0.039944813512222566,3.9944813512222566
short,train,2023-02-28 12:00:00+00:00,2023-02-28 16:00:00+00:00,22.193,22.60226473643605,sl,2,-0.018441163269321416,-0.019441163269321417,-1.9441163269321418
short,train,2023-03-01 00:00:00+00:00,2023-03-01 00:00:00+00:00,21.891,22.29046214502551,sl,1,-0.01824777968231297,-0.01924777968231297,-1.9247779682312969
short,train,2023-03-01 08:00:00+00:00,2023-03-02 08:00:00+00:00,22.586,22.083,timeout,7,0.022270433011600112,0.02127043301160011,2.127043301160011
short,train,2023-03-02 16:00:00+00:00,2023-03-03 00:00:00+00:00,21.832,20.616853454471066,tp,3,0.055658965991614816,0.054658965991614815,5.465896599161481
short,train,2023-03-03 08:00:00+00:00,2023-03-03 20:00:00+00:00,21.061,21.469022767754467,sl,4,-0.01937338054956873,-0.02037338054956873,-2.037338054956873
short,train,2023-03-04 04:00:00+00:00,2023-03-05 00:00:00+00:00,21.325,21.68130201842584,sl,6,-0.0167081837479878,-0.017708183747987803,-1.7708183747987802
short,train,2023-03-05 08:00:00+00:00,2023-03-06 08:00:00+00:00,21.308,20.688,timeout,7,0.02909705275014084,0.02809705275014084,2.809705275014084
short,train,2023-03-06 16:00:00+00:00,2023-03-07 12:00:00+00:00,21.063,20.02457529001351,tp,6,0.04930089303453877,0.04830089303453877,4.830089303453877
short,train,2023-03-07 20:00:00+00:00,2023-03-08 00:00:00+00:00,20.015,20.342514999734686,sl,2,-0.01636347737870023,-0.01736347737870023,-1.736347737870023
short,train,2023-03-08 08:00:00+00:00,2023-03-09 08:00:00+00:00,19.19,18.547,timeout,7,0.03350703491401775,0.03250703491401775,3.250703491401775
short,train,2023-03-09 16:00:00+00:00,2023-03-09 20:00:00+00:00,18.362,17.08307446436188,tp,2,0.06965066635650365,0.06865066635650365,6.865066635650365
short,train,2023-03-10 08:00:00+00:00,2023-03-10 12:00:00+00:00,16.991,17.42427862523449,sl,2,-0.02550047820813899,-0.02650047820813899,-2.650047820813899
short,train,2023-03-10 20:00:00+00:00,2023-03-10 20:00:00+00:00,17.771,18.2605798613849,sl,1,-0.02754937040036578,-0.02854937040036578,-2.854937040036578
short,train,2023-03-11 04:00:00+00:00,2023-03-12 04:00:00+00:00,18.174,17.838,timeout,7,0.01848794981842184,0.01748794981842184,1.748794981842184
short,train,2023-03-12 16:00:00+00:00,2023-03-12 16:00:00+00:00,17.841,18.311077700823564,sl,1,-0.026348169991792084,-0.027348169991792085,-2.7348169991792086
short,train,2023-03-13 00:00:00+00:00,2023-03-13 12:00:00+00:00,20.193,20.767263425710116,sl,4,-0.028438737468930542,-0.029438737468930543,-2.9438737468930545
short,train,2023-03-14 08:00:00+00:00,2023-03-14 12:00:00+00:00,20.009,20.619614280807617,sl,2,-0.03051698139875142,-0.03151698139875142,-3.1516981398751422
short,train,2023-03-14 20:00:00+00:00,2023-03-15 20:00:00+00:00,20.923,19.246,timeout,7,0.08015102996702192,0.07915102996702192,7.915102996702192
short,train,2023-03-16 04:00:00+00:00,2023-03-17 00:00:00+00:00,19.339,20.009645816431544,sl,6,-0.034678412349736024,-0.035678412349736024,-3.5678412349736024
short,train,2023-03-17 08:00:00+00:00,2023-03-17 08:00:00+00:00,20.009,20.58909352007532,sl,1,-0.028991629770369304,-0.029991629770369305,-2.9991629770369306
short,train,2023-03-17 16:00:00+00:00,2023-03-17 16:00:00+00:00,20.034,20.620249004554736,sl,1,-0.02926270363156322,-0.03026270363156322,-3.026270363156322
short,train,2023-03-22 20:00:00+00:00,2023-03-22 20:00:00+00:00,21.099,21.779095391729445,sl,1,-0.03223353674247334,-0.03323353674247334,-3.323353674247334
short,train,2023-03-23 04:00:00+00:00,2023-03-23 12:00:00+00:00,21.268,21.92450699592998,sl,3,-0.03086829960174819,-0.03186829960174819,-3.1868299601748187
short,train,2023-03-24 16:00:00+00:00,2023-03-25 16:00:00+00:00,21.206,20.139,timeout,7,0.0503159483165142,0.0493159483165142,4.93159483165142
short,train,2023-03-26 00:00:00+00:00,2023-03-26 08:00:00+00:00,20.409,20.88782633527064,sl,3,-0.023461528505592605,-0.024461528505592606,-2.4461528505592605
short,train,2023-03-26 20:00:00+00:00,2023-03-27 12:00:00+00:00,20.912,19.541450960403147,tp,5,0.06553887909319303,0.06453887909319303,6.453887909319303
short,train,2023-03-27 20:00:00+00:00,2023-03-28 08:00:00+00:00,19.679,20.091267262621525,sl,4,-0.020949604279766568,-0.02194960427976657,-2.194960427976657
short,train,2023-03-28 20:00:00+00:00,2023-03-29 04:00:00+00:00,20.715,21.12330542145983,sl,3,-0.01971061653197341,-0.02071061653197341,-2.071061653197341
short,train,2023-03-30 12:00:00+00:00,2023-03-31 12:00:00+00:00,20.686,20.868,timeout,7,-0.00879822101904663,-0.009798221019046632,-0.9798221019046631
short,train,2023-04-02 16:00:00+00:00,2023-04-03 16:00:00+00:00,20.593,20.89809206552073,sl,7,-0.014815328777775387,-0.015815328777775386,-1.5815328777775386
short,train,2023-04-04 08:00:00+00:00,2023-04-04 08:00:00+00:00,20.531,20.867750160230937,sl,1,-0.0164020340086181,-0.0174020340086181,-1.74020340086181
short,train,2023-04-07 08:00:00+00:00,2023-04-07 12:00:00+00:00,20.283,20.557168927470723,sl,2,-0.01351717830058285,-0.014517178300582849,-1.451717830058285
short,train,2023-04-07 20:00:00+00:00,2023-04-08 20:00:00+00:00,20.485,20.043,timeout,7,0.02157676348547719,0.020576763485477188,2.057676348547719
short,train,2023-04-09 04:00:00+00:00,2023-04-09 16:00:00+00:00,20.104,20.332437661968147,sl,4,-0.011362796556314536,-0.012362796556314535,-1.2362796556314535
short,train,2023-04-10 00:00:00+00:00,2023-04-10 16:00:00+00:00,20.286,20.513207389081074,sl,5,-0.011200206501088094,-0.012200206501088093,-1.2200206501088093
short,train,2023-04-22 08:00:00+00:00,2023-04-22 16:00:00+00:00,21.279,21.7563377470316,sl,3,-0.02243233925614932,-0.02343233925614932,-2.343233925614932
short,train,2023-04-23 00:00:00+00:00,2023-04-23 08:00:00+00:00,21.795,22.20650041370704,sl,3,-0.018880496155404384,-0.019880496155404385,-1.9880496155404386
short,train,2023-04-23 16:00:00+00:00,2023-04-24 16:00:00+00:00,21.648,21.335,timeout,7,0.014458610495195808,0.013458610495195807,1.3458610495195806
short,train,2023-04-25 00:00:00+00:00,2023-04-25 20:00:00+00:00,21.385,21.794079511725453,sl,6,-0.01912927340310739,-0.02012927340310739,-2.012927340310739
short,train,2023-05-09 20:00:00+00:00,2023-05-10 12:00:00+00:00,20.625,20.98312258575111,sl,5,-0.017363519309144797,-0.0183635193091448,-1.8363519309144798
short,train,2023-05-12 20:00:00+00:00,2023-05-12 20:00:00+00:00,20.482,20.846000034571283,sl,1,-0.01777170367011442,-0.01877170367011442,-1.877170367011442
short,train,2023-05-15 00:00:00+00:00,2023-05-15 00:00:00+00:00,20.932,21.209965609681813,sl,1,-0.013279457752809785,-0.014279457752809786,-1.4279457752809785
short,train,2023-05-15 08:00:00+00:00,2023-05-16 08:00:00+00:00,21.393,20.882,timeout,7,0.02388631795447105,0.02288631795447105,2.288631795447105
short,train,2023-05-16 16:00:00+00:00,2023-05-17 00:00:00+00:00,20.779,21.045806198701413,sl,3,-0.012840184739468378,-0.013840184739468377,-1.3840184739468377
short,train,2023-05-17 12:00:00+00:00,2023-05-17 16:00:00+00:00,20.522,20.7919030109003,sl,2,-0.01315188631226491,-0.01415188631226491,-1.4151886312264912
short,train,2023-05-18 00:00:00+00:00,2023-05-18 16:00:00+00:00,21.057,20.14176595608848,tp,5,0.043464598181674405,0.042464598181674404,4.24645981816744
short,train,2023-05-19 00:00:00+00:00,2023-05-20 00:00:00+00:00,20.345,20.282,timeout,7,0.003096583927254797,0.0020965839272547968,0.20965839272547968
short,train,2023-05-20 08:00:00+00:00,2023-05-21 00:00:00+00:00,20.17,20.376852854996397,sl,5,-0.010255471244243681,-0.01125547124424368,-1.125547124424368
short,train,2023-05-21 08:00:00+00:00,2023-05-21 20:00:00+00:00,20.285,19.74046586196356,tp,4,0.026844177374239078,0.025844177374239077,2.5844177374239075
short,train,2023-05-22 04:00:00+00:00,2023-05-22 04:00:00+00:00,19.54,19.743132445026976,sl,1,-0.010395723901073548,-0.011395723901073549,-1.139572390107355
short,train,2023-05-22 12:00:00+00:00,2023-05-23 00:00:00+00:00,19.867,20.0670606286202,sl,4,-0.01006999691046459,-0.011069996910464591,-1.1069996910464592
short,train,2023-05-23 08:00:00+00:00,2023-05-23 16:00:00+00:00,19.846,20.078836647271746,sl,3,-0.01173217007315057,-0.01273217007315057,-1.273217007315057
short,train,2023-05-24 00:00:00+00:00,2023-05-24 12:00:00+00:00,20.027,19.31280559031581,tp,4,0.03566157735478053,0.03466157735478053,3.466157735478053
short,train,2023-05-25 04:00:00+00:00,2023-05-26 04:00:00+00:00,19.368,19.306,timeout,7,0.0032011565468813307,0.0022011565468813307,0.22011565468813307
short,train,2023-05-26 12:00:00+00:00,2023-05-26 12:00:00+00:00,19.298,19.50762816824378,sl,1,-0.010862688788671467,-0.011862688788671468,-1.1862688788671467
short,train,2023-05-26 20:00:00+00:00,2023-05-27 16:00:00+00:00,19.473,19.681198522618363,sl,6,-0.01069165113841545,-0.01169165113841545,-1.169165113841545
short,train,2023-05-28 00:00:00+00:00,2023-05-28 00:00:00+00:00,20.422,20.632500474269342,sl,1,-0.010307534730650363,-0.011307534730650364,-1.1307534730650364
short,train,2023-05-28 20:00:00+00:00,2023-05-28 20:00:00+00:00,20.781,21.0049887116285,sl,1,-0.010778533835161948,-0.011778533835161947,-1.1778533835161946
short,train,2023-05-29 08:00:00+00:00,2023-05-30 00:00:00+00:00,20.738,20.968590178370196,sl,5,-0.011119210067036178,-0.012119210067036177,-1.2119210067036177
short,train,2023-05-30 08:00:00+00:00,2023-05-30 08:00:00+00:00,20.743,20.98491500020969,sl,1,-0.011662488560463318,-0.012662488560463318,-1.2662488560463319
short,train,2023-05-30 16:00:00+00:00,2023-05-30 16:00:00+00:00,20.941,21.20794073997672,sl,1,-0.012747277588306271,-0.01374727758830627,-1.374727758830627
short,train,2023-05-31 08:00:00+00:00,2023-06-01 08:00:00+00:00,20.711,20.718,timeout,7,-0.0003379846458404447,-0.0013379846458404447,-0.13379846458404446
short,train,2023-06-05 16:00:00+00:00,2023-06-05 16:00:00+00:00,19.924,20.255915343887313,sl,1,-0.01665907166669914,-0.017659071666699142,-1.7659071666699142
short,train,2023-06-06 00:00:00+00:00,2023-06-06 16:00:00+00:00,20.01,20.386092822025287,sl,5,-0.01879524347952449,-0.01979524347952449,-1.979524347952449
short,train,2023-06-07 00:00:00+00:00,2023-06-07 16:00:00+00:00,20.388,19.11373767452291,tp,5,0.06250060454566865,0.06150060454566865,6.150060454566865
short,train,2023-06-08 00:00:00+00:00,2023-06-08 20:00:00+00:00,18.638,19.03023559715926,sl,6,-0.021044940291836924,-0.022044940291836925,-2.2044940291836923
short,train,2023-06-09 04:00:00+00:00,2023-06-09 08:00:00+00:00,18.768,19.11010765909416,sl,2,-0.018228242705358107,-0.01922824270535811,-1.9228242705358107
short,train,2023-06-09 16:00:00+00:00,2023-06-09 16:00:00+00:00,18.684,17.430966682422415,tp,1,0.06706451068173762,0.06606451068173762,6.606451068173762
short,train,2023-06-10 00:00:00+00:00,2023-06-10 04:00:00+00:00,17.396,15.960412598619326,tp,2,0.0825239941009815,0.0815239941009815,8.15239941009815
short,train,2023-06-10 16:00:00+00:00,2023-06-10 16:00:00+00:00,14.772,15.39829054381638,sl,1,-0.04239713944058892,-0.04339713944058892,-4.339713944058892
short,train,2023-06-11 00:00:00+00:00,2023-06-12 00:00:00+00:00,15.617,15.099,timeout,7,0.033168982519049796,0.032168982519049795,3.2168982519049796
short,train,2023-06-12 08:00:00+00:00,2023-06-12 08:00:00+00:00,15.081,15.634018309576877,sl,1,-0.036669870007086915,-0.037669870007086916,-3.7669870007086916
short,train,2023-06-12 16:00:00+00:00,2023-06-13 12:00:00+00:00,15.204,15.732962215910675,sl,6,-0.03479099025984439,-0.03579099025984439,-3.579099025984439
short,train,2023-06-16 00:00:00+00:00,2023-06-16 16:00:00+00:00,14.769,15.176394140786536,sl,5,-0.027584409288816863,-0.028584409288816864,-2.8584409288816865
short,train,2023-06-17 04:00:00+00:00,2023-06-17 04:00:00+00:00,15.426,15.783679565260865,sl,1,-0.02318679925196842,-0.02418679925196842,-2.418679925196842
short,train,2023-06-17 12:00:00+00:00,2023-06-18 12:00:00+00:00,15.764,15.714,timeout,7,0.00317178381121536,0.00217178381121536,0.217178381121536
short,train,2023-06-19 04:00:00+00:00,2023-06-19 16:00:00+00:00,15.485,15.758052685163108,sl,4,-0.01763336681712033,-0.01863336681712033,-1.8633366817120331
short,train,2023-06-20 00:00:00+00:00,2023-06-20 16:00:00+00:00,16.107,16.36538974019803,sl,5,-0.016042077369965244,-0.017042077369965245,-1.7042077369965245
short,train,2023-06-21 00:00:00+00:00,2023-06-21 00:00:00+00:00,16.642,16.905351077708573,sl,1,-0.01582448490016668,-0.01682448490016668,-1.682448490016668
short,train,2023-06-21 08:00:00+00:00,2023-06-21 16:00:00+00:00,16.824,17.096899653738518,sl,3,-0.01622085435916051,-0.01722085435916051,-1.7220854359160511
short,train,2023-06-22 04:00:00+00:00,2023-06-23 00:00:00+00:00,17.535,16.543181575908754,tp,6,0.056562214091317134,0.05556221409131713,5.556221409131713
short,train,2023-06-23 08:00:00+00:00,2023-06-23 16:00:00+00:00,16.776,17.072359130942093,sl,3,-0.017665661119581153,-0.018665661119581154,-1.8665661119581154
short,train,2023-06-24 04:00:00+00:00,2023-06-25 04:00:00+00:00,17.367,17.284,timeout,7,0.00477917890251638,0.0037791789025163796,0.37791789025163797
short,train,2023-06-25 12:00:00+00:00,2023-06-26 12:00:00+00:00,17.246,16.82,timeout,7,0.024701380030151827,0.023701380030151827,2.3701380030151826
short,train,2023-06-26 20:00:00+00:00,2023-06-27 04:00:00+00:00,16.308,16.638605786854516,sl,3,-0.020272613861571993,-0.021272613861571994,-2.1272613861571994
short,train,2023-06-27 12:00:00+00:00,2023-06-28 12:00:00+00:00,16.698,16.323,timeout,7,0.022457779374775423,0.021457779374775422,2.145777937477542
short,train,2023-06-29 08:00:00+00:00,2023-06-29 08:00:00+00:00,16.255,16.590057637450457,sl,1,-0.020612589200274235,-0.021612589200274236,-2.1612589200274237
short,train,2023-08-16 20:00:00+00:00,2023-08-17 20:00:00+00:00,23.338,22.20913289467985,tp,7,0.04837034473048892,0.04737034473048892,4.737034473048892
short,train,2023-08-19 04:00:00+00:00,2023-08-19 12:00:00+00:00,21.416,21.91175639942911,sl,3,-0.023148879315890387,-0.02414887931589039,-2.414887931589039
short,train,2023-08-19 20:00:00+00:00,2023-08-20 20:00:00+00:00,21.881,21.775,timeout,7,0.004844385539966256,0.0038443855399662562,0.38443855399662563
short,train,2023-08-21 04:00:00+00:00,2023-08-22 04:00:00+00:00,21.407,21.174,timeout,7,0.010884290185453381,0.009884290185453382,0.9884290185453383
short,train,2023-08-22 16:00:00+00:00,2023-08-22 20:00:00+00:00,20.696,19.57496017084693,tp,2,0.054166980535034444,0.05316698053503444,5.316698053503444
short,train,2023-08-23 04:00:00+00:00,2023-08-23 12:00:00+00:00,20.595,20.98861109744708,sl,3,-0.01911197365608553,-0.02011197365608553,-2.0111973656085533
short,train,2023-08-23 20:00:00+00:00,2023-08-24 04:00:00+00:00,21.507,21.906577091685396,sl,3,-0.018578932054000755,-0.019578932054000756,-1.9578932054000755
short,train,2023-08-24 12:00:00+00:00,2023-08-25 00:00:00+00:00,21.78,20.569774350476667,tp,4,0.05556591595607594,0.05456591595607594,5.456591595607594
short,train,2023-08-25 08:00:00+00:00,2023-08-26 08:00:00+00:00,20.56,20.298,timeout,7,0.012743190661478622,0.011743190661478622,1.1743190661478622
short,train,2023-08-26 16:00:00+00:00,2023-08-27 08:00:00+00:00,20.358,20.649647461862653,sl,5,-0.014325938788812866,-0.015325938788812866,-1.5325938788812867
short,train,2023-08-27 16:00:00+00:00,2023-08-28 16:00:00+00:00,20.753,20.47,timeout,7,0.013636582662747615,0.012636582662747614,1.2636582662747613
short,train,2023-08-29 00:00:00+00:00,2023-08-29 12:00:00+00:00,20.563,20.807791858408418,sl,4,-0.011904481758907709,-0.01290448175890771,-1.2904481758907709
short,train,2023-08-30 08:00:00+00:00,2023-08-31 08:00:00+00:00,21.641,20.887,timeout,7,0.0348412735086178,0.0338412735086178,3.38412735086178
short,train,2023-08-31 16:00:00+00:00,2023-09-01 12:00:00+00:00,20.334,19.277143689213307,tp,6,0.0519748357817789,0.0509748357817789,5.09748357817789
short,train,2023-09-01 20:00:00+00:00,2023-09-02 04:00:00+00:00,19.283,19.60417717578373,sl,3,-0.01665597551126524,-0.01765597551126524,-1.7655975511265238
short,train,2023-09-02 12:00:00+00:00,2023-09-03 12:00:00+00:00,19.574,19.33,timeout,7,0.012465515479718163,0.011465515479718164,1.1465515479718165
short,train,2023-09-03 20:00:00+00:00,2023-09-04 00:00:00+00:00,19.488,19.736370461279787,sl,2,-0.012744789679792038,-0.013744789679792039,-1.374478967979204
short,train,2023-09-04 08:00:00+00:00,2023-09-05 08:00:00+00:00,19.776,19.547,timeout,7,0.011579692556634264,0.010579692556634265,1.0579692556634264
short,train,2023-09-05 16:00:00+00:00,2023-09-06 12:00:00+00:00,20.4,19.42064610112669,tp,6,0.04800754406241715,0.047007544062417146,4.700754406241715
short,train,2023-09-06 20:00:00+00:00,2023-09-07 00:00:00+00:00,19.481,19.794171412684854,sl,2,-0.016075735983001497,-0.017075735983001498,-1.7075735983001499
short,train,2023-09-07 08:00:00+00:00,2023-09-07 20:00:00+00:00,19.554,19.841691269558535,sl,4,-0.014712655700037644,-0.015712655700037645,-1.5712655700037645
short,train,2023-09-08 12:00:00+00:00,2023-09-09 12:00:00+00:00,19.547,19.522,timeout,7,0.0012789686396890638,0.00027896863968906375,0.027896863968906376
short,train,2023-09-09 20:00:00+00:00,2023-09-10 04:00:00+00:00,19.442,18.761038756295672,tp,3,0.03502526713837711,0.034025267138377106,3.4025267138377107
short,train,2023-09-10 12:00:00+00:00,2023-09-10 20:00:00+00:00,18.332,18.583298663953347,sl,3,-0.013708196811768813,-0.014708196811768812,-1.4708196811768812
short,train,2023-09-11 04:00:00+00:00,2023-09-11 08:00:00+00:00,18.342,17.3870646092625,tp,2,0.05206277345641152,0.05106277345641152,5.106277345641152
short,train,2023-09-11 16:00:00+00:00,2023-09-12 00:00:00+00:00,17.835,18.15601946648509,sl,3,-0.01799940939080966,-0.01899940939080966,-1.899940939080966
short,train,2023-09-12 08:00:00+00:00,2023-09-12 08:00:00+00:00,17.98,18.330075410825714,sl,1,-0.019470267565390064,-0.020470267565390065,-2.0470267565390063
short,train,2023-09-12 16:00:00+00:00,2023-09-13 04:00:00+00:00,18.006,18.37856119606911,sl,4,-0.020690947243647142,-0.021690947243647143,-2.1690947243647143
short,train,2023-09-13 12:00:00+00:00,2023-09-13 12:00:00+00:00,18.187,18.563959481023698,sl,1,-0.020726864299977825,-0.021726864299977826,-2.1726864299977824
short,train,2023-09-13 20:00:00+00:00,2023-09-14 00:00:00+00:00,18.371,18.761315828025534,sl,2,-0.02124630276117443,-0.02224630276117443,-2.224630276117443
short,train,2023-09-14 08:00:00+00:00,2023-09-14 12:00:00+00:00,18.785,19.17381928723473,sl,2,-0.020698391654763282,-0.021698391654763283,-2.1698391654763283
short,train,2023-09-14 20:00:00+00:00,2023-09-15 20:00:00+00:00,19.048,19.41283599637562,sl,7,-0.01915350673958533,-0.020153506739585332,-2.015350673958533
short,train,2023-09-16 04:00:00+00:00,2023-09-17 04:00:00+00:00,19.234,18.905,timeout,7,0.017105126338775117,0.016105126338775116,1.6105126338775118
short,train,2023-09-17 12:00:00+00:00,2023-09-18 04:00:00+00:00,19.023,19.295606381470453,sl,5,-0.014330357013638918,-0.01533035701363892,-1.533035701363892
short,train,2023-09-18 12:00:00+00:00,2023-09-18 12:00:00+00:00,19.589,19.872113957724487,sl,1,-0.01445270088950372,-0.01545270088950372,-1.545270088950372
short,train,2023-09-18 20:00:00+00:00,2023-09-19 08:00:00+00:00,19.784,20.088339330895096,sl,4,-0.015383104068696765,-0.016383104068696766,-1.6383104068696765
short,train,2023-09-19 20:00:00+00:00,2023-09-20 00:00:00+00:00,19.934,20.233304820266273,sl,2,-0.015014789819718672,-0.016014789819718673,-1.6014789819718673
short,train,2023-09-21 12:00:00+00:00,2023-09-22 12:00:00+00:00,19.593,19.465,timeout,7,0.006532945439697857,0.005532945439697857,0.5532945439697857
short,train,2023-09-22 20:00:00+00:00,2023-09-23 20:00:00+00:00,19.358,19.479,timeout,7,-0.00625064572786438,-0.00725064572786438,-0.725064572786438
short,train,2023-09-24 04:00:00+00:00,2023-09-25 04:00:00+00:00,19.576,19.487,timeout,7,0.004546383326522384,0.003546383326522384,0.3546383326522384
short,train,2023-09-25 12:00:00+00:00,2023-09-26 12:00:00+00:00,19.54,19.163,timeout,7,0.01929375639713403,0.01829375639713403,1.829375639713403
short,train,2023-09-26 20:00:00+00:00,2023-09-27 08:00:00+00:00,19.236,19.418150573519725,sl,4,-0.009469254185887096,-0.010469254185887095,-1.0469254185887094
short,train,2023-09-27 16:00:00+00:00,2023-09-28 00:00:00+00:00,18.94,19.16483505364926,sl,3,-0.01187091096352999,-0.012870910963529991,-1.2870910963529991
short,train,2024-01-24 12:00:00+00:00,2024-01-25 00:00:00+00:00,87.2,89.5357213184116,sl,4,-0.02678579493591285,-0.02778579493591285,-2.778579493591285
short,train,2024-01-25 08:00:00+00:00,2024-01-26 08:00:00+00:00,88.18,90.35833791905345,sl,7,-0.024703310490513126,-0.025703310490513127,-2.5703310490513127
short,train,2024-01-26 16:00:00+00:00,2024-01-27 16:00:00+00:00,92.42,93.11,timeout,7,-0.007465916468296881,-0.00846591646829688,-0.8465916468296881
short,train,2024-01-28 04:00:00+00:00,2024-01-28 08:00:00+00:00,96.65,98.4515410560329,sl,2,-0.01863984538057826,-0.01963984538057826,-1.963984538057826
short,train,2024-01-29 08:00:00+00:00,2024-01-29 12:00:00+00:00,96.74,98.6915275859787,sl,2,-0.020172912817642233,-0.021172912817642234,-2.1172912817642233
short,train,2024-02-01 04:00:00+00:00,2024-02-01 08:00:00+00:00,93.61,96.05927020640945,sl,2,-0.026164621369612773,-0.027164621369612774,-2.7164621369612774
short,train,2024-02-01 16:00:00+00:00,2024-02-02 00:00:00+00:00,95.99,98.33019921409677,sl,3,-0.024379614690038243,-0.025379614690038244,-2.5379614690038244
short,train,2024-02-05 00:00:00+00:00,2024-02-05 04:00:00+00:00,95.47,97.16244551815458,sl,2,-0.017727511450241807,-0.018727511450241808,-1.8727511450241807
short,train,2024-02-05 16:00:00+00:00,2024-02-06 16:00:00+00:00,95.6,97.29836933683916,sl,7,-0.01776536963220883,-0.01876536963220883,-1.876536963220883
short,train,2024-02-07 12:00:00+00:00,2024-02-07 12:00:00+00:00,95.16,96.65483898858682,sl,1,-0.01570869050637685,-0.016708690506376852,-1.670869050637685
short,train,2024-04-15 00:00:00+00:00,2024-04-16 00:00:00+00:00,151.26,134.62,timeout,7,0.11000925558640742,0.10900925558640742,10.900925558640742
short,train,2024-04-17 04:00:00+00:00,2024-04-18 04:00:00+00:00,137.41,129.47,timeout,7,0.05778327632632267,0.05678327632632267,5.678327632632267
short,train,2024-04-18 16:00:00+00:00,2024-04-19 04:00:00+00:00,138.99,145.02111228224456,sl,4,-0.0433924187513098,-0.0443924187513098,-4.43924187513098
short,train,2024-04-19 12:00:00+00:00,2024-04-20 12:00:00+00:00,144.43,147.2,timeout,7,-0.01917884096101905,-0.020178840961019053,-2.017884096101905
short,train,2024-04-20 20:00:00+00:00,2024-04-21 20:00:00+00:00,151.22,148.82,timeout,7,0.015870916545430536,0.014870916545430535,1.4870916545430535
short,train,2024-04-22 04:00:00+00:00,2024-04-22 04:00:00+00:00,150.35,154.26075973261104,sl,1,-0.026011039126112676,-0.027011039126112676,-2.7011039126112677
short,train,2024-04-22 12:00:00+00:00,2024-04-22 20:00:00+00:00,153.25,157.07719844291464,sl,3,-0.02497356243337446,-0.02597356243337446,-2.597356243337446
short,train,2024-04-23 04:00:00+00:00,2024-04-23 12:00:00+00:00,155.52,159.1095488788027,sl,3,-0.02308094700876223,-0.024080947008762232,-2.408094700876223
short,train,2024-04-23 20:00:00+00:00,2024-04-24 20:00:00+00:00,157.48,146.13152427569378,tp,7,0.0720629649752744,0.0710629649752744,7.106296497527439
short,train,2024-04-25 04:00:00+00:00,2024-04-26 04:00:00+00:00,146.04,143.5,timeout,7,0.017392495206792605,0.016392495206792604,1.6392495206792603
short,train,2024-04-26 12:00:00+00:00,2024-04-27 00:00:00+00:00,143.14,132.55007281553188,tp,4,0.07398300394346871,0.07298300394346871,7.298300394346871
short,train,2024-04-27 08:00:00+00:00,2024-04-27 12:00:00+00:00,136.19,139.4120183093927,sl,2,-0.0236582591188244,-0.0246582591188244,-2.46582591188244
short,train,2024-04-27 20:00:00+00:00,2024-04-28 20:00:00+00:00,142.3,138.0,timeout,7,0.0302178496134927,0.029217849613492698,2.9217849613492697
short,train,2024-04-29 04:00:00+00:00,2024-04-29 20:00:00+00:00,134.93,137.77391669363362,sl,5,-0.02107697838607883,-0.02207697838607883,-2.2076978386078827
short,train,2024-04-30 04:00:00+00:00,2024-04-30 12:00:00+00:00,136.49,127.0110077389094,tp,3,0.06944825453213137,0.06844825453213137,6.8448254532131365
short,train,2024-04-30 20:00:00+00:00,2024-04-30 20:00:00+00:00,123.04,126.10997336762554,sl,1,-0.02495101891763277,-0.02595101891763277,-2.595101891763277
short,train,2024-05-01 04:00:00+00:00,2024-05-01 16:00:00+00:00,126.21,129.34487499555468,sl,4,-0.024838562677717158,-0.02583856267771716,-2.583856267771716
short,train,2024-05-02 00:00:00+00:00,2024-05-02 08:00:00+00:00,134.65,138.49745521625007,sl,3,-0.028573748356851603,-0.029573748356851604,-2.9573748356851604
short,train,2024-05-02 16:00:00+00:00,2024-05-03 12:00:00+00:00,139.1,143.12570044854536,sl,6,-0.028941052829226203,-0.029941052829226204,-2.9941052829226202
short,train,2024-05-04 12:00:00+00:00,2024-05-05 12:00:00+00:00,146.5,147.48,timeout,7,-0.006689419795221773,-0.007689419795221773,-0.7689419795221774
short,train,2024-05-06 00:00:00+00:00,2024-05-06 04:00:00+00:00,145.73,148.31256385552788,sl,2,-0.017721566290591465,-0.018721566290591466,-1.8721566290591467
short,train,2024-05-08 00:00:00+00:00,2024-05-09 00:00:00+00:00,148.04,144.1,timeout,7,0.02661442853282895,0.02561442853282895,2.561442853282895
short,train,2024-05-09 08:00:00+00:00,2024-05-09 12:00:00+00:00,143.25,146.25292469863186,sl,2,-0.020962825121339325,-0.021962825121339326,-2.1962825121339327
short,train,2024-05-10 16:00:00+00:00,2024-05-11 16:00:00+00:00,146.92,146.43,timeout,7,0.0033351483800706555,0.0023351483800706555,0.23351483800706554
short,train,2024-05-12 00:00:00+00:00,2024-05-13 00:00:00+00:00,145.42,140.14,timeout,7,0.03630862329803329,0.03530862329803329,3.530862329803329
short,train,2024-05-13 08:00:00+00:00,2024-05-13 08:00:00+00:00,143.54,146.36419631646973,sl,1,-0.01967532615626124,-0.02067532615626124,-2.0675326156261242
short,train,2024-05-14 16:00:00+00:00,2024-05-15 08:00:00+00:00,142.89,145.81757977436132,sl,5,-0.020488346100926126,-0.021488346100926127,-2.148834610092613
short,train,2024-06-16 04:00:00+00:00,2024-06-16 12:00:00+00:00,143.99,146.24174561660675,sl,3,-0.01563820832423599,-0.01663820832423599,-1.663820832423599
short,train,2024-06-16 20:00:00+00:00,2024-06-16 20:00:00+00:00,148.79,150.94276425332947,sl,1,-0.014468474046168961,-0.01546847404616896,-1.546847404616896
short,train,2024-06-18 04:00:00+00:00,2024-06-19 00:00:00+00:00,135.57,138.89929651176482,sl,6,-0.024557767291914317,-0.025557767291914318,-2.555776729191432
short,train,2024-06-19 08:00:00+00:00,2024-06-20 08:00:00+00:00,139.98,139.32,timeout,7,0.004714959279897104,0.003714959279897104,0.37149592798971043
short,train,2024-06-20 16:00:00+00:00,2024-06-21 16:00:00+00:00,133.25,132.65,timeout,7,0.004502814258911777,0.0035028142589117774,0.3502814258911777
short,train,2024-06-22 00:00:00+00:00,2024-06-23 00:00:00+00:00,134.6,134.76,timeout,7,-0.0011887072808320698,-0.00218870728083207,-0.218870728083207
short,train,2024-06-23 08:00:00+00:00,2024-06-24 00:00:00+00:00,134.73,127.57287331087221,tp,5,0.053121997247292954,0.05212199724729295,5.212199724729295
short,train,2024-06-24 08:00:00+00:00,2024-06-24 08:00:00+00:00,125.21,127.3789095427217,sl,1,-0.017322175087626443,-0.018322175087626444,-1.8322175087626444
short,train,2024-06-28 12:00:00+00:00,2024-06-29 12:00:00+00:00,145.5,142.66,timeout,7,0.019518900343642634,0.018518900343642633,1.8518900343642632
short,train,2024-06-30 00:00:00+00:00,2024-06-30 12:00:00+00:00,140.28,142.61692081969045,sl,4,-0.01665897362197354,-0.01765897362197354,-1.765897362197354
short,train,2024-07-03 08:00:00+00:00,2024-07-04 00:00:00+00:00,146.41,137.67732975745736,tp,5,0.05964531276922778,0.05864531276922778,5.8645312769227775
short,train,2024-07-04 08:00:00+00:00,2024-07-05 00:00:00+00:00,134.41,124.33729065632502,tp,5,0.07494017813908915,0.07394017813908915,7.394017813908915
short,train,2024-07-05 08:00:00+00:00,2024-07-05 08:00:00+00:00,126.73,130.34639054442803,sl,1,-0.028536183574749695,-0.029536183574749696,-2.9536183574749697
short,train,2024-07-05 16:00:00+00:00,2024-07-06 08:00:00+00:00,134.93,138.83602041840987,sl,5,-0.028948494911508683,-0.029948494911508684,-2.9948494911508683
short,train,2024-07-06 16:00:00+00:00,2024-07-07 16:00:00+00:00,141.88,137.32,timeout,7,0.03213983648153371,0.031139836481533706,3.1139836481533707
short,train,2024-07-08 00:00:00+00:00,2024-07-08 08:00:00+00:00,131.65,134.87905224246362,sl,3,-0.024527552164554572,-0.025527552164554573,-2.5527552164554574
short,train,2024-07-08 16:00:00+00:00,2024-07-09 04:00:00+00:00,137.47,141.2096161390307,sl,4,-0.027203143515171946,-0.028203143515171947,-2.8203143515171947
short,train,2024-07-09 12:00:00+00:00,2024-07-10 04:00:00+00:00,141.91,145.40126567912387,sl,5,-0.024601970820406386,-0.025601970820406387,-2.560197082040639
short,train,2024-07-10 12:00:00+00:00,2024-07-11 12:00:00+00:00,142.82,145.95891440473704,sl,7,-0.021978115143096562,-0.022978115143096563,-2.2978115143096565
short,train,2024-07-12 00:00:00+00:00,2024-07-12 12:00:00+00:00,135.75,138.56484879873028,sl,4,-0.02073553442895235,-0.02173553442895235,-2.173553442895235
short,train,2024-07-12 20:00:00+00:00,2024-07-13 20:00:00+00:00,138.49,141.15415154404965,sl,7,-0.019237140183765215,-0.020237140183765216,-2.0237140183765217
short,train,2024-08-04 20:00:00+00:00,2024-08-05 00:00:00+00:00,142.0,126.45290767895594,tp,2,0.10948656564115536,0.10848656564115536,10.848656564115537
short,train,2024-08-06 00:00:00+00:00,2024-08-06 00:00:00+00:00,129.79,136.78311480422167,sl,1,-0.05388022809324044,-0.05488022809324044,-5.488022809324044
short,train,2024-08-06 08:00:00+00:00,2024-08-06 20:00:00+00:00,141.95,148.9103515403748,sl,4,-0.049033825575025024,-0.050033825575025025,-5.003382557502502
short,train,2024-08-07 04:00:00+00:00,2024-08-08 04:00:00+00:00,151.62,153.64,timeout,7,-0.013322780635799907,-0.014322780635799906,-1.4322780635799905
short,train,2024-08-17 04:00:00+00:00,2024-08-18 00:00:00+00:00,138.9,142.13067660401256,sl,6,-0.023259010828024174,-0.024259010828024175,-2.4259010828024175
short,train,2024-08-18 12:00:00+00:00,2024-08-19 12:00:00+00:00,144.63,143.87,timeout,7,0.005254788079928029,0.004254788079928029,0.4254788079928029
short,train,2024-08-20 04:00:00+00:00,2024-08-20 04:00:00+00:00,145.58,147.9950507574867,sl,1,-0.016589165802216525,-0.017589165802216526,-1.7589165802216526
short,train,2024-08-20 12:00:00+00:00,2024-08-21 12:00:00+00:00,145.4,140.37,timeout,7,0.034594222833562595,0.033594222833562594,3.3594222833562593
short,train,2024-08-21 20:00:00+00:00,2024-08-22 20:00:00+00:00,143.43,143.23,timeout,7,0.001394408422226989,0.000394408422226989,0.0394408422226989
short,train,2024-08-24 08:00:00+00:00,2024-08-24 08:00:00+00:00,154.62,156.83094030887912,sl,1,-0.014299187096618269,-0.015299187096618268,-1.5299187096618267
short,train,2024-08-27 12:00:00+00:00,2024-08-27 20:00:00+00:00,154.25,146.18175854023596,tp,3,0.052306265541420024,0.051306265541420024,5.130626554142002
short,train,2024-08-28 04:00:00+00:00,2024-08-29 04:00:00+00:00,148.18,144.67,timeout,7,0.023687407207450526,0.022687407207450525,2.2687407207450527
short,train,2024-08-29 12:00:00+00:00,2024-08-30 12:00:00+00:00,145.59,136.29341337860333,tp,7,0.06385456845522818,0.06285456845522817,6.285456845522817
short,train,2024-08-31 00:00:00+00:00,2024-09-01 00:00:00+00:00,137.99,134.09,timeout,7,0.028262917602724875,0.027262917602724875,2.7262917602724874
short,train,2024-09-01 16:00:00+00:00,2024-09-02 16:00:00+00:00,134.28,133.03,timeout,7,0.009308906761989871,0.008308906761989872,0.8308906761989872
short,train,2024-09-03 00:00:00+00:00,2024-09-04 00:00:00+00:00,134.93,126.11826652102374,tp,7,0.06530596219503643,0.06430596219503643,6.430596219503642
short,train,2024-09-04 20:00:00+00:00,2024-09-05 20:00:00+00:00,133.2,129.4,timeout,7,0.028528528528528403,0.0275285285285284,2.75285285285284
short,train,2024-09-06 04:00:00+00:00,2024-09-06 12:00:00+00:00,130.7,133.29403527247706,sl,3,-0.01984724768536398,-0.02084724768536398,-2.084724768536398
short,train,2024-09-06 20:00:00+00:00,2024-09-07 04:00:00+00:00,125.12,127.95793475159356,sl,3,-0.022681703577314184,-0.023681703577314184,-2.3681703577314184
short,train,2024-09-07 12:00:00+00:00,2024-09-08 04:00:00+00:00,126.99,129.6341820319727,sl,5,-0.020821970485650085,-0.021821970485650086,-2.1821970485650084
short,train,2024-09-08 12:00:00+00:00,2024-09-09 12:00:00+00:00,130.08,128.39,timeout,7,0.012992004920049401,0.011992004920049402,1.1992004920049402
short,train,2024-09-10 00:00:00+00:00,2024-09-10 16:00:00+00:00,135.06,137.46818608682702,sl,5,-0.017830490795402158,-0.01883049079540216,-1.883049079540216
short,train,2024-09-11 00:00:00+00:00,2024-09-12 00:00:00+00:00,135.61,135.63,timeout,7,-0.00014748174913341058,-0.0011474817491334106,-0.11474817491334106
short,train,2024-09-13 20:00:00+00:00,2024-09-14 20:00:00+00:00,138.06,137.15,timeout,7,0.006591337099811651,0.005591337099811651,0.5591337099811651
short,train,2024-09-15 04:00:00+00:00,2024-09-15 20:00:00+00:00,137.44,132.191613846396,tp,5,0.03818674442377767,0.037186744423777666,3.7186744423777665
short,train,2024-09-16 04:00:00+00:00,2024-09-16 08:00:00+00:00,130.62,132.23871048813731,sl,2,-0.012392516369141864,-0.013392516369141863,-1.3392516369141862
short,train,2024-09-16 16:00:00+00:00,2024-09-17 08:00:00+00:00,131.47,133.02849742800205,sl,5,-0.011854395892614712,-0.012854395892614712,-1.2854395892614712
short,train,2024-09-17 16:00:00+00:00,2024-09-18 08:00:00+00:00,134.65,129.04012860179026,tp,5,0.04166261714229296,0.04066261714229296,4.066261714229296
short,train,2024-09-18 16:00:00+00:00,2024-09-18 16:00:00+00:00,127.67,129.42574225206127,sl,1,-0.0137521912121976,-0.014752191212197601,-1.47521912121976
short,train,2024-12-19 20:00:00+00:00,2024-12-19 20:00:00+00:00,191.86,197.23518206677045,sl,1,-0.02801616838721169,-0.02901616838721169,-2.901616838721169
short,train,2024-12-20 04:00:00+00:00,2024-12-20 08:00:00+00:00,196.37,177.74196820945232,tp,2,0.09486190248280124,0.09386190248280124,9.386190248280124
short,train,2024-12-20 16:00:00+00:00,2024-12-21 00:00:00+00:00,189.89,196.43167939254735,sl,3,-0.034449836181722926,-0.03544983618172293,-3.5449836181722927
short,train,2024-12-21 08:00:00+00:00,2024-12-21 16:00:00+00:00,198.75,178.82693386171167,tp,3,0.10024184220522432,0.09924184220522432,9.924184220522433
short,train,2024-12-22 00:00:00+00:00,2024-12-22 12:00:00+00:00,181.44,187.33874427563245,sl,4,-0.03251071580485258,-0.033510715804852584,-3.351071580485258
short,train,2024-12-22 20:00:00+00:00,2024-12-23 00:00:00+00:00,178.49,183.93961975633738,sl,2,-0.03053179313315799,-0.03153179313315799,-3.153179313315799
short,train,2024-12-23 08:00:00+00:00,2024-12-23 16:00:00+00:00,182.27,187.8499625017031,sl,3,-0.030613718668475773,-0.031613718668475774,-3.161371866847577
short,train,2024-12-24 00:00:00+00:00,2024-12-24 12:00:00+00:00,190.11,195.50507260024838,sl,4,-0.0283786891812549,-0.0293786891812549,-2.93786891812549
short,train,2024-12-24 20:00:00+00:00,2024-12-25 00:00:00+00:00,195.25,199.9925904170584,sl,2,-0.024289835682757537,-0.025289835682757538,-2.5289835682757538
short,train,2024-12-25 08:00:00+00:00,2024-12-26 08:00:00+00:00,198.09,189.81,timeout,7,0.04179918218991368,0.04079918218991368,4.079918218991367
short,train,2024-12-26 16:00:00+00:00,2024-12-27 08:00:00+00:00,188.69,192.5193827542651,sl,5,-0.020294571807012093,-0.021294571807012094,-2.1294571807012095
short,train,2024-12-27 16:00:00+00:00,2024-12-28 12:00:00+00:00,184.13,188.06849222451842,sl,6,-0.021389736732300154,-0.022389736732300155,-2.2389736732300154
short,train,2024-12-29 12:00:00+00:00,2024-12-30 12:00:00+00:00,196.11,187.3,timeout,7,0.04492376727346898,0.04392376727346898,4.392376727346898
short,train,2024-12-31 08:00:00+00:00,2024-12-31 08:00:00+00:00,190.06,193.68156717837957,sl,1,-0.01905486256118891,-0.02005486256118891,-2.0054862561188913
short,train,2024-12-31 16:00:00+00:00,2025-01-01 16:00:00+00:00,198.45,193.08,timeout,7,0.02705971277399837,0.026059712773998368,2.6059712773998367
short,train,2025-01-02 08:00:00+00:00,2025-01-02 12:00:00+00:00,205.94,209.50956566147408,sl,2,-0.017333037105341783,-0.018333037105341784,-1.8333037105341783
short,train,2025-01-07 16:00:00+00:00,2025-01-08 00:00:00+00:00,207.77,197.66705707807458,tp,3,0.04862560967380003,0.04762560967380003,4.7625609673800025
short,train,2025-01-08 08:00:00+00:00,2025-01-08 12:00:00+00:00,195.7,199.01364023682666,sl,2,-0.016932244439584423,-0.017932244439584424,-1.7932244439584424
short,train,2025-01-08 20:00:00+00:00,2025-01-08 20:00:00+00:00,194.28,197.8467602406371,sl,1,-0.01835886473459496,-0.01935886473459496,-1.935886473459496
short,train,2025-01-09 04:00:00+00:00,2025-01-09 20:00:00+00:00,194.33,182.4376533900056,tp,5,0.06119665831314982,0.06019665831314982,6.019665831314982
short,train,2025-01-10 04:00:00+00:00,2025-01-10 04:00:00+00:00,189.17,193.007788280974,sl,1,-0.02028751007545607,-0.02128751007545607,-2.128751007545607
short,train,2025-01-10 12:00:00+00:00,2025-01-11 12:00:00+00:00,191.97,186.97,timeout,7,0.026045736312965567,0.025045736312965566,2.5045736312965565
short,train,2025-01-11 20:00:00+00:00,2025-01-11 20:00:00+00:00,187.77,191.07136005028883,sl,1,-0.017581935614255847,-0.01858193561425585,-1.858193561425585
short,train,2025-01-12 04:00:00+00:00,2025-01-12 12:00:00+00:00,187.3,190.47581555356538,sl,3,-0.01695576910606178,-0.01795576910606178,-1.795576910606178
short,train,2025-01-12 20:00:00+00:00,2025-01-13 00:00:00+00:00,188.91,191.78989615070233,sl,2,-0.015244805201960386,-0.016244805201960387,-1.6244805201960386
short,train,2025-01-13 12:00:00+00:00,2025-01-13 12:00:00+00:00,175.39,178.6981340186435,sl,1,-0.018861588566300817,-0.019861588566300818,-1.9861588566300818
short,train,2025-01-14 20:00:00+00:00,2025-01-15 04:00:00+00:00,187.08,190.52236086059594,sl,3,-0.018400474987149484,-0.019400474987149485,-1.9400474987149485
short,train,2025-02-06 04:00:00+00:00,2025-02-07 04:00:00+00:00,200.7,192.5,timeout,7,0.04085700049825605,0.03985700049825605,3.985700049825605
short,train,2025-02-07 16:00:00+00:00,2025-02-08 16:00:00+00:00,198.08,196.92,timeout,7,0.005856219709208526,0.004856219709208526,0.48562197092085263
short,train,2025-02-09 00:00:00+00:00,2025-02-09 00:00:00+00:00,199.32,203.76310033047056,sl,1,-0.0222912920453069,-0.023291292045306902,-2.32912920453069
short,train,2025-02-09 08:00:00+00:00,2025-02-10 08:00:00+00:00,203.98,204.45,timeout,7,-0.0023041474654377824,-0.0033041474654377824,-0.3304147465437782
short,train,2025-02-10 16:00:00+00:00,2025-02-11 16:00:00+00:00,203.09,195.65,timeout,7,0.03663400462848982,0.03563400462848982,3.563400462848982
short,train,2025-02-18 00:00:00+00:00,2025-02-18 04:00:00+00:00,177.55,166.41899947756292,tp,2,0.06269220232293489,0.06169220232293489,6.169220232293489
short,train,2025-02-19 04:00:00+00:00,2025-02-19 08:00:00+00:00,167.48,171.53227556703973,sl,2,-0.02419557897683152,-0.02519557897683152,-2.519557897683152
short,train,2025-02-19 20:00:00+00:00,2025-02-20 00:00:00+00:00,168.69,172.81387715978295,sl,2,-0.02444648265921483,-0.02544648265921483,-2.544648265921483
short,train,2025-02-20 08:00:00+00:00,2025-02-20 12:00:00+00:00,171.82,175.765320014593,sl,2,-0.022961936995652393,-0.023961936995652394,-2.3961936995652393
short,train,2025-02-20 20:00:00+00:00,2025-02-21 08:00:00+00:00,174.98,178.82942349564897,sl,4,-0.02199921988598113,-0.02299921988598113,-2.299921988598113
short,train,2025-02-21 16:00:00+00:00,2025-02-22 16:00:00+00:00,173.15,172.67,timeout,7,0.0027721628645683985,0.0017721628645683985,0.17721628645683984
short,train,2025-02-23 00:00:00+00:00,2025-02-24 00:00:00+00:00,172.08,161.4572514584339,tp,7,0.0617314536353215,0.0607314536353215,6.07314536353215
short,train,2025-02-24 08:00:00+00:00,2025-02-24 16:00:00+00:00,161.0,150.66409188472906,tp,3,0.0641981870513723,0.0631981870513723,6.31981870513723
short,train,2025-02-25 00:00:00+00:00,2025-02-25 20:00:00+00:00,141.81,145.96211309100573,sl,6,-0.029279409710216,-0.030279409710216,-3.0279409710216
short,train,2025-02-26 04:00:00+00:00,2025-02-27 04:00:00+00:00,143.35,141.0,timeout,7,0.016393442622950782,0.015393442622950781,1.5393442622950781
short,train,2025-02-27 12:00:00+00:00,2025-02-28 04:00:00+00:00,140.47,126.14002672809187,tp,5,0.10201447477687856,0.10101447477687855,10.101447477687856
short,train,2025-03-03 00:00:00+00:00,2025-03-03 04:00:00+00:00,178.74,160.25633031129956,tp,2,0.10341093033848296,0.10241093033848296,10.241093033848296
short,train,2025-03-03 12:00:00+00:00,2025-03-03 12:00:00+00:00,161.08,166.93267007719479,sl,1,-0.03633393392845029,-0.03733393392845029,-3.733393392845029
short,train,2025-03-03 20:00:00+00:00,2025-03-04 20:00:00+00:00,141.86,144.79,timeout,7,-0.020654166079232893,-0.021654166079232894,-2.1654166079232895
short,train,2025-03-05 04:00:00+00:00,2025-03-05 08:00:00+00:00,141.83,148.05983717148817,sl,2,-0.043924678639837525,-0.044924678639837526,-4.4924678639837525
short,train,2025-03-05 20:00:00+00:00,2025-03-06 04:00:00+00:00,144.81,150.68374276225722,sl,3,-0.04056172061499359,-0.041561720614993594,-4.156172061499359
short,train,2025-03-06 12:00:00+00:00,2025-03-07 12:00:00+00:00,151.71,144.87,timeout,7,0.045086019379078524,0.04408601937907852,4.408601937907852
short,train,2025-03-07 20:00:00+00:00,2025-03-08 20:00:00+00:00,146.35,137.0,timeout,7,0.0638879398701742,0.0628879398701742,6.28879398701742
short,train,2025-03-09 04:00:00+00:00,2025-03-10 00:00:00+00:00,137.92,124.89960618739612,tp,6,0.094405407573984,0.093405407573984,9.340540757398399
short,train,2025-03-10 12:00:00+00:00,2025-03-10 16:00:00+00:00,129.96,117.51606303187731,tp,2,0.09575205423301553,0.09475205423301553,9.475205423301553
short,train,2025-03-11 00:00:00+00:00,2025-03-11 04:00:00+00:00,118.35,122.3227920392455,sl,2,-0.03356816256227719,-0.03456816256227719,-3.456816256227719
short,train,2025-03-11 12:00:00+00:00,2025-03-12 12:00:00+00:00,124.71,128.71152664366704,sl,7,-0.03208665418705035,-0.03308665418705035,-3.3086654187050346
short,train,2025-03-12 20:00:00+00:00,2025-03-13 20:00:00+00:00,125.04,123.38,timeout,7,0.013275751759437066,0.012275751759437067,1.2275751759437066
short,train,2025-03-14 20:00:00+00:00,2025-03-15 20:00:00+00:00,134.28,135.87,timeout,7,-0.011840929401251142,-0.012840929401251141,-1.284092940125114
short,train,2025-03-16 04:00:00+00:00,2025-03-16 16:00:00+00:00,135.49,126.80084004270299,tp,4,0.06413137469405138,0.06313137469405138,6.313137469405137
short,train,2025-03-17 08:00:00+00:00,2025-03-18 08:00:00+00:00,129.25,123.55,timeout,7,0.04410058027079306,0.04310058027079306,4.3100580270793065
short,train,2025-03-18 16:00:00+00:00,2025-03-18 20:00:00+00:00,122.58,125.00507664797418,sl,2,-0.019783624147284875,-0.020783624147284876,-2.0783624147284874
short,train,2025-03-22 20:00:00+00:00,2025-03-23 08:00:00+00:00,129.99,131.99837419775108,sl,4,-0.015450220768913508,-0.016450220768913507,-1.6450220768913508
short,train,2025-03-24 08:00:00+00:00,2025-03-24 08:00:00+00:00,138.89,140.93801702735755,sl,1,-0.014745604632137373,-0.015745604632137374,-1.5745604632137373
short,train,2025-03-25 08:00:00+00:00,2025-03-25 08:00:00+00:00,139.46,141.6813660419849,sl,1,-0.0159283381757126,-0.016928338175712602,-1.6928338175712603
short,train,2025-03-26 20:00:00+00:00,2025-03-27 00:00:00+00:00,137.42,139.9598562476671,sl,2,-0.018482435218069446,-0.019482435218069447,-1.9482435218069447
short,train,2025-03-27 12:00:00+00:00,2025-03-27 12:00:00+00:00,137.41,139.79102474983392,sl,1,-0.017327885523862357,-0.01832788552386236,-1.8327885523862357
short,train,2025-03-28 04:00:00+00:00,2025-03-28 16:00:00+00:00,136.81,129.10351785887767,tp,4,0.05632981610351828,0.05532981610351828,5.532981610351828
short,train,2025-03-29 00:00:00+00:00,2025-03-30 00:00:00+00:00,129.49,125.73,timeout,7,0.029036991273457446,0.028036991273457445,2.8036991273457446
short,train,2025-03-30 08:00:00+00:00,2025-03-31 08:00:00+00:00,125.49,124.3,timeout,7,0.009482827316917665,0.008482827316917664,0.8482827316917664
short,train,2025-03-31 16:00:00+00:00,2025-04-01 08:00:00+00:00,126.79,129.18702783061923,sl,5,-0.018905495943049314,-0.019905495943049314,-1.9905495943049314
short,oof,2025-04-01 04:00:00+00:00,2025-04-01 08:00:00+00:00,126.08,128.40837651015687,sl,2,-0.018467453284873668,-0.01946745328487367,-1.9467453284873668
short,oof,2025-04-01 16:00:00+00:00,2025-04-02 16:00:00+00:00,129.26,131.65640878018024,sl,7,-0.018539445924340495,-0.019539445924340496,-1.9539445924340495
short,oof,2025-04-03 04:00:00+00:00,2025-04-04 04:00:00+00:00,119.85,118.17,timeout,7,0.014017521902377912,0.013017521902377913,1.3017521902377913
short,oof,2025-04-04 12:00:00+00:00,2025-04-04 12:00:00+00:00,114.53,117.59363929998486,sl,1,-0.026749666462803256,-0.027749666462803257,-2.7749666462803257
short,oof,2025-04-04 20:00:00+00:00,2025-04-05 20:00:00+00:00,122.6,120.32,timeout,7,0.018597063621533454,0.017597063621533453,1.7597063621533453
short,oof,2025-04-06 04:00:00+00:00,2025-04-06 16:00:00+00:00,119.98,111.60118718651924,tp,4,0.06983507929222173,0.06883507929222173,6.883507929222173
short,oof,2025-04-07 00:00:00+00:00,2025-04-07 04:00:00+00:00,105.9,96.55444179516773,tp,2,0.08824889711834062,0.08724889711834062,8.724889711834063
short,oof,2025-04-07 12:00:00+00:00,2025-04-07 12:00:00+00:00,100.29,103.52550561691143,sl,1,-0.03226149782542053,-0.03326149782542053,-3.326149782542053
short,oof,2025-04-07 20:00:00+00:00,2025-04-08 00:00:00+00:00,105.76,109.44669872070425,sl,2,-0.03485910288109155,-0.03585910288109155,-3.585910288109155
short,oof,2025-04-08 12:00:00+00:00,2025-04-09 12:00:00+00:00,111.58,106.55,timeout,7,0.04507976339845852,0.04407976339845852,4.407976339845852
short,oof,2025-04-09 20:00:00+00:00,2025-04-10 20:00:00+00:00,118.96,112.83,timeout,7,0.05152992602555477,0.05052992602555477,5.052992602555477
short,oof,2025-04-11 04:00:00+00:00,2025-04-11 08:00:00+00:00,115.41,118.85514452295808,sl,2,-0.02985135190155176,-0.03085135190155176,-3.085135190155176
short,oof,2025-04-12 12:00:00+00:00,2025-04-12 12:00:00+00:00,124.57,127.5374274045923,sl,1,-0.023821364731414465,-0.024821364731414466,-2.4821364731414466
short,oof,2025-06-12 08:00:00+00:00,2025-06-13 00:00:00+00:00,158.8,149.90807123152416,tp,5,0.05599451365538948,0.05499451365538948,5.499451365538948
short,oof,2025-06-13 08:00:00+00:00,2025-06-13 16:00:00+00:00,145.01,148.1287098311385,sl,3,-0.021506860431270376,-0.022506860431270377,-2.250686043127038
short,oof,2025-06-14 00:00:00+00:00,2025-06-15 00:00:00+00:00,148.59,145.75,timeout,7,0.01911299549094827,0.018112995490948268,1.8112995490948267
short,oof,2025-06-15 08:00:00+00:00,2025-06-15 12:00:00+00:00,145.89,148.28138710274186,sl,2,-0.01639171363864469,-0.017391713638644692,-1.7391713638644692
short,oof,2025-06-15 20:00:00+00:00,2025-06-16 00:00:00+00:00,152.24,154.78964193320843,sl,2,-0.01674751663957186,-0.017747516639571862,-1.7747516639571863
short,oof,2025-06-16 08:00:00+00:00,2025-06-17 00:00:00+00:00,157.27,148.2220489221831,tp,5,0.057531322425236335,0.056531322425236334,5.653132242523633
short,oof,2025-06-17 08:00:00+00:00,2025-06-18 08:00:00+00:00,152.67,146.52,timeout,7,0.04028296325407728,0.03928296325407728,3.928296325407728
short,oof,2025-06-18 16:00:00+00:00,2025-06-19 16:00:00+00:00,145.77,145.51,timeout,7,0.0017836317486452583,0.0007836317486452583,0.07836317486452583
short,oof,2025-06-20 00:00:00+00:00,2025-06-20 16:00:00+00:00,147.05,139.22178516973753,tp,5,0.05323505494908182,0.052235054949081816,5.223505494908181
short,oof,2025-06-21 04:00:00+00:00,2025-06-21 20:00:00+00:00,140.77,132.36412999608308,tp,5,0.05971350432561576,0.058713504325615756,5.8713504325615755
short,oof,2025-06-22 08:00:00+00:00,2025-06-22 20:00:00+00:00,134.85,126.14433070296599,tp,4,0.0645581705378866,0.0635581705378866,6.355817053788659
short,oof,2025-06-23 04:00:00+00:00,2025-06-23 12:00:00+00:00,132.68,135.51083895213137,sl,3,-0.021335837745940296,-0.022335837745940296,-2.2335837745940297
short,oof,2025-06-23 20:00:00+00:00,2025-06-23 20:00:00+00:00,139.81,142.84061032673426,sl,1,-0.021676634909765125,-0.022676634909765125,-2.2676634909765125
short,oof,2025-06-24 04:00:00+00:00,2025-06-24 04:00:00+00:00,143.23,146.35798798580657,sl,1,-0.02183891632902733,-0.02283891632902733,-2.283891632902733
short,oof,2025-06-24 12:00:00+00:00,2025-06-25 12:00:00+00:00,144.57,147.61411974286383,sl,7,-0.02105637229621527,-0.022056372296215272,-2.2056372296215274
short,oof,2025-06-26 04:00:00+00:00,2025-06-27 04:00:00+00:00,145.93,140.33,timeout,7,0.038374563146714134,0.03737456314671413,3.7374563146714133
short,oof,2025-06-27 12:00:00+00:00,2025-06-27 16:00:00+00:00,142.13,144.61831974570572,sl,2,-0.01750735063467054,-0.01850735063467054,-1.850735063467054
short,oof,2025-06-29 08:00:00+00:00,2025-06-29 12:00:00+00:00,150.35,152.48716740643624,sl,2,-0.014214615273935804,-0.015214615273935805,-1.5214615273935805
short,oof,2025-06-29 20:00:00+00:00,2025-06-29 20:00:00+00:00,151.19,153.23333337898706,sl,1,-0.013515003498823053,-0.014515003498823054,-1.4515003498823054
short,oof,2025-06-30 08:00:00+00:00,2025-06-30 12:00:00+00:00,150.65,152.75393164491055,sl,2,-0.013965692963229642,-0.014965692963229641,-1.4965692963229642
short,oof,2025-07-01 08:00:00+00:00,2025-07-02 08:00:00+00:00,150.09,148.6,timeout,7,0.00992737690718908,0.008927376907189082,0.8927376907189082
short,oof,2025-07-04 16:00:00+00:00,2025-07-05 16:00:00+00:00,146.58,146.9,timeout,7,-0.0021831082003001307,-0.0031831082003001307,-0.31831082003001304
short,oof,2025-07-06 00:00:00+00:00,2025-07-06 12:00:00+00:00,147.57,149.35682771650275,sl,4,-0.01210833988278618,-0.013108339882786181,-1.3108339882786182
short,oof,2025-09-26 20:00:00+00:00,2025-09-26 20:00:00+00:00,200.69,204.83025499455474,sl,1,-0.020630101123896245,-0.021630101123896246,-2.1630101123896246
short,oof,2025-09-27 04:00:00+00:00,2025-09-28 04:00:00+00:00,203.91,202.11,timeout,7,0.008827423863469094,0.007827423863469095,0.7827423863469095
short,oof,2025-10-11 20:00:00+00:00,2025-10-12 04:00:00+00:00,177.55,182.7258318431589,sl,3,-0.029151404354598,-0.030151404354598,-3.0151404354598
short,oof,2025-10-12 12:00:00+00:00,2025-10-12 12:00:00+00:00,180.96,185.77442968483084,sl,1,-0.026604938576651343,-0.027604938576651344,-2.7604938576651343
short,oof,2025-10-12 20:00:00+00:00,2025-10-13 16:00:00+00:00,195.86,200.97343682008372,sl,6,-0.026107611661818166,-0.027107611661818166,-2.7107611661818165
short,oof,2025-10-14 00:00:00+00:00,2025-10-14 08:00:00+00:00,208.71,191.58239839456593,tp,3,0.08206411578474476,0.08106411578474476,8.106411578474477
short,oof,2025-10-14 16:00:00+00:00,2025-10-15 08:00:00+00:00,202.22,207.8756573780675,sl,5,-0.027967843823892308,-0.02896784382389231,-2.8967843823892307
short,oof,2025-10-15 16:00:00+00:00,2025-10-16 16:00:00+00:00,197.18,185.05,timeout,7,0.06151739527335427,0.06051739527335427,6.051739527335427
short,oof,2025-10-17 00:00:00+00:00,2025-10-18 00:00:00+00:00,184.85,184.81,timeout,7,0.00021639166892070352,-0.0007836083310792964,-0.07836083310792964
short,oof,2025-10-18 08:00:00+00:00,2025-10-19 08:00:00+00:00,186.27,189.01,timeout,7,-0.014709829816932305,-0.015709829816932305,-1.5709829816932304
short,oof,2025-10-19 16:00:00+00:00,2025-10-20 16:00:00+00:00,190.78,188.84,timeout,7,0.01016878079463255,0.009168780794632549,0.9168780794632548
short,oof,2025-10-21 00:00:00+00:00,2025-10-21 12:00:00+00:00,189.71,193.17655608196162,sl,4,-0.01827292226008968,-0.01927292226008968,-1.927292226008968
short,oof,2025-10-21 20:00:00+00:00,2025-10-22 16:00:00+00:00,193.99,181.2855858246082,tp,6,0.0654900467827816,0.0644900467827816,6.44900467827816
short,oof,2025-10-23 00:00:00+00:00,2025-10-23 04:00:00+00:00,180.11,183.97227495805836,sl,2,-0.021443978446828882,-0.022443978446828883,-2.2443978446828883
short,oof,2025-10-23 12:00:00+00:00,2025-10-23 12:00:00+00:00,187.97,191.60887229695854,sl,1,-0.019358792876302277,-0.020358792876302278,-2.0358792876302276
short,oof,2025-10-23 20:00:00+00:00,2025-10-24 12:00:00+00:00,191.15,194.76411692952038,sl,5,-0.01890722955542965,-0.019907229555429652,-1.9907229555429653
short,oof,2025-10-26 04:00:00+00:00,2025-10-26 08:00:00+00:00,193.0,195.71819724108363,sl,2,-0.014083923528930722,-0.015083923528930721,-1.508392352893072
short,oof,2025-10-26 16:00:00+00:00,2025-10-26 20:00:00+00:00,199.51,202.12960890621747,sl,2,-0.01313021355429542,-0.014130213554295421,-1.413021355429542
short,oof,2025-10-27 08:00:00+00:00,2025-10-28 08:00:00+00:00,202.52,199.73,timeout,7,0.01377641714398588,0.01277641714398588,1.277641714398588
short,oof,2025-10-28 16:00:00+00:00,2025-10-29 16:00:00+00:00,198.84,189.1368580650116,tp,7,0.048798742380750326,0.047798742380750325,4.779874238075033
short,oof,2025-10-30 08:00:00+00:00,2025-10-30 16:00:00+00:00,195.81,183.69164285047987,tp,3,0.0618883466090605,0.0608883466090605,6.08883466090605
short,oof,2025-10-31 00:00:00+00:00,2025-10-31 08:00:00+00:00,184.67,188.64928453155542,sl,3,-0.02154808323796738,-0.022548083237967382,-2.254808323796738
short,oof,2025-10-31 16:00:00+00:00,2025-11-01 16:00:00+00:00,188.13,186.25,timeout,7,0.009993089884654204,0.008993089884654203,0.8993089884654203
short,oof,2025-11-02 00:00:00+00:00,2025-11-03 00:00:00+00:00,186.39,176.93472899574382,tp,7,0.05072842429452311,0.04972842429452311,4.972842429452311
short,oof,2025-11-03 08:00:00+00:00,2025-11-03 12:00:00+00:00,176.48,165.9444651881554,tp,2,0.05969818003085108,0.05869818003085108,5.869818003085108
short,oof,2025-11-03 20:00:00+00:00,2025-11-04 16:00:00+00:00,166.74,154.77510569182851,tp,6,0.07175779242036401,0.07075779242036401,7.0757792420364005
short,oof,2025-11-05 00:00:00+00:00,2025-11-05 12:00:00+00:00,155.03,159.51349810971422,sl,4,-0.028920196798775843,-0.029920196798775844,-2.9920196798775844
short,oof,2025-11-05 20:00:00+00:00,2025-11-06 20:00:00+00:00,162.54,155.28,timeout,7,0.04466592838685857,0.043665928386858566,4.366592838685857
short,oof,2025-11-07 04:00:00+00:00,2025-11-07 16:00:00+00:00,156.88,160.64593247214717,sl,4,-0.024005178940254786,-0.025005178940254787,-2.500517894025479
short,oof,2025-11-08 00:00:00+00:00,2025-11-09 00:00:00+00:00,161.81,155.88,timeout,7,0.03664792040046973,0.035647920400469726,3.5647920400469726
short,oof,2025-11-10 00:00:00+00:00,2025-11-10 00:00:00+00:00,164.54,167.71131371638697,sl,1,-0.01927381619294382,-0.02027381619294382,-2.027381619294382
short,oof,2025-11-10 08:00:00+00:00,2025-11-11 00:00:00+00:00,167.39,170.52757407178262,sl,5,-0.018744095058143485,-0.019744095058143486,-1.9744095058143487
short,oof,2025-11-11 08:00:00+00:00,2025-11-12 08:00:00+00:00,163.98,160.04,timeout,7,0.02402732040492742,0.02302732040492742,2.302732040492742
short,oof,2025-11-12 20:00:00+00:00,2025-11-13 04:00:00+00:00,153.04,156.2490351313955,sl,3,-0.0209686038381828,-0.0219686038381828,-2.19686038381828
short,oof,2025-11-13 12:00:00+00:00,2025-11-13 16:00:00+00:00,156.27,146.06792361795547,tp,2,0.0652849323737412,0.0642849323737412,6.428493237374119
short,oof,2025-11-14 00:00:00+00:00,2025-11-15 00:00:00+00:00,144.74,142.53,timeout,7,0.015268757772557744,0.014268757772557743,1.4268757772557743
short,oof,2025-11-15 08:00:00+00:00,2025-11-16 08:00:00+00:00,142.76,139.96,timeout,7,0.019613337069206944,0.018613337069206943,1.8613337069206943
short,oof,2025-11-16 16:00:00+00:00,2025-11-17 00:00:00+00:00,137.47,140.4614728474255,sl,3,-0.02176091399887621,-0.02276091399887621,-2.2760913998876213
short,oof,2025-11-17 12:00:00+00:00,2025-11-17 16:00:00+00:00,141.89,132.60590050562286,tp,2,0.06543166885881409,0.06443166885881409,6.443166885881409
short,oof,2025-11-18 04:00:00+00:00,2025-11-18 04:00:00+00:00,134.52,137.72648186166367,sl,1,-0.023836469384951393,-0.024836469384951394,-2.483646938495139
short,oof,2025-11-18 12:00:00+00:00,2025-11-18 12:00:00+00:00,137.86,141.0313415031692,sl,1,-0.023004072995569225,-0.024004072995569226,-2.400407299556923
short,oof,2025-11-18 20:00:00+00:00,2025-11-19 16:00:00+00:00,141.45,130.85804908102733,tp,6,0.0748812366134511,0.0738812366134511,7.38812366134511
short,oof,2025-11-20 00:00:00+00:00,2025-11-20 00:00:00+00:00,137.07,140.2275843976375,sl,1,-0.023036290928996082,-0.024036290928996083,-2.4036290928996085
short,oof,2025-11-20 08:00:00+00:00,2025-11-20 16:00:00+00:00,143.81,132.92353293876303,tp,3,0.07570034810678652,0.07470034810678652,7.470034810678652
short,oof,2025-11-21 00:00:00+00:00,2025-11-21 04:00:00+00:00,133.66,122.40379136984618,tp,2,0.08421523739453705,0.08321523739453705,8.321523739453704
short,oof,2025-11-21 12:00:00+00:00,2025-11-21 12:00:00+00:00,124.34,128.11927190529678,sl,1,-0.030394659042116624,-0.03139465904211662,-3.139465904211662
short,oof,2025-11-21 20:00:00+00:00,2025-11-22 20:00:00+00:00,128.13,127.59,timeout,7,0.004214469679231968,0.0032144696792319677,0.32144696792319677
short,oof,2025-11-23 04:00:00+00:00,2025-11-23 16:00:00+00:00,129.94,133.12597128643955,sl,4,-0.02451878779774937,-0.02551878779774937,-2.551878779774937
short,oof,2025-11-24 00:00:00+00:00,2025-11-24 00:00:00+00:00,130.58,133.47107409553314,sl,1,-0.022140251918617918,-0.02314025191861792,-2.314025191861792
short,oof,2025-11-24 08:00:00+00:00,2025-11-24 16:00:00+00:00,130.33,133.27579858237297,sl,3,-0.022602613230821442,-0.023602613230821443,-2.3602613230821445
short,oof,2025-11-25 00:00:00+00:00,2025-11-26 00:00:00+00:00,138.42,138.16,timeout,7,0.0018783412801617607,0.0008783412801617607,0.08783412801617607
short,oof,2025-11-26 08:00:00+00:00,2025-11-26 16:00:00+00:00,139.88,142.4996629132732,sl,3,-0.018727930463777544,-0.019727930463777545,-1.9727930463777545
short,oof,2025-11-27 00:00:00+00:00,2025-11-28 00:00:00+00:00,143.01,139.68,timeout,7,0.02328508495909366,0.02228508495909366,2.2285084959093657
short,oof,2025-11-28 08:00:00+00:00,2025-11-28 08:00:00+00:00,138.98,141.20124915979383,sl,1,-0.015982509424333304,-0.016982509424333304,-1.6982509424333305
short,oof,2025-11-28 16:00:00+00:00,2025-11-29 16:00:00+00:00,141.63,135.69,timeout,7,0.041940266892607485,0.040940266892607484,4.094026689260748
short,oof,2025-11-30 00:00:00+00:00,2025-11-30 12:00:00+00:00,135.94,137.85619138520826,sl,4,-0.014095861300634581,-0.015095861300634582,-1.509586130063458
short,oof,2025-11-30 20:00:00+00:00,2025-12-01 00:00:00+00:00,137.64,131.5872557597025,tp,2,0.04397518337908675,0.04297518337908675,4.2975183379086745
short,oof,2025-12-01 08:00:00+00:00,2025-12-02 08:00:00+00:00,127.39,128.3,timeout,7,-0.007143417850694802,-0.008143417850694803,-0.8143417850694803
short,oof,2025-12-05 00:00:00+00:00,2025-12-05 16:00:00+00:00,139.02,130.83506823037655,tp,5,0.058875929863497774,0.05787592986349777,5.787592986349777
short,oof,2025-12-06 00:00:00+00:00,2025-12-07 00:00:00+00:00,133.29,133.49,timeout,7,-0.001500487658489137,-0.002500487658489137,-0.25004876584891367
short,oof,2025-12-07 08:00:00+00:00,2025-12-07 16:00:00+00:00,132.11,133.92386973096595,sl,3,-0.013729995692725254,-0.014729995692725255,-1.4729995692725255
short,oof,2025-12-08 04:00:00+00:00,2025-12-08 08:00:00+00:00,134.31,136.59877021854646,sl,2,-0.017040951668129405,-0.018040951668129405,-1.8040951668129406
short,oof,2025-12-08 16:00:00+00:00,2025-12-09 12:00:00+00:00,135.55,137.87575188416423,sl,6,-0.017157889222900916,-0.018157889222900916,-1.8157889222900916
short,oof,2025-12-10 00:00:00+00:00,2025-12-10 20:00:00+00:00,137.88,140.53607445640515,sl,6,-0.01926366736586271,-0.02026366736586271,-2.026366736586271
short,oof,2025-12-11 04:00:00+00:00,2025-12-11 12:00:00+00:00,129.39,132.28689491678887,sl,3,-0.02238886248387728,-0.023388862483877282,-2.338886248387728
short,oof,2025-12-13 08:00:00+00:00,2025-12-14 08:00:00+00:00,132.95,131.47,timeout,7,0.011132004512974726,0.010132004512974725,1.0132004512974726
short,oof,2025-12-21 04:00:00+00:00,2025-12-22 00:00:00+00:00,125.24,127.0861191735434,sl,6,-0.014740651337778665,-0.015740651337778664,-1.5740651337778664
short,oof,2025-12-22 08:00:00+00:00,2025-12-22 12:00:00+00:00,126.31,128.01917163739395,sl,2,-0.013531562325975383,-0.014531562325975383,-1.4531562325975385
short,oof,2025-12-22 20:00:00+00:00,2025-12-23 00:00:00+00:00,124.68,126.4616499953916,sl,2,-0.014289781804552369,-0.015289781804552368,-1.5289781804552367
short,oof,2025-12-23 08:00:00+00:00,2025-12-24 08:00:00+00:00,124.23,122.06,timeout,7,0.017467600418578456,0.016467600418578456,1.6467600418578456
short,oof,2025-12-24 16:00:00+00:00,2025-12-25 16:00:00+00:00,122.74,124.39695551869202,sl,7,-0.013499719070327765,-0.014499719070327766,-1.4499719070327766
short,oof,2025-12-26 00:00:00+00:00,2025-12-26 00:00:00+00:00,120.06,121.58282832712989,sl,1,-0.01268389411235954,-0.01368389411235954,-1.368389411235954
short,oof,2025-12-27 00:00:00+00:00,2025-12-27 20:00:00+00:00,122.28,123.92877712980528,sl,6,-0.013483620623203157,-0.014483620623203158,-1.448362062320316
short,oof,2025-12-28 08:00:00+00:00,2025-12-28 20:00:00+00:00,124.25,125.52458159868742,sl,4,-0.010258202001508404,-0.011258202001508403,-1.1258202001508404
short,oof,2025-12-29 08:00:00+00:00,2025-12-29 12:00:00+00:00,127.89,123.12416404221155,tp,2,0.03726511813111622,0.03626511813111622,3.6265118131116223
short,oof,2025-12-29 20:00:00+00:00,2025-12-30 08:00:00+00:00,123.07,124.60090651595421,sl,4,-0.012439315153605383,-0.013439315153605382,-1.3439315153605382
short,oof,2025-12-30 16:00:00+00:00,2025-12-30 16:00:00+00:00,125.16,126.50987315186416,sl,1,-0.010785180184277399,-0.011785180184277398,-1.1785180184277397
short,ooc,2025-12-30 20:00:00+00:00,2025-12-31 08:00:00+00:00,124.71,126.11613221244528,sl,4,-0.011275216201148953,-0.012275216201148954,-1.2275216201148953
short,ooc,2025-12-31 16:00:00+00:00,2026-01-01 16:00:00+00:00,125.61,125.76,timeout,7,-0.0011941724385001646,-0.0021941724385001644,-0.21941724385001643
short,ooc,2026-01-02 12:00:00+00:00,2026-01-02 12:00:00+00:00,128.21,129.46963844891172,sl,1,-0.009824806558862144,-0.010824806558862143,-1.0824806558862143
short,ooc,2026-01-26 00:00:00+00:00,2026-01-26 00:00:00+00:00,118.86,120.3972664003046,sl,1,-0.01293342083379272,-0.01393342083379272,-1.393342083379272
short,ooc,2026-01-26 08:00:00+00:00,2026-01-26 12:00:00+00:00,122.9,124.5426429676096,sl,2,-0.013365687287303411,-0.014365687287303412,-1.4365687287303412
short,ooc,2026-01-26 20:00:00+00:00,2026-01-27 16:00:00+00:00,124.33,126.01090983959119,sl,6,-0.01351974454750418,-0.014519744547504179,-1.4519744547504179
short,ooc,2026-01-30 04:00:00+00:00,2026-01-30 08:00:00+00:00,114.42,116.43267223641695,sl,2,-0.01759021356770623,-0.01859021356770623,-1.859021356770623
short,ooc,2026-01-30 16:00:00+00:00,2026-01-30 16:00:00+00:00,116.8,118.85676508870554,sl,1,-0.01760929014302694,-0.01860929014302694,-1.8609290143026942
short,ooc,2026-01-31 00:00:00+00:00,2026-01-31 12:00:00+00:00,117.61,110.56474829946873,tp,4,0.05990350905986963,0.05890350905986963,5.890350905986963
short,ooc,2026-01-31 20:00:00+00:00,2026-01-31 20:00:00+00:00,101.77,104.61344911047779,sl,1,-0.02793995392038707,-0.02893995392038707,-2.893995392038707
short,ooc,2026-02-01 04:00:00+00:00,2026-02-02 04:00:00+00:00,104.97,101.43,timeout,7,0.033723921120320015,0.032723921120320014,3.2723921120320014
short,ooc,2026-02-02 12:00:00+00:00,2026-02-02 12:00:00+00:00,102.79,105.81678955548307,sl,1,-0.02944634259639131,-0.030446342596391313,-3.0446342596391314
short,ooc,2026-02-02 20:00:00+00:00,2026-02-03 20:00:00+00:00,103.84,97.87,timeout,7,0.05749229583975345,0.05649229583975345,5.6492295839753455
short,ooc,2026-02-04 04:00:00+00:00,2026-02-04 16:00:00+00:00,99.12,90.039749274849,tp,4,0.09160866349022401,0.090608663490224,9.060866349022401
short,ooc,2026-02-05 04:00:00+00:00,2026-02-05 16:00:00+00:00,91.16,81.70520167014071,tp,4,0.10371652402215102,0.10271652402215102,10.271652402215102
short,ooc,2026-02-06 00:00:00+00:00,2026-02-06 00:00:00+00:00,78.35,67.9202876567642,tp,1,0.13311694120275422,0.13211694120275422,13.211694120275421
short,ooc,2026-02-06 08:00:00+00:00,2026-02-06 12:00:00+00:00,79.59,83.21804293776559,sl,2,-0.045584155519105225,-0.046584155519105226,-4.658415551910522
short,ooc,2026-02-06 20:00:00+00:00,2026-02-07 20:00:00+00:00,87.1,87.57,timeout,7,-0.005396096440872547,-0.006396096440872547,-0.6396096440872547
short,ooc,2026-02-08 04:00:00+00:00,2026-02-09 04:00:00+00:00,86.81,85.49,timeout,7,0.015205621472180708,0.01420562147218071,1.420562147218071
short,ooc,2026-02-09 16:00:00+00:00,2026-02-09 16:00:00+00:00,85.28,87.58537689070754,sl,1,-0.027033031082405432,-0.028033031082405433,-2.8033031082405433
short,ooc,2026-02-10 04:00:00+00:00,2026-02-11 04:00:00+00:00,85.85,81.0,timeout,7,0.05649388468258584,0.05549388468258584,5.549388468258584
short,ooc,2026-02-12 08:00:00+00:00,2026-02-13 08:00:00+00:00,80.77,80.3,timeout,7,0.005818992200074272,0.004818992200074272,0.4818992200074272
short,ooc,2026-02-13 16:00:00+00:00,2026-02-13 16:00:00+00:00,83.2,85.0528091220163,sl,1,-0.022269340408849713,-0.023269340408849714,-2.3269340408849715
short,ooc,2026-02-15 08:00:00+00:00,2026-02-15 16:00:00+00:00,90.74,85.57521108063108,tp,3,0.05691854660975223,0.05591854660975223,5.591854660975223
short,ooc,2026-02-16 00:00:00+00:00,2026-02-17 00:00:00+00:00,86.15,86.37,timeout,7,-0.002553685432385361,-0.003553685432385361,-0.3553685432385361
short,ooc,2026-02-17 08:00:00+00:00,2026-02-18 08:00:00+00:00,86.49,82.85,timeout,7,0.0420857902647705,0.0410857902647705,4.1085790264770505
short,ooc,2026-02-18 16:00:00+00:00,2026-02-19 16:00:00+00:00,83.0,81.95,timeout,7,0.01265060240963852,0.01165060240963852,1.165060240963852
short,ooc,2026-02-20 00:00:00+00:00,2026-02-20 04:00:00+00:00,82.51,83.86939576420731,sl,2,-0.016475527381012076,-0.017475527381012077,-1.7475527381012077
short,ooc,2026-02-20 12:00:00+00:00,2026-02-20 16:00:00+00:00,83.59,84.89337463336861,sl,2,-0.015592470790388866,-0.016592470790388867,-1.6592470790388867
short,ooc,2026-02-21 20:00:00+00:00,2026-02-22 20:00:00+00:00,86.22,82.79,timeout,7,0.03978195314312216,0.03878195314312216,3.878195314312216
short,ooc,2026-02-23 04:00:00+00:00,2026-02-23 04:00:00+00:00,77.67,78.95965466439407,sl,1,-0.016604283048719762,-0.017604283048719763,-1.7604283048719762
short,ooc,2026-02-23 12:00:00+00:00,2026-02-24 12:00:00+00:00,80.06,77.29,timeout,7,0.03459905071196597,0.03359905071196597,3.359905071196597
short,ooc,2026-02-24 20:00:00+00:00,2026-02-25 00:00:00+00:00,78.38,79.70289478044758,sl,2,-0.016877963516810205,-0.017877963516810206,-1.7877963516810207
short,ooc,2026-02-25 08:00:00+00:00,2026-02-25 12:00:00+00:00,82.18,83.59778692880589,sl,2,-0.01725221378444733,-0.01825221378444733,-1.8252213784447329
short,ooc,2026-02-27 16:00:00+00:00,2026-02-28 16:00:00+00:00,82.69,82.22,timeout,7,0.005683879550126967,0.004683879550126967,0.4683879550126967
short,ooc,2026-03-01 00:00:00+00:00,2026-03-01 00:00:00+00:00,84.36,86.18001283424239,sl,1,-0.021574357921318052,-0.022574357921318053,-2.257435792131805
short,ooc,2026-03-01 08:00:00+00:00,2026-03-02 08:00:00+00:00,86.63,83.89,timeout,7,0.031628766016391495,0.030628766016391494,3.0628766016391493
short,ooc,2026-03-02 20:00:00+00:00,2026-03-03 20:00:00+00:00,87.65,86.97,timeout,7,0.007758128921848338,0.006758128921848338,0.6758128921848338
short,ooc,2026-03-04 04:00:00+00:00,2026-03-04 08:00:00+00:00,85.76,87.79592891577127,sl,2,-0.02373984276785524,-0.02473984276785524,-2.473984276785524
short,ooc,2026-03-06 16:00:00+00:00,2026-03-07 16:00:00+00:00,84.64,82.52,timeout,7,0.025047258979206104,0.024047258979206104,2.4047258979206103
short,ooc,2026-03-08 00:00:00+00:00,2026-03-09 00:00:00+00:00,83.22,83.17,timeout,7,0.0006008171112712948,-0.0003991828887287052,-0.03991828887287052
short,ooc,2026-03-09 08:00:00+00:00,2026-03-09 12:00:00+00:00,83.19,84.66112357344277,sl,2,-0.017683899187916425,-0.018683899187916426,-1.8683899187916426
short,ooc,2026-03-31 16:00:00+00:00,2026-03-31 16:00:00+00:00,80.87,82.21558986941545,sl,1,-0.01663892505769072,-0.01763892505769072,-1.763892505769072
short,ooc,2026-04-01 00:00:00+00:00,2026-04-01 04:00:00+00:00,83.2,84.54688616291433,sl,2,-0.016188535611951087,-0.01718853561195109,-1.7188535611951088
short,ooc,2026-04-01 12:00:00+00:00,2026-04-01 16:00:00+00:00,83.37,84.62674704807682,sl,2,-0.015074331870898619,-0.016074331870898618,-1.6074331870898617
short,ooc,2026-04-02 00:00:00+00:00,2026-04-03 00:00:00+00:00,81.2,79.01,timeout,7,0.026970443349753667,0.025970443349753666,2.5970443349753665
short,ooc,2026-04-03 08:00:00+00:00,2026-04-04 08:00:00+00:00,79.95,80.19,timeout,7,-0.0030018761726078157,-0.004001876172607816,-0.40018761726078156
short,ooc,2026-04-04 16:00:00+00:00,2026-04-05 16:00:00+00:00,81.08,79.82,timeout,7,0.015540207202762767,0.014540207202762768,1.4540207202762767
short,ooc,2026-04-06 04:00:00+00:00,2026-04-06 08:00:00+00:00,82.1,83.09664765402164,sl,2,-0.012139435493564475,-0.013139435493564475,-1.3139435493564475
short,ooc,2026-04-06 16:00:00+00:00,2026-04-07 08:00:00+00:00,82.28,78.96344278925467,tp,5,0.04030818194877649,0.03930818194877649,3.930818194877649
short,ooc,2026-04-07 16:00:00+00:00,2026-04-07 16:00:00+00:00,78.87,79.86679909102662,sl,1,-0.012638507557076411,-0.01363850755707641,-1.3638507557076411
short,ooc,2026-04-08 08:00:00+00:00,2026-04-09 08:00:00+00:00,84.5,82.16,timeout,7,0.02769230769230773,0.02669230769230773,2.669230769230773
short,ooc,2026-04-10 08:00:00+00:00,2026-04-10 12:00:00+00:00,82.97,84.13807129519088,sl,2,-0.0140782366541025,-0.0150782366541025,-1.50782366541025
short,ooc,2026-04-12 20:00:00+00:00,2026-04-13 12:00:00+00:00,81.98,82.97908139329223,sl,5,-0.012186891843037683,-0.013186891843037684,-1.3186891843037685
short,ooc,2026-04-15 00:00:00+00:00,2026-04-15 16:00:00+00:00,83.7,84.79822180419848,sl,5,-0.013120929560316292,-0.01412092956031629,-1.412092956031629
short,ooc,2026-04-16 04:00:00+00:00,2026-04-16 12:00:00+00:00,85.28,86.32258877971194,sl,3,-0.012225478186115553,-0.013225478186115552,-1.3225478186115551
short,ooc,2026-04-19 08:00:00+00:00,2026-04-19 12:00:00+00:00,84.86,85.92718674998227,sl,2,-0.01257585140210075,-0.013575851402100748,-1.357585140210075
short,ooc,2026-04-20 00:00:00+00:00,2026-04-20 04:00:00+00:00,83.49,84.62217443945865,sl,2,-0.013560599346731966,-0.014560599346731967,-1.4560599346731966
short,ooc,2026-04-21 20:00:00+00:00,2026-04-21 20:00:00+00:00,84.58,85.61937518363372,sl,1,-0.012288663793257545,-0.013288663793257546,-1.3288663793257545
short,ooc,2026-04-27 16:00:00+00:00,2026-04-28 16:00:00+00:00,84.17,83.9,timeout,7,0.0032077937507424977,0.0022077937507424977,0.22077937507424977
short,ooc,2026-04-29 16:00:00+00:00,2026-04-30 16:00:00+00:00,83.25,83.04,timeout,7,0.0025225225225224473,0.0015225225225224473,0.15225225225224473
short,ooc,2026-05-01 00:00:00+00:00,2026-05-01 00:00:00+00:00,83.09,83.8626522897693,sl,1,-0.009298980500292422,-0.010298980500292421,-1.029898050029242
short,ooc,2026-05-20 04:00:00+00:00,2026-05-20 04:00:00+00:00,84.11,85.04566121905098,sl,1,-0.011124256557495958,-0.012124256557495959,-1.2124256557495958
short,ooc,2026-05-20 12:00:00+00:00,2026-05-20 12:00:00+00:00,84.69,85.59166707152866,sl,1,-0.01064667695747625,-0.01164667695747625,-1.164667695747625
short,ooc,2026-05-20 20:00:00+00:00,2026-05-21 04:00:00+00:00,86.18,87.14595273004258,sl,3,-0.011208548735699393,-0.012208548735699393,-1.2208548735699394
short,ooc,2026-05-21 12:00:00+00:00,2026-05-21 12:00:00+00:00,85.6,86.5325522158149,sl,1,-0.010894301586622763,-0.011894301586622764,-1.1894301586622764
short,ooc,2026-05-22 00:00:00+00:00,2026-05-22 16:00:00+00:00,87.36,84.14537145511981,tp,5,0.03679748792216329,0.035797487922163286,3.5797487922163285
short,ooc,2026-05-23 00:00:00+00:00,2026-05-23 20:00:00+00:00,84.41,85.42700830836394,sl,6,-0.01204843393394078,-0.01304843393394078,-1.304843393394078
short,ooc,2026-05-24 08:00:00+00:00,2026-05-25 08:00:00+00:00,86.08,85.77,timeout,7,0.003601301115241662,0.002601301115241662,0.2601301115241662
short,ooc,2026-05-26 04:00:00+00:00,2026-05-26 08:00:00+00:00,84.23,85.18687128167807,sl,2,-0.011360219419186296,-0.012360219419186295,-1.2360219419186296
short,ooc,2026-05-26 16:00:00+00:00,2026-05-27 16:00:00+00:00,84.5,83.92,timeout,7,0.0068639053254437666,0.0058639053254437665,0.5863905325443767
short,ooc,2026-05-28 04:00:00+00:00,2026-05-28 16:00:00+00:00,80.73,81.77693301678026,sl,4,-0.012968326728356969,-0.013968326728356968,-1.3968326728356968
short,ooc,2026-05-29 00:00:00+00:00,2026-05-29 12:00:00+00:00,82.12,83.15170181713607,sl,4,-0.012563344095665698,-0.013563344095665699,-1.35633440956657
short,ooc,2026-05-29 20:00:00+00:00,2026-05-30 16:00:00+00:00,82.05,83.13004049705833,sl,6,-0.013163199232886464,-0.014163199232886465,-1.4163199232886465
short,ooc,2026-05-31 00:00:00+00:00,2026-06-01 00:00:00+00:00,82.74,82.61,timeout,7,0.0015711868503746128,0.0005711868503746127,0.05711868503746127
short,ooc,2026-06-01 08:00:00+00:00,2026-06-01 20:00:00+00:00,80.73,81.60951413893386,sl,4,-0.010894514293742805,-0.011894514293742806,-1.1894514293742806
short,ooc,2026-06-02 08:00:00+00:00,2026-06-02 12:00:00+00:00,79.69,76.29638453842169,tp,2,0.04258521096220739,0.04158521096220739,4.158521096220738
short,ooc,2026-06-02 20:00:00+00:00,2026-06-03 20:00:00+00:00,75.52,71.43132537569696,tp,7,0.054140288987063544,0.05314028898706354,5.314028898706354
short,ooc,2026-06-04 04:00:00+00:00,2026-06-05 04:00:00+00:00,71.49,66.05263797529669,tp,7,0.07605765875931327,0.07505765875931326,7.505765875931327
short,ooc,2026-06-05 12:00:00+00:00,2026-06-06 04:00:00+00:00,66.08,60.47832405218131,tp,5,0.0847711251183216,0.0837711251183216,8.377112511832161
short,ooc,2026-06-06 16:00:00+00:00,2026-06-07 00:00:00+00:00,62.05,63.8969126817192,sl,3,-0.02976491026138926,-0.03076491026138926,-3.076491026138926
short,ooc,2026-06-07 08:00:00+00:00,2026-06-07 20:00:00+00:00,64.92,66.58307711897601,sl,4,-0.025617330852988375,-0.026617330852988376,-2.6617330852988377
short,ooc,2026-06-08 04:00:00+00:00,2026-06-08 20:00:00+00:00,66.36,68.03616420099505,sl,5,-0.02525865281788798,-0.02625865281788798,-2.625865281788798
short,ooc,2026-06-09 08:00:00+00:00,2026-06-10 08:00:00+00:00,66.9,63.51,timeout,7,0.05067264573991043,0.049672645739910426,4.967264573991042
short,ooc,2026-06-10 16:00:00+00:00,2026-06-11 16:00:00+00:00,65.45,66.79233423449361,sl,7,-0.02050930839562423,-0.021509308395624233,-2.1509308395624234
short,ooc,2026-06-12 00:00:00+00:00,2026-06-12 12:00:00+00:00,66.92,68.13988569249423,sl,4,-0.018229015129919764,-0.019229015129919765,-1.9229015129919764
short,ooc,2026-06-13 12:00:00+00:00,2026-06-13 20:00:00+00:00,67.9,68.92719944604123,sl,3,-0.015128121443906082,-0.01612812144390608,-1.612812144390608
short,ooc,2026-06-14 04:00:00+00:00,2026-06-14 20:00:00+00:00,68.95,69.88879388479758,sl,5,-0.01361557483390248,-0.014615574833902481,-1.461557483390248
short,ooc,2026-06-15 04:00:00+00:00,2026-06-15 08:00:00+00:00,71.25,72.23636981943986,sl,2,-0.01384378693950678,-0.014843786939506779,-1.484378693950678
short,ooc,2026-06-15 16:00:00+00:00,2026-06-16 16:00:00+00:00,75.25,73.85,timeout,7,0.018604651162790774,0.017604651162790773,1.7604651162790772
short,ooc,2026-06-17 00:00:00+00:00,2026-06-17 16:00:00+00:00,73.55,74.6826545229222,sl,5,-0.01539978957066226,-0.01639978957066226,-1.6399789570662258
short,ooc,2026-06-18 00:00:00+00:00,2026-06-19 00:00:00+00:00,72.04,69.05,timeout,7,0.04150471960022222,0.04050471960022222,4.050471960022222
short,ooc,2026-06-19 08:00:00+00:00,2026-06-19 12:00:00+00:00,68.39,69.56291373093202,sl,2,-0.017150368927211928,-0.01815036892721193,-1.8150368927211928
short,ooc,2026-06-19 20:00:00+00:00,2026-06-20 00:00:00+00:00,68.98,70.08390632902976,sl,2,-0.016003281081904245,-0.017003281081904246,-1.7003281081904247
short,ooc,2026-06-20 12:00:00+00:00,2026-06-20 20:00:00+00:00,71.79,72.86526593511608,sl,3,-0.014977934741831433,-0.015977934741831432,-1.5977934741831432
short,ooc,2026-06-21 04:00:00+00:00,2026-06-22 00:00:00+00:00,73.63,74.74918114516998,sl,6,-0.015200069878717767,-0.016200069878717766,-1.6200069878717767
short,ooc,2026-06-22 08:00:00+00:00,2026-06-23 04:00:00+00:00,74.11,70.31347693739573,tp,6,0.05122821566056221,0.05022821566056221,5.022821566056221
short,ooc,2026-06-23 12:00:00+00:00,2026-06-24 12:00:00+00:00,69.31,67.33,timeout,7,0.02856730630500655,0.027567306305006548,2.756730630500655
short,ooc,2026-06-24 20:00:00+00:00,2026-06-24 20:00:00+00:00,66.13,67.36106145988292,sl,1,-0.018615778918538082,-0.019615778918538083,-1.9615778918538083
short,ooc,2026-06-25 04:00:00+00:00,2026-06-25 04:00:00+00:00,67.7,68.93807085061334,sl,1,-0.018287604883505764,-0.019287604883505765,-1.9287604883505765
short,ooc,2026-06-25 12:00:00+00:00,2026-06-26 04:00:00+00:00,68.18,69.43207384568191,sl,5,-0.018364239449719946,-0.019364239449719947,-1.9364239449719947
short,ooc,2026-06-26 12:00:00+00:00,2026-06-26 12:00:00+00:00,68.62,70.18985362305222,sl,1,-0.022877493778085265,-0.023877493778085266,-2.3877493778085266
short,ooc,2026-06-28 08:00:00+00:00,2026-06-28 12:00:00+00:00,71.06,72.37002570072195,sl,2,-0.018435486922628076,-0.019435486922628076,-1.9435486922628076
short,ooc,2026-06-29 00:00:00+00:00,2026-06-29 00:00:00+00:00,71.4,72.67565705795293,sl,1,-0.017866345349480766,-0.018866345349480767,-1.8866345349480766
short,ooc,2026-08-02 12:00:00+00:00,2026-08-02 16:00:00+00:00,73.01,73.67584516819394,sl,2,-0.009119917383837004,-0.010119917383837003,-1.0119917383837003
short,ooc,2026-08-03 00:00:00+00:00,2026-08-03 16:00:00+00:00,73.64,74.29149757088997,sl,5,-0.008847060984383115,-0.009847060984383114,-0.9847060984383115
short,ooc,2026-08-04 00:00:00+00:00,2026-08-04 16:00:00+00:00,73.57,74.24751425667529,sl,5,-0.00920911046180909,-0.010209110461809091,-1.0209110461809092
short,ooc,2026-08-05 00:00:00+00:00,2026-08-05 00:00:00+00:00,73.75,74.41636998969771,sl,1,-0.009035525284036793,-0.010035525284036794,-1.0035525284036795
short,ooc,2026-08-05 08:00:00+00:00,2026-08-05 16:00:00+00:00,73.99,74.65415320540262,sl,3,-0.008976256323863051,-0.00997625632386305,-0.9976256323863051
short,ooc,2026-08-06 00:00:00+00:00,2026-08-07 00:00:00+00:00,74.05,72.64,timeout,7,0.01904118838622548,0.01804118838622548,1.8041188386225477
short,ooc,2026-08-07 08:00:00+00:00,2026-08-07 08:00:00+00:00,72.93,73.54199408293401,sl,1,-0.008391527258110569,-0.009391527258110568,-0.9391527258110568
short,ooc,2026-08-07 16:00:00+00:00,2026-08-08 00:00:00+00:00,73.91,74.5233265306931,sl,3,-0.008298288874213244,-0.009298288874213245,-0.9298288874213245
short,ooc,2026-08-11 16:00:00+00:00,2026-08-11 16:00:00+00:00,74.93,75.57049405218577,sl,1,-0.008547898734629097,-0.009547898734629096,-0.9547898734629097
short,ooc,2026-08-14 20:00:00+00:00,2026-08-15 00:00:00+00:00,75.02,75.61636897856125,sl,2,-0.007949466523077296,-0.008949466523077296,-0.8949466523077296
short,ooc,2026-08-15 08:00:00+00:00,2026-08-16 08:00:00+00:00,75.25,75.3,timeout,7,-0.0006644518272424871,-0.0016644518272424871,-0.1664451827242487
