step,side,entry_time,exit_time,entry_price,exit_price,exit_reason,bars_held,gross_ret,net_ret,pnl_usdt
0,long,2024-04-01 08:00:00+00:00,2024-04-01 12:00:00+00:00,198.0,188.36931966956308,sl,2,-0.048639799648671295,-0.049639799648671296,-4.9639799648671294
0,long,2024-04-01 20:00:00+00:00,2024-04-02 00:00:00+00:00,193.32,182.84055222814504,sl,2,-0.054207778666744005,-0.055207778666744006,-5.5207778666744005
0,long,2024-04-02 08:00:00+00:00,2024-04-05 08:00:00+00:00,183.15,172.31978616808846,sl,19,-0.05913302665526372,-0.06013302665526372,-6.013302665526372
0,long,2024-04-08 16:00:00+00:00,2024-04-09 12:00:00+00:00,181.46,172.54202422666336,sl,6,-0.049145683750339744,-0.050145683750339745,-5.014568375033974
0,long,2024-04-09 20:00:00+00:00,2024-04-10 12:00:00+00:00,174.3,165.38648775436968,sl,5,-0.051138911334654785,-0.052138911334654786,-5.213891133465479
0,long,2024-04-12 20:00:00+00:00,2024-04-13 16:00:00+00:00,149.16,136.95906343665987,sl,6,-0.08179764389474471,-0.08279764389474471,-8.27976438947447
0,long,2024-04-16 00:00:00+00:00,2024-04-28 00:00:00+00:00,138.53,143.78,timeout,73,0.037897928246589184,0.03689792824658918,3.6897928246589182
0,long,2024-04-29 00:00:00+00:00,2024-04-30 08:00:00+00:00,138.0,130.55285462341118,sl,9,-0.05396482156948421,-0.054964821569484214,-5.496482156948422
0,long,2024-05-01 00:00:00+00:00,2024-05-13 00:00:00+00:00,126.74,140.14,timeout,73,0.10572826258481925,0.10472826258481925,10.472826258481925
0,long,2024-05-13 08:00:00+00:00,2024-05-21 00:00:00+00:00,143.54,188.7271410635158,tp,47,0.31480521850017984,0.31380521850017984,31.380521850017985
0,long,2024-05-21 08:00:00+00:00,2024-05-23 12:00:00+00:00,181.32,171.85668782418674,sl,14,-0.052191220912272546,-0.05319122091227255,-5.319122091227254
0,long,2024-05-23 20:00:00+00:00,2024-05-26 16:00:00+00:00,170.93,161.1610749534706,sl,18,-0.05715161204311357,-0.058151612043113574,-5.815161204311357
0,long,2024-05-27 00:00:00+00:00,2024-06-07 16:00:00+00:00,163.43,155.82466040566035,sl,71,-0.04653576206534696,-0.04753576206534696,-4.753576206534696
0,long,2024-06-14 00:00:00+00:00,2024-06-18 00:00:00+00:00,147.31,139.26345290437754,sl,25,-0.05462322378400963,-0.05562322378400963,-5.562322378400963
0,long,2024-06-18 08:00:00+00:00,2024-06-24 00:00:00+00:00,136.71,128.01888482801095,sl,35,-0.06357336823925867,-0.06457336823925867,-6.457336823925868
0,long,2024-06-24 08:00:00+00:00,2024-07-06 08:00:00+00:00,125.21,138.71,timeout,73,0.10781886430796274,0.10681886430796274,10.681886430796274
0,long,2024-07-06 16:00:00+00:00,2024-07-07 20:00:00+00:00,141.88,132.43301803466082,sl,8,-0.06658431044078923,-0.06758431044078923,-6.7584310440789235
0,long,2024-07-08 04:00:00+00:00,2024-07-20 04:00:00+00:00,130.7,168.59,timeout,73,0.2899005355776589,0.2889005355776589,28.89005355776589
0,long,2024-07-20 12:00:00+00:00,2024-08-01 12:00:00+00:00,168.03,162.65,timeout,73,-0.03201809200737961,-0.03301809200737961,-3.301809200737961
0,long,2024-08-03 16:00:00+00:00,2024-08-04 16:00:00+00:00,146.19,134.740102406433,sl,7,-0.07832203019062171,-0.07932203019062171,-7.932203019062172
0,long,2024-08-07 12:00:00+00:00,2024-08-19 12:00:00+00:00,151.64,143.87,timeout,73,-0.05123977842257968,-0.05223977842257968,-5.223977842257968
0,long,2024-08-19 20:00:00+00:00,2024-08-30 12:00:00+00:00,142.94,136.4833933180688,sl,65,-0.045170048145593895,-0.046170048145593896,-4.617004814559389
0,long,2024-08-30 20:00:00+00:00,2024-09-01 20:00:00+00:00,135.97,127.81782012109683,sl,13,-0.0599557246370756,-0.0609557246370756,-6.09557246370756
0,long,2024-09-02 04:00:00+00:00,2024-09-04 00:00:00+00:00,130.19,123.00622255933308,sl,12,-0.05517917997286209,-0.05617917997286209,-5.617917997286209
0,long,2024-09-04 08:00:00+00:00,2024-09-06 20:00:00+00:00,130.33,122.6639953206347,sl,16,-0.05881995457197356,-0.05981995457197356,-5.981995457197356
0,long,2024-09-07 04:00:00+00:00,2024-09-19 04:00:00+00:00,125.17,138.56,timeout,73,0.10697451466006232,0.10597451466006232,10.597451466006232
0,long,2024-09-20 16:00:00+00:00,2024-09-22 20:00:00+00:00,147.86,141.4279089891379,sl,14,-0.04350122420439678,-0.04450122420439678,-4.450122420439678
0,long,2024-09-23 04:00:00+00:00,2024-10-02 16:00:00+00:00,147.76,141.1720984920539,sl,58,-0.04458514826709597,-0.04558514826709597,-4.5585148267095965
0,short,2024-04-02 08:00:00+00:00,2024-04-02 16:00:00+00:00,183.15,185.8575534579779,sl,3,-0.014783256663815967,-0.015783256663815966,-1.5783256663815965
0,short,2024-04-03 20:00:00+00:00,2024-04-04 12:00:00+00:00,185.72,188.76569710945026,sl,5,-0.01639940291541169,-0.017399402915411692,-1.7399402915411692
0,short,2024-04-05 00:00:00+00:00,2024-04-05 04:00:00+00:00,184.06,173.10850377408227,tp,2,0.05949959918460142,0.05849959918460142,5.849959918460142
0,short,2024-04-05 16:00:00+00:00,2024-04-06 16:00:00+00:00,175.97,179.05420152871483,sl,7,-0.017526859855173202,-0.018526859855173203,-1.8526859855173203
0,short,2024-04-07 00:00:00+00:00,2024-04-07 00:00:00+00:00,178.7,181.13112418901,sl,1,-0.013604500218298862,-0.014604500218298861,-1.4604500218298861
0,short,2024-04-07 08:00:00+00:00,2024-04-07 12:00:00+00:00,179.77,182.1256121833811,sl,2,-0.013103477684714265,-0.014103477684714264,-1.4103477684714265
0,short,2024-04-07 20:00:00+00:00,2024-04-08 04:00:00+00:00,178.3,180.52894495877854,sl,3,-0.012501093431175137,-0.013501093431175136,-1.3501093431175135
0,short,2024-04-08 12:00:00+00:00,2024-04-09 08:00:00+00:00,182.7,173.74987224409898,tp,6,0.04898811032239195,0.04798811032239195,4.798811032239195
0,short,2024-04-10 04:00:00+00:00,2024-04-10 04:00:00+00:00,171.4,173.5866372060096,sl,1,-0.012757509953381603,-0.013757509953381604,-1.3757509953381604
0,short,2024-04-10 12:00:00+00:00,2024-04-10 16:00:00+00:00,170.23,172.368707590896,sl,2,-0.012563635028467477,-0.013563635028467476,-1.3563635028467476
0,short,2024-04-11 12:00:00+00:00,2024-04-11 12:00:00+00:00,170.55,172.84604344186752,sl,1,-0.013462582479434245,-0.014462582479434244,-1.4462582479434243
0,short,2024-04-12 20:00:00+00:00,2024-04-12 20:00:00+00:00,149.16,152.210234140835,sl,1,-0.020449410973686084,-0.021449410973686085,-2.1449410973686085
0,short,2024-04-13 16:00:00+00:00,2024-04-13 16:00:00+00:00,148.99,137.33204687888187,tp,1,0.07824654756103187,0.07724654756103187,7.724654756103187
0,short,2024-04-14 20:00:00+00:00,2024-04-14 20:00:00+00:00,141.76,146.2188736366872,sl,1,-0.031453679717037254,-0.032453679717037255,-3.2453679717037254
0,short,2024-04-15 04:00:00+00:00,2024-04-15 04:00:00+00:00,148.15,152.60035532959256,sl,1,-0.030039522980712483,-0.031039522980712483,-3.103952298071248
0,short,2024-04-15 12:00:00+00:00,2024-04-16 00:00:00+00:00,150.98,133.7135703938543,tp,4,0.11436236326762282,0.11336236326762282,11.336236326762283
0,short,2024-04-16 08:00:00+00:00,2024-04-17 04:00:00+00:00,137.9,142.1689376114466,sl,6,-0.030956762954652668,-0.03195676295465267,-3.195676295465267
0,short,2024-04-17 20:00:00+00:00,2024-04-18 12:00:00+00:00,134.63,138.6205066566223,sl,5,-0.029640545618527084,-0.030640545618527085,-3.0640545618527084
0,short,2024-04-20 04:00:00+00:00,2024-04-20 12:00:00+00:00,142.4,145.94795126246316,sl,3,-0.02491538807909521,-0.02591538807909521,-2.591538807909521
0,short,2024-04-20 20:00:00+00:00,2024-04-22 04:00:00+00:00,151.22,154.48193567803025,sl,9,-0.021570795384408512,-0.022570795384408513,-2.2570795384408515
0,short,2024-04-22 12:00:00+00:00,2024-04-22 16:00:00+00:00,153.25,155.80146562860975,sl,2,-0.016649041622249578,-0.01764904162224958,-1.764904162224958
0,short,2024-04-26 12:00:00+00:00,2024-04-26 12:00:00+00:00,143.14,145.25798543689362,sl,1,-0.01479660078869382,-0.01579660078869382,-1.579660078869382
0,short,2024-04-28 00:00:00+00:00,2024-04-28 00:00:00+00:00,141.32,143.3708666082633,sl,1,-0.014512217720515891,-0.015512217720515892,-1.5512217720515893
0,short,2024-04-28 08:00:00+00:00,2024-04-29 00:00:00+00:00,143.54,135.7237457796633,tp,5,0.05445349185130767,0.05345349185130767,5.345349185130767
0,short,2024-04-29 08:00:00+00:00,2024-04-29 12:00:00+00:00,134.94,136.7983770008208,sl,2,-0.013771876395589218,-0.014771876395589217,-1.4771876395589216
0,short,2024-04-29 20:00:00+00:00,2024-04-29 20:00:00+00:00,134.98,136.80113311618194,sl,1,-0.01349187373078941,-0.01449187373078941,-1.449187373078941
0,short,2024-04-30 04:00:00+00:00,2024-04-30 08:00:00+00:00,136.49,128.90680619112752,tp,2,0.05555860362570513,0.05455860362570513,5.455860362570513
0,short,2024-04-30 16:00:00+00:00,2024-05-01 04:00:00+00:00,127.77,119.95674314938306,tp,4,0.06115094975829176,0.06015094975829176,6.015094975829176
0,short,2024-05-02 00:00:00+00:00,2024-05-02 08:00:00+00:00,134.65,137.21497014416673,sl,3,-0.019049165571234473,-0.020049165571234474,-2.0049165571234475
0,short,2024-05-02 16:00:00+00:00,2024-05-03 00:00:00+00:00,139.1,141.78380029903022,sl,3,-0.019294035219484,-0.020294035219484002,-2.0294035219484003
0,short,2024-05-03 08:00:00+00:00,2024-05-03 12:00:00+00:00,137.22,139.80565650615895,sl,2,-0.018843146087734696,-0.019843146087734697,-1.9843146087734698
0,short,2024-05-09 00:00:00+00:00,2024-05-09 00:00:00+00:00,142.15,144.2199536131434,sl,1,-0.0145617559841251,-0.015561755984125101,-1.55617559841251
0,short,2024-05-09 08:00:00+00:00,2024-05-09 12:00:00+00:00,143.25,145.25194979908792,sl,2,-0.013975216747559683,-0.014975216747559684,-1.4975216747559683
0,short,2024-05-26 20:00:00+00:00,2024-05-27 00:00:00+00:00,162.74,164.664899121553,sl,2,-0.011828063915159042,-0.012828063915159043,-1.2828063915159043
0,short,2024-05-30 12:00:00+00:00,2024-05-30 12:00:00+00:00,166.19,168.15915981836505,sl,1,-0.01184884661149923,-0.01284884661149923,-1.284884661149923
0,short,2024-05-31 04:00:00+00:00,2024-05-31 12:00:00+00:00,167.23,169.08547099053322,sl,3,-0.011095323748928031,-0.012095323748928032,-1.2095323748928033
0,short,2024-05-31 20:00:00+00:00,2024-06-02 20:00:00+00:00,166.35,163.16,timeout,13,0.019176435226931157,0.018176435226931156,1.8176435226931156
0,short,2024-06-03 04:00:00+00:00,2024-06-03 04:00:00+00:00,163.6,164.92403840236545,sl,1,-0.00809314426873753,-0.00909314426873753,-0.909314426873753
0,short,2024-06-03 16:00:00+00:00,2024-06-03 16:00:00+00:00,164.85,166.23348665087352,sl,1,-0.008392397032899738,-0.009392397032899739,-0.9392397032899739
0,short,2024-06-04 00:00:00+00:00,2024-06-04 00:00:00+00:00,164.88,166.28810838774297,sl,1,-0.008540201284224712,-0.009540201284224711,-0.9540201284224712
0,short,2024-06-08 20:00:00+00:00,2024-06-09 12:00:00+00:00,159.84,161.45588386674453,sl,5,-0.010109383550703987,-0.011109383550703986,-1.1109383550703986
0,short,2024-06-09 20:00:00+00:00,2024-06-11 00:00:00+00:00,162.14,156.35696004590065,tp,8,0.035666954200686676,0.034666954200686675,3.4666954200686675
0,short,2024-06-11 08:00:00+00:00,2024-06-11 08:00:00+00:00,153.41,154.96780799238982,sl,1,-0.010154540071636959,-0.011154540071636958,-1.1154540071636958
0,short,2024-06-12 08:00:00+00:00,2024-06-12 08:00:00+00:00,151.78,153.50904623909616,sl,1,-0.011391792325050491,-0.012391792325050492,-1.2391792325050492
0,short,2024-06-12 16:00:00+00:00,2024-06-13 00:00:00+00:00,158.84,151.07859562434183,tp,3,0.048863034346878456,0.047863034346878455,4.786303434687846
0,short,2024-06-13 08:00:00+00:00,2024-06-14 12:00:00+00:00,152.11,143.91818902610441,tp,8,0.05385451958382485,0.05285451958382485,5.2854519583824855
0,short,2024-06-16 12:00:00+00:00,2024-06-16 12:00:00+00:00,145.03,146.46452384083858,sl,1,-0.009891221408250566,-0.010891221408250565,-1.0891221408250564
0,short,2024-06-16 20:00:00+00:00,2024-06-16 20:00:00+00:00,148.79,150.22517616888632,sl,1,-0.009645649364112704,-0.010645649364112705,-1.0645649364112706
0,short,2024-06-19 20:00:00+00:00,2024-06-20 08:00:00+00:00,136.7,138.82255394781754,sl,4,-0.015527095448555602,-0.0165270954485556,-1.65270954485556
0,short,2024-06-21 04:00:00+00:00,2024-06-21 20:00:00+00:00,132.67,134.75495765410363,sl,5,-0.015715366353385447,-0.016715366353385448,-1.6715366353385448
0,short,2024-06-22 08:00:00+00:00,2024-06-24 00:00:00+00:00,134.85,127.21640176773543,tp,11,0.056608069946344534,0.055608069946344534,5.560806994634453
0,short,2024-06-24 08:00:00+00:00,2024-06-24 08:00:00+00:00,125.21,126.6559396951478,sl,1,-0.011548116725084257,-0.012548116725084258,-1.2548116725084257
0,short,2024-06-24 16:00:00+00:00,2024-06-24 16:00:00+00:00,126.32,127.9070857575509,sl,1,-0.012564010113607579,-0.01356401011360758,-1.3564010113607579
0,short,2024-06-25 00:00:00+00:00,2024-06-25 00:00:00+00:00,132.31,134.10108414809238,sl,1,-0.013537027799050569,-0.01453702779905057,-1.453702779905057
0,short,2024-06-25 08:00:00+00:00,2024-06-25 08:00:00+00:00,134.82,136.62070520932454,sl,1,-0.01335636559356585,-0.014356365593565849,-1.435636559356585
0,short,2024-06-25 16:00:00+00:00,2024-06-27 12:00:00+00:00,139.46,141.32259785906047,sl,12,-0.01335578559486919,-0.014355785594869191,-1.435578559486919
0,short,2024-06-30 04:00:00+00:00,2024-06-30 04:00:00+00:00,138.29,139.84880812647503,sl,1,-0.011272023475848167,-0.012272023475848166,-1.2272023475848166
0,short,2024-07-04 16:00:00+00:00,2024-07-05 00:00:00+00:00,135.37,126.997396411914,tp,3,0.061849771648711,0.060849771648711,6.0849771648711
0,short,2024-07-05 08:00:00+00:00,2024-07-05 08:00:00+00:00,126.73,129.1409270296187,sl,1,-0.0190241223831665,-0.0200241223831665,-2.00241223831665
0,short,2024-07-05 16:00:00+00:00,2024-07-06 00:00:00+00:00,134.93,137.53401361227324,sl,3,-0.019298996607672383,-0.020298996607672384,-2.0298996607672386
0,short,2024-07-06 08:00:00+00:00,2024-07-06 08:00:00+00:00,136.93,139.3224977295954,sl,1,-0.017472414588442203,-0.018472414588442204,-1.8472414588442203
0,short,2024-07-08 04:00:00+00:00,2024-07-08 04:00:00+00:00,130.7,132.8842942453346,sl,1,-0.016712274256576884,-0.017712274256576885,-1.7712274256576885
0,short,2024-07-12 20:00:00+00:00,2024-07-13 08:00:00+00:00,138.49,140.26610102936644,sl,4,-0.012824760122510144,-0.013824760122510143,-1.3824760122510142
0,short,2024-07-13 16:00:00+00:00,2024-07-13 20:00:00+00:00,140.36,141.89309978635492,sl,2,-0.010922626007088272,-0.011922626007088273,-1.1922626007088273
0,short,2024-08-01 00:00:00+00:00,2024-08-01 12:00:00+00:00,171.69,162.38189781175348,tp,4,0.05421458552185056,0.05321458552185056,5.321458552185056
0,short,2024-08-01 20:00:00+00:00,2024-08-01 20:00:00+00:00,162.37,164.78086985974065,sl,1,-0.014848000614279997,-0.015848000614279996,-1.5848000614279996
0,short,2024-08-02 04:00:00+00:00,2024-08-02 12:00:00+00:00,164.33,166.9323316647764,sl,3,-0.015836010860928534,-0.016836010860928535,-1.6836010860928536
0,short,2024-08-04 04:00:00+00:00,2024-08-04 16:00:00+00:00,144.33,133.0849252867833,tp,4,0.07791224771853893,0.07691224771853893,7.691224771853893
0,short,2024-08-05 08:00:00+00:00,2024-08-05 12:00:00+00:00,122.86,126.94891485636543,sl,2,-0.033281091131087695,-0.034281091131087696,-3.4281091131087695
0,short,2024-08-06 04:00:00+00:00,2024-08-06 04:00:00+00:00,138.6,143.34871392642293,sl,1,-0.03426200524114673,-0.035262005241146734,-3.526200524114673
0,short,2024-08-06 12:00:00+00:00,2024-08-06 12:00:00+00:00,139.46,143.97236047737488,sl,1,-0.032355947779828406,-0.03335594777982841,-3.3355947779828408
0,short,2024-08-06 20:00:00+00:00,2024-08-07 00:00:00+00:00,146.32,150.67736694222629,sl,2,-0.02977970846245416,-0.03077970846245416,-3.077970846245416
0,short,2024-08-07 08:00:00+00:00,2024-08-08 12:00:00+00:00,152.45,156.60908716183351,sl,8,-0.027281647503007714,-0.028281647503007715,-2.8281647503007714
0,short,2024-08-09 00:00:00+00:00,2024-08-11 00:00:00+00:00,163.14,155.7,timeout,13,0.045605001838911356,0.044605001838911355,4.460500183891136
0,short,2024-08-12 12:00:00+00:00,2024-08-14 12:00:00+00:00,150.23,146.7,timeout,13,0.023497304133661728,0.022497304133661727,2.249730413366173
0,short,2024-08-14 20:00:00+00:00,2024-08-15 12:00:00+00:00,144.21,146.44992062996573,sl,5,-0.01553235302659818,-0.01653235302659818,-1.653235302659818
0,short,2024-08-18 00:00:00+00:00,2024-08-18 08:00:00+00:00,141.92,143.680935207842,sl,3,-0.012407942558075044,-0.013407942558075044,-1.3407942558075043
0,short,2024-08-18 16:00:00+00:00,2024-08-20 00:00:00+00:00,145.78,147.4976807963134,sl,9,-0.01178269170197148,-0.01278269170197148,-1.278269170197148
0,short,2024-08-22 04:00:00+00:00,2024-08-22 04:00:00+00:00,141.74,143.24633887187318,sl,1,-0.010627478988804633,-0.011627478988804632,-1.1627478988804631
0,short,2024-08-22 12:00:00+00:00,2024-08-23 12:00:00+00:00,144.52,145.96755749666616,sl,7,-0.01001631259802207,-0.01101631259802207,-1.1016312598022069
0,short,2024-08-28 20:00:00+00:00,2024-08-28 20:00:00+00:00,144.27,146.28024401559873,sl,1,-0.013933901820189333,-0.014933901820189333,-1.4933901820189333
0,short,2024-08-29 04:00:00+00:00,2024-08-29 04:00:00+00:00,143.35,145.3187052991642,sl,1,-0.013733556324828835,-0.014733556324828836,-1.4733556324828836
0,short,2024-08-29 16:00:00+00:00,2024-08-29 16:00:00+00:00,146.08,138.80110708124818,tp,1,0.04982812786659252,0.04882812786659252,4.882812786659252
0,short,2024-08-31 00:00:00+00:00,2024-09-01 12:00:00+00:00,137.99,130.0115472553042,tp,10,0.05781906474886441,0.05681906474886441,5.681906474886441
0,short,2024-09-01 20:00:00+00:00,2024-09-01 20:00:00+00:00,135.23,128.59958355993658,tp,1,0.049030662131652844,0.04803066213165284,4.803066213165284
0,short,2024-09-02 08:00:00+00:00,2024-09-02 08:00:00+00:00,127.66,129.45123404872623,sl,1,-0.014031286610733499,-0.0150312866107335,-1.50312866107335
0,short,2024-09-03 04:00:00+00:00,2024-09-03 20:00:00+00:00,135.52,128.48842655847477,tp,5,0.051885872502399934,0.05088587250239993,5.088587250239994
0,short,2024-09-04 08:00:00+00:00,2024-09-04 12:00:00+00:00,130.33,132.24650116984134,sl,2,-0.014704988642993364,-0.015704988642993363,-1.5704988642993363
0,short,2024-09-05 08:00:00+00:00,2024-09-05 12:00:00+00:00,133.1,134.91382680952725,sl,2,-0.013627549282699148,-0.014627549282699149,-1.4627549282699148
0,short,2024-09-06 00:00:00+00:00,2024-09-06 00:00:00+00:00,129.39,131.13969199049635,sl,1,-0.0135226214583535,-0.0145226214583535,-1.45226214583535
0,short,2024-09-06 16:00:00+00:00,2024-09-06 20:00:00+00:00,128.08,120.61003353388521,tp,2,0.05832266135317612,0.05732266135317612,5.732266135317611
0,short,2024-09-08 04:00:00+00:00,2024-09-08 04:00:00+00:00,128.31,129.9067025113698,sl,1,-0.012444100314626953,-0.013444100314626953,-1.3444100314626954
0,short,2024-09-10 00:00:00+00:00,2024-09-10 16:00:00+00:00,135.06,136.665457391218,sl,5,-0.011886993863601439,-0.01288699386360144,-1.288699386360144
0,short,2024-09-12 16:00:00+00:00,2024-09-12 16:00:00+00:00,133.54,134.92632495016176,sl,1,-0.010381346039851464,-0.011381346039851463,-1.1381346039851463
0,short,2024-09-16 04:00:00+00:00,2024-09-16 08:00:00+00:00,130.62,131.69914032542488,sl,2,-0.008261677579427909,-0.009261677579427908,-0.9261677579427908
0,short,2024-09-16 16:00:00+00:00,2024-09-17 04:00:00+00:00,131.47,132.5089982853347,sl,4,-0.007902930595076546,-0.008902930595076547,-0.8902930595076547
0,short,2024-09-17 12:00:00+00:00,2024-09-17 12:00:00+00:00,131.95,132.9794338396144,sl,1,-0.007801696397229243,-0.008801696397229244,-0.8801696397229244
0,short,2024-09-17 20:00:00+00:00,2024-09-18 12:00:00+00:00,132.25,127.5326669613299,tp,5,0.03566981503720307,0.03466981503720307,3.466981503720307
1,long,2024-09-30 16:00:00+00:00,2024-10-01 12:00:00+00:00,154.2,151.30782175249973,sl,6,-0.018756019763296074,-0.019756019763296075,-1.9756019763296075
1,long,2024-10-13 16:00:00+00:00,2024-10-14 12:00:00+00:00,145.34,156.28251695569588,tp,6,0.07528909423211697,0.07428909423211696,7.428909423211697
1,long,2024-10-14 20:00:00+00:00,2024-10-15 08:00:00+00:00,155.65,153.02014351393296,sl,4,-0.016895962004927986,-0.017895962004927986,-1.7895962004927986
1,long,2024-10-15 16:00:00+00:00,2024-10-17 16:00:00+00:00,153.31,150.08772290883024,sl,13,-0.021018048993345233,-0.022018048993345234,-2.2018048993345234
1,long,2024-10-18 08:00:00+00:00,2024-10-21 00:00:00+00:00,153.91,168.72554485566673,tp,17,0.09626109320815236,0.09526109320815236,9.526109320815236
1,long,2024-10-21 08:00:00+00:00,2024-10-21 08:00:00+00:00,168.68,165.7787270177647,sl,1,-0.017199863541826524,-0.018199863541826525,-1.8199863541826524
1,long,2024-10-21 16:00:00+00:00,2024-10-25 20:00:00+00:00,165.27,162.09681054082773,sl,26,-0.01920003303184049,-0.02020003303184049,-2.020003303184049
1,long,2024-10-26 04:00:00+00:00,2024-11-03 00:00:00+00:00,165.64,161.2038579255168,sl,48,-0.026781828510524033,-0.027781828510524034,-2.7781828510524034
1,long,2024-11-03 08:00:00+00:00,2024-11-03 12:00:00+00:00,163.54,160.04414200819897,sl,2,-0.021376164802501024,-0.022376164802501024,-2.2376164802501024
1,long,2024-11-04 08:00:00+00:00,2024-11-04 20:00:00+00:00,161.4,157.79474167232257,sl,4,-0.022337412191309993,-0.023337412191309994,-2.3337412191309994
1,long,2024-11-05 16:00:00+00:00,2024-11-06 00:00:00+00:00,165.93,184.60797612654733,tp,3,0.11256539580875864,0.11156539580875864,11.156539580875863
1,long,2024-11-06 08:00:00+00:00,2024-11-10 04:00:00+00:00,183.89,208.96090603265094,tp,24,0.1363364295646906,0.1353364295646906,13.53364295646906
1,long,2024-11-10 16:00:00+00:00,2024-11-10 16:00:00+00:00,212.24,206.934471381656,sl,1,-0.02499777901594421,-0.02599777901594421,-2.599777901594421
1,long,2024-11-11 00:00:00+00:00,2024-11-13 00:00:00+00:00,210.08,203.8830390994891,sl,13,-0.02949810024995669,-0.03049810024995669,-3.049810024995669
1,long,2024-11-13 08:00:00+00:00,2024-11-18 00:00:00+00:00,205.22,242.40234193165946,tp,29,0.18118283759701523,0.18018283759701523,18.01828375970152
1,long,2024-11-18 20:00:00+00:00,2024-11-26 08:00:00+00:00,236.32,228.75927394662958,sl,46,-0.031993593658473325,-0.032993593658473326,-3.299359365847333
1,long,2024-11-29 12:00:00+00:00,2024-11-30 12:00:00+00:00,245.21,239.08304782022373,sl,7,-0.02498655103697354,-0.025986551036973542,-2.598655103697354
1,long,2024-12-03 08:00:00+00:00,2024-12-03 12:00:00+00:00,226.93,221.3362059225428,sl,2,-0.024649865938647177,-0.025649865938647178,-2.5649865938647176
1,long,2024-12-04 00:00:00+00:00,2024-12-04 16:00:00+00:00,233.92,227.35812284865017,sl,5,-0.028051800407617216,-0.029051800407617217,-2.9051800407617216
1,long,2024-12-05 04:00:00+00:00,2024-12-05 20:00:00+00:00,232.88,225.52935404582144,sl,5,-0.03156409289839643,-0.03256409289839643,-3.256409289839643
1,long,2024-12-06 04:00:00+00:00,2024-12-06 12:00:00+00:00,241.95,233.3122781606406,sl,3,-0.03570044157619089,-0.036700441576190894,-3.670044157619089
1,long,2024-12-07 00:00:00+00:00,2024-12-09 04:00:00+00:00,236.86,229.05786669077384,sl,14,-0.03293985185014852,-0.03393985185014852,-3.393985185014852
1,long,2024-12-09 16:00:00+00:00,2024-12-09 20:00:00+00:00,224.3,218.42716699183524,sl,2,-0.026182938065826014,-0.027182938065826015,-2.7182938065826017
1,long,2024-12-14 00:00:00+00:00,2024-12-14 16:00:00+00:00,224.78,219.45074283561226,sl,5,-0.02370876930504378,-0.02470876930504378,-2.470876930504378
1,long,2024-12-16 00:00:00+00:00,2024-12-16 08:00:00+00:00,224.27,219.3821775260438,sl,3,-0.021794366049655414,-0.022794366049655415,-2.2794366049655417
1,long,2024-12-18 00:00:00+00:00,2024-12-18 00:00:00+00:00,223.17,217.2566775831803,sl,1,-0.02649694142053001,-0.02749694142053001,-2.7496941420530012
1,long,2024-12-18 16:00:00+00:00,2024-12-18 16:00:00+00:00,217.75,212.01217093016487,sl,1,-0.026350535337934005,-0.027350535337934006,-2.7350535337934008
1,long,2024-12-19 00:00:00+00:00,2024-12-19 00:00:00+00:00,206.53,200.55641268978502,sl,1,-0.028923581611460712,-0.029923581611460713,-2.9923581611460714
1,long,2024-12-22 04:00:00+00:00,2024-12-30 04:00:00+00:00,182.54,192.37,timeout,49,0.05385121069354669,0.05285121069354669,5.285121069354669
1,long,2024-12-30 20:00:00+00:00,2024-12-30 20:00:00+00:00,196.18,191.2708115081332,sl,1,-0.025023898928875594,-0.026023898928875595,-2.6023898928875595
1,long,2024-12-31 12:00:00+00:00,2025-01-01 08:00:00+00:00,193.79,188.95186920772053,sl,6,-0.024965843398934196,-0.025965843398934197,-2.5965843398934196
1,long,2025-01-03 00:00:00+00:00,2025-01-07 16:00:00+00:00,208.29,203.73686146892402,sl,29,-0.02185961174840834,-0.02285961174840834,-2.285961174840834
1,long,2025-01-14 16:00:00+00:00,2025-01-16 08:00:00+00:00,186.86,210.7474625888938,tp,11,0.12783614785879152,0.12683614785879152,12.683614785879152
1,long,2025-01-16 16:00:00+00:00,2025-01-18 04:00:00+00:00,209.05,237.95814766391254,tp,10,0.13828341384315967,0.13728341384315967,13.728341384315968
1,long,2025-01-18 12:00:00+00:00,2025-01-19 04:00:00+00:00,238.93,276.33277891772286,tp,5,0.1565428322844467,0.1555428322844467,15.554283228444671
1,long,2025-01-19 12:00:00+00:00,2025-01-19 12:00:00+00:00,286.32,273.54616001556866,sl,1,-0.044613858565351126,-0.04561385856535113,-4.561385856535113
1,long,2025-01-19 20:00:00+00:00,2025-01-19 20:00:00+00:00,269.54,255.96475021750567,sl,1,-0.0503645090988141,-0.0513645090988141,-5.13645090988141
1,long,2025-01-20 04:00:00+00:00,2025-01-27 04:00:00+00:00,241.57,225.28965707529824,sl,43,-0.06739389379766426,-0.06839389379766427,-6.839389379766427
1,long,2025-01-27 16:00:00+00:00,2025-01-27 16:00:00+00:00,233.66,224.55231673695383,sl,1,-0.038978358568202386,-0.039978358568202386,-3.9978358568202386
1,long,2025-01-30 04:00:00+00:00,2025-01-31 16:00:00+00:00,240.2,231.53903011418953,sl,10,-0.03605732675191699,-0.03705732675191699,-3.705732675191699
1,long,2025-02-01 00:00:00+00:00,2025-02-01 12:00:00+00:00,231.76,225.07765359936388,sl,4,-0.028833044531567598,-0.0298330445315676,-2.9833044531567596
1,long,2025-02-02 00:00:00+00:00,2025-02-02 04:00:00+00:00,212.96,206.7036382404297,sl,2,-0.029378107435998762,-0.030378107435998763,-3.0378107435998762
1,long,2025-02-02 20:00:00+00:00,2025-02-02 20:00:00+00:00,203.53,196.04226972616294,sl,1,-0.03678931987341944,-0.03778931987341944,-3.7789319873419442
1,long,2025-02-03 16:00:00+00:00,2025-02-05 16:00:00+00:00,206.94,196.71896470487783,sl,13,-0.04939129842042217,-0.05039129842042217,-5.039129842042217
1,long,2025-02-06 16:00:00+00:00,2025-02-14 16:00:00+00:00,191.24,201.55,timeout,49,0.05391131562434638,0.05291131562434638,5.2911315624346384
1,long,2025-02-21 16:00:00+00:00,2025-02-21 20:00:00+00:00,173.15,167.9839259857748,sl,2,-0.029835830287179996,-0.030835830287179997,-3.0835830287179995
1,long,2025-02-22 04:00:00+00:00,2025-02-24 00:00:00+00:00,170.34,165.22785181878544,sl,12,-0.030011437015466505,-0.031011437015466506,-3.1011437015466505
1,long,2025-02-27 08:00:00+00:00,2025-02-27 20:00:00+00:00,140.99,135.06554997517804,sl,4,-0.042020356229675614,-0.043020356229675615,-4.302035622967561
1,long,2025-02-28 04:00:00+00:00,2025-03-02 12:00:00+00:00,127.64,156.8426833412624,tp,15,0.22878943388641793,0.22778943388641792,22.778943388641792
1,long,2025-03-02 20:00:00+00:00,2025-03-03 04:00:00+00:00,172.18,164.8085730571752,sl,3,-0.04281232978757578,-0.04381232978757578,-4.381232978757578
1,long,2025-03-03 12:00:00+00:00,2025-03-03 16:00:00+00:00,161.08,153.27643989707366,sl,2,-0.048445245237933664,-0.049445245237933665,-4.944524523793366
1,long,2025-03-04 00:00:00+00:00,2025-03-04 00:00:00+00:00,142.15,133.39364010709576,sl,1,-0.06159943646081071,-0.0625994364608107,-6.25994364608107
1,long,2025-03-04 08:00:00+00:00,2025-03-09 16:00:00+00:00,136.02,127.34410805152646,sl,33,-0.06378394315889978,-0.06478394315889978,-6.478394315889978
1,long,2025-03-12 12:00:00+00:00,2025-03-13 16:00:00+00:00,126.74,121.74410692196847,sl,8,-0.03941843994028348,-0.04041843994028348,-4.041843994028349
1,long,2025-03-14 00:00:00+00:00,2025-03-22 00:00:00+00:00,123.39,128.86,timeout,49,0.04433098306183656,0.04333098306183656,4.333098306183656
1,long,2025-03-23 08:00:00+00:00,2025-03-24 08:00:00+00:00,131.15,143.99786348993948,tp,7,0.0979631223022453,0.0969631223022453,9.69631223022453
1,long,2025-03-24 16:00:00+00:00,2025-03-24 20:00:00+00:00,143.24,140.33001783929643,sl,2,-0.020315429773133047,-0.021315429773133047,-2.1315429773133046
1,long,2025-03-25 04:00:00+00:00,2025-03-28 04:00:00+00:00,138.57,135.54957696535502,sl,19,-0.02179709197261296,-0.02279709197261296,-2.279709197261296
1,short,2024-10-01 20:00:00+00:00,2024-10-05 20:00:00+00:00,145.42,142.6,timeout,25,0.019392105625085913,0.018392105625085912,1.8392105625085913
1,short,2024-10-06 04:00:00+00:00,2024-10-07 00:00:00+00:00,142.68,148.4588339840477,sl,6,-0.04050206044328342,-0.041502060443283424,-4.150206044328343
1,short,2024-10-08 00:00:00+00:00,2024-10-12 00:00:00+00:00,143.98,145.14,timeout,25,-0.008056674538130273,-0.009056674538130274,-0.9056674538130274
1,short,2024-10-12 16:00:00+00:00,2024-10-14 00:00:00+00:00,146.11,150.75110066907746,sl,9,-0.03176442864333341,-0.03276442864333341,-3.276442864333341
1,short,2024-10-14 08:00:00+00:00,2024-10-14 12:00:00+00:00,153.05,158.01781629291577,sl,2,-0.03245878009092294,-0.03345878009092294,-3.3458780090922944
1,short,2024-10-16 16:00:00+00:00,2024-10-20 16:00:00+00:00,155.73,160.39,timeout,25,-0.029923585693186906,-0.030923585693186907,-3.092358569318691
1,short,2024-10-22 04:00:00+00:00,2024-10-23 16:00:00+00:00,166.44,173.11430556982614,sl,10,-0.04010036992205086,-0.041100369922050864,-4.110036992205086
1,short,2024-10-26 04:00:00+00:00,2024-10-27 08:00:00+00:00,165.64,174.5122841489664,sl,8,-0.05356365702104807,-0.05456365702104807,-5.456365702104807
1,short,2024-10-27 16:00:00+00:00,2024-10-29 16:00:00+00:00,175.79,183.07898462700328,sl,13,-0.04146415966211552,-0.04246415966211552,-4.246415966211552
1,short,2024-10-30 16:00:00+00:00,2024-11-03 12:00:00+00:00,173.98,159.21353121761211,tp,24,0.08487451880898883,0.08387451880898883,8.387451880898883
1,short,2024-11-06 04:00:00+00:00,2024-11-07 16:00:00+00:00,184.93,194.87285182944964,sl,10,-0.053765488722487625,-0.054765488722487626,-5.476548872248762
1,short,2024-11-10 08:00:00+00:00,2024-11-10 16:00:00+00:00,205.0,215.14962851118844,sl,3,-0.04951038298140702,-0.05051038298140702,-5.051038298140702
1,short,2024-11-11 12:00:00+00:00,2024-11-15 12:00:00+00:00,217.59,208.33,timeout,25,0.04255710280803342,0.041557102808033416,4.1557102808033415
1,short,2024-11-17 00:00:00+00:00,2024-11-17 04:00:00+00:00,215.73,228.62312359269845,sl,2,-0.05976509336994604,-0.06076509336994604,-6.0765093369946035
1,short,2024-11-18 04:00:00+00:00,2024-11-21 16:00:00+00:00,244.2,259.0548462635256,sl,22,-0.06083065627979356,-0.06183065627979356,-6.1830656279793565
1,short,2024-11-22 04:00:00+00:00,2024-11-25 20:00:00+00:00,262.48,231.6235021769382,tp,23,0.1175575198988945,0.1165575198988945,11.655751989889449
1,short,2024-11-26 04:00:00+00:00,2024-11-30 04:00:00+00:00,237.47,244.19,timeout,25,-0.028298311365646183,-0.029298311365646184,-2.9298311365646184
1,short,2024-12-01 12:00:00+00:00,2024-12-03 12:00:00+00:00,237.1,217.9557287423814,tp,13,0.08074344688999825,0.07974344688999825,7.9743446889998255
1,short,2024-12-04 00:00:00+00:00,2024-12-08 00:00:00+00:00,233.92,240.7,timeout,25,-0.028984268125855,-0.029984268125855,-2.9984268125855
1,short,2024-12-09 00:00:00+00:00,2024-12-09 20:00:00+00:00,237.05,214.8236335784241,tp,6,0.09376235571219532,0.09276235571219532,9.276235571219532
1,short,2024-12-10 04:00:00+00:00,2024-12-12 00:00:00+00:00,215.76,230.97479892050873,sl,12,-0.07051723637610652,-0.07151723637610652,-7.151723637610652
1,short,2024-12-13 04:00:00+00:00,2024-12-17 04:00:00+00:00,227.21,215.59,timeout,25,0.051142115223801785,0.050142115223801784,5.014211522380179
1,short,2024-12-17 12:00:00+00:00,2024-12-19 00:00:00+00:00,221.63,200.8014579667671,tp,10,0.09397889289912424,0.09297889289912424,9.297889289912424
1,short,2024-12-19 08:00:00+00:00,2024-12-19 16:00:00+00:00,211.83,187.19579070558504,tp,3,0.11629235374788732,0.11529235374788732,11.529235374788732
1,short,2024-12-20 00:00:00+00:00,2024-12-24 00:00:00+00:00,193.8,189.96,timeout,25,0.019814241486068127,0.018814241486068126,1.8814241486068126
1,short,2024-12-24 08:00:00+00:00,2024-12-28 08:00:00+00:00,191.55,187.18,timeout,25,0.02281388671365181,0.02181388671365181,2.181388671365181
1,short,2025-01-01 20:00:00+00:00,2025-01-02 04:00:00+00:00,193.08,202.09452061912896,sl,3,-0.04668800817862515,-0.04768800817862515,-4.768800817862515
1,short,2025-01-03 04:00:00+00:00,2025-01-03 12:00:00+00:00,208.04,216.90582870056966,sl,3,-0.042615981064072606,-0.043615981064072606,-4.361598106407261
1,short,2025-01-04 20:00:00+00:00,2025-01-08 00:00:00+00:00,215.56,199.96321612313844,tp,20,0.07235472201179052,0.07135472201179052,7.135472201179052
1,short,2025-01-08 08:00:00+00:00,2025-01-12 08:00:00+00:00,195.7,186.68,timeout,25,0.046090955544200216,0.045090955544200215,4.509095554420021
1,short,2025-01-12 16:00:00+00:00,2025-01-13 12:00:00+00:00,190.49,174.60444262160718,tp,6,0.08339313023462036,0.08239313023462036,8.239313023462035
1,short,2025-01-15 04:00:00+00:00,2025-01-15 16:00:00+00:00,189.75,198.45488415565592,sl,4,-0.045875542322297326,-0.04687554232229733,-4.687554232229733
1,short,2025-01-18 12:00:00+00:00,2025-01-18 12:00:00+00:00,238.93,253.89111156708915,sl,1,-0.06261713291377871,-0.06361713291377871,-6.361713291377871
1,short,2025-01-19 08:00:00+00:00,2025-01-19 08:00:00+00:00,271.51,294.55519381262127,sl,1,-0.08487788226076859,-0.08587788226076859,-8.587788226076858
1,short,2025-01-20 04:00:00+00:00,2025-01-24 04:00:00+00:00,241.57,259.72,timeout,25,-0.07513350167653282,-0.07613350167653282,-7.613350167653282
1,short,2025-01-26 08:00:00+00:00,2025-01-27 04:00:00+00:00,258.95,224.79946182848056,tp,6,0.131880819353232,0.130880819353232,13.088081935323201
1,short,2025-01-27 12:00:00+00:00,2025-01-28 04:00:00+00:00,225.88,243.33654856656096,sl,5,-0.07728240024154848,-0.07828240024154848,-7.828240024154848
1,short,2025-01-28 12:00:00+00:00,2025-02-01 12:00:00+00:00,238.3,226.4,timeout,25,0.049937054133445256,0.048937054133445256,4.8937054133445255
1,short,2025-02-01 20:00:00+00:00,2025-02-02 16:00:00+00:00,221.76,197.6033647280048,tp,6,0.10893143611108941,0.10793143611108941,10.79314361110894
1,short,2025-02-03 20:00:00+00:00,2025-02-07 20:00:00+00:00,215.14,191.97,timeout,25,0.10769731337733564,0.10669731337733564,10.669731337733564
1,short,2025-02-08 04:00:00+00:00,2025-02-09 00:00:00+00:00,192.99,206.5634131418943,sl,6,-0.07033220965798379,-0.07133220965798379,-7.133220965798379
1,short,2025-02-09 16:00:00+00:00,2025-02-13 16:00:00+00:00,200.67,192.68,timeout,25,0.03981661434195436,0.03881661434195436,3.881661434195436
1,short,2025-02-14 00:00:00+00:00,2025-02-14 16:00:00+00:00,194.26,203.98436646404292,sl,5,-0.050058511603227274,-0.051058511603227275,-5.105851160322727
1,short,2025-02-15 16:00:00+00:00,2025-02-17 16:00:00+00:00,194.66,177.19731109663638,tp,13,0.08970866589624789,0.08870866589624789,8.87086658962479
1,short,2025-02-24 00:00:00+00:00,2025-02-24 12:00:00+00:00,167.95,153.13946281095286,tp,4,0.08818420475764886,0.08718420475764886,8.718420475764885
1,short,2025-02-25 00:00:00+00:00,2025-03-01 00:00:00+00:00,141.81,145.72,timeout,25,-0.027572103518792725,-0.028572103518792726,-2.8572103518792726
1,short,2025-03-01 16:00:00+00:00,2025-03-02 12:00:00+00:00,140.4,151.78074256522018,sl,6,-0.08105941998020066,-0.08205941998020067,-8.205941998020066
1,short,2025-03-03 20:00:00+00:00,2025-03-07 20:00:00+00:00,141.86,139.39,timeout,25,0.017411532496828048,0.016411532496828047,1.6411532496828047
1,short,2025-03-11 08:00:00+00:00,2025-03-14 16:00:00+00:00,123.06,134.11002523309512,sl,21,-0.08979380166662695,-0.09079380166662696,-9.079380166662695
1,short,2025-03-17 16:00:00+00:00,2025-03-19 20:00:00+00:00,127.52,134.3915194371994,sl,14,-0.05388581741843954,-0.05488581741843954,-5.488581741843954
1,short,2025-03-27 00:00:00+00:00,2025-03-29 16:00:00+00:00,137.38,124.06166429726767,tp,17,0.09694523003881443,0.09594523003881443,9.594523003881443
1,short,2025-03-30 00:00:00+00:00,2025-04-02 12:00:00+00:00,124.62,130.65893658378485,sl,22,-0.048458807444911295,-0.049458807444911296,-4.94588074449113
2,long,2025-04-01 12:00:00+00:00,2025-04-02 20:00:00+00:00,127.62,118.63085448537737,sl,9,-0.07043680860854595,-0.07143680860854595,-7.143680860854595
2,long,2025-04-09 08:00:00+00:00,2025-04-11 08:00:00+00:00,107.37,118.02,timeout,13,0.09918971779826759,0.09818971779826759,9.818971779826759
2,long,2025-04-11 16:00:00+00:00,2025-04-13 16:00:00+00:00,119.92,128.21,timeout,13,0.06912941961307544,0.06812941961307543,6.812941961307543
2,long,2025-04-14 00:00:00+00:00,2025-04-16 00:00:00+00:00,128.38,126.44,timeout,13,-0.015111388066677035,-0.016111388066677036,-1.6111388066677037
2,long,2025-04-16 16:00:00+00:00,2025-04-18 16:00:00+00:00,128.4,134.25,timeout,13,0.04556074766355136,0.04456074766355136,4.456074766355136
2,long,2025-04-19 00:00:00+00:00,2025-04-21 00:00:00+00:00,134.05,139.39,timeout,13,0.03983588213353208,0.038835882133532076,3.8835882133532076
2,long,2025-04-21 08:00:00+00:00,2025-04-23 08:00:00+00:00,140.19,152.08,timeout,13,0.08481346743704983,0.08381346743704983,8.381346743704983
2,long,2025-04-23 16:00:00+00:00,2025-04-25 16:00:00+00:00,151.38,151.39,timeout,13,6.605892456064808e-05,-0.0009339410754393519,-0.09339410754393519
2,long,2025-04-26 08:00:00+00:00,2025-04-28 08:00:00+00:00,151.36,151.68,timeout,13,0.002114164904862534,0.0011141649048625338,0.11141649048625338
2,long,2025-05-05 04:00:00+00:00,2025-05-07 04:00:00+00:00,144.9,147.26,timeout,13,0.01628709454796401,0.015287094547964009,1.5287094547964009
2,long,2025-05-08 04:00:00+00:00,2025-05-08 20:00:00+00:00,150.89,164.40560584324638,tp,5,0.08957257500991711,0.08857257500991711,8.857257500991711
2,long,2025-05-09 04:00:00+00:00,2025-05-10 20:00:00+00:00,161.37,177.5315361656594,tp,11,0.10015204911482546,0.09915204911482546,9.915204911482546
2,long,2025-05-11 04:00:00+00:00,2025-05-13 04:00:00+00:00,175.87,171.5,timeout,13,-0.024847899016318897,-0.025847899016318898,-2.58478990163189
2,long,2025-05-13 20:00:00+00:00,2025-05-15 20:00:00+00:00,182.08,169.18,timeout,13,-0.07084797891036909,-0.07184797891036909,-7.18479789103691
2,long,2025-05-17 04:00:00+00:00,2025-05-19 04:00:00+00:00,168.26,161.93,timeout,13,-0.03762034945917024,-0.03862034945917024,-3.8620349459170242
2,long,2025-05-22 04:00:00+00:00,2025-05-24 04:00:00+00:00,176.82,173.99,timeout,13,-0.016004976812577672,-0.017004976812577673,-1.7004976812577672
2,long,2025-05-26 00:00:00+00:00,2025-05-28 00:00:00+00:00,175.74,175.14,timeout,13,-0.003414134516900095,-0.004414134516900095,-0.4414134516900095
2,long,2025-06-03 12:00:00+00:00,2025-06-05 12:00:00+00:00,160.57,150.10392633678734,sl,13,-0.0651807539590998,-0.0661807539590998,-6.61807539590998
2,long,2025-06-09 12:00:00+00:00,2025-06-11 12:00:00+00:00,155.59,167.25,timeout,13,0.0749405488784626,0.0739405488784626,7.39405488784626
2,long,2025-06-16 12:00:00+00:00,2025-06-17 16:00:00+00:00,156.45,145.79156879900398,sl,8,-0.06812675743685527,-0.06912675743685527,-6.9126757436855275
2,long,2025-06-23 20:00:00+00:00,2025-06-25 20:00:00+00:00,139.81,143.56,timeout,13,0.026822115728488662,0.02582211572848866,2.582211572848866
2,long,2025-06-26 04:00:00+00:00,2025-06-28 04:00:00+00:00,145.93,146.55,timeout,13,0.004248612348386243,0.003248612348386243,0.32486123483862434
2,long,2025-06-28 20:00:00+00:00,2025-06-30 20:00:00+00:00,150.68,154.83,timeout,13,0.02754181045925143,0.026541810459251428,2.6541810459251427
2,long,2025-07-07 00:00:00+00:00,2025-07-09 00:00:00+00:00,151.87,151.32,timeout,13,-0.0036215184038981456,-0.004621518403898146,-0.46215184038981455
2,long,2025-07-09 08:00:00+00:00,2025-07-10 20:00:00+00:00,153.02,164.6614503133667,tp,10,0.07607796571276092,0.07507796571276092,7.507796571276091
2,long,2025-07-11 04:00:00+00:00,2025-07-13 04:00:00+00:00,165.3,162.67,timeout,13,-0.015910465819721862,-0.016910465819721863,-1.6910465819721863
2,long,2025-07-14 04:00:00+00:00,2025-07-15 12:00:00+00:00,167.08,157.61586097125772,sl,9,-0.05664435616915427,-0.05764435616915427,-5.764435616915427
2,long,2025-07-16 00:00:00+00:00,2025-07-18 00:00:00+00:00,164.0,181.03821024941288,tp,13,0.10389152591105418,0.10289152591105417,10.289152591105417
2,long,2025-07-18 08:00:00+00:00,2025-07-20 08:00:00+00:00,180.97,180.43,timeout,13,-0.0029839199867380895,-0.0039839199867380895,-0.3983919986738089
2,long,2025-07-20 16:00:00+00:00,2025-07-22 00:00:00+00:00,181.99,200.281184965328,tp,9,0.10050653863029836,0.09950653863029836,9.950653863029837
2,long,2025-07-22 08:00:00+00:00,2025-07-24 04:00:00+00:00,198.08,182.81690666604,sl,12,-0.07705519655674475,-0.07805519655674475,-7.805519655674475
2,long,2025-07-27 20:00:00+00:00,2025-07-29 20:00:00+00:00,186.95,181.48,timeout,13,-0.0292591602032629,-0.0302591602032629,-3.02591602032629
2,long,2025-07-30 04:00:00+00:00,2025-08-01 00:00:00+00:00,181.72,169.3950504133974,sl,12,-0.06782384760402047,-0.06882384760402047,-6.882384760402046
2,long,2025-08-05 00:00:00+00:00,2025-08-07 00:00:00+00:00,169.57,166.91,timeout,13,-0.015686737040750114,-0.016686737040750115,-1.6686737040750115
2,long,2025-08-09 04:00:00+00:00,2025-08-11 04:00:00+00:00,177.31,182.96,timeout,13,0.031865095031301145,0.030865095031301144,3.0865095031301144
2,long,2025-08-12 16:00:00+00:00,2025-08-13 08:00:00+00:00,181.69,202.09761681002513,tp,5,0.1123210788157033,0.1113210788157033,11.132107881570331
2,long,2025-08-13 16:00:00+00:00,2025-08-15 16:00:00+00:00,197.45,183.9,timeout,13,-0.06862496834641674,-0.06962496834641674,-6.962496834641674
2,long,2025-08-22 16:00:00+00:00,2025-08-24 16:00:00+00:00,193.49,205.01,timeout,13,0.0595379606181197,0.0585379606181197,5.85379606181197
2,long,2025-08-25 00:00:00+00:00,2025-08-25 20:00:00+00:00,205.98,189.50145661067083,sl,6,-0.08000069613229033,-0.08100069613229033,-8.100069613229033
2,long,2025-08-27 00:00:00+00:00,2025-08-29 00:00:00+00:00,195.86,216.87,timeout,13,0.10727049933626054,0.10627049933626054,10.627049933626054
2,long,2025-08-29 08:00:00+00:00,2025-08-31 08:00:00+00:00,208.79,203.64,timeout,13,-0.02466593227645005,-0.02566593227645005,-2.5665932276450047
2,long,2025-09-02 00:00:00+00:00,2025-09-04 00:00:00+00:00,197.31,208.18,timeout,13,0.05509097359485077,0.054090973594850766,5.409097359485076
2,long,2025-09-04 08:00:00+00:00,2025-09-06 08:00:00+00:00,206.69,202.41,timeout,13,-0.020707339493928112,-0.021707339493928113,-2.1707339493928113
2,long,2025-09-08 00:00:00+00:00,2025-09-10 00:00:00+00:00,206.32,219.18,timeout,13,0.062330360604885685,0.061330360604885684,6.1330360604885685
2,long,2025-09-10 08:00:00+00:00,2025-09-12 08:00:00+00:00,222.23,239.16,timeout,13,0.0761823336183234,0.0751823336183234,7.51823336183234
2,long,2025-09-12 16:00:00+00:00,2025-09-14 16:00:00+00:00,239.33,242.51,timeout,13,0.013287093135001789,0.01228709313500179,1.228709313500179
2,long,2025-09-16 16:00:00+00:00,2025-09-18 16:00:00+00:00,237.8,248.37,timeout,13,0.04444911690496212,0.04344911690496212,4.344911690496212
2,long,2025-09-19 00:00:00+00:00,2025-09-21 00:00:00+00:00,247.5,241.77,timeout,13,-0.02315151515151511,-0.02415151515151511,-2.415151515151511
2,long,2025-09-29 00:00:00+00:00,2025-10-01 00:00:00+00:00,210.82,206.71,timeout,13,-0.019495304050848997,-0.020495304050848998,-2.0495304050848997
2,short,2025-03-31 20:00:00+00:00,2025-04-01 08:00:00+00:00,125.26,128.48060588552855,sl,4,-0.025711367439953232,-0.026711367439953233,-2.6711367439953233
2,short,2025-04-01 16:00:00+00:00,2025-04-02 20:00:00+00:00,129.26,132.455211706907,sl,8,-0.024719261232453993,-0.025719261232453994,-2.571926123245399
2,short,2025-04-03 04:00:00+00:00,2025-04-06 16:00:00+00:00,119.85,106.81299667283629,tp,22,0.10877766647612602,0.10777766647612602,10.777766647612602
2,short,2025-04-07 00:00:00+00:00,2025-04-07 12:00:00+00:00,105.9,109.63822328193291,sl,4,-0.035299558847336196,-0.0362995588473362,-3.6299558847336195
2,short,2025-04-07 20:00:00+00:00,2025-04-08 00:00:00+00:00,105.76,110.67559829427232,sl,2,-0.046478803841455314,-0.047478803841455315,-4.747880384145532
2,short,2025-04-08 20:00:00+00:00,2025-04-09 16:00:00+00:00,104.09,108.9368204132603,sl,6,-0.04656374688500627,-0.047563746885006274,-4.756374688500627
2,short,2025-04-10 00:00:00+00:00,2025-04-12 04:00:00+00:00,119.05,124.34765042083612,sl,14,-0.044499373547552463,-0.045499373547552464,-4.549937354755246
2,short,2025-04-12 12:00:00+00:00,2025-04-12 12:00:00+00:00,124.57,128.52656987278974,sl,1,-0.031761819641886034,-0.032761819641886035,-3.2761819641886034
2,short,2025-04-13 12:00:00+00:00,2025-04-14 00:00:00+00:00,129.82,133.78660655863925,sl,4,-0.03055466460205867,-0.03155466460205867,-3.155466460205867
2,short,2025-04-14 08:00:00+00:00,2025-04-18 08:00:00+00:00,132.31,134.26,timeout,25,-0.014738115032877247,-0.015738115032877247,-1.5738115032877247
2,short,2025-04-19 04:00:00+00:00,2025-04-21 00:00:00+00:00,138.78,142.13835829002662,sl,12,-0.024199151823221035,-0.025199151823221036,-2.5199151823221038
2,short,2025-04-21 08:00:00+00:00,2025-04-22 12:00:00+00:00,140.19,143.11687659162124,sl,8,-0.020877927039169967,-0.021877927039169968,-2.1877927039169967
2,short,2025-04-22 20:00:00+00:00,2025-04-22 20:00:00+00:00,144.24,147.5105335454448,sl,1,-0.022674248096538945,-0.023674248096538945,-2.3674248096538943
2,short,2025-04-23 04:00:00+00:00,2025-04-23 08:00:00+00:00,149.23,152.66607229173553,sl,2,-0.023025345384544274,-0.024025345384544275,-2.4025345384544274
2,short,2025-04-23 16:00:00+00:00,2025-04-25 04:00:00+00:00,151.38,154.93262056302586,sl,10,-0.02346822937657464,-0.02446822937657464,-2.446822937657464
2,short,2025-04-25 12:00:00+00:00,2025-04-28 00:00:00+00:00,154.75,144.62129813865678,tp,16,0.06545203141417265,0.06445203141417265,6.445203141417265
2,short,2025-04-28 16:00:00+00:00,2025-04-29 16:00:00+00:00,146.32,149.602296856142,sl,7,-0.022432318590363664,-0.023432318590363665,-2.3432318590363663
2,short,2025-04-30 00:00:00+00:00,2025-05-01 00:00:00+00:00,146.29,149.39025698621035,sl,7,-0.02119254211641503,-0.02219254211641503,-2.219254211641503
2,short,2025-05-01 08:00:00+00:00,2025-05-01 12:00:00+00:00,149.77,152.97905379177487,sl,2,-0.021426545982338674,-0.022426545982338675,-2.2426545982338677
2,short,2025-05-01 20:00:00+00:00,2025-05-05 20:00:00+00:00,150.26,146.72,timeout,25,0.023559164115533025,0.022559164115533024,2.2559164115533026
2,short,2025-05-06 04:00:00+00:00,2025-05-06 20:00:00+00:00,144.66,147.2189583173766,sl,5,-0.017689467146250568,-0.01868946714625057,-1.868946714625057
2,short,2025-05-07 04:00:00+00:00,2025-05-08 00:00:00+00:00,146.26,149.0099710681957,sl,6,-0.018801935376697113,-0.019801935376697114,-1.9801935376697115
2,short,2025-05-11 00:00:00+00:00,2025-05-13 16:00:00+00:00,177.9,182.0708393028236,sl,17,-0.02344485274212251,-0.024444852742122512,-2.4444852742122514
2,short,2025-05-14 00:00:00+00:00,2025-05-15 12:00:00+00:00,183.75,168.12339729950855,tp,10,0.08504273578498746,0.08404273578498746,8.404273578498746
2,short,2025-05-15 20:00:00+00:00,2025-05-18 12:00:00+00:00,169.76,174.895293054428,sl,17,-0.030250312526083994,-0.03125031252608399,-3.125031252608399
2,short,2025-05-18 20:00:00+00:00,2025-05-18 20:00:00+00:00,166.63,171.05923811791735,sl,1,-0.02658127658835354,-0.02758127658835354,-2.7581276588353543
2,short,2025-05-19 04:00:00+00:00,2025-05-20 00:00:00+00:00,165.37,170.4762818465716,sl,6,-0.030877921307199557,-0.031877921307199554,-3.1877921307199553
2,short,2025-05-20 08:00:00+00:00,2025-05-21 12:00:00+00:00,167.36,172.19468794127545,sl,8,-0.02888795376001095,-0.029887953760010952,-2.9887953760010952
2,short,2025-05-21 20:00:00+00:00,2025-05-21 20:00:00+00:00,171.19,175.85047577876517,sl,1,-0.027223995436445908,-0.02822399543644591,-2.822399543644591
2,short,2025-05-22 04:00:00+00:00,2025-05-23 00:00:00+00:00,176.82,181.64428778883322,sl,6,-0.027283609257059336,-0.028283609257059337,-2.8283609257059337
2,short,2025-05-23 12:00:00+00:00,2025-05-23 12:00:00+00:00,177.9,182.8158471846985,sl,1,-0.02763264297188585,-0.02863264297188585,-2.863264297188585
2,short,2025-05-23 20:00:00+00:00,2025-05-27 20:00:00+00:00,179.16,176.71,timeout,25,0.013674927439160463,0.012674927439160464,1.2674927439160464
2,short,2025-05-28 04:00:00+00:00,2025-05-30 00:00:00+00:00,175.15,164.59395700799436,tp,12,0.06026858687984952,0.05926858687984952,5.926858687984952
2,short,2025-05-30 08:00:00+00:00,2025-06-01 08:00:00+00:00,162.69,151.64794764300342,tp,13,0.06787173370825851,0.06687173370825851,6.687173370825851
2,short,2025-06-01 16:00:00+00:00,2025-06-01 20:00:00+00:00,154.17,157.7304410454394,sl,2,-0.02309425339196604,-0.024094253391966042,-2.4094253391966043
2,short,2025-06-02 04:00:00+00:00,2025-06-03 00:00:00+00:00,155.47,158.96076128893236,sl,6,-0.022452957412570668,-0.02345295741257067,-2.345295741257067
2,short,2025-06-03 08:00:00+00:00,2025-06-03 12:00:00+00:00,159.81,163.3093597765379,sl,2,-0.021897001292396513,-0.022897001292396513,-2.2897001292396513
2,short,2025-06-03 20:00:00+00:00,2025-06-05 12:00:00+00:00,160.59,150.22348750467887,tp,11,0.0645526651430421,0.0635526651430421,6.35526651430421
2,short,2025-06-05 20:00:00+00:00,2025-06-06 12:00:00+00:00,146.24,149.70139161548883,sl,5,-0.023669253388189423,-0.024669253388189424,-2.4669253388189425
2,short,2025-06-06 20:00:00+00:00,2025-06-07 04:00:00+00:00,149.1,152.39869572469883,sl,3,-0.022124049126082034,-0.023124049126082034,-2.3124049126082036
2,short,2025-06-07 12:00:00+00:00,2025-06-08 20:00:00+00:00,151.44,154.55727818078725,sl,9,-0.0205842457791023,-0.021584245779102302,-2.15842457791023
2,short,2025-06-09 04:00:00+00:00,2025-06-09 08:00:00+00:00,151.56,154.2086969952403,sl,2,-0.017476227205333202,-0.018476227205333203,-1.8476227205333202
2,short,2025-06-09 16:00:00+00:00,2025-06-09 20:00:00+00:00,155.03,157.905498286641,sl,2,-0.01854801191150748,-0.01954801191150748,-1.9548011911507481
2,short,2025-06-10 04:00:00+00:00,2025-06-10 16:00:00+00:00,159.19,162.23831987454457,sl,4,-0.019148940728340818,-0.02014894072834082,-2.014894072834082
2,short,2025-06-11 00:00:00+00:00,2025-06-12 20:00:00+00:00,165.12,154.38815898223615,tp,12,0.06499419221029466,0.06399419221029466,6.399419221029466
2,short,2025-06-13 04:00:00+00:00,2025-06-15 12:00:00+00:00,144.78,149.03737821907072,sl,15,-0.02940584486165711,-0.03040584486165711,-3.040584486165711
2,short,2025-06-15 20:00:00+00:00,2025-06-16 00:00:00+00:00,152.24,155.63952257761122,sl,2,-0.02233002218609569,-0.02333002218609569,-2.333002218609569
2,short,2025-06-16 08:00:00+00:00,2025-06-17 16:00:00+00:00,157.27,146.4124587066197,tp,9,0.06903758691028364,0.06803758691028364,6.803758691028364
2,short,2025-06-18 00:00:00+00:00,2025-06-20 16:00:00+00:00,147.6,136.20687294838683,tp,17,0.07718920766675585,0.07618920766675585,7.618920766675585
2,short,2025-06-21 00:00:00+00:00,2025-06-22 12:00:00+00:00,140.12,129.68626030263044,tp,10,0.07446288679253182,0.07346288679253182,7.346288679253182
2,short,2025-06-22 20:00:00+00:00,2025-06-23 00:00:00+00:00,129.12,132.8287726597061,sl,2,-0.028723456162531635,-0.029723456162531636,-2.972345616253164
2,short,2025-06-23 08:00:00+00:00,2025-06-23 16:00:00+00:00,134.37,138.06341965501977,sl,3,-0.02748693648150455,-0.028486936481504552,-2.8486936481504554
2,short,2025-06-24 00:00:00+00:00,2025-06-28 00:00:00+00:00,144.52,143.4,timeout,25,0.007749792416274595,0.006749792416274595,0.6749792416274595
2,short,2025-06-28 12:00:00+00:00,2025-06-28 16:00:00+00:00,147.13,150.27479946457083,sl,2,-0.02137429120213986,-0.02237429120213986,-2.237429120213986
2,short,2025-06-29 16:00:00+00:00,2025-06-29 20:00:00+00:00,150.76,153.50170946726345,sl,2,-0.018185921114774888,-0.01918592111477489,-1.9185921114774889
2,short,2025-06-30 08:00:00+00:00,2025-06-30 12:00:00+00:00,150.65,153.45524219321408,sl,2,-0.01862092395097292,-0.01962092395097292,-1.962092395097292
2,short,2025-06-30 20:00:00+00:00,2025-07-01 12:00:00+00:00,157.77,148.02931804100808,tp,5,0.06173976015080134,0.06073976015080134,6.073976015080134
2,short,2025-07-01 20:00:00+00:00,2025-07-02 00:00:00+00:00,145.45,148.6590503777745,sl,2,-0.02206291081316262,-0.02306291081316262,-2.306291081316262
2,short,2025-07-02 08:00:00+00:00,2025-07-02 16:00:00+00:00,149.1,152.1485691253537,sl,3,-0.020446473007067124,-0.021446473007067125,-2.1446473007067124
2,short,2025-07-03 00:00:00+00:00,2025-07-03 04:00:00+00:00,152.3,155.32784940621687,sl,2,-0.019880823415737745,-0.020880823415737746,-2.0880823415737746
2,short,2025-07-03 12:00:00+00:00,2025-07-04 16:00:00+00:00,154.54,145.83640836866786,tp,8,0.05631934535610283,0.05531934535610283,5.531934535610283
2,short,2025-07-05 00:00:00+00:00,2025-07-06 12:00:00+00:00,147.69,150.53012083613427,sl,10,-0.01923028530120032,-0.020230285301200322,-2.0230285301200324
2,short,2025-07-06 20:00:00+00:00,2025-07-06 20:00:00+00:00,151.3,153.6157808957167,sl,1,-0.015305888273077984,-0.016305888273077985,-1.6305888273077984
2,short,2025-07-07 12:00:00+00:00,2025-07-09 12:00:00+00:00,152.79,155.07401572684728,sl,13,-0.014948725223164386,-0.015948725223164387,-1.5948725223164386
2,short,2025-07-09 20:00:00+00:00,2025-07-10 16:00:00+00:00,157.29,159.7917213074684,sl,6,-0.015905151678227574,-0.016905151678227575,-1.6905151678227575
2,short,2025-07-11 16:00:00+00:00,2025-07-14 00:00:00+00:00,162.35,165.5690476271821,sl,15,-0.019827826468630162,-0.020827826468630163,-2.0827826468630164
2,short,2025-07-14 08:00:00+00:00,2025-07-15 12:00:00+00:00,167.28,157.7847280447393,tp,8,0.056762744830587665,0.055762744830587664,5.576274483058766
2,short,2025-07-15 20:00:00+00:00,2025-07-15 20:00:00+00:00,160.24,163.5520760537197,sl,1,-0.020669471129054498,-0.0216694711290545,-2.16694711290545
2,short,2025-07-16 04:00:00+00:00,2025-07-16 08:00:00+00:00,162.53,165.9613819034624,sl,2,-0.02111229867385965,-0.02211229867385965,-2.211229867385965
2,short,2025-07-16 16:00:00+00:00,2025-07-16 16:00:00+00:00,168.43,171.8521669248932,sl,1,-0.02031803672085252,-0.021318036720852522,-2.131803672085252
2,short,2025-07-17 00:00:00+00:00,2025-07-17 08:00:00+00:00,173.66,177.29059290972933,sl,3,-0.020906327938093574,-0.021906327938093575,-2.1906327938093573
2,short,2025-07-19 04:00:00+00:00,2025-07-20 12:00:00+00:00,177.45,181.88069043945688,sl,9,-0.024968669706716802,-0.025968669706716803,-2.5968669706716803
2,short,2025-07-20 20:00:00+00:00,2025-07-21 00:00:00+00:00,182.05,185.69193435070378,sl,2,-0.020005132385079723,-0.021005132385079724,-2.1005132385079723
2,short,2025-07-21 08:00:00+00:00,2025-07-21 12:00:00+00:00,190.08,194.294103414175,sl,2,-0.022170156850668064,-0.023170156850668065,-2.3170156850668064
2,short,2025-07-22 12:00:00+00:00,2025-07-22 20:00:00+00:00,199.92,205.08357650813045,sl,3,-0.02582821382618278,-0.026828213826182782,-2.682821382618278
2,short,2025-07-23 04:00:00+00:00,2025-07-23 20:00:00+00:00,201.39,184.76817118007747,tp,5,0.0825355222201823,0.0815355222201823,8.15355222201823
2,short,2025-07-24 04:00:00+00:00,2025-07-28 04:00:00+00:00,189.89,192.37,timeout,25,-0.013060192743167193,-0.014060192743167194,-1.4060192743167192
2,short,2025-07-28 12:00:00+00:00,2025-07-29 12:00:00+00:00,192.0,179.83018371013515,tp,7,0.06338445984304612,0.06238445984304612,6.2384459843046125
2,short,2025-07-29 20:00:00+00:00,2025-08-01 00:00:00+00:00,181.12,168.33609397056742,tp,14,0.07058252003882833,0.06958252003882832,6.958252003882833
2,short,2025-08-01 08:00:00+00:00,2025-08-02 16:00:00+00:00,169.4,156.84851347184207,tp,9,0.07409378115795713,0.07309378115795713,7.309378115795713
2,short,2025-08-03 00:00:00+00:00,2025-08-03 08:00:00+00:00,158.49,162.7090847553757,sl,3,-0.02662051079169468,-0.02762051079169468,-2.762051079169468
2,short,2025-08-03 16:00:00+00:00,2025-08-04 12:00:00+00:00,162.08,165.8752852899387,sl,6,-0.023416123457173466,-0.024416123457173467,-2.441612345717347
2,short,2025-08-04 20:00:00+00:00,2025-08-04 20:00:00+00:00,165.66,169.2290618135184,sl,1,-0.021544499659051083,-0.022544499659051084,-2.2544499659051085
2,short,2025-08-05 04:00:00+00:00,2025-08-05 08:00:00+00:00,167.91,171.45311962492147,sl,2,-0.02110130203633776,-0.022101302036337762,-2.2101302036337764
2,short,2025-08-05 16:00:00+00:00,2025-08-06 12:00:00+00:00,163.75,167.78493214867072,sl,6,-0.024640807014783023,-0.025640807014783024,-2.5640807014783022
2,short,2025-08-06 20:00:00+00:00,2025-08-07 08:00:00+00:00,168.84,172.64954815480482,sl,4,-0.022563066541132524,-0.023563066541132525,-2.3563066541132525
2,short,2025-08-07 16:00:00+00:00,2025-08-07 20:00:00+00:00,170.48,174.08832890135423,sl,2,-0.021165702143091516,-0.022165702143091517,-2.2165702143091517
2,short,2025-08-08 04:00:00+00:00,2025-08-08 12:00:00+00:00,174.72,178.35861464878838,sl,3,-0.02082540435432908,-0.02182540435432908,-2.182540435432908
2,short,2025-08-09 20:00:00+00:00,2025-08-10 00:00:00+00:00,182.13,185.72759794272397,sl,2,-0.019752912440147034,-0.020752912440147035,-2.0752912440147036
2,short,2025-08-10 08:00:00+00:00,2025-08-10 16:00:00+00:00,178.95,183.0674025802349,sl,3,-0.02300867605607661,-0.02400867605607661,-2.400867605607661
2,short,2025-08-11 00:00:00+00:00,2025-08-11 04:00:00+00:00,182.69,186.52436654243257,sl,2,-0.020988376717021053,-0.021988376717021054,-2.198837671702105
2,short,2025-08-11 12:00:00+00:00,2025-08-12 16:00:00+00:00,179.04,183.112191433573,sl,8,-0.022744590223263018,-0.02374459022326302,-2.374459022326302
2,short,2025-08-13 00:00:00+00:00,2025-08-13 00:00:00+00:00,191.75,196.2616706539737,sl,1,-0.023528921272353114,-0.024528921272353114,-2.4528921272353115
2,short,2025-08-13 08:00:00+00:00,2025-08-13 12:00:00+00:00,198.73,203.50888949245692,sl,2,-0.024047146844748787,-0.025047146844748788,-2.504714684474879
2,short,2025-08-14 16:00:00+00:00,2025-08-18 16:00:00+00:00,194.85,183.19,timeout,25,0.0598409032589171,0.058840903258917096,5.88409032589171
2,short,2025-08-19 00:00:00+00:00,2025-08-20 16:00:00+00:00,182.93,187.12754863411823,sl,11,-0.022946201465687533,-0.023946201465687534,-2.3946201465687533
2,short,2025-08-21 00:00:00+00:00,2025-08-22 12:00:00+00:00,187.96,192.2872984168594,sl,10,-0.02302244316269088,-0.024022443162690883,-2.4022443162690883
2,short,2025-08-23 08:00:00+00:00,2025-08-24 00:00:00+00:00,205.17,210.6325952450409,sl,5,-0.026624727031441812,-0.027624727031441813,-2.7624727031441814
2,short,2025-08-25 12:00:00+00:00,2025-08-27 04:00:00+00:00,197.54,203.78216348716668,sl,11,-0.031599491177314434,-0.032599491177314435,-3.2599491177314435
2,short,2025-08-27 12:00:00+00:00,2025-08-27 16:00:00+00:00,205.01,210.59180300795103,sl,2,-0.02722697921053138,-0.02822697921053138,-2.822697921053138
2,short,2025-08-28 00:00:00+00:00,2025-08-28 04:00:00+00:00,202.98,208.77621764157013,sl,2,-0.028555609624446438,-0.02955560962444644,-2.9555609624446437
2,short,2025-08-28 20:00:00+00:00,2025-08-29 00:00:00+00:00,209.97,215.92089229337384,sl,2,-0.02834163115384979,-0.02934163115384979,-2.934163115384979
2,short,2025-08-29 12:00:00+00:00,2025-08-29 12:00:00+00:00,207.63,213.77133784858003,sl,1,-0.029578277939507954,-0.030578277939507955,-3.0578277939507954
2,short,2025-08-29 20:00:00+00:00,2025-09-02 20:00:00+00:00,202.98,209.3137555939287,sl,25,-0.031203840742579144,-0.03220384074257914,-3.220384074257914
2,short,2025-09-03 04:00:00+00:00,2025-09-07 04:00:00+00:00,210.0,202.99,timeout,25,0.03338095238095234,0.03238095238095234,3.2380952380952337
2,short,2025-09-07 16:00:00+00:00,2025-09-08 00:00:00+00:00,205.16,208.20433100499923,sl,3,-0.014838813633258122,-0.015838813633258123,-1.5838813633258124
2,short,2025-09-08 08:00:00+00:00,2025-09-08 08:00:00+00:00,207.88,211.08545808605226,sl,1,-0.015419752193824613,-0.016419752193824612,-1.6419752193824613
2,short,2025-09-09 16:00:00+00:00,2025-09-09 16:00:00+00:00,213.08,216.92261849893453,sl,1,-0.018033689219703927,-0.019033689219703928,-1.9033689219703929
2,short,2025-09-10 00:00:00+00:00,2025-09-10 04:00:00+00:00,217.23,221.00588023632616,sl,2,-0.017381946491397016,-0.018381946491397017,-1.8381946491397017
2,short,2025-09-10 12:00:00+00:00,2025-09-10 12:00:00+00:00,220.23,224.12660673440547,sl,1,-0.01769335119831758,-0.01869335119831758,-1.8693351198317583
2,short,2025-09-10 20:00:00+00:00,2025-09-11 00:00:00+00:00,221.27,225.30028845976798,sl,2,-0.018214346543896476,-0.019214346543896477,-1.9214346543896477
2,short,2025-09-11 08:00:00+00:00,2025-09-11 12:00:00+00:00,223.22,227.03618212321803,sl,2,-0.017096058252925487,-0.018096058252925488,-1.8096058252925489
2,short,2025-09-11 20:00:00+00:00,2025-09-12 00:00:00+00:00,226.6,230.50344100754737,sl,2,-0.01722612977734939,-0.01822612977734939,-1.8226129777349391
2,short,2025-09-13 08:00:00+00:00,2025-09-14 00:00:00+00:00,242.47,246.53912177411866,sl,5,-0.016781959723341677,-0.017781959723341678,-1.7781959723341678
2,short,2025-09-14 08:00:00+00:00,2025-09-15 08:00:00+00:00,246.4,233.6043936831917,tp,7,0.0519302204415922,0.0509302204415922,5.09302204415922
2,short,2025-09-15 16:00:00+00:00,2025-09-16 12:00:00+00:00,233.0,237.9155629887081,sl,6,-0.021096836861408168,-0.02209683686140817,-2.2096836861408167
2,short,2025-09-16 20:00:00+00:00,2025-09-17 20:00:00+00:00,237.85,242.42285575794466,sl,7,-0.019225796754024242,-0.020225796754024243,-2.022579675402424
2,short,2025-09-18 20:00:00+00:00,2025-09-22 00:00:00+00:00,248.36,234.21030361480155,tp,20,0.056972525306806514,0.05597252530680651,5.5972525306806515
2,short,2025-09-22 08:00:00+00:00,2025-09-24 00:00:00+00:00,221.89,207.48545524167181,tp,11,0.06491750307958075,0.06391750307958075,6.391750307958074
2,short,2025-09-24 08:00:00+00:00,2025-09-24 12:00:00+00:00,210.64,215.95225564810667,sl,2,-0.02521959574680348,-0.026219595746803482,-2.621959574680348
2,short,2025-09-24 20:00:00+00:00,2025-09-25 12:00:00+00:00,213.23,198.35394060616937,tp,5,0.06976532098593358,0.06876532098593358,6.876532098593358
2,short,2025-09-25 20:00:00+00:00,2025-09-26 20:00:00+00:00,198.16,203.48143006229847,sl,7,-0.026854209034610794,-0.027854209034610795,-2.7854209034610795
2,short,2025-09-27 04:00:00+00:00,2025-09-28 20:00:00+00:00,203.91,209.19468091210715,sl,11,-0.02591673244130817,-0.02691673244130817,-2.691673244130817
2,short,2025-09-29 04:00:00+00:00,2025-09-29 20:00:00+00:00,210.28,214.39666317268805,sl,5,-0.019577055224881346,-0.020577055224881347,-2.057705522488135
3,long,2025-10-02 20:00:00+00:00,2025-10-08 00:00:00+00:00,232.25,218.25566350460736,sl,32,-0.06025548544840751,-0.06125548544840751,-6.125548544840751
3,long,2025-10-10 16:00:00+00:00,2025-10-11 00:00:00+00:00,210.67,194.1764176556304,sl,2,-0.07829108247196849,-0.07929108247196849,-7.929108247196849
3,long,2025-10-11 08:00:00+00:00,2025-10-19 08:00:00+00:00,182.77,189.01,timeout,49,0.03414127044919834,0.03314127044919834,3.3141270449198337
3,long,2025-10-21 16:00:00+00:00,2025-10-22 16:00:00+00:00,196.26,181.13429552718597,sl,7,-0.07706972624484879,-0.07806972624484879,-7.806972624484879
3,long,2025-10-23 04:00:00+00:00,2025-10-31 04:00:00+00:00,182.89,185.32,timeout,49,0.013286675050576888,0.012286675050576887,1.2286675050576887
3,long,2025-11-04 08:00:00+00:00,2025-11-12 08:00:00+00:00,157.07,160.04,timeout,49,0.018908766791876228,0.017908766791876227,1.7908766791876227
3,long,2025-11-14 16:00:00+00:00,2025-11-21 04:00:00+00:00,142.23,127.84809710952379,sl,40,-0.10111722485042676,-0.10211722485042676,-10.211722485042676
3,long,2025-11-21 12:00:00+00:00,2025-11-29 12:00:00+00:00,124.34,137.55,timeout,49,0.10624095222776264,0.10524095222776264,10.524095222776264
3,long,2025-11-30 12:00:00+00:00,2025-12-01 00:00:00+00:00,136.45,129.54618079693506,sl,4,-0.05059596337900277,-0.05159596337900277,-5.159596337900277
3,long,2025-12-02 16:00:00+00:00,2025-12-07 12:00:00+00:00,137.82,127.74471432131514,sl,30,-0.07310467043016144,-0.07410467043016145,-7.410467043016144
3,long,2025-12-07 20:00:00+00:00,2025-12-15 12:00:00+00:00,135.74,127.43316064295605,sl,47,-0.06119669483603916,-0.06219669483603916,-6.219669483603916
3,long,2025-12-17 16:00:00+00:00,2025-12-18 20:00:00+00:00,126.75,117.32179073518319,sl,8,-0.07438429400249952,-0.07538429400249952,-7.538429400249952
3,long,2025-12-19 16:00:00+00:00,2025-12-27 16:00:00+00:00,125.07,123.28,timeout,49,-0.014311985288238524,-0.015311985288238524,-1.5311985288238523
3,long,2025-12-28 00:00:00+00:00,2026-01-05 00:00:00+00:00,124.73,135.74055589788088,tp,49,0.08827512144536902,0.08727512144536902,8.727512144536902
3,long,2026-01-06 08:00:00+00:00,2026-01-14 08:00:00+00:00,137.6,143.77,timeout,49,0.044840116279069885,0.043840116279069884,4.384011627906989
3,long,2026-01-17 00:00:00+00:00,2026-01-19 00:00:00+00:00,144.92,137.13775572275318,sl,13,-0.05370027792745518,-0.05470027792745518,-5.470027792745518
3,long,2026-01-21 16:00:00+00:00,2026-01-25 16:00:00+00:00,130.44,123.29286269806559,sl,25,-0.054792527613725904,-0.055792527613725905,-5.57925276137259
3,long,2026-01-27 20:00:00+00:00,2026-01-29 12:00:00+00:00,125.85,119.61006774285832,sl,11,-0.0495822984278242,-0.0505822984278242,-5.05822984278242
3,long,2026-01-31 20:00:00+00:00,2026-02-04 16:00:00+00:00,101.77,90.39620355808884,sl,24,-0.11175981568154814,-0.11275981568154814,-11.275981568154814
3,long,2026-02-05 00:00:00+00:00,2026-02-05 20:00:00+00:00,92.12,80.51764523525877,sl,6,-0.12594827143661783,-0.12694827143661783,-12.694827143661783
3,long,2026-02-06 04:00:00+00:00,2026-02-14 04:00:00+00:00,76.71,85.18,timeout,49,0.1104158519097903,0.1094158519097903,10.94158519097903
3,long,2026-02-14 12:00:00+00:00,2026-02-18 16:00:00+00:00,87.28,80.69993486835249,sl,26,-0.07539029710870206,-0.07639029710870206,-7.639029710870206
3,long,2026-02-19 00:00:00+00:00,2026-02-27 00:00:00+00:00,81.62,87.62,timeout,49,0.07351139426611124,0.07251139426611124,7.2511394266111235
3,long,2026-02-27 08:00:00+00:00,2026-02-27 20:00:00+00:00,87.31,80.74340191146962,sl,4,-0.07521014876337628,-0.07621014876337628,-7.621014876337629
3,long,2026-02-28 08:00:00+00:00,2026-03-04 12:00:00+00:00,78.7,92.58701881313837,tp,26,0.17645513104368957,0.17545513104368957,17.545513104368958
3,long,2026-03-04 20:00:00+00:00,2026-03-06 12:00:00+00:00,93.19,84.22294582847324,sl,11,-0.09622335198547864,-0.09722335198547864,-9.722335198547864
3,long,2026-03-06 20:00:00+00:00,2026-03-14 20:00:00+00:00,85.21,88.04,timeout,49,0.03321206431170065,0.03221206431170065,3.221206431170065
3,long,2026-03-15 08:00:00+00:00,2026-03-23 08:00:00+00:00,88.22,88.79,timeout,49,0.0064611199274541755,0.0054611199274541755,0.5461119927454176
3,long,2026-03-23 16:00:00+00:00,2026-03-27 08:00:00+00:00,89.96,83.57014199448489,sl,23,-0.07102999116846498,-0.07202999116846498,-7.202999116846498
3,long,2026-03-27 16:00:00+00:00,2026-04-02 12:00:00+00:00,83.34,77.8524257563552,sl,36,-0.06584562327387569,-0.06684562327387569,-6.684562327387569
3,short,2025-10-11 20:00:00+00:00,2025-10-12 04:00:00+00:00,177.55,182.7258318431589,sl,3,-0.029151404354598,-0.030151404354598,-3.0151404354598
3,short,2025-10-12 12:00:00+00:00,2025-10-12 12:00:00+00:00,180.96,185.77442968483084,sl,1,-0.026604938576651343,-0.027604938576651344,-2.7604938576651343
3,short,2025-10-12 20:00:00+00:00,2025-10-13 16:00:00+00:00,195.86,200.97343682008372,sl,6,-0.026107611661818166,-0.027107611661818166,-2.7107611661818165
3,short,2025-10-14 00:00:00+00:00,2025-10-14 08:00:00+00:00,208.71,191.58239839456593,tp,3,0.08206411578474476,0.08106411578474476,8.106411578474477
3,short,2025-10-14 16:00:00+00:00,2025-10-15 08:00:00+00:00,202.22,207.8756573780675,sl,5,-0.027967843823892308,-0.02896784382389231,-2.8967843823892307
3,short,2025-10-16 04:00:00+00:00,2025-10-17 04:00:00+00:00,193.64,177.78,timeout,7,0.08190456517248496,0.08090456517248495,8.090456517248496
3,short,2025-10-18 04:00:00+00:00,2025-10-19 04:00:00+00:00,184.81,185.91,timeout,7,-0.005952058871273169,-0.006952058871273169,-0.6952058871273169
3,short,2025-10-19 12:00:00+00:00,2025-10-20 04:00:00+00:00,189.02,192.92974201830893,sl,5,-0.020684276892968565,-0.021684276892968566,-2.168427689296857
3,short,2025-10-20 12:00:00+00:00,2025-10-21 12:00:00+00:00,192.23,195.89667837455744,sl,7,-0.019074433618880764,-0.020074433618880765,-2.0074433618880767
3,short,2025-10-21 20:00:00+00:00,2025-10-22 16:00:00+00:00,193.99,181.2855858246082,tp,6,0.0654900467827816,0.0644900467827816,6.44900467827816
3,short,2025-10-23 00:00:00+00:00,2025-10-23 04:00:00+00:00,180.11,183.97227495805836,sl,2,-0.021443978446828882,-0.022443978446828883,-2.2443978446828883
3,short,2025-10-23 12:00:00+00:00,2025-10-23 12:00:00+00:00,187.97,191.60887229695854,sl,1,-0.019358792876302277,-0.020358792876302278,-2.0358792876302276
3,short,2025-10-23 20:00:00+00:00,2025-10-24 12:00:00+00:00,191.15,194.76411692952038,sl,5,-0.01890722955542965,-0.019907229555429652,-1.9907229555429653
3,short,2025-10-26 04:00:00+00:00,2025-10-26 08:00:00+00:00,193.0,195.71819724108363,sl,2,-0.014083923528930722,-0.015083923528930721,-1.508392352893072
3,short,2025-10-26 16:00:00+00:00,2025-10-26 20:00:00+00:00,199.51,202.12960890621747,sl,2,-0.01313021355429542,-0.014130213554295421,-1.413021355429542
3,short,2025-10-27 08:00:00+00:00,2025-10-28 08:00:00+00:00,202.52,199.73,timeout,7,0.01377641714398588,0.01277641714398588,1.277641714398588
3,short,2025-10-28 20:00:00+00:00,2025-10-29 08:00:00+00:00,195.38,198.45051811046105,sl,4,-0.015715621406802393,-0.016715621406802394,-1.6715621406802394
3,short,2025-10-29 16:00:00+00:00,2025-10-30 12:00:00+00:00,196.8,186.461765755542,tp,6,0.05253167807143303,0.05153167807143303,5.153167807143303
3,short,2025-10-30 20:00:00+00:00,2025-10-30 20:00:00+00:00,179.02,182.95519103398277,sl,1,-0.02198185137963781,-0.022981851379637812,-2.298185137963781
3,short,2025-10-31 04:00:00+00:00,2025-10-31 08:00:00+00:00,185.16,189.02808563644433,sl,2,-0.020890503545281564,-0.021890503545281565,-2.1890503545281566
3,short,2025-10-31 16:00:00+00:00,2025-11-01 16:00:00+00:00,188.13,186.25,timeout,7,0.009993089884654204,0.008993089884654203,0.8993089884654203
3,short,2025-11-02 00:00:00+00:00,2025-11-03 00:00:00+00:00,186.39,176.93472899574382,tp,7,0.05072842429452311,0.04972842429452311,4.972842429452311
3,short,2025-11-03 08:00:00+00:00,2025-11-03 12:00:00+00:00,176.48,165.9444651881554,tp,2,0.05969818003085108,0.05869818003085108,5.869818003085108
3,short,2025-11-04 16:00:00+00:00,2025-11-04 20:00:00+00:00,161.48,148.17974103542434,tp,2,0.08236474464067159,0.08136474464067159,8.13647446406716
3,short,2025-11-05 04:00:00+00:00,2025-11-05 16:00:00+00:00,156.93,161.6391411018775,sl,4,-0.030007908633642336,-0.031007908633642337,-3.100790863364234
3,short,2025-11-06 04:00:00+00:00,2025-11-07 04:00:00+00:00,162.49,157.78,timeout,7,0.028986399163025464,0.027986399163025463,2.7986399163025464
3,short,2025-11-07 16:00:00+00:00,2025-11-07 16:00:00+00:00,155.42,159.24775825120528,sl,1,-0.024628479289700786,-0.025628479289700787,-2.5628479289700787
3,short,2025-11-08 00:00:00+00:00,2025-11-09 00:00:00+00:00,161.81,155.88,timeout,7,0.03664792040046973,0.035647920400469726,3.5647920400469726
3,short,2025-11-09 08:00:00+00:00,2025-11-09 12:00:00+00:00,159.28,162.5275737099094,sl,2,-0.02038908657652815,-0.02138908657652815,-2.138908657652815
3,short,2025-11-10 00:00:00+00:00,2025-11-10 00:00:00+00:00,164.54,167.71131371638697,sl,1,-0.01927381619294382,-0.02027381619294382,-2.027381619294382
3,short,2025-11-10 08:00:00+00:00,2025-11-11 00:00:00+00:00,167.39,170.52757407178262,sl,5,-0.018744095058143485,-0.019744095058143486,-1.9744095058143487
3,short,2025-11-11 08:00:00+00:00,2025-11-12 08:00:00+00:00,163.98,160.04,timeout,7,0.02402732040492742,0.02302732040492742,2.302732040492742
3,short,2025-11-12 20:00:00+00:00,2025-11-13 04:00:00+00:00,153.04,156.2490351313955,sl,3,-0.0209686038381828,-0.0219686038381828,-2.19686038381828
3,short,2025-11-13 12:00:00+00:00,2025-11-13 16:00:00+00:00,156.27,146.06792361795547,tp,2,0.0652849323737412,0.0642849323737412,6.428493237374119
3,short,2025-11-14 00:00:00+00:00,2025-11-15 00:00:00+00:00,144.74,142.53,timeout,7,0.015268757772557744,0.014268757772557743,1.4268757772557743
3,short,2025-11-15 08:00:00+00:00,2025-11-16 08:00:00+00:00,142.76,139.96,timeout,7,0.019613337069206944,0.018613337069206943,1.8613337069206943
3,short,2025-11-16 16:00:00+00:00,2025-11-17 00:00:00+00:00,137.47,140.4614728474255,sl,3,-0.02176091399887621,-0.02276091399887621,-2.2760913998876213
3,short,2025-11-17 12:00:00+00:00,2025-11-17 16:00:00+00:00,141.89,132.60590050562286,tp,2,0.06543166885881409,0.06443166885881409,6.443166885881409
3,short,2025-11-18 16:00:00+00:00,2025-11-19 16:00:00+00:00,139.71,131.74,timeout,7,0.05704673967504115,0.056046739675041146,5.604673967504114
3,short,2025-11-20 16:00:00+00:00,2025-11-21 04:00:00+00:00,138.58,127.81347993189262,tp,4,0.07769173089989462,0.07669173089989462,7.669173089989462
3,short,2025-11-21 12:00:00+00:00,2025-11-21 12:00:00+00:00,124.34,128.11927190529678,sl,1,-0.030394659042116624,-0.03139465904211662,-3.139465904211662
3,short,2025-11-21 20:00:00+00:00,2025-11-22 20:00:00+00:00,128.13,127.59,timeout,7,0.004214469679231968,0.0032144696792319677,0.32144696792319677
3,short,2025-11-23 04:00:00+00:00,2025-11-23 16:00:00+00:00,129.94,133.12597128643955,sl,4,-0.02451878779774937,-0.02551878779774937,-2.551878779774937
3,short,2025-11-24 00:00:00+00:00,2025-11-24 00:00:00+00:00,130.58,133.47107409553314,sl,1,-0.022140251918617918,-0.02314025191861792,-2.314025191861792
3,short,2025-11-24 08:00:00+00:00,2025-11-24 16:00:00+00:00,130.33,133.27579858237297,sl,3,-0.022602613230821442,-0.023602613230821443,-2.3602613230821445
3,short,2025-11-25 12:00:00+00:00,2025-11-25 20:00:00+00:00,136.3,138.96572910523025,sl,3,-0.019557807081659877,-0.020557807081659878,-2.0557807081659876
3,short,2025-11-27 08:00:00+00:00,2025-11-28 08:00:00+00:00,143.76,141.0,timeout,7,0.019198664440734495,0.018198664440734494,1.8198664440734493
3,short,2025-11-29 04:00:00+00:00,2025-11-30 04:00:00+00:00,136.86,136.51,timeout,7,0.0025573578839691853,0.0015573578839691853,0.15573578839691854
3,short,2025-11-30 12:00:00+00:00,2025-11-30 12:00:00+00:00,136.45,138.17595480076622,sl,1,-0.012648990844750692,-0.013648990844750693,-1.3648990844750692
3,short,2025-11-30 20:00:00+00:00,2025-12-01 00:00:00+00:00,137.64,131.5872557597025,tp,2,0.04397518337908675,0.04297518337908675,4.2975183379086745
3,short,2025-12-01 08:00:00+00:00,2025-12-02 08:00:00+00:00,127.39,128.3,timeout,7,-0.007143417850694802,-0.008143417850694803,-0.8143417850694803
3,short,2025-12-05 12:00:00+00:00,2025-12-06 12:00:00+00:00,137.02,132.86,timeout,7,0.030360531309297886,0.029360531309297885,2.9360531309297886
3,short,2025-12-06 20:00:00+00:00,2025-12-07 16:00:00+00:00,132.07,134.03359856248088,sl,6,-0.01486786221307551,-0.01586786221307551,-1.5867862213075508
3,short,2025-12-08 00:00:00+00:00,2025-12-08 00:00:00+00:00,132.27,134.55194485074236,sl,1,-0.017252172455903443,-0.018252172455903444,-1.8252172455903444
3,short,2025-12-08 08:00:00+00:00,2025-12-08 08:00:00+00:00,135.85,138.07921520293598,sl,1,-0.01640938684531461,-0.017409386845314612,-1.7409386845314612
3,short,2025-12-08 16:00:00+00:00,2025-12-09 12:00:00+00:00,135.55,137.87575188416423,sl,6,-0.017157889222900916,-0.018157889222900916,-1.8157889222900916
3,short,2025-12-10 00:00:00+00:00,2025-12-10 20:00:00+00:00,137.88,140.53607445640515,sl,6,-0.01926366736586271,-0.02026366736586271,-2.026366736586271
3,short,2025-12-11 04:00:00+00:00,2025-12-11 12:00:00+00:00,129.39,132.28689491678887,sl,3,-0.02238886248387728,-0.023388862483877282,-2.338886248387728
3,short,2025-12-12 12:00:00+00:00,2025-12-13 12:00:00+00:00,138.73,133.28,timeout,7,0.03928494197361774,0.03828494197361774,3.8284941973617737
3,short,2025-12-20 00:00:00+00:00,2025-12-21 00:00:00+00:00,126.29,125.24,timeout,7,0.008314197481985995,0.007314197481985995,0.7314197481985996
3,short,2025-12-21 16:00:00+00:00,2025-12-22 00:00:00+00:00,125.05,126.78200212254914,sl,3,-0.013850476789677308,-0.014850476789677308,-1.4850476789677307
3,short,2025-12-22 08:00:00+00:00,2025-12-22 12:00:00+00:00,126.31,128.01917163739395,sl,2,-0.013531562325975383,-0.014531562325975383,-1.4531562325975385
3,short,2025-12-23 00:00:00+00:00,2025-12-24 00:00:00+00:00,125.94,122.73,timeout,7,0.025488327775130964,0.024488327775130964,2.4488327775130965
3,short,2025-12-24 08:00:00+00:00,2025-12-24 16:00:00+00:00,121.32,123.03788924061324,sl,3,-0.014159983849433287,-0.015159983849433286,-1.5159983849433285
3,short,2025-12-25 00:00:00+00:00,2025-12-25 16:00:00+00:00,122.54,124.10006623805589,sl,5,-0.012731077509840717,-0.013731077509840716,-1.3731077509840717
3,short,2025-12-28 08:00:00+00:00,2025-12-28 20:00:00+00:00,124.25,125.52458159868742,sl,4,-0.010258202001508404,-0.011258202001508403,-1.1258202001508404
3,short,2025-12-29 12:00:00+00:00,2025-12-30 12:00:00+00:00,125.1,125.16,timeout,7,-0.0004796163069544546,-0.0014796163069544547,-0.14796163069544546
3,short,2025-12-30 20:00:00+00:00,2025-12-31 08:00:00+00:00,124.71,126.11613221244528,sl,4,-0.011275216201148953,-0.012275216201148954,-1.2275216201148953
3,short,2025-12-31 16:00:00+00:00,2026-01-01 16:00:00+00:00,125.61,125.76,timeout,7,-0.0011941724385001646,-0.0021941724385001644,-0.21941724385001643
3,short,2026-01-26 00:00:00+00:00,2026-01-26 00:00:00+00:00,118.86,120.3972664003046,sl,1,-0.01293342083379272,-0.01393342083379272,-1.393342083379272
3,short,2026-01-26 12:00:00+00:00,2026-01-26 12:00:00+00:00,122.51,124.13602561278033,sl,1,-0.013272594994533708,-0.014272594994533708,-1.427259499453371
3,short,2026-01-27 00:00:00+00:00,2026-01-27 16:00:00+00:00,124.24,125.87905913676326,sl,5,-0.013192684616574897,-0.014192684616574896,-1.4192684616574895
3,short,2026-01-30 04:00:00+00:00,2026-01-30 08:00:00+00:00,114.42,116.43267223641695,sl,2,-0.01759021356770623,-0.01859021356770623,-1.859021356770623
3,short,2026-01-30 16:00:00+00:00,2026-01-30 16:00:00+00:00,116.8,118.85676508870554,sl,1,-0.01760929014302694,-0.01860929014302694,-1.8609290143026942
3,short,2026-01-31 00:00:00+00:00,2026-01-31 12:00:00+00:00,117.61,110.56474829946873,tp,4,0.05990350905986963,0.05890350905986963,5.890350905986963
3,short,2026-01-31 20:00:00+00:00,2026-01-31 20:00:00+00:00,101.77,104.61344911047779,sl,1,-0.02793995392038707,-0.02893995392038707,-2.893995392038707
3,short,2026-02-01 04:00:00+00:00,2026-02-02 04:00:00+00:00,104.97,101.43,timeout,7,0.033723921120320015,0.032723921120320014,3.2723921120320014
3,short,2026-02-02 12:00:00+00:00,2026-02-02 12:00:00+00:00,102.79,105.81678955548307,sl,1,-0.02944634259639131,-0.030446342596391313,-3.0446342596391314
3,short,2026-02-02 20:00:00+00:00,2026-02-03 20:00:00+00:00,103.84,97.87,timeout,7,0.05749229583975345,0.05649229583975345,5.6492295839753455
3,short,2026-02-05 20:00:00+00:00,2026-02-06 00:00:00+00:00,81.7,71.37954055343837,tp,2,0.1263214130546099,0.1253214130546099,12.53214130546099
3,short,2026-02-06 12:00:00+00:00,2026-02-06 12:00:00+00:00,81.35,84.89996844221089,sl,1,-0.043638210721707406,-0.04463821072170741,-4.463821072170741
3,short,2026-02-07 04:00:00+00:00,2026-02-08 04:00:00+00:00,88.1,87.4,timeout,7,0.007945516458569678,0.006945516458569678,0.6945516458569678
3,short,2026-02-09 04:00:00+00:00,2026-02-10 04:00:00+00:00,87.67,84.63,timeout,7,0.034675487624044786,0.033675487624044785,3.3675487624044784
3,short,2026-02-12 08:00:00+00:00,2026-02-13 08:00:00+00:00,80.77,80.3,timeout,7,0.005818992200074272,0.004818992200074272,0.4818992200074272
3,short,2026-02-14 04:00:00+00:00,2026-02-14 08:00:00+00:00,85.06,86.77926444645402,sl,2,-0.020212372989113794,-0.021212372989113795,-2.1212372989113795
3,short,2026-02-16 04:00:00+00:00,2026-02-16 12:00:00+00:00,85.15,86.74589673233581,sl,3,-0.018742181237061683,-0.019742181237061684,-1.9742181237061684
3,short,2026-02-16 20:00:00+00:00,2026-02-16 20:00:00+00:00,84.62,86.2751598701646,sl,1,-0.019559913379397255,-0.020559913379397256,-2.0559913379397257
3,short,2026-02-17 04:00:00+00:00,2026-02-18 04:00:00+00:00,86.37,85.27,timeout,7,0.012735903670255974,0.011735903670255975,1.1735903670255974
3,short,2026-02-18 12:00:00+00:00,2026-02-19 12:00:00+00:00,82.86,80.65,timeout,7,0.026671494086410737,0.025671494086410736,2.5671494086410735
3,short,2026-02-19 20:00:00+00:00,2026-02-20 00:00:00+00:00,81.95,83.36204159222325,sl,2,-0.017230525835549074,-0.018230525835549075,-1.8230525835549076
3,short,2026-02-20 08:00:00+00:00,2026-02-20 08:00:00+00:00,83.45,84.76421114362773,sl,1,-0.015748485843352072,-0.016748485843352073,-1.6748485843352072
3,short,2026-02-20 16:00:00+00:00,2026-02-21 12:00:00+00:00,84.4,85.77259787384229,sl,6,-0.01626300798391328,-0.01726300798391328,-1.726300798391328
3,short,2026-02-22 04:00:00+00:00,2026-02-23 00:00:00+00:00,85.08,81.23995471119534,tp,6,0.04513452384584697,0.04413452384584697,4.413452384584697
3,short,2026-02-23 08:00:00+00:00,2026-02-23 12:00:00+00:00,79.39,80.72360790265162,sl,2,-0.016798184943338224,-0.017798184943338225,-1.7798184943338224
3,short,2026-02-23 20:00:00+00:00,2026-02-24 20:00:00+00:00,78.29,78.98,timeout,7,-0.008813386128496586,-0.009813386128496585,-0.9813386128496585
3,short,2026-02-25 04:00:00+00:00,2026-02-25 08:00:00+00:00,81.75,83.19146284640634,sl,2,-0.01763257304472585,-0.01863257304472585,-1.863257304472585
3,short,2026-02-27 20:00:00+00:00,2026-02-28 20:00:00+00:00,81.58,83.28152933678037,sl,7,-0.020857187261343075,-0.021857187261343076,-2.1857187261343074
3,short,2026-03-01 04:00:00+00:00,2026-03-02 04:00:00+00:00,88.02,82.94,timeout,7,0.05771415587366506,0.05671415587366506,5.671415587366506
3,short,2026-03-02 12:00:00+00:00,2026-03-02 12:00:00+00:00,83.9,85.77640642599522,sl,1,-0.022364796495771316,-0.023364796495771317,-2.336479649577132
3,short,2026-03-02 20:00:00+00:00,2026-03-03 20:00:00+00:00,87.65,86.97,timeout,7,0.007758128921848338,0.006758128921848338,0.6758128921848338
3,short,2026-03-04 04:00:00+00:00,2026-03-04 08:00:00+00:00,85.76,87.79592891577127,sl,2,-0.02373984276785524,-0.02473984276785524,-2.473984276785524
3,short,2026-03-06 16:00:00+00:00,2026-03-07 16:00:00+00:00,84.64,82.52,timeout,7,0.025047258979206104,0.024047258979206104,2.4047258979206103
3,short,2026-03-08 00:00:00+00:00,2026-03-09 00:00:00+00:00,83.22,83.17,timeout,7,0.0006008171112712948,-0.0003991828887287052,-0.03991828887287052
3,short,2026-03-09 08:00:00+00:00,2026-03-09 12:00:00+00:00,83.19,84.66112357344277,sl,2,-0.017683899187916425,-0.018683899187916426,-1.8683899187916426
4,long,2026-04-01 00:00:00+00:00,2026-04-01 20:00:00+00:00,83.2,81.40415178278089,sl,6,-0.02158471414926823,-0.022584714149268232,-2.2584714149268232
4,long,2026-04-02 04:00:00+00:00,2026-04-02 12:00:00+00:00,79.01,77.00565719352625,sl,3,-0.025368216763368666,-0.026368216763368667,-2.636821676336867
4,long,2026-04-02 20:00:00+00:00,2026-04-04 20:00:00+00:00,79.0,80.85,timeout,13,0.02341772151898727,0.022417721518987268,2.2417721518987266
4,long,2026-04-05 04:00:00+00:00,2026-04-05 12:00:00+00:00,80.55,79.32766155161818,sl,3,-0.015174903145646424,-0.016174903145646423,-1.6174903145646422
4,long,2026-04-06 00:00:00+00:00,2026-04-06 20:00:00+00:00,81.89,80.55891618909712,sl,6,-0.016254534264292127,-0.01725453426429213,-1.7254534264292127
4,long,2026-04-07 16:00:00+00:00,2026-04-07 20:00:00+00:00,78.87,82.85719636410646,tp,2,0.05055403022830547,0.04955403022830547,4.955403022830547
4,long,2026-04-08 04:00:00+00:00,2026-04-08 12:00:00+00:00,84.56,82.82395524636274,sl,3,-0.020530330577545636,-0.021530330577545637,-2.1530330577545636
4,long,2026-04-08 20:00:00+00:00,2026-04-09 12:00:00+00:00,83.2,81.52292315158701,sl,5,-0.02015717365881003,-0.021157173658810032,-2.1157173658810033
4,long,2026-04-09 20:00:00+00:00,2026-04-11 20:00:00+00:00,84.14,84.93,timeout,13,0.009389113382457882,0.008389113382457881,0.8389113382457881
4,long,2026-04-12 04:00:00+00:00,2026-04-14 04:00:00+00:00,82.32,85.89,timeout,13,0.04336734693877561,0.042367346938775606,4.236734693877561
4,long,2026-04-14 12:00:00+00:00,2026-04-14 16:00:00+00:00,85.78,84.41631428874487,sl,2,-0.015897478564410466,-0.016897478564410467,-1.6897478564410466
4,long,2026-04-15 00:00:00+00:00,2026-04-16 16:00:00+00:00,83.7,88.09288721679393,tp,11,0.052483718241265506,0.051483718241265505,5.14837182412655
4,long,2026-04-17 00:00:00+00:00,2026-04-17 04:00:00+00:00,89.06,87.3845114367387,sl,2,-0.01881303125153039,-0.019813031251530392,-1.9813031251530393
4,long,2026-04-17 12:00:00+00:00,2026-04-18 08:00:00+00:00,88.21,86.53528484931302,sl,6,-0.018985547564754318,-0.01998554756475432,-1.998554756475432
4,long,2026-04-19 08:00:00+00:00,2026-04-19 20:00:00+00:00,84.86,83.43708433335698,sl,4,-0.01676780186946761,-0.017767801869467612,-1.7767801869467612
4,long,2026-04-20 04:00:00+00:00,2026-04-22 04:00:00+00:00,84.58,88.07,timeout,13,0.04126270986048705,0.04026270986048705,4.026270986048705
4,long,2026-04-22 12:00:00+00:00,2026-04-22 20:00:00+00:00,88.32,86.90154902055522,sl,3,-0.016060359821611987,-0.017060359821611987,-1.7060359821611988
4,long,2026-04-23 04:00:00+00:00,2026-04-25 04:00:00+00:00,85.77,86.37,timeout,13,0.006995452955578974,0.005995452955578974,0.5995452955578974
4,long,2026-04-25 12:00:00+00:00,2026-04-27 04:00:00+00:00,86.36,85.31833241587051,sl,11,-0.012061922002425715,-0.013061922002425716,-1.3061922002425717
4,long,2026-04-27 16:00:00+00:00,2026-04-28 12:00:00+00:00,84.17,83.05869582317838,sl,6,-0.013203091087342512,-0.014203091087342513,-1.4203091087342512
4,long,2026-04-29 04:00:00+00:00,2026-04-29 12:00:00+00:00,84.59,83.60992111935788,sl,3,-0.011586226275471394,-0.012586226275471395,-1.2586226275471395
4,long,2026-04-29 20:00:00+00:00,2026-05-01 20:00:00+00:00,82.21,83.75,timeout,13,0.018732514292665203,0.017732514292665202,1.7732514292665202
4,long,2026-05-02 04:00:00+00:00,2026-05-04 04:00:00+00:00,83.81,84.88,timeout,13,0.012766972914926539,0.011766972914926538,1.176697291492654
4,long,2026-05-04 16:00:00+00:00,2026-05-06 04:00:00+00:00,84.48,87.54956004277601,tp,10,0.03633475429422353,0.03533475429422353,3.533475429422353
4,long,2026-05-06 12:00:00+00:00,2026-05-06 12:00:00+00:00,89.87,88.743998621364,sl,1,-0.012529224197574327,-0.013529224197574328,-1.3529224197574328
4,long,2026-05-06 20:00:00+00:00,2026-05-07 00:00:00+00:00,89.27,88.05900901535976,sl,2,-0.013565486553604046,-0.014565486553604047,-1.4565486553604048
4,long,2026-05-07 08:00:00+00:00,2026-05-07 08:00:00+00:00,90.15,88.8208319266565,sl,1,-0.014743960880127676,-0.015743960880127677,-1.5743960880127676
4,long,2026-05-07 16:00:00+00:00,2026-05-08 16:00:00+00:00,88.31,92.54749088359775,tp,7,0.047984269998842075,0.046984269998842074,4.698426999884207
4,long,2026-05-09 00:00:00+00:00,2026-05-10 16:00:00+00:00,92.02,96.25904022335297,tp,11,0.04606650970824791,0.04506650970824791,4.506650970824791
4,long,2026-05-11 00:00:00+00:00,2026-05-11 00:00:00+00:00,96.46,94.92375880604665,sl,1,-0.015926199398230815,-0.016926199398230816,-1.6926199398230817
4,long,2026-05-11 16:00:00+00:00,2026-05-12 08:00:00+00:00,96.8,95.1806433584834,sl,5,-0.016728890924758297,-0.0177288909247583,-1.7728890924758298
4,long,2026-05-12 16:00:00+00:00,2026-05-13 12:00:00+00:00,93.87,92.23282466257123,sl,6,-0.01744087927376981,-0.01844087927376981,-1.844087927376981
4,long,2026-05-14 12:00:00+00:00,2026-05-15 12:00:00+00:00,90.63,89.06968719640984,sl,7,-0.017216294864726367,-0.018216294864726368,-1.8216294864726368
4,long,2026-05-17 20:00:00+00:00,2026-05-17 20:00:00+00:00,86.8,85.5835025822837,sl,1,-0.014014947208713106,-0.015014947208713107,-1.5014947208713108
4,long,2026-05-19 04:00:00+00:00,2026-05-19 12:00:00+00:00,85.09,83.70254748699102,sl,3,-0.016305705876236698,-0.0173057058762367,-1.7305705876236699
4,long,2026-05-19 20:00:00+00:00,2026-05-21 20:00:00+00:00,84.36,87.35,timeout,13,0.03544333807491696,0.03444333807491696,3.444333807491696
4,long,2026-05-22 04:00:00+00:00,2026-05-22 16:00:00+00:00,87.04,85.79099511190165,sl,4,-0.014349780423924116,-0.015349780423924115,-1.5349780423924115
4,long,2026-05-23 16:00:00+00:00,2026-05-25 16:00:00+00:00,84.1,85.65,timeout,13,0.018430439952437712,0.01743043995243771,1.743043995243771
4,long,2026-05-26 00:00:00+00:00,2026-05-26 16:00:00+00:00,85.06,83.78295405707766,sl,5,-0.015013472171671082,-0.01601347217167108,-1.6013472171671082
4,long,2026-05-27 00:00:00+00:00,2026-05-27 20:00:00+00:00,83.72,82.44626477239619,sl,6,-0.015214228710031153,-0.016214228710031153,-1.6214228710031153
4,long,2026-05-28 04:00:00+00:00,2026-05-30 04:00:00+00:00,80.73,82.39,timeout,13,0.0205623683884553,0.0195623683884553,1.95623683884553
4,long,2026-05-30 12:00:00+00:00,2026-06-01 04:00:00+00:00,82.34,81.06729351879484,sl,11,-0.015456721899504035,-0.016456721899504034,-1.6456721899504034
4,long,2026-06-01 20:00:00+00:00,2026-06-02 00:00:00+00:00,81.19,79.91874268064252,sl,2,-0.015657806618517973,-0.016657806618517974,-1.6657806618517974
4,long,2026-06-02 08:00:00+00:00,2026-06-02 12:00:00+00:00,79.69,78.33255381536867,sl,2,-0.017034084384883026,-0.018034084384883027,-1.8034084384883027
4,long,2026-06-02 20:00:00+00:00,2026-06-02 20:00:00+00:00,75.52,73.88453015027878,sl,1,-0.021656115594825456,-0.022656115594825457,-2.265611559482546
4,long,2026-06-03 04:00:00+00:00,2026-06-03 20:00:00+00:00,72.72,70.88339589488324,sl,5,-0.025255832028558346,-0.026255832028558346,-2.6255832028558346
4,long,2026-06-04 04:00:00+00:00,2026-06-04 04:00:00+00:00,71.49,69.31505519011867,sl,1,-0.030423063503725343,-0.03142306350372534,-3.142306350372534
4,long,2026-06-04 12:00:00+00:00,2026-06-05 04:00:00+00:00,68.7,66.50527717923498,sl,5,-0.03194647482918519,-0.03294647482918519,-3.294647482918519
4,long,2026-06-05 12:00:00+00:00,2026-06-05 12:00:00+00:00,66.08,63.839329620872526,sl,1,-0.03390845004732858,-0.03490845004732858,-3.490845004732858
4,long,2026-06-05 20:00:00+00:00,2026-06-06 04:00:00+00:00,63.43,60.96778931595641,sl,3,-0.03881776263666389,-0.03981776263666389,-3.9817762636663887
4,long,2026-06-06 12:00:00+00:00,2026-06-08 12:00:00+00:00,62.46,67.19,timeout,13,0.07572846621837971,0.07472846621837971,7.472846621837971
4,long,2026-06-08 20:00:00+00:00,2026-06-09 00:00:00+00:00,67.46,65.40668946117522,sl,2,-0.0304374523988256,-0.0314374523988256,-3.14374523988256
4,long,2026-06-09 08:00:00+00:00,2026-06-09 12:00:00+00:00,66.9,64.94030493666253,sl,2,-0.029292900797271707,-0.030292900797271708,-3.0292900797271707
4,long,2026-06-09 20:00:00+00:00,2026-06-10 08:00:00+00:00,65.42,63.483877531285565,sl,4,-0.029595268552651134,-0.030595268552651135,-3.0595268552651134
4,long,2026-06-10 16:00:00+00:00,2026-06-10 16:00:00+00:00,65.45,63.66022102067519,sl,1,-0.027345744527499084,-0.028345744527499085,-2.8345744527499086
4,long,2026-06-11 00:00:00+00:00,2026-06-12 12:00:00+00:00,63.2,68.53024460468205,tp,10,0.08433931336522231,0.08333931336522231,8.33393133652223
4,long,2026-06-12 20:00:00+00:00,2026-06-14 20:00:00+00:00,66.79,71.28,timeout,13,0.06722563257972743,0.06622563257972743,6.622563257972742
4,long,2026-06-15 04:00:00+00:00,2026-06-15 12:00:00+00:00,71.25,75.19547927775942,tp,3,0.05537514775802692,0.05437514775802692,5.437514775802692
4,long,2026-06-15 20:00:00+00:00,2026-06-15 20:00:00+00:00,75.27,73.82616571522207,sl,1,-0.019182068350975436,-0.020182068350975437,-2.0182068350975437
4,long,2026-06-16 04:00:00+00:00,2026-06-17 08:00:00+00:00,73.74,72.25873472383944,sl,8,-0.02008767664985837,-0.02108767664985837,-2.1087676649858373
4,long,2026-06-17 16:00:00+00:00,2026-06-17 16:00:00+00:00,73.81,72.27865643380602,sl,1,-0.02074710156068259,-0.021747101560682592,-2.1747101560682593
4,long,2026-06-18 00:00:00+00:00,2026-06-18 12:00:00+00:00,72.04,70.4020047822103,sl,4,-0.022737301746109218,-0.02373730174610922,-2.373730174610922
4,long,2026-06-18 20:00:00+00:00,2026-06-20 20:00:00+00:00,69.39,73.21,timeout,13,0.05505116010952577,0.05405116010952577,5.405116010952577
4,long,2026-06-21 04:00:00+00:00,2026-06-22 20:00:00+00:00,73.63,72.13775847310669,sl,11,-0.020266759838290228,-0.02126675983829023,-2.126675983829023
4,long,2026-06-23 12:00:00+00:00,2026-06-24 12:00:00+00:00,69.31,67.77626203162845,sl,7,-0.022128667845499262,-0.023128667845499263,-2.3128667845499264
4,long,2026-06-24 20:00:00+00:00,2026-06-25 12:00:00+00:00,66.13,64.4885847201561,sl,5,-0.024821038558050776,-0.025821038558050777,-2.5821038558050775
4,long,2026-06-25 20:00:00+00:00,2026-06-26 12:00:00+00:00,66.22,71.87169346776005,tp,5,0.08534722844699569,0.08434722844699569,8.434722844699568
4,long,2026-06-26 20:00:00+00:00,2026-06-27 20:00:00+00:00,73.01,70.80081454220529,sl,7,-0.030258669467123918,-0.03125866946712392,-3.125866946712392
4,long,2026-06-28 04:00:00+00:00,2026-06-29 16:00:00+00:00,70.87,76.2985722492638,tp,10,0.0765990157931959,0.0755990157931959,7.5599015793195905
4,long,2026-06-30 00:00:00+00:00,2026-06-30 12:00:00+00:00,75.16,73.2639206960888,sl,4,-0.025227239275029185,-0.026227239275029186,-2.6227239275029186
4,long,2026-06-30 20:00:00+00:00,2026-07-01 20:00:00+00:00,73.75,78.82705316044152,tp,7,0.06884139878564777,0.06784139878564777,6.784139878564776
4,long,2026-07-02 04:00:00+00:00,2026-07-04 04:00:00+00:00,78.72,82.72,timeout,13,0.0508130081300813,0.0498130081300813,4.98130081300813
4,long,2026-07-04 12:00:00+00:00,2026-07-05 00:00:00+00:00,81.84,80.21369508628325,sl,4,-0.01987176092029266,-0.02087176092029266,-2.087176092029266
4,long,2026-07-05 12:00:00+00:00,2026-07-07 12:00:00+00:00,80.57,82.11,timeout,13,0.019113814074717714,0.018113814074717714,1.8113814074717713
4,long,2026-07-07 20:00:00+00:00,2026-07-08 00:00:00+00:00,81.39,79.91005086107766,sl,2,-0.01818342718911827,-0.019183427189118273,-1.9183427189118272
4,long,2026-07-08 08:00:00+00:00,2026-07-08 12:00:00+00:00,78.3,76.79316390006838,sl,2,-0.019244394635142,-0.020244394635142,-2.0244394635142
4,long,2026-07-08 20:00:00+00:00,2026-07-10 20:00:00+00:00,77.43,78.13,timeout,13,0.009040423608420362,0.00804042360842036,0.8040423608420361
4,long,2026-07-11 16:00:00+00:00,2026-07-11 20:00:00+00:00,78.39,77.25612929565177,sl,2,-0.01446448149442819,-0.015464481494428192,-1.546448149442819
4,long,2026-07-12 08:00:00+00:00,2026-07-13 12:00:00+00:00,76.51,75.34656910696351,sl,8,-0.015206259221493802,-0.016206259221493803,-1.6206259221493804
4,long,2026-07-14 16:00:00+00:00,2026-07-16 08:00:00+00:00,77.38,76.14267798365884,sl,11,-0.015990204398309036,-0.016990204398309037,-1.6990204398309037
4,long,2026-07-16 16:00:00+00:00,2026-07-16 16:00:00+00:00,76.63,75.49897975407124,sl,1,-0.014759496880187295,-0.015759496880187296,-1.5759496880187296
4,long,2026-07-17 16:00:00+00:00,2026-07-19 16:00:00+00:00,74.78,75.88,timeout,13,0.014709815458678714,0.013709815458678713,1.3709815458678714
4,long,2026-07-20 00:00:00+00:00,2026-07-20 04:00:00+00:00,76.38,75.51011093758466,sl,2,-0.011388963896508763,-0.012388963896508762,-1.2388963896508762
4,long,2026-07-20 12:00:00+00:00,2026-07-20 12:00:00+00:00,77.13,76.16555165082853,sl,1,-0.012504192262044113,-0.013504192262044114,-1.3504192262044115
4,long,2026-07-20 20:00:00+00:00,2026-07-22 20:00:00+00:00,77.65,77.98,timeout,13,0.004249839021249173,0.0032498390212491726,0.32498390212491723
4,long,2026-07-23 04:00:00+00:00,2026-07-23 12:00:00+00:00,77.62,76.61984076235177,sl,3,-0.012885329008609038,-0.013885329008609039,-1.388532900860904
4,long,2026-07-25 20:00:00+00:00,2026-07-26 20:00:00+00:00,74.57,77.06399759413641,tp,7,0.03344505289173149,0.03244505289173149,3.2445052891731487
4,long,2026-07-27 04:00:00+00:00,2026-07-27 12:00:00+00:00,76.43,75.62036037594632,sl,3,-0.010593217637755954,-0.011593217637755955,-1.1593217637755955
4,long,2026-07-27 20:00:00+00:00,2026-07-27 20:00:00+00:00,75.99,75.06548476409316,sl,1,-0.012166274982324497,-0.013166274982324498,-1.3166274982324497
4,long,2026-07-28 04:00:00+00:00,2026-07-30 04:00:00+00:00,73.28,73.43,timeout,13,0.0020469432314411257,0.0010469432314411256,0.10469432314411256
4,long,2026-07-30 12:00:00+00:00,2026-07-31 12:00:00+00:00,74.24,73.14336289261627,sl,7,-0.014771512761095475,-0.015771512761095476,-1.5771512761095476
4,long,2026-07-31 20:00:00+00:00,2026-08-01 16:00:00+00:00,73.09,72.1225714528598,sl,6,-0.013236127338079101,-0.0142361273380791,-1.42361273380791
4,long,2026-08-02 04:00:00+00:00,2026-08-03 08:00:00+00:00,73.2,72.25699682078097,sl,8,-0.012882557093156194,-0.013882557093156195,-1.3882557093156196
4,long,2026-08-03 16:00:00+00:00,2026-08-05 16:00:00+00:00,73.62,74.48,timeout,13,0.011681608258625365,0.010681608258625366,1.0681608258625366
4,long,2026-08-06 00:00:00+00:00,2026-08-06 08:00:00+00:00,74.05,73.1858355997673,sl,3,-0.011670012157092445,-0.012670012157092445,-1.2670012157092445
4,long,2026-08-06 16:00:00+00:00,2026-08-06 20:00:00+00:00,73.32,72.45319061237385,sl,2,-0.011822277518087126,-0.012822277518087125,-1.2822277518087126
4,long,2026-08-07 04:00:00+00:00,2026-08-08 04:00:00+00:00,72.63,75.11858989571571,tp,7,0.03426393908461682,0.03326393908461682,3.326393908461682
4,long,2026-08-08 12:00:00+00:00,2026-08-10 12:00:00+00:00,75.6,75.95,timeout,13,0.004629629629629743,0.003629629629629743,0.3629629629629743
4,long,2026-08-12 04:00:00+00:00,2026-08-12 12:00:00+00:00,76.43,75.5954553291292,sl,3,-0.010919071972665345,-0.011919071972665344,-1.1919071972665345
4,long,2026-08-12 20:00:00+00:00,2026-08-14 16:00:00+00:00,75.77,74.89818668407067,sl,12,-0.011506048778267523,-0.012506048778267522,-1.2506048778267522
4,long,2026-08-15 04:00:00+00:00,2026-08-16 20:00:00+00:00,75.43,74.68448056206223,sl,11,-0.009883593237939452,-0.010883593237939453,-1.0883593237939453
4,long,2026-08-17 04:00:00+00:00,2026-08-19 04:00:00+00:00,75.51,76.95,timeout,13,0.01907032181168054,0.01807032181168054,1.8070321811680539
4,long,2026-08-19 12:00:00+00:00,2026-08-19 12:00:00+00:00,77.54,79.55636923431683,tp,1,0.026004245993252854,0.025004245993252853,2.500424599325285
4,long,2026-08-19 20:00:00+00:00,2026-08-19 20:00:00+00:00,82.37,85.52625714591605,tp,1,0.0383180423202142,0.0373180423202142,3.7318042320214198
4,long,2026-08-20 04:00:00+00:00,2026-08-21 00:00:00+00:00,84.48,88.58575233499904,tp,6,0.04860028805633332,0.04760028805633332,4.760028805633332
4,long,2026-08-21 08:00:00+00:00,2026-08-22 00:00:00+00:00,90.42,95.04383793987606,tp,5,0.051137336207432584,0.05013733620743258,5.013733620743258
4,long,2026-08-22 08:00:00+00:00,2026-08-22 08:00:00+00:00,94.47,91.44714374685084,sl,1,-0.03199805497141058,-0.03299805497141058,-3.299805497141058
4,long,2026-08-22 16:00:00+00:00,2026-08-24 16:00:00+00:00,93.07,96.54,timeout,13,0.03728376490813381,0.03628376490813381,3.628376490813381
4,long,2026-08-25 00:00:00+00:00,2026-08-25 12:00:00+00:00,98.97,96.29713490930015,sl,4,-0.02700682116499792,-0.02800682116499792,-2.800682116499792
4,long,2026-08-28 16:00:00+00:00,2026-08-28 16:00:00+00:00,105.25,102.38657246986693,sl,1,-0.027205962281549322,-0.028205962281549323,-2.8205962281549324
4,long,2026-08-29 04:00:00+00:00,2026-08-30 20:00:00+00:00,103.89,101.21419085870906,sl,11,-0.025756176160274723,-0.026756176160274724,-2.6756176160274725
4,long,2026-09-03 16:00:00+00:00,2026-09-04 12:00:00+00:00,105.17,103.06769377879584,sl,6,-0.019989599897348668,-0.02098959989734867,-2.0989599897348667
4,long,2026-09-05 16:00:00+00:00,2026-09-07 16:00:00+00:00,102.94,104.36,timeout,13,0.013794443365067046,0.012794443365067045,1.2794443365067045
4,long,2026-09-09 08:00:00+00:00,2026-09-09 12:00:00+00:00,104.59,102.88555268045491,sl,2,-0.0162964654321168,-0.0172964654321168,-1.72964654321168
4,long,2026-09-11 16:00:00+00:00,2026-09-13 08:00:00+00:00,101.6,99.49821116497714,sl,11,-0.020686897982508456,-0.021686897982508457,-2.1686897982508455
4,long,2026-09-13 20:00:00+00:00,2026-09-13 20:00:00+00:00,100.98,99.50774204944184,sl,1,-0.014579698460667055,-0.015579698460667056,-1.5579698460667055
4,long,2026-09-14 12:00:00+00:00,2026-09-15 12:00:00+00:00,101.37,99.83829890342848,sl,7,-0.015110003912119207,-0.016110003912119208,-1.6110003912119208
4,long,2026-09-15 20:00:00+00:00,2026-09-17 20:00:00+00:00,97.91,101.63,timeout,13,0.0379940761924216,0.0369940761924216,3.69940761924216
4,long,2026-09-18 04:00:00+00:00,2026-09-18 12:00:00+00:00,104.61,110.18954098464856,tp,3,0.053336592913187646,0.052336592913187645,5.233659291318764
4,long,2026-09-18 20:00:00+00:00,2026-09-19 04:00:00+00:00,114.23,112.01677191740814,sl,3,-0.01937519112835392,-0.020375191128353922,-2.037519112835392
4,long,2026-09-19 12:00:00+00:00,2026-09-20 00:00:00+00:00,111.9,109.82729182458074,sl,4,-0.018522861263800403,-0.019522861263800404,-1.9522861263800404
4,long,2026-09-23 00:00:00+00:00,2026-09-23 12:00:00+00:00,118.56,116.40450924777264,sl,4,-0.018180590015412997,-0.019180590015412998,-1.9180590015412997
4,long,2026-09-25 20:00:00+00:00,2026-09-27 20:00:00+00:00,121.92,121.99,timeout,13,0.0005741469816272406,-0.0004258530183727594,-0.042585301837275935
4,long,2026-09-28 20:00:00+00:00,2026-09-30 04:00:00+00:00,118.4,118.46,timeout,9,0.000506756756756656,-0.0004932432432433441,-0.04932432432433441
4,short,2026-04-01 00:00:00+00:00,2026-04-05 00:00:00+00:00,83.2,80.54,timeout,25,0.0319711538461538,0.0309711538461538,3.09711538461538
4,short,2026-04-05 08:00:00+00:00,2026-04-06 00:00:00+00:00,79.6,82.65007139802921,sl,5,-0.038317479874738915,-0.039317479874738916,-3.9317479874738916
4,short,2026-04-06 08:00:00+00:00,2026-04-07 20:00:00+00:00,81.82,85.1584332148289,sl,10,-0.040802165910888664,-0.041802165910888665,-4.1802165910888665
4,short,2026-04-09 00:00:00+00:00,2026-04-13 00:00:00+00:00,82.57,81.91,timeout,25,0.007993217875741754,0.006993217875741754,0.6993217875741754
4,short,2026-04-13 08:00:00+00:00,2026-04-13 20:00:00+00:00,82.16,85.43522998185497,sl,4,-0.03986404554351238,-0.04086404554351238,-4.086404554351239
4,short,2026-04-15 08:00:00+00:00,2026-04-16 12:00:00+00:00,82.93,86.44767831478815,sl,8,-0.04241744018796747,-0.04341744018796747,-4.341744018796747
4,short,2026-04-18 12:00:00+00:00,2026-04-22 12:00:00+00:00,86.55,88.2,timeout,25,-0.019064124783362283,-0.020064124783362284,-2.0064124783362285
4,short,2026-04-23 04:00:00+00:00,2026-04-27 04:00:00+00:00,85.77,85.26,timeout,25,0.005946135012241937,0.004946135012241937,0.4946135012241937
4,short,2026-04-27 12:00:00+00:00,2026-05-01 12:00:00+00:00,85.26,84.46,timeout,25,0.00938306357025582,0.008383063570255821,0.8383063570255821
4,short,2026-05-09 00:00:00+00:00,2026-05-10 16:00:00+00:00,92.02,95.55253351946081,sl,11,-0.03838875809020662,-0.03938875809020662,-3.9388758090206624
4,short,2026-05-12 04:00:00+00:00,2026-05-15 12:00:00+00:00,96.15,89.55023827782513,tp,21,0.06864026752131955,0.06764026752131955,6.764026752131954
4,short,2026-05-15 20:00:00+00:00,2026-05-19 20:00:00+00:00,89.44,84.3,timeout,25,0.05746869409660108,0.05646869409660108,5.646869409660108
4,short,2026-05-20 04:00:00+00:00,2026-05-21 04:00:00+00:00,84.11,87.22887073016996,sl,7,-0.03708085519165331,-0.03808085519165331,-3.808085519165331
4,short,2026-05-22 04:00:00+00:00,2026-05-23 04:00:00+00:00,87.04,82.04398044760659,tp,7,0.05739912169569646,0.05639912169569646,5.639912169569646
4,short,2026-05-23 12:00:00+00:00,2026-05-23 20:00:00+00:00,82.29,85.79886145951843,sl,3,-0.042640192727165245,-0.043640192727165246,-4.364019272716525
4,short,2026-05-28 08:00:00+00:00,2026-06-01 08:00:00+00:00,81.27,80.82,timeout,25,0.005537098560354409,0.004537098560354409,0.45370985603544095
4,short,2026-06-02 08:00:00+00:00,2026-06-02 20:00:00+00:00,79.69,74.2602152614747,tp,4,0.06813633753953192,0.06713633753953192,6.713633753953192
4,short,2026-06-03 08:00:00+00:00,2026-06-04 00:00:00+00:00,75.26,67.66118475242345,tp,5,0.10096751591252395,0.09996751591252395,9.996751591252394
4,short,2026-06-04 20:00:00+00:00,2026-06-06 04:00:00+00:00,69.09,60.499629454912494,tp,9,0.12433594652029974,0.12333594652029974,12.333594652029973
4,short,2026-06-06 12:00:00+00:00,2026-06-10 12:00:00+00:00,62.46,65.45,timeout,25,-0.04787063720781303,-0.04887063720781303,-4.8870637207813035
4,short,2026-06-11 08:00:00+00:00,2026-06-13 20:00:00+00:00,65.05,69.37742915897647,sl,16,-0.06652466039933085,-0.06752466039933085,-6.7524660399330845
4,short,2026-06-14 16:00:00+00:00,2026-06-14 20:00:00+00:00,67.44,70.4152826347185,sl,2,-0.044117476790013294,-0.045117476790013294,-4.51174767900133
4,short,2026-06-15 04:00:00+00:00,2026-06-15 12:00:00+00:00,71.25,74.53789939813285,sl,3,-0.04614595646502247,-0.04714595646502247,-4.7145956465022465
4,short,2026-06-16 00:00:00+00:00,2026-06-19 04:00:00+00:00,73.97,68.08147265653913,tp,20,0.07960696692525165,0.07860696692525165,7.860696692525165
4,short,2026-06-19 12:00:00+00:00,2026-06-20 04:00:00+00:00,68.26,72.01366154812295,sl,5,-0.05499064676418032,-0.05599064676418032,-5.599064676418032
4,short,2026-06-23 00:00:00+00:00,2026-06-24 16:00:00+00:00,71.96,66.0077251065789,tp,11,0.08271643820763051,0.08171643820763051,8.171643820763052
4,short,2026-06-25 00:00:00+00:00,2026-06-26 16:00:00+00:00,68.12,72.38935689963762,sl,11,-0.06267405900818576,-0.06367405900818576,-6.367405900818576
4,short,2026-06-27 12:00:00+00:00,2026-07-01 12:00:00+00:00,71.81,76.73621732221437,sl,25,-0.06860071469453238,-0.06960071469453238,-6.960071469453238
4,short,2026-07-02 00:00:00+00:00,2026-07-02 08:00:00+00:00,77.46,82.10172551315839,sl,3,-0.05992416102709001,-0.06092416102709001,-6.0924161027090005
4,short,2026-07-03 00:00:00+00:00,2026-07-07 00:00:00+00:00,80.73,81.06,timeout,25,-0.004087699739873631,-0.005087699739873631,-0.5087699739873631
4,short,2026-07-07 12:00:00+00:00,2026-07-11 12:00:00+00:00,81.33,78.39,timeout,25,0.03614902250092214,0.03514902250092214,3.514902250092214
4,short,2026-07-11 20:00:00+00:00,2026-07-15 20:00:00+00:00,78.14,77.28,timeout,25,0.011005886869721006,0.010005886869721006,1.0005886869721006
4,short,2026-07-16 04:00:00+00:00,2026-07-20 04:00:00+00:00,76.95,76.22,timeout,25,0.00948667966211831,0.008486679662118309,0.8486679662118308
4,short,2026-07-23 20:00:00+00:00,2026-07-27 20:00:00+00:00,75.74,74.22,timeout,25,0.020068655928175284,0.019068655928175283,1.9068655928175284
4,short,2026-07-29 04:00:00+00:00,2026-08-02 04:00:00+00:00,73.1,73.48,timeout,25,-0.005198358413132828,-0.006198358413132828,-0.6198358413132827
4,short,2026-08-03 04:00:00+00:00,2026-08-07 04:00:00+00:00,72.91,72.94,timeout,25,-0.0004114661911946391,-0.0014114661911946392,-0.1411466191194639
4,short,2026-08-11 08:00:00+00:00,2026-08-15 08:00:00+00:00,75.7,75.26,timeout,25,0.0058124174372522815,0.0048124174372522815,0.48124174372522815
4,short,2026-08-21 04:00:00+00:00,2026-08-21 08:00:00+00:00,89.11,92.78844430501698,sl,2,-0.04127981489189744,-0.042279814891897444,-4.2279814891897445
4,short,2026-08-22 08:00:00+00:00,2026-08-25 00:00:00+00:00,94.47,102.02714063287291,sl,17,-0.07999513742852668,-0.08099513742852668,-8.099513742852668
4,short,2026-08-25 08:00:00+00:00,2026-08-27 12:00:00+00:00,100.25,107.36280867765653,sl,14,-0.0709507100015614,-0.0719507100015614,-7.19507100015614
4,short,2026-08-28 08:00:00+00:00,2026-09-01 08:00:00+00:00,106.36,102.28,timeout,25,0.03836028582173748,0.03736028582173748,3.7360285821737476
4,short,2026-09-01 16:00:00+00:00,2026-09-05 16:00:00+00:00,102.05,103.41,timeout,25,-0.01332680058794708,-0.01432680058794708,-1.4326800587947082
4,short,2026-09-08 04:00:00+00:00,2026-09-12 04:00:00+00:00,103.36,101.68,timeout,25,0.016253869969040175,0.015253869969040174,1.5253869969040175
4,short,2026-09-12 12:00:00+00:00,2026-09-16 12:00:00+00:00,102.13,97.1,timeout,25,0.04925095466562226,0.04825095466562226,4.825095466562225
4,short,2026-09-17 00:00:00+00:00,2026-09-18 00:00:00+00:00,98.65,103.21743755173017,sl,7,-0.046299417655652965,-0.047299417655652966,-4.729941765565297
4,short,2026-09-25 12:00:00+00:00,2026-09-29 12:00:00+00:00,120.85,118.23,timeout,25,0.021679768307819532,0.02067976830781953,2.0679768307819533
4,short,2026-09-30 00:00:00+00:00,2026-09-30 04:00:00+00:00,119.14,118.46,timeout,2,0.005707570924962287,0.004707570924962287,0.47075709249622866
