side,seg,entry_time,exit_time,entry_price,exit_price,exit_reason,bars_held,gross_ret,net_ret,pnl_usdt
long,train,2020-11-06 12:00:00+00:00,2020-11-07 00:00:00+00:00,1.75,1.9501665376613917,tp,4,0.1143808786636524,0.1133808786636524,11.33808786636524
long,train,2020-11-07 08:00:00+00:00,2020-11-07 12:00:00+00:00,2.237,1.977371353055407,sl,2,-0.11606108491041268,-0.11706108491041269,-11.706108491041268
long,train,2020-11-07 20:00:00+00:00,2020-11-11 20:00:00+00:00,1.89,1.994,timeout,25,0.055026455026455076,0.054026455026455075,5.402645502645507
long,train,2020-11-12 04:00:00+00:00,2020-11-16 04:00:00+00:00,2.011,2.175,timeout,25,0.08155146693187454,0.08055146693187454,8.055146693187453
long,train,2020-11-16 12:00:00+00:00,2020-11-18 04:00:00+00:00,2.282,2.057161671474095,sl,11,-0.09852687490179897,-0.09952687490179897,-9.952687490179898
long,train,2020-11-18 12:00:00+00:00,2020-11-21 12:00:00+00:00,2.075,2.339321711394456,tp,19,0.12738395729853302,0.12638395729853302,12.638395729853302
long,train,2020-11-21 20:00:00+00:00,2020-11-22 00:00:00+00:00,2.431,2.2228526011736975,sl,2,-0.0856221303275617,-0.0866221303275617,-8.66221303275617
long,train,2020-11-22 08:00:00+00:00,2020-11-25 16:00:00+00:00,2.19,2.4809155590476433,tp,21,0.1328381548162755,0.1318381548162755,13.183815481627551
long,train,2020-11-26 00:00:00+00:00,2020-11-26 00:00:00+00:00,2.264,1.9914549032350926,sl,1,-0.12038210987849261,-0.12138210987849261,-12.138210987849261
long,train,2020-12-01 08:00:00+00:00,2020-12-01 12:00:00+00:00,2.134,1.9491169218865108,sl,2,-0.08663686884418423,-0.08763686884418423,-8.763686884418423
long,train,2020-12-02 12:00:00+00:00,2020-12-04 20:00:00+00:00,2.098,1.9054249061864348,sl,15,-0.09178984452505486,-0.09278984452505486,-9.278984452505485
long,train,2020-12-17 00:00:00+00:00,2020-12-20 00:00:00+00:00,1.787,1.634283680852125,sl,19,-0.0854596078051902,-0.0864596078051902,-8.64596078051902
long,train,2020-12-29 08:00:00+00:00,2020-12-29 20:00:00+00:00,1.545,1.7150831055694413,tp,4,0.11008615247213036,0.10908615247213035,10.908615247213035
long,train,2020-12-30 04:00:00+00:00,2020-12-31 00:00:00+00:00,1.637,1.4797921676738939,sl,6,-0.09603410649120717,-0.09703410649120717,-9.703410649120716
long,train,2020-12-31 20:00:00+00:00,2021-01-01 16:00:00+00:00,1.549,1.7362533417665167,tp,6,0.1208865989454595,0.1198865989454595,11.98865989454595
long,train,2021-01-02 00:00:00+00:00,2021-01-03 04:00:00+00:00,1.838,2.0606316446765973,tp,8,0.12112711897529774,0.12012711897529774,12.012711897529774
long,train,2021-01-03 12:00:00+00:00,2021-01-03 16:00:00+00:00,2.265,2.005579915663757,sl,2,-0.11453425357008534,-0.11553425357008534,-11.553425357008534
long,train,2021-01-04 00:00:00+00:00,2021-01-04 08:00:00+00:00,2.199,1.892817082621455,sl,3,-0.1392373430552728,-0.1402373430552728,-14.023734305527281
long,train,2021-01-04 16:00:00+00:00,2021-01-06 20:00:00+00:00,2.284,1.896763476071204,sl,14,-0.16954313657127665,-0.17054313657127665,-17.054313657127665
long,train,2021-01-07 04:00:00+00:00,2021-01-08 16:00:00+00:00,2.175,2.711781772037669,tp,8,0.2467962170288135,0.2457962170288135,24.579621702881347
long,train,2021-01-09 00:00:00+00:00,2021-01-11 16:00:00+00:00,3.23,2.640658328100757,sl,17,-0.18245872195023005,-0.18345872195023005,-18.345872195023006
long,train,2021-01-12 00:00:00+00:00,2021-01-12 16:00:00+00:00,3.103,3.9054704528598707,tp,5,0.25861116753460217,0.25761116753460217,25.761116753460218
long,train,2021-01-13 00:00:00+00:00,2021-01-17 00:00:00+00:00,3.62,3.704,timeout,25,0.02320441988950278,0.02220441988950278,2.2204419889502782
long,train,2021-01-17 08:00:00+00:00,2021-01-18 08:00:00+00:00,3.394,4.037637282795288,tp,7,0.18963974154251256,0.18863974154251256,18.863974154251256
long,train,2021-01-18 16:00:00+00:00,2021-01-20 08:00:00+00:00,3.953,3.4384965026968835,sl,11,-0.13015519790111724,-0.13115519790111724,-13.115519790111724
long,train,2021-01-20 16:00:00+00:00,2021-01-21 20:00:00+00:00,3.512,3.0778015494593935,sl,8,-0.12363281621315673,-0.12463281621315674,-12.463281621315673
long,train,2021-01-22 16:00:00+00:00,2021-01-25 16:00:00+00:00,3.395,3.9631556309928673,tp,19,0.16735070132337768,0.16635070132337768,16.635070132337766
long,train,2021-01-26 00:00:00+00:00,2021-01-30 00:00:00+00:00,3.698,3.824,timeout,25,0.034072471606273635,0.033072471606273635,3.3072471606273632
long,train,2021-01-30 08:00:00+00:00,2021-01-30 16:00:00+00:00,3.836,4.19066697242621,tp,3,0.0924575006324844,0.0914575006324844,9.145750063248439
long,train,2021-01-31 00:00:00+00:00,2021-01-31 08:00:00+00:00,4.225,4.635190373788656,tp,3,0.09708647900323222,0.09608647900323222,9.608647900323222
long,train,2021-01-31 16:00:00+00:00,2021-02-02 00:00:00+00:00,4.227,4.722455403107502,tp,9,0.1172120660296905,0.1162120660296905,11.62120660296905
long,train,2021-02-02 08:00:00+00:00,2021-02-03 12:00:00+00:00,4.96,5.5098496208700425,tp,8,0.11085677840121826,0.10985677840121826,10.985677840121825
long,train,2021-02-03 20:00:00+00:00,2021-02-04 00:00:00+00:00,5.453,6.044277325661742,tp,2,0.1084315653148252,0.1074315653148252,10.74315653148252
long,train,2021-02-04 08:00:00+00:00,2021-02-04 20:00:00+00:00,5.841,6.472549301923778,tp,4,0.10812348945793153,0.10712348945793153,10.712348945793153
long,train,2021-02-05 04:00:00+00:00,2021-02-06 00:00:00+00:00,6.846,6.2455438731493045,sl,6,-0.08770904569831954,-0.08870904569831954,-8.870904569831954
long,train,2021-02-06 08:00:00+00:00,2021-02-07 12:00:00+00:00,5.982,6.803949758678986,tp,8,0.1374038379603787,0.1364038379603787,13.64038379603787
long,train,2021-02-07 20:00:00+00:00,2021-02-08 04:00:00+00:00,6.551,7.504733512296727,tp,3,0.1455859429547743,0.1445859429547743,14.45859429547743
long,train,2021-02-08 12:00:00+00:00,2021-02-10 20:00:00+00:00,7.488,8.493422293958425,tp,15,0.1342711396846186,0.1332711396846186,13.327113968461859
long,train,2021-02-11 04:00:00+00:00,2021-02-15 00:00:00+00:00,9.097,8.127510480587553,sl,24,-0.10657244359815837,-0.10757244359815837,-10.757244359815838
long,train,2021-02-15 08:00:00+00:00,2021-02-19 04:00:00+00:00,8.297,9.399606197745445,tp,24,0.1328921535187953,0.1318921535187953,13.189215351879529
long,train,2021-02-19 12:00:00+00:00,2021-02-19 12:00:00+00:00,9.834,10.93824252323499,tp,1,0.11228823705867304,0.11128823705867304,11.128823705867303
long,train,2021-02-19 20:00:00+00:00,2021-02-20 12:00:00+00:00,11.356,10.242777606421578,sl,5,-0.0980294464228973,-0.09902944642289731,-9.90294464228973
long,train,2021-02-20 20:00:00+00:00,2021-02-22 12:00:00+00:00,10.431,9.25760836307498,sl,11,-0.11249080979053015,-0.11349080979053015,-11.349080979053015
long,train,2021-02-23 04:00:00+00:00,2021-02-23 08:00:00+00:00,13.991,12.043685712236973,sl,2,-0.13918335270981533,-0.14018335270981533,-14.018335270981533
long,train,2021-02-23 16:00:00+00:00,2021-02-27 16:00:00+00:00,15.409,13.836,timeout,25,-0.10208319813096245,-0.10308319813096245,-10.308319813096245
long,train,2021-02-28 00:00:00+00:00,2021-03-04 00:00:00+00:00,13.186,13.771,timeout,25,0.044365235856211195,0.043365235856211194,4.336523585621119
long,train,2021-03-04 08:00:00+00:00,2021-03-05 04:00:00+00:00,13.746,12.394580962030348,sl,6,-0.09831362126943491,-0.09931362126943491,-9.93136212694349
long,train,2021-03-05 16:00:00+00:00,2021-03-09 08:00:00+00:00,12.723,14.208077636295428,tp,23,0.11672385728958794,0.11572385728958794,11.572385728958794
long,train,2021-03-09 16:00:00+00:00,2021-03-11 16:00:00+00:00,14.664,15.901569722229038,tp,13,0.08439509835168017,0.08339509835168017,8.339509835168018
long,train,2021-03-12 00:00:00+00:00,2021-03-12 16:00:00+00:00,16.048,14.898720286030565,sl,5,-0.07161513671295071,-0.07261513671295071,-7.261513671295071
long,train,2021-03-13 00:00:00+00:00,2021-03-16 04:00:00+00:00,14.552,13.294023257355422,sl,20,-0.08644699990685666,-0.08744699990685666,-8.744699990685666
long,train,2021-03-17 20:00:00+00:00,2021-03-21 20:00:00+00:00,14.161,14.32,timeout,25,0.01122802062001276,0.01022802062001276,1.022802062001276
long,train,2021-03-22 04:00:00+00:00,2021-03-22 04:00:00+00:00,15.174,16.145102900577292,tp,1,0.06399781867518735,0.06299781867518735,6.2997818675187345
long,train,2021-03-22 12:00:00+00:00,2021-03-22 16:00:00+00:00,16.4,15.483606570622193,sl,2,-0.05587764813279303,-0.05687764813279303,-5.687764813279303
long,train,2021-03-23 00:00:00+00:00,2021-03-24 20:00:00+00:00,14.799,13.736292870137376,sl,12,-0.07180938778718991,-0.07280938778718991,-7.280938778718991
long,train,2021-03-27 00:00:00+00:00,2021-03-27 16:00:00+00:00,14.772,16.263533013991374,tp,5,0.10097028256101907,0.09997028256101907,9.997028256101908
long,train,2021-03-28 00:00:00+00:00,2021-03-28 08:00:00+00:00,16.468,18.13242935902434,tp,3,0.1010705221656752,0.1000705221656752,10.007052216567521
long,train,2021-03-28 16:00:00+00:00,2021-03-30 04:00:00+00:00,18.924,20.79566608764822,tp,10,0.09890435889073253,0.09790435889073253,9.790435889073253
long,train,2021-03-30 16:00:00+00:00,2021-04-03 04:00:00+00:00,19.427,21.469073445363676,tp,22,0.10511522341914227,0.10411522341914227,10.411522341914226
long,train,2021-04-03 12:00:00+00:00,2021-04-03 16:00:00+00:00,22.484,20.99352168191502,sl,2,-0.06629062080079086,-0.06729062080079086,-6.729062080079086
long,train,2021-04-04 00:00:00+00:00,2021-04-04 12:00:00+00:00,22.472,24.962508775889535,tp,4,0.11082719721829538,0.10982719721829538,10.982719721829538
long,train,2021-04-04 20:00:00+00:00,2021-04-07 12:00:00+00:00,24.13,27.044272740573778,tp,17,0.12077383922808864,0.11977383922808864,11.977383922808864
long,train,2021-04-07 20:00:00+00:00,2021-04-11 20:00:00+00:00,26.855,27.877,timeout,25,0.038056227890523125,0.037056227890523125,3.7056227890523123
long,train,2021-04-12 04:00:00+00:00,2021-04-13 04:00:00+00:00,28.957,26.526103594490735,sl,7,-0.08394848932932507,-0.08494848932932507,-8.494848932932507
long,train,2021-04-13 12:00:00+00:00,2021-04-17 12:00:00+00:00,26.735,25.909,timeout,25,-0.030895829437067535,-0.031895829437067535,-3.1895829437067533
long,train,2021-04-17 20:00:00+00:00,2021-04-18 00:00:00+00:00,25.323,23.17433734277028,sl,2,-0.0848502411732307,-0.0858502411732307,-8.58502411732307
long,train,2021-04-18 08:00:00+00:00,2021-04-18 20:00:00+00:00,27.261,31.26653291633277,tp,4,0.14693272133570934,0.14593272133570934,14.593272133570935
long,train,2021-04-19 04:00:00+00:00,2021-04-22 00:00:00+00:00,31.764,36.85974492883163,tp,18,0.1604251646150243,0.1594251646150243,15.942516461502429
long,train,2021-04-22 08:00:00+00:00,2021-04-23 04:00:00+00:00,37.774,32.19500334403874,sl,6,-0.14769409265529895,-0.14869409265529895,-14.869409265529896
long,train,2021-04-23 12:00:00+00:00,2021-04-25 12:00:00+00:00,35.283,44.06342042589639,tp,13,0.2488569686788648,0.2478569686788648,24.785696867886482
long,train,2021-04-25 20:00:00+00:00,2021-04-29 20:00:00+00:00,44.018,42.471,timeout,25,-0.035144713526284795,-0.036144713526284795,-3.6144713526284797
long,train,2021-04-30 04:00:00+00:00,2021-05-01 16:00:00+00:00,42.301,48.29563007137311,tp,10,0.14171367275887353,0.14071367275887353,14.071367275887352
long,train,2021-05-02 00:00:00+00:00,2021-05-03 20:00:00+00:00,49.611,45.24142487934319,sl,12,-0.08807673944602619,-0.08907673944602619,-8.90767394460262
long,train,2021-05-04 04:00:00+00:00,2021-05-08 04:00:00+00:00,44.972,43.585,timeout,25,-0.030841412434403637,-0.03184141243440364,-3.1841412434403638
long,train,2021-05-08 20:00:00+00:00,2021-05-10 20:00:00+00:00,44.868,41.400379833452995,sl,13,-0.07728492837984771,-0.07828492837984771,-7.828492837984771
long,train,2021-05-12 00:00:00+00:00,2021-05-13 00:00:00+00:00,44.562,40.68969035800639,sl,7,-0.08689712405173937,-0.08789712405173937,-8.789712405173937
long,train,2021-05-14 16:00:00+00:00,2021-05-16 12:00:00+00:00,44.592,51.37993329797694,tp,12,0.15222311845122313,0.15122311845122313,15.122311845122313
long,train,2021-05-17 00:00:00+00:00,2021-05-18 16:00:00+00:00,46.709,55.18038868896144,tp,11,0.181365233444549,0.180365233444549,18.0365233444549
long,train,2021-05-19 00:00:00+00:00,2021-05-19 04:00:00+00:00,55.945,48.245530445019035,sl,2,-0.1376256958616671,-0.1386256958616671,-13.862569586166709
long,train,2021-05-20 16:00:00+00:00,2021-05-21 20:00:00+00:00,45.915,35.626123134480856,sl,8,-0.2240853068826994,-0.2250853068826994,-22.50853068826994
long,train,2021-06-03 04:00:00+00:00,2021-06-03 16:00:00+00:00,35.517,39.81003503448864,tp,4,0.12087268165916713,0.11987268165916713,11.987268165916714
long,train,2021-06-04 00:00:00+00:00,2021-06-04 04:00:00+00:00,39.576,35.84712392967158,sl,2,-0.09422064054801946,-0.09522064054801946,-9.522064054801946
long,train,2021-06-04 12:00:00+00:00,2021-06-05 00:00:00+00:00,35.58,40.97693272891378,tp,4,0.15168444994136546,0.15068444994136546,15.068444994136545
long,train,2021-06-05 08:00:00+00:00,2021-06-08 00:00:00+00:00,41.534,36.709500585743164,sl,17,-0.11615783248078285,-0.11715783248078285,-11.715783248078285
long,train,2021-06-08 08:00:00+00:00,2021-06-09 04:00:00+00:00,36.79,42.95455999084075,tp,6,0.16756074995489945,0.16656074995489945,16.656074995489945
long,train,2021-06-09 12:00:00+00:00,2021-06-11 12:00:00+00:00,43.557,38.04521097129802,sl,13,-0.1265419801341227,-0.1275419801341227,-12.754198013412271
long,train,2021-06-11 20:00:00+00:00,2021-06-15 20:00:00+00:00,37.159,39.543,timeout,25,0.06415673188191287,0.06315673188191287,6.315673188191287
long,train,2021-06-16 04:00:00+00:00,2021-06-18 12:00:00+00:00,39.037,35.87217580188873,sl,15,-0.08107242354974176,-0.08207242354974176,-8.207242354974175
long,train,2021-06-28 16:00:00+00:00,2021-07-02 16:00:00+00:00,34.029,33.268,timeout,25,-0.022363278380205198,-0.0233632783802052,-2.33632783802052
long,train,2021-07-03 00:00:00+00:00,2021-07-07 00:00:00+00:00,33.989,34.807,timeout,25,0.024066609785518993,0.023066609785518992,2.306660978551899
long,train,2021-07-07 08:00:00+00:00,2021-07-07 16:00:00+00:00,35.005,37.719679508532515,tp,3,0.07755119293051027,0.07655119293051027,7.655119293051027
long,train,2021-07-08 00:00:00+00:00,2021-07-08 04:00:00+00:00,36.665,34.122505748788065,sl,2,-0.0693439043014301,-0.0703439043014301,-7.03439043014301
long,train,2021-07-08 12:00:00+00:00,2021-07-09 00:00:00+00:00,34.969,32.196217977437094,sl,4,-0.07929257406739991,-0.08029257406739991,-8.02925740673999
long,train,2021-07-09 08:00:00+00:00,2021-07-12 16:00:00+00:00,32.969,30.248916888232117,sl,21,-0.08250426496914934,-0.08350426496914934,-8.350426496914935
long,train,2021-07-26 04:00:00+00:00,2021-07-27 00:00:00+00:00,30.091,27.747796643939164,sl,6,-0.07787057113624794,-0.07887057113624794,-7.8870571136247944
long,train,2021-07-27 12:00:00+00:00,2021-07-29 16:00:00+00:00,28.659,31.591597990988834,tp,14,0.10232729652077308,0.10132729652077307,10.132729652077307
long,train,2021-07-30 04:00:00+00:00,2021-07-30 08:00:00+00:00,32.755,30.331093519683513,sl,2,-0.07400111373275803,-0.07500111373275803,-7.500111373275803
long,train,2021-07-30 16:00:00+00:00,2021-07-31 08:00:00+00:00,31.009,34.144833881767184,tp,5,0.10112657234245488,0.10012657234245488,10.012657234245488
long,train,2021-07-31 16:00:00+00:00,2021-08-04 16:00:00+00:00,34.257,36.23,timeout,25,0.05759406836558949,0.05659406836558949,5.659406836558949
long,train,2021-08-05 00:00:00+00:00,2021-08-06 12:00:00+00:00,35.757,38.81684974400829,tp,10,0.08557344698963251,0.08457344698963251,8.45734469896325
long,train,2021-08-06 20:00:00+00:00,2021-08-08 16:00:00+00:00,39.888,37.135818290275644,sl,12,-0.06899773640504298,-0.06999773640504298,-6.999773640504298
long,train,2021-08-09 00:00:00+00:00,2021-08-10 12:00:00+00:00,37.657,40.96654986034713,tp,10,0.08788671058095794,0.08688671058095794,8.688671058095794
long,train,2021-08-10 20:00:00+00:00,2021-08-13 08:00:00+00:00,40.626,44.129569182666195,tp,16,0.08623958013750302,0.08523958013750302,8.523958013750303
long,train,2021-08-13 16:00:00+00:00,2021-08-15 12:00:00+00:00,43.632,47.558033666701434,tp,12,0.08998060292220013,0.08898060292220013,8.898060292220013
long,train,2021-08-15 20:00:00+00:00,2021-08-16 00:00:00+00:00,52.973,58.204796863327054,tp,2,0.09876346182634654,0.09776346182634654,9.776346182634654
long,train,2021-08-16 08:00:00+00:00,2021-08-16 12:00:00+00:00,61.936,68.84588983554283,tp,2,0.11156499992803595,0.11056499992803595,11.056499992803595
long,train,2021-08-16 20:00:00+00:00,2021-08-17 00:00:00+00:00,62.991,71.29248431803484,tp,2,0.13178841926679744,0.13078841926679743,13.078841926679743
long,train,2021-08-17 08:00:00+00:00,2021-08-17 16:00:00+00:00,74.008,65.507584971801,sl,3,-0.11485805626687658,-0.11585805626687658,-11.585805626687657
long,train,2021-08-18 00:00:00+00:00,2021-08-18 08:00:00+00:00,64.166,76.01249545828533,tp,3,0.18462262659796985,0.18362262659796985,18.362262659796986
long,train,2021-08-18 20:00:00+00:00,2021-08-22 20:00:00+00:00,73.39,72.768,timeout,25,-0.008475269110233,-0.009475269110233001,-0.9475269110233001
long,train,2021-08-23 04:00:00+00:00,2021-08-25 08:00:00+00:00,75.418,68.21114656491832,sl,14,-0.09555879809968022,-0.09655879809968022,-9.655879809968022
long,train,2021-08-25 16:00:00+00:00,2021-08-27 00:00:00+00:00,71.256,80.32983073266439,tp,9,0.1273412868062253,0.1263412868062253,12.634128680622531
long,train,2021-08-27 08:00:00+00:00,2021-08-28 12:00:00+00:00,81.912,93.03884631036489,tp,8,0.13583902615446922,0.13483902615446922,13.483902615446922
long,train,2021-08-28 20:00:00+00:00,2021-08-30 12:00:00+00:00,93.92,103.91389667703027,tp,11,0.1064086102750241,0.1054086102750241,10.54086102750241
long,train,2021-08-30 20:00:00+00:00,2021-08-31 08:00:00+00:00,109.632,122.09055052568874,tp,4,0.1136397267740143,0.11263972677401429,11.26397267740143
long,train,2021-08-31 16:00:00+00:00,2021-08-31 20:00:00+00:00,116.499,104.0351732123006,sl,2,-0.1069865560021922,-0.1079865560021922,-10.79865560021922
long,train,2021-09-01 04:00:00+00:00,2021-09-02 16:00:00+00:00,111.215,128.42973098240506,tp,10,0.15478785219983868,0.15378785219983868,15.378785219983868
long,train,2021-09-03 04:00:00+00:00,2021-09-06 16:00:00+00:00,135.351,152.3208129020764,tp,22,0.12537633931095005,0.12437633931095005,12.437633931095004
long,train,2021-09-07 00:00:00+00:00,2021-09-07 04:00:00+00:00,164.213,181.58271103500695,tp,2,0.10577549301825652,0.10477549301825652,10.477549301825652
long,train,2021-09-07 16:00:00+00:00,2021-09-07 16:00:00+00:00,168.744,190.983283033495,tp,1,0.13179302987658828,0.13079302987658828,13.079302987658828
long,train,2021-09-08 00:00:00+00:00,2021-09-08 08:00:00+00:00,173.476,151.34354558097692,sl,3,-0.12758222704594915,-0.12858222704594915,-12.858222704594915
long,train,2021-09-08 16:00:00+00:00,2021-09-09 00:00:00+00:00,166.389,198.35657115074835,tp,3,0.1921255080008194,0.1911255080008194,19.11255080008194
long,train,2021-09-09 08:00:00+00:00,2021-09-10 08:00:00+00:00,207.619,177.7653118047371,sl,7,-0.14379073300258113,-0.14479073300258113,-14.479073300258113
long,train,2021-09-10 16:00:00+00:00,2021-09-14 16:00:00+00:00,179.493,154.106,timeout,25,-0.14143727053422697,-0.14243727053422697,-14.243727053422697
long,train,2021-09-15 00:00:00+00:00,2021-09-17 08:00:00+00:00,158.747,136.488906567611,sl,15,-0.14021111222504373,-0.14121111222504373,-14.121111222504373
long,train,2021-09-18 12:00:00+00:00,2021-09-20 00:00:00+00:00,160.941,143.42636673856225,sl,10,-0.10882642248673582,-0.10982642248673583,-10.982642248673583
long,train,2021-10-01 12:00:00+00:00,2021-10-02 12:00:00+00:00,153.371,168.28701588469676,tp,7,0.09725447369252822,0.09625447369252822,9.625447369252822
long,train,2021-10-02 20:00:00+00:00,2021-10-04 12:00:00+00:00,174.861,162.23303902518782,sl,11,-0.07221713803999845,-0.07321713803999845,-7.321713803999845
long,train,2021-10-04 20:00:00+00:00,2021-10-06 04:00:00+00:00,169.29,156.09454805789775,sl,9,-0.07794584406699887,-0.07894584406699887,-7.894584406699886
long,train,2021-10-06 12:00:00+00:00,2021-10-08 12:00:00+00:00,152.912,168.0222416513461,tp,13,0.09881658503810091,0.09781658503810091,9.78165850381009
long,train,2021-10-08 20:00:00+00:00,2021-10-10 20:00:00+00:00,163.608,150.80314834341195,sl,13,-0.07826543724382705,-0.07926543724382705,-7.926543724382705
long,train,2021-10-14 12:00:00+00:00,2021-10-17 08:00:00+00:00,153.988,167.1884229337242,tp,18,0.0857237118069214,0.0847237118069214,8.47237118069214
long,train,2021-10-17 16:00:00+00:00,2021-10-20 16:00:00+00:00,160.724,174.40311884475335,tp,19,0.08510937286748316,0.08410937286748316,8.410937286748316
long,train,2021-10-21 00:00:00+00:00,2021-10-21 00:00:00+00:00,176.686,188.44420728918254,tp,1,0.06654860763831054,0.06554860763831054,6.554860763831054
long,train,2021-10-21 08:00:00+00:00,2021-10-22 00:00:00+00:00,186.97,200.9167578156727,tp,5,0.07459355947837994,0.07359355947837994,7.359355947837994
long,train,2021-10-22 08:00:00+00:00,2021-10-24 12:00:00+00:00,203.208,188.23408300107636,sl,14,-0.07368763532402091,-0.07468763532402091,-7.468763532402091
long,train,2021-10-24 20:00:00+00:00,2021-10-25 04:00:00+00:00,191.591,209.9128888326068,tp,3,0.09563021662085791,0.09463021662085791,9.46302166208579
long,train,2021-10-25 12:00:00+00:00,2021-10-27 08:00:00+00:00,207.899,192.31588984906116,sl,12,-0.07495519531570058,-0.07595519531570058,-7.595519531570058
long,train,2021-10-27 16:00:00+00:00,2021-10-31 16:00:00+00:00,188.976,195.996,timeout,25,0.037147574295148644,0.03614757429514864,3.6147574295148646
long,train,2021-11-01 00:00:00+00:00,2021-11-02 20:00:00+00:00,202.528,220.5724725637921,tp,12,0.08909618701508983,0.08809618701508982,8.809618701508983
long,train,2021-11-03 04:00:00+00:00,2021-11-04 20:00:00+00:00,229.6,249.110756346694,tp,11,0.08497716178873692,0.08397716178873692,8.397716178873692
long,train,2021-11-05 04:00:00+00:00,2021-11-09 04:00:00+00:00,242.943,246.566,timeout,25,0.01491296312303705,0.01391296312303705,1.391296312303705
long,train,2021-11-09 12:00:00+00:00,2021-11-10 20:00:00+00:00,245.929,232.40780479085862,sl,9,-0.05498007640067411,-0.05598007640067411,-5.598007640067411
long,train,2021-11-11 04:00:00+00:00,2021-11-12 12:00:00+00:00,239.029,222.78537611011052,sl,9,-0.06795670772119482,-0.06895670772119482,-6.895670772119482
long,train,2021-11-12 20:00:00+00:00,2021-11-16 20:00:00+00:00,228.816,219.114,timeout,25,-0.04240088105726871,-0.04340088105726871,-4.340088105726871
long,train,2021-11-30 16:00:00+00:00,2021-12-01 16:00:00+00:00,212.95,230.44157650792081,tp,7,0.08213935904165685,0.08113935904165685,8.113935904165686
long,train,2021-12-02 04:00:00+00:00,2021-12-03 20:00:00+00:00,224.238,207.42564912379657,sl,11,-0.07497547639652255,-0.07597547639652255,-7.597547639652255
long,train,2021-12-19 04:00:00+00:00,2021-12-20 08:00:00+00:00,184.554,172.67916309558723,sl,8,-0.06434342742185363,-0.06534342742185363,-6.5343427421853635
long,train,2021-12-21 08:00:00+00:00,2021-12-23 16:00:00+00:00,178.971,193.1863634959529,tp,15,0.07942830679804486,0.07842830679804486,7.842830679804486
long,train,2021-12-24 00:00:00+00:00,2021-12-27 16:00:00+00:00,190.134,204.10620686803455,tp,23,0.07348610384273492,0.07248610384273492,7.248610384273492
long,train,2021-12-28 00:00:00+00:00,2021-12-28 04:00:00+00:00,195.702,186.0374182500478,sl,2,-0.04938417466327473,-0.05038417466327473,-5.0384174663274734
long,train,2021-12-28 12:00:00+00:00,2021-12-28 16:00:00+00:00,192.153,181.77830972862793,sl,2,-0.053991820431489805,-0.054991820431489806,-5.499182043148981
long,train,2022-02-02 00:00:00+00:00,2022-02-02 20:00:00+00:00,110.043,101.39591811493798,sl,6,-0.07857911802715321,-0.07957911802715321,-7.957911802715321
long,train,2022-02-04 08:00:00+00:00,2022-02-05 04:00:00+00:00,104.935,117.4380977043375,tp,6,0.11915088106291982,0.11815088106291982,11.815088106291983
long,train,2022-02-05 12:00:00+00:00,2022-02-09 12:00:00+00:00,114.977,113.172,timeout,25,-0.01569879193229956,-0.01669879193229956,-1.6698791932299561
long,train,2022-02-09 20:00:00+00:00,2022-02-10 12:00:00+00:00,115.1,107.34362778925843,sl,5,-0.06738811651382763,-0.06838811651382763,-6.8388116513827635
long,train,2022-02-11 00:00:00+00:00,2022-02-11 20:00:00+00:00,106.18,98.18511014930266,sl,6,-0.07529562865603077,-0.07629562865603078,-7.629562865603077
long,train,2022-02-16 00:00:00+00:00,2022-02-16 12:00:00+00:00,105.522,98.63857786098335,sl,4,-0.06523210457550709,-0.06623210457550709,-6.623210457550709
long,train,2022-02-28 16:00:00+00:00,2022-03-02 08:00:00+00:00,95.587,106.04013073673144,tp,11,0.10935724247786245,0.10835724247786245,10.835724247786246
long,train,2022-03-02 16:00:00+00:00,2022-03-04 00:00:00+00:00,101.639,92.64088090475033,sl,9,-0.0885301812812962,-0.0895301812812962,-8.953018128129619
long,train,2022-03-04 12:00:00+00:00,2022-03-06 16:00:00+00:00,93.141,85.53685595538109,sl,14,-0.08164121111668245,-0.08264121111668245,-8.264121111668246
long,train,2022-03-17 00:00:00+00:00,2022-03-19 12:00:00+00:00,87.795,93.64705625932869,tp,16,0.06665591729971743,0.06565591729971743,6.565591729971743
long,train,2022-03-20 00:00:00+00:00,2022-03-21 00:00:00+00:00,92.328,87.2884826108947,sl,7,-0.05458276350733579,-0.05558276350733579,-5.558276350733579
long,train,2022-03-21 08:00:00+00:00,2022-03-23 12:00:00+00:00,89.638,95.36207620185567,tp,14,0.06385769653334152,0.06285769653334151,6.285769653334151
long,train,2022-03-23 20:00:00+00:00,2022-03-24 08:00:00+00:00,92.795,99.13531775013988,tp,4,0.06832607091050029,0.06732607091050029,6.732607091050029
long,train,2022-03-24 16:00:00+00:00,2022-03-28 04:00:00+00:00,101.605,108.7178227838525,tp,22,0.07000465315538107,0.06900465315538107,6.900465315538106
long,train,2022-03-28 12:00:00+00:00,2022-03-30 12:00:00+00:00,110.041,117.57786821819586,tp,13,0.0684914551684905,0.0674914551684905,6.74914551684905
long,train,2022-03-30 20:00:00+00:00,2022-04-01 12:00:00+00:00,121.17,132.55442861646452,tp,11,0.09395418516517717,0.09295418516517717,9.295418516517717
long,train,2022-04-01 20:00:00+00:00,2022-04-04 16:00:00+00:00,137.383,126.7340312226781,sl,18,-0.07751300217146162,-0.07851300217146162,-7.8513002171461626
long,train,2022-04-05 00:00:00+00:00,2022-04-06 00:00:00+00:00,132.151,122.46134489896458,sl,7,-0.07332260142590996,-0.07432260142590996,-7.432260142590996
long,train,2022-04-06 08:00:00+00:00,2022-04-06 12:00:00+00:00,125.527,115.7140970057126,sl,2,-0.07817364387173595,-0.07917364387173595,-7.917364387173595
long,train,2022-04-06 20:00:00+00:00,2022-04-08 20:00:00+00:00,118.842,108.15837176441349,sl,13,-0.08989774857025724,-0.09089774857025724,-9.089774857025725
long,train,2022-06-20 12:00:00+00:00,2022-06-24 12:00:00+00:00,36.34,40.09,timeout,25,0.10319207484865162,0.10219207484865162,10.219207484865162
long,train,2022-06-24 20:00:00+00:00,2022-06-28 00:00:00+00:00,41.14,37.27435314918949,sl,20,-0.09396321951411069,-0.09496321951411069,-9.496321951411069
long,train,2022-06-28 08:00:00+00:00,2022-06-28 20:00:00+00:00,38.62,35.36921055717457,sl,4,-0.08417372974690392,-0.08517372974690392,-8.517372974690392
long,train,2022-06-29 04:00:00+00:00,2022-06-30 04:00:00+00:00,35.45,32.178453909466704,sl,7,-0.0922862084776671,-0.0932862084776671,-9.32862084776671
long,train,2022-07-05 00:00:00+00:00,2022-07-05 08:00:00+00:00,36.71,34.20398460032353,sl,3,-0.06826519748505779,-0.06926519748505779,-6.926519748505779
long,train,2022-07-06 20:00:00+00:00,2022-07-08 00:00:00+00:00,36.27,39.50349045770457,tp,8,0.08915055025377912,0.08815055025377912,8.815055025377912
long,train,2022-07-08 08:00:00+00:00,2022-07-11 04:00:00+00:00,37.5,34.9442096493496,sl,18,-0.06815440935067726,-0.06915440935067727,-6.915440935067727
long,train,2022-07-14 16:00:00+00:00,2022-07-15 08:00:00+00:00,35.17,37.923946841172175,tp,5,0.0783038624160413,0.0773038624160413,7.73038624160413
long,train,2022-07-15 16:00:00+00:00,2022-07-17 04:00:00+00:00,37.69,40.589702508028566,tp,10,0.07693559320850539,0.07593559320850539,7.593559320850539
long,train,2022-07-17 12:00:00+00:00,2022-07-18 20:00:00+00:00,39.78,42.897345398684806,tp,9,0.07836464048981409,0.07736464048981409,7.736464048981409
long,train,2022-07-19 04:00:00+00:00,2022-07-23 04:00:00+00:00,43.0,41.34,timeout,25,-0.03860465116279062,-0.03960465116279062,-3.960465116279062
long,train,2022-07-23 12:00:00+00:00,2022-07-26 00:00:00+00:00,39.6,36.20318983583061,sl,16,-0.08577803444872209,-0.08677803444872209,-8.67780344487221
long,train,2022-07-27 20:00:00+00:00,2022-07-28 20:00:00+00:00,39.38,43.135151518503825,tp,7,0.09535681865169686,0.09435681865169686,9.435681865169686
long,train,2022-07-29 08:00:00+00:00,2022-08-02 04:00:00+00:00,43.05,39.955507187194065,sl,24,-0.07188136615112502,-0.07288136615112502,-7.288136615112502
long,train,2022-08-05 12:00:00+00:00,2022-08-09 12:00:00+00:00,41.0,40.14,timeout,25,-0.02097560975609755,-0.02197560975609755,-2.197560975609755
long,train,2022-08-10 16:00:00+00:00,2022-08-11 04:00:00+00:00,42.08,44.78223369140073,tp,4,0.0642165801188386,0.0632165801188386,6.32165801188386
long,train,2022-08-11 12:00:00+00:00,2022-08-13 00:00:00+00:00,44.07,46.954773046537994,tp,10,0.0654588846502835,0.0644588846502835,6.44588846502835
long,train,2022-08-13 08:00:00+00:00,2022-08-14 16:00:00+00:00,47.17,44.47710895240329,sl,9,-0.05708906185280284,-0.05808906185280284,-5.808906185280284
long,train,2022-08-15 00:00:00+00:00,2022-08-17 12:00:00+00:00,44.86,42.28646867497306,sl,16,-0.057368063420127985,-0.058368063420127986,-5.836806342012799
long,train,2022-09-08 00:00:00+00:00,2022-09-09 00:00:00+00:00,32.7,34.80559839464477,tp,7,0.06439138821543625,0.06339138821543625,6.339138821543624
long,train,2022-09-09 20:00:00+00:00,2022-09-12 08:00:00+00:00,34.79,36.99145078646432,tp,16,0.06327826347985975,0.06227826347985975,6.227826347985975
long,train,2022-09-12 16:00:00+00:00,2022-09-13 12:00:00+00:00,37.13,34.98535475219895,sl,6,-0.057760442978751714,-0.058760442978751715,-5.876044297875172
long,train,2022-09-13 20:00:00+00:00,2022-09-17 20:00:00+00:00,34.08,33.7,timeout,25,-0.011150234741783905,-0.012150234741783904,-1.2150234741783905
long,train,2022-09-24 00:00:00+00:00,2022-09-28 00:00:00+00:00,33.67,32.35,timeout,25,-0.03920403920403921,-0.04020403920403921,-4.020403920403921
long,train,2022-09-28 20:00:00+00:00,2022-10-02 20:00:00+00:00,33.59,32.05,timeout,25,-0.04584697826734165,-0.04684697826734165,-4.6846978267341655
long,train,2022-10-03 20:00:00+00:00,2022-10-07 20:00:00+00:00,32.95,32.98,timeout,25,0.0009104704097115031,-8.952959028849688e-05,-0.008952959028849688
long,train,2022-10-25 20:00:00+00:00,2022-10-29 08:00:00+00:00,31.51,33.433209761021935,tp,22,0.0610349019683254,0.0600349019683254,6.00349019683254
long,train,2022-10-29 20:00:00+00:00,2022-11-02 08:00:00+00:00,32.94,31.311362056121894,sl,22,-0.04944256053060425,-0.05044256053060425,-5.044256053060425
long,train,2022-11-02 16:00:00+00:00,2022-11-04 12:00:00+00:00,31.32,33.11905112424284,tp,12,0.05744096820698713,0.05644096820698713,5.644096820698713
long,train,2022-11-04 20:00:00+00:00,2022-11-05 12:00:00+00:00,33.51,35.76779698332379,tp,5,0.06737681239402546,0.06637681239402546,6.6376812394025455
long,train,2022-11-05 20:00:00+00:00,2022-11-06 16:00:00+00:00,37.07,34.54740000985132,sl,6,-0.06804963555836734,-0.06904963555836734,-6.9049635558367335
long,train,2022-11-07 00:00:00+00:00,2022-11-07 20:00:00+00:00,32.61,30.110469240771618,sl,6,-0.07664921064791112,-0.07764921064791112,-7.764921064791112
long,train,2022-11-25 20:00:00+00:00,2022-11-28 00:00:00+00:00,14.23,13.09699518899319,sl,14,-0.0796208581171335,-0.0806208581171335,-8.06208581171335
long,train,2022-11-30 08:00:00+00:00,2022-12-04 08:00:00+00:00,13.7,13.37,timeout,25,-0.02408759124087592,-0.02508759124087592,-2.5087591240875917
long,train,2022-12-04 16:00:00+00:00,2022-12-05 00:00:00+00:00,13.48,14.108192470051,tp,3,0.04660181528568244,0.04560181528568244,4.560181528568244
long,train,2022-12-05 08:00:00+00:00,2022-12-07 08:00:00+00:00,13.94,13.429603703933223,sl,13,-0.03661379455285341,-0.03761379455285341,-3.761379455285341
long,train,2022-12-07 16:00:00+00:00,2022-12-11 16:00:00+00:00,13.68,13.72,timeout,25,0.002923976608187202,0.001923976608187202,0.1923976608187202
long,train,2022-12-13 16:00:00+00:00,2022-12-14 12:00:00+00:00,13.73,14.463646301513846,tp,6,0.05343381657056411,0.05243381657056411,5.243381657056411
long,train,2022-12-14 20:00:00+00:00,2022-12-16 08:00:00+00:00,14.29,13.650230668947094,sl,10,-0.04477042204708925,-0.045770422047089254,-4.577042204708926
long,train,2023-01-02 20:00:00+00:00,2023-01-03 12:00:00+00:00,11.262,12.372264315394357,tp,5,0.09858500403075446,0.09758500403075446,9.758500403075447
long,train,2023-01-03 20:00:00+00:00,2023-01-04 04:00:00+00:00,12.949,14.39260976923735,tp,3,0.11148426667984784,0.11048426667984784,11.048426667984785
long,train,2023-01-04 12:00:00+00:00,2023-01-08 12:00:00+00:00,13.689,13.874,timeout,25,0.01351450069398791,0.01251450069398791,1.251450069398791
long,train,2023-01-08 20:00:00+00:00,2023-01-08 20:00:00+00:00,13.55,14.545994174357793,tp,1,0.07350510511865622,0.07250510511865622,7.250510511865622
long,train,2023-01-09 04:00:00+00:00,2023-01-13 04:00:00+00:00,16.05,16.899,timeout,25,0.05289719626168225,0.05189719626168225,5.189719626168225
long,train,2023-01-13 12:00:00+00:00,2023-01-13 20:00:00+00:00,16.671,18.256802753371893,tp,3,0.09512343310970511,0.09412343310970511,9.412343310970511
long,train,2023-01-14 04:00:00+00:00,2023-01-14 04:00:00+00:00,21.951,24.398819071195717,tp,1,0.11151287281653303,0.11051287281653303,11.051287281653304
long,train,2023-01-14 12:00:00+00:00,2023-01-18 12:00:00+00:00,22.374,21.777,timeout,25,-0.026682756771252248,-0.02768275677125225,-2.768275677125225
long,train,2023-01-18 20:00:00+00:00,2023-01-20 20:00:00+00:00,21.775,24.85117973740464,tp,13,0.1412711704893061,0.1402711704893061,14.02711704893061
long,train,2023-01-21 04:00:00+00:00,2023-01-24 20:00:00+00:00,24.837,22.609498680818668,sl,23,-0.08968479764791772,-0.09068479764791772,-9.068479764791771
long,train,2023-01-25 04:00:00+00:00,2023-01-25 20:00:00+00:00,22.919,25.22489049857848,tp,5,0.10061043233031448,0.09961043233031448,9.961043233031448
long,train,2023-01-26 04:00:00+00:00,2023-01-30 04:00:00+00:00,24.791,25.384,timeout,25,0.02391997095720221,0.022919970957202208,2.291997095720221
long,train,2023-01-30 12:00:00+00:00,2023-02-02 16:00:00+00:00,24.011,26.126271749098596,tp,20,0.0880959455707216,0.0870959455707216,8.70959455707216
long,train,2023-02-03 00:00:00+00:00,2023-02-06 20:00:00+00:00,24.323,22.614775401211,sl,24,-0.07023083496234026,-0.07123083496234026,-7.123083496234026
long,train,2023-02-15 20:00:00+00:00,2023-02-19 12:00:00+00:00,23.007,24.60766375600876,tp,23,0.06957290198673259,0.06857290198673259,6.857290198673259
long,train,2023-02-19 20:00:00+00:00,2023-02-20 04:00:00+00:00,24.632,26.37075426623852,tp,3,0.07058924432601978,0.06958924432601978,6.958924432601978
long,train,2023-02-20 12:00:00+00:00,2023-02-21 20:00:00+00:00,26.377,24.623480880923815,sl,9,-0.06647909614725649,-0.06747909614725649,-6.747909614725649
long,train,2023-02-22 08:00:00+00:00,2023-02-25 16:00:00+00:00,23.818,22.02314170094321,sl,21,-0.07535722138957054,-0.07635722138957055,-7.635722138957054
long,train,2023-02-26 16:00:00+00:00,2023-03-01 00:00:00+00:00,22.939,21.66487803188786,sl,15,-0.05554391944339948,-0.05654391944339948,-5.654391944339948
long,train,2023-03-13 16:00:00+00:00,2023-03-15 16:00:00+00:00,20.726,18.920312060828365,sl,13,-0.08712187296977872,-0.08812187296977872,-8.812187296977871
long,train,2023-03-17 12:00:00+00:00,2023-03-18 00:00:00+00:00,20.668,22.604598990709317,tp,4,0.09370035759189653,0.09270035759189653,9.270035759189653
long,train,2023-03-18 08:00:00+00:00,2023-03-22 08:00:00+00:00,22.185,22.49,timeout,25,0.013748027946810897,0.012748027946810896,1.2748027946810896
long,train,2023-03-22 16:00:00+00:00,2023-03-22 16:00:00+00:00,22.635,20.995136310930828,sl,1,-0.0724481417746487,-0.0734481417746487,-7.34481417746487
long,train,2023-03-23 00:00:00+00:00,2023-03-27 00:00:00+00:00,21.412,20.712,timeout,25,-0.032691948440127,-0.033691948440127004,-3.3691948440127004
long,train,2023-03-29 08:00:00+00:00,2023-03-31 04:00:00+00:00,21.206,20.11770139849636,sl,12,-0.05132031507609346,-0.052320315076093464,-5.232031507609347
long,train,2023-04-01 00:00:00+00:00,2023-04-03 00:00:00+00:00,21.166,20.188199581089748,sl,13,-0.046196750397347275,-0.047196750397347276,-4.719675039734728
long,train,2023-04-10 20:00:00+00:00,2023-04-11 04:00:00+00:00,20.696,21.43590911130828,tp,3,0.03575130997817351,0.03475130997817351,3.475130997817351
long,train,2023-04-11 12:00:00+00:00,2023-04-11 12:00:00+00:00,22.221,23.219749977303096,tp,1,0.044946221020795436,0.043946221020795435,4.394622102079544
long,train,2023-04-11 20:00:00+00:00,2023-04-12 00:00:00+00:00,23.432,22.472464301370515,sl,2,-0.040949799361108055,-0.041949799361108056,-4.194979936110806
long,train,2023-04-12 08:00:00+00:00,2023-04-13 12:00:00+00:00,23.693,25.24069858322202,tp,8,0.06532303141105046,0.06432303141105046,6.432303141105046
long,train,2023-04-14 00:00:00+00:00,2023-04-18 00:00:00+00:00,24.425,24.42,timeout,25,-0.00020470829068573203,-0.001204708290685732,-0.1204708290685732
long,train,2023-04-18 08:00:00+00:00,2023-04-19 08:00:00+00:00,25.087,23.71977613599712,sl,7,-0.054499297006532506,-0.05549929700653251,-5.549929700653251
long,train,2023-04-20 08:00:00+00:00,2023-04-21 16:00:00+00:00,22.604,21.12021785529769,sl,9,-0.06564245906486951,-0.06664245906486951,-6.6642459064869515
long,train,2023-04-28 20:00:00+00:00,2023-05-01 00:00:00+00:00,23.321,22.04234998732791,sl,14,-0.05482826691274352,-0.05582826691274352,-5.582826691274352
long,train,2023-05-05 16:00:00+00:00,2023-05-08 00:00:00+00:00,22.32,21.43261759232053,sl,15,-0.03975727632972541,-0.04075727632972541,-4.075727632972541
long,train,2023-05-28 00:00:00+00:00,2023-05-28 20:00:00+00:00,20.422,21.123668247564478,tp,6,0.03435844910216811,0.033358449102168106,3.3358449102168106
long,train,2023-05-29 20:00:00+00:00,2023-05-30 08:00:00+00:00,20.507,21.263042725800926,tp,4,0.036867544048418785,0.035867544048418784,3.5867544048418782
long,train,2023-05-30 20:00:00+00:00,2023-05-31 04:00:00+00:00,21.361,20.6150038819624,sl,3,-0.034923276908272044,-0.035923276908272045,-3.5923276908272044
long,train,2023-06-01 04:00:00+00:00,2023-06-04 04:00:00+00:00,20.698,21.629089241433917,tp,19,0.04498450291979498,0.04398450291979498,4.398450291979498
long,train,2023-06-04 12:00:00+00:00,2023-06-05 12:00:00+00:00,21.7,21.08040356611555,sl,7,-0.02855283105458294,-0.02955283105458294,-2.955283105458294
long,train,2023-06-21 20:00:00+00:00,2023-06-23 12:00:00+00:00,17.142,16.385448941434866,sl,11,-0.04413435180055613,-0.04513435180055613,-4.513435180055613
long,train,2023-06-23 20:00:00+00:00,2023-06-26 16:00:00+00:00,17.129,16.279901107211103,sl,18,-0.049570838507145686,-0.050570838507145686,-5.057083850714569
long,train,2023-06-27 00:00:00+00:00,2023-06-29 08:00:00+00:00,16.273,17.37112505454969,tp,15,0.0674814142782333,0.0664814142782333,6.64814142782333
long,train,2023-06-29 16:00:00+00:00,2023-06-30 12:00:00+00:00,17.677,19.151102733488564,tp,6,0.08339100149847624,0.08239100149847624,8.239100149847625
long,train,2023-06-30 20:00:00+00:00,2023-07-04 20:00:00+00:00,19.092,19.142,timeout,25,0.0026188979677352143,0.0016188979677352142,0.16188979677352142
long,train,2023-07-05 04:00:00+00:00,2023-07-05 08:00:00+00:00,19.293,18.335832635474123,sl,2,-0.049612158012018674,-0.050612158012018675,-5.061215801201867
long,train,2023-07-05 16:00:00+00:00,2023-07-06 08:00:00+00:00,18.581,19.822636616191396,tp,5,0.06682291675321007,0.06582291675321007,6.582291675321008
long,train,2023-07-06 16:00:00+00:00,2023-07-07 12:00:00+00:00,19.7,21.111505649718943,tp,6,0.07165003298065703,0.07065003298065703,7.065003298065703
long,train,2023-07-07 20:00:00+00:00,2023-07-11 20:00:00+00:00,21.425,22.059,timeout,25,0.029591598599766643,0.028591598599766642,2.859159859976664
long,train,2023-07-12 04:00:00+00:00,2023-07-13 12:00:00+00:00,21.909,23.294517861577116,tp,9,0.06323966687558161,0.062239666875581606,6.2239666875581605
long,train,2023-07-13 20:00:00+00:00,2023-07-14 00:00:00+00:00,26.209,28.484038269706296,tp,2,0.08680370367836608,0.08580370367836608,8.580370367836608
long,train,2023-07-14 08:00:00+00:00,2023-07-14 16:00:00+00:00,28.719,26.09600974386451,sl,3,-0.09133292441016369,-0.09233292441016369,-9.233292441016369
long,train,2023-07-15 00:00:00+00:00,2023-07-19 00:00:00+00:00,26.673,26.397,timeout,25,-0.01034754245866606,-0.011347542458666059,-1.1347542458666058
long,train,2023-07-19 08:00:00+00:00,2023-07-22 20:00:00+00:00,26.208,24.147407899515105,sl,22,-0.07862454595867266,-0.07962454595867266,-7.962454595867266
long,train,2023-07-23 04:00:00+00:00,2023-07-24 08:00:00+00:00,24.713,23.323320381658448,sl,8,-0.056232736549247486,-0.05723273654924749,-5.723273654924749
long,train,2023-07-26 20:00:00+00:00,2023-07-30 16:00:00+00:00,25.375,24.107735343510353,sl,24,-0.04994146429515852,-0.05094146429515852,-5.0941464295158525
long,train,2023-08-08 20:00:00+00:00,2023-08-12 20:00:00+00:00,24.584,24.912,timeout,25,0.013342011064106712,0.012342011064106713,1.2342011064106713
long,train,2023-08-13 04:00:00+00:00,2023-08-13 20:00:00+00:00,24.893,24.237022663711464,sl,5,-0.026351879495783416,-0.027351879495783417,-2.7351879495783415
long,train,2023-08-14 04:00:00+00:00,2023-08-14 16:00:00+00:00,24.394,25.201393807963985,tp,4,0.0330980490269733,0.0320980490269733,3.2098049026973303
long,train,2023-08-15 00:00:00+00:00,2023-08-15 16:00:00+00:00,25.187,24.468380482625737,sl,5,-0.028531366076716743,-0.029531366076716744,-2.9531366076716745
long,train,2023-09-18 04:00:00+00:00,2023-09-18 12:00:00+00:00,19.22,20.11837447167653,tp,3,0.04674164784997552,0.04574164784997552,4.574164784997552
long,train,2023-09-18 20:00:00+00:00,2023-09-22 20:00:00+00:00,19.784,19.43,timeout,25,-0.017893247068338013,-0.018893247068338014,-1.8893247068338015
long,train,2023-09-23 04:00:00+00:00,2023-09-27 04:00:00+00:00,19.381,18.948,timeout,25,-0.02234146844848046,-0.02334146844848046,-2.3341468448480462
long,train,2023-09-27 12:00:00+00:00,2023-09-27 12:00:00+00:00,19.396,18.857704461314952,sl,1,-0.02775291496623264,-0.02875291496623264,-2.875291496623264
long,train,2023-09-28 04:00:00+00:00,2023-09-28 20:00:00+00:00,19.208,19.95751240630153,tp,5,0.03902084580911758,0.038020845809117576,3.8020845809117576
long,train,2023-09-29 04:00:00+00:00,2023-09-30 12:00:00+00:00,20.203,20.990103515521792,tp,9,0.038959734471206875,0.037959734471206874,3.795973447120687
long,train,2023-09-30 20:00:00+00:00,2023-10-01 08:00:00+00:00,21.395,22.330531880270907,tp,4,0.043726659512545354,0.042726659512545354,4.2726659512545355
long,train,2023-10-01 16:00:00+00:00,2023-10-01 20:00:00+00:00,23.089,24.510539710800234,tp,2,0.06156783363507453,0.06056783363507453,6.056783363507453
long,train,2023-10-02 04:00:00+00:00,2023-10-04 12:00:00+00:00,24.1,22.743123106522415,sl,15,-0.05630194578745173,-0.05730194578745173,-5.730194578745173
long,train,2023-10-04 20:00:00+00:00,2023-10-08 20:00:00+00:00,22.923,23.228,timeout,25,0.013305413776556441,0.012305413776556442,1.2305413776556442
long,train,2023-10-09 04:00:00+00:00,2023-10-09 08:00:00+00:00,23.247,22.301651855357715,sl,2,-0.04066538239954768,-0.04166538239954768,-4.166538239954768
long,train,2023-10-09 16:00:00+00:00,2023-10-12 08:00:00+00:00,22.208,21.205940279235023,sl,17,-0.04512156523617506,-0.04612156523617506,-4.612156523617506
long,train,2023-10-16 08:00:00+00:00,2023-10-16 12:00:00+00:00,22.815,23.65516063226415,tp,2,0.036824923614470643,0.03582492361447064,3.582492361447064
long,train,2023-10-16 20:00:00+00:00,2023-10-19 16:00:00+00:00,23.859,25.13666049893744,tp,18,0.05355046309306508,0.05255046309306508,5.2550463093065085
long,train,2023-10-20 00:00:00+00:00,2023-10-20 04:00:00+00:00,24.924,26.290361865525806,tp,2,0.054821130858843166,0.053821130858843165,5.382113085884317
long,train,2023-10-20 12:00:00+00:00,2023-10-21 04:00:00+00:00,26.882,28.541366624839725,tp,5,0.06172779647495437,0.06072779647495437,6.0727796474954365
long,train,2023-10-21 12:00:00+00:00,2023-10-23 20:00:00+00:00,29.52,31.63537816992654,tp,15,0.07165915209778252,0.07065915209778252,7.065915209778252
long,train,2023-10-24 04:00:00+00:00,2023-10-28 04:00:00+00:00,31.404,32.287,timeout,25,0.028117437269137662,0.02711743726913766,2.7117437269137663
long,train,2023-10-28 12:00:00+00:00,2023-10-30 08:00:00+00:00,32.198,34.930324781942915,tp,12,0.0848600777049169,0.0838600777049169,8.38600777049169
long,train,2023-10-30 16:00:00+00:00,2023-10-31 20:00:00+00:00,35.039,37.39920398773043,tp,8,0.06735934209681867,0.06635934209681867,6.635934209681866
long,train,2023-11-01 04:00:00+00:00,2023-11-01 12:00:00+00:00,38.291,40.9464477709891,tp,3,0.06934913611525179,0.06834913611525179,6.834913611525178
long,train,2023-11-01 20:00:00+00:00,2023-11-02 16:00:00+00:00,42.009,38.66624398610538,sl,6,-0.07957237767846466,-0.08057237767846466,-8.057237767846466
long,train,2023-11-03 00:00:00+00:00,2023-11-07 00:00:00+00:00,40.243,40.825,timeout,25,0.014462142484407244,0.013462142484407243,1.3462142484407242
long,train,2023-11-07 08:00:00+00:00,2023-11-09 08:00:00+00:00,41.571,45.1886878268505,tp,13,0.08702431567319766,0.08602431567319765,8.602431567319766
long,train,2023-11-09 16:00:00+00:00,2023-11-09 16:00:00+00:00,46.408,43.107309379051586,sl,1,-0.07112331108749387,-0.07212331108749387,-7.212331108749387
long,train,2023-11-10 00:00:00+00:00,2023-11-10 08:00:00+00:00,45.306,50.36145098813955,tp,3,0.11158458014699058,0.11058458014699057,11.058458014699058
long,train,2023-11-10 16:00:00+00:00,2023-11-10 20:00:00+00:00,50.87,56.74961033611656,tp,2,0.11558109565788409,0.11458109565788409,11.458109565788408
long,train,2023-11-11 04:00:00+00:00,2023-11-11 12:00:00+00:00,55.82,62.53241031648983,tp,3,0.12025099097975332,0.11925099097975332,11.925099097975332
long,train,2023-11-11 20:00:00+00:00,2023-11-13 16:00:00+00:00,60.5,54.16060233133557,sl,12,-0.10478343253990798,-0.10578343253990798,-10.578343253990798
long,train,2023-11-14 00:00:00+00:00,2023-11-15 08:00:00+00:00,51.62,60.49858889846679,tp,9,0.17199901004391313,0.17099901004391313,17.099901004391313
long,train,2023-11-15 16:00:00+00:00,2023-11-17 12:00:00+00:00,62.45,55.36325212547101,sl,12,-0.11347874899165725,-0.11447874899165725,-11.447874899165726
long,train,2023-11-17 20:00:00+00:00,2023-11-21 20:00:00+00:00,57.58,51.69,timeout,25,-0.10229246266064607,-0.10329246266064607,-10.329246266064606
long,train,2023-11-22 04:00:00+00:00,2023-11-26 04:00:00+00:00,54.35,58.4,timeout,25,0.07451701931922718,0.07351701931922718,7.351701931922718
long,train,2023-11-28 20:00:00+00:00,2023-12-02 04:00:00+00:00,58.04,61.91647627219863,tp,21,0.06678973590969384,0.06578973590969384,6.578973590969383
long,train,2023-12-02 12:00:00+00:00,2023-12-05 04:00:00+00:00,62.15,59.12254595012266,sl,17,-0.04871205229086632,-0.049712052290866324,-4.971205229086633
long,train,2023-12-05 12:00:00+00:00,2023-12-06 00:00:00+00:00,60.15,64.39954088247482,tp,4,0.07064905872776102,0.06964905872776102,6.964905872776102
long,train,2023-12-06 08:00:00+00:00,2023-12-07 20:00:00+00:00,63.37,68.03451149981541,tp,10,0.07360756666901391,0.07260756666901391,7.260756666901392
long,train,2023-12-08 04:00:00+00:00,2023-12-11 00:00:00+00:00,71.47,66.38384127954326,sl,18,-0.07116494641747219,-0.07216494641747219,-7.216494641747219
long,train,2023-12-11 08:00:00+00:00,2023-12-15 04:00:00+00:00,68.5,76.53303972201101,tp,24,0.11727065287607316,0.11627065287607316,11.627065287607316
long,train,2023-12-15 12:00:00+00:00,2023-12-15 20:00:00+00:00,79.14,73.29781628257881,sl,3,-0.07382087082917858,-0.07482087082917858,-7.482087082917858
long,train,2023-12-16 04:00:00+00:00,2023-12-18 08:00:00+00:00,74.22,67.7685238142111,sl,14,-0.08692368884113319,-0.08792368884113319,-8.79236888411332
long,train,2023-12-18 16:00:00+00:00,2023-12-20 08:00:00+00:00,70.77,77.60984298909787,tp,11,0.09664890474915748,0.09564890474915748,9.564890474915748
long,train,2023-12-20 16:00:00+00:00,2023-12-21 08:00:00+00:00,80.74,87.57329863465633,tp,5,0.08463337422165383,0.08363337422165383,8.363337422165383
long,train,2023-12-21 16:00:00+00:00,2023-12-21 16:00:00+00:00,87.5,95.23130381134334,tp,1,0.08835775784392386,0.08735775784392386,8.735775784392386
long,train,2023-12-22 00:00:00+00:00,2023-12-23 16:00:00+00:00,93.88,102.69895583733175,tp,11,0.09393860073851466,0.09293860073851466,9.293860073851466
long,train,2023-12-24 00:00:00+00:00,2023-12-25 12:00:00+00:00,107.89,118.87346654932657,tp,10,0.10180245202823769,0.10080245202823769,10.08024520282377
long,train,2023-12-25 20:00:00+00:00,2023-12-26 16:00:00+00:00,121.29,110.00413739304236,sl,6,-0.09304858279295614,-0.09404858279295614,-9.404858279295613
long,train,2023-12-27 00:00:00+00:00,2023-12-28 12:00:00+00:00,112.45,99.84725651855433,sl,10,-0.11207419725607533,-0.11307419725607533,-11.307419725607533
long,train,2023-12-28 20:00:00+00:00,2024-01-01 20:00:00+00:00,101.11,109.93,timeout,25,0.08723172782118492,0.08623172782118492,8.623172782118491
long,train,2024-01-02 04:00:00+00:00,2024-01-03 08:00:00+00:00,111.42,103.95689191750756,sl,8,-0.06698176344006856,-0.06798176344006857,-6.7981763440068566
long,train,2024-01-03 16:00:00+00:00,2024-01-07 00:00:00+00:00,102.09,91.44214230064239,sl,21,-0.1042987334641749,-0.1052987334641749,-10.52987334641749
long,train,2024-01-11 12:00:00+00:00,2024-01-12 16:00:00+00:00,104.44,94.9562765026443,sl,8,-0.0908054720160446,-0.0918054720160446,-9.18054720160446
long,train,2024-01-17 04:00:00+00:00,2024-01-18 16:00:00+00:00,99.97,93.6973406285719,sl,10,-0.0627454173394829,-0.0637454173394829,-6.3745417339482895
long,train,2024-01-27 20:00:00+00:00,2024-01-28 08:00:00+00:00,93.12,99.05879777085693,tp,4,0.06377574925748412,0.06277574925748412,6.277574925748413
long,train,2024-01-28 16:00:00+00:00,2024-01-30 00:00:00+00:00,97.08,103.2018606658215,tp,9,0.06305995741472498,0.062059957414724976,6.205995741472497
long,train,2024-01-30 16:00:00+00:00,2024-01-31 00:00:00+00:00,104.8,99.43888731917468,sl,3,-0.051155655351386595,-0.052155655351386596,-5.215565535138659
long,train,2024-02-01 00:00:00+00:00,2024-02-05 00:00:00+00:00,96.96,96.05,timeout,25,-0.009385313531353101,-0.0103853135313531,-1.03853135313531
long,train,2024-02-05 08:00:00+00:00,2024-02-06 08:00:00+00:00,97.61,93.13934295825679,sl,7,-0.04580121956503646,-0.04680121956503646,-4.680121956503646
long,train,2024-02-06 16:00:00+00:00,2024-02-07 20:00:00+00:00,95.76,101.1761976228811,tp,8,0.05656012555222535,0.05556012555222535,5.5560125552225355
long,train,2024-02-08 04:00:00+00:00,2024-02-09 12:00:00+00:00,101.75,107.01376977067092,tp,9,0.05173238103853483,0.05073238103853483,5.073238103853483
long,train,2024-02-09 20:00:00+00:00,2024-02-10 00:00:00+00:00,105.0,110.62306096253698,tp,2,0.05355296154797126,0.05255296154797126,5.255296154797126
long,train,2024-02-10 08:00:00+00:00,2024-02-12 08:00:00+00:00,108.87,103.909186607961,sl,13,-0.045566394709644534,-0.046566394709644535,-4.656639470964453
long,train,2024-02-12 16:00:00+00:00,2024-02-13 08:00:00+00:00,108.83,115.11647787071267,tp,5,0.05776419985953021,0.05676419985953021,5.6764199859530216
long,train,2024-02-13 16:00:00+00:00,2024-02-14 12:00:00+00:00,110.32,117.2524009394014,tp,6,0.06283902229334123,0.061839022293341234,6.183902229334123
long,train,2024-02-14 20:00:00+00:00,2024-02-16 08:00:00+00:00,116.1,110.54601107238142,sl,10,-0.04783797525941926,-0.04883797525941926,-4.883797525941926
long,train,2024-02-16 16:00:00+00:00,2024-02-20 12:00:00+00:00,109.67,103.89464921767053,sl,24,-0.052661172447610725,-0.053661172447610726,-5.366117244761073
long,train,2024-02-26 20:00:00+00:00,2024-02-28 16:00:00+00:00,109.69,116.12033913995487,tp,12,0.058622838362246944,0.05762283836224694,5.762283836224694
long,train,2024-02-29 00:00:00+00:00,2024-02-29 08:00:00+00:00,119.07,128.79366628667216,tp,3,0.08166344408055909,0.08066344408055909,8.066344408055908
long,train,2024-02-29 16:00:00+00:00,2024-02-29 20:00:00+00:00,132.37,123.08756231125274,sl,2,-0.07012493532331544,-0.07112493532331544,-7.112493532331545
long,train,2024-03-01 04:00:00+00:00,2024-03-05 04:00:00+00:00,133.96,129.48,timeout,25,-0.03344281875186636,-0.03444281875186636,-3.444281875186636
long,train,2024-03-05 12:00:00+00:00,2024-03-05 12:00:00+00:00,130.7,141.407938534101,tp,1,0.08192760928921962,0.08092760928921962,8.092760928921962
long,train,2024-03-06 00:00:00+00:00,2024-03-07 00:00:00+00:00,125.31,140.66977863399526,tp,7,0.12257424494449974,0.12157424494449974,12.157424494449973
long,train,2024-03-07 08:00:00+00:00,2024-03-11 08:00:00+00:00,138.3,148.28,timeout,25,0.07216196673897317,0.07116196673897317,7.116196673897317
long,train,2024-03-11 16:00:00+00:00,2024-03-13 16:00:00+00:00,147.1,159.50641841167163,tp,13,0.08434002999096966,0.08334002999096966,8.334002999096967
long,train,2024-03-14 00:00:00+00:00,2024-03-14 20:00:00+00:00,163.88,177.49725741326594,tp,6,0.08309285704946269,0.08209285704946269,8.20928570494627
long,train,2024-03-15 04:00:00+00:00,2024-03-16 08:00:00+00:00,176.08,195.2783768926294,tp,8,0.10903212683228872,0.10803212683228872,10.803212683228871
long,train,2024-03-16 16:00:00+00:00,2024-03-16 20:00:00+00:00,195.14,177.41595030261922,sl,2,-0.09082735316890829,-0.09182735316890829,-9.18273531689083
long,train,2024-03-17 04:00:00+00:00,2024-03-18 08:00:00+00:00,186.52,209.80357196845188,tp,8,0.12483150315489956,0.12383150315489956,12.383150315489956
long,train,2024-03-18 20:00:00+00:00,2024-03-19 04:00:00+00:00,198.35,179.16850152362082,sl,3,-0.09670531119929002,-0.09770531119929002,-9.770531119929002
long,train,2024-03-19 12:00:00+00:00,2024-03-23 12:00:00+00:00,177.82,175.13,timeout,25,-0.015127657181419401,-0.0161276571814194,-1.6127657181419401
long,train,2024-03-23 20:00:00+00:00,2024-03-25 12:00:00+00:00,174.81,193.03988975266438,tp,11,0.10428402123828372,0.10328402123828372,10.328402123828372
long,train,2024-03-26 00:00:00+00:00,2024-03-30 00:00:00+00:00,188.98,192.77,timeout,25,0.020055032278548105,0.019055032278548104,1.9055032278548105
long,train,2024-03-30 08:00:00+00:00,2024-04-02 00:00:00+00:00,195.8,185.49520356080043,sl,17,-0.052629195297239924,-0.053629195297239925,-5.362919529723992
long,train,2024-04-03 04:00:00+00:00,2024-04-05 04:00:00+00:00,188.46,175.87838518866408,sl,13,-0.06676013377552756,-0.06776013377552756,-6.776013377552756
long,train,2024-04-23 00:00:00+00:00,2024-04-24 20:00:00+00:00,156.95,147.2430903993358,sl,12,-0.06184714622914416,-0.06284714622914415,-6.284714622914415
long,train,2024-05-03 16:00:00+00:00,2024-05-06 08:00:00+00:00,142.08,155.1154834066547,tp,17,0.09174749019323403,0.09074749019323403,9.074749019323402
long,train,2024-05-06 16:00:00+00:00,2024-05-08 04:00:00+00:00,153.83,145.92884396933695,sl,10,-0.05136290730457686,-0.052362907304576864,-5.236290730457687
long,train,2024-05-08 12:00:00+00:00,2024-05-10 04:00:00+00:00,145.39,155.19934846259767,tp,11,0.06746921014235975,0.06646921014235975,6.646921014235975
long,train,2024-05-10 12:00:00+00:00,2024-05-10 12:00:00+00:00,155.02,147.08736730063677,sl,1,-0.05117167268328757,-0.05217167268328757,-5.217167268328756
long,train,2024-05-10 20:00:00+00:00,2024-05-13 00:00:00+00:00,147.15,138.53778098881435,sl,14,-0.058526802658414256,-0.05952680265841426,-5.952680265841426
long,train,2024-05-13 08:00:00+00:00,2024-05-15 12:00:00+00:00,143.54,152.9539877215658,tp,14,0.06558442052087086,0.06458442052087086,6.458442052087086
long,train,2024-05-15 20:00:00+00:00,2024-05-17 04:00:00+00:00,154.89,164.76664622766194,tp,9,0.0637655512148102,0.0627655512148102,6.27655512148102
long,train,2024-05-17 12:00:00+00:00,2024-05-20 04:00:00+00:00,167.47,177.85260135231513,tp,17,0.06199678361685756,0.06099678361685756,6.099678361685756
long,train,2024-05-20 12:00:00+00:00,2024-05-20 16:00:00+00:00,177.74,188.0512970337597,tp,2,0.058013373656800385,0.057013373656800384,5.701337365680039
long,train,2024-05-21 00:00:00+00:00,2024-05-21 12:00:00+00:00,186.7,177.4472829203586,sl,4,-0.04955927734141082,-0.05055927734141082,-5.055927734141083
long,train,2024-05-21 20:00:00+00:00,2024-05-23 20:00:00+00:00,175.35,165.97695450063347,sl,13,-0.053453353289800554,-0.054453353289800555,-5.445335328980056
long,train,2024-05-24 04:00:00+00:00,2024-05-28 04:00:00+00:00,172.06,166.12,timeout,25,-0.034522840869464125,-0.035522840869464126,-3.5522840869464125
long,train,2024-05-28 12:00:00+00:00,2024-06-01 12:00:00+00:00,169.83,167.29,timeout,25,-0.014956132603191546,-0.015956132603191547,-1.5956132603191546
long,train,2024-06-05 00:00:00+00:00,2024-06-07 16:00:00+00:00,171.76,166.34855095775714,sl,17,-0.03150587472195418,-0.03250587472195418,-3.250587472195418
long,train,2024-06-27 16:00:00+00:00,2024-06-28 20:00:00+00:00,147.78,139.909314734283,sl,8,-0.05325947533980927,-0.05425947533980927,-5.425947533980927
long,train,2024-06-29 04:00:00+00:00,2024-07-02 12:00:00+00:00,141.77,150.84547310281627,tp,21,0.06401546944216872,0.06301546944216872,6.301546944216872
long,train,2024-07-02 20:00:00+00:00,2024-07-03 08:00:00+00:00,152.82,146.13415670622229,sl,4,-0.043749792525701534,-0.044749792525701534,-4.4749792525701535
long,train,2024-07-08 12:00:00+00:00,2024-07-12 12:00:00+00:00,140.59,138.84,timeout,25,-0.012447542499466533,-0.013447542499466534,-1.3447542499466534
long,train,2024-07-14 00:00:00+00:00,2024-07-15 00:00:00+00:00,141.88,149.5735934666832,tp,7,0.05422606052074437,0.05322606052074437,5.322606052074437
long,train,2024-07-15 08:00:00+00:00,2024-07-16 12:00:00+00:00,153.22,160.85435428720473,tp,8,0.04982609507378103,0.04882609507378103,4.882609507378103
long,train,2024-07-16 20:00:00+00:00,2024-07-19 16:00:00+00:00,161.89,171.3819668151673,tp,18,0.058632199735420984,0.05763219973542098,5.763219973542098
long,train,2024-07-20 00:00:00+00:00,2024-07-21 20:00:00+00:00,169.12,179.16737261710568,tp,12,0.059409724557152786,0.058409724557152785,5.840972455715279
long,train,2024-07-22 04:00:00+00:00,2024-07-23 12:00:00+00:00,180.94,172.5002159101375,sl,9,-0.046644103514217335,-0.047644103514217336,-4.764410351421733
long,train,2024-07-23 20:00:00+00:00,2024-07-26 12:00:00+00:00,172.03,183.75182924649954,tp,17,0.06813828545311595,0.06713828545311595,6.713828545311595
long,train,2024-07-26 20:00:00+00:00,2024-07-30 20:00:00+00:00,182.23,179.13,timeout,25,-0.017011469022663636,-0.018011469022663637,-1.8011469022663638
long,train,2024-07-31 04:00:00+00:00,2024-07-31 20:00:00+00:00,180.92,172.25584346785018,sl,5,-0.047889434734411915,-0.048889434734411916,-4.888943473441191
long,train,2024-08-18 20:00:00+00:00,2024-08-21 12:00:00+00:00,146.44,139.71289989940735,sl,17,-0.04593758604611207,-0.04693758604611207,-4.693758604611207
long,train,2024-08-23 20:00:00+00:00,2024-08-24 08:00:00+00:00,149.73,157.01809013437162,tp,4,0.048674882350708805,0.047674882350708804,4.76748823507088
long,train,2024-08-25 04:00:00+00:00,2024-08-27 20:00:00+00:00,158.3,152.04571367780957,sl,17,-0.03950907341876461,-0.04050907341876461,-4.050907341876461
long,train,2024-09-12 20:00:00+00:00,2024-09-16 00:00:00+00:00,135.75,130.275078756542,sl,20,-0.040330911554018405,-0.041330911554018405,-4.13309115540184
long,train,2024-09-17 16:00:00+00:00,2024-09-18 08:00:00+00:00,134.65,130.1621028814322,sl,5,-0.0333300937138345,-0.0343300937138345,-3.4330093713834495
long,train,2024-09-19 00:00:00+00:00,2024-09-19 12:00:00+00:00,134.32,141.41129150677475,tp,4,0.05279401062220632,0.051794010622206316,5.179401062220632
long,train,2024-09-19 20:00:00+00:00,2024-09-20 04:00:00+00:00,143.02,149.81854998554346,tp,3,0.04753565924726224,0.04653565924726224,4.653565924726224
long,train,2024-09-20 12:00:00+00:00,2024-09-22 08:00:00+00:00,150.56,144.43620968061003,sl,12,-0.0406734213562033,-0.0416734213562033,-4.16734213562033
long,train,2024-09-22 16:00:00+00:00,2024-09-24 20:00:00+00:00,143.13,150.3299327138166,tp,14,0.05030344940834622,0.04930344940834622,4.930344940834622
long,train,2024-09-25 04:00:00+00:00,2024-09-27 12:00:00+00:00,152.01,160.2894474640346,tp,15,0.05446646578537336,0.05346646578537336,5.346646578537336
long,train,2024-09-27 20:00:00+00:00,2024-10-01 12:00:00+00:00,157.58,150.77488999913476,sl,23,-0.04318511232938987,-0.04418511232938987,-4.418511232938987
long,train,2024-10-07 04:00:00+00:00,2024-10-07 20:00:00+00:00,149.94,144.3351297206485,sl,5,-0.03738075416400895,-0.03838075416400895,-3.838075416400895
long,train,2024-10-14 00:00:00+00:00,2024-10-14 04:00:00+00:00,147.72,153.3126922589607,tp,2,0.037860088403470826,0.036860088403470825,3.6860088403470828
long,train,2024-10-14 12:00:00+00:00,2024-10-15 12:00:00+00:00,153.13,159.23550105427722,tp,7,0.039871358024405584,0.03887135802440558,3.8871358024405582
long,train,2024-10-15 20:00:00+00:00,2024-10-17 16:00:00+00:00,155.17,148.72005683068468,sl,12,-0.04156694702143007,-0.042566947021430074,-4.256694702143007
long,train,2024-10-18 00:00:00+00:00,2024-10-19 20:00:00+00:00,150.5,157.91641062636296,tp,12,0.04927847592267748,0.04827847592267748,4.827847592267748
long,train,2024-10-20 04:00:00+00:00,2024-10-20 20:00:00+00:00,159.04,165.52416468025658,tp,5,0.04077065317062741,0.03977065317062741,3.977065317062741
long,train,2024-10-21 04:00:00+00:00,2024-10-21 12:00:00+00:00,169.5,163.7295658844163,sl,3,-0.03404385908898936,-0.03504385908898936,-3.504385908898936
long,train,2024-10-21 20:00:00+00:00,2024-10-24 12:00:00+00:00,167.8,176.06097553022136,tp,17,0.049231081824918616,0.048231081824918615,4.823108182491861
long,train,2024-10-24 20:00:00+00:00,2024-10-25 16:00:00+00:00,177.41,169.97062133020134,sl,6,-0.04193325443773551,-0.04293325443773551,-4.2933254437735515
long,train,2024-10-26 00:00:00+00:00,2024-10-27 12:00:00+00:00,164.88,176.12730558514704,tp,10,0.06821509937619509,0.06721509937619509,6.721509937619509
long,train,2024-10-27 20:00:00+00:00,2024-10-31 12:00:00+00:00,177.21,170.00737141778265,sl,23,-0.040644594448492506,-0.04164459444849251,-4.164459444849251
long,train,2024-11-06 04:00:00+00:00,2024-11-07 16:00:00+00:00,184.93,197.35856478681205,tp,10,0.06720686090310954,0.06620686090310954,6.6206860903109535
long,train,2024-11-08 00:00:00+00:00,2024-11-10 04:00:00+00:00,196.34,208.78879529562766,tp,14,0.06340427470524428,0.062404274705244275,6.240427470524428
long,train,2024-11-10 12:00:00+00:00,2024-11-11 12:00:00+00:00,206.59,218.9779616647723,tp,7,0.059963994698544416,0.058963994698544415,5.896399469854441
long,train,2024-11-11 20:00:00+00:00,2024-11-12 12:00:00+00:00,217.82,205.0130755651165,sl,5,-0.058795906872112225,-0.059795906872112226,-5.979590687211223
long,train,2024-11-12 20:00:00+00:00,2024-11-16 20:00:00+00:00,213.15,215.73,timeout,25,0.012104152005629764,0.011104152005629763,1.1104152005629764
long,train,2024-11-17 04:00:00+00:00,2024-11-17 04:00:00+00:00,221.41,238.0609470272393,tp,1,0.07520413272769663,0.07420413272769663,7.420413272769663
long,train,2024-11-17 12:00:00+00:00,2024-11-21 12:00:00+00:00,234.8,248.83,timeout,25,0.05975298126064736,0.05875298126064736,5.875298126064736
long,train,2024-11-21 20:00:00+00:00,2024-11-25 12:00:00+00:00,253.94,238.75209001976296,sl,23,-0.0598090493039184,-0.0608090493039184,-6.08090493039184
long,train,2024-11-25 20:00:00+00:00,2024-11-26 08:00:00+00:00,239.69,225.21501991735207,sl,4,-0.060390421305218954,-0.061390421305218955,-6.139042130521895
long,train,2024-11-27 08:00:00+00:00,2024-12-01 08:00:00+00:00,234.36,237.11,timeout,25,0.011734084314729476,0.010734084314729476,1.0734084314729477
long,train,2024-12-05 12:00:00+00:00,2024-12-05 20:00:00+00:00,241.84,226.98123299738594,sl,3,-0.0614404854557313,-0.062440485455731304,-6.24404854557313
long,train,2024-12-06 04:00:00+00:00,2024-12-09 12:00:00+00:00,241.95,224.67455632128122,sl,21,-0.07140088315238179,-0.07240088315238179,-7.240088315238179
long,oof,2024-12-31 16:00:00+00:00,2025-01-01 08:00:00+00:00,198.45,188.64489995719526,sl,5,-0.04940841543363429,-0.05040841543363429,-5.040841543363429
long,oof,2025-01-02 04:00:00+00:00,2025-01-02 12:00:00+00:00,198.52,209.71651775913773,tp,3,0.05639994841395184,0.05539994841395184,5.539994841395184
long,oof,2025-01-03 00:00:00+00:00,2025-01-03 16:00:00+00:00,208.29,219.67284632768994,tp,5,0.05464902937102092,0.053649029371020916,5.364902937102092
long,oof,2025-01-04 16:00:00+00:00,2025-01-07 12:00:00+00:00,214.34,206.28327022015148,sl,18,-0.0375885498733252,-0.038588549873325204,-3.85885498733252
long,oof,2025-01-15 20:00:00+00:00,2025-01-16 12:00:00+00:00,201.89,214.12340328150017,tp,5,0.06059439933379657,0.059594399333796566,5.959439933379657
long,oof,2025-01-16 20:00:00+00:00,2025-01-18 04:00:00+00:00,214.21,228.8155685582451,tp,9,0.06818341141050882,0.06718341141050882,6.718341141050882
long,oof,2025-01-18 12:00:00+00:00,2025-01-18 12:00:00+00:00,238.93,257.63138945886146,tp,1,0.07827141614222348,0.07727141614222348,7.727141614222348
long,oof,2025-01-18 20:00:00+00:00,2025-01-19 08:00:00+00:00,255.41,280.0821164211611,tp,4,0.09659808316495486,0.09559808316495486,9.559808316495486
long,oof,2025-01-19 16:00:00+00:00,2025-01-19 20:00:00+00:00,270.5,243.00715431462757,sl,2,-0.10163713746902932,-0.10263713746902932,-10.263713746902932
long,oof,2025-01-20 04:00:00+00:00,2025-01-24 04:00:00+00:00,241.57,259.72,timeout,25,0.07513350167653282,0.07413350167653282,7.413350167653282
long,oof,2025-01-24 12:00:00+00:00,2025-01-26 20:00:00+00:00,266.79,242.96789581996478,sl,15,-0.08929159331322478,-0.09029159331322478,-9.029159331322479
long,oof,2025-01-27 04:00:00+00:00,2025-01-31 04:00:00+00:00,235.82,235.74,timeout,25,-0.00033924179458902587,-0.0013392417945890258,-0.1339241794589026
long,oof,2025-03-02 20:00:00+00:00,2025-03-03 08:00:00+00:00,172.18,157.43714611435038,sl,4,-0.08562465957515172,-0.08662465957515172,-8.662465957515172
long,oof,2025-03-20 00:00:00+00:00,2025-03-20 12:00:00+00:00,135.33,128.5692740620789,sl,4,-0.04995733346575858,-0.05095733346575858,-5.095733346575858
long,oof,2025-03-23 04:00:00+00:00,2025-03-24 00:00:00+00:00,130.83,137.38846495612128,tp,6,0.050129671758169146,0.049129671758169145,4.912967175816915
long,oof,2025-03-24 08:00:00+00:00,2025-03-25 12:00:00+00:00,138.89,145.71672342452518,tp,8,0.04915201544045791,0.048152015440457906,4.815201544045791
long,oof,2025-03-26 00:00:00+00:00,2025-03-26 16:00:00+00:00,143.64,137.13227974280642,sl,5,-0.045305766201570376,-0.04630576620157038,-4.630576620157037
long,oof,2025-03-27 04:00:00+00:00,2025-03-28 04:00:00+00:00,139.91,133.23791556658855,sl,7,-0.04768840278329956,-0.04868840278329956,-4.868840278329956
long,oof,2025-04-12 00:00:00+00:00,2025-04-12 20:00:00+00:00,121.41,131.8850770720699,tp,6,0.08627853613433732,0.08527853613433732,8.527853613433733
long,oof,2025-04-13 08:00:00+00:00,2025-04-17 08:00:00+00:00,128.54,133.1,timeout,25,0.03547533841605728,0.03447533841605728,3.447533841605728
long,oof,2025-04-17 16:00:00+00:00,2025-04-21 16:00:00+00:00,133.46,136.91,timeout,25,0.02585044208002389,0.02485044208002389,2.485044208002389
long,oof,2025-04-22 00:00:00+00:00,2025-04-22 12:00:00+00:00,136.57,144.13874364413877,tp,4,0.055420250744224776,0.054420250744224775,5.442025074422477
long,oof,2025-04-22 20:00:00+00:00,2025-04-23 08:00:00+00:00,144.24,152.41633386361195,tp,4,0.056685620241347365,0.055685620241347364,5.568562024134736
long,oof,2025-04-23 16:00:00+00:00,2025-04-27 16:00:00+00:00,151.38,150.03,timeout,25,-0.008917954815695564,-0.009917954815695563,-0.9917954815695563
long,oof,2025-04-28 00:00:00+00:00,2025-04-30 12:00:00+00:00,148.0,142.4526475945834,sl,16,-0.03748211084740948,-0.03848211084740948,-3.848211084740948
long,oof,2025-04-30 20:00:00+00:00,2025-05-04 20:00:00+00:00,145.65,143.95,timeout,25,-0.011671815997253808,-0.012671815997253807,-1.2671815997253806
long,oof,2025-05-05 08:00:00+00:00,2025-05-06 08:00:00+00:00,146.88,142.16100649306745,sl,7,-0.032128223767242295,-0.033128223767242296,-3.3128223767242297
long,oof,2025-05-08 04:00:00+00:00,2025-05-08 12:00:00+00:00,150.89,157.64780292162317,tp,3,0.04478628750495846,0.04378628750495846,4.378628750495846
long,oof,2025-05-08 20:00:00+00:00,2025-05-09 08:00:00+00:00,160.55,168.35284345700958,tp,4,0.04860070667710727,0.047600706677107266,4.7600706677107265
long,oof,2025-05-09 16:00:00+00:00,2025-05-12 12:00:00+00:00,170.78,181.20323158818397,tp,18,0.06103309279882871,0.06003309279882871,6.00330927988287
long,oof,2025-05-12 20:00:00+00:00,2025-05-13 16:00:00+00:00,171.21,183.40238502407777,tp,6,0.07121304260310592,0.07021304260310592,7.0213042603105915
long,oof,2025-05-14 00:00:00+00:00,2025-05-14 16:00:00+00:00,183.75,173.33226486633902,sl,5,-0.05669515718999175,-0.05769515718999175,-5.769515718999175
long,oof,2025-05-15 00:00:00+00:00,2025-05-16 20:00:00+00:00,176.64,166.65295213373426,sl,12,-0.05653899380811666,-0.05753899380811666,-5.753899380811666
long,oof,2025-05-17 04:00:00+00:00,2025-05-21 04:00:00+00:00,168.26,168.77,timeout,25,0.0030310234161418006,0.0020310234161418006,0.20310234161418006
long,oof,2025-05-21 12:00:00+00:00,2025-05-22 08:00:00+00:00,169.33,179.86658657748484,tp,6,0.06222516138596129,0.06122516138596129,6.122516138596129
long,oof,2025-05-22 16:00:00+00:00,2025-05-25 12:00:00+00:00,179.02,169.96614411656952,sl,18,-0.05057454967841853,-0.051574549678418534,-5.157454967841853
long,oof,2025-05-26 00:00:00+00:00,2025-05-29 16:00:00+00:00,175.74,167.26933767566067,sl,23,-0.04819996770421841,-0.04919996770421841,-4.919996770421841
long,oof,2025-06-10 00:00:00+00:00,2025-06-12 16:00:00+00:00,161.17,155.08592642405785,sl,17,-0.03774941723609941,-0.03874941723609941,-3.874941723609941
long,oof,2025-06-16 04:00:00+00:00,2025-06-17 00:00:00+00:00,155.58,148.15714984065005,sl,6,-0.04771082503760099,-0.04871082503760099,-4.871082503760099
long,oof,2025-06-28 08:00:00+00:00,2025-06-29 20:00:00+00:00,146.56,154.65176778922918,tp,10,0.05521129768851788,0.05421129768851788,5.421129768851788
long,oof,2025-06-30 08:00:00+00:00,2025-06-30 12:00:00+00:00,150.65,157.66310548303517,tp,2,0.0465523098774322,0.0455523098774322,4.55523098774322
long,oof,2025-06-30 20:00:00+00:00,2025-07-01 04:00:00+00:00,157.77,151.27621202733872,sl,3,-0.041159840100534285,-0.042159840100534286,-4.215984010053429
long,oof,2025-07-01 12:00:00+00:00,2025-07-05 12:00:00+00:00,148.84,147.16,timeout,25,-0.011287288363343233,-0.012287288363343234,-1.2287288363343234
long,oof,2025-07-05 20:00:00+00:00,2025-07-06 16:00:00+00:00,146.89,153.00425334129193,tp,6,0.04162470788543769,0.04062470788543769,4.062470788543769
long,oof,2025-07-07 00:00:00+00:00,2025-07-09 16:00:00+00:00,151.87,157.71913422219953,tp,17,0.038514085877392,0.037514085877392,3.7514085877392
long,oof,2025-07-10 00:00:00+00:00,2025-07-10 20:00:00+00:00,157.07,163.3275673209088,tp,6,0.03983935392442099,0.03883935392442099,3.883935392442099
long,oof,2025-07-11 04:00:00+00:00,2025-07-12 12:00:00+00:00,165.3,159.3300439790736,sl,9,-0.036115886393989216,-0.03711588639398922,-3.7115886393989217
long,oof,2025-07-13 08:00:00+00:00,2025-07-16 16:00:00+00:00,162.68,169.9018057549211,tp,21,0.04439270810745692,0.04339270810745692,4.339270810745692
long,oof,2025-07-17 00:00:00+00:00,2025-07-18 04:00:00+00:00,173.66,182.73648227432332,tp,8,0.052265819845233936,0.051265819845233936,5.126581984523393
long,oof,2025-07-18 12:00:00+00:00,2025-07-21 04:00:00+00:00,178.44,189.46083557317462,tp,17,0.06176213614197838,0.06076213614197838,6.0762136141978385
long,oof,2025-07-21 12:00:00+00:00,2025-07-22 00:00:00+00:00,191.39,201.78166864004908,tp,4,0.05429577637310774,0.05329577637310774,5.329577637310774
long,oof,2025-07-22 08:00:00+00:00,2025-07-23 12:00:00+00:00,198.08,187.9046044440267,sl,8,-0.05137013103782979,-0.05237013103782979,-5.237013103782979
long,oof,2025-07-23 20:00:00+00:00,2025-07-25 00:00:00+00:00,188.12,176.7095501366478,sl,8,-0.060655166188348916,-0.06165516618834892,-6.165516618834892
long,oof,2025-07-25 08:00:00+00:00,2025-07-28 00:00:00+00:00,177.55,192.53323010015592,tp,17,0.08438879245370828,0.08338879245370828,8.338879245370828
long,oof,2025-07-28 08:00:00+00:00,2025-07-28 16:00:00+00:00,192.37,184.04654215086626,sl,3,-0.04326796199580884,-0.04426796199580884,-4.426796199580884
long,oof,2025-07-29 12:00:00+00:00,2025-07-30 16:00:00+00:00,182.95,174.63774918434402,sl,8,-0.045434549415993286,-0.04643454941599329,-4.6434549415993285
long,oof,2025-08-08 12:00:00+00:00,2025-08-11 04:00:00+00:00,177.66,186.72015147506676,tp,17,0.050997137650944276,0.049997137650944275,4.999713765094428
long,oof,2025-08-11 12:00:00+00:00,2025-08-12 16:00:00+00:00,179.04,189.2204785839325,tp,8,0.056861475558157466,0.055861475558157465,5.586147555815747
long,oof,2025-08-13 00:00:00+00:00,2025-08-13 12:00:00+00:00,191.75,203.0291766349343,tp,4,0.05882230318088286,0.057822303180882856,5.782230318088286
long,oof,2025-08-13 20:00:00+00:00,2025-08-14 12:00:00+00:00,202.09,191.69656689874063,sl,5,-0.05142972488128743,-0.05242972488128743,-5.242972488128743
long,oof,2025-08-14 20:00:00+00:00,2025-08-18 04:00:00+00:00,192.92,180.60977237720135,sl,21,-0.06381001255856643,-0.06481001255856643,-6.4810012558566426
long,oof,2025-08-18 12:00:00+00:00,2025-08-22 12:00:00+00:00,181.34,192.4328919572376,tp,25,0.061171787566105564,0.06017178756610556,6.017178756610556
long,oof,2025-08-22 20:00:00+00:00,2025-08-24 00:00:00+00:00,198.99,211.75883403777,tp,8,0.06416821969832644,0.06316821969832644,6.3168219698326435
long,oof,2025-08-24 08:00:00+00:00,2025-08-25 08:00:00+00:00,206.68,196.76585196959797,sl,7,-0.04796858927037948,-0.04896858927037948,-4.896858927037949
long,oof,2025-08-25 16:00:00+00:00,2025-08-27 16:00:00+00:00,196.57,211.76430809520838,tp,13,0.07729718723715921,0.07629718723715921,7.629718723715921
long,oof,2025-08-28 00:00:00+00:00,2025-08-29 00:00:00+00:00,202.98,217.4705441039253,tp,7,0.07138902406111595,0.07038902406111595,7.038902406111595
long,oof,2025-08-29 08:00:00+00:00,2025-09-01 00:00:00+00:00,208.79,196.2932723261353,sl,17,-0.05985309485063788,-0.06085309485063788,-6.085309485063788
long,oof,2025-09-01 08:00:00+00:00,2025-09-05 08:00:00+00:00,202.93,206.66,timeout,25,0.018380722416596804,0.017380722416596803,1.7380722416596803
long,oof,2025-09-05 16:00:00+00:00,2025-09-08 08:00:00+00:00,203.58,214.52569642662357,tp,17,0.05376606948926002,0.05276606948926002,5.276606948926002
long,oof,2025-09-08 16:00:00+00:00,2025-09-10 12:00:00+00:00,215.03,224.0035002110055,tp,12,0.04173138729947217,0.04073138729947217,4.073138729947217
long,oof,2025-09-10 20:00:00+00:00,2025-09-12 00:00:00+00:00,221.27,231.34572114941997,tp,8,0.04553586635974132,0.04453586635974132,4.453586635974132
long,oof,2025-09-12 08:00:00+00:00,2025-09-14 00:00:00+00:00,237.37,248.00349115668877,tp,11,0.04479711486998678,0.04379711486998678,4.379711486998678
long,oof,2025-09-14 08:00:00+00:00,2025-09-15 04:00:00+00:00,246.4,237.86959578879447,sl,6,-0.03462014696106143,-0.03562014696106143,-3.562014696106143
long,oof,2025-09-15 12:00:00+00:00,2025-09-18 12:00:00+00:00,236.44,248.47997727729106,tp,19,0.0509219137087255,0.0499219137087255,4.99219137087255
long,oof,2025-09-18 20:00:00+00:00,2025-09-19 12:00:00+00:00,248.36,238.92686907653436,sl,5,-0.03798168353787105,-0.03898168353787105,-3.898168353787105
long,oof,2025-09-19 20:00:00+00:00,2025-09-22 04:00:00+00:00,235.98,226.7674227575826,sl,15,-0.039039652692674724,-0.040039652692674725,-4.003965269267472
long,oof,2025-10-02 00:00:00+00:00,2025-10-02 16:00:00+00:00,222.05,232.97098067047241,tp,5,0.04918252947747085,0.04818252947747085,4.818252947747085
long,oof,2025-10-03 08:00:00+00:00,2025-10-07 08:00:00+00:00,229.42,230.48,timeout,25,0.004620346961903942,0.003620346961903942,0.3620346961903942
long,oof,2025-10-07 16:00:00+00:00,2025-10-10 12:00:00+00:00,223.82,214.28693562824748,sl,18,-0.04259254924382323,-0.043592549243823234,-4.3592549243823235
long,oof,2025-10-25 20:00:00+00:00,2025-10-27 00:00:00+00:00,194.52,204.28457907795644,tp,8,0.05019832962140873,0.04919832962140873,4.919832962140873
long,oof,2025-10-28 00:00:00+00:00,2025-10-28 20:00:00+00:00,198.7,191.65464933091937,sl,6,-0.035457225309917566,-0.03645722530991757,-3.6457225309917565
long,oof,2025-10-29 20:00:00+00:00,2025-10-30 16:00:00+00:00,192.77,183.69874027554548,sl,6,-0.04705742451862081,-0.048057424518620814,-4.8057424518620815
long,ooc,2025-11-26 20:00:00+00:00,2025-11-28 16:00:00+00:00,143.99,136.38675226388608,sl,12,-0.052803998445127634,-0.053803998445127635,-5.380399844512763
long,ooc,2025-11-30 16:00:00+00:00,2025-11-30 20:00:00+00:00,138.36,133.517635731436,sl,2,-0.034998296245764754,-0.035998296245764755,-3.5998296245764756
long,ooc,2025-12-02 16:00:00+00:00,2025-12-04 00:00:00+00:00,137.82,146.21607139890403,tp,9,0.060920558691801206,0.059920558691801205,5.9920558691801205
long,ooc,2025-12-04 08:00:00+00:00,2025-12-05 08:00:00+00:00,143.46,136.81360837892638,sl,7,-0.04632923198852386,-0.04732923198852386,-4.732923198852386
long,ooc,2025-12-07 20:00:00+00:00,2025-12-07 20:00:00+00:00,135.74,130.20210709530403,sl,1,-0.0407977965573595,-0.041797796557359504,-4.179779655735951
long,ooc,2025-12-08 12:00:00+00:00,2025-12-09 04:00:00+00:00,138.38,132.32860997368226,sl,5,-0.04373023577336128,-0.04473023577336128,-4.473023577336128
long,ooc,2025-12-09 16:00:00+00:00,2025-12-11 00:00:00+00:00,138.44,132.15490187841561,sl,9,-0.04539943745726945,-0.04639943745726945,-4.639943745726946
long,ooc,2025-12-12 00:00:00+00:00,2025-12-14 20:00:00+00:00,136.44,129.04906559598533,sl,18,-0.05416985051315356,-0.05516985051315356,-5.516985051315356
long,ooc,2025-12-29 04:00:00+00:00,2025-12-29 12:00:00+00:00,128.58,124.77866440559765,sl,3,-0.029563972580512986,-0.030563972580512987,-3.0563972580512986
long,ooc,2025-12-31 04:00:00+00:00,2026-01-02 16:00:00+00:00,125.82,130.43005686910294,tp,16,0.036640095923565,0.035640095923565,3.5640095923565
long,ooc,2026-01-03 00:00:00+00:00,2026-01-05 00:00:00+00:00,132.28,137.1120798982739,tp,13,0.03652917975713554,0.035529179757135536,3.5529179757135534
long,ooc,2026-01-05 08:00:00+00:00,2026-01-06 12:00:00+00:00,135.42,140.35146989059297,tp,8,0.03641611202623674,0.03541611202623674,3.5416112026236743
long,ooc,2026-01-06 20:00:00+00:00,2026-01-10 20:00:00+00:00,137.56,135.86,timeout,25,-0.012358243675486977,-0.013358243675486978,-1.3358243675486978
long,ooc,2026-01-11 04:00:00+00:00,2026-01-11 16:00:00+00:00,136.27,141.54354401593824,tp,4,0.038699229587864,0.037699229587864,3.7699229587864003
long,ooc,2026-01-12 00:00:00+00:00,2026-01-13 20:00:00+00:00,139.69,144.907178488334,tp,12,0.03734826035030434,0.03634826035030434,3.634826035030434
long,ooc,2026-01-14 04:00:00+00:00,2026-01-15 16:00:00+00:00,146.29,140.81364727469148,sl,10,-0.03743490823233656,-0.03843490823233656,-3.8434908232336564
long,ooc,2026-01-16 16:00:00+00:00,2026-01-19 00:00:00+00:00,140.79,135.7147342077303,sl,15,-0.03604848208160881,-0.03704848208160881,-3.704848208160881
long,ooc,2026-02-21 12:00:00+00:00,2026-02-23 00:00:00+00:00,85.4,82.04169868520796,sl,10,-0.03932437136758833,-0.04032437136758833,-4.032437136758833
long,ooc,2026-02-25 16:00:00+00:00,2026-02-25 20:00:00+00:00,85.99,90.949625696738,tp,2,0.05767677284263289,0.05667677284263289,5.667677284263289
long,ooc,2026-02-26 04:00:00+00:00,2026-02-27 08:00:00+00:00,87.95,83.40339718491738,sl,8,-0.05169531341765346,-0.05269531341765346,-5.269531341765346
long,ooc,2026-03-01 00:00:00+00:00,2026-03-04 08:00:00+00:00,84.36,90.42670944747464,tp,21,0.07191452640439351,0.07091452640439351,7.091452640439351
long,ooc,2026-03-04 16:00:00+00:00,2026-03-06 12:00:00+00:00,92.93,87.01980726146797,sl,12,-0.06359832926430681,-0.06459832926430681,-6.459832926430681
long,ooc,2026-03-07 00:00:00+00:00,2026-03-11 00:00:00+00:00,84.69,85.62,timeout,25,0.010981225646475462,0.009981225646475463,0.9981225646475463
long,ooc,2026-03-11 08:00:00+00:00,2026-03-13 00:00:00+00:00,85.45,90.34366262009674,tp,11,0.057269310943203436,0.056269310943203435,5.626931094320343
long,ooc,2026-03-13 08:00:00+00:00,2026-03-16 00:00:00+00:00,88.68,93.76329926165539,tp,17,0.05732182297762047,0.05632182297762047,5.632182297762047
long,ooc,2026-03-16 08:00:00+00:00,2026-03-18 12:00:00+00:00,93.56,89.94691081016123,sl,14,-0.03861788360238109,-0.03961788360238109,-3.961788360238109
long,ooc,2026-03-19 20:00:00+00:00,2026-03-23 20:00:00+00:00,88.7,91.44,timeout,25,0.030890642615558003,0.029890642615558002,2.9890642615558
long,ooc,2026-03-24 08:00:00+00:00,2026-03-26 08:00:00+00:00,91.71,87.63060661364158,sl,13,-0.044481445713209236,-0.04548144571320924,-4.548144571320924
long,ooc,2026-04-08 00:00:00+00:00,2026-04-09 00:00:00+00:00,85.54,82.05467283831977,sl,7,-0.04074499838298143,-0.04174499838298143,-4.174499838298143
long,ooc,2026-04-10 00:00:00+00:00,2026-04-14 00:00:00+00:00,83.36,86.03,timeout,25,0.03202975047984647,0.03102975047984647,3.102975047984647
long,ooc,2026-04-14 08:00:00+00:00,2026-04-15 04:00:00+00:00,85.89,83.10206154498897,sl,6,-0.03245940685773699,-0.03345940685773699,-3.345940685773699
long,ooc,2026-04-15 12:00:00+00:00,2026-04-16 12:00:00+00:00,83.61,87.04962986373185,tp,7,0.04113897696127081,0.040138976961270806,4.0138976961270805
long,ooc,2026-04-16 20:00:00+00:00,2026-04-18 08:00:00+00:00,90.1,86.76202463297567,sl,10,-0.03704745135432106,-0.03804745135432106,-3.804745135432106
long,ooc,2026-04-18 16:00:00+00:00,2026-04-19 20:00:00+00:00,86.77,83.7097564336152,sl,8,-0.03526845184262762,-0.03626845184262762,-3.6268451842627623
long,ooc,2026-04-22 00:00:00+00:00,2026-04-26 00:00:00+00:00,86.05,85.99,timeout,25,-0.0006972690296339603,-0.0016972690296339602,-0.16972690296339601
long,ooc,2026-04-26 08:00:00+00:00,2026-04-27 12:00:00+00:00,86.64,84.7880096004857,sl,8,-0.021375697131974916,-0.022375697131974917,-2.237569713197492
long,ooc,2026-05-04 04:00:00+00:00,2026-05-04 08:00:00+00:00,85.42,83.70309125857158,sl,2,-0.020099610646551466,-0.021099610646551466,-2.1099610646551468
long,ooc,2026-05-05 16:00:00+00:00,2026-05-06 04:00:00+00:00,85.51,87.89378050127212,tp,4,0.027877213206316375,0.026877213206316374,2.6877213206316375
long,ooc,2026-05-06 12:00:00+00:00,2026-05-06 12:00:00+00:00,89.87,87.617997242728,sl,1,-0.025058448395148654,-0.026058448395148655,-2.6058448395148655
long,ooc,2026-05-06 20:00:00+00:00,2026-05-08 16:00:00+00:00,89.27,92.29747746160056,tp,12,0.03391371638400996,0.03291371638400996,3.291371638400996
long,ooc,2026-05-09 00:00:00+00:00,2026-05-10 16:00:00+00:00,92.02,95.55253351946081,tp,11,0.03838875809020662,0.03738875809020662,3.738875809020662
long,ooc,2026-05-11 00:00:00+00:00,2026-05-13 12:00:00+00:00,96.46,93.38751761209329,sl,16,-0.03185239879646178,-0.03285239879646178,-3.2852398796461784
long,ooc,2026-05-13 20:00:00+00:00,2026-05-16 04:00:00+00:00,90.96,87.59984477695323,sl,15,-0.03694102048204442,-0.037941020482044424,-3.7941020482044423
long,ooc,2026-06-15 00:00:00+00:00,2026-06-15 12:00:00+00:00,71.28,74.61889165952768,tp,4,0.04684191441537143,0.04584191441537143,4.5841914415371425
long,ooc,2026-06-16 16:00:00+00:00,2026-06-18 12:00:00+00:00,73.29,70.12431500603152,sl,12,-0.04319395543687383,-0.04419395543687383,-4.419395543687383
long,ooc,2026-06-18 20:00:00+00:00,2026-06-20 20:00:00+00:00,69.39,73.55911739899481,tp,13,0.06008239514331768,0.05908239514331768,5.908239514331768
long,ooc,2026-06-21 04:00:00+00:00,2026-06-23 04:00:00+00:00,73.63,70.64551694621336,sl,13,-0.04053351967658065,-0.04153351967658065,-4.1533519676580655
long,ooc,2026-06-23 12:00:00+00:00,2026-06-24 16:00:00+00:00,69.31,66.2425240632569,sl,8,-0.044257335690998524,-0.045257335690998525,-4.525733569099852
long,ooc,2026-06-26 16:00:00+00:00,2026-06-30 16:00:00+00:00,72.06,73.77,timeout,25,0.023730224812656034,0.022730224812656033,2.2730224812656035
long,ooc,2026-07-01 00:00:00+00:00,2026-07-01 12:00:00+00:00,73.68,77.74260065986547,tp,4,0.0551384454379135,0.0541384454379135,5.41384454379135
long,ooc,2026-07-01 20:00:00+00:00,2026-07-02 08:00:00+00:00,77.01,81.55493516801673,tp,4,0.059017467446003384,0.05801746744600338,5.801746744600338
long,ooc,2026-07-02 16:00:00+00:00,2026-07-06 16:00:00+00:00,80.88,82.07,timeout,25,0.01471315529179028,0.01371315529179028,1.371315529179028
long,ooc,2026-07-07 00:00:00+00:00,2026-07-08 00:00:00+00:00,81.94,79.02142822142207,sl,7,-0.0356184010077853,-0.0366184010077853,-3.66184010077853
long,ooc,2026-07-09 08:00:00+00:00,2026-07-13 08:00:00+00:00,78.21,76.34,timeout,25,-0.023909985935302268,-0.02490998593530227,-2.490998593530227
long,ooc,2026-07-21 00:00:00+00:00,2026-07-23 16:00:00+00:00,77.85,75.81273832133402,sl,17,-0.026169064594296347,-0.027169064594296348,-2.7169064594296346
long,ooc,2026-07-27 00:00:00+00:00,2026-07-27 12:00:00+00:00,76.78,75.15923773280744,sl,4,-0.021109172534417305,-0.022109172534417305,-2.2109172534417305
long,ooc,2026-08-08 04:00:00+00:00,2026-08-09 12:00:00+00:00,74.84,76.95476662771226,tp,9,0.028257170332873553,0.027257170332873552,2.725717033287355
long,ooc,2026-08-09 20:00:00+00:00,2026-08-10 16:00:00+00:00,77.23,75.6745691447054,sl,6,-0.020140241555025282,-0.021140241555025283,-2.1140241555025283
long,ooc,2026-08-11 00:00:00+00:00,2026-08-15 00:00:00+00:00,76.01,75.42,timeout,25,-0.0077621365609788625,-0.008762136560978863,-0.8762136560978863
long,ooc,2026-08-15 08:00:00+00:00,2026-08-18 12:00:00+00:00,75.25,77.05031298092696,tp,20,0.02392442499570712,0.02292442499570712,2.292442499570712
long,ooc,2026-08-18 20:00:00+00:00,2026-08-19 12:00:00+00:00,77.19,78.97004885757721,tp,5,0.023060614815095394,0.022060614815095393,2.2060614815095394
long,ooc,2026-08-19 20:00:00+00:00,2026-08-19 20:00:00+00:00,82.37,85.00021428826338,tp,1,0.03193170193351189,0.03093170193351189,3.093170193351189
long,ooc,2026-08-20 04:00:00+00:00,2026-08-20 08:00:00+00:00,84.48,87.90146027916586,tp,2,0.04050024004694432,0.03950024004694432,3.9500240046944324
long,ooc,2026-08-20 16:00:00+00:00,2026-08-21 04:00:00+00:00,87.37,90.96588128036713,tp,4,0.041156933505403726,0.040156933505403725,4.0156933505403725
long,ooc,2026-08-21 12:00:00+00:00,2026-08-21 20:00:00+00:00,90.3,94.5029698344279,tp,3,0.046544516438847224,0.04554451643884722,4.554451643884723
long,ooc,2026-08-22 04:00:00+00:00,2026-08-22 04:00:00+00:00,96.8,92.60923268552487,sl,1,-0.04329305076937112,-0.04429305076937112,-4.429305076937112
long,ooc,2026-08-22 12:00:00+00:00,2026-08-25 00:00:00+00:00,93.3,100.97448773052484,tp,16,0.08225603140969824,0.08125603140969824,8.125603140969824
long,ooc,2026-08-25 08:00:00+00:00,2026-08-27 12:00:00+00:00,100.25,107.36280867765653,tp,14,0.0709507100015614,0.0699507100015614,6.99507100015614
long,ooc,2026-08-27 20:00:00+00:00,2026-08-28 12:00:00+00:00,109.38,103.78320588879248,sl,5,-0.05116834989218793,-0.05216834989218793,-5.216834989218793
long,ooc,2026-08-28 20:00:00+00:00,2026-09-01 20:00:00+00:00,103.4,100.0,timeout,25,-0.032882011605415915,-0.033882011605415915,-3.3882011605415916
long,ooc,2026-09-02 04:00:00+00:00,2026-09-03 12:00:00+00:00,100.3,105.40791921352717,tp,9,0.05092641289658194,0.04992641289658194,4.992641289658193
long,ooc,2026-09-03 20:00:00+00:00,2026-09-04 12:00:00+00:00,105.3,101.09857416062084,sl,5,-0.03989958062088467,-0.04089958062088467,-4.089958062088467
long,ooc,2026-09-04 20:00:00+00:00,2026-09-06 00:00:00+00:00,101.69,106.72903393820481,tp,8,0.04955289544896066,0.04855289544896066,4.855289544896066
long,ooc,2026-09-06 12:00:00+00:00,2026-09-08 00:00:00+00:00,106.46,102.81042106368582,sl,10,-0.03428122239633826,-0.03528122239633826,-3.5281222396338263
long,ooc,2026-09-08 12:00:00+00:00,2026-09-10 12:00:00+00:00,102.88,99.4422096016514,sl,13,-0.03341553653138216,-0.034415536531382164,-3.4415536531382163
long,ooc,2026-09-14 20:00:00+00:00,2026-09-15 08:00:00+00:00,103.27,100.12665831305523,sl,4,-0.030438091284446262,-0.03143809128444626,-3.143809128444626
long,ooc,2026-09-18 04:00:00+00:00,2026-09-18 12:00:00+00:00,104.61,109.25961748720712,tp,3,0.04444716076098962,0.04344716076098962,4.344716076098962
long,ooc,2026-09-18 20:00:00+00:00,2026-09-20 00:00:00+00:00,114.23,109.80354383481627,sl,8,-0.03875038225670784,-0.03975038225670784,-3.9750382256707844
long,ooc,2026-09-20 08:00:00+00:00,2026-09-21 08:00:00+00:00,108.47,113.46124461057866,tp,7,0.04601497751063577,0.04501497751063577,4.501497751063576
long,ooc,2026-09-21 16:00:00+00:00,2026-09-23 12:00:00+00:00,117.95,113.4377012557276,sl,12,-0.03825603004893938,-0.03925603004893938,-3.925603004893938
long,ooc,2026-09-23 20:00:00+00:00,2026-09-25 08:00:00+00:00,114.53,120.20983247245734,tp,10,0.049592530100910984,0.04859253010091098,4.8592530100910984
long,ooc,2026-09-25 16:00:00+00:00,2026-09-29 16:00:00+00:00,120.13,118.8,timeout,25,-0.01107133938233579,-0.012071339382335788,-1.2071339382335788
long,ooc,2026-09-30 04:00:00+00:00,2026-09-30 04:00:00+00:00,119.13,118.46,timeout,1,-0.005624108117182924,-0.006624108117182924,-0.6624108117182924
short,train,2020-10-02 20:00:00+00:00,2020-10-06 12:00:00+00:00,2.622,2.358094579044362,tp,23,0.10065042751931265,0.09965042751931265,9.965042751931264
short,train,2020-10-07 08:00:00+00:00,2020-10-07 16:00:00+00:00,2.264,2.3601587249760576,sl,3,-0.042472935060096216,-0.04347293506009622,-4.347293506009621
short,train,2020-10-08 00:00:00+00:00,2020-10-08 04:00:00+00:00,2.307,2.0688261047453413,tp,2,0.10323965984163788,0.10223965984163788,10.223965984163788
short,train,2020-10-08 12:00:00+00:00,2020-10-08 12:00:00+00:00,2.174,2.2804476017309745,sl,1,-0.04896393823871875,-0.04996393823871875,-4.996393823871875
short,train,2020-10-08 20:00:00+00:00,2020-10-09 08:00:00+00:00,2.342,2.4593043096557894,sl,4,-0.0500872372569553,-0.0510872372569553,-5.10872372569553
short,train,2020-10-09 16:00:00+00:00,2020-10-13 16:00:00+00:00,2.594,2.416,timeout,25,0.06861989205859674,0.06761989205859674,6.761989205859674
short,train,2020-10-14 00:00:00+00:00,2020-10-16 04:00:00+00:00,2.41,2.1870732091832537,tp,14,0.09250074307748817,0.09150074307748816,9.150074307748817
short,train,2020-10-16 12:00:00+00:00,2020-10-18 16:00:00+00:00,2.17,2.246182549814064,sl,14,-0.035107165812932835,-0.036107165812932836,-3.6107165812932838
short,train,2020-10-19 00:00:00+00:00,2020-10-19 08:00:00+00:00,2.213,2.0712275071306516,tp,3,0.06406348525501511,0.06306348525501511,6.306348525501511
short,train,2020-10-19 16:00:00+00:00,2020-10-20 08:00:00+00:00,2.107,1.9600822660130817,tp,5,0.06972839771567087,0.06872839771567087,6.872839771567087
short,train,2020-10-20 16:00:00+00:00,2020-10-21 00:00:00+00:00,1.898,1.9668143739889237,sl,3,-0.036256256053173744,-0.037256256053173745,-3.7256256053173744
short,train,2020-10-22 00:00:00+00:00,2020-10-22 04:00:00+00:00,1.884,1.9630914905721786,sl,2,-0.04198062132281247,-0.04298062132281247,-4.298062132281247
short,train,2020-10-22 12:00:00+00:00,2020-10-23 16:00:00+00:00,2.072,1.8595947478251853,tp,8,0.10251218734305731,0.10151218734305731,10.151218734305731
short,train,2020-10-24 08:00:00+00:00,2020-10-26 16:00:00+00:00,1.917,1.732694783942373,tp,15,0.09614252272176685,0.09514252272176685,9.514252272176686
short,train,2020-10-27 04:00:00+00:00,2020-10-27 12:00:00+00:00,1.672,1.736537350909397,sl,3,-0.03859889408456768,-0.03959889408456768,-3.9598894084567684
short,train,2020-10-27 20:00:00+00:00,2020-10-28 04:00:00+00:00,1.695,1.531547383946579,tp,3,0.09643222186042542,0.09543222186042542,9.543222186042541
short,train,2020-10-28 12:00:00+00:00,2020-10-29 00:00:00+00:00,1.557,1.3700819146422907,tp,3,0.12005015116102073,0.11905015116102073,11.905015116102073
short,train,2020-10-29 08:00:00+00:00,2020-11-01 16:00:00+00:00,1.505,1.5979323191993078,sl,21,-0.06174904930186571,-0.06274904930186571,-6.274904930186572
short,train,2020-11-02 04:00:00+00:00,2020-11-03 04:00:00+00:00,1.574,1.4292463824561241,tp,7,0.09196544951961623,0.09096544951961623,9.096544951961622
short,train,2020-11-03 12:00:00+00:00,2020-11-04 12:00:00+00:00,1.459,1.3312374758134646,tp,7,0.08756855667343073,0.08656855667343073,8.656855667343073
short,train,2020-11-05 04:00:00+00:00,2020-11-05 12:00:00+00:00,1.402,1.4556953333001141,sl,3,-0.03829909650507434,-0.03929909650507434,-3.929909650507434
short,train,2020-11-05 20:00:00+00:00,2020-11-06 00:00:00+00:00,1.413,1.479674209037499,sl,2,-0.04718627674274521,-0.04818627674274521,-4.818627674274521
short,train,2020-11-09 04:00:00+00:00,2020-11-13 04:00:00+00:00,2.143,1.959,timeout,25,0.08586094260382629,0.08486094260382629,8.486094260382629
short,train,2020-11-13 12:00:00+00:00,2020-11-15 08:00:00+00:00,1.995,2.1031848417904007,sl,12,-0.054227990872381227,-0.05522799087238123,-5.5227990872381225
short,train,2020-11-15 16:00:00+00:00,2020-11-15 20:00:00+00:00,2.167,1.9375540125954553,tp,2,0.10588185851617189,0.10488185851617189,10.488185851617189
short,train,2020-11-16 08:00:00+00:00,2020-11-16 08:00:00+00:00,2.173,2.2809129461293334,sl,1,-0.049660812760852886,-0.05066081276085289,-5.0660812760852885
short,train,2020-11-16 16:00:00+00:00,2020-11-20 16:00:00+00:00,2.28,2.145,timeout,25,0.05921052631578939,0.058210526315789386,5.821052631578938
short,train,2020-11-21 00:00:00+00:00,2020-11-21 08:00:00+00:00,2.088,2.1711692903264503,sl,3,-0.039832035596958935,-0.040832035596958936,-4.083203559695893
short,train,2020-11-21 20:00:00+00:00,2020-11-22 00:00:00+00:00,2.431,2.1708157514671216,tp,2,0.10702766290945227,0.10602766290945227,10.602766290945228
short,train,2020-11-23 04:00:00+00:00,2020-11-24 00:00:00+00:00,2.231,2.3539219879852715,sl,6,-0.05509726041473405,-0.05609726041473405,-5.6097260414734045
short,train,2020-11-24 08:00:00+00:00,2020-11-25 16:00:00+00:00,2.343,2.4724548831501476,sl,9,-0.05525176404188973,-0.05625176404188973,-5.625176404188973
short,train,2020-11-26 12:00:00+00:00,2020-11-28 12:00:00+00:00,1.858,2.021587022156068,sl,13,-0.08804468361467588,-0.08904468361467588,-8.904468361467588
short,train,2020-11-29 04:00:00+00:00,2020-11-30 12:00:00+00:00,1.883,2.012779612189857,sl,9,-0.06892172713215991,-0.06992172713215991,-6.992172713215991
short,train,2020-12-01 00:00:00+00:00,2020-12-01 04:00:00+00:00,1.969,2.057375986124982,sl,2,-0.044883690261544935,-0.045883690261544936,-4.588369026154494
short,train,2020-12-01 12:00:00+00:00,2020-12-02 16:00:00+00:00,2.057,2.1538385719812627,sl,8,-0.04707757510027359,-0.04807757510027359,-4.8077575100273595
short,train,2020-12-03 08:00:00+00:00,2020-12-04 08:00:00+00:00,2.179,1.9568809324534604,tp,7,0.10193624026917827,0.10093624026917827,10.093624026917828
short,train,2020-12-04 16:00:00+00:00,2020-12-08 08:00:00+00:00,1.972,1.765085169915648,tp,23,0.10492638442411358,0.10392638442411357,10.392638442411357
short,train,2020-12-08 16:00:00+00:00,2020-12-08 16:00:00+00:00,1.709,1.7678179022366332,sl,1,-0.034416560700194894,-0.035416560700194895,-3.5416560700194895
short,train,2020-12-09 16:00:00+00:00,2020-12-11 08:00:00+00:00,1.647,1.48221283420489,tp,11,0.10005292398003042,0.09905292398003042,9.905292398003041
short,train,2020-12-12 12:00:00+00:00,2020-12-13 12:00:00+00:00,1.53,1.59449357738672,sl,7,-0.04215266495864046,-0.04315266495864046,-4.315266495864046
short,train,2020-12-13 20:00:00+00:00,2020-12-15 00:00:00+00:00,1.585,1.6440875293369424,sl,8,-0.03727919831983747,-0.03827919831983747,-3.827919831983747
short,train,2020-12-15 08:00:00+00:00,2020-12-15 08:00:00+00:00,1.729,1.7954473610337054,sl,1,-0.038431093715272,-0.039431093715272,-3.9431093715272003
short,train,2020-12-15 16:00:00+00:00,2020-12-17 00:00:00+00:00,1.729,1.799931653136205,sl,9,-0.04102466925170906,-0.042024669251709064,-4.202466925170906
short,train,2020-12-17 08:00:00+00:00,2020-12-20 20:00:00+00:00,1.738,1.5435799876531195,tp,22,0.11186421884170336,0.11086421884170336,11.086421884170337
short,train,2020-12-21 04:00:00+00:00,2020-12-23 00:00:00+00:00,1.619,1.4673161340978527,tp,12,0.0936898492292448,0.0926898492292448,9.26898492292448
short,train,2020-12-23 08:00:00+00:00,2020-12-23 20:00:00+00:00,1.393,1.230496819845062,tp,4,0.11665698503584919,0.11565698503584919,11.565698503584919
short,train,2020-12-24 04:00:00+00:00,2020-12-24 20:00:00+00:00,1.258,1.3398590157890071,sl,5,-0.0650707597686861,-0.06607075976868611,-6.607075976868611
short,train,2020-12-25 12:00:00+00:00,2020-12-28 20:00:00+00:00,1.415,1.4865191046632327,sl,21,-0.05054353686447536,-0.05154353686447536,-5.154353686447536
short,train,2020-12-29 04:00:00+00:00,2020-12-29 04:00:00+00:00,1.448,1.5122665685529901,sl,1,-0.04438298933217554,-0.04538298933217554,-4.538298933217554
short,train,2020-12-29 12:00:00+00:00,2020-12-29 16:00:00+00:00,1.575,1.6464594392115068,sl,2,-0.045371072515242465,-0.046371072515242466,-4.637107251524246
short,train,2020-12-30 04:00:00+00:00,2020-12-31 12:00:00+00:00,1.637,1.4404902095923673,tp,9,0.12004263311400899,0.11904263311400899,11.9042633114009
short,train,2021-01-01 08:00:00+00:00,2021-01-01 16:00:00+00:00,1.616,1.6906855819039415,sl,3,-0.04621632543560728,-0.04721632543560728,-4.7216325435607285
short,train,2021-01-02 04:00:00+00:00,2021-01-02 16:00:00+00:00,1.861,1.9560488965941647,sl,4,-0.05107409811615514,-0.05207409811615514,-5.207409811615514
short,train,2021-01-05 08:00:00+00:00,2021-01-05 08:00:00+00:00,2.176,2.391445808516378,sl,1,-0.09901002229612947,-0.10001002229612947,-10.001002229612947
short,train,2021-01-06 16:00:00+00:00,2021-01-07 00:00:00+00:00,2.078,2.27112092534754,sl,3,-0.09293596022499535,-0.09393596022499535,-9.393596022499535
short,train,2021-01-07 12:00:00+00:00,2021-01-07 12:00:00+00:00,2.204,2.4263135091313597,sl,1,-0.10086819833546255,-0.10186819833546255,-10.186819833546256
short,train,2021-01-07 20:00:00+00:00,2021-01-08 16:00:00+00:00,2.349,2.5914897094040805,sl,4,-0.10323103848619851,-0.10423103848619851,-10.423103848619851
short,train,2021-01-09 00:00:00+00:00,2021-01-09 16:00:00+00:00,3.23,3.5246708359496215,sl,5,-0.09122936097511503,-0.09222936097511503,-9.222936097511504
short,train,2021-01-10 16:00:00+00:00,2021-01-11 16:00:00+00:00,3.414,2.6010373692546507,tp,7,0.2381261367150994,0.2371261367150994,23.712613671509942
short,train,2021-01-12 12:00:00+00:00,2021-01-12 16:00:00+00:00,3.431,3.7299996479494366,sl,2,-0.08714650187975417,-0.08814650187975417,-8.814650187975417
short,train,2021-01-13 00:00:00+00:00,2021-01-17 00:00:00+00:00,3.62,3.704,timeout,25,-0.02320441988950278,-0.024204419889502782,-2.4204419889502784
short,train,2021-01-17 16:00:00+00:00,2021-01-17 16:00:00+00:00,3.551,3.803060613862048,sl,1,-0.07098299461054577,-0.07198299461054578,-7.198299461054577
short,train,2021-01-18 12:00:00+00:00,2021-01-21 16:00:00+00:00,3.914,3.2485145228611896,tp,20,0.1700269486813517,0.1690269486813517,16.90269486813517
short,train,2021-01-23 08:00:00+00:00,2021-01-24 08:00:00+00:00,3.553,3.755321563689997,sl,7,-0.0569438681930754,-0.0579438681930754,-5.79438681930754
short,train,2021-01-25 00:00:00+00:00,2021-01-25 16:00:00+00:00,3.632,3.7883253148528975,sl,5,-0.04304111091764795,-0.04404111091764795,-4.404111091764795
short,train,2021-01-26 04:00:00+00:00,2021-01-26 08:00:00+00:00,3.73,3.9169281656321506,sl,2,-0.05011478971371331,-0.05111478971371331,-5.111478971371331
short,train,2021-01-26 16:00:00+00:00,2021-01-26 16:00:00+00:00,3.783,3.989047077220785,sl,1,-0.05446658134305715,-0.05546658134305715,-5.546658134305716
short,train,2021-01-27 00:00:00+00:00,2021-01-27 12:00:00+00:00,4.039,3.5275719891541746,tp,4,0.12662243398014983,0.12562243398014983,12.562243398014983
short,train,2021-01-27 20:00:00+00:00,2021-01-28 12:00:00+00:00,3.702,3.8954217033311855,sl,5,-0.052247893930628196,-0.0532478939306282,-5.32478939306282
short,train,2021-01-28 20:00:00+00:00,2021-01-30 12:00:00+00:00,3.853,4.015761076304608,sl,11,-0.04224268785481654,-0.04324268785481654,-4.324268785481654
short,train,2021-01-31 08:00:00+00:00,2021-01-31 08:00:00+00:00,4.48,4.6496728023883325,sl,1,-0.03787339339025268,-0.038873393390252683,-3.887339339025268
short,train,2021-01-31 20:00:00+00:00,2021-02-01 20:00:00+00:00,4.294,4.493454864011357,sl,7,-0.04644966558252395,-0.04744966558252395,-4.744966558252395
short,train,2021-02-02 04:00:00+00:00,2021-02-02 08:00:00+00:00,4.804,5.019550605913249,sl,2,-0.04486898541075121,-0.04586898541075121,-4.586898541075121
short,train,2021-02-02 16:00:00+00:00,2021-02-02 20:00:00+00:00,5.059,5.2900603794429335,sl,2,-0.045673132920129145,-0.046673132920129146,-4.667313292012914
short,train,2021-02-03 12:00:00+00:00,2021-02-03 12:00:00+00:00,5.216,5.436432794863199,sl,1,-0.042260888585736005,-0.043260888585736006,-4.3260888585736
short,train,2021-02-05 08:00:00+00:00,2021-02-05 16:00:00+00:00,6.769,7.064783201752109,sl,3,-0.043696735374812896,-0.0446967353748129,-4.46967353748129
short,train,2021-02-06 00:00:00+00:00,2021-02-06 04:00:00+00:00,6.677,5.933954717745081,tp,2,0.11128430167064828,0.11028430167064827,11.028430167064828
short,train,2021-02-07 08:00:00+00:00,2021-02-07 08:00:00+00:00,5.9,6.21750883163263,sl,1,-0.05381505620892026,-0.054815056208920264,-5.481505620892026
short,train,2021-02-07 20:00:00+00:00,2021-02-08 04:00:00+00:00,6.551,6.932493404918691,sl,3,-0.0582343771819097,-0.0592343771819097,-5.92343771819097
short,train,2021-02-08 12:00:00+00:00,2021-02-08 16:00:00+00:00,7.488,7.89016891758337,sl,2,-0.05370845587384746,-0.05470845587384746,-5.470845587384746
short,train,2021-02-09 00:00:00+00:00,2021-02-09 00:00:00+00:00,7.865,8.285490565572399,sl,1,-0.05346351755529545,-0.05446351755529545,-5.4463517555295455
short,train,2021-02-09 08:00:00+00:00,2021-02-10 20:00:00+00:00,8.066,8.505989314192528,sl,10,-0.0545486380104794,-0.0555486380104794,-5.55486380104794
short,train,2021-02-11 04:00:00+00:00,2021-02-11 04:00:00+00:00,9.097,9.581744759706222,sl,1,-0.05328622179907909,-0.05428622179907909,-5.428622179907909
short,train,2021-02-12 04:00:00+00:00,2021-02-12 12:00:00+00:00,9.402,9.888266506309662,sl,3,-0.0517194752509746,-0.052719475250974604,-5.271947525097461
short,train,2021-02-14 20:00:00+00:00,2021-02-15 00:00:00+00:00,8.837,7.814865768496358,tp,2,0.11566529721666194,0.11466529721666194,11.466529721666193
short,train,2021-02-15 16:00:00+00:00,2021-02-17 00:00:00+00:00,8.919,7.7901456764337755,tp,9,0.12656736445411199,0.12556736445411198,12.556736445411198
short,train,2021-02-18 00:00:00+00:00,2021-02-18 04:00:00+00:00,8.235,8.63713070831789,sl,2,-0.04883190143508089,-0.04983190143508089,-4.983190143508089
short,train,2021-02-18 12:00:00+00:00,2021-02-18 12:00:00+00:00,8.512,8.879427174261812,sl,1,-0.04316578644993085,-0.04416578644993085,-4.416578644993085
short,train,2021-02-19 00:00:00+00:00,2021-02-19 04:00:00+00:00,8.993,9.374328900092273,sl,2,-0.04240285778853248,-0.04340285778853248,-4.340285778853248
short,train,2021-02-20 00:00:00+00:00,2021-02-20 12:00:00+00:00,11.47,10.054295436025047,tp,4,0.12342672746076318,0.12242672746076318,12.242672746076318
short,train,2021-02-21 16:00:00+00:00,2021-02-21 16:00:00+00:00,10.606,11.17990393051333,sl,1,-0.05411125122697812,-0.055111251226978124,-5.511125122697813
short,train,2021-02-22 00:00:00+00:00,2021-02-22 12:00:00+00:00,11.074,9.577867802847543,tp,4,0.13510314223879874,0.13410314223879874,13.410314223879874
short,train,2021-02-23 16:00:00+00:00,2021-02-24 12:00:00+00:00,15.409,16.67913839107423,sl,6,-0.08242834649063718,-0.08342834649063718,-8.342834649063718
short,train,2021-02-25 00:00:00+00:00,2021-02-25 20:00:00+00:00,17.755,14.72054742979006,tp,6,0.1709069315803965,0.1699069315803965,16.990693158039647
short,train,2021-02-27 04:00:00+00:00,2021-03-01 12:00:00+00:00,14.266,15.470567505693023,sl,15,-0.08443624741995111,-0.08543624741995111,-8.54362474199511
short,train,2021-03-02 00:00:00+00:00,2021-03-05 00:00:00+00:00,14.922,12.531262982609977,tp,19,0.1602155888882203,0.1592155888882203,15.92155888882203
short,train,2021-03-05 08:00:00+00:00,2021-03-06 20:00:00+00:00,12.498,13.115095187488528,sl,10,-0.04937551508149533,-0.050375515081495334,-5.037551508149534
short,train,2021-03-07 16:00:00+00:00,2021-03-09 04:00:00+00:00,13.548,14.063565961311557,sl,10,-0.03805476537581614,-0.03905476537581614,-3.905476537581614
short,train,2021-03-09 12:00:00+00:00,2021-03-09 12:00:00+00:00,14.302,14.770337726498662,sl,1,-0.032746310061436315,-0.033746310061436316,-3.3746310061436318
short,train,2021-03-09 20:00:00+00:00,2021-03-11 16:00:00+00:00,14.813,15.299383039685072,sl,12,-0.03283487745123008,-0.03383487745123008,-3.383487745123008
short,train,2021-03-12 00:00:00+00:00,2021-03-12 20:00:00+00:00,16.048,14.611400357538207,tp,6,0.08951892089118842,0.08851892089118842,8.851892089118842
short,train,2021-03-14 00:00:00+00:00,2021-03-15 04:00:00+00:00,15.322,13.85863326345947,tp,8,0.09550755361836111,0.0945075536183611,9.45075536183611
short,train,2021-03-15 16:00:00+00:00,2021-03-18 16:00:00+00:00,14.101,14.649486801987619,sl,19,-0.03889701453709794,-0.039897014537097944,-3.9897014537097943
short,train,2021-03-19 04:00:00+00:00,2021-03-20 04:00:00+00:00,14.108,14.506650114273526,sl,7,-0.02825702539506136,-0.02925702539506136,-2.925702539506136
short,train,2021-03-20 12:00:00+00:00,2021-03-21 00:00:00+00:00,14.804,13.94881732300318,tp,4,0.057767000607729026,0.056767000607729025,5.676700060772903
short,train,2021-03-21 08:00:00+00:00,2021-03-21 20:00:00+00:00,13.946,14.282722040437154,sl,4,-0.024144703889083182,-0.025144703889083183,-2.514470388908318
short,train,2021-03-22 12:00:00+00:00,2021-03-22 20:00:00+00:00,16.4,15.254508213277742,tp,3,0.06984706016599128,0.06884706016599128,6.884706016599128
short,train,2021-03-23 04:00:00+00:00,2021-03-24 20:00:00+00:00,15.096,13.77160779569517,tp,11,0.08773133308855527,0.08673133308855527,8.673133308855526
short,train,2021-03-25 04:00:00+00:00,2021-03-26 04:00:00+00:00,13.338,13.881320522537122,sl,7,-0.04073478201657839,-0.04173478201657839,-4.173478201657839
short,train,2021-03-26 12:00:00+00:00,2021-03-26 20:00:00+00:00,13.978,14.568643894472885,sl,3,-0.042255250713470104,-0.043255250713470104,-4.325525071347011
short,train,2021-03-27 12:00:00+00:00,2021-03-27 16:00:00+00:00,15.614,16.2496079492331,sl,2,-0.04070756687800036,-0.04170756687800036,-4.170756687800036
short,train,2021-03-28 04:00:00+00:00,2021-03-28 08:00:00+00:00,17.243,17.952430904780467,sl,2,-0.04114312502351497,-0.04214312502351497,-4.214312502351497
short,train,2021-03-28 16:00:00+00:00,2021-03-30 00:00:00+00:00,18.924,19.672666435059288,sl,9,-0.03956174355629297,-0.040561743556292974,-4.056174355629297
short,train,2021-03-30 08:00:00+00:00,2021-03-31 00:00:00+00:00,20.362,18.307331980524964,tp,5,0.10090698455333634,0.09990698455333634,9.990698455333634
short,train,2021-03-31 12:00:00+00:00,2021-04-01 04:00:00+00:00,19.432,20.24296750851536,sl,5,-0.04173360994829978,-0.04273360994829978,-4.273360994829978
short,train,2021-04-01 16:00:00+00:00,2021-04-03 00:00:00+00:00,19.44,20.165754672015495,sl,9,-0.037333059260056284,-0.038333059260056285,-3.8333059260056284
short,train,2021-04-04 08:00:00+00:00,2021-04-04 12:00:00+00:00,23.792,24.88286425127619,sl,2,-0.04585004418612085,-0.04685004418612085,-4.685004418612085
short,train,2021-04-05 12:00:00+00:00,2021-04-06 20:00:00+00:00,23.837,25.057140657471134,sl,9,-0.051186838002732486,-0.05218683800273249,-5.218683800273249
short,train,2021-04-07 12:00:00+00:00,2021-04-07 12:00:00+00:00,23.968,25.37084475569052,sl,1,-0.05852990469336281,-0.05952990469336281,-5.952990469336282
short,train,2021-04-07 20:00:00+00:00,2021-04-09 08:00:00+00:00,26.855,28.482371243427032,sl,10,-0.06059844510992484,-0.06159844510992484,-6.159844510992484
short,train,2021-04-09 16:00:00+00:00,2021-04-12 00:00:00+00:00,28.16,29.513147114632805,sl,15,-0.04805209924122175,-0.04905209924122175,-4.905209924122175
short,train,2021-04-12 08:00:00+00:00,2021-04-14 12:00:00+00:00,28.364,25.336888100748173,tp,14,0.10672373075912524,0.10572373075912524,10.572373075912523
short,train,2021-04-14 20:00:00+00:00,2021-04-15 04:00:00+00:00,25.422,26.648955620067817,sl,3,-0.04826353630980316,-0.04926353630980316,-4.926353630980316
short,train,2021-04-15 20:00:00+00:00,2021-04-18 00:00:00+00:00,27.322,24.428760063122112,tp,14,0.10589414892313471,0.10489414892313471,10.489414892313471
short,train,2021-04-19 08:00:00+00:00,2021-04-19 08:00:00+00:00,30.8,32.81606240213746,sl,1,-0.0654565714979695,-0.0664565714979695,-6.645657149796951
short,train,2021-04-21 00:00:00+00:00,2021-04-21 12:00:00+00:00,31.707,34.29344564681549,sl,4,-0.08157333228673451,-0.08257333228673451,-8.25733322867345
short,train,2021-04-23 00:00:00+00:00,2021-04-24 16:00:00+00:00,38.94,41.999025243269855,sl,11,-0.07855740224113657,-0.07955740224113657,-7.955740224113657
short,train,2021-04-25 08:00:00+00:00,2021-04-25 12:00:00+00:00,41.225,44.30910268753756,sl,2,-0.07481146604093533,-0.07581146604093533,-7.581146604093533
short,train,2021-04-26 04:00:00+00:00,2021-04-30 04:00:00+00:00,47.116,42.985,timeout,25,0.08767722217505731,0.08667722217505731,8.667722217505732
short,train,2021-05-01 04:00:00+00:00,2021-05-01 12:00:00+00:00,43.069,45.05895542023702,sl,3,-0.046203891899905196,-0.0472038918999052,-4.720389189990519
short,train,2021-05-02 00:00:00+00:00,2021-05-04 00:00:00+00:00,49.611,44.14903109917899,tp,13,0.11009592430753273,0.10909592430753273,10.909592430753273
short,train,2021-05-04 08:00:00+00:00,2021-05-08 08:00:00+00:00,45.941,44.238,timeout,25,0.03706928451709808,0.03606928451709808,3.606928451709808
short,train,2021-05-09 08:00:00+00:00,2021-05-10 20:00:00+00:00,44.726,39.90065401516774,tp,10,0.10788682164361357,0.10688682164361357,10.688682164361357
short,train,2021-05-11 08:00:00+00:00,2021-05-11 20:00:00+00:00,41.512,43.44031531120805,sl,4,-0.046451997282907415,-0.047451997282907415,-4.745199728290742
short,train,2021-05-12 04:00:00+00:00,2021-05-12 08:00:00+00:00,44.458,46.36628661949703,sl,2,-0.04292335731470227,-0.043923357314702274,-4.392335731470228
short,train,2021-05-12 16:00:00+00:00,2021-05-13 00:00:00+00:00,47.396,42.39340551837192,tp,3,0.10554887504489999,0.10454887504489999,10.45488750449
short,train,2021-05-13 08:00:00+00:00,2021-05-16 00:00:00+00:00,44.19,46.905084089856096,sl,17,-0.06144114256293502,-0.06244114256293502,-6.244114256293503
short,train,2021-05-16 08:00:00+00:00,2021-05-16 12:00:00+00:00,46.442,49.02910224257053,sl,2,-0.05570609023234423,-0.05670609023234423,-5.670609023234423
short,train,2021-05-17 12:00:00+00:00,2021-05-18 08:00:00+00:00,50.188,53.91760145038605,sl,6,-0.0743126135806577,-0.0753126135806577,-7.531261358065771
short,train,2021-05-18 16:00:00+00:00,2021-05-18 16:00:00+00:00,53.388,57.16615986028482,sl,1,-0.0707679602211138,-0.0717679602211138,-7.17679602211138
short,train,2021-05-19 00:00:00+00:00,2021-05-19 04:00:00+00:00,55.945,46.32066305627379,tp,2,0.17203211982708397,0.17103211982708397,17.103211982708398
short,train,2021-05-19 16:00:00+00:00,2021-05-20 00:00:00+00:00,46.488,34.33701028958947,tp,3,0.261379059335969,0.260379059335969,26.0379059335969
short,train,2021-05-20 12:00:00+00:00,2021-05-20 16:00:00+00:00,43.271,48.52239523527954,sl,2,-0.12136061647014255,-0.12236061647014256,-12.236061647014255
short,train,2021-05-21 00:00:00+00:00,2021-05-23 00:00:00+00:00,44.475,31.042702868158578,tp,13,0.3020190473713642,0.3010190473713642,30.10190473713642
short,train,2021-05-23 20:00:00+00:00,2021-05-24 00:00:00+00:00,22.923,27.28949825444677,sl,2,-0.1904854623935249,-0.1914854623935249,-19.14854623935249
short,train,2021-05-24 16:00:00+00:00,2021-05-26 04:00:00+00:00,30.306,34.22693457225469,sl,10,-0.12937816182454598,-0.13037816182454598,-13.037816182454598
short,train,2021-05-27 20:00:00+00:00,2021-05-29 12:00:00+00:00,34.457,26.73893942775554,tp,11,0.2239910779303033,0.2229910779303033,22.29910779303033
short,train,2021-05-30 12:00:00+00:00,2021-05-31 08:00:00+00:00,29.395,31.78392585888157,sl,6,-0.08126980298967752,-0.08226980298967752,-8.226980298967753
short,train,2021-05-31 16:00:00+00:00,2021-06-02 16:00:00+00:00,32.62,34.849631869810246,sl,13,-0.06835168209105605,-0.06935168209105605,-6.935168209105605
short,train,2021-06-04 04:00:00+00:00,2021-06-05 00:00:00+00:00,38.831,40.76019246122391,sl,6,-0.049681760995696884,-0.050681760995696885,-5.068176099569689
short,train,2021-06-05 08:00:00+00:00,2021-06-07 00:00:00+00:00,41.534,43.946249707128416,sl,11,-0.05807891624039142,-0.059078916240391424,-5.907891624039142
short,train,2021-06-07 08:00:00+00:00,2021-06-07 20:00:00+00:00,43.745,38.43622855955247,tp,4,0.12135721660641284,0.12035721660641284,12.035721660641284
short,train,2021-06-08 04:00:00+00:00,2021-06-08 16:00:00+00:00,37.51,39.9090412268237,sl,4,-0.0639573774146549,-0.0649573774146549,-6.49573774146549
short,train,2021-06-09 00:00:00+00:00,2021-06-12 00:00:00+00:00,41.269,34.42186351003741,tp,19,0.1659147662885601,0.1649147662885601,16.49147662885601
short,train,2021-06-12 12:00:00+00:00,2021-06-13 16:00:00+00:00,36.639,38.69369460691383,sl,8,-0.05607944012974773,-0.05707944012974773,-5.707944012974773
short,train,2021-06-14 04:00:00+00:00,2021-06-14 12:00:00+00:00,37.873,39.692391555450335,sl,3,-0.04803927746548564,-0.04903927746548564,-4.903927746548565
short,train,2021-06-15 04:00:00+00:00,2021-06-18 12:00:00+00:00,40.531,36.1383216924085,tp,21,0.10837823659893651,0.10737823659893651,10.737823659893651
short,train,2021-06-19 08:00:00+00:00,2021-06-20 08:00:00+00:00,36.323,32.32746710328117,tp,7,0.11000007974888715,0.10900007974888715,10.900007974888714
short,train,2021-06-20 16:00:00+00:00,2021-06-20 16:00:00+00:00,33.762,35.38917487086506,sl,1,-0.048195452605445825,-0.049195452605445826,-4.919545260544583
short,train,2021-06-21 12:00:00+00:00,2021-06-22 00:00:00+00:00,30.493,25.654033584741008,tp,4,0.15869105746430298,0.15769105746430298,15.769105746430299
short,train,2021-06-22 16:00:00+00:00,2021-06-23 00:00:00+00:00,25.648,28.284356133338697,sl,3,-0.10278993033915695,-0.10378993033915695,-10.378993033915695
short,train,2021-06-23 20:00:00+00:00,2021-06-24 00:00:00+00:00,28.474,31.193606285811896,sl,2,-0.0955119156357342,-0.0965119156357342,-9.65119156357342
short,train,2021-06-24 08:00:00+00:00,2021-06-24 16:00:00+00:00,29.441,32.07034657796237,sl,3,-0.08930901049428924,-0.09030901049428924,-9.030901049428925
short,train,2021-06-26 16:00:00+00:00,2021-06-27 00:00:00+00:00,28.437,30.65071004701116,sl,3,-0.0778461176288342,-0.0788461176288342,-7.88461176288342
short,train,2021-06-27 08:00:00+00:00,2021-06-28 04:00:00+00:00,30.59,32.633586933899565,sl,6,-0.06680571866294753,-0.06780571866294753,-6.780571866294753
short,train,2021-06-28 12:00:00+00:00,2021-06-28 12:00:00+00:00,31.588,33.37236591656013,sl,1,-0.05648872725592398,-0.05748872725592398,-5.748872725592398
short,train,2021-06-29 00:00:00+00:00,2021-06-29 12:00:00+00:00,33.032,34.83848648640036,sl,4,-0.05468898299831578,-0.05568898299831578,-5.568898299831578
short,train,2021-06-30 00:00:00+00:00,2021-06-30 20:00:00+00:00,33.952,35.55641101416285,sl,6,-0.04725527256605942,-0.04825527256605942,-4.825527256605942
short,train,2021-07-01 16:00:00+00:00,2021-07-03 08:00:00+00:00,33.489,35.31260970519339,sl,11,-0.05445399101774885,-0.05545399101774885,-5.545399101774885
short,train,2021-07-04 16:00:00+00:00,2021-07-07 08:00:00+00:00,34.901,36.16663988272985,sl,17,-0.03626371401191493,-0.03726371401191493,-3.7263714011914932
short,train,2021-07-07 20:00:00+00:00,2021-07-08 04:00:00+00:00,37.553,34.40964235413777,tp,3,0.08370456810007787,0.08270456810007787,8.270456810007786
short,train,2021-07-08 12:00:00+00:00,2021-07-10 20:00:00+00:00,34.969,31.503022471796363,tp,15,0.09911571758424999,0.09811571758424999,9.811571758424998
short,train,2021-07-11 04:00:00+00:00,2021-07-14 00:00:00+00:00,31.674,28.639973099604276,tp,18,0.09578919304147639,0.09478919304147639,9.478919304147638
short,train,2021-07-14 08:00:00+00:00,2021-07-14 08:00:00+00:00,28.091,29.080504393277646,sl,1,-0.03522496149220908,-0.03622496149220908,-3.622496149220908
short,train,2021-07-14 20:00:00+00:00,2021-07-16 08:00:00+00:00,30.506,27.64836411075894,tp,10,0.09367455219435716,0.09267455219435716,9.267455219435716
short,train,2021-07-17 12:00:00+00:00,2021-07-17 20:00:00+00:00,26.464,27.57189044177335,sl,3,-0.041864058410419805,-0.042864058410419806,-4.28640584104198
short,train,2021-07-18 12:00:00+00:00,2021-07-19 08:00:00+00:00,27.376,24.855159675189288,tp,6,0.09208212758659823,0.09108212758659823,9.108212758659823
short,train,2021-07-19 16:00:00+00:00,2021-07-21 04:00:00+00:00,24.183,25.136626499070445,sl,10,-0.03943375507879276,-0.04043375507879276,-4.043375507879276
short,train,2021-07-21 12:00:00+00:00,2021-07-21 16:00:00+00:00,26.207,27.267893841800092,sl,2,-0.04048131574770447,-0.04148131574770447,-4.1481315747704475
short,train,2021-07-22 08:00:00+00:00,2021-07-23 00:00:00+00:00,27.035,28.202079701172654,sl,5,-0.04316921402525073,-0.04416921402525073,-4.416921402525073
short,train,2021-07-23 12:00:00+00:00,2021-07-24 00:00:00+00:00,27.512,28.610809377253858,sl,4,-0.03993927657945106,-0.04093927657945106,-4.093927657945106
short,train,2021-07-24 12:00:00+00:00,2021-07-26 00:00:00+00:00,28.653,29.726793654272097,sl,10,-0.03747578453467693,-0.038475784534676934,-3.8475784534676936
short,train,2021-07-26 08:00:00+00:00,2021-07-29 16:00:00+00:00,29.73,30.920130129599674,sl,21,-0.04003128589302634,-0.04103128589302634,-4.103128589302634
short,train,2021-07-30 00:00:00+00:00,2021-07-30 00:00:00+00:00,31.256,32.38133425863195,sl,1,-0.036003783549780906,-0.03700378354978091,-3.7003783549780906
short,train,2021-07-30 16:00:00+00:00,2021-07-30 20:00:00+00:00,31.009,32.263333552706875,sl,2,-0.040450628936982,-0.041450628936982,-4.1450628936982
short,train,2021-08-01 04:00:00+00:00,2021-08-03 04:00:00+00:00,36.109,32.50381118111401,tp,13,0.09984183496873333,0.09884183496873333,9.884183496873334
short,train,2021-08-03 20:00:00+00:00,2021-08-04 16:00:00+00:00,34.65,36.010072851455064,sl,6,-0.03925174174473493,-0.040251741744734934,-4.025174174473493
short,train,2021-08-05 04:00:00+00:00,2021-08-06 12:00:00+00:00,37.231,38.50758704777451,sl,9,-0.034288282554175424,-0.035288282554175425,-3.5288282554175425
short,train,2021-08-07 00:00:00+00:00,2021-08-10 08:00:00+00:00,39.501,40.85108436522916,sl,21,-0.03417848574033987,-0.03517848574033987,-3.517848574033987
short,train,2021-08-10 20:00:00+00:00,2021-08-11 04:00:00+00:00,40.626,42.02742767306648,sl,3,-0.03449583205500121,-0.03549583205500121,-3.549583205500121
short,train,2021-08-12 04:00:00+00:00,2021-08-12 12:00:00+00:00,43.003,39.4044368235177,tp,3,0.08368167747557848,0.08268167747557847,8.268167747557847
short,train,2021-08-13 00:00:00+00:00,2021-08-13 04:00:00+00:00,41.104,42.67409844669308,sl,2,-0.03819819109315591,-0.039198191093155914,-3.919819109315591
short,train,2021-08-14 00:00:00+00:00,2021-08-15 08:00:00+00:00,44.851,46.3673565095358,sl,9,-0.03380875587023263,-0.03480875587023263,-3.480875587023263
short,train,2021-08-16 08:00:00+00:00,2021-08-16 12:00:00+00:00,61.936,64.69995593421713,sl,2,-0.04462599997121431,-0.04562599997121431,-4.562599997121431
short,train,2021-08-17 04:00:00+00:00,2021-08-17 20:00:00+00:00,71.933,61.57109515434751,tp,5,0.1440493910396132,0.1430493910396132,14.30493910396132
short,train,2021-08-18 16:00:00+00:00,2021-08-22 16:00:00+00:00,77.377,73.126,timeout,25,0.05493880610517325,0.05393880610517325,5.393880610517325
short,train,2021-08-23 00:00:00+00:00,2021-08-23 20:00:00+00:00,72.755,76.33730569581321,sl,6,-0.049237931356102244,-0.050237931356102244,-5.023793135610225
short,train,2021-08-24 08:00:00+00:00,2021-08-24 16:00:00+00:00,77.24,68.65973387897566,tp,3,0.11108578613444249,0.11008578613444249,11.008578613444248
short,train,2021-08-25 00:00:00+00:00,2021-08-26 12:00:00+00:00,70.527,74.12138200939792,sl,10,-0.0509646236107862,-0.0519646236107862,-5.19646236107862
short,train,2021-08-27 08:00:00+00:00,2021-08-27 16:00:00+00:00,81.912,86.36273852414597,sl,3,-0.05433561046178779,-0.05533561046178779,-5.533561046178779
short,train,2021-08-30 12:00:00+00:00,2021-08-30 12:00:00+00:00,100.969,105.0925701846982,sl,1,-0.040839962609298,-0.041839962609298,-4.1839962609298
short,train,2021-08-31 04:00:00+00:00,2021-08-31 08:00:00+00:00,115.106,120.37932150783958,sl,2,-0.04581274223619606,-0.04681274223619606,-4.681274223619606
short,train,2021-08-31 20:00:00+00:00,2021-09-02 12:00:00+00:00,114.674,121.2324195800033,sl,11,-0.057191861973972205,-0.058191861973972206,-5.8191861973972205
short,train,2021-09-04 12:00:00+00:00,2021-09-06 12:00:00+00:00,141.603,148.4520623256481,sl,13,-0.048368059473655765,-0.049368059473655766,-4.936805947365577
short,train,2021-09-07 00:00:00+00:00,2021-09-07 00:00:00+00:00,164.213,171.16088441400277,sl,1,-0.04231019720730254,-0.04331019720730254,-4.331019720730254
short,train,2021-09-07 16:00:00+00:00,2021-09-07 16:00:00+00:00,168.744,177.639713213398,sl,1,-0.05271721195063535,-0.05371721195063535,-5.371721195063535
short,train,2021-09-08 00:00:00+00:00,2021-09-08 16:00:00+00:00,173.476,184.54222720951154,sl,5,-0.06379111352297458,-0.06479111352297458,-6.4791113522974575
short,train,2021-09-09 00:00:00+00:00,2021-09-09 00:00:00+00:00,190.942,205.11160617240097,sl,1,-0.07420895440710247,-0.07520895440710247,-7.520895440710247
short,train,2021-09-09 08:00:00+00:00,2021-09-10 12:00:00+00:00,207.619,170.3018897559214,tp,8,0.17973841625322637,0.17873841625322637,17.873841625322637
short,train,2021-09-10 20:00:00+00:00,2021-09-14 20:00:00+00:00,181.853,145.52932763474163,tp,25,0.19974194742598897,0.19874194742598897,19.874194742598895
short,train,2021-09-15 12:00:00+00:00,2021-09-18 20:00:00+00:00,157.893,168.70763980884814,sl,21,-0.06849347221756596,-0.06949347221756597,-6.949347221756597
short,train,2021-09-19 04:00:00+00:00,2021-09-20 04:00:00+00:00,164.272,142.80939084691522,tp,7,0.13065287543272602,0.12965287543272602,12.965287543272602
short,train,2021-09-20 12:00:00+00:00,2021-09-20 12:00:00+00:00,137.471,145.81373378466688,sl,1,-0.06068722701272906,-0.06168722701272906,-6.168722701272906
short,train,2021-09-21 04:00:00+00:00,2021-09-22 16:00:00+00:00,136.503,146.3696493810878,sl,10,-0.07228155704334575,-0.07328155704334575,-7.328155704334575
short,train,2021-09-23 00:00:00+00:00,2021-09-27 00:00:00+00:00,148.067,139.261,timeout,25,0.0594730763775859,0.0584730763775859,5.84730763775859
short,train,2021-09-27 08:00:00+00:00,2021-09-27 08:00:00+00:00,138.238,145.46156631759936,sl,1,-0.052254563272033476,-0.05325456327203348,-5.325456327203348
short,train,2021-09-28 04:00:00+00:00,2021-10-01 08:00:00+00:00,138.123,145.071218768148,sl,20,-0.05030457467726589,-0.05130457467726589,-5.130457467726589
short,train,2021-10-02 00:00:00+00:00,2021-10-02 12:00:00+00:00,161.632,168.1093155100115,sl,4,-0.040074462420878865,-0.041074462420878866,-4.107446242087887
short,train,2021-10-03 08:00:00+00:00,2021-10-06 04:00:00+00:00,171.649,155.71938435602115,tp,18,0.09280342818180617,0.09180342818180617,9.180342818180618
short,train,2021-10-06 12:00:00+00:00,2021-10-06 12:00:00+00:00,152.912,158.95609666053844,sl,1,-0.03952663401524033,-0.04052663401524033,-4.052663401524033
short,train,2021-10-06 20:00:00+00:00,2021-10-08 08:00:00+00:00,159.832,166.0578690593418,sl,10,-0.03895258183180977,-0.03995258183180977,-3.995258183180977
short,train,2021-10-09 04:00:00+00:00,2021-10-11 16:00:00+00:00,160.035,144.38089330380495,tp,16,0.09781676943290557,0.09681676943290557,9.681676943290556
short,train,2021-10-12 08:00:00+00:00,2021-10-12 16:00:00+00:00,143.346,148.30560125905154,sl,3,-0.03459881167979252,-0.03559881167979252,-3.559881167979252
short,train,2021-10-13 00:00:00+00:00,2021-10-14 08:00:00+00:00,152.346,157.85756951686201,sl,9,-0.03617797327702736,-0.03717797327702736,-3.717797327702736
short,train,2021-10-14 16:00:00+00:00,2021-10-15 04:00:00+00:00,152.86,158.0153713753833,sl,4,-0.03372609822964335,-0.03472609822964335,-3.472609822964335
short,train,2021-10-15 16:00:00+00:00,2021-10-17 08:00:00+00:00,159.355,165.06160741087396,sl,11,-0.03581065803315849,-0.03681065803315849,-3.681065803315849
short,train,2021-10-17 16:00:00+00:00,2021-10-20 12:00:00+00:00,160.724,166.19564753790132,sl,18,-0.034043749146993194,-0.035043749146993194,-3.5043749146993193
short,train,2021-10-21 04:00:00+00:00,2021-10-21 08:00:00+00:00,184.169,189.4758341359821,sl,2,-0.02881502389643255,-0.02981502389643255,-2.981502389643255
short,train,2021-10-21 20:00:00+00:00,2021-10-22 00:00:00+00:00,184.74,191.32861544038383,sl,2,-0.03566426025973703,-0.03666426025973703,-3.6664260259737027
short,train,2021-10-23 12:00:00+00:00,2021-10-25 04:00:00+00:00,202.32,210.58539227480546,sl,11,-0.04085306581062408,-0.041853065810624084,-4.185306581062409
short,train,2021-10-25 12:00:00+00:00,2021-10-25 12:00:00+00:00,207.899,215.6905550754694,sl,1,-0.03747759765785023,-0.03847759765785023,-3.847759765785023
short,train,2021-10-26 00:00:00+00:00,2021-10-27 08:00:00+00:00,209.741,189.3794971749214,tp,9,0.09707926835992303,0.09607926835992303,9.607926835992304
short,train,2021-10-27 16:00:00+00:00,2021-10-28 08:00:00+00:00,188.976,197.40880191657573,sl,5,-0.04462366605587867,-0.04562366605587867,-4.562366605587867
short,train,2021-10-28 20:00:00+00:00,2021-11-01 00:00:00+00:00,198.269,206.71347096269454,sl,20,-0.04259097974314965,-0.04359097974314965,-4.359097974314965
short,train,2021-11-01 08:00:00+00:00,2021-11-02 20:00:00+00:00,209.948,217.79780278220585,sl,10,-0.03738927154441024,-0.03838927154441024,-3.8389271544410244
short,train,2021-11-03 08:00:00+00:00,2021-11-03 20:00:00+00:00,232.39,240.2469237859149,sl,4,-0.03380921634285002,-0.03480921634285002,-3.4809216342850022
short,train,2021-11-04 08:00:00+00:00,2021-11-04 20:00:00+00:00,237.857,246.7108321570105,sl,4,-0.03722334073418267,-0.03822334073418267,-3.8223340734182667
short,train,2021-11-05 08:00:00+00:00,2021-11-06 12:00:00+00:00,242.844,251.34731762806467,sl,8,-0.035015555780932114,-0.036015555780932115,-3.6015555780932114
short,train,2021-11-06 20:00:00+00:00,2021-11-10 20:00:00+00:00,254.276,232.54790544112393,tp,25,0.08545082728561122,0.08445082728561122,8.445082728561122
short,train,2021-11-11 08:00:00+00:00,2021-11-12 12:00:00+00:00,244.19,223.79347227066398,tp,8,0.08352728502123762,0.08252728502123761,8.25272850212376
short,train,2021-11-13 00:00:00+00:00,2021-11-13 12:00:00+00:00,228.494,236.20739437805528,sl,4,-0.033757535769233696,-0.0347575357692337,-3.4757535769233696
short,train,2021-11-14 00:00:00+00:00,2021-11-16 08:00:00+00:00,241.57,223.8867170880295,tp,15,0.0732014857472802,0.0722014857472802,7.220148574728021
short,train,2021-11-16 16:00:00+00:00,2021-11-18 08:00:00+00:00,225.326,207.4537052877046,tp,11,0.07931749870097281,0.0783174987009728,7.831749870097281
short,train,2021-11-20 08:00:00+00:00,2021-11-21 16:00:00+00:00,212.848,221.28567143007078,sl,9,-0.03964176985487655,-0.04064176985487655,-4.064176985487656
short,train,2021-11-22 08:00:00+00:00,2021-11-22 12:00:00+00:00,216.092,224.4167783101539,sl,2,-0.03852423185566275,-0.03952423185566275,-3.952423185566275
short,train,2021-11-23 00:00:00+00:00,2021-11-23 16:00:00+00:00,215.567,224.29562334226117,sl,5,-0.04049146363896681,-0.04149146363896681,-4.149146363896681
short,train,2021-11-24 08:00:00+00:00,2021-11-26 08:00:00+00:00,216.898,196.93146072105895,tp,13,0.09205497182519452,0.09105497182519452,9.105497182519452
short,train,2021-11-27 16:00:00+00:00,2021-11-29 04:00:00+00:00,196.39,203.92929705341277,sl,10,-0.03838941419325211,-0.03938941419325211,-3.9389414193252112
short,train,2021-11-29 12:00:00+00:00,2021-11-29 12:00:00+00:00,203.465,210.29837901915047,sl,1,-0.03358503437520198,-0.03458503437520198,-3.458503437520198
short,train,2021-11-29 20:00:00+00:00,2021-11-30 12:00:00+00:00,206.083,212.98393905222667,sl,5,-0.03348621211951823,-0.03448621211951823,-3.448621211951823
short,train,2021-11-30 20:00:00+00:00,2021-12-01 08:00:00+00:00,215.431,222.5118712743706,sl,4,-0.03286839533015487,-0.03386839533015487,-3.386839533015487
short,train,2021-12-01 20:00:00+00:00,2021-12-02 20:00:00+00:00,230.133,237.70614429507654,sl,7,-0.0329076850998185,-0.0339076850998185,-3.39076850998185
short,train,2021-12-03 08:00:00+00:00,2021-12-03 20:00:00+00:00,232.491,210.8568955188344,tp,4,0.09305351381845156,0.09205351381845156,9.205351381845157
short,train,2021-12-05 04:00:00+00:00,2021-12-09 04:00:00+00:00,196.564,190.82,timeout,25,0.029222034553631388,0.028222034553631387,2.8222034553631388
short,train,2021-12-09 12:00:00+00:00,2021-12-10 20:00:00+00:00,187.627,168.38839326790895,tp,9,0.10253645121486277,0.10153645121486277,10.153645121486276
short,train,2021-12-11 08:00:00+00:00,2021-12-12 16:00:00+00:00,169.178,176.38369003772908,sl,9,-0.04259235856747972,-0.04359235856747972,-4.359235856747972
short,train,2021-12-13 04:00:00+00:00,2021-12-13 16:00:00+00:00,167.43,153.50130679318505,tp,4,0.08319114380227531,0.08219114380227531,8.21911438022753
short,train,2021-12-14 00:00:00+00:00,2021-12-14 20:00:00+00:00,155.194,161.83780483157162,sl,6,-0.0428096758352232,-0.0438096758352232,-4.38096758352232
short,train,2021-12-15 16:00:00+00:00,2021-12-15 16:00:00+00:00,157.625,164.15828465275132,sl,1,-0.04144827694053177,-0.04244827694053177,-4.244827694053177
short,train,2021-12-16 08:00:00+00:00,2021-12-16 08:00:00+00:00,178.314,185.549700983112,sl,1,-0.04057842336054374,-0.041578423360543744,-4.157842336054374
short,train,2021-12-17 00:00:00+00:00,2021-12-19 00:00:00+00:00,176.909,184.30264134159364,sl,13,-0.04179347202004223,-0.04279347202004223,-4.279347202004223
short,train,2021-12-19 12:00:00+00:00,2021-12-20 12:00:00+00:00,184.863,170.31546532623878,tp,7,0.0786935983607386,0.0776935983607386,7.76935983607386
short,train,2021-12-21 04:00:00+00:00,2021-12-21 12:00:00+00:00,175.507,181.1933873521028,sl,3,-0.03239977523462197,-0.033399775234621974,-3.3399775234621973
short,train,2021-12-21 20:00:00+00:00,2021-12-22 04:00:00+00:00,177.011,182.31928478142981,sl,3,-0.02998844581088079,-0.03098844581088079,-3.098844581088079
short,train,2021-12-22 12:00:00+00:00,2021-12-23 16:00:00+00:00,185.557,190.87669095279094,sl,8,-0.028668769988687844,-0.029668769988687844,-2.9668769988687846
short,train,2021-12-24 04:00:00+00:00,2021-12-24 12:00:00+00:00,187.709,193.24424826527,sl,3,-0.029488454284397576,-0.030488454284397577,-3.0488454284397575
short,train,2021-12-26 12:00:00+00:00,2021-12-27 04:00:00+00:00,196.507,201.5915525916509,sl,5,-0.02587466396439257,-0.02687466396439257,-2.687466396439257
short,train,2021-12-27 12:00:00+00:00,2021-12-28 00:00:00+00:00,200.192,188.20101779593264,tp,4,0.0598974095072099,0.0588974095072099,5.88974095072099
short,train,2021-12-28 08:00:00+00:00,2021-12-28 16:00:00+00:00,190.014,176.89480155776837,tp,3,0.06904332545092275,0.06804332545092275,6.804332545092275
short,train,2021-12-29 12:00:00+00:00,2022-01-02 12:00:00+00:00,175.514,176.24,timeout,25,-0.004136422165753154,-0.005136422165753154,-0.5136422165753154
short,train,2022-01-03 04:00:00+00:00,2022-01-05 16:00:00+00:00,172.773,163.76435572304283,tp,16,0.05214150519442951,0.05114150519442951,5.114150519442951
short,train,2022-01-06 00:00:00+00:00,2022-01-07 00:00:00+00:00,154.48,142.88688475454512,tp,7,0.07504605933101287,0.07404605933101287,7.404605933101287
short,train,2022-01-07 12:00:00+00:00,2022-01-08 04:00:00+00:00,139.208,144.55829809836493,sl,5,-0.03843384071579888,-0.03943384071579888,-3.9433840715798882
short,train,2022-01-09 00:00:00+00:00,2022-01-12 12:00:00+00:00,142.14,148.57285679832546,sl,22,-0.04525718867542898,-0.04625718867542898,-4.625718867542898
short,train,2022-01-13 04:00:00+00:00,2022-01-13 12:00:00+00:00,148.664,153.3828995827678,sl,3,-0.0317420463781939,-0.032742046378193904,-3.2742046378193903
short,train,2022-01-14 00:00:00+00:00,2022-01-16 12:00:00+00:00,146.138,151.06227890496632,sl,16,-0.03369608797825558,-0.03469608797825558,-3.469608797825558
short,train,2022-01-17 00:00:00+00:00,2022-01-17 16:00:00+00:00,148.006,138.84786664449376,tp,5,0.06187677091135655,0.06087677091135655,6.087677091135655
short,train,2022-01-18 00:00:00+00:00,2022-01-20 12:00:00+00:00,139.812,143.28737093088117,sl,16,-0.024857458092875824,-0.025857458092875825,-2.5857458092875825
short,train,2022-01-21 08:00:00+00:00,2022-01-21 20:00:00+00:00,126.514,115.26752496090353,tp,4,0.08889510282732715,0.08789510282732715,8.789510282732715
short,train,2022-01-23 12:00:00+00:00,2022-01-24 08:00:00+00:00,101.859,83.98272289892141,tp,6,0.17550022188592648,0.17450022188592648,17.450022188592648
short,train,2022-01-24 20:00:00+00:00,2022-01-25 16:00:00+00:00,89.608,96.92902815710029,sl,6,-0.08170060884184767,-0.08270060884184767,-8.270060884184767
short,train,2022-01-26 04:00:00+00:00,2022-01-26 12:00:00+00:00,94.667,100.89515123640727,sl,3,-0.0657900983067729,-0.0667900983067729,-6.67900983067729
short,train,2022-01-26 20:00:00+00:00,2022-01-30 20:00:00+00:00,98.177,93.277,timeout,25,0.04990985668741157,0.04890985668741157,4.890985668741156
short,train,2022-01-31 08:00:00+00:00,2022-01-31 12:00:00+00:00,90.289,94.03672156448177,sl,2,-0.04150806371187813,-0.04250806371187813,-4.250806371187813
short,train,2022-02-01 12:00:00+00:00,2022-02-01 12:00:00+00:00,106.345,110.49090957956535,sl,1,-0.03898546785994034,-0.03998546785994034,-3.9985467859940336
short,train,2022-02-01 20:00:00+00:00,2022-02-01 20:00:00+00:00,107.862,112.18112101503338,sl,1,-0.04004302734080018,-0.04104302734080018,-4.104302734080019
short,train,2022-02-02 08:00:00+00:00,2022-02-02 20:00:00+00:00,108.537,97.938219141738,tp,4,0.0976513157564886,0.0966513157564886,9.665131575648859
short,train,2022-02-03 08:00:00+00:00,2022-02-04 04:00:00+00:00,99.402,104.48618931980333,sl,6,-0.051147756783599216,-0.05214775678359922,-5.2147756783599215
short,train,2022-02-04 12:00:00+00:00,2022-02-04 12:00:00+00:00,104.783,109.60657914732536,sl,1,-0.046033985926394176,-0.04703398592639418,-4.7033985926394175
short,train,2022-02-05 12:00:00+00:00,2022-02-07 04:00:00+00:00,114.977,119.66943411739082,sl,11,-0.04081193732129745,-0.041811937321297454,-4.181193732129746
short,train,2022-02-07 12:00:00+00:00,2022-02-07 12:00:00+00:00,117.55,121.53908460442527,sl,1,-0.03393521569055953,-0.03493521569055953,-3.4935215690559533
short,train,2022-02-07 20:00:00+00:00,2022-02-08 20:00:00+00:00,120.044,110.10314160525675,tp,7,0.0828101229111263,0.0818101229111263,8.18101229111263
short,train,2022-02-09 08:00:00+00:00,2022-02-09 12:00:00+00:00,111.532,115.47906767097743,sl,2,-0.035389553410478,-0.036389553410478004,-3.6389553410478004
short,train,2022-02-10 00:00:00+00:00,2022-02-11 00:00:00+00:00,113.953,104.4618536839607,tp,7,0.08329000830201316,0.08229000830201316,8.229000830201317
short,train,2022-02-11 08:00:00+00:00,2022-02-11 20:00:00+00:00,105.739,96.13987764816422,tp,4,0.09078128554115121,0.08978128554115121,8.978128554115122
short,train,2022-02-13 04:00:00+00:00,2022-02-15 00:00:00+00:00,95.989,99.80206749443295,sl,12,-0.03972400477589039,-0.04072400477589039,-4.072400477589039
short,train,2022-02-15 08:00:00+00:00,2022-02-15 20:00:00+00:00,101.979,105.52819734765,sl,4,-0.034803217796311084,-0.035803217796311085,-3.5803217796311086
short,train,2022-02-16 04:00:00+00:00,2022-02-17 16:00:00+00:00,102.816,94.27738501721282,tp,10,0.08304753134519122,0.08204753134519122,8.204753134519121
short,train,2022-02-18 08:00:00+00:00,2022-02-20 04:00:00+00:00,95.207,86.66470316667214,tp,12,0.08972341144377886,0.08872341144377886,8.872341144377886
short,train,2022-02-20 12:00:00+00:00,2022-02-20 16:00:00+00:00,89.182,92.3376027672889,sl,2,-0.03538385287713773,-0.03638385287713773,-3.6383852877137732
short,train,2022-02-21 04:00:00+00:00,2022-02-21 20:00:00+00:00,93.833,85.34552377677673,tp,5,0.09045299865956825,0.08945299865956825,8.945299865956825
short,train,2022-02-22 12:00:00+00:00,2022-02-23 04:00:00+00:00,85.185,88.99088894144985,sl,5,-0.04467792382989788,-0.04567792382989788,-4.567792382989788
short,train,2022-02-23 16:00:00+00:00,2022-02-24 00:00:00+00:00,89.737,80.64885061243012,tp,3,0.10127538682561119,0.10027538682561118,10.027538682561119
short,train,2022-02-25 08:00:00+00:00,2022-02-25 20:00:00+00:00,88.767,93.6015467826695,sl,4,-0.054463334151987855,-0.055463334151987856,-5.546333415198785
short,train,2022-02-26 04:00:00+00:00,2022-02-28 20:00:00+00:00,92.75,97.30139303857342,sl,17,-0.049071623057395396,-0.0500716230573954,-5.00716230573954
short,train,2022-03-01 04:00:00+00:00,2022-03-01 12:00:00+00:00,97.284,101.61751832778411,sl,3,-0.04454502618913804,-0.04554502618913804,-4.554502618913804
short,train,2022-03-01 20:00:00+00:00,2022-03-02 00:00:00+00:00,97.709,101.92194275718039,sl,2,-0.043117243623211635,-0.044117243623211636,-4.411724362321164
short,train,2022-03-02 16:00:00+00:00,2022-03-04 16:00:00+00:00,101.639,90.3913511309379,tp,13,0.11066272660162034,0.10966272660162034,10.966272660162034
short,train,2022-03-05 00:00:00+00:00,2022-03-09 00:00:00+00:00,88.333,88.162,timeout,25,0.0019358563617220322,0.0009358563617220322,0.09358563617220322
short,train,2022-03-09 08:00:00+00:00,2022-03-10 12:00:00+00:00,89.238,81.3875353881115,tp,8,0.08797221600538445,0.08697221600538445,8.697221600538445
short,train,2022-03-10 20:00:00+00:00,2022-03-14 20:00:00+00:00,82.457,81.232,timeout,25,0.0148562280946432,0.013856228094643201,1.3856228094643201
short,train,2022-03-15 04:00:00+00:00,2022-03-15 16:00:00+00:00,79.631,81.60443636837725,sl,4,-0.024782262791843,-0.025782262791843,-2.5782262791843
short,train,2022-03-16 00:00:00+00:00,2022-03-16 00:00:00+00:00,82.838,84.9979174144774,sl,1,-0.026073992786853926,-0.027073992786853927,-2.7073992786853927
short,train,2022-03-17 08:00:00+00:00,2022-03-17 12:00:00+00:00,87.23,89.55866838331949,sl,2,-0.026695728342536758,-0.02769572834253676,-2.769572834253676
short,train,2022-03-18 04:00:00+00:00,2022-03-18 12:00:00+00:00,85.925,88.31301882409086,sl,3,-0.027791897865474122,-0.028791897865474123,-2.8791897865474123
short,train,2022-03-20 00:00:00+00:00,2022-03-23 12:00:00+00:00,92.328,94.84775869455265,sl,22,-0.027291381753667895,-0.028291381753667896,-2.8291381753667895
short,train,2022-03-25 04:00:00+00:00,2022-03-27 20:00:00+00:00,103.485,106.36440913354576,sl,17,-0.027824410625170447,-0.02882441062517045,-2.882441062517045
short,train,2022-03-28 04:00:00+00:00,2022-03-28 04:00:00+00:00,106.844,109.53985484205062,sl,1,-0.025231691457177026,-0.026231691457177027,-2.6231691457177027
short,train,2022-03-28 12:00:00+00:00,2022-03-28 12:00:00+00:00,110.041,113.05574728727835,sl,1,-0.02739658206739628,-0.02839658206739628,-2.839658206739628
short,train,2022-03-29 08:00:00+00:00,2022-03-29 08:00:00+00:00,109.882,113.46620081576026,sl,1,-0.0326186346786576,-0.033618634678657604,-3.3618634678657604
short,train,2022-03-29 20:00:00+00:00,2022-03-30 12:00:00+00:00,113.863,117.6801567755923,sl,5,-0.033524119122035206,-0.03452411912203521,-3.452411912203521
short,train,2022-03-31 00:00:00+00:00,2022-03-31 08:00:00+00:00,120.792,125.18764491468681,sl,3,-0.036390198975816385,-0.037390198975816386,-3.7390198975816387
short,train,2022-03-31 20:00:00+00:00,2022-04-01 12:00:00+00:00,122.991,127.72360725499199,sl,5,-0.03847929730624184,-0.03947929730624184,-3.947929730624184
short,train,2022-04-02 08:00:00+00:00,2022-04-02 12:00:00+00:00,135.795,140.80788709981346,sl,2,-0.03691510806593372,-0.03791510806593372,-3.791510806593372
short,train,2022-04-03 12:00:00+00:00,2022-04-04 16:00:00+00:00,139.092,126.34464554274457,tp,8,0.09164692762527996,0.09064692762527995,9.064692762527995
short,train,2022-04-05 04:00:00+00:00,2022-04-06 00:00:00+00:00,133.37,121.3686146148696,tp,6,0.08998564433628556,0.08898564433628556,8.898564433628556
short,train,2022-04-06 20:00:00+00:00,2022-04-10 20:00:00+00:00,118.842,111.073,timeout,25,0.06537251140169305,0.06437251140169305,6.437251140169304
short,train,2022-04-11 08:00:00+00:00,2022-04-11 12:00:00+00:00,111.096,101.73959782314941,tp,2,0.08421907338563579,0.08321907338563579,8.321907338563578
short,train,2022-04-11 20:00:00+00:00,2022-04-12 08:00:00+00:00,101.371,105.36875445809632,sl,4,-0.03943686515962479,-0.04043686515962479,-4.043686515962479
short,train,2022-04-13 00:00:00+00:00,2022-04-14 00:00:00+00:00,103.242,107.29963237552262,sl,7,-0.03930214811339005,-0.04030214811339005,-4.030214811339005
short,train,2022-04-14 12:00:00+00:00,2022-04-18 08:00:00+00:00,103.658,94.79877158074486,tp,24,0.08546594010356312,0.08446594010356312,8.446594010356312
short,train,2022-04-18 16:00:00+00:00,2022-04-18 16:00:00+00:00,98.659,101.31796164438815,sl,1,-0.026951029752867374,-0.027951029752867375,-2.7951029752867376
short,train,2022-04-19 04:00:00+00:00,2022-04-19 12:00:00+00:00,101.427,104.17618722037929,sl,3,-0.027105082674034366,-0.028105082674034366,-2.8105082674034367
short,train,2022-04-19 20:00:00+00:00,2022-04-20 08:00:00+00:00,106.881,109.69370692423087,sl,4,-0.026316248203430606,-0.027316248203430607,-2.7316248203430606
short,train,2022-04-21 00:00:00+00:00,2022-04-21 08:00:00+00:00,105.583,108.58087616740373,sl,3,-0.02839354978930066,-0.02939354978930066,-2.939354978930066
short,train,2022-04-21 16:00:00+00:00,2022-04-21 20:00:00+00:00,107.753,100.60910876866294,tp,2,0.06629876877058703,0.06529876877058703,6.529876877058703
short,train,2022-04-22 08:00:00+00:00,2022-04-25 04:00:00+00:00,102.634,95.46160828930086,tp,18,0.06988319378275372,0.06888319378275372,6.888319378275372
short,train,2022-04-26 00:00:00+00:00,2022-04-26 20:00:00+00:00,101.003,94.82831335445928,tp,6,0.06113369548964602,0.06013369548964602,6.013369548964602
short,train,2022-04-27 16:00:00+00:00,2022-04-30 12:00:00+00:00,98.183,91.74143386109522,tp,18,0.06560775428439536,0.06460775428439536,6.460775428439536
short,train,2022-04-30 20:00:00+00:00,2022-04-30 20:00:00+00:00,91.57,86.07119448053747,tp,1,0.060050295068936575,0.059050295068936574,5.905029506893658
short,train,2022-05-01 08:00:00+00:00,2022-05-01 16:00:00+00:00,88.953,91.80408720499405,sl,3,-0.03205161382970832,-0.03305161382970832,-3.3051613829708324
short,train,2022-05-02 00:00:00+00:00,2022-05-04 20:00:00+00:00,89.735,92.77520133959379,sl,18,-0.03387977199079281,-0.03487977199079281,-3.4879771990792814
short,train,2022-05-05 12:00:00+00:00,2022-05-05 12:00:00+00:00,92.321,86.35675169075161,tp,1,0.06460337636343183,0.06360337636343183,6.360337636343183
short,train,2022-05-06 00:00:00+00:00,2022-05-07 20:00:00+00:00,84.517,77.15866871887073,tp,12,0.08706332786456296,0.08606332786456296,8.606332786456296
short,train,2022-05-08 16:00:00+00:00,2022-05-09 08:00:00+00:00,77.13,71.06796737267835,tp,5,0.07859500359550943,0.07759500359550943,7.759500359550943
short,train,2022-05-10 04:00:00+00:00,2022-05-10 04:00:00+00:00,64.45,68.07547116796545,sl,1,-0.056252461876888184,-0.057252461876888185,-5.7252461876888185
short,train,2022-05-10 12:00:00+00:00,2022-05-11 04:00:00+00:00,71.556,61.60490781395204,tp,5,0.1390671947292744,0.1380671947292744,13.806719472927439
short,train,2022-05-11 12:00:00+00:00,2022-05-11 12:00:00+00:00,61.421,50.27824972316408,tp,1,0.18141596973080737,0.18041596973080737,18.041596973080736
short,train,2022-05-12 08:00:00+00:00,2022-05-13 00:00:00+00:00,44.782,50.988038781115925,sl,5,-0.1385833321672978,-0.1395833321672978,-13.958333216729779
short,train,2022-05-13 08:00:00+00:00,2022-05-13 12:00:00+00:00,49.102,55.18252278374649,sl,2,-0.12383452372095832,-0.12483452372095832,-12.483452372095833
short,train,2022-05-15 12:00:00+00:00,2022-05-15 20:00:00+00:00,53.445,58.03838518634646,sl,3,-0.08594602275884479,-0.08694602275884479,-8.69460227588448
short,train,2022-05-16 12:00:00+00:00,2022-05-17 12:00:00+00:00,53.856,57.95532255744893,sl,7,-0.0761163576472246,-0.0771163576472246,-7.711635764722461
short,train,2022-05-17 20:00:00+00:00,2022-05-21 20:00:00+00:00,55.174,50.309,timeout,25,0.08817558995178892,0.08717558995178892,8.717558995178893
short,train,2022-05-22 08:00:00+00:00,2022-05-22 12:00:00+00:00,50.282,52.32116331238924,sl,2,-0.040554538649799965,-0.041554538649799966,-4.155453864979997
short,train,2022-05-23 00:00:00+00:00,2022-05-23 04:00:00+00:00,52.455,54.37284798951346,sl,2,-0.03656177656111832,-0.037561776561118324,-3.7561776561118325
short,train,2022-05-23 12:00:00+00:00,2022-05-23 20:00:00+00:00,54.016,49.24830864343925,tp,3,0.08826442825386453,0.08726442825386453,8.726442825386453
short,train,2022-05-24 04:00:00+00:00,2022-05-26 08:00:00+00:00,49.894,44.7316951573633,tp,14,0.1034654435931515,0.1024654435931515,10.24654435931515
short,train,2022-05-26 16:00:00+00:00,2022-05-30 04:00:00+00:00,45.132,47.21422324188392,sl,22,-0.046136294466984036,-0.04713629446698404,-4.713629446698404
short,train,2022-05-30 12:00:00+00:00,2022-05-30 20:00:00+00:00,46.079,47.87467009849558,sl,3,-0.038969380813289725,-0.039969380813289726,-3.9969380813289725
short,train,2022-05-31 04:00:00+00:00,2022-06-01 12:00:00+00:00,47.689,43.10791128155377,tp,9,0.09606174837900211,0.09506174837900211,9.506174837900211
short,train,2022-06-01 20:00:00+00:00,2022-06-04 00:00:00+00:00,41.3,36.962111965740775,tp,14,0.10503360857770515,0.10403360857770515,10.403360857770515
short,train,2022-06-04 12:00:00+00:00,2022-06-04 20:00:00+00:00,37.01,38.546436175477844,sl,3,-0.04151408201777481,-0.04251408201777481,-4.2514082017774815
short,train,2022-06-05 08:00:00+00:00,2022-06-06 00:00:00+00:00,38.84,40.374655996946395,sl,5,-0.039512255328176905,-0.040512255328176906,-4.051225532817691
short,train,2022-06-06 08:00:00+00:00,2022-06-06 08:00:00+00:00,43.04,44.72161242710903,sl,1,-0.03907092070420609,-0.04007092070420609,-4.007092070420609
short,train,2022-06-06 20:00:00+00:00,2022-06-07 08:00:00+00:00,42.23,38.027319148725816,tp,4,0.09951884563756053,0.09851884563756053,9.851884563756052
short,train,2022-06-07 16:00:00+00:00,2022-06-07 16:00:00+00:00,39.14,41.00633281989063,sl,1,-0.047683516093271074,-0.048683516093271074,-4.8683516093271075
short,train,2022-06-08 00:00:00+00:00,2022-06-09 08:00:00+00:00,39.34,41.32775636000774,sl,9,-0.05052761464178283,-0.05152761464178283,-5.152761464178282
short,train,2022-06-09 16:00:00+00:00,2022-06-11 08:00:00+00:00,40.35,36.15077754608645,tp,11,0.10406994929153777,0.10306994929153777,10.306994929153777
short,train,2022-06-12 16:00:00+00:00,2022-06-13 00:00:00+00:00,34.0,29.508966955618696,tp,3,0.1320892071876854,0.1310892071876854,13.108920718768541
short,train,2022-06-13 16:00:00+00:00,2022-06-14 04:00:00+00:00,27.92,29.953889125062535,sl,4,-0.07284703169994745,-0.07384703169994745,-7.384703169994745
short,train,2022-06-14 12:00:00+00:00,2022-06-15 16:00:00+00:00,29.1,31.432844657196114,sl,8,-0.0801664830651585,-0.0811664830651585,-8.11664830651585
short,train,2022-06-16 04:00:00+00:00,2022-06-18 20:00:00+00:00,33.78,27.502148943973427,tp,17,0.18584520592144976,0.18484520592144976,18.484520592144975
short,train,2022-06-19 08:00:00+00:00,2022-06-19 08:00:00+00:00,29.2,31.44684272279379,sl,1,-0.07694666858882843,-0.07794666858882843,-7.7946668588828425
short,train,2022-06-19 20:00:00+00:00,2022-06-20 08:00:00+00:00,33.21,35.57530738410276,sl,4,-0.07122274568210649,-0.07222274568210649,-7.222274568210649
short,train,2022-06-20 16:00:00+00:00,2022-06-21 08:00:00+00:00,35.28,37.82431814973981,sl,5,-0.07211786138718278,-0.07311786138718278,-7.311786138718277
short,train,2022-06-22 00:00:00+00:00,2022-06-24 00:00:00+00:00,36.4,38.658877482908125,sl,13,-0.0620570737062672,-0.0630570737062672,-6.30570737062672
short,train,2022-06-25 00:00:00+00:00,2022-06-28 00:00:00+00:00,41.9,37.05237419102351,tp,19,0.11569512670588278,0.11469512670588278,11.469512670588278
short,train,2022-06-28 12:00:00+00:00,2022-06-28 20:00:00+00:00,39.23,35.23176225386334,tp,3,0.1019178625066699,0.1009178625066699,10.09178625066699
short,train,2022-06-29 04:00:00+00:00,2022-06-30 08:00:00+00:00,35.45,31.360567386833377,tp,8,0.11535776059708393,0.11435776059708393,11.435776059708394
short,train,2022-06-30 16:00:00+00:00,2022-06-30 20:00:00+00:00,32.09,33.6350440761187,sl,2,-0.04814721334118727,-0.04914721334118727,-4.914721334118727
short,train,2022-07-01 16:00:00+00:00,2022-07-01 20:00:00+00:00,32.34,33.920179190591085,sl,2,-0.04886144683336678,-0.04986144683336678,-4.986144683336678
short,train,2022-07-02 12:00:00+00:00,2022-07-04 08:00:00+00:00,32.78,34.21428874913008,sl,12,-0.04375499539750079,-0.04475499539750079,-4.4754995397500785
short,train,2022-07-04 16:00:00+00:00,2022-07-04 20:00:00+00:00,34.3,35.493251533540196,sl,2,-0.034788674447236115,-0.035788674447236116,-3.5788674447236115
short,train,2022-07-05 04:00:00+00:00,2022-07-06 20:00:00+00:00,35.85,37.14279286413551,sl,11,-0.0360611677583126,-0.0370611677583126,-3.70611677583126
short,train,2022-07-07 08:00:00+00:00,2022-07-07 12:00:00+00:00,36.81,38.047515092649704,sl,2,-0.033618991922023944,-0.034618991922023945,-3.4618991922023943
short,train,2022-07-08 12:00:00+00:00,2022-07-08 12:00:00+00:00,37.19,38.451616948516254,sl,1,-0.033923553334666734,-0.034923553334666735,-3.4923553334666737
short,train,2022-07-09 08:00:00+00:00,2022-07-11 00:00:00+00:00,38.62,35.46467357506616,tp,11,0.08170187532195339,0.08070187532195339,8.07018753219534
short,train,2022-07-11 12:00:00+00:00,2022-07-12 20:00:00+00:00,35.16,32.6474585884484,tp,9,0.07146022217154709,0.07046022217154709,7.046022217154708
short,train,2022-07-13 04:00:00+00:00,2022-07-13 08:00:00+00:00,33.05,34.08336201696835,sl,2,-0.03126662683716654,-0.032266626837166544,-3.2266626837166545
short,train,2022-07-14 04:00:00+00:00,2022-07-14 16:00:00+00:00,34.58,35.69445701086508,sl,4,-0.03222836931362294,-0.03322836931362294,-3.322836931362294
short,train,2022-07-15 08:00:00+00:00,2022-07-15 16:00:00+00:00,37.46,38.62725844159432,sl,3,-0.031160129247045396,-0.032160129247045394,-3.2160129247045393
short,train,2022-07-17 20:00:00+00:00,2022-07-18 00:00:00+00:00,39.03,40.27149259668925,sl,2,-0.031808675293088604,-0.032808675293088604,-3.2808675293088605
short,train,2022-07-18 08:00:00+00:00,2022-07-18 20:00:00+00:00,42.14,43.512350304273426,sl,4,-0.032566452403261156,-0.03356645240326116,-3.3566452403261158
short,train,2022-07-19 08:00:00+00:00,2022-07-19 08:00:00+00:00,43.46,45.23028509456887,sl,1,-0.040733665314516096,-0.0417336653145161,-4.1733665314516095
short,train,2022-07-19 16:00:00+00:00,2022-07-20 20:00:00+00:00,46.56,41.90530381400333,tp,8,0.0999719971219216,0.0989719971219216,9.89719971219216
short,train,2022-07-21 16:00:00+00:00,2022-07-21 16:00:00+00:00,41.89,43.734452963565126,sl,1,-0.04403086568548878,-0.04503086568548878,-4.503086568548878
short,train,2022-07-22 04:00:00+00:00,2022-07-25 00:00:00+00:00,42.66,38.17742605598344,tp,18,0.10507674505430281,0.10407674505430281,10.40767450543028
short,train,2022-07-25 08:00:00+00:00,2022-07-26 16:00:00+00:00,38.57,34.70962011378076,tp,9,0.10008762992531091,0.09908762992531091,9.908762992531091
short,train,2022-07-28 08:00:00+00:00,2022-07-28 08:00:00+00:00,39.32,40.7506476510427,sl,1,-0.036384731715226284,-0.037384731715226285,-3.7384731715226285
short,train,2022-07-29 12:00:00+00:00,2022-07-30 12:00:00+00:00,41.94,43.514585948802754,sl,7,-0.037543775603308446,-0.03854377560330845,-3.8543775603308448
short,train,2022-07-31 12:00:00+00:00,2022-08-02 00:00:00+00:00,44.42,40.29897736967044,tp,10,0.09277403490161104,0.09177403490161104,9.177403490161105
short,train,2022-08-02 08:00:00+00:00,2022-08-02 16:00:00+00:00,40.53,42.065782776273,sl,3,-0.0378924938631383,-0.038892493863138304,-3.88924938631383
short,train,2022-08-03 04:00:00+00:00,2022-08-03 12:00:00+00:00,38.56,40.19415365314811,sl,3,-0.042379503453011176,-0.04337950345301118,-4.337950345301118
short,train,2022-08-03 20:00:00+00:00,2022-08-07 20:00:00+00:00,40.1,40.61,timeout,25,-0.012718204488778004,-0.013718204488778005,-1.3718204488778005
short,train,2022-08-08 08:00:00+00:00,2022-08-08 12:00:00+00:00,42.68,43.66283065834428,sl,2,-0.023027897337026166,-0.024027897337026167,-2.4027897337026167
short,train,2022-08-08 20:00:00+00:00,2022-08-09 12:00:00+00:00,42.49,40.05358513449128,tp,5,0.057340900576811564,0.05634090057681156,5.634090057681156
short,train,2022-08-09 20:00:00+00:00,2022-08-10 12:00:00+00:00,40.07,41.10892393106674,sl,5,-0.025927724758341417,-0.026927724758341418,-2.6927724758341416
short,train,2022-08-11 08:00:00+00:00,2022-08-13 00:00:00+00:00,44.53,45.70420992773945,sl,11,-0.02636896312013131,-0.02736896312013131,-2.736896312013131
short,train,2022-08-14 08:00:00+00:00,2022-08-15 00:00:00+00:00,47.73,44.43994365646182,tp,5,0.06893057497461084,0.06793057497461084,6.793057497461084
short,train,2022-08-15 12:00:00+00:00,2022-08-18 20:00:00+00:00,43.79,40.03941311903964,tp,21,0.08564939212058376,0.08464939212058376,8.464939212058376
short,train,2022-08-19 12:00:00+00:00,2022-08-19 16:00:00+00:00,36.37,37.761650183463146,sl,2,-0.038263683900554,-0.039263683900554,-3.9263683900554
short,train,2022-08-20 08:00:00+00:00,2022-08-22 08:00:00+00:00,37.03,33.74766985310908,tp,13,0.08863975551960358,0.08763975551960358,8.763975551960359
short,train,2022-08-22 16:00:00+00:00,2022-08-23 12:00:00+00:00,34.81,35.9205616662156,sl,6,-0.03190352387864393,-0.03290352387864393,-3.2903523878643934
short,train,2022-08-24 00:00:00+00:00,2022-08-26 12:00:00+00:00,35.69,33.22729424149997,tp,16,0.06900268306248329,0.06800268306248329,6.800268306248329
short,train,2022-08-27 08:00:00+00:00,2022-08-31 08:00:00+00:00,32.22,32.59,timeout,25,-0.011483550589695983,-0.012483550589695983,-1.2483550589695982
short,train,2022-08-31 16:00:00+00:00,2022-09-04 16:00:00+00:00,31.92,31.75,timeout,25,0.005325814536340906,0.004325814536340906,0.43258145363409056
short,train,2022-09-05 04:00:00+00:00,2022-09-06 00:00:00+00:00,32.12,32.73658391473462,sl,6,-0.019196261355374195,-0.020196261355374195,-2.0196261355374197
short,train,2022-09-06 08:00:00+00:00,2022-09-06 12:00:00+00:00,32.97,33.64674925354584,sl,2,-0.02052621333169072,-0.021526213331690722,-2.1526213331690722
short,train,2022-09-07 00:00:00+00:00,2022-09-07 16:00:00+00:00,30.89,31.78284843373914,sl,5,-0.02890412540431012,-0.02990412540431012,-2.990412540431012
short,train,2022-09-08 08:00:00+00:00,2022-09-08 08:00:00+00:00,32.37,33.1896859769285,sl,1,-0.025322396568690272,-0.026322396568690273,-2.6322396568690274
short,train,2022-09-08 20:00:00+00:00,2022-09-09 00:00:00+00:00,33.46,34.3401676717609,sl,2,-0.026305070883469853,-0.027305070883469854,-2.7305070883469855
short,train,2022-09-09 08:00:00+00:00,2022-09-12 00:00:00+00:00,35.37,36.24871296459865,sl,17,-0.024843453904400774,-0.025843453904400775,-2.5843453904400775
short,train,2022-09-12 20:00:00+00:00,2022-09-13 00:00:00+00:00,37.65,38.72144243647906,sl,2,-0.028457966440346885,-0.029457966440346886,-2.9457966440346888
short,train,2022-09-13 08:00:00+00:00,2022-09-13 12:00:00+00:00,38.53,35.78581356327944,tp,2,0.0712220720664563,0.0702220720664563,7.022207206645629
short,train,2022-09-13 20:00:00+00:00,2022-09-17 20:00:00+00:00,34.08,33.7,timeout,25,0.011150234741783905,0.010150234741783906,1.0150234741783906
short,train,2022-09-18 04:00:00+00:00,2022-09-18 20:00:00+00:00,33.41,31.22553064842173,tp,5,0.0653836980418517,0.0643836980418517,6.438369804185171
short,train,2022-09-19 04:00:00+00:00,2022-09-19 12:00:00+00:00,30.88,31.814432424596795,sl,3,-0.030260117376839254,-0.03126011737683925,-3.126011737683925
short,train,2022-09-20 00:00:00+00:00,2022-09-21 20:00:00+00:00,32.63,30.2763288258528,tp,12,0.07213212302014102,0.07113212302014102,7.113212302014102
short,train,2022-09-22 04:00:00+00:00,2022-09-22 08:00:00+00:00,31.02,32.03751033545102,sl,2,-0.03280175162640289,-0.03380175162640289,-3.380175162640289
short,train,2022-09-22 20:00:00+00:00,2022-09-23 20:00:00+00:00,32.46,33.457456338265736,sl,7,-0.03072878429654144,-0.03172878429654144,-3.172878429654144
short,train,2022-09-24 08:00:00+00:00,2022-09-24 08:00:00+00:00,33.73,34.73610600787137,sl,1,-0.02982822436618363,-0.03082822436618363,-3.082822436618363
short,train,2022-09-24 16:00:00+00:00,2022-09-27 00:00:00+00:00,33.72,34.743887323113576,sl,15,-0.030364392737650566,-0.031364392737650564,-3.136439273765056
short,train,2022-09-27 08:00:00+00:00,2022-09-27 16:00:00+00:00,34.52,32.25871297334898,tp,3,0.06550657667007606,0.06450657667007606,6.450657667007606
short,train,2022-09-28 00:00:00+00:00,2022-09-28 16:00:00+00:00,32.68,33.6645579317803,sl,5,-0.03012723169462367,-0.03112723169462367,-3.1127231694623667
short,train,2022-09-29 12:00:00+00:00,2022-09-30 12:00:00+00:00,33.75,34.67599331022483,sl,7,-0.02743683882147652,-0.02843683882147652,-2.843683882147652
short,train,2022-10-01 08:00:00+00:00,2022-10-04 12:00:00+00:00,33.02,33.93003922489633,sl,20,-0.027560243031384924,-0.028560243031384925,-2.8560243031384926
short,train,2022-10-04 20:00:00+00:00,2022-10-07 12:00:00+00:00,34.11,32.5211880633465,tp,17,0.04657906586495161,0.04557906586495161,4.557906586495161
short,train,2022-10-08 12:00:00+00:00,2022-10-10 00:00:00+00:00,32.96,33.44429748465389,sl,10,-0.014693491646052383,-0.015693491646052382,-1.5693491646052382
short,train,2022-10-10 08:00:00+00:00,2022-10-10 20:00:00+00:00,32.9,31.87627416424468,tp,4,0.0311162868010735,0.030116286801073498,3.01162868010735
short,train,2022-10-11 04:00:00+00:00,2022-10-11 16:00:00+00:00,31.37,31.842132769631032,sl,4,-0.015050454881448233,-0.016050454881448233,-1.6050454881448233
short,train,2022-10-12 04:00:00+00:00,2022-10-12 08:00:00+00:00,30.93,31.44426885025186,sl,2,-0.016626862277784014,-0.017626862277784015,-1.7626862277784014
short,train,2022-10-12 16:00:00+00:00,2022-10-13 04:00:00+00:00,31.28,30.038948010201043,tp,4,0.03967557512145006,0.03867557512145006,3.867557512145006
short,train,2022-10-14 12:00:00+00:00,2022-10-18 12:00:00+00:00,31.23,30.33,timeout,25,0.02881844380403465,0.02781844380403465,2.781844380403465
short,train,2022-10-18 20:00:00+00:00,2022-10-19 20:00:00+00:00,30.09,28.617669114643228,tp,7,0.04893090346815461,0.04793090346815461,4.793090346815461
short,train,2022-10-20 04:00:00+00:00,2022-10-21 08:00:00+00:00,28.9,27.45730837850335,tp,8,0.04992012531130276,0.048920125311302756,4.892012531130276
short,train,2022-10-21 16:00:00+00:00,2022-10-21 16:00:00+00:00,27.58,28.182623144300674,sl,1,-0.021850005232076714,-0.022850005232076715,-2.2850005232076716
short,train,2022-10-22 08:00:00+00:00,2022-10-23 00:00:00+00:00,27.78,28.355147324666067,sl,5,-0.020703647396186676,-0.021703647396186677,-2.170364739618668
short,train,2022-10-23 08:00:00+00:00,2022-10-23 16:00:00+00:00,28.43,28.953831648195067,sl,3,-0.01842531298610858,-0.01942531298610858,-1.942531298610858
short,train,2022-10-24 00:00:00+00:00,2022-10-25 16:00:00+00:00,29.28,29.853911018953024,sl,11,-0.01960078616642838,-0.02060078616642838,-2.060078616642838
short,train,2022-10-26 00:00:00+00:00,2022-10-26 08:00:00+00:00,30.87,31.647192196951003,sl,3,-0.02517629403793335,-0.02617629403793335,-2.617629403793335
short,train,2022-10-27 00:00:00+00:00,2022-10-27 04:00:00+00:00,31.28,32.06723023583032,sl,2,-0.02516720702782358,-0.02616720702782358,-2.616720702782358
short,train,2022-10-27 16:00:00+00:00,2022-10-28 16:00:00+00:00,31.3,32.08640105074838,sl,7,-0.02512463420921334,-0.026124634209213342,-2.612463420921334
short,train,2022-10-29 08:00:00+00:00,2022-10-31 08:00:00+00:00,33.29,34.092067027310314,sl,13,-0.024093332151105887,-0.025093332151105888,-2.5093332151105887
short,train,2022-10-31 16:00:00+00:00,2022-11-02 20:00:00+00:00,33.01,30.80078581227184,tp,14,0.0669256039905531,0.0659256039905531,6.592560399055309
short,train,2022-11-03 08:00:00+00:00,2022-11-04 04:00:00+00:00,31.65,32.47679169262286,sl,6,-0.026122960272444304,-0.027122960272444305,-2.7122960272444305
short,train,2022-11-05 16:00:00+00:00,2022-11-05 16:00:00+00:00,37.22,38.34678461008006,sl,1,-0.0302736327264927,-0.0312736327264927,-3.12736327264927
short,train,2022-11-06 04:00:00+00:00,2022-11-06 20:00:00+00:00,36.0,32.88495281674027,tp,5,0.08652908842388148,0.08552908842388147,8.552908842388147
short,train,2022-11-07 12:00:00+00:00,2022-11-07 16:00:00+00:00,31.61,32.88890471538352,sl,2,-0.0404588647701208,-0.0414588647701208,-4.14588647701208
short,train,2022-11-08 08:00:00+00:00,2022-11-08 20:00:00+00:00,27.92,23.27527552466563,tp,3,0.1663583264804574,0.1653583264804574,16.53583264804574
short,train,2022-11-10 00:00:00+00:00,2022-11-10 12:00:00+00:00,14.09,16.779332952232124,sl,4,-0.19086820101008692,-0.19186820101008692,-19.186820101008692
short,train,2022-11-12 00:00:00+00:00,2022-11-16 00:00:00+00:00,16.47,14.51,timeout,25,0.11900425015179109,0.11800425015179108,11.800425015179108
short,train,2022-11-16 08:00:00+00:00,2022-11-20 08:00:00+00:00,14.33,12.55,timeout,25,0.12421493370551287,0.12321493370551287,12.321493370551288
short,train,2022-11-20 16:00:00+00:00,2022-11-21 00:00:00+00:00,13.0,11.7137026491047,tp,3,0.0989459500688692,0.0979459500688692,9.79459500688692
short,train,2022-11-21 08:00:00+00:00,2022-11-22 20:00:00+00:00,11.72,12.239605775082472,sl,10,-0.04433496374423817,-0.04533496374423817,-4.533496374423817
short,train,2022-11-23 16:00:00+00:00,2022-11-23 16:00:00+00:00,13.09,13.683128617371171,sl,1,-0.04531158268687328,-0.04631158268687328,-4.631158268687328
short,train,2022-11-24 08:00:00+00:00,2022-11-28 08:00:00+00:00,14.4,13.45,timeout,25,0.0659722222222223,0.06497222222222229,6.497222222222229
short,train,2022-11-29 04:00:00+00:00,2022-11-29 08:00:00+00:00,13.47,13.930994205081497,sl,2,-0.03422377172097224,-0.03522377172097224,-3.522377172097224
short,train,2022-11-29 16:00:00+00:00,2022-11-30 00:00:00+00:00,13.45,13.894261759680774,sl,3,-0.033030614102659804,-0.034030614102659805,-3.4030614102659804
short,train,2022-11-30 12:00:00+00:00,2022-11-30 20:00:00+00:00,13.7,14.091957464778726,sl,3,-0.02861003392545454,-0.02961003392545454,-2.961003392545454
short,train,2022-12-01 08:00:00+00:00,2022-12-05 08:00:00+00:00,13.8,13.98,timeout,25,-0.013043478260869544,-0.014043478260869543,-1.4043478260869542
short,train,2022-12-05 20:00:00+00:00,2022-12-05 20:00:00+00:00,13.68,13.947445455987374,sl,1,-0.019550106431825618,-0.02055010643182562,-2.055010643182562
short,train,2022-12-06 08:00:00+00:00,2022-12-08 00:00:00+00:00,14.14,13.402165026599617,tp,11,0.052180691188145945,0.051180691188145944,5.118069118814594
short,train,2022-12-08 08:00:00+00:00,2022-12-08 16:00:00+00:00,13.5,13.769945499200094,sl,3,-0.019995962903710703,-0.020995962903710703,-2.0995962903710703
short,train,2022-12-09 08:00:00+00:00,2022-12-09 08:00:00+00:00,13.7,13.932310781839478,sl,1,-0.016956991375144417,-0.017956991375144418,-1.7956991375144418
short,train,2022-12-09 16:00:00+00:00,2022-12-12 00:00:00+00:00,13.87,13.261447421800101,tp,15,0.04387545625089389,0.04287545625089389,4.287545625089389
short,train,2022-12-12 08:00:00+00:00,2022-12-12 08:00:00+00:00,12.97,13.176233579757017,sl,1,-0.015900815709870217,-0.016900815709870218,-1.6900815709870218
short,train,2022-12-12 16:00:00+00:00,2022-12-12 20:00:00+00:00,13.11,13.318589158055795,sl,2,-0.015910690927215556,-0.016910690927215557,-1.6910690927215557
short,train,2022-12-13 08:00:00+00:00,2022-12-13 08:00:00+00:00,12.97,13.195253668867961,sl,1,-0.017367283644407133,-0.018367283644407133,-1.8367283644407133
short,train,2022-12-13 16:00:00+00:00,2022-12-14 04:00:00+00:00,13.73,14.023458520605539,sl,4,-0.02137352662822567,-0.02237352662822567,-2.237352662822567
short,train,2022-12-15 00:00:00+00:00,2022-12-15 00:00:00+00:00,14.12,14.446321475131706,sl,1,-0.0231105860574863,-0.0241105860574863,-2.41105860574863
short,train,2022-12-15 08:00:00+00:00,2022-12-16 12:00:00+00:00,14.14,13.272164167126807,tp,8,0.061374528491739314,0.06037452849173931,6.037452849173931
short,train,2022-12-16 20:00:00+00:00,2022-12-16 20:00:00+00:00,13.01,12.104790385794777,tp,1,0.0695779872563584,0.0685779872563584,6.85779872563584
short,train,2022-12-17 04:00:00+00:00,2022-12-22 00:00:00+00:00,12.25,12.12,timeout,25,0.010612244897959247,0.009612244897959248,0.9612244897959248
short,train,2022-12-22 08:00:00+00:00,2022-12-24 04:00:00+00:00,12.06,11.428995855879815,tp,12,0.05232206833500705,0.05132206833500705,5.132206833500705
short,train,2022-12-24 12:00:00+00:00,2022-12-24 20:00:00+00:00,11.31,11.565227904737553,sl,3,-0.022566569826485593,-0.023566569826485594,-2.3566569826485595
short,train,2022-12-25 04:00:00+00:00,2022-12-27 12:00:00+00:00,11.45,10.859217241044798,tp,15,0.05159674750700452,0.05059674750700452,5.059674750700452
short,train,2022-12-27 20:00:00+00:00,2022-12-28 04:00:00+00:00,11.017,10.475412204848588,tp,3,0.04915928067090961,0.04815928067090961,4.815928067090961
short,train,2022-12-28 12:00:00+00:00,2022-12-28 12:00:00+00:00,10.017,10.318939884603493,sl,1,-0.0301427457925021,-0.0311427457925021,-3.11427457925021
short,train,2022-12-29 00:00:00+00:00,2022-12-29 16:00:00+00:00,9.769,8.936295074276718,tp,5,0.08523952561401194,0.08423952561401193,8.423952561401194
short,train,2022-12-30 12:00:00+00:00,2022-12-30 12:00:00+00:00,9.119,9.556665869309171,sl,1,-0.04799494125552926,-0.04899494125552926,-4.899494125552926
short,train,2022-12-31 08:00:00+00:00,2023-01-02 04:00:00+00:00,9.84,10.285866357048793,sl,12,-0.04531162165130009,-0.04631162165130009,-4.631162165130009
short,train,2023-01-02 12:00:00+00:00,2023-01-02 16:00:00+00:00,11.02,11.476578238620814,sl,2,-0.0414317820890031,-0.0424317820890031,-4.24317820890031
short,train,2023-01-03 04:00:00+00:00,2023-01-03 04:00:00+00:00,11.221,11.644718712860502,sl,1,-0.03776122563590609,-0.03876122563590609,-3.876122563590609
short,train,2023-01-03 12:00:00+00:00,2023-01-03 12:00:00+00:00,11.844,12.285609502415433,sl,1,-0.037285503412312855,-0.038285503412312856,-3.828550341231286
short,train,2023-01-04 00:00:00+00:00,2023-01-04 00:00:00+00:00,13.377,13.955983628573874,sl,1,-0.04328202351602549,-0.04428202351602549,-4.428202351602549
short,train,2023-01-04 12:00:00+00:00,2023-01-08 12:00:00+00:00,13.689,13.874,timeout,25,-0.01351450069398791,-0.014514500693987908,-1.4514500693987908
short,train,2023-01-09 08:00:00+00:00,2023-01-09 12:00:00+00:00,16.358,16.977892376248406,sl,2,-0.03789536472969831,-0.03889536472969831,-3.889536472969831
short,train,2023-01-10 08:00:00+00:00,2023-01-10 20:00:00+00:00,15.908,16.62252889111722,sl,4,-0.04491632456105234,-0.04591632456105234,-4.591632456105234
short,train,2023-01-11 08:00:00+00:00,2023-01-12 00:00:00+00:00,16.111,16.746838712293112,sl,5,-0.03946612328800889,-0.040466123288008894,-4.046612328800889
short,train,2023-01-12 16:00:00+00:00,2023-01-12 16:00:00+00:00,15.961,16.60611083702573,sl,1,-0.04041794605762366,-0.04141794605762366,-4.141794605762366
short,train,2023-01-14 16:00:00+00:00,2023-01-14 20:00:00+00:00,22.336,23.614726822072445,sl,2,-0.057249589097083026,-0.05824958909708303,-5.824958909708303
short,train,2023-01-16 20:00:00+00:00,2023-01-20 20:00:00+00:00,23.563,24.905419261712975,sl,25,-0.05697149181823097,-0.05797149181823097,-5.797149181823097
short,train,2023-01-22 04:00:00+00:00,2023-01-26 04:00:00+00:00,24.99,24.34,timeout,25,0.02601040416166461,0.02501040416166461,2.501040416166461
short,train,2023-01-26 12:00:00+00:00,2023-01-28 04:00:00+00:00,24.314,25.216755351249866,sl,11,-0.03712903476391649,-0.03812903476391649,-3.812903476391649
short,train,2023-01-28 12:00:00+00:00,2023-01-29 16:00:00+00:00,24.304,25.11158332479007,sl,8,-0.03322841198115838,-0.034228411981158384,-3.4228411981158384
short,train,2023-01-30 00:00:00+00:00,2023-01-30 08:00:00+00:00,26.073,24.107773245550046,tp,3,0.07537401735319887,0.07437401735319887,7.437401735319887
short,train,2023-01-30 16:00:00+00:00,2023-02-01 20:00:00+00:00,24.373,25.223315221093767,sl,14,-0.034887589590685004,-0.035887589590685005,-3.5887589590685005
short,train,2023-02-02 04:00:00+00:00,2023-02-05 20:00:00+00:00,25.297,23.171010981155398,tp,23,0.08404115186957357,0.08304115186957357,8.304115186957358
short,train,2023-02-06 08:00:00+00:00,2023-02-07 20:00:00+00:00,23.36,23.93929043423191,sl,10,-0.024798391876366063,-0.025798391876366063,-2.5798391876366065
short,train,2023-02-08 04:00:00+00:00,2023-02-09 00:00:00+00:00,23.9,22.38971016107447,tp,6,0.06319204346968746,0.06219204346968746,6.219204346968746
short,train,2023-02-09 08:00:00+00:00,2023-02-09 20:00:00+00:00,22.763,21.175743697901876,tp,4,0.06972966226323973,0.06872966226323973,6.872966226323973
short,train,2023-02-10 16:00:00+00:00,2023-02-12 12:00:00+00:00,20.719,21.403610720082423,sl,12,-0.03304265264165362,-0.03404265264165362,-3.4042652641653617
short,train,2023-02-12 20:00:00+00:00,2023-02-13 00:00:00+00:00,22.04,20.588172248963733,tp,2,0.06587240249710825,0.06487240249710825,6.487240249710825
short,train,2023-02-13 08:00:00+00:00,2023-02-14 12:00:00+00:00,21.174,21.81737544737998,sl,8,-0.03038516328421559,-0.03138516328421559,-3.138516328421559
short,train,2023-02-14 20:00:00+00:00,2023-02-15 12:00:00+00:00,22.027,22.707636100766628,sl,5,-0.030900081752695638,-0.03190008175269564,-3.190008175269564
short,train,2023-02-16 08:00:00+00:00,2023-02-17 00:00:00+00:00,23.725,22.101053836752463,tp,5,0.06844873185448001,0.06744873185448001,6.744873185448001
short,train,2023-02-17 12:00:00+00:00,2023-02-17 16:00:00+00:00,22.595,23.249357354268852,sl,2,-0.02896027237304065,-0.02996027237304065,-2.996027237304065
short,train,2023-02-18 04:00:00+00:00,2023-02-19 12:00:00+00:00,23.352,24.01795112440839,sl,9,-0.0285179481161524,-0.029517948116152402,-2.9517948116152404
short,train,2023-02-20 00:00:00+00:00,2023-02-20 00:00:00+00:00,24.834,25.59575158460288,sl,1,-0.03067373699778047,-0.03167373699778047,-3.167373699778047
short,train,2023-02-20 08:00:00+00:00,2023-02-22 00:00:00+00:00,26.479,24.24272426278206,tp,11,0.08445469002673595,0.08345469002673594,8.345469002673594
short,train,2023-02-22 12:00:00+00:00,2023-02-23 00:00:00+00:00,23.549,24.426684210276367,sl,4,-0.03727055120286923,-0.03827055120286923,-3.8270551202869227
short,train,2023-02-23 08:00:00+00:00,2023-02-24 20:00:00+00:00,24.492,22.480132044655207,tp,10,0.08214388189387531,0.08114388189387531,8.114388189387531
short,train,2023-02-25 08:00:00+00:00,2023-03-01 08:00:00+00:00,22.949,22.687,timeout,25,0.011416619460542963,0.010416619460542963,1.0416619460542964
short,train,2023-03-01 16:00:00+00:00,2023-03-03 00:00:00+00:00,22.658,21.382617015126193,tp,9,0.05628841843383387,0.05528841843383387,5.528841843383387
short,train,2023-03-03 08:00:00+00:00,2023-03-04 00:00:00+00:00,21.061,21.605030357005955,sl,5,-0.025831174066091582,-0.026831174066091583,-2.683117406609158
short,train,2023-03-04 08:00:00+00:00,2023-03-05 00:00:00+00:00,21.17,21.634564403765328,sl,5,-0.021944468765485413,-0.022944468765485414,-2.2944468765485415
short,train,2023-03-05 08:00:00+00:00,2023-03-07 12:00:00+00:00,21.308,20.150180946749536,tp,14,0.054337293657333564,0.053337293657333563,5.333729365733356
short,train,2023-03-07 20:00:00+00:00,2023-03-08 12:00:00+00:00,20.015,18.923283334217714,tp,5,0.05454492459566755,0.05354492459566755,5.354492459566755
short,train,2023-03-08 20:00:00+00:00,2023-03-09 20:00:00+00:00,18.674,17.342819497596142,tp,7,0.07128523628595143,0.07028523628595143,7.028523628595143
short,train,2023-03-11 12:00:00+00:00,2023-03-11 20:00:00+00:00,17.402,18.135039902506392,sl,3,-0.042123888202872724,-0.043123888202872725,-4.312388820287272
short,train,2023-03-12 08:00:00+00:00,2023-03-12 16:00:00+00:00,17.842,18.49894066557332,sl,3,-0.036819900547770415,-0.037819900547770416,-3.7819900547770415
short,train,2023-03-13 08:00:00+00:00,2023-03-13 12:00:00+00:00,19.74,20.496824958809583,sl,2,-0.03833966356684826,-0.03933966356684826,-3.933966356684826
short,train,2023-03-14 00:00:00+00:00,2023-03-14 12:00:00+00:00,20.405,21.261324647244916,sl,4,-0.04196641250893969,-0.04296641250893969,-4.296641250893969
short,train,2023-03-15 00:00:00+00:00,2023-03-18 00:00:00+00:00,20.862,21.790222328340494,sl,19,-0.04449344877482964,-0.045493448774829644,-4.549344877482964
short,train,2023-03-19 12:00:00+00:00,2023-03-20 00:00:00+00:00,21.712,22.563842115178836,sl,4,-0.03923370095702085,-0.04023370095702085,-4.023370095702085
short,train,2023-03-20 12:00:00+00:00,2023-03-22 16:00:00+00:00,23.323,21.099981749564567,tp,14,0.09531442140528379,0.09431442140528379,9.431442140528379
short,train,2023-03-23 00:00:00+00:00,2023-03-23 12:00:00+00:00,21.412,22.31652286595074,sl,4,-0.04224373556653943,-0.04324373556653943,-4.324373556653943
short,train,2023-03-24 00:00:00+00:00,2023-03-25 16:00:00+00:00,22.172,20.115249070700763,tp,11,0.0927634371865072,0.0917634371865072,9.17634371865072
short,train,2023-03-26 04:00:00+00:00,2023-03-29 08:00:00+00:00,20.682,21.308546891287456,sl,20,-0.030294308639757156,-0.03129430863975716,-3.1294308639757156
short,train,2023-03-29 16:00:00+00:00,2023-04-02 16:00:00+00:00,21.237,20.351,timeout,25,0.04171964025050616,0.04071964025050616,4.071964025050616
short,train,2023-04-03 08:00:00+00:00,2023-04-03 16:00:00+00:00,20.266,20.671249105696845,sl,3,-0.019996501810759224,-0.020996501810759224,-2.0996501810759223
short,train,2023-04-04 04:00:00+00:00,2023-04-04 08:00:00+00:00,20.408,20.86746176853673,sl,2,-0.022513806768753936,-0.023513806768753937,-2.3513806768753938
short,train,2023-04-04 16:00:00+00:00,2023-04-05 00:00:00+00:00,20.869,21.333296102578426,sl,3,-0.02224812413524494,-0.023248124135244942,-2.3248124135244943
short,train,2023-04-05 08:00:00+00:00,2023-04-08 16:00:00+00:00,21.188,20.13053540284371,tp,21,0.049908655708716734,0.04890865570871673,4.890865570871673
short,train,2023-04-10 04:00:00+00:00,2023-04-10 16:00:00+00:00,20.267,20.564090100767043,sl,4,-0.01465880992584218,-0.01565880992584218,-1.565880992584218
short,train,2023-04-11 12:00:00+00:00,2023-04-11 12:00:00+00:00,22.221,22.62049999092124,sl,1,-0.017978488408318206,-0.018978488408318207,-1.8978488408318208
short,train,2023-04-11 20:00:00+00:00,2023-04-12 04:00:00+00:00,23.432,23.91176784931474,sl,3,-0.02047489968055395,-0.021474899680553952,-2.147489968055395
short,train,2023-04-12 12:00:00+00:00,2023-04-12 12:00:00+00:00,23.49,24.10914518805389,sl,1,-0.02635781984052329,-0.027357819840523292,-2.735781984052329
short,train,2023-04-13 08:00:00+00:00,2023-04-13 12:00:00+00:00,24.128,24.76486201677146,sl,2,-0.026395143268047896,-0.027395143268047897,-2.7395143268047897
short,train,2023-04-15 12:00:00+00:00,2023-04-16 20:00:00+00:00,24.341,25.005547631601917,sl,9,-0.027301574775149596,-0.028301574775149597,-2.83015747751496
short,train,2023-04-17 04:00:00+00:00,2023-04-18 00:00:00+00:00,25.82,24.181599149367877,tp,6,0.06345471923439673,0.06245471923439673,6.245471923439673
short,train,2023-04-18 12:00:00+00:00,2023-04-19 08:00:00+00:00,25.346,23.6563651578538,tp,6,0.06666278079958185,0.06566278079958185,6.566278079958185
short,train,2023-04-20 04:00:00+00:00,2023-04-21 16:00:00+00:00,22.862,20.961139420593042,tp,10,0.08314498204037075,0.08214498204037075,8.214498204037076
short,train,2023-04-22 00:00:00+00:00,2023-04-22 20:00:00+00:00,21.255,21.945001565429536,sl,6,-0.03246302354408547,-0.03346302354408547,-3.346302354408547
short,train,2023-04-23 04:00:00+00:00,2023-04-23 12:00:00+00:00,21.707,22.242833845542048,sl,3,-0.02468484109006529,-0.025684841090065292,-2.5684841090065293
short,train,2023-04-24 00:00:00+00:00,2023-04-24 00:00:00+00:00,21.472,22.012280976700264,sl,1,-0.02516211702218065,-0.026162117022180652,-2.6162117022180653
short,train,2023-04-24 20:00:00+00:00,2023-04-25 20:00:00+00:00,21.326,21.897396221964755,sl,7,-0.02679340813864551,-0.02779340813864551,-2.7793408138645512
short,train,2023-04-26 16:00:00+00:00,2023-04-26 16:00:00+00:00,22.676,21.368433337288536,tp,1,0.05766302093453265,0.05666302093453265,5.666302093453265
short,train,2023-04-27 00:00:00+00:00,2023-04-27 00:00:00+00:00,21.281,21.953757685710688,sl,1,-0.03161306732346642,-0.03261306732346642,-3.2613067323466423
short,train,2023-04-27 12:00:00+00:00,2023-04-27 12:00:00+00:00,21.646,22.288848628099995,sl,1,-0.029698264256675325,-0.030698264256675326,-3.0698264256675327
short,train,2023-04-28 12:00:00+00:00,2023-04-28 16:00:00+00:00,22.48,23.086459770661925,sl,2,-0.026977747805245755,-0.027977747805245756,-2.7977747805245756
short,train,2023-04-29 08:00:00+00:00,2023-04-29 12:00:00+00:00,23.276,23.850036821763958,sl,2,-0.024662176566590383,-0.025662176566590384,-2.5662176566590382
short,train,2023-04-30 04:00:00+00:00,2023-04-30 08:00:00+00:00,23.148,23.663114583326895,sl,2,-0.022253092419513343,-0.023253092419513344,-2.3253092419513344
short,train,2023-04-30 16:00:00+00:00,2023-05-01 00:00:00+00:00,23.673,22.407892729984336,tp,3,0.0534409356657653,0.0524409356657653,5.24409356657653
short,train,2023-05-01 08:00:00+00:00,2023-05-05 08:00:00+00:00,22.33,22.006,timeout,25,0.014509628302731666,0.013509628302731665,1.3509628302731664
short,train,2023-05-06 04:00:00+00:00,2023-05-06 12:00:00+00:00,22.72,21.576624840710732,tp,3,0.050324610884210697,0.049324610884210696,4.93246108842107
short,train,2023-05-07 04:00:00+00:00,2023-05-07 12:00:00+00:00,21.869,22.312408316886135,sl,3,-0.020275655808959483,-0.021275655808959484,-2.1275655808959484
short,train,2023-05-07 20:00:00+00:00,2023-05-08 00:00:00+00:00,22.452,21.403767301476936,tp,2,0.04668772040455486,0.045687720404554856,4.568772040455485
short,train,2023-05-08 08:00:00+00:00,2023-05-08 16:00:00+00:00,21.219,19.96014987658339,tp,3,0.05932655277895334,0.058326552778953336,5.832655277895333
short,train,2023-05-09 04:00:00+00:00,2023-05-10 12:00:00+00:00,20.632,21.13961693704537,sl,9,-0.024603380042912456,-0.025603380042912457,-2.560338004291246
short,train,2023-05-10 20:00:00+00:00,2023-05-14 20:00:00+00:00,20.968,20.943,timeout,25,0.0011922930179320192,0.00019229301793201922,0.01922930179320192
short,train,2023-05-15 04:00:00+00:00,2023-05-18 16:00:00+00:00,21.235,20.249094541461044,tp,22,0.04642832392460349,0.04542832392460349,4.542832392460349
short,train,2023-05-19 00:00:00+00:00,2023-05-21 20:00:00+00:00,20.345,19.473026485263034,tp,18,0.0428593519162922,0.0418593519162922,4.18593519162922
short,train,2023-05-22 04:00:00+00:00,2023-05-22 08:00:00+00:00,19.54,19.81084326003597,sl,2,-0.01386096520143146,-0.014860965201431459,-1.4860965201431457
short,train,2023-05-22 16:00:00+00:00,2023-05-23 00:00:00+00:00,19.667,19.94669411162501,sl,3,-0.014221493447145414,-0.015221493447145414,-1.5221493447145413
short,train,2023-05-23 08:00:00+00:00,2023-05-24 12:00:00+00:00,19.846,19.069877842427513,tp,8,0.039107233577168575,0.038107233577168574,3.8107233577168573
short,train,2023-05-25 00:00:00+00:00,2023-05-25 12:00:00+00:00,19.209,19.529785715848273,sl,4,-0.01669976135396293,-0.01769976135396293,-1.769976135396293
short,train,2023-05-25 20:00:00+00:00,2023-05-27 04:00:00+00:00,19.312,19.633289670588248,sl,9,-0.01663678907354217,-0.017636789073542172,-1.7636789073542172
short,train,2023-05-27 12:00:00+00:00,2023-05-27 20:00:00+00:00,19.476,19.721265393048142,sl,3,-0.012593211801609326,-0.013593211801609325,-1.3593211801609324
short,train,2023-05-28 08:00:00+00:00,2023-05-28 16:00:00+00:00,20.494,20.77942741599673,sl,3,-0.013927364887124472,-0.014927364887124473,-1.4927364887124472
short,train,2023-05-29 00:00:00+00:00,2023-05-30 00:00:00+00:00,20.824,21.135247928682908,sl,7,-0.014946596652079638,-0.015946596652079637,-1.5946596652079637
short,train,2023-05-30 20:00:00+00:00,2023-05-31 12:00:00+00:00,21.361,20.428504852453003,tp,5,0.04365409613534001,0.04265409613534001,4.265409613534001
short,train,2023-05-31 20:00:00+00:00,2023-06-02 04:00:00+00:00,20.635,21.00454080786047,sl,9,-0.017908447194594966,-0.018908447194594967,-1.8908447194594966
short,train,2023-06-02 16:00:00+00:00,2023-06-04 04:00:00+00:00,21.193,21.543522125420555,sl,10,-0.016539523683317778,-0.01753952368331778,-1.753952368331778
short,train,2023-06-04 12:00:00+00:00,2023-06-04 12:00:00+00:00,21.7,22.009798216942226,sl,1,-0.014276415527291551,-0.015276415527291552,-1.5276415527291551
short,train,2023-06-05 04:00:00+00:00,2023-06-05 12:00:00+00:00,21.529,20.61989598903537,tp,3,0.042226950205055014,0.04122695020505501,4.1226950205055015
short,train,2023-06-06 00:00:00+00:00,2023-06-06 16:00:00+00:00,20.01,20.511457096033716,sl,5,-0.025060324639366045,-0.026060324639366046,-2.6060324639366046
short,train,2023-06-07 00:00:00+00:00,2023-06-07 16:00:00+00:00,20.388,19.11373767452291,tp,5,0.06250060454566865,0.06150060454566865,6.150060454566865
short,train,2023-06-08 04:00:00+00:00,2023-06-08 20:00:00+00:00,18.47,19.002767882197176,sl,5,-0.028845039642510954,-0.029845039642510954,-2.9845039642510955
short,train,2023-06-09 04:00:00+00:00,2023-06-09 08:00:00+00:00,18.768,19.22414354545888,sl,2,-0.024304323607144015,-0.025304323607144016,-2.5304323607144017
short,train,2023-06-09 16:00:00+00:00,2023-06-09 16:00:00+00:00,18.684,17.430966682422415,tp,1,0.06706451068173762,0.06606451068173762,6.606451068173762
short,train,2023-06-10 00:00:00+00:00,2023-06-10 04:00:00+00:00,17.396,15.960412598619326,tp,2,0.0825239941009815,0.0815239941009815,8.15239941009815
short,train,2023-06-10 16:00:00+00:00,2023-06-10 16:00:00+00:00,14.772,15.60705405842184,sl,1,-0.05652951925411856,-0.05752951925411856,-5.752951925411856
short,train,2023-06-11 04:00:00+00:00,2023-06-15 04:00:00+00:00,15.571,14.815,timeout,25,0.048551795003532225,0.047551795003532224,4.755179500353222
short,train,2023-06-16 00:00:00+00:00,2023-06-16 16:00:00+00:00,14.769,15.312192187715382,sl,5,-0.03677921238508919,-0.03777921238508919,-3.777921238508919
short,train,2023-06-17 16:00:00+00:00,2023-06-19 20:00:00+00:00,15.656,16.125033044158464,sl,14,-0.029958676811347926,-0.030958676811347927,-3.0958676811347927
short,train,2023-06-20 04:00:00+00:00,2023-06-20 16:00:00+00:00,16.028,16.368839678340418,sl,4,-0.021265265681333873,-0.022265265681333874,-2.2265265681333872
short,train,2023-06-21 00:00:00+00:00,2023-06-21 00:00:00+00:00,16.642,16.9931347702781,sl,1,-0.021099313200222385,-0.022099313200222386,-2.2099313200222386
short,train,2023-06-21 12:00:00+00:00,2023-06-21 16:00:00+00:00,16.8,17.155875761771497,sl,2,-0.021183081057827183,-0.022183081057827184,-2.2183081057827185
short,train,2023-06-22 04:00:00+00:00,2023-06-23 00:00:00+00:00,17.535,16.543181575908754,tp,6,0.056562214091317134,0.05556221409131713,5.556221409131713
short,train,2023-06-23 08:00:00+00:00,2023-06-23 16:00:00+00:00,16.776,17.17114550792279,sl,3,-0.023554214826108203,-0.024554214826108204,-2.4554214826108205
short,train,2023-06-24 08:00:00+00:00,2023-06-26 20:00:00+00:00,17.073,15.975131802360965,tp,16,0.06430435176237544,0.06330435176237544,6.330435176237543
short,train,2023-06-27 08:00:00+00:00,2023-06-28 16:00:00+00:00,16.738,15.662014621332156,tp,9,0.06428398725462081,0.06328398725462081,6.3283987254620815
short,train,2023-06-29 08:00:00+00:00,2023-06-29 08:00:00+00:00,16.255,16.70174351660061,sl,1,-0.02748345226703246,-0.02848345226703246,-2.848345226703246
short,train,2023-06-30 08:00:00+00:00,2023-06-30 12:00:00+00:00,18.793,19.413791057592324,sl,2,-0.03303310049445668,-0.03403310049445668,-3.4033100494456683
short,train,2023-07-01 00:00:00+00:00,2023-07-02 20:00:00+00:00,18.852,19.660544965532445,sl,12,-0.04288908155805456,-0.043889081558054564,-4.388908155805456
short,train,2023-07-03 08:00:00+00:00,2023-07-06 08:00:00+00:00,19.423,20.01375759917408,sl,19,-0.030415363186638667,-0.031415363186638665,-3.1415363186638663
short,train,2023-07-06 16:00:00+00:00,2023-07-06 16:00:00+00:00,19.7,20.264602259887578,sl,1,-0.028660013192262888,-0.02966001319226289,-2.966001319226289
short,train,2023-07-08 08:00:00+00:00,2023-07-12 08:00:00+00:00,21.985,22.12,timeout,25,-0.006140550375255928,-0.007140550375255928,-0.7140550375255927
short,train,2023-07-12 16:00:00+00:00,2023-07-13 12:00:00+00:00,22.413,22.95698983117856,sl,6,-0.024271174371059676,-0.025271174371059676,-2.5271174371059675
short,train,2023-07-14 00:00:00+00:00,2023-07-14 00:00:00+00:00,26.01,26.916657071605197,sl,1,-0.034858018900622664,-0.035858018900622665,-3.5858018900622666
short,train,2023-07-14 08:00:00+00:00,2023-07-14 20:00:00+00:00,28.719,25.44026217983064,tp,4,0.11416615551270452,0.11316615551270452,11.316615551270452
short,train,2023-07-15 12:00:00+00:00,2023-07-18 08:00:00+00:00,28.931,25.36306128747091,tp,18,0.12332579974868105,0.12232579974868105,12.232579974868104
short,train,2023-07-18 16:00:00+00:00,2023-07-19 12:00:00+00:00,25.521,26.639318933724795,sl,6,-0.0438195577651657,-0.0448195577651657,-4.481955776516569
short,train,2023-07-20 04:00:00+00:00,2023-07-22 20:00:00+00:00,26.512,24.151341674122627,tp,17,0.08904112574975007,0.08804112574975007,8.804112574975006
short,train,2023-07-23 08:00:00+00:00,2023-07-24 08:00:00+00:00,24.694,23.031157585853553,tp,7,0.06733791261628114,0.06633791261628114,6.633791261628113
short,train,2023-07-24 16:00:00+00:00,2023-07-26 08:00:00+00:00,23.21,23.896444616964573,sl,11,-0.02957538203207978,-0.03057538203207978,-3.057538203207978
short,train,2023-07-27 04:00:00+00:00,2023-07-27 12:00:00+00:00,24.925,25.565131956496813,sl,3,-0.025682325235579243,-0.026682325235579243,-2.6682325235579243
short,train,2023-07-29 00:00:00+00:00,2023-08-01 00:00:00+00:00,24.816,23.365806088771794,tp,19,0.05843785909204564,0.057437859092045636,5.743785909204564
short,train,2023-08-01 08:00:00+00:00,2023-08-01 20:00:00+00:00,23.484,24.02521037080989,sl,4,-0.023045919383831073,-0.024045919383831073,-2.404591938383107
short,train,2023-08-02 08:00:00+00:00,2023-08-05 16:00:00+00:00,23.637,22.31789044407301,tp,21,0.055806978716714854,0.05480697871671485,5.480697871671485
short,train,2023-08-06 16:00:00+00:00,2023-08-07 00:00:00+00:00,23.024,23.443320420379475,sl,3,-0.0182123184667944,-0.0192123184667944,-1.92123184667944
short,train,2023-08-07 12:00:00+00:00,2023-08-08 12:00:00+00:00,23.095,23.50115475107834,sl,7,-0.01758626330713747,-0.01858626330713747,-1.858626330713747
short,train,2023-08-08 20:00:00+00:00,2023-08-12 20:00:00+00:00,24.584,25.03876924174366,sl,25,-0.018498586143168672,-0.019498586143168673,-1.9498586143168672
short,train,2023-08-13 04:00:00+00:00,2023-08-14 00:00:00+00:00,24.893,24.07302832963933,tp,6,0.0329398493697292,0.0319398493697292,3.1939849369729196
short,train,2023-08-14 08:00:00+00:00,2023-08-14 12:00:00+00:00,24.411,24.720174842958052,sl,2,-0.012665390314122752,-0.013665390314122752,-1.3665390314122752
short,train,2023-08-15 04:00:00+00:00,2023-08-15 16:00:00+00:00,24.995,24.06499520304773,tp,4,0.03720763340477182,0.036207633404771816,3.6207633404771817
short,train,2023-08-16 00:00:00+00:00,2023-08-16 20:00:00+00:00,23.903,22.84794594686217,tp,6,0.044138980593976924,0.043138980593976924,4.313898059397692
short,train,2023-08-17 04:00:00+00:00,2023-08-17 20:00:00+00:00,23.311,21.98610948571885,tp,5,0.05683542165849388,0.05583542165849388,5.583542165849388
short,train,2023-08-18 04:00:00+00:00,2023-08-22 04:00:00+00:00,21.55,21.174,timeout,25,0.01744779582366595,0.01644779582366595,1.644779582366595
short,train,2023-08-22 12:00:00+00:00,2023-08-22 20:00:00+00:00,20.935,19.82253403014284,tp,3,0.05313904799890893,0.05213904799890893,5.2139047998908925
short,train,2023-08-24 04:00:00+00:00,2023-08-25 00:00:00+00:00,21.766,20.485782678659326,tp,6,0.058817298600600566,0.057817298600600565,5.781729860060056
short,train,2023-08-25 08:00:00+00:00,2023-08-29 08:00:00+00:00,20.56,20.155,timeout,25,0.019698443579766422,0.01869844357976642,1.8698443579766422
short,train,2023-08-29 16:00:00+00:00,2023-08-29 16:00:00+00:00,21.328,21.7616283412468,sl,1,-0.020331411348781043,-0.021331411348781044,-2.1331411348781044
short,train,2023-08-30 00:00:00+00:00,2023-08-30 16:00:00+00:00,21.796,20.665563907261358,tp,5,0.051864383039945,0.050864383039945,5.0864383039945
short,train,2023-08-31 04:00:00+00:00,2023-08-31 08:00:00+00:00,20.651,21.06750363528424,sl,2,-0.02016869087619195,-0.02116869087619195,-2.116869087619195
short,train,2023-09-01 00:00:00+00:00,2023-09-05 00:00:00+00:00,19.738,19.221,timeout,25,0.026193130003039796,0.025193130003039795,2.5193130003039794
short,train,2023-09-05 08:00:00+00:00,2023-09-05 12:00:00+00:00,19.412,19.74672985604537,sl,2,-0.017243450239304084,-0.018243450239304085,-1.8243450239304084
short,train,2023-09-05 20:00:00+00:00,2023-09-06 12:00:00+00:00,20.24,19.257385665331924,tp,5,0.04854813906462819,0.04754813906462819,4.754813906462819
short,train,2023-09-07 12:00:00+00:00,2023-09-07 20:00:00+00:00,19.399,19.77147490516771,sl,3,-0.019200727107980313,-0.020200727107980314,-2.0200727107980314
short,train,2023-09-08 12:00:00+00:00,2023-09-10 04:00:00+00:00,19.547,18.617691483333882,tp,11,0.04754225797647304,0.04654225797647304,4.654225797647304
short,train,2023-09-10 16:00:00+00:00,2023-09-10 20:00:00+00:00,18.214,18.57434596489462,sl,2,-0.019784010370847694,-0.020784010370847695,-2.0784010370847694
short,train,2023-09-11 04:00:00+00:00,2023-09-11 08:00:00+00:00,18.342,17.3870646092625,tp,2,0.05206277345641152,0.05106277345641152,5.106277345641152
short,train,2023-09-11 16:00:00+00:00,2023-09-12 00:00:00+00:00,17.835,18.263025955313452,sl,3,-0.02399921252107941,-0.024999212521079412,-2.4999212521079412
short,train,2023-09-12 12:00:00+00:00,2023-09-14 00:00:00+00:00,18.314,18.811498127688978,sl,10,-0.027164908140710813,-0.028164908140710813,-2.816490814071081
short,train,2023-09-14 08:00:00+00:00,2023-09-15 20:00:00+00:00,18.785,19.303425716312972,sl,10,-0.027597855539684437,-0.028597855539684438,-2.8597855539684436
short,train,2023-09-16 12:00:00+00:00,2023-09-18 08:00:00+00:00,19.148,19.576004563570265,sl,12,-0.02235244221695559,-0.02335244221695559,-2.335244221695559
short,train,2023-09-19 00:00:00+00:00,2023-09-19 08:00:00+00:00,19.641,20.038301076346308,sl,3,-0.020228149093544597,-0.021228149093544597,-2.1228149093544597
short,train,2023-09-19 16:00:00+00:00,2023-09-20 16:00:00+00:00,20.133,20.5381556393567,sl,7,-0.020123957649466038,-0.02112395764946604,-2.112395764946604
short,train,2023-09-21 04:00:00+00:00,2023-09-22 20:00:00+00:00,20.179,19.193384577782926,tp,11,0.048843620705539076,0.047843620705539075,4.784362070553907
short,train,2023-09-23 12:00:00+00:00,2023-09-27 12:00:00+00:00,19.519,18.939,timeout,25,0.029714637020339073,0.028714637020339072,2.8714637020339073
short,train,2023-09-27 20:00:00+00:00,2023-09-28 00:00:00+00:00,18.972,19.27208149499432,sl,2,-0.015817072264090227,-0.016817072264090228,-1.6817072264090227
short,train,2023-09-29 08:00:00+00:00,2023-09-30 12:00:00+00:00,20.275,20.58906702005095,sl,8,-0.015490358572180151,-0.01649035857218015,-1.649035857218015
short,train,2023-10-01 00:00:00+00:00,2023-10-01 08:00:00+00:00,21.354,21.717626126957764,sl,3,-0.017028478362731348,-0.01802847836273135,-1.8028478362731348
short,train,2023-10-02 00:00:00+00:00,2023-10-02 04:00:00+00:00,23.892,24.56401063494947,sl,2,-0.02812701468899503,-0.02912701468899503,-2.912701468899503
short,train,2023-10-02 20:00:00+00:00,2023-10-03 12:00:00+00:00,23.809,24.559030156114815,sl,5,-0.03150195959993339,-0.03250195959993339,-3.250195959993339
short,train,2023-10-03 20:00:00+00:00,2023-10-07 20:00:00+00:00,23.532,23.297,timeout,25,0.009986401495835434,0.008986401495835433,0.8986401495835433
short,train,2023-10-08 16:00:00+00:00,2023-10-09 08:00:00+00:00,23.485,22.177709769629935,tp,5,0.0556649022938073,0.0546649022938073,5.46649022938073
short,train,2023-10-09 16:00:00+00:00,2023-10-12 16:00:00+00:00,22.208,20.955425349043775,tp,19,0.05640195654521899,0.05540195654521899,5.540195654521899
short,train,2023-10-13 08:00:00+00:00,2023-10-13 20:00:00+00:00,21.389,21.7985289407853,sl,4,-0.01914670815771192,-0.02014670815771192,-2.014670815771192
short,train,2023-10-14 08:00:00+00:00,2023-10-16 04:00:00+00:00,22.06,22.430577681034123,sl,12,-0.01679862561351424,-0.01779862561351424,-1.779862561351424
short,train,2023-10-16 16:00:00+00:00,2023-10-16 16:00:00+00:00,23.155,23.629376830311514,sl,1,-0.02048701491304311,-0.021487014913043112,-2.148701491304311
short,train,2023-10-17 08:00:00+00:00,2023-10-19 12:00:00+00:00,24.097,24.6139154688288,sl,14,-0.021451444944549068,-0.02245144494454907,-2.245144494454907
short,train,2023-10-20 16:00:00+00:00,2023-10-21 04:00:00+00:00,26.888,27.546193317797613,sl,4,-0.024479073110592497,-0.0254790731105925,-2.54790731105925
short,train,2023-10-21 12:00:00+00:00,2023-10-21 20:00:00+00:00,29.52,30.366151267970615,sl,3,-0.028663660839112988,-0.02966366083911299,-2.966366083911299
short,train,2023-10-22 04:00:00+00:00,2023-10-23 00:00:00+00:00,29.721,30.607741939934108,sl,6,-0.029835535141284213,-0.030835535141284214,-3.0835535141284214
short,train,2023-10-23 16:00:00+00:00,2023-10-23 20:00:00+00:00,28.98,30.002415099202995,sl,2,-0.035280024127087466,-0.03628002412708747,-3.6280024127087467
short,train,2023-10-24 08:00:00+00:00,2023-10-24 12:00:00+00:00,31.258,32.44319917868432,sl,2,-0.037916667051133085,-0.038916667051133086,-3.8916667051133085
short,train,2023-10-25 00:00:00+00:00,2023-10-25 00:00:00+00:00,30.166,31.397250097417814,sl,1,-0.040815822363515664,-0.041815822363515665,-4.1815822363515665
short,train,2023-10-26 00:00:00+00:00,2023-10-30 00:00:00+00:00,32.435,32.726,timeout,25,-0.00897178973331268,-0.00997178973331268,-0.9971789733312679
short,train,2023-10-30 16:00:00+00:00,2023-10-31 00:00:00+00:00,35.039,35.98308159509217,sl,3,-0.026943736838727465,-0.027943736838727466,-2.7943736838727466
short,train,2023-10-31 08:00:00+00:00,2023-10-31 08:00:00+00:00,35.704,36.669731373319124,sl,1,-0.02704826835422146,-0.028048268354221462,-2.8048268354221464
short,train,2023-10-31 20:00:00+00:00,2023-10-31 20:00:00+00:00,36.269,37.24050358133459,sl,1,-0.026786059205784415,-0.027786059205784416,-2.7786059205784417
short,train,2023-11-01 16:00:00+00:00,2023-11-01 16:00:00+00:00,40.647,41.942868622866335,sl,1,-0.03188103975364324,-0.03288103975364324,-3.288103975364324
short,train,2023-11-02 00:00:00+00:00,2023-11-02 04:00:00+00:00,41.156,42.93949386359393,sl,2,-0.043334966070413365,-0.044334966070413366,-4.433496607041336
short,train,2023-11-03 08:00:00+00:00,2023-11-04 00:00:00+00:00,39.028,41.097729459520096,sl,5,-0.05303191194834727,-0.05403191194834727,-5.403191194834727
short,train,2023-11-04 08:00:00+00:00,2023-11-07 16:00:00+00:00,41.705,43.601579946596544,sl,21,-0.04547608072405098,-0.04647608072405098,-4.647608072405098
short,train,2023-11-08 08:00:00+00:00,2023-11-09 08:00:00+00:00,43.473,44.99494178389385,sl,7,-0.03500889710610842,-0.03600889710610842,-3.6008897106108417
short,train,2023-11-12 12:00:00+00:00,2023-11-14 00:00:00+00:00,59.98,51.34667805033303,tp,10,0.14393667805380067,0.14293667805380067,14.293667805380068
short,train,2023-11-14 08:00:00+00:00,2023-11-15 04:00:00+00:00,55.16,58.58358474253242,sl,6,-0.06206643840704182,-0.06306643840704182,-6.306643840704182
short,train,2023-11-16 04:00:00+00:00,2023-11-16 20:00:00+00:00,65.86,57.08599076150683,tp,5,0.1332221263056965,0.1322221263056965,13.222212630569649
short,train,2023-11-17 12:00:00+00:00,2023-11-19 08:00:00+00:00,58.19,61.69844446669394,sl,12,-0.06029291058075176,-0.06129291058075176,-6.129291058075176
short,train,2023-11-19 16:00:00+00:00,2023-11-21 12:00:00+00:00,59.99,52.909870666444746,tp,12,0.11802182586356486,0.11702182586356485,11.702182586356486
short,train,2023-11-21 20:00:00+00:00,2023-11-22 16:00:00+00:00,54.8,57.36734710390067,sl,6,-0.04684939970621666,-0.04784939970621666,-4.784939970621666
short,train,2023-11-23 08:00:00+00:00,2023-11-27 08:00:00+00:00,57.82,55.03,timeout,25,0.0482531995849187,0.0472531995849187,4.72531995849187
short,train,2023-11-27 16:00:00+00:00,2023-11-28 08:00:00+00:00,53.94,55.50228349747494,sl,5,-0.02896335738737382,-0.02996335738737382,-2.996335738737382
short,train,2023-11-28 16:00:00+00:00,2023-11-28 16:00:00+00:00,56.05,57.52909747110095,sl,1,-0.02638889332918733,-0.02738889332918733,-2.738889332918733
short,train,2023-11-29 00:00:00+00:00,2023-11-29 08:00:00+00:00,58.19,59.706976901102344,sl,3,-0.026069374481910056,-0.027069374481910057,-2.7069374481910056
short,train,2023-11-29 20:00:00+00:00,2023-11-30 12:00:00+00:00,60.04,61.65658965487035,sl,5,-0.026925210773989888,-0.02792521077398989,-2.792521077398989
short,train,2023-12-01 08:00:00+00:00,2023-12-02 04:00:00+00:00,60.88,62.528961115021744,sl,6,-0.02708543224411533,-0.028085432244115333,-2.808543224411533
short,train,2023-12-02 16:00:00+00:00,2023-12-02 16:00:00+00:00,61.88,63.36560366601448,sl,1,-0.024007816192864847,-0.025007816192864848,-2.5007816192864847
short,train,2023-12-03 08:00:00+00:00,2023-12-04 08:00:00+00:00,63.97,60.22720687311019,tp,7,0.05850856849913722,0.05750856849913722,5.750856849913722
short,train,2023-12-04 16:00:00+00:00,2023-12-05 16:00:00+00:00,60.54,62.32124206551283,sl,7,-0.029422564676458998,-0.030422564676459,-3.0422564676459
short,train,2023-12-06 00:00:00+00:00,2023-12-06 00:00:00+00:00,61.03,62.753832553760525,sl,1,-0.02824565875406396,-0.02924565875406396,-2.924565875406396
short,train,2023-12-06 12:00:00+00:00,2023-12-07 12:00:00+00:00,63.01,65.09181855707429,sl,7,-0.03303949463695116,-0.03403949463695116,-3.403949463695116
short,train,2023-12-08 08:00:00+00:00,2023-12-08 12:00:00+00:00,71.4,73.91143083449778,sl,2,-0.03517410132349822,-0.03617410132349822,-3.6174101323498222
short,train,2023-12-09 12:00:00+00:00,2023-12-11 00:00:00+00:00,77.09,70.29012382491318,tp,10,0.08820698112708292,0.08720698112708292,8.720698112708291
short,train,2023-12-11 16:00:00+00:00,2023-12-12 00:00:00+00:00,69.22,72.35221165922421,sl,3,-0.04525009620375919,-0.04625009620375919,-4.625009620375919
short,train,2023-12-12 08:00:00+00:00,2023-12-13 04:00:00+00:00,71.75,64.31396246361525,tp,6,0.10363815381720899,0.10263815381720899,10.2638153817209
short,train,2023-12-14 08:00:00+00:00,2023-12-14 16:00:00+00:00,71.53,74.28521923350885,sl,3,-0.03851837317920947,-0.03951837317920947,-3.9518373179209467
short,train,2023-12-15 20:00:00+00:00,2023-12-18 00:00:00+00:00,76.92,69.21445760048354,tp,14,0.10017605823604342,0.09917605823604342,9.917605823604342
short,train,2023-12-18 12:00:00+00:00,2023-12-18 12:00:00+00:00,69.01,71.67716313376525,sl,1,-0.03864893687531144,-0.039648936875311444,-3.9648936875311445
short,train,2023-12-19 04:00:00+00:00,2023-12-20 08:00:00+00:00,75.29,78.04418149373879,sl,8,-0.03658097348570572,-0.03758097348570572,-3.758097348570572
short,train,2023-12-21 08:00:00+00:00,2023-12-21 16:00:00+00:00,86.83,89.8956462651439,sl,3,-0.035306302719611854,-0.036306302719611855,-3.6306302719611856
short,train,2023-12-22 12:00:00+00:00,2023-12-22 20:00:00+00:00,93.78,97.82806428201427,sl,3,-0.043165539368887465,-0.044165539368887466,-4.4165539368887465
short,train,2023-12-24 08:00:00+00:00,2023-12-25 12:00:00+00:00,114.52,119.57343029966569,sl,8,-0.04412705466002176,-0.04512705466002176,-4.512705466002176
short,train,2023-12-26 00:00:00+00:00,2023-12-26 16:00:00+00:00,120.88,106.82140947406701,tp,5,0.11630203942697705,0.11530203942697705,11.530203942697705
short,train,2023-12-27 12:00:00+00:00,2023-12-28 12:00:00+00:00,112.77,97.74751119317779,tp,7,0.13321352138709064,0.13221352138709064,13.221352138709063
short,train,2023-12-29 20:00:00+00:00,2024-01-02 00:00:00+00:00,105.82,111.34992202507802,sl,20,-0.05225781539480271,-0.05325781539480271,-5.325781539480271
short,train,2024-01-02 08:00:00+00:00,2024-01-03 08:00:00+00:00,114.47,105.12710668996414,tp,7,0.0816187062989068,0.0806187062989068,8.06187062989068
short,train,2024-01-03 16:00:00+00:00,2024-01-04 20:00:00+00:00,102.09,107.41392884967881,sl,8,-0.05214936673208745,-0.05314936673208745,-5.314936673208745
short,train,2024-01-05 08:00:00+00:00,2024-01-07 20:00:00+00:00,101.15,88.8364285789404,tp,16,0.12173575305051514,0.12073575305051513,12.073575305051513
short,train,2024-01-09 04:00:00+00:00,2024-01-09 20:00:00+00:00,99.82,104.05457871959172,sl,5,-0.04242214706062637,-0.04342214706062637,-4.342214706062637
short,train,2024-01-10 04:00:00+00:00,2024-01-10 20:00:00+00:00,99.67,104.21219213971935,sl,5,-0.04557231002026033,-0.046572310020260334,-4.657231002026033
short,train,2024-01-11 08:00:00+00:00,2024-01-11 08:00:00+00:00,99.71,104.42738957549922,sl,1,-0.047311097939015404,-0.048311097939015404,-4.831109793901541
short,train,2024-01-11 20:00:00+00:00,2024-01-12 20:00:00+00:00,101.38,89.17726230195719,tp,7,0.12036632174041044,0.11936632174041044,11.936632174041044
short,train,2024-01-13 16:00:00+00:00,2024-01-13 20:00:00+00:00,92.94,97.01911167864822,sl,2,-0.043889731855478994,-0.044889731855478995,-4.488973185547899
short,train,2024-01-14 04:00:00+00:00,2024-01-14 16:00:00+00:00,96.98,100.85562622375734,sl,4,-0.03996314934787932,-0.04096314934787932,-4.096314934787932
short,train,2024-01-15 00:00:00+00:00,2024-01-16 04:00:00+00:00,93.83,97.74286680679465,sl,8,-0.04170166052216406,-0.04270166052216406,-4.270166052216406
short,train,2024-01-16 12:00:00+00:00,2024-01-17 00:00:00+00:00,96.7,99.95172582214877,sl,4,-0.0336269474886119,-0.0346269474886119,-3.46269474886119
short,train,2024-01-17 12:00:00+00:00,2024-01-18 16:00:00+00:00,102.0,93.58482503972354,tp,8,0.08250171529682804,0.08150171529682804,8.150171529682805
short,train,2024-01-19 12:00:00+00:00,2024-01-22 08:00:00+00:00,94.77,86.790209500625,tp,18,0.08420165135987126,0.08320165135987126,8.320165135987127
short,train,2024-01-22 16:00:00+00:00,2024-01-23 08:00:00+00:00,87.27,80.67878122215959,tp,5,0.07552674204011013,0.07452674204011013,7.452674204011013
short,train,2024-01-23 16:00:00+00:00,2024-01-24 04:00:00+00:00,82.71,85.82263353507302,sl,4,-0.03763309799387052,-0.03863309799387052,-3.8633097993870518
short,train,2024-01-25 08:00:00+00:00,2024-01-26 08:00:00+00:00,88.18,91.08445055873793,sl,7,-0.03293774732068406,-0.03393774732068406,-3.393774732068406
short,train,2024-01-26 16:00:00+00:00,2024-01-28 00:00:00+00:00,92.42,95.30617521302322,sl,9,-0.03122890297579768,-0.03222890297579768,-3.2228902975797684
short,train,2024-01-28 08:00:00+00:00,2024-01-28 08:00:00+00:00,95.79,98.17333654556454,sl,1,-0.024880849207271447,-0.025880849207271447,-2.5880849207271446
short,train,2024-01-30 08:00:00+00:00,2024-01-30 08:00:00+00:00,102.89,105.44827835929516,sl,1,-0.02486420798226415,-0.025864207982264152,-2.586420798226415
short,train,2024-01-30 16:00:00+00:00,2024-01-31 08:00:00+00:00,104.8,98.09860914896835,tp,5,0.06394456918923327,0.06294456918923327,6.294456918923327
short,train,2024-01-31 20:00:00+00:00,2024-02-01 00:00:00+00:00,101.0,93.46100669711535,tp,2,0.07464349804836286,0.07364349804836286,7.364349804836285
short,train,2024-02-01 12:00:00+00:00,2024-02-02 00:00:00+00:00,95.44,98.5864398971646,sl,4,-0.03296772733827114,-0.03396772733827114,-3.3967727338271145
short,train,2024-02-02 12:00:00+00:00,2024-02-05 00:00:00+00:00,101.97,94.63663665809116,tp,16,0.07191687105922169,0.07091687105922169,7.091687105922169
short,train,2024-02-05 08:00:00+00:00,2024-02-07 20:00:00+00:00,97.61,99.8453285208716,sl,16,-0.02290060978251823,-0.02390060978251823,-2.390060978251823
short,train,2024-02-08 08:00:00+00:00,2024-02-08 12:00:00+00:00,100.83,102.89368591482062,sl,2,-0.020466983187747933,-0.021466983187747934,-2.1466983187747934
short,train,2024-02-09 12:00:00+00:00,2024-02-09 20:00:00+00:00,105.89,108.09276910924793,sl,3,-0.02080242807864694,-0.021802428078646942,-2.180242807864694
short,train,2024-02-10 08:00:00+00:00,2024-02-12 20:00:00+00:00,108.87,111.3504066960195,sl,16,-0.022783197354822267,-0.023783197354822268,-2.378319735482227
short,train,2024-02-13 04:00:00+00:00,2024-02-14 08:00:00+00:00,113.01,115.67326047841921,sl,8,-0.02356659126112029,-0.02456659126112029,-2.456659126112029
short,train,2024-02-15 04:00:00+00:00,2024-02-16 08:00:00+00:00,117.22,110.57086652571722,tp,8,0.05672354098517981,0.05572354098517981,5.572354098517981
short,train,2024-02-16 16:00:00+00:00,2024-02-18 08:00:00+00:00,109.67,112.55767539116474,sl,11,-0.026330586223805363,-0.027330586223805364,-2.733058622380536
short,train,2024-02-18 16:00:00+00:00,2024-02-20 12:00:00+00:00,112.33,105.85699161374943,tp,12,0.057624929994218546,0.056624929994218545,5.662492999421855
short,train,2024-02-20 20:00:00+00:00,2024-02-23 16:00:00+00:00,107.34,100.0100345648347,tp,18,0.06828736198216234,0.06728736198216234,6.728736198216234
short,train,2024-02-24 08:00:00+00:00,2024-02-26 12:00:00+00:00,102.24,104.94312905617575,sl,14,-0.026439055713769116,-0.027439055713769117,-2.743905571376912
short,train,2024-02-27 00:00:00+00:00,2024-02-28 08:00:00+00:00,109.93,112.48769739484038,sl,9,-0.023266600517059716,-0.024266600517059717,-2.4266600517059715
short,train,2024-02-29 08:00:00+00:00,2024-02-29 08:00:00+00:00,125.52,129.6518869437706,sl,1,-0.03291815602111692,-0.03391815602111692,-3.391815602111692
short,train,2024-03-02 12:00:00+00:00,2024-03-04 08:00:00+00:00,128.68,133.5587525508807,sl,12,-0.037913837044456826,-0.03891383704445683,-3.8913837044456825
short,train,2024-03-04 16:00:00+00:00,2024-03-05 12:00:00+00:00,131.8,136.00177620818528,sl,6,-0.03187994088152705,-0.03287994088152705,-3.287994088152705
short,train,2024-03-06 00:00:00+00:00,2024-03-06 04:00:00+00:00,125.31,131.4539114535981,sl,2,-0.049029697977799803,-0.050029697977799804,-5.00296979777998
short,train,2024-03-07 08:00:00+00:00,2024-03-07 12:00:00+00:00,138.3,144.5549186996368,sl,2,-0.045227177871560297,-0.0462271778715603,-4.62271778715603
short,train,2024-03-07 20:00:00+00:00,2024-03-11 20:00:00+00:00,148.76,148.83,timeout,25,-0.0004705566012370369,-0.001470556601237037,-0.1470556601237037
short,train,2024-03-12 04:00:00+00:00,2024-03-13 12:00:00+00:00,150.95,155.84510951172632,sl,9,-0.032428681760359936,-0.033428681760359936,-3.3428681760359935
short,train,2024-03-13 20:00:00+00:00,2024-03-14 00:00:00+00:00,161.46,166.76743396263765,sl,2,-0.03287150974010681,-0.03387150974010681,-3.387150974010681
short,train,2024-03-14 12:00:00+00:00,2024-03-14 16:00:00+00:00,173.12,159.3751058538829,tp,2,0.0793951833763696,0.0783951833763696,7.839518337636959
short,train,2024-03-15 08:00:00+00:00,2024-03-15 12:00:00+00:00,176.19,184.07368284583376,sl,2,-0.044745347896212956,-0.04574534789621296,-4.574534789621295
short,train,2024-03-16 12:00:00+00:00,2024-03-17 20:00:00+00:00,192.73,201.63756522166656,sl,9,-0.04621784476556101,-0.04721784476556101,-4.721784476556101
short,train,2024-03-18 04:00:00+00:00,2024-03-19 00:00:00+00:00,203.91,180.2265546782071,tp,6,0.11614656133486785,0.11514656133486785,11.514656133486785
short,train,2024-03-19 08:00:00+00:00,2024-03-23 08:00:00+00:00,186.15,175.85,timeout,25,0.05533172172978786,0.05433172172978786,5.433172172978786
short,train,2024-03-24 08:00:00+00:00,2024-03-24 20:00:00+00:00,173.55,180.14524676189558,sl,4,-0.03800199805183271,-0.03900199805183271,-3.900199805183271
short,train,2024-03-25 04:00:00+00:00,2024-03-25 08:00:00+00:00,184.79,191.01310476283038,sl,2,-0.03367663165122782,-0.03467663165122782,-3.467663165122782
short,train,2024-03-25 16:00:00+00:00,2024-03-29 16:00:00+00:00,192.8,187.66,timeout,25,0.026659751037344474,0.025659751037344473,2.565975103734447
short,train,2024-03-30 20:00:00+00:00,2024-03-31 16:00:00+00:00,195.45,200.49911767072183,sl,6,-0.025833295833828814,-0.026833295833828815,-2.6833295833828816
short,train,2024-04-01 00:00:00+00:00,2024-04-01 12:00:00+00:00,202.47,191.36916165114172,tp,4,0.05482707733915284,0.05382707733915284,5.382707733915284
short,train,2024-04-02 00:00:00+00:00,2024-04-02 08:00:00+00:00,192.24,179.67992669338267,tp,3,0.06533537924790543,0.06433537924790543,6.433537924790543
short,train,2024-04-02 20:00:00+00:00,2024-04-03 04:00:00+00:00,185.66,191.51519675450248,sl,3,-0.03153720109071683,-0.03253720109071683,-3.253720109071683
short,train,2024-04-03 12:00:00+00:00,2024-04-05 08:00:00+00:00,187.78,172.47137179135348,tp,12,0.0815242741966478,0.0805242741966478,8.052427419664781
short,train,2024-04-06 00:00:00+00:00,2024-04-07 00:00:00+00:00,174.39,180.20061284033474,sl,7,-0.03331964470631777,-0.03431964470631777,-3.4319644706317773
short,train,2024-04-07 08:00:00+00:00,2024-04-08 08:00:00+00:00,179.77,184.48122436676218,sl,7,-0.02620695536942853,-0.02720695536942853,-2.720695536942853
short,train,2024-04-08 16:00:00+00:00,2024-04-09 12:00:00+00:00,181.46,170.3125302833292,tp,6,0.0614321046879246,0.0604321046879246,6.04321046879246
short,train,2024-04-09 20:00:00+00:00,2024-04-10 12:00:00+00:00,174.3,163.1581096929621,tp,5,0.06392363916831839,0.06292363916831839,6.292363916831839
short,train,2024-04-11 04:00:00+00:00,2024-04-12 16:00:00+00:00,172.77,161.36927471579793,tp,10,0.06598787569718169,0.06498787569718169,6.498787569718169
short,train,2024-04-13 04:00:00+00:00,2024-04-13 16:00:00+00:00,151.74,136.20761301527756,tp,4,0.10236184911508138,0.10136184911508138,10.136184911508138
short,train,2024-04-14 16:00:00+00:00,2024-04-14 20:00:00+00:00,138.01,146.8652662944032,sl,2,-0.06416394677489463,-0.06516394677489463,-6.516394677489464
short,train,2024-04-15 08:00:00+00:00,2024-04-16 04:00:00+00:00,153.74,131.30442168403465,tp,6,0.14593195210072432,0.14493195210072432,14.493195210072432
short,train,2024-04-16 12:00:00+00:00,2024-04-19 04:00:00+00:00,136.19,144.69302699268658,sl,17,-0.06243503188697104,-0.06343503188697104,-6.343503188697104
short,train,2024-04-19 12:00:00+00:00,2024-04-20 20:00:00+00:00,144.43,152.3369644409359,sl,9,-0.054745997652398355,-0.055745997652398356,-5.574599765239836
short,train,2024-04-21 04:00:00+00:00,2024-04-22 20:00:00+00:00,150.64,156.8670115263991,sl,11,-0.04133703881040302,-0.04233703881040302,-4.233703881040302
short,train,2024-04-23 04:00:00+00:00,2024-04-25 08:00:00+00:00,155.52,143.55483707065764,tp,14,0.07693649002920762,0.07593649002920762,7.5936490029207615
short,train,2024-04-25 16:00:00+00:00,2024-04-27 00:00:00+00:00,147.78,135.87428706423395,tp,9,0.08056376326814216,0.07956376326814216,7.956376326814215
short,train,2024-04-27 08:00:00+00:00,2024-04-27 16:00:00+00:00,136.19,140.4860244125236,sl,3,-0.031544345491765866,-0.032544345491765866,-3.2544345491765867
short,train,2024-04-28 04:00:00+00:00,2024-04-29 16:00:00+00:00,143.78,133.5581193187775,tp,10,0.07109389818627418,0.07009389818627418,7.009389818627418
short,train,2024-04-30 00:00:00+00:00,2024-04-30 08:00:00+00:00,137.78,128.48723910344088,tp,3,0.06744637027550528,0.06644637027550528,6.6446370275505275
short,train,2024-04-30 16:00:00+00:00,2024-05-01 16:00:00+00:00,127.77,131.67662842530845,sl,7,-0.03057547487914577,-0.03157547487914577,-3.157547487914577
short,train,2024-05-02 08:00:00+00:00,2024-05-02 08:00:00+00:00,131.34,136.51408116698138,sl,1,-0.039394557385270146,-0.04039455738527015,-4.039455738527015
short,train,2024-05-02 16:00:00+00:00,2024-05-03 20:00:00+00:00,139.1,144.46760059806047,sl,8,-0.038588070438968204,-0.039588070438968205,-3.9588070438968206
short,train,2024-05-04 08:00:00+00:00,2024-05-04 08:00:00+00:00,143.94,148.46378635545048,sl,1,-0.03142827813985329,-0.032428278139853293,-3.2428278139853295
short,train,2024-05-05 16:00:00+00:00,2024-05-06 08:00:00+00:00,147.47,151.1772782302443,sl,5,-0.025139202754758925,-0.026139202754758926,-2.6139202754758926
short,train,2024-05-06 16:00:00+00:00,2024-05-07 00:00:00+00:00,153.83,157.78057801533154,sl,3,-0.02568145365228843,-0.026681453652288432,-2.668145365228843
short,train,2024-05-07 08:00:00+00:00,2024-05-07 08:00:00+00:00,155.14,159.10447622594447,sl,1,-0.025554184774684033,-0.026554184774684034,-2.6554184774684035
short,train,2024-05-07 16:00:00+00:00,2024-05-08 12:00:00+00:00,154.69,144.52754487009415,tp,6,0.06569561788031451,0.06469561788031451,6.469561788031451
short,train,2024-05-09 12:00:00+00:00,2024-05-09 12:00:00+00:00,142.81,146.7729067697347,sl,1,-0.02774950472470206,-0.02874950472470206,-2.874950472470206
short,train,2024-05-10 08:00:00+00:00,2024-05-11 00:00:00+00:00,154.34,144.11145598162642,tp,5,0.06627280043004784,0.06527280043004784,6.527280043004784
short,train,2024-05-11 16:00:00+00:00,2024-05-13 16:00:00+00:00,145.66,149.67109473853913,sl,13,-0.02753737977851935,-0.02853737977851935,-2.853737977851935
short,train,2024-05-14 04:00:00+00:00,2024-05-15 12:00:00+00:00,146.33,150.03499705710666,sl,9,-0.02531946324818323,-0.026319463248183232,-2.631946324818323
short,train,2024-05-16 08:00:00+00:00,2024-05-17 04:00:00+00:00,162.8,166.80576774958797,sl,6,-0.02460545300729705,-0.025605453007297052,-2.5605453007297054
short,train,2024-05-17 16:00:00+00:00,2024-05-18 00:00:00+00:00,169.66,173.87853764514563,sl,3,-0.024864656637661384,-0.025864656637661385,-2.5864656637661385
short,train,2024-05-18 20:00:00+00:00,2024-05-20 04:00:00+00:00,172.24,176.1446346502395,sl,9,-0.022669732061306902,-0.023669732061306903,-2.36697320613069
short,train,2024-05-20 12:00:00+00:00,2024-05-20 16:00:00+00:00,177.74,181.86451881350388,sl,2,-0.023205349462720088,-0.02420534946272009,-2.4205349462720087
short,train,2024-05-21 00:00:00+00:00,2024-05-21 16:00:00+00:00,186.7,175.13410365044822,tp,5,0.061949096676763606,0.060949096676763605,6.094909667676361
short,train,2024-05-22 00:00:00+00:00,2024-05-22 04:00:00+00:00,178.17,182.76891398184873,sl,2,-0.0258119435474476,-0.026811943547447602,-2.6811943547447603
short,train,2024-05-22 16:00:00+00:00,2024-05-23 12:00:00+00:00,181.37,169.44162365709718,tp,6,0.06576818847054541,0.06476818847054541,6.476818847054541
short,train,2024-05-23 20:00:00+00:00,2024-05-23 20:00:00+00:00,170.93,175.81446252326472,sl,1,-0.02857580602155687,-0.02957580602155687,-2.957580602155687
short,train,2024-05-24 04:00:00+00:00,2024-05-28 04:00:00+00:00,172.06,166.12,timeout,25,0.034522840869464125,0.033522840869464124,3.3522840869464123
short,train,2024-05-28 20:00:00+00:00,2024-06-01 20:00:00+00:00,170.39,166.15,timeout,25,0.024884089441868543,0.023884089441868542,2.388408944186854
short,train,2024-06-02 04:00:00+00:00,2024-06-04 16:00:00+00:00,166.2,168.91018248950525,sl,16,-0.0163067538478054,-0.0173067538478054,-1.73067538478054
short,train,2024-06-05 00:00:00+00:00,2024-06-05 00:00:00+00:00,171.76,174.46572452112142,sl,1,-0.01575293736097709,-0.01675293736097709,-1.6752937360977092
short,train,2024-06-05 16:00:00+00:00,2024-06-06 20:00:00+00:00,174.79,167.83919187007047,tp,8,0.03976662354785473,0.03876662354785473,3.8766623547854726
short,train,2024-06-07 04:00:00+00:00,2024-06-07 16:00:00+00:00,170.54,164.26456550704208,tp,4,0.036797434578151246,0.035797434578151245,3.5797434578151246
short,train,2024-06-08 16:00:00+00:00,2024-06-11 12:00:00+00:00,160.14,151.86793302522173,tp,18,0.051655220274623805,0.050655220274623804,5.0655220274623804
short,train,2024-06-11 20:00:00+00:00,2024-06-12 08:00:00+00:00,149.23,152.7872807283385,sl,4,-0.023837571053665466,-0.024837571053665467,-2.483757105366547
short,train,2024-06-13 00:00:00+00:00,2024-06-14 12:00:00+00:00,155.23,144.9298894165419,tp,10,0.06635386576987756,0.06535386576987756,6.535386576987756
short,train,2024-06-15 04:00:00+00:00,2024-06-16 12:00:00+00:00,144.93,148.65958609316775,sl,9,-0.025733706569845714,-0.026733706569845715,-2.6733706569845714
short,train,2024-06-17 00:00:00+00:00,2024-06-17 08:00:00+00:00,151.28,144.0916820730278,tp,3,0.04751664414973684,0.04651664414973684,4.651664414973684
short,train,2024-06-17 16:00:00+00:00,2024-06-17 16:00:00+00:00,141.21,144.46757677334708,sl,1,-0.023069023251519497,-0.024069023251519498,-2.40690232515195
short,train,2024-06-18 08:00:00+00:00,2024-06-19 00:00:00+00:00,136.71,141.05555758599453,sl,5,-0.03178668411962934,-0.03278668411962934,-3.2786684119629337
short,train,2024-06-19 08:00:00+00:00,2024-06-21 16:00:00+00:00,139.98,128.82508868272336,tp,15,0.0796893221694287,0.0786893221694287,7.86893221694287
short,train,2024-06-22 04:00:00+00:00,2024-06-24 04:00:00+00:00,135.09,125.23515622579771,tp,13,0.07295020929900284,0.07195020929900284,7.195020929900283
short,train,2024-06-24 12:00:00+00:00,2024-06-24 16:00:00+00:00,127.07,130.16603086241736,sl,2,-0.0243647663682802,-0.025364766368280202,-2.53647663682802
short,train,2024-06-25 08:00:00+00:00,2024-06-25 08:00:00+00:00,134.82,138.4214104186491,sl,1,-0.0267127311871317,-0.0277127311871317,-2.77127311871317
short,train,2024-06-25 16:00:00+00:00,2024-06-27 12:00:00+00:00,139.46,143.1851957181209,sl,12,-0.02671157118973818,-0.02771157118973818,-2.771157118973818
short,train,2024-06-28 12:00:00+00:00,2024-07-01 00:00:00+00:00,145.5,149.11951927058283,sl,16,-0.024876421103662047,-0.025876421103662048,-2.587642110366205
short,train,2024-07-02 00:00:00+00:00,2024-07-02 00:00:00+00:00,146.68,149.62195738087266,sl,1,-0.020056976962589658,-0.02105697696258966,-2.1056976962589657
short,train,2024-07-02 12:00:00+00:00,2024-07-02 16:00:00+00:00,149.7,152.71670202834446,sl,2,-0.020151650155941676,-0.021151650155941677,-2.115165015594168
short,train,2024-07-03 00:00:00+00:00,2024-07-03 08:00:00+00:00,154.0,145.76107474829374,tp,3,0.05349951462146924,0.05249951462146924,5.2499514621469245
short,train,2024-07-03 16:00:00+00:00,2024-07-04 00:00:00+00:00,141.68,132.784483311277,tp,3,0.06278597324056329,0.061785973240563286,6.178597324056328
short,train,2024-07-04 12:00:00+00:00,2024-07-05 00:00:00+00:00,132.74,122.71534132373039,tp,4,0.07552100856011469,0.07452100856011469,7.452100856011469
short,train,2024-07-06 08:00:00+00:00,2024-07-06 12:00:00+00:00,136.93,141.71499545919076,sl,2,-0.0349448291768842,-0.0359448291768842,-3.59448291768842
short,train,2024-07-07 04:00:00+00:00,2024-07-07 20:00:00+00:00,142.11,131.27444999186855,tp,5,0.07624762513638352,0.07524762513638351,7.524762513638351
short,train,2024-07-08 04:00:00+00:00,2024-07-08 08:00:00+00:00,130.7,135.0685884906692,sl,2,-0.03342454851315398,-0.034424548513153984,-3.4424548513153983
short,train,2024-07-08 16:00:00+00:00,2024-07-09 04:00:00+00:00,137.47,142.45615485204092,sl,4,-0.03627085802022933,-0.03727085802022933,-3.7270858020229327
short,train,2024-07-09 12:00:00+00:00,2024-07-13 12:00:00+00:00,141.91,140.36,timeout,25,0.01092241561553085,0.009922415615530849,0.9922415615530848
short,train,2024-07-14 04:00:00+00:00,2024-07-14 20:00:00+00:00,143.96,147.05262043048234,sl,5,-0.021482498127829448,-0.02248249812782945,-2.248249812782945
short,train,2024-07-15 12:00:00+00:00,2024-07-15 16:00:00+00:00,151.63,154.68633159239033,sl,2,-0.02015650987529075,-0.02115650987529075,-2.115650987529075
short,train,2024-07-16 08:00:00+00:00,2024-07-16 12:00:00+00:00,154.47,157.90356976619373,sl,2,-0.022228068661835486,-0.023228068661835487,-2.322806866183549
short,train,2024-07-16 20:00:00+00:00,2024-07-19 12:00:00+00:00,161.89,165.6867867260669,sl,17,-0.02345287989416843,-0.02445287989416843,-2.445287989416843
short,train,2024-07-21 04:00:00+00:00,2024-07-21 12:00:00+00:00,173.15,176.80919053528396,sl,3,-0.021133066908945737,-0.022133066908945738,-2.2133066908945738
short,train,2024-07-22 08:00:00+00:00,2024-07-22 16:00:00+00:00,178.39,182.61061404172185,sl,3,-0.023659476661930936,-0.024659476661930937,-2.4659476661930935
short,train,2024-07-23 04:00:00+00:00,2024-07-25 00:00:00+00:00,179.11,168.26202050581122,tp,12,0.06056601805699732,0.05956601805699732,5.956601805699732
short,train,2024-07-25 08:00:00+00:00,2024-07-26 00:00:00+00:00,169.41,174.41328102158113,sl,5,-0.029533563671454644,-0.030533563671454645,-3.0533563671454647
short,train,2024-07-26 08:00:00+00:00,2024-07-26 12:00:00+00:00,176.76,181.82486488602976,sl,2,-0.028653908610713777,-0.029653908610713778,-2.965390861071378
short,train,2024-07-27 08:00:00+00:00,2024-07-29 00:00:00+00:00,185.84,190.356435530114,sl,11,-0.024302817101345214,-0.025302817101345215,-2.5302817101345214
short,train,2024-07-29 08:00:00+00:00,2024-07-30 00:00:00+00:00,192.35,181.23378193568772,tp,5,0.05779161977807267,0.05679161977807267,5.679161977807267
short,train,2024-07-30 08:00:00+00:00,2024-08-01 00:00:00+00:00,182.34,171.26200094417703,tp,11,0.060754629021733966,0.059754629021733965,5.975462902173397
short,train,2024-08-01 08:00:00+00:00,2024-08-02 12:00:00+00:00,168.2,156.74738986088224,tp,8,0.06808923982828628,0.06708923982828628,6.708923982828628
short,train,2024-08-03 04:00:00+00:00,2024-08-04 12:00:00+00:00,153.54,138.70408796270607,tp,9,0.09662571341210059,0.09562571341210059,9.56257134121006
short,train,2024-08-05 00:00:00+00:00,2024-08-05 00:00:00+00:00,138.31,122.69484284474481,tp,1,0.11289969745683746,0.11189969745683746,11.189969745683745
short,train,2024-08-06 00:00:00+00:00,2024-08-06 00:00:00+00:00,129.79,139.11415307229555,sl,1,-0.0718403041243205,-0.0728403041243205,-7.284030412432051
short,train,2024-08-06 08:00:00+00:00,2024-08-07 00:00:00+00:00,141.95,151.23046872049974,sl,5,-0.06537843410003351,-0.06637843410003351,-6.6378434100033505
short,train,2024-08-07 12:00:00+00:00,2024-08-08 12:00:00+00:00,151.64,159.66116187197653,sl,7,-0.05289608198349081,-0.05389608198349081,-5.389608198349081
short,train,2024-08-09 04:00:00+00:00,2024-08-13 04:00:00+00:00,158.96,145.99,timeout,25,0.0815928535480624,0.0805928535480624,8.059285354806239
short,train,2024-08-13 12:00:00+00:00,2024-08-14 12:00:00+00:00,145.9,150.82264632612026,sl,7,-0.03373986515503947,-0.03473986515503947,-3.473986515503947
short,train,2024-08-14 20:00:00+00:00,2024-08-18 20:00:00+00:00,144.21,142.39,timeout,25,0.012620484016365173,0.011620484016365173,1.1620484016365173
short,train,2024-08-19 04:00:00+00:00,2024-08-20 00:00:00+00:00,143.23,146.58005080867386,sl,6,-0.023389309562758295,-0.024389309562758296,-2.4389309562758297
short,train,2024-08-20 08:00:00+00:00,2024-08-21 12:00:00+00:00,147.47,139.37698575063646,tp,8,0.05487905505773062,0.05387905505773062,5.3879055057730625
short,train,2024-08-22 00:00:00+00:00,2024-08-23 04:00:00+00:00,142.78,145.8174991086499,sl,8,-0.02127398171067314,-0.02227398171067314,-2.227398171067314
short,train,2024-08-25 00:00:00+00:00,2024-08-27 12:00:00+00:00,160.66,152.90422995089747,tp,16,0.048274430779923584,0.04727443077992358,4.727443077992358
short,train,2024-08-27 20:00:00+00:00,2024-08-27 20:00:00+00:00,154.97,147.09036833316264,tp,1,0.050846174529504774,0.04984617452950477,4.984617452950477
short,train,2024-08-28 16:00:00+00:00,2024-08-30 12:00:00+00:00,144.13,134.28637837754536,tp,12,0.06829682663189228,0.06729682663189228,6.7296826631892275
short,train,2024-08-30 20:00:00+00:00,2024-09-03 20:00:00+00:00,135.97,127.56,timeout,25,0.06185187909097593,0.060851879090975926,6.085187909097592
short,train,2024-09-04 04:00:00+00:00,2024-09-04 04:00:00+00:00,127.69,131.44400251965826,sl,1,-0.029399346226472375,-0.030399346226472376,-3.0399346226472375
short,train,2024-09-04 20:00:00+00:00,2024-09-06 20:00:00+00:00,133.2,123.65747436198723,tp,13,0.07164058286796368,0.07064058286796368,7.064058286796368
short,train,2024-09-07 08:00:00+00:00,2024-09-08 20:00:00+00:00,127.62,131.33523573821722,sl,10,-0.029111704577787313,-0.030111704577787314,-3.0111704577787313
short,train,2024-09-09 04:00:00+00:00,2024-09-09 16:00:00+00:00,128.6,131.6725979535,sl,4,-0.0238926745995335,-0.0248926745995335,-2.48926745995335
short,train,2024-09-10 08:00:00+00:00,2024-09-13 16:00:00+00:00,134.97,138.09354386852903,sl,21,-0.02314250476794122,-0.02414250476794122,-2.414250476794122
short,train,2024-09-14 12:00:00+00:00,2024-09-15 20:00:00+00:00,136.8,130.89913772357932,tp,9,0.043134958160969995,0.042134958160969994,4.213495816097
short,train,2024-09-16 04:00:00+00:00,2024-09-17 04:00:00+00:00,130.62,132.77828065084975,sl,7,-0.016523355158855817,-0.017523355158855818,-1.7523355158855818
short,train,2024-09-17 12:00:00+00:00,2024-09-17 12:00:00+00:00,131.95,134.0088676792288,sl,1,-0.0156033927944587,-0.016603392794458702,-1.6603392794458702
short,train,2024-09-17 20:00:00+00:00,2024-09-19 00:00:00+00:00,132.25,134.60866651933506,sl,8,-0.017834907518601586,-0.018834907518601587,-1.8834907518601587
short,train,2024-09-19 12:00:00+00:00,2024-09-19 12:00:00+00:00,139.46,142.20364685719886,sl,1,-0.019673360513400646,-0.020673360513400647,-2.0673360513400647
short,train,2024-09-20 08:00:00+00:00,2024-09-22 12:00:00+00:00,151.02,143.1264361085135,tp,14,0.05226833460128796,0.051268334601287956,5.126833460128796
short,train,2024-09-22 20:00:00+00:00,2024-09-23 00:00:00+00:00,144.68,147.56854643656047,sl,2,-0.019965070753113493,-0.020965070753113494,-2.0965070753113495
short,train,2024-09-23 16:00:00+00:00,2024-09-24 08:00:00+00:00,144.21,147.40802471081588,sl,5,-0.02217616469603961,-0.02317616469603961,-2.317616469603961
short,train,2024-09-24 16:00:00+00:00,2024-09-24 20:00:00+00:00,145.53,148.6755173129378,sl,2,-0.02161421915026326,-0.02261421915026326,-2.261421915026326
short,train,2024-09-25 04:00:00+00:00,2024-09-26 12:00:00+00:00,152.01,155.32177898561383,sl,9,-0.021786586314149342,-0.022786586314149343,-2.278658631414934
short,train,2024-09-26 20:00:00+00:00,2024-09-27 04:00:00+00:00,155.51,158.87818188325608,sl,3,-0.021658940796450938,-0.02265894079645094,-2.265894079645094
short,train,2024-09-27 12:00:00+00:00,2024-09-27 12:00:00+00:00,156.07,159.34237147979167,sl,1,-0.020967331836942864,-0.021967331836942865,-2.1967331836942865
short,train,2024-09-29 00:00:00+00:00,2024-09-29 16:00:00+00:00,156.79,159.53461375734253,sl,5,-0.01750503066102771,-0.01850503066102771,-1.850503066102771
short,train,2024-09-30 00:00:00+00:00,2024-10-01 00:00:00+00:00,158.46,151.60956062848206,tp,7,0.04323134779450934,0.042231347794509336,4.223134779450934
short,train,2024-10-01 08:00:00+00:00,2024-10-01 12:00:00+00:00,156.82,149.33372651194458,tp,2,0.04773800209192334,0.04673800209192334,4.673800209192334
short,train,2024-10-02 00:00:00+00:00,2024-10-02 04:00:00+00:00,145.16,148.91165875772958,sl,2,-0.025844990064271055,-0.026844990064271056,-2.6844990064271057
short,train,2024-10-02 16:00:00+00:00,2024-10-03 08:00:00+00:00,147.46,137.97788214679332,tp,5,0.06430298286455098,0.06330298286455098,6.330298286455098
short,train,2024-10-03 16:00:00+00:00,2024-10-04 08:00:00+00:00,135.6,139.82659234475636,sl,5,-0.031169560064574997,-0.032169560064575,-3.2169560064575
short,train,2024-10-05 08:00:00+00:00,2024-10-07 00:00:00+00:00,143.81,147.28108691604268,sl,11,-0.024136617175736595,-0.025136617175736595,-2.5136617175736595
short,train,2024-10-07 08:00:00+00:00,2024-10-07 12:00:00+00:00,148.04,150.8322612011275,sl,2,-0.018861532025989614,-0.019861532025989614,-1.9861532025989614
short,train,2024-10-08 00:00:00+00:00,2024-10-10 16:00:00+00:00,143.98,136.03513899381753,tp,17,0.05518030980818492,0.05418030980818492,5.418030980818492
short,train,2024-10-11 16:00:00+00:00,2024-10-12 08:00:00+00:00,144.39,147.09033534032966,sl,5,-0.018701678373361542,-0.019701678373361543,-1.9701678373361544
short,train,2024-10-12 16:00:00+00:00,2024-10-13 20:00:00+00:00,146.11,148.43055033453874,sl,8,-0.015882214321666706,-0.016882214321666707,-1.6882214321666706
short,train,2024-10-14 08:00:00+00:00,2024-10-14 12:00:00+00:00,153.05,155.5339081464579,sl,2,-0.01622939004546147,-0.017229390045461472,-1.7229390045461472
short,train,2024-10-15 00:00:00+00:00,2024-10-15 12:00:00+00:00,157.58,150.99819030020151,tp,4,0.04176805241654079,0.04076805241654079,4.076805241654078
short,train,2024-10-15 20:00:00+00:00,2024-10-16 08:00:00+00:00,155.17,158.39497158465764,sl,4,-0.020783473510715036,-0.021783473510715037,-2.178347351071504
short,train,2024-10-16 16:00:00+00:00,2024-10-19 20:00:00+00:00,155.73,158.96513663314073,sl,20,-0.020774010358574076,-0.021774010358574077,-2.177401035857408
short,train,2024-10-20 04:00:00+00:00,2024-10-20 20:00:00+00:00,159.04,161.63366587210263,sl,5,-0.016308261268250964,-0.017308261268250965,-1.7308261268250964
short,train,2024-10-21 04:00:00+00:00,2024-10-21 12:00:00+00:00,169.5,162.28695735552037,tp,3,0.04255482386123675,0.041554823861236746,4.1554823861236745
short,train,2024-10-22 04:00:00+00:00,2024-10-22 12:00:00+00:00,166.44,169.77715278491308,sl,3,-0.020050184961025518,-0.02105018496102552,-2.1050184961025518
short,train,2024-10-22 20:00:00+00:00,2024-10-23 16:00:00+00:00,168.45,172.06787642362303,sl,6,-0.021477449828572547,-0.022477449828572547,-2.2477449828572547
short,train,2024-10-24 00:00:00+00:00,2024-10-24 00:00:00+00:00,170.86,174.73177449306314,sl,1,-0.022660508562935316,-0.023660508562935317,-2.3660508562935316
short,train,2024-10-24 08:00:00+00:00,2024-10-24 16:00:00+00:00,173.53,177.34265249656974,sl,3,-0.02197114329839071,-0.02297114329839071,-2.2971143298390713
short,train,2024-10-25 00:00:00+00:00,2024-10-25 16:00:00+00:00,177.21,168.07322118684087,tp,5,0.05155904753207573,0.05055904753207573,5.055904753207573
short,train,2024-10-26 04:00:00+00:00,2024-10-26 08:00:00+00:00,165.64,170.0761420744832,sl,2,-0.026781828510524033,-0.027781828510524034,-2.7781828510524034
short,train,2024-10-26 16:00:00+00:00,2024-10-26 20:00:00+00:00,168.65,172.7912223533672,sl,2,-0.02455512809586242,-0.025555128095862422,-2.5555128095862423
short,train,2024-10-27 04:00:00+00:00,2024-10-27 12:00:00+00:00,172.15,176.08694442796929,sl,3,-0.022869267661744293,-0.023869267661744294,-2.3869267661744296
short,train,2024-10-28 00:00:00+00:00,2024-10-29 00:00:00+00:00,176.65,180.11479184174377,sl,7,-0.01961387965889477,-0.02061387965889477,-2.061387965889477
short,train,2024-10-29 08:00:00+00:00,2024-10-31 12:00:00+00:00,180.16,170.8498390730603,tp,14,0.05167718098878601,0.05067718098878601,5.067718098878601
short,train,2024-11-01 00:00:00+00:00,2024-11-01 12:00:00+00:00,168.67,172.14797155424245,sl,4,-0.02061997719951656,-0.02161997719951656,-2.161997719951656
short,train,2024-11-01 20:00:00+00:00,2024-11-04 20:00:00+00:00,166.6,156.69030011542185,tp,19,0.0594819921043106,0.0584819921043106,5.84819921043106
short,train,2024-11-05 04:00:00+00:00,2024-11-05 12:00:00+00:00,159.67,163.39072066374564,sl,3,-0.023302565690146253,-0.024302565690146254,-2.4302565690146256
short,train,2024-11-06 08:00:00+00:00,2024-11-06 20:00:00+00:00,183.89,188.90418120653018,sl,4,-0.02726728591293815,-0.028267285912938152,-2.8267285912938154
short,train,2024-11-07 08:00:00+00:00,2024-11-07 16:00:00+00:00,188.0,192.90449137042586,sl,3,-0.026087720055456697,-0.027087720055456697,-2.70877200554567
short,train,2024-11-08 00:00:00+00:00,2024-11-08 08:00:00+00:00,196.34,201.31951811825107,sl,3,-0.02536170988209771,-0.02636170988209771,-2.6361709882097712
short,train,2024-11-09 00:00:00+00:00,2024-11-10 00:00:00+00:00,199.85,204.91601598542556,sl,7,-0.02534909174593728,-0.026349091745937282,-2.6349091745937283
short,train,2024-11-11 00:00:00+00:00,2024-11-11 08:00:00+00:00,210.08,216.27696090051091,sl,3,-0.02949810024995669,-0.03049810024995669,-3.049810024995669
short,train,2024-11-11 16:00:00+00:00,2024-11-13 04:00:00+00:00,219.08,202.9841401838107,tp,10,0.07347023834302226,0.07247023834302226,7.247023834302226
short,train,2024-11-13 20:00:00+00:00,2024-11-14 00:00:00+00:00,210.84,218.61365198424605,sl,2,-0.03686991075813908,-0.03786991075813908,-3.786991075813908
short,train,2024-11-14 08:00:00+00:00,2024-11-17 04:00:00+00:00,218.12,225.83356902674512,sl,18,-0.035363877804626444,-0.036363877804626445,-3.6363877804626443
short,train,2024-11-17 16:00:00+00:00,2024-11-18 00:00:00+00:00,233.94,241.3929308482281,sl,3,-0.03185830062506671,-0.032858300625066714,-3.285830062506671
short,train,2024-11-18 08:00:00+00:00,2024-11-21 12:00:00+00:00,242.04,249.34832147949402,sl,20,-0.030194684678127692,-0.031194684678127693,-3.1194684678127693
short,train,2024-11-22 12:00:00+00:00,2024-11-25 12:00:00+00:00,259.24,240.9442470277505,tp,19,0.07057457557571947,0.06957457557571947,6.9574575575719475
short,train,2024-11-25 20:00:00+00:00,2024-11-29 20:00:00+00:00,239.69,243.33,timeout,25,-0.015186282281280048,-0.016186282281280048,-1.6186282281280047
short,train,2024-11-30 04:00:00+00:00,2024-12-02 00:00:00+00:00,242.92,228.6867605160226,tp,12,0.05859229163501317,0.05759229163501317,5.759229163501317
short,train,2024-12-02 08:00:00+00:00,2024-12-03 12:00:00+00:00,228.63,216.10525716120077,tp,8,0.05478171210601945,0.05378171210601945,5.378171210601945
short,train,2024-12-04 08:00:00+00:00,2024-12-05 12:00:00+00:00,236.63,243.08564917641897,sl,8,-0.02728161761576712,-0.02828161761576712,-2.828161761576712
short,train,2024-12-05 20:00:00+00:00,2024-12-06 00:00:00+00:00,233.11,240.84564189653514,sl,2,-0.03318451330502822,-0.03418451330502822,-3.4184513305028217
short,train,2024-12-06 16:00:00+00:00,2024-12-09 20:00:00+00:00,238.01,217.18532354129687,tp,20,0.08749496432378104,0.08649496432378104,8.649496432378104
short,train,2024-12-10 04:00:00+00:00,2024-12-11 08:00:00+00:00,215.76,223.36739946025435,sl,8,-0.03525861818805319,-0.03625861818805319,-3.625861818805319
short,train,2024-12-12 08:00:00+00:00,2024-12-16 08:00:00+00:00,230.05,213.87192854801796,tp,25,0.07032415323617495,0.06932415323617495,6.932415323617495
short,oof,2024-12-12 20:00:00+00:00,2024-12-16 20:00:00+00:00,227.21,216.21,timeout,25,0.04841336208793627,0.04741336208793627,4.741336208793627
short,oof,2024-12-17 04:00:00+00:00,2024-12-17 08:00:00+00:00,215.5,220.57661869602612,sl,2,-0.023557395341188475,-0.024557395341188476,-2.4557395341188477
short,oof,2024-12-17 16:00:00+00:00,2024-12-17 16:00:00+00:00,220.48,226.06805440057192,sl,1,-0.025344949204335696,-0.026344949204335697,-2.63449492043357
short,oof,2024-12-18 04:00:00+00:00,2024-12-19 00:00:00+00:00,217.51,202.1897872466686,tp,6,0.07043452141663091,0.06943452141663091,6.943452141663091
short,oof,2024-12-20 00:00:00+00:00,2024-12-20 08:00:00+00:00,193.8,175.29288884094868,tp,3,0.09549592961326797,0.09449592961326797,9.449592961326797
short,oof,2024-12-21 20:00:00+00:00,2024-12-23 16:00:00+00:00,181.5,189.60306870347222,sl,12,-0.04464500663070092,-0.045645006630700924,-4.564500663070092
short,oof,2024-12-24 04:00:00+00:00,2024-12-24 12:00:00+00:00,189.97,196.95747083840274,sl,3,-0.036781969986854464,-0.037781969986854465,-3.7781969986854467
short,oof,2024-12-25 00:00:00+00:00,2024-12-29 00:00:00+00:00,197.1,194.79,timeout,25,0.011719939117199403,0.010719939117199404,1.0719939117199404
short,oof,2024-12-29 08:00:00+00:00,2025-01-02 04:00:00+00:00,196.03,200.39589961564369,sl,24,-0.022271589122295998,-0.023271589122296,-2.3271589122295997
short,oof,2025-01-02 12:00:00+00:00,2025-01-03 08:00:00+00:00,208.52,213.1658908189679,sl,6,-0.022280312770803275,-0.023280312770803276,-2.3280312770803278
short,oof,2025-01-04 04:00:00+00:00,2025-01-06 12:00:00+00:00,216.96,221.23845846970968,sl,15,-0.01972003350714268,-0.02072003350714268,-2.072003350714268
short,oof,2025-01-06 20:00:00+00:00,2025-01-07 12:00:00+00:00,220.02,210.26176176485518,tp,5,0.04435159637826029,0.04335159637826029,4.335159637826029
short,oof,2025-01-08 00:00:00+00:00,2025-01-08 16:00:00+00:00,202.16,191.95682472548265,tp,5,0.050470791820920805,0.049470791820920804,4.9470791820920805
short,oof,2025-01-09 00:00:00+00:00,2025-01-09 12:00:00+00:00,197.48,185.6132421123137,tp,4,0.0600909352222315,0.0590909352222315,5.90909352222315
short,oof,2025-01-10 00:00:00+00:00,2025-01-10 04:00:00+00:00,184.97,190.1291318906294,sl,2,-0.02789172239081687,-0.02889172239081687,-2.889172239081687
short,oof,2025-01-10 12:00:00+00:00,2025-01-13 08:00:00+00:00,191.97,179.842555791078,tp,18,0.06317364280315667,0.06217364280315667,6.217364280315667
short,oof,2025-01-13 16:00:00+00:00,2025-01-13 20:00:00+00:00,178.8,183.75649926117768,sl,2,-0.027720913093834836,-0.028720913093834836,-2.8720913093834834
short,oof,2025-01-14 04:00:00+00:00,2025-01-14 08:00:00+00:00,184.18,189.15131518834087,sl,2,-0.026991612489634418,-0.02799161248963442,-2.799161248963442
short,oof,2025-01-14 16:00:00+00:00,2025-01-15 12:00:00+00:00,186.86,191.63749251777878,sl,6,-0.025567229571758363,-0.026567229571758364,-2.6567229571758366
short,oof,2025-01-16 00:00:00+00:00,2025-01-16 08:00:00+00:00,205.84,210.67812121884293,sl,3,-0.02350428108648916,-0.024504281086489162,-2.450428108648916
short,oof,2025-01-17 04:00:00+00:00,2025-01-17 08:00:00+00:00,211.09,216.91952262519067,sl,2,-0.027616289853572708,-0.02861628985357271,-2.861628985357271
short,oof,2025-01-19 20:00:00+00:00,2025-01-20 00:00:00+00:00,269.54,235.60187554376415,tp,2,0.1259112727470352,0.1249112727470352,12.491127274703521
short,oof,2025-01-20 12:00:00+00:00,2025-01-24 12:00:00+00:00,260.64,262.3,timeout,25,-0.006368937998772349,-0.007368937998772349,-0.7368937998772349
short,oof,2025-01-24 20:00:00+00:00,2025-01-27 00:00:00+00:00,262.06,233.92916067330384,tp,14,0.10734503291878257,0.10634503291878257,10.634503291878257
short,oof,2025-01-27 12:00:00+00:00,2025-01-27 12:00:00+00:00,225.88,234.60827428328048,sl,1,-0.03864120012077424,-0.03964120012077424,-3.964120012077424
short,oof,2025-01-28 04:00:00+00:00,2025-02-01 04:00:00+00:00,236.69,230.68,timeout,25,0.025391862774092656,0.024391862774092655,2.4391862774092656
short,oof,2025-02-01 20:00:00+00:00,2025-02-02 16:00:00+00:00,221.76,206.662102955003,tp,6,0.06808214756943085,0.06708214756943084,6.708214756943084
short,oof,2025-02-03 00:00:00+00:00,2025-02-03 00:00:00+00:00,203.51,183.49741186430683,tp,1,0.09833712414963965,0.09733712414963964,9.733712414963964
short,oof,2025-02-03 08:00:00+00:00,2025-02-03 12:00:00+00:00,199.09,208.60066815292274,sl,2,-0.047770697437956366,-0.04877069743795637,-4.877069743795637
short,oof,2025-02-03 20:00:00+00:00,2025-02-06 16:00:00+00:00,215.14,189.33402520775212,tp,18,0.11994968296108519,0.11894968296108518,11.894968296108518
short,oof,2025-02-07 04:00:00+00:00,2025-02-07 12:00:00+00:00,193.3,200.63299873837627,sl,3,-0.03793584448202929,-0.03893584448202929,-3.8935844482029287
short,oof,2025-02-08 00:00:00+00:00,2025-02-08 20:00:00+00:00,191.99,199.07491476871232,sl,6,-0.03690251975994744,-0.03790251975994744,-3.790251975994744
short,oof,2025-02-09 04:00:00+00:00,2025-02-12 12:00:00+00:00,206.96,191.70218945330535,tp,21,0.07372347577645273,0.07272347577645273,7.272347577645273
short,oof,2025-02-13 08:00:00+00:00,2025-02-14 08:00:00+00:00,193.09,198.41340783030483,sl,7,-0.027569567716115958,-0.02856956771611596,-2.856956771611596
short,oof,2025-02-14 16:00:00+00:00,2025-02-16 16:00:00+00:00,200.86,189.10935734526208,tp,13,0.058501656152235036,0.057501656152235035,5.750165615223503
short,oof,2025-02-17 00:00:00+00:00,2025-02-17 16:00:00+00:00,188.26,178.71059823172845,tp,5,0.050724539298159656,0.049724539298159655,4.972453929815965
short,oof,2025-02-18 00:00:00+00:00,2025-02-18 04:00:00+00:00,177.55,166.41899947756292,tp,2,0.06269220232293489,0.06169220232293489,6.169220232293489
short,oof,2025-02-18 12:00:00+00:00,2025-02-19 08:00:00+00:00,168.71,173.98263602737526,sl,6,-0.03125265857018111,-0.032252658570181114,-3.2252658570181114
short,oof,2025-02-19 16:00:00+00:00,2025-02-20 12:00:00+00:00,169.72,175.23838771661144,sl,6,-0.03251465776933445,-0.033514657769334454,-3.3514657769334453
short,oof,2025-02-20 20:00:00+00:00,2025-02-21 08:00:00+00:00,174.98,180.1125646608653,sl,4,-0.029332293181308224,-0.030332293181308225,-3.0332293181308225
short,oof,2025-02-21 16:00:00+00:00,2025-02-24 04:00:00+00:00,173.15,160.23481496443696,tp,16,0.07458957571795,0.07358957571795,7.358957571794999
short,oof,2025-02-24 12:00:00+00:00,2025-02-24 16:00:00+00:00,159.27,148.65094246439128,tp,2,0.06667330655872877,0.06567330655872877,6.567330655872877
short,oof,2025-02-25 04:00:00+00:00,2025-02-25 16:00:00+00:00,138.96,144.5557114460071,sl,4,-0.04026850493672352,-0.04126850493672352,-4.126850493672352
short,oof,2025-02-26 04:00:00+00:00,2025-02-28 00:00:00+00:00,143.35,128.53025333533498,tp,12,0.10338156026972459,0.10238156026972459,10.238156026972458
short,oof,2025-03-01 08:00:00+00:00,2025-03-02 12:00:00+00:00,142.5,148.47475012657736,sl,8,-0.041928071063700785,-0.042928071063700786,-4.292807106370079
short,oof,2025-03-03 00:00:00+00:00,2025-03-03 04:00:00+00:00,178.74,160.25633031129956,tp,2,0.10341093033848296,0.10241093033848296,10.241093033848296
short,oof,2025-03-03 12:00:00+00:00,2025-03-03 16:00:00+00:00,161.08,141.57109974268408,tp,2,0.12111311309483441,0.12011311309483441,12.01131130948344
short,oof,2025-03-04 08:00:00+00:00,2025-03-04 16:00:00+00:00,136.02,144.69589194847356,sl,3,-0.06378394315889978,-0.06478394315889978,-6.478394315889978
short,oof,2025-03-05 00:00:00+00:00,2025-03-09 00:00:00+00:00,144.79,137.92,timeout,25,0.04744802817874166,0.046448028178741656,4.644802817874165
short,oof,2025-03-09 08:00:00+00:00,2025-03-09 16:00:00+00:00,139.64,127.1603486025821,tp,3,0.08937017614879607,0.08837017614879607,8.837017614879606
short,oof,2025-03-10 04:00:00+00:00,2025-03-11 00:00:00+00:00,126.61,113.8630375991003,tp,6,0.1006789542761212,0.0996789542761212,9.96789542761212
short,oof,2025-03-11 08:00:00+00:00,2025-03-12 12:00:00+00:00,123.06,128.58501261654754,sl,8,-0.04489690083331336,-0.04589690083331336,-4.589690083331336
short,oof,2025-03-12 20:00:00+00:00,2025-03-14 12:00:00+00:00,125.04,130.11171392952718,sl,11,-0.04056073200197679,-0.04156073200197679,-4.156073200197679
short,oof,2025-03-15 04:00:00+00:00,2025-03-18 00:00:00+00:00,135.03,124.84885452516842,tp,18,0.07539913704237267,0.07439913704237267,7.4399137042372665
short,oof,2025-03-18 08:00:00+00:00,2025-03-19 08:00:00+00:00,125.2,128.5694281893723,sl,7,-0.026912365729810702,-0.027912365729810703,-2.79123657298107
short,oof,2025-03-19 20:00:00+00:00,2025-03-23 20:00:00+00:00,133.03,132.84,timeout,25,0.0014282492670825958,0.00042824926708259574,0.042824926708259575
short,oof,2025-03-24 08:00:00+00:00,2025-03-24 08:00:00+00:00,138.89,141.62068936981007,sl,1,-0.019660806176183165,-0.020660806176183166,-2.0660806176183164
short,oof,2025-03-24 16:00:00+00:00,2025-03-25 12:00:00+00:00,143.24,146.1499821607036,sl,6,-0.020315429773133047,-0.021315429773133047,-2.1315429773133046
short,oof,2025-03-25 20:00:00+00:00,2025-03-26 16:00:00+00:00,145.04,136.96806888454714,tp,6,0.05565313786164407,0.054653137861644066,5.4653137861644066
short,oof,2025-03-27 00:00:00+00:00,2025-03-28 16:00:00+00:00,137.38,129.05604018579228,tp,11,0.06059076877425908,0.059590768774259076,5.9590768774259075
short,oof,2025-03-29 00:00:00+00:00,2025-04-02 00:00:00+00:00,129.49,124.32,timeout,25,0.03992586300100406,0.038925863001004056,3.8925863001004055
short,oof,2025-04-02 12:00:00+00:00,2025-04-02 12:00:00+00:00,125.68,128.68890421456206,sl,1,-0.023940994705299576,-0.024940994705299577,-2.4940994705299575
short,oof,2025-04-03 04:00:00+00:00,2025-04-06 16:00:00+00:00,119.85,108.98583056069691,tp,22,0.09064805539677166,0.08964805539677166,8.964805539677165
short,oof,2025-04-07 20:00:00+00:00,2025-04-08 00:00:00+00:00,105.76,110.67559829427232,sl,2,-0.046478803841455314,-0.047478803841455315,-4.747880384145532
short,oof,2025-04-08 08:00:00+00:00,2025-04-09 16:00:00+00:00,108.7,113.54980665179166,sl,9,-0.04461643653902164,-0.04561643653902164,-4.5616436539021645
short,oof,2025-04-10 08:00:00+00:00,2025-04-11 12:00:00+00:00,114.81,119.90190265878218,sl,8,-0.04435068947637118,-0.04535068947637118,-4.535068947637118
short,oof,2025-04-12 20:00:00+00:00,2025-04-14 00:00:00+00:00,130.71,134.84831790051769,sl,8,-0.03166030066955609,-0.032660300669556094,-3.2660300669556093
short,oof,2025-04-14 20:00:00+00:00,2025-04-17 04:00:00+00:00,131.1,135.42779229008738,sl,15,-0.03301138283819518,-0.03401138283819518,-3.401138283819518
short,oof,2025-04-17 16:00:00+00:00,2025-04-19 00:00:00+00:00,133.46,137.46468475216668,sl,9,-0.0300066293433738,-0.031006629343373802,-3.10066293433738
short,oof,2025-04-19 08:00:00+00:00,2025-04-21 00:00:00+00:00,138.76,142.00204698359613,sl,11,-0.023364420464082877,-0.024364420464082878,-2.436442046408288
short,oof,2025-04-21 12:00:00+00:00,2025-04-22 12:00:00+00:00,138.98,141.9020996922197,sl,7,-0.021025325170670007,-0.022025325170670008,-2.202532517067001
short,oof,2025-04-22 20:00:00+00:00,2025-04-22 20:00:00+00:00,144.24,147.5105335454448,sl,1,-0.022674248096538945,-0.023674248096538945,-2.3674248096538943
short,oof,2025-04-23 04:00:00+00:00,2025-04-23 08:00:00+00:00,149.23,152.66607229173553,sl,2,-0.023025345384544274,-0.024025345384544275,-2.4025345384544274
short,oof,2025-04-23 16:00:00+00:00,2025-04-25 04:00:00+00:00,151.38,154.93262056302586,sl,10,-0.02346822937657464,-0.02446822937657464,-2.446822937657464
short,oof,2025-04-25 12:00:00+00:00,2025-04-27 00:00:00+00:00,154.75,146.30941511554732,tp,10,0.0545433595118105,0.0535433595118105,5.35433595118105
short,oof,2025-04-27 08:00:00+00:00,2025-04-28 04:00:00+00:00,147.44,150.43420240899277,sl,6,-0.020307938205322687,-0.021307938205322688,-2.130793820532269
short,oof,2025-04-28 12:00:00+00:00,2025-04-30 12:00:00+00:00,151.67,144.04073923346377,tp,13,0.05030171270875071,0.04930171270875071,4.9301712708750705
short,oof,2025-05-01 04:00:00+00:00,2025-05-01 08:00:00+00:00,148.7,151.9851348526806,sl,2,-0.02209236619153069,-0.02309236619153069,-2.309236619153069
short,oof,2025-05-02 04:00:00+00:00,2025-05-05 00:00:00+00:00,150.8,143.49344971817237,tp,18,0.04845192494580663,0.04745192494580663,4.745192494580663
short,oof,2025-05-05 08:00:00+00:00,2025-05-07 00:00:00+00:00,146.88,149.23949675346626,sl,11,-0.016064111883621054,-0.017064111883621055,-1.7064111883621054
short,oof,2025-05-07 08:00:00+00:00,2025-05-08 00:00:00+00:00,147.26,149.94568742046746,sl,5,-0.018237725251035408,-0.01923772525103541,-1.923772525103541
short,oof,2025-05-08 12:00:00+00:00,2025-05-08 12:00:00+00:00,154.57,157.2979463137843,sl,1,-0.01764861430927292,-0.01864861430927292,-1.864861430927292
short,oof,2025-05-09 16:00:00+00:00,2025-05-10 00:00:00+00:00,170.78,174.9492926352736,sl,3,-0.024413237119531517,-0.02541323711953152,-2.5413237119531518
short,oof,2025-05-10 08:00:00+00:00,2025-05-10 20:00:00+00:00,172.36,176.36290860464518,sl,4,-0.023224115831081287,-0.024224115831081288,-2.4224115831081288
short,oof,2025-05-11 20:00:00+00:00,2025-05-12 04:00:00+00:00,172.74,177.15115598646264,sl,3,-0.02553638987184573,-0.02653638987184573,-2.653638987184573
short,oof,2025-05-12 12:00:00+00:00,2025-05-12 12:00:00+00:00,174.08,178.4727987330633,sl,1,-0.025234367722100765,-0.026234367722100766,-2.6234367722100767
short,oof,2025-05-13 08:00:00+00:00,2025-05-13 16:00:00+00:00,171.5,176.61972957695318,sl,3,-0.029852650594479162,-0.030852650594479163,-3.085265059447916
short,oof,2025-05-14 00:00:00+00:00,2025-05-15 04:00:00+00:00,183.75,170.72783108292379,tp,8,0.0708689464874896,0.0698689464874896,6.986894648748961
short,oof,2025-05-15 12:00:00+00:00,2025-05-18 12:00:00+00:00,171.06,176.00057656016506,sl,19,-0.02888212650628467,-0.029882126506284672,-2.9882126506284674
short,oof,2025-05-19 00:00:00+00:00,2025-05-19 04:00:00+00:00,173.33,161.29962579769185,tp,2,0.06940733976985038,0.06840733976985038,6.840733976985038
short,oof,2025-05-19 12:00:00+00:00,2025-05-19 16:00:00+00:00,162.19,167.24153893913572,sl,2,-0.03114581009393751,-0.03214581009393751,-3.2145810093937506
short,oof,2025-05-20 08:00:00+00:00,2025-05-21 12:00:00+00:00,167.36,172.19468794127545,sl,8,-0.02888795376001095,-0.029887953760010952,-2.9887953760010952
short,oof,2025-05-22 08:00:00+00:00,2025-05-23 00:00:00+00:00,178.49,183.2189815182023,sl,5,-0.02649437793827267,-0.027494377938272672,-2.7494377938272674
short,oof,2025-05-24 00:00:00+00:00,2025-05-27 12:00:00+00:00,174.01,179.27574936763213,sl,22,-0.030261188251434628,-0.031261188251434625,-3.1261188251434624
short,oof,2025-05-27 20:00:00+00:00,2025-05-29 16:00:00+00:00,177.5,168.55086574737126,tp,12,0.05041765776128867,0.04941765776128867,4.941765776128867
short,oof,2025-05-30 04:00:00+00:00,2025-05-30 16:00:00+00:00,165.15,155.87892737192615,tp,4,0.05613728506251197,0.05513728506251197,5.513728506251197
short,oof,2025-05-31 16:00:00+00:00,2025-06-03 00:00:00+00:00,155.63,159.49047694191208,sl,15,-0.024805480575159564,-0.025805480575159565,-2.5805480575159563
short,oof,2025-06-03 08:00:00+00:00,2025-06-03 12:00:00+00:00,159.81,163.3093597765379,sl,2,-0.021897001292396513,-0.022897001292396513,-2.2897001292396513
short,oof,2025-06-03 20:00:00+00:00,2025-06-05 04:00:00+00:00,160.59,151.9512395872324,tp,9,0.05379388761920167,0.05279388761920167,5.279388761920167
short,oof,2025-06-05 12:00:00+00:00,2025-06-05 16:00:00+00:00,152.38,144.92714857047622,tp,2,0.048909643191519726,0.047909643191519725,4.790964319151972
short,oof,2025-06-06 12:00:00+00:00,2025-06-07 04:00:00+00:00,149.1,152.41671220142587,sl,5,-0.0222448839800528,-0.0232448839800528,-2.32448839800528
short,oof,2025-06-07 12:00:00+00:00,2025-06-08 20:00:00+00:00,151.44,154.55727818078725,sl,9,-0.0205842457791023,-0.021584245779102302,-2.15842457791023
short,oof,2025-06-09 04:00:00+00:00,2025-06-09 08:00:00+00:00,151.56,154.2086969952403,sl,2,-0.017476227205333202,-0.018476227205333203,-1.8476227205333202
short,oof,2025-06-09 16:00:00+00:00,2025-06-09 20:00:00+00:00,155.03,157.905498286641,sl,2,-0.01854801191150748,-0.01954801191150748,-1.9548011911507481
short,oof,2025-06-10 04:00:00+00:00,2025-06-10 16:00:00+00:00,159.19,162.23831987454457,sl,4,-0.019148940728340818,-0.02014894072834082,-2.014894072834082
short,oof,2025-06-11 00:00:00+00:00,2025-06-12 16:00:00+00:00,165.12,156.17679915186346,tp,11,0.054161826841912196,0.053161826841912195,5.31618268419122
short,oof,2025-06-13 00:00:00+00:00,2025-06-13 00:00:00+00:00,152.33,143.1197509486558,tp,1,0.06046247654003952,0.05946247654003952,5.946247654003952
short,oof,2025-06-13 08:00:00+00:00,2025-06-15 12:00:00+00:00,145.01,149.16827977485136,sl,14,-0.02867581390836057,-0.02967581390836057,-2.967581390836057
short,oof,2025-06-16 00:00:00+00:00,2025-06-16 00:00:00+00:00,152.98,156.4838423934961,sl,1,-0.022903924653524085,-0.023903924653524086,-2.3903924653524085
short,oof,2025-06-16 08:00:00+00:00,2025-06-17 00:00:00+00:00,157.27,148.2220489221831,tp,5,0.057531322425236335,0.056531322425236334,5.653132242523633
short,oof,2025-06-17 08:00:00+00:00,2025-06-19 12:00:00+00:00,152.67,143.20104936758833,tp,14,0.062022339899205234,0.06102233989920523,6.102233989920523
short,oof,2025-06-20 04:00:00+00:00,2025-06-20 08:00:00+00:00,145.46,148.51833693695465,sl,2,-0.02102527799363843,-0.02202527799363843,-2.202527799363843
short,oof,2025-06-21 08:00:00+00:00,2025-06-21 20:00:00+00:00,140.65,132.64276356779143,tp,4,0.056930227033121734,0.055930227033121734,5.593022703312173
short,oof,2025-06-22 04:00:00+00:00,2025-06-22 20:00:00+00:00,135.11,126.09620229550185,tp,5,0.0667145119125021,0.0657145119125021,6.57145119125021
short,oof,2025-06-23 12:00:00+00:00,2025-06-23 16:00:00+00:00,134.12,137.6660325368041,sl,2,-0.02643925243665442,-0.027439252436654422,-2.743925243665442
short,oof,2025-06-24 08:00:00+00:00,2025-06-28 08:00:00+00:00,144.0,147.12,timeout,25,-0.0216666666666667,-0.0226666666666667,-2.26666666666667
short,oof,2025-06-29 08:00:00+00:00,2025-06-29 20:00:00+00:00,150.35,153.199556541915,sl,4,-0.018952820365247803,-0.019952820365247804,-1.9952820365247803
short,oof,2025-06-30 04:00:00+00:00,2025-06-30 12:00:00+00:00,151.79,154.6302608234613,sl,3,-0.018711778269064543,-0.019711778269064544,-1.9711778269064544
short,oof,2025-06-30 20:00:00+00:00,2025-07-01 04:00:00+00:00,157.77,149.6527650341734,tp,3,0.05144980012566781,0.05044980012566781,5.044980012566781
short,oof,2025-07-01 12:00:00+00:00,2025-07-02 16:00:00+00:00,148.84,152.06546671031836,sl,8,-0.021670698134361448,-0.02267069813436145,-2.267069813436145
short,oof,2025-07-03 00:00:00+00:00,2025-07-03 04:00:00+00:00,152.3,155.32784940621687,sl,2,-0.019880823415737745,-0.020880823415737746,-2.0880823415737746
short,oof,2025-07-03 12:00:00+00:00,2025-07-04 12:00:00+00:00,154.54,147.28700697388987,tp,7,0.04693278779675242,0.04593278779675242,4.5932787796752415
short,oof,2025-07-04 20:00:00+00:00,2025-07-06 12:00:00+00:00,146.73,149.63628397737534,sl,11,-0.019807019541847968,-0.02080701954184797,-2.080701954184797
short,oof,2025-07-07 08:00:00+00:00,2025-07-09 12:00:00+00:00,152.37,154.67817078275863,sl,14,-0.015148459557384149,-0.01614845955738415,-1.614845955738415
short,oof,2025-07-10 00:00:00+00:00,2025-07-10 16:00:00+00:00,157.07,159.57302692836353,sl,5,-0.015935741569768506,-0.016935741569768507,-1.6935741569768508
short,oof,2025-07-11 04:00:00+00:00,2025-07-12 12:00:00+00:00,165.3,157.83755497384197,tp,9,0.0451448579924866,0.0441448579924866,4.41448579924866
short,oof,2025-07-13 00:00:00+00:00,2025-07-13 12:00:00+00:00,160.7,163.77881403068528,sl,4,-0.019158768081426844,-0.020158768081426845,-2.0158768081426843
short,oof,2025-07-13 20:00:00+00:00,2025-07-14 00:00:00+00:00,162.55,165.3135724844842,sl,2,-0.017001368714144573,-0.018001368714144574,-1.8001368714144574
short,oof,2025-07-14 08:00:00+00:00,2025-07-15 00:00:00+00:00,167.28,159.3672733706161,tp,5,0.047302287358823,0.046302287358823,4.6302287358823
short,oof,2025-07-15 08:00:00+00:00,2025-07-15 16:00:00+00:00,159.54,162.7977272150236,sl,3,-0.020419501159731773,-0.021419501159731773,-2.1419501159731773
short,oof,2025-07-16 04:00:00+00:00,2025-07-16 08:00:00+00:00,162.53,165.9613819034624,sl,2,-0.02111229867385965,-0.02211229867385965,-2.211229867385965
short,oof,2025-07-16 16:00:00+00:00,2025-07-16 16:00:00+00:00,168.43,171.8521669248932,sl,1,-0.02031803672085252,-0.021318036720852522,-2.131803672085252
short,oof,2025-07-17 04:00:00+00:00,2025-07-17 04:00:00+00:00,169.53,173.3391219876058,sl,1,-0.022468719327586893,-0.023468719327586894,-2.3468719327586895
short,oof,2025-07-17 12:00:00+00:00,2025-07-18 00:00:00+00:00,176.18,180.18368171380297,sl,4,-0.022724950129429912,-0.023724950129429913,-2.3724950129429914
short,oof,2025-07-18 08:00:00+00:00,2025-07-21 00:00:00+00:00,180.97,185.33897532382906,sl,17,-0.024141986648776384,-0.025141986648776385,-2.5141986648776387
short,oof,2025-07-21 08:00:00+00:00,2025-07-21 12:00:00+00:00,190.08,194.294103414175,sl,2,-0.022170156850668064,-0.023170156850668065,-2.3170156850668064
short,oof,2025-07-22 04:00:00+00:00,2025-07-22 12:00:00+00:00,200.1,205.032136068601,sl,3,-0.024648356164922593,-0.025648356164922594,-2.5648356164922594
short,oof,2025-07-23 16:00:00+00:00,2025-07-25 00:00:00+00:00,192.71,178.64785595317974,tp,9,0.07297049476840986,0.07197049476840986,7.197049476840986
short,oof,2025-07-25 08:00:00+00:00,2025-07-25 20:00:00+00:00,177.55,183.54329204006237,sl,4,-0.03375551698148328,-0.034755516981483284,-3.4755516981483283
short,oof,2025-07-27 04:00:00+00:00,2025-07-28 00:00:00+00:00,187.22,191.733321596696,sl,6,-0.024107048374618033,-0.025107048374618034,-2.5107048374618035
short,oof,2025-07-28 08:00:00+00:00,2025-07-29 00:00:00+00:00,192.37,181.96567768858282,tp,5,0.05408495249476108,0.05308495249476108,5.308495249476108
short,oof,2025-07-29 08:00:00+00:00,2025-07-30 16:00:00+00:00,186.06,175.68389313277083,tp,9,0.055767531265340044,0.05476753126534004,5.476753126534004
short,oof,2025-07-31 04:00:00+00:00,2025-08-01 00:00:00+00:00,180.3,169.45945592916132,tp,6,0.06012503644391951,0.05912503644391951,5.912503644391951
short,oof,2025-08-01 08:00:00+00:00,2025-08-02 16:00:00+00:00,169.4,158.9404278932017,tp,9,0.06174481763163108,0.06074481763163108,6.074481763163108
short,oof,2025-08-04 00:00:00+00:00,2025-08-04 12:00:00+00:00,161.96,165.51338374489612,sl,4,-0.021939884816597366,-0.022939884816597367,-2.2939884816597367
short,oof,2025-08-04 20:00:00+00:00,2025-08-04 20:00:00+00:00,165.66,169.2290618135184,sl,1,-0.021544499659051083,-0.022544499659051084,-2.2544499659051085
short,oof,2025-08-05 04:00:00+00:00,2025-08-05 08:00:00+00:00,167.91,171.45311962492147,sl,2,-0.02110130203633776,-0.022101302036337762,-2.2101302036337764
short,oof,2025-08-05 20:00:00+00:00,2025-08-06 12:00:00+00:00,162.78,166.71743699519425,sl,5,-0.024188702513786995,-0.025188702513786996,-2.5188702513787
short,oof,2025-08-06 20:00:00+00:00,2025-08-07 08:00:00+00:00,168.84,172.64954815480482,sl,4,-0.022563066541132524,-0.023563066541132525,-2.3563066541132525
short,oof,2025-08-07 20:00:00+00:00,2025-08-07 20:00:00+00:00,171.77,175.46916255125754,sl,1,-0.021535556565509283,-0.022535556565509283,-2.2535556565509283
short,oof,2025-08-08 04:00:00+00:00,2025-08-08 12:00:00+00:00,174.72,178.35861464878838,sl,3,-0.02082540435432908,-0.02182540435432908,-2.182540435432908
short,oof,2025-08-08 20:00:00+00:00,2025-08-09 08:00:00+00:00,178.51,182.27906244752302,sl,4,-0.021114012926575693,-0.022114012926575694,-2.2114012926575692
short,oof,2025-08-09 16:00:00+00:00,2025-08-10 00:00:00+00:00,180.08,183.7004900921643,sl,3,-0.020104898334986052,-0.021104898334986053,-2.1104898334986055
short,oof,2025-08-10 12:00:00+00:00,2025-08-11 00:00:00+00:00,179.95,184.02687382450384,sl,4,-0.022655592245089465,-0.023655592245089466,-2.3655592245089467
short,oof,2025-08-11 08:00:00+00:00,2025-08-12 16:00:00+00:00,182.96,186.85774462077094,sl,9,-0.021303807503120553,-0.022303807503120554,-2.2303807503120554
short,oof,2025-08-13 00:00:00+00:00,2025-08-13 00:00:00+00:00,191.75,196.2616706539737,sl,1,-0.023528921272353114,-0.024528921272353114,-2.4528921272353115
short,oof,2025-08-13 12:00:00+00:00,2025-08-14 00:00:00+00:00,200.96,205.7596831001386,sl,4,-0.023883773388428512,-0.024883773388428513,-2.4883773388428514
short,oof,2025-08-14 08:00:00+00:00,2025-08-14 12:00:00+00:00,205.66,192.26098737086969,tp,2,0.0651512818687655,0.0641512818687655,6.415128186876549
short,oof,2025-08-14 20:00:00+00:00,2025-08-18 20:00:00+00:00,192.92,182.93,timeout,25,0.05178312253783942,0.05078312253783942,5.078312253783942
short,oof,2025-08-19 04:00:00+00:00,2025-08-19 12:00:00+00:00,178.52,182.96558087453835,sl,3,-0.02490242479575586,-0.02590242479575586,-2.5902424795755863
short,oof,2025-08-19 20:00:00+00:00,2025-08-20 00:00:00+00:00,176.74,181.0706113431302,sl,2,-0.024502723453265738,-0.02550272345326574,-2.550272345326574
short,oof,2025-08-20 08:00:00+00:00,2025-08-20 12:00:00+00:00,180.54,184.72656090410243,sl,2,-0.02318910437632899,-0.024189104376328992,-2.418910437632899
short,oof,2025-08-21 00:00:00+00:00,2025-08-22 12:00:00+00:00,187.96,192.2872984168594,sl,10,-0.02302244316269088,-0.024022443162690883,-2.4022443162690883
short,oof,2025-08-25 12:00:00+00:00,2025-08-27 04:00:00+00:00,197.54,203.78216348716668,sl,11,-0.031599491177314434,-0.032599491177314435,-3.2599491177314435
short,oof,2025-08-27 12:00:00+00:00,2025-08-27 16:00:00+00:00,205.01,210.59180300795103,sl,2,-0.02722697921053138,-0.02822697921053138,-2.822697921053138
short,oof,2025-08-28 12:00:00+00:00,2025-08-30 12:00:00+00:00,213.17,198.64300459317639,tp,13,0.06814746637342779,0.06714746637342779,6.714746637342779
short,oof,2025-08-30 20:00:00+00:00,2025-09-02 16:00:00+00:00,201.26,206.778381539656,sl,18,-0.02741916694651704,-0.02841916694651704,-2.841916694651704
short,oof,2025-09-03 00:00:00+00:00,2025-09-07 00:00:00+00:00,209.65,202.86,timeout,25,0.03238731218697826,0.03138731218697826,3.138731218697826
short,oof,2025-09-07 08:00:00+00:00,2025-09-07 20:00:00+00:00,203.0,206.23170933124172,sl,4,-0.015919750400205504,-0.016919750400205505,-1.6919750400205504
short,oof,2025-09-08 04:00:00+00:00,2025-09-08 08:00:00+00:00,207.65,210.93203178497936,sl,2,-0.015805594919235985,-0.016805594919235986,-1.6805594919235987
short,oof,2025-09-09 00:00:00+00:00,2025-09-09 04:00:00+00:00,214.15,217.64846231767334,sl,2,-0.016336503934967682,-0.017336503934967683,-1.7336503934967682
short,oof,2025-09-09 12:00:00+00:00,2025-09-10 04:00:00+00:00,217.23,220.8466660757756,sl,5,-0.016649017519567336,-0.017649017519567337,-1.7649017519567336
short,oof,2025-09-10 16:00:00+00:00,2025-09-11 12:00:00+00:00,223.14,227.20184911051936,sl,6,-0.018203142020791322,-0.019203142020791323,-1.9203142020791324
short,oof,2025-09-12 08:00:00+00:00,2025-09-12 12:00:00+00:00,237.37,241.62339646267552,sl,2,-0.017918845947994737,-0.01891884594799474,-1.8918845947994738
short,oof,2025-09-13 08:00:00+00:00,2025-09-14 00:00:00+00:00,242.47,246.53912177411866,sl,5,-0.016781959723341677,-0.017781959723341678,-1.7781959723341678
short,oof,2025-09-14 08:00:00+00:00,2025-09-15 08:00:00+00:00,246.4,235.73699473599308,tp,7,0.04327518370132681,0.04227518370132681,4.227518370132681
short,oof,2025-09-15 20:00:00+00:00,2025-09-16 12:00:00+00:00,233.01,237.89659420380036,sl,5,-0.020971607243467538,-0.02197160724346754,-2.197160724346754
short,oof,2025-09-16 20:00:00+00:00,2025-09-17 20:00:00+00:00,237.85,242.42285575794466,sl,7,-0.019225796754024242,-0.020225796754024243,-2.022579675402424
short,oof,2025-09-18 04:00:00+00:00,2025-09-18 16:00:00+00:00,246.73,251.55159653996458,sl,4,-0.01954199546048145,-0.020541995460481452,-2.054199546048145
short,oof,2025-09-19 00:00:00+00:00,2025-09-19 12:00:00+00:00,247.5,235.96868732097735,tp,4,0.046591162339485445,0.045591162339485444,4.5591162339485445
short,oof,2025-09-19 20:00:00+00:00,2025-09-20 12:00:00+00:00,235.98,240.58628862120867,sl,5,-0.019519826346337303,-0.020519826346337304,-2.05198263463373
short,oof,2025-09-21 00:00:00+00:00,2025-09-22 04:00:00+00:00,239.49,229.80144415745775,tp,8,0.04045494944482967,0.03945494944482967,3.945494944482967
short,oof,2025-09-22 12:00:00+00:00,2025-09-24 00:00:00+00:00,221.52,209.76469750843654,tp,10,0.05306655151482245,0.05206655151482245,5.206655151482245
short,oof,2025-09-24 08:00:00+00:00,2025-09-24 12:00:00+00:00,210.64,215.95225564810667,sl,2,-0.02521959574680348,-0.026219595746803482,-2.621959574680348
short,oof,2025-09-24 20:00:00+00:00,2025-09-25 08:00:00+00:00,213.23,200.83328383847447,tp,4,0.058137767488278,0.057137767488278,5.7137767488278
short,oof,2025-09-25 16:00:00+00:00,2025-09-28 16:00:00+00:00,201.14,206.23000160555222,sl,19,-0.025305765166313172,-0.026305765166313173,-2.6305765166313173
short,oof,2025-09-29 04:00:00+00:00,2025-09-29 20:00:00+00:00,210.28,214.39666317268805,sl,5,-0.019577055224881346,-0.020577055224881347,-2.057705522488135
short,oof,2025-09-30 04:00:00+00:00,2025-10-01 08:00:00+00:00,210.69,214.98265604174006,sl,8,-0.02037427519929783,-0.02137427519929783,-2.137427519929783
short,oof,2025-10-01 16:00:00+00:00,2025-10-02 00:00:00+00:00,220.24,224.66665612168663,sl,3,-0.020099237748304664,-0.021099237748304665,-2.1099237748304667
short,oof,2025-10-02 08:00:00+00:00,2025-10-02 12:00:00+00:00,222.93,227.37346068022416,sl,2,-0.01993208935640851,-0.02093208935640851,-2.093208935640851
short,oof,2025-10-03 08:00:00+00:00,2025-10-03 12:00:00+00:00,229.42,234.09511264338892,sl,2,-0.020377964621170468,-0.02137796462117047,-2.1377964621170467
short,oof,2025-10-04 08:00:00+00:00,2025-10-05 04:00:00+00:00,229.16,233.99665955818838,sl,6,-0.02110603752045901,-0.02210603752045901,-2.210603752045901
short,oof,2025-10-05 12:00:00+00:00,2025-10-06 16:00:00+00:00,232.66,237.35396805071764,sl,8,-0.020175225869155176,-0.021175225869155177,-2.1175225869155176
short,oof,2025-10-07 00:00:00+00:00,2025-10-07 12:00:00+00:00,232.39,221.37536549380076,tp,4,0.04739719654976217,0.04639719654976217,4.639719654976217
short,oof,2025-10-07 20:00:00+00:00,2025-10-08 16:00:00+00:00,221.72,226.4760656011708,sl,6,-0.02145077395440557,-0.022450773954405572,-2.2450773954405574
short,oof,2025-10-09 00:00:00+00:00,2025-10-09 16:00:00+00:00,229.05,217.29963423689574,tp,5,0.0513004399175039,0.0503004399175039,5.03004399175039
short,oof,2025-10-10 00:00:00+00:00,2025-10-10 16:00:00+00:00,220.94,208.77919507541452,tp,5,0.055041209941999986,0.054041209941999985,5.404120994199999
short,oof,2025-10-11 08:00:00+00:00,2025-10-12 12:00:00+00:00,182.77,189.79407074958456,sl,8,-0.038431201781389465,-0.039431201781389466,-3.9431201781389467
short,oof,2025-10-13 00:00:00+00:00,2025-10-13 16:00:00+00:00,197.03,203.7809217772465,sl,5,-0.03426342068338072,-0.035263420683380724,-3.526342068338072
short,oof,2025-10-14 00:00:00+00:00,2025-10-14 08:00:00+00:00,208.71,191.58239839456593,tp,3,0.08206411578474476,0.08106411578474476,8.106411578474477
short,oof,2025-10-14 16:00:00+00:00,2025-10-16 20:00:00+00:00,202.22,183.36780873977503,tp,14,0.09322614607964083,0.09222614607964083,9.222614607964083
short,oof,2025-10-17 12:00:00+00:00,2025-10-19 08:00:00+00:00,181.45,188.54175821639808,sl,12,-0.03908381491539317,-0.04008381491539317,-4.008381491539318
short,oof,2025-10-19 16:00:00+00:00,2025-10-21 12:00:00+00:00,190.78,195.87634726076345,sl,12,-0.026713215540221467,-0.027713215540221468,-2.7713215540221467
short,oof,2025-10-21 20:00:00+00:00,2025-10-22 16:00:00+00:00,193.99,181.2855858246082,tp,6,0.0654900467827816,0.0644900467827816,6.44900467827816
short,oof,2025-10-23 00:00:00+00:00,2025-10-23 04:00:00+00:00,180.11,185.25969994407782,sl,2,-0.02859197126243856,-0.029591971262438562,-2.9591971262438563
short,oof,2025-10-23 12:00:00+00:00,2025-10-23 16:00:00+00:00,187.97,192.82182972927805,sl,2,-0.025811723835069703,-0.026811723835069703,-2.6811723835069703
short,oof,2025-10-24 00:00:00+00:00,2025-10-24 12:00:00+00:00,191.35,196.0524781032157,sl,4,-0.024575270986233064,-0.025575270986233065,-2.5575270986233063
short,oof,2025-10-24 20:00:00+00:00,2025-10-26 08:00:00+00:00,193.1,197.78915370525908,sl,10,-0.02428355103707451,-0.02528355103707451,-2.528355103707451
short,oof,2025-10-26 16:00:00+00:00,2025-10-27 00:00:00+00:00,199.51,203.00281187495662,sl,3,-0.01750695140572718,-0.01850695140572718,-1.8506951405727181
short,oof,2025-10-27 08:00:00+00:00,2025-10-28 20:00:00+00:00,202.52,193.47015618748463,tp,10,0.04468617327925823,0.04368617327925823,4.368617327925823
short,oof,2025-10-29 04:00:00+00:00,2025-10-29 08:00:00+00:00,193.93,197.97500041270695,sl,2,-0.02085804368951137,-0.021858043689511372,-2.1858043689511373
short,oof,2025-10-30 08:00:00+00:00,2025-10-30 16:00:00+00:00,195.81,183.69164285047987,tp,3,0.0618883466090605,0.0608883466090605,6.08883466090605
short,oof,2025-10-31 16:00:00+00:00,2025-11-03 04:00:00+00:00,188.13,175.92380266852746,tp,16,0.06488171653363387,0.06388171653363386,6.388171653363386
short,oof,2025-11-03 12:00:00+00:00,2025-11-03 12:00:00+00:00,175.31,164.9341462461443,tp,1,0.05918574955139863,0.05818574955139863,5.818574955139863
short,oof,2025-11-03 20:00:00+00:00,2025-11-04 16:00:00+00:00,166.74,154.77510569182851,tp,6,0.07175779242036401,0.07075779242036401,7.0757792420364005
short,oof,2025-11-05 00:00:00+00:00,2025-11-05 16:00:00+00:00,155.03,161.00799747961895,sl,5,-0.03856026239836773,-0.03956026239836773,-3.956026239836773
short,ooc,2025-11-06 04:00:00+00:00,2025-11-10 00:00:00+00:00,162.49,167.83223952583748,sl,24,-0.0328773433801309,-0.0338773433801309,-3.3877343380130904
short,ooc,2025-11-10 08:00:00+00:00,2025-11-11 00:00:00+00:00,167.39,171.5734320957102,sl,5,-0.024992126744191424,-0.025992126744191425,-2.5992126744191424
short,ooc,2025-11-11 12:00:00+00:00,2025-11-12 16:00:00+00:00,163.69,153.0291518235648,tp,8,0.06512828014194633,0.06412828014194633,6.412828014194632
short,ooc,2025-11-13 00:00:00+00:00,2025-11-13 16:00:00+00:00,153.42,143.1069150694901,tp,5,0.06722125492445502,0.06622125492445502,6.622125492445502
short,ooc,2025-11-14 08:00:00+00:00,2025-11-17 16:00:00+00:00,142.84,131.23929503681788,tp,21,0.08121468050393535,0.08021468050393535,8.021468050393535
short,ooc,2025-11-18 08:00:00+00:00,2025-11-18 12:00:00+00:00,136.96,141.31064420967883,sl,2,-0.03176580176459418,-0.032765801764594184,-3.2765801764594182
short,ooc,2025-11-18 20:00:00+00:00,2025-11-19 16:00:00+00:00,141.45,130.85804908102733,tp,6,0.0748812366134511,0.0738812366134511,7.38812366134511
short,ooc,2025-11-20 16:00:00+00:00,2025-11-21 04:00:00+00:00,138.58,127.81347993189262,tp,4,0.07769173089989462,0.07669173089989462,7.669173089989462
short,ooc,2025-11-22 08:00:00+00:00,2025-11-23 12:00:00+00:00,127.72,132.70189772374943,sl,8,-0.03900640247220034,-0.04000640247220034,-4.0006402472200335
short,ooc,2025-11-23 20:00:00+00:00,2025-11-24 16:00:00+00:00,132.39,136.30743972691934,sl,6,-0.029590148250769357,-0.030590148250769358,-3.0590148250769356
short,ooc,2025-11-25 04:00:00+00:00,2025-11-26 16:00:00+00:00,137.81,141.55511167357102,sl,10,-0.027175906491336024,-0.028175906491336025,-2.8175906491336025
short,ooc,2025-11-27 00:00:00+00:00,2025-11-30 20:00:00+00:00,143.01,133.87587316343917,tp,24,0.06387054637130847,0.06287054637130847,6.287054637130847
short,ooc,2025-12-01 08:00:00+00:00,2025-12-02 12:00:00+00:00,127.39,130.2130946203985,sl,8,-0.02216103791819211,-0.02316103791819211,-2.316103791819211
short,ooc,2025-12-02 20:00:00+00:00,2025-12-03 04:00:00+00:00,140.26,143.62996937673577,sl,3,-0.024026589025636542,-0.025026589025636543,-2.5026589025636543
short,ooc,2025-12-03 12:00:00+00:00,2025-12-03 20:00:00+00:00,141.73,144.94640476283192,sl,3,-0.022693888117067157,-0.023693888117067158,-2.369388811706716
short,ooc,2025-12-04 04:00:00+00:00,2025-12-05 12:00:00+00:00,144.67,136.15562666393933,tp,9,0.058853759148826006,0.057853759148826005,5.7853759148826
short,ooc,2025-12-06 12:00:00+00:00,2025-12-07 16:00:00+00:00,133.22,135.97605773764303,sl,8,-0.020688017847493117,-0.021688017847493118,-2.168801784749312
short,ooc,2025-12-08 08:00:00+00:00,2025-12-08 08:00:00+00:00,135.85,138.822286937248,sl,1,-0.02187918246041969,-0.02287918246041969,-2.287918246041969
short,ooc,2025-12-08 16:00:00+00:00,2025-12-09 16:00:00+00:00,135.55,138.65100251221895,sl,7,-0.022877185630534418,-0.02387718563053442,-2.3877185630534417
short,ooc,2025-12-10 00:00:00+00:00,2025-12-10 20:00:00+00:00,137.88,141.42143260854021,sl,6,-0.025684889821150417,-0.02668488982115042,-2.6684889821150417
short,ooc,2025-12-11 08:00:00+00:00,2025-12-11 16:00:00+00:00,131.03,134.79377465888146,sl,3,-0.028724526130515602,-0.029724526130515603,-2.9724526130515603
short,ooc,2025-12-12 08:00:00+00:00,2025-12-14 16:00:00+00:00,139.09,130.0586995262852,tp,15,0.06493134282633398,0.06393134282633398,6.3931342826333974
short,ooc,2025-12-15 00:00:00+00:00,2025-12-15 00:00:00+00:00,129.39,131.9246105429482,sl,1,-0.01958892142320273,-0.02058892142320273,-2.058892142320273
short,ooc,2025-12-15 12:00:00+00:00,2025-12-15 12:00:00+00:00,132.28,134.74077965118704,sl,1,-0.018602809579581485,-0.019602809579581486,-1.9602809579581486
short,ooc,2025-12-16 04:00:00+00:00,2025-12-16 12:00:00+00:00,126.52,129.58046250566306,sl,3,-0.024189555055825707,-0.025189555055825708,-2.5189555055825705
short,ooc,2025-12-17 00:00:00+00:00,2025-12-17 12:00:00+00:00,129.18,132.2370320497322,sl,4,-0.02366490207255137,-0.02466490207255137,-2.466490207255137
short,ooc,2025-12-18 08:00:00+00:00,2025-12-18 12:00:00+00:00,122.85,125.88955161748952,sl,2,-0.02474197490833962,-0.02574197490833962,-2.5741974908339618
short,ooc,2025-12-19 12:00:00+00:00,2025-12-23 12:00:00+00:00,125.37,123.37,timeout,25,0.015952779771875248,0.014952779771875247,1.4952779771875246
short,ooc,2025-12-23 20:00:00+00:00,2025-12-27 20:00:00+00:00,123.98,124.72,timeout,25,-0.005968704629778956,-0.006968704629778956,-0.6968704629778956
short,ooc,2025-12-28 04:00:00+00:00,2025-12-29 00:00:00+00:00,124.13,125.90401460324347,sl,6,-0.014291586266361655,-0.015291586266361654,-1.5291586266361654
short,ooc,2025-12-29 08:00:00+00:00,2025-12-29 12:00:00+00:00,127.89,123.12416404221155,tp,2,0.03726511813111622,0.03626511813111622,3.6265118131116223
short,ooc,2025-12-29 20:00:00+00:00,2025-12-30 08:00:00+00:00,123.07,125.11120868793896,sl,4,-0.016585753538140586,-0.017585753538140587,-1.7585753538140587
short,ooc,2025-12-30 16:00:00+00:00,2025-12-31 12:00:00+00:00,125.16,126.95983086915221,sl,6,-0.014380240245703236,-0.015380240245703235,-1.5380240245703236
short,ooc,2026-01-01 12:00:00+00:00,2026-01-01 20:00:00+00:00,125.19,126.82322696024501,sl,3,-0.013045985783569065,-0.014045985783569064,-1.4045985783569064
short,ooc,2026-01-02 08:00:00+00:00,2026-01-02 08:00:00+00:00,127.15,128.73871161895016,sl,1,-0.012494782689344529,-0.01349478268934453,-1.3494782689344529
short,ooc,2026-01-02 16:00:00+00:00,2026-01-02 16:00:00+00:00,128.97,130.73026665103356,sl,1,-0.0136486520201098,-0.0146486520201098,-1.46486520201098
short,ooc,2026-01-04 08:00:00+00:00,2026-01-05 00:00:00+00:00,133.82,135.65357469078523,sl,5,-0.013701798615941124,-0.014701798615941123,-1.4701798615941124
short,ooc,2026-01-05 12:00:00+00:00,2026-01-05 16:00:00+00:00,135.75,137.67240310222024,sl,2,-0.014161348819301981,-0.015161348819301982,-1.5161348819301983
short,ooc,2026-01-06 00:00:00+00:00,2026-01-06 12:00:00+00:00,137.91,140.1037024838112,sl,4,-0.01590676878987161,-0.01690676878987161,-1.6906768789871611
short,ooc,2026-01-06 20:00:00+00:00,2026-01-06 20:00:00+00:00,137.56,140.18391424763809,sl,1,-0.019074689209349256,-0.020074689209349256,-2.0074689209349255
short,ooc,2026-01-07 08:00:00+00:00,2026-01-08 12:00:00+00:00,139.4,132.713830537481,tp,8,0.047963912930552494,0.04696391293055249,4.69639129305525
short,ooc,2026-01-09 08:00:00+00:00,2026-01-12 00:00:00+00:00,139.56,142.38120311249457,sl,17,-0.020214983609161453,-0.021214983609161454,-2.1214983609161453
short,ooc,2026-01-12 08:00:00+00:00,2026-01-12 16:00:00+00:00,141.41,143.71357788679273,sl,3,-0.016290063551324077,-0.017290063551324078,-1.7290063551324077
short,ooc,2026-01-13 04:00:00+00:00,2026-01-13 08:00:00+00:00,138.75,141.31537531668528,sl,2,-0.018489191471605597,-0.019489191471605598,-1.9489191471605598
short,ooc,2026-01-13 16:00:00+00:00,2026-01-13 20:00:00+00:00,143.49,146.08126806514488,sl,2,-0.01805887563694246,-0.01905887563694246,-1.905887563694246
short,ooc,2026-01-14 08:00:00+00:00,2026-01-14 16:00:00+00:00,144.87,147.59116376532182,sl,3,-0.018783487025069504,-0.019783487025069504,-1.9783487025069504
short,ooc,2026-01-15 00:00:00+00:00,2026-01-18 20:00:00+00:00,146.69,139.82564085918912,tp,24,0.04679500402761522,0.045795004027615216,4.579500402761521
short,ooc,2026-01-19 04:00:00+00:00,2026-01-20 12:00:00+00:00,133.94,127.82713776792107,tp,9,0.04563881015438946,0.04463881015438946,4.463881015438946
short,ooc,2026-01-20 20:00:00+00:00,2026-01-21 12:00:00+00:00,127.24,129.48591726056023,sl,5,-0.01765103159824138,-0.018651031598241382,-1.865103159824138
short,ooc,2026-01-21 20:00:00+00:00,2026-01-25 16:00:00+00:00,131.49,124.81304851636028,tp,24,0.050779157986460766,0.049779157986460765,4.977915798646077
short,ooc,2026-01-26 12:00:00+00:00,2026-01-26 12:00:00+00:00,122.51,124.67803415037378,sl,1,-0.01769679332604498,-0.018696793326044982,-1.8696793326044983
short,ooc,2026-01-27 00:00:00+00:00,2026-01-27 16:00:00+00:00,124.24,126.42541218235101,sl,5,-0.01759024615543316,-0.01859024615543316,-1.859024615543316
short,ooc,2026-01-28 00:00:00+00:00,2026-01-29 12:00:00+00:00,127.18,121.97469527721181,tp,10,0.040928642261269056,0.039928642261269055,3.9928642261269056
short,ooc,2026-01-30 00:00:00+00:00,2026-01-31 12:00:00+00:00,117.82,111.81425351029813,tp,10,0.05097391350960672,0.04997391350960672,4.9973913509606716
short,ooc,2026-02-01 08:00:00+00:00,2026-02-02 00:00:00+00:00,105.21,95.94678001005866,tp,5,0.08804505265603398,0.08704505265603397,8.704505265603398
short,ooc,2026-02-02 16:00:00+00:00,2026-02-04 12:00:00+00:00,104.7,94.67243709017147,tp,12,0.09577423982644252,0.09477423982644252,9.477423982644252
short,ooc,2026-02-07 04:00:00+00:00,2026-02-11 04:00:00+00:00,88.1,81.0,timeout,25,0.0805902383654937,0.0795902383654937,7.9590238365493695
short,ooc,2026-02-11 16:00:00+00:00,2026-02-13 12:00:00+00:00,79.7,82.3798142581675,sl,12,-0.033623767354673734,-0.034623767354673735,-3.4623767354673736
short,ooc,2026-02-14 08:00:00+00:00,2026-02-14 12:00:00+00:00,85.17,87.36361312418116,sl,2,-0.025755701822016617,-0.026755701822016618,-2.6755701822016618
short,ooc,2026-02-15 04:00:00+00:00,2026-02-15 04:00:00+00:00,88.6,90.62637061142046,sl,1,-0.02287100012889911,-0.02387100012889911,-2.387100012889911
short,ooc,2026-02-15 16:00:00+00:00,2026-02-18 12:00:00+00:00,87.41,82.05834526850333,tp,18,0.06122474238069633,0.060224742380696326,6.022474238069632
short,ooc,2026-02-19 00:00:00+00:00,2026-02-20 04:00:00+00:00,81.62,83.64513137350063,sl,8,-0.024811705139679337,-0.02581170513967934,-2.5811705139679337
short,ooc,2026-02-20 16:00:00+00:00,2026-02-21 12:00:00+00:00,84.4,86.23013049845638,sl,6,-0.021684010645217654,-0.022684010645217655,-2.2684010645217656
short,ooc,2026-02-22 00:00:00+00:00,2026-02-23 00:00:00+00:00,85.17,81.2037973812873,tp,7,0.046568071136699536,0.045568071136699535,4.5568071136699535
short,ooc,2026-02-23 12:00:00+00:00,2026-02-25 00:00:00+00:00,80.06,81.86541930804488,sl,10,-0.022550828229388902,-0.023550828229388903,-2.3550828229388903
short,ooc,2026-02-26 04:00:00+00:00,2026-02-27 12:00:00+00:00,87.95,82.26674648114673,tp,9,0.06461914177206682,0.06361914177206682,6.361914177206682
short,ooc,2026-02-28 00:00:00+00:00,2026-02-28 20:00:00+00:00,81.85,84.08451251220426,sl,6,-0.027300091780137592,-0.028300091780137593,-2.8300091780137593
short,ooc,2026-03-01 04:00:00+00:00,2026-03-04 08:00:00+00:00,88.02,90.60620636620486,sl,20,-0.029382030972561497,-0.030382030972561497,-3.0382030972561496
short,ooc,2026-03-05 04:00:00+00:00,2026-03-07 16:00:00+00:00,90.04,82.6967085247108,tp,16,0.08155588044523773,0.08055588044523773,8.055588044523773
short,ooc,2026-03-08 08:00:00+00:00,2026-03-09 12:00:00+00:00,82.94,84.78301612561177,sl,8,-0.022221076990737505,-0.023221076990737506,-2.322107699073751
short,ooc,2026-03-10 04:00:00+00:00,2026-03-10 08:00:00+00:00,85.57,87.56700720546569,sl,2,-0.023337702529691393,-0.024337702529691394,-2.4337702529691394
short,ooc,2026-03-10 16:00:00+00:00,2026-03-13 00:00:00+00:00,88.35,90.38517304315165,sl,15,-0.023035348535955392,-0.024035348535955393,-2.403534853595539
short,ooc,2026-03-13 08:00:00+00:00,2026-03-13 12:00:00+00:00,88.68,90.71331970466215,sl,2,-0.022928729191048124,-0.023928729191048125,-2.3928729191048124
short,ooc,2026-03-14 00:00:00+00:00,2026-03-15 20:00:00+00:00,88.17,90.24646043536173,sl,12,-0.02355064574528439,-0.02455064574528439,-2.4550645745284387
short,ooc,2026-03-16 12:00:00+00:00,2026-03-16 20:00:00+00:00,93.75,95.53107712385372,sl,3,-0.018998155987773012,-0.019998155987773013,-1.9998155987773012
short,ooc,2026-03-17 04:00:00+00:00,2026-03-18 12:00:00+00:00,94.08,88.99655600958025,tp,9,0.05403320568048206,0.05303320568048206,5.303320568048206
short,ooc,2026-03-19 04:00:00+00:00,2026-03-22 20:00:00+00:00,90.74,85.7844490269402,tp,23,0.0546126402144567,0.0536126402144567,5.3612640214456695
short,ooc,2026-03-23 04:00:00+00:00,2026-03-23 08:00:00+00:00,86.4,87.97532094782787,sl,2,-0.018232881340600252,-0.019232881340600253,-1.9232881340600254
short,ooc,2026-03-23 16:00:00+00:00,2026-03-24 08:00:00+00:00,89.96,92.08995266850503,sl,5,-0.02367666372282171,-0.02467666372282171,-2.4676663722821712
short,ooc,2026-03-25 16:00:00+00:00,2026-03-26 12:00:00+00:00,91.78,86.82305955388452,tp,6,0.05400893926907258,0.05300893926907258,5.300893926907258
short,ooc,2026-03-26 20:00:00+00:00,2026-03-29 20:00:00+00:00,85.47,80.81727679125376,tp,19,0.054436915979246964,0.05343691597924696,5.343691597924696
short,ooc,2026-03-30 08:00:00+00:00,2026-04-01 16:00:00+00:00,84.02,85.61820032293112,sl,15,-0.019021665352667465,-0.020021665352667466,-2.0021665352667464
short,ooc,2026-04-02 08:00:00+00:00,2026-04-04 12:00:00+00:00,79.62,81.5568897488685,sl,14,-0.024326673560267457,-0.02532667356026746,-2.532667356026746
short,ooc,2026-04-05 00:00:00+00:00,2026-04-05 20:00:00+00:00,80.84,82.11867217518042,sl,6,-0.015817320326328772,-0.016817320326328773,-1.6817320326328773
short,ooc,2026-04-06 08:00:00+00:00,2026-04-06 08:00:00+00:00,81.82,83.15537328593156,sl,1,-0.0163208663643555,-0.0173208663643555,-1.73208663643555
short,ooc,2026-04-06 16:00:00+00:00,2026-04-07 08:00:00+00:00,82.28,78.96344278925467,tp,5,0.04030818194877649,0.03930818194877649,3.930818194877649
short,ooc,2026-04-07 16:00:00+00:00,2026-04-07 16:00:00+00:00,78.87,80.19906545470215,sl,1,-0.016851343409435095,-0.017851343409435096,-1.7851343409435096
short,ooc,2026-04-08 00:00:00+00:00,2026-04-12 00:00:00+00:00,85.54,82.33,timeout,25,0.037526303483750384,0.03652630348375038,3.6526303483750384
short,ooc,2026-04-12 08:00:00+00:00,2026-04-13 12:00:00+00:00,82.28,83.7343585757511,sl,8,-0.0176757240611461,-0.0186757240611461,-1.86757240611461
short,ooc,2026-04-14 08:00:00+00:00,2026-04-14 12:00:00+00:00,85.89,87.28396922750552,sl,2,-0.016229703428868578,-0.01722970342886858,-1.722970342886858
short,ooc,2026-04-14 20:00:00+00:00,2026-04-15 16:00:00+00:00,83.95,85.46078002654141,sl,6,-0.0179961885234236,-0.0189961885234236,-1.89961885234236
short,ooc,2026-04-16 08:00:00+00:00,2026-04-16 12:00:00+00:00,85.2,86.5393956320243,sl,2,-0.01572060600967479,-0.01672060600967479,-1.6720606009674792
short,ooc,2026-04-17 12:00:00+00:00,2026-04-17 12:00:00+00:00,88.21,89.88471515068697,sl,1,-0.018985547564754318,-0.01998554756475432,-1.998554756475432
short,ooc,2026-04-18 04:00:00+00:00,2026-04-19 20:00:00+00:00,88.34,84.23733252949482,tp,11,0.04644178707839237,0.045441787078392366,4.544178707839237
short,ooc,2026-04-20 08:00:00+00:00,2026-04-21 08:00:00+00:00,84.73,86.25804408345927,sl,7,-0.018034274559887452,-0.019034274559887453,-1.9034274559887452
short,ooc,2026-04-21 20:00:00+00:00,2026-04-21 20:00:00+00:00,84.58,85.9658335781783,sl,1,-0.016384885057676837,-0.017384885057676838,-1.7384885057676838
short,ooc,2026-04-22 08:00:00+00:00,2026-04-26 08:00:00+00:00,88.07,86.48,timeout,25,0.01805382082434415,0.01705382082434415,1.705382082434415
short,ooc,2026-04-26 16:00:00+00:00,2026-04-27 00:00:00+00:00,86.56,87.4295570855049,sl,3,-0.010045714943448407,-0.011045714943448408,-1.1045714943448408
short,ooc,2026-04-27 08:00:00+00:00,2026-04-29 16:00:00+00:00,85.26,82.60695830388998,tp,15,0.031117073611424146,0.030117073611424145,3.0117073611424146
short,ooc,2026-04-30 08:00:00+00:00,2026-05-01 12:00:00+00:00,83.35,84.49260286702274,sl,8,-0.013708492705731799,-0.0147084927057318,-1.47084927057318
short,ooc,2026-05-01 20:00:00+00:00,2026-05-02 20:00:00+00:00,83.89,84.86424524038921,sl,7,-0.011613365602446165,-0.012613365602446164,-1.2613365602446165
short,ooc,2026-05-03 04:00:00+00:00,2026-05-03 16:00:00+00:00,83.67,84.47852916464066,sl,4,-0.009663310202469945,-0.010663310202469946,-1.0663310202469947
short,ooc,2026-05-04 04:00:00+00:00,2026-05-04 08:00:00+00:00,85.42,83.27386407321447,tp,2,0.025124513308189333,0.024124513308189332,2.412451330818933
short,ooc,2026-05-04 16:00:00+00:00,2026-05-05 12:00:00+00:00,84.48,85.50318668092534,sl,6,-0.012111584764741177,-0.013111584764741176,-1.3111584764741175
short,ooc,2026-05-05 20:00:00+00:00,2026-05-06 04:00:00+00:00,86.49,87.48540418618677,sl,3,-0.011508893353992081,-0.012508893353992082,-1.2508893353992083
short,ooc,2026-05-06 16:00:00+00:00,2026-05-07 04:00:00+00:00,88.97,90.19414413730486,sl,4,-0.013759066396592802,-0.014759066396592802,-1.4759066396592802
short,ooc,2026-05-07 12:00:00+00:00,2026-05-08 16:00:00+00:00,89.56,90.90422749667611,sl,8,-0.01500923957878642,-0.01600923957878642,-1.600923957878642
short,ooc,2026-05-09 08:00:00+00:00,2026-05-10 16:00:00+00:00,93.74,95.18540441793648,sl,9,-0.01541929184911977,-0.01641929184911977,-1.641929184911977
short,ooc,2026-05-11 00:00:00+00:00,2026-05-11 16:00:00+00:00,96.46,97.99624119395334,sl,5,-0.015926199398230815,-0.016926199398230816,-1.6926199398230817
short,ooc,2026-05-12 08:00:00+00:00,2026-05-13 12:00:00+00:00,96.05,92.01085257195207,tp,8,0.04205255000570459,0.04105255000570459,4.105255000570459
short,ooc,2026-05-14 08:00:00+00:00,2026-05-14 12:00:00+00:00,90.89,92.51649071155862,sl,2,-0.01789515580986486,-0.01889515580986486,-1.8895155809864859
short,ooc,2026-05-15 00:00:00+00:00,2026-05-16 04:00:00+00:00,92.17,88.25176272823656,tp,8,0.042510982659905015,0.041510982659905014,4.151098265990502
short,ooc,2026-05-17 04:00:00+00:00,2026-05-21 04:00:00+00:00,86.52,86.63,timeout,25,-0.001271382339343498,-0.002271382339343498,-0.2271382339343498
short,ooc,2026-05-21 12:00:00+00:00,2026-05-21 12:00:00+00:00,85.6,86.84340295441989,sl,1,-0.014525735448830516,-0.015525735448830517,-1.5525735448830518
short,ooc,2026-05-22 04:00:00+00:00,2026-05-23 04:00:00+00:00,87.04,83.91748777975413,tp,7,0.03587445105981021,0.034874451059810206,3.4874451059810205
short,ooc,2026-05-23 12:00:00+00:00,2026-05-23 12:00:00+00:00,82.29,83.69354458380738,sl,1,-0.017056077090866133,-0.018056077090866134,-1.8056077090866134
short,ooc,2026-05-24 20:00:00+00:00,2026-05-28 00:00:00+00:00,85.38,81.81002887891243,tp,20,0.041812732737029304,0.0408127327370293,4.08127327370293
short,ooc,2026-05-28 08:00:00+00:00,2026-05-28 16:00:00+00:00,81.27,82.6612027826803,sl,3,-0.017118282055866983,-0.018118282055866984,-1.8118282055866983
short,ooc,2026-05-29 04:00:00+00:00,2026-05-29 12:00:00+00:00,81.63,82.97805939264465,sl,3,-0.016514264273485943,-0.017514264273485944,-1.7514264273485944
short,ooc,2026-05-30 00:00:00+00:00,2026-06-02 12:00:00+00:00,82.05,78.56594608053372,tp,22,0.042462570621161204,0.0414625706211612,4.1462570621161206
short,ooc,2026-06-02 20:00:00+00:00,2026-06-03 20:00:00+00:00,75.52,71.43132537569696,tp,7,0.054140288987063544,0.05314028898706354,5.314028898706354
short,ooc,2026-06-04 04:00:00+00:00,2026-06-05 04:00:00+00:00,71.49,66.05263797529669,tp,7,0.07605765875931327,0.07505765875931326,7.505765875931327
short,ooc,2026-06-05 12:00:00+00:00,2026-06-06 04:00:00+00:00,66.08,60.47832405218131,tp,5,0.0847711251183216,0.0837711251183216,8.377112511832161
short,ooc,2026-06-06 12:00:00+00:00,2026-06-07 04:00:00+00:00,62.46,64.97582333785321,sl,5,-0.040278951934889735,-0.041278951934889736,-4.127895193488974
short,ooc,2026-06-07 16:00:00+00:00,2026-06-07 20:00:00+00:00,64.99,67.1327383204554,sl,2,-0.03297027728043403,-0.03397027728043403,-3.397027728043403
short,ooc,2026-06-08 04:00:00+00:00,2026-06-12 04:00:00+00:00,66.36,66.32,timeout,25,0.000602772754671583,-0.000397227245328417,-0.039722724532841695
short,ooc,2026-06-12 12:00:00+00:00,2026-06-12 12:00:00+00:00,66.93,68.45698681555385,sl,1,-0.02281468423059675,-0.02381468423059675,-2.3814684230596748
short,ooc,2026-06-12 20:00:00+00:00,2026-06-13 12:00:00+00:00,66.79,68.37704475422755,sl,5,-0.02376171214594323,-0.02476171214594323,-2.476171214594323
short,ooc,2026-06-14 04:00:00+00:00,2026-06-14 20:00:00+00:00,68.95,70.20172517973009,sl,5,-0.018154099778536433,-0.019154099778536434,-1.9154099778536433
short,ooc,2026-06-15 04:00:00+00:00,2026-06-15 08:00:00+00:00,71.25,72.56515975925313,sl,2,-0.018458382586008907,-0.019458382586008908,-1.9458382586008909
short,ooc,2026-06-15 16:00:00+00:00,2026-06-17 12:00:00+00:00,75.25,71.65121538713635,tp,12,0.047824380237390746,0.046824380237390745,4.682438023739074
short,ooc,2026-06-18 04:00:00+00:00,2026-06-20 20:00:00+00:00,71.66,73.26242413080473,sl,17,-0.022361486614634874,-0.023361486614634875,-2.3361486614634877
short,ooc,2026-06-21 04:00:00+00:00,2026-06-23 04:00:00+00:00,73.63,69.89939618276671,tp,13,0.05066689959572576,0.04966689959572576,4.966689959572576
short,ooc,2026-06-23 12:00:00+00:00,2026-06-24 16:00:00+00:00,69.31,65.47565507907113,tp,8,0.05532166961374795,0.05432166961374795,5.432166961374795
short,ooc,2026-06-25 16:00:00+00:00,2026-06-25 20:00:00+00:00,66.32,68.2180438089395,sl,2,-0.028619478421886387,-0.029619478421886388,-2.9619478421886387
short,ooc,2026-06-26 04:00:00+00:00,2026-06-26 04:00:00+00:00,68.21,70.19902414294464,sl,1,-0.029160301172036995,-0.030160301172036996,-3.0160301172037
short,ooc,2026-06-27 08:00:00+00:00,2026-06-29 12:00:00+00:00,72.3,74.36206284649234,sl,14,-0.028520924571125015,-0.029520924571125016,-2.9520924571125016
short,ooc,2026-06-30 00:00:00+00:00,2026-07-01 12:00:00+00:00,75.16,77.05607930391119,sl,10,-0.025227239275029185,-0.026227239275029186,-2.6227239275029186
short,ooc,2026-07-01 20:00:00+00:00,2026-07-01 20:00:00+00:00,77.01,78.8279740672067,sl,1,-0.02360698697840139,-0.024606986978401392,-2.4606986978401393
short,ooc,2026-07-02 08:00:00+00:00,2026-07-02 08:00:00+00:00,78.0,79.81888084025259,sl,1,-0.023318985131443454,-0.024318985131443455,-2.4318985131443456
short,ooc,2026-07-02 16:00:00+00:00,2026-07-03 16:00:00+00:00,80.88,82.93719827552391,sl,7,-0.025435191339316474,-0.026435191339316474,-2.6435191339316475
short,ooc,2026-07-05 08:00:00+00:00,2026-07-05 20:00:00+00:00,80.72,82.16215881092818,sl,4,-0.017866189431716764,-0.018866189431716765,-1.8866189431716764
short,ooc,2026-07-06 08:00:00+00:00,2026-07-06 16:00:00+00:00,80.84,82.22964485567469,sl,3,-0.017190065013294023,-0.018190065013294024,-1.8190065013294023
short,ooc,2026-07-07 00:00:00+00:00,2026-07-08 00:00:00+00:00,81.94,78.29178527677759,tp,7,0.044523001259731625,0.043523001259731624,4.352300125973162
short,ooc,2026-07-08 08:00:00+00:00,2026-07-12 08:00:00+00:00,78.3,76.95,timeout,25,0.017241379310344754,0.016241379310344754,1.6241379310344755
short,ooc,2026-07-12 16:00:00+00:00,2026-07-13 16:00:00+00:00,77.48,74.66507881475553,tp,7,0.03633093940687238,0.03533093940687238,3.5330939406872384
short,ooc,2026-07-14 00:00:00+00:00,2026-07-14 12:00:00+00:00,75.01,76.21881175658282,sl,4,-0.0161153413755875,-0.0171153413755875,-1.71153413755875
short,ooc,2026-07-14 20:00:00+00:00,2026-07-15 04:00:00+00:00,77.19,78.40037044374536,sl,3,-0.015680404764158072,-0.016680404764158073,-1.6680404764158072
short,ooc,2026-07-15 12:00:00+00:00,2026-07-15 12:00:00+00:00,77.53,78.68058596011586,sl,1,-0.014840525733469133,-0.015840525733469134,-1.5840525733469133
short,ooc,2026-07-15 20:00:00+00:00,2026-07-17 12:00:00+00:00,77.18,74.19901750944412,tp,11,0.03862376898880394,0.037623768988803936,3.762376898880394
short,ooc,2026-07-18 04:00:00+00:00,2026-07-19 00:00:00+00:00,75.38,76.40348925863415,sl,6,-0.013577729618388927,-0.014577729618388928,-1.4577729618388928
short,ooc,2026-07-19 12:00:00+00:00,2026-07-20 00:00:00+00:00,76.06,76.91237395870172,sl,4,-0.011206599509620286,-0.012206599509620285,-1.2206599509620286
short,ooc,2026-07-20 08:00:00+00:00,2026-07-20 08:00:00+00:00,76.23,77.16709822218465,sl,1,-0.012293037153150265,-0.013293037153150264,-1.3293037153150264
short,ooc,2026-07-20 16:00:00+00:00,2026-07-21 04:00:00+00:00,77.77,78.81770203851636,sl,4,-0.013471801961120775,-0.014471801961120776,-1.4471801961120776
short,ooc,2026-07-21 12:00:00+00:00,2026-07-23 12:00:00+00:00,78.38,75.93514581449111,tp,13,0.031192321836040926,0.030192321836040925,3.0192321836040925
short,ooc,2026-07-24 00:00:00+00:00,2026-07-26 20:00:00+00:00,75.89,76.88239188623811,sl,18,-0.01307671480087113,-0.01407671480087113,-1.407671480087113
short,ooc,2026-07-27 04:00:00+00:00,2026-07-27 12:00:00+00:00,76.43,77.2396396240537,sl,3,-0.010593217637755954,-0.011593217637755955,-1.1593217637755955
short,ooc,2026-07-28 00:00:00+00:00,2026-07-31 00:00:00+00:00,74.22,75.24919271905635,sl,19,-0.013866784142500055,-0.014866784142500054,-1.4866784142500054
short,ooc,2026-07-31 08:00:00+00:00,2026-08-01 16:00:00+00:00,73.69,71.10347982094595,tp,9,0.03510001600019064,0.034100016000190636,3.4100016000190636
short,ooc,2026-08-02 04:00:00+00:00,2026-08-02 20:00:00+00:00,73.2,74.14300317921904,sl,5,-0.012882557093156194,-0.013882557093156195,-1.3882557093156196
short,ooc,2026-08-03 04:00:00+00:00,2026-08-03 12:00:00+00:00,72.91,73.7859017544352,sl,3,-0.012013465291938072,-0.013013465291938073,-1.3013465291938073
short,ooc,2026-08-03 20:00:00+00:00,2026-08-07 20:00:00+00:00,74.04,73.68,timeout,25,0.004862236628849262,0.0038622366288492624,0.38622366288492627
short,ooc,2026-08-08 08:00:00+00:00,2026-08-08 08:00:00+00:00,74.82,75.65191331886454,sl,1,-0.011118862855714394,-0.012118862855714393,-1.2118862855714392
short,ooc,2026-08-09 04:00:00+00:00,2026-08-09 12:00:00+00:00,75.99,76.79557178910048,sl,3,-0.010601023675489976,-0.011601023675489975,-1.1601023675489974
short,ooc,2026-08-09 20:00:00+00:00,2026-08-11 12:00:00+00:00,77.23,75.28571143088175,tp,11,0.025175301943781647,0.024175301943781646,2.4175301943781644
short,ooc,2026-08-11 20:00:00+00:00,2026-08-11 20:00:00+00:00,75.67,76.52799263603951,sl,1,-0.011338610229146453,-0.012338610229146452,-1.2338610229146452
short,ooc,2026-08-12 08:00:00+00:00,2026-08-12 12:00:00+00:00,76.26,77.07993433723719,sl,2,-0.010751827133978306,-0.011751827133978307,-1.1751827133978308
short,ooc,2026-08-12 20:00:00+00:00,2026-08-16 20:00:00+00:00,75.77,74.61,timeout,25,0.015309489243763979,0.01430948924376398,1.430948924376398
short,ooc,2026-08-17 04:00:00+00:00,2026-08-17 12:00:00+00:00,75.51,76.16921883972336,sl,3,-0.008730219040171518,-0.009730219040171517,-0.9730219040171517
short,ooc,2026-08-18 00:00:00+00:00,2026-08-18 12:00:00+00:00,76.02,76.67614409296982,sl,4,-0.008631203538145555,-0.009631203538145554,-0.9631203538145554
short,ooc,2026-08-18 20:00:00+00:00,2026-08-19 12:00:00+00:00,77.19,77.90201954303089,sl,5,-0.009224245926038231,-0.010224245926038232,-1.0224245926038231
short,ooc,2026-08-20 08:00:00+00:00,2026-08-20 08:00:00+00:00,86.17,87.56797096083304,sl,1,-0.016223406763758098,-0.0172234067637581,-1.7223406763758098
short,ooc,2026-08-20 16:00:00+00:00,2026-08-21 00:00:00+00:00,87.37,88.80835251214685,sl,3,-0.01646277340216149,-0.017462773402161492,-1.7462773402161493
short,ooc,2026-08-21 16:00:00+00:00,2026-08-21 20:00:00+00:00,91.37,93.10181736707322,sl,2,-0.018953894791213958,-0.01995389479121396,-1.995389479121396
short,ooc,2026-08-23 16:00:00+00:00,2026-08-24 20:00:00+00:00,95.36,98.18404633508864,sl,8,-0.02961457985621475,-0.03061457985621475,-3.061457985621475
short,ooc,2026-08-25 12:00:00+00:00,2026-08-26 20:00:00+00:00,98.61,101.44047179455814,sl,9,-0.028703699366779595,-0.029703699366779596,-2.9703699366779595
short,ooc,2026-08-27 08:00:00+00:00,2026-08-27 08:00:00+00:00,101.82,104.37691921737674,sl,1,-0.02511215102511044,-0.02611215102511044,-2.611215102511044
short,ooc,2026-08-27 20:00:00+00:00,2026-08-28 16:00:00+00:00,109.38,102.38400736099061,tp,6,0.06396043736523484,0.06296043736523484,6.296043736523484
short,ooc,2026-08-29 08:00:00+00:00,2026-08-30 12:00:00+00:00,103.74,106.28610848834158,sl,8,-0.024543170313684096,-0.025543170313684097,-2.55431703136841
short,ooc,2026-08-31 04:00:00+00:00,2026-08-31 08:00:00+00:00,101.95,104.13805068608497,sl,2,-0.021461997901765215,-0.022461997901765215,-2.2461997901765214
short,ooc,2026-08-31 16:00:00+00:00,2026-09-02 08:00:00+00:00,102.88,97.54951771380406,tp,11,0.05181261942258875,0.05081261942258875,5.081261942258875
short,ooc,2026-09-02 16:00:00+00:00,2026-09-03 04:00:00+00:00,99.35,101.36064118252466,sl,4,-0.020237958555859744,-0.021237958555859745,-2.1237958555859744
short,ooc,2026-09-04 00:00:00+00:00,2026-09-06 00:00:00+00:00,103.94,106.03994771114031,sl,13,-0.02020346075755548,-0.02120346075755548,-2.120346075755548
short,ooc,2026-09-06 08:00:00+00:00,2026-09-06 08:00:00+00:00,105.25,107.03823481186147,sl,1,-0.016990354506997353,-0.017990354506997354,-1.7990354506997355
short,ooc,2026-09-06 20:00:00+00:00,2026-09-09 20:00:00+00:00,105.5,100.94209923318179,tp,19,0.04320285087031476,0.04220285087031476,4.220285087031476
short,ooc,2026-09-10 04:00:00+00:00,2026-09-11 12:00:00+00:00,101.83,103.63336035323053,sl,9,-0.017709519328592074,-0.018709519328592075,-1.8709519328592075
short,ooc,2026-09-12 08:00:00+00:00,2026-09-14 16:00:00+00:00,101.67,103.56221160238151,sl,15,-0.018611307193680614,-0.019611307193680615,-1.9611307193680614
short,ooc,2026-09-15 00:00:00+00:00,2026-09-15 12:00:00+00:00,102.55,98.47290697051054,tp,4,0.03975712364202302,0.03875712364202302,3.875712364202302
short,ooc,2026-09-16 08:00:00+00:00,2026-09-16 16:00:00+00:00,96.96,98.75369428223473,sl,3,-0.018499322217767525,-0.019499322217767526,-1.9499322217767525
short,ooc,2026-09-17 08:00:00+00:00,2026-09-17 12:00:00+00:00,100.04,101.8065754004947,sl,2,-0.01765869052873538,-0.01865869052873538,-1.865869052873538
short,ooc,2026-09-17 20:00:00+00:00,2026-09-18 00:00:00+00:00,100.97,102.70289947335526,sl,2,-0.017162518305984555,-0.018162518305984556,-1.8162518305984556
short,ooc,2026-09-18 08:00:00+00:00,2026-09-18 12:00:00+00:00,105.8,107.6498579238198,sl,2,-0.017484479431189016,-0.018484479431189017,-1.8484479431189016
short,ooc,2026-09-19 12:00:00+00:00,2026-09-21 08:00:00+00:00,111.9,113.97270817541927,sl,12,-0.018522861263800403,-0.019522861263800404,-1.9522861263800404
short,ooc,2026-09-21 16:00:00+00:00,2026-09-25 08:00:00+00:00,117.95,120.20614937213621,sl,23,-0.019128015024469747,-0.020128015024469748,-2.0128015024469748
short,ooc,2026-09-26 08:00:00+00:00,2026-09-27 04:00:00+00:00,120.77,123.08378266661548,sl,6,-0.01915858794912214,-0.02015858794912214,-2.015858794912214
short,ooc,2026-09-28 12:00:00+00:00,2026-09-29 12:00:00+00:00,118.74,120.9761044224326,sl,7,-0.018831938878495904,-0.019831938878495905,-1.9831938878495905
short,ooc,2026-09-29 20:00:00+00:00,2026-09-30 04:00:00+00:00,118.8,118.46,timeout,3,0.0028619528619528906,0.0018619528619528906,0.18619528619528905
