side,seg,entry_time,exit_time,entry_price,exit_price,exit_reason,bars_held,gross_ret,net_ret,pnl_usdt
long,train,2021-10-13 04:00:00+00:00,2021-10-14 08:00:00+00:00,149.285,157.73724105465817,tp,8,0.05661815356303831,0.05561815356303831,5.561815356303831
long,train,2021-10-15 00:00:00+00:00,2021-10-15 04:00:00+00:00,149.992,157.42271613142094,tp,2,0.04954074971612454,0.048540749716124536,4.854074971612453
long,train,2021-10-15 12:00:00+00:00,2021-10-17 08:00:00+00:00,157.755,166.2848293880218,tp,12,0.054070104833582426,0.053070104833582425,5.307010483358242
long,train,2021-10-17 16:00:00+00:00,2021-10-17 20:00:00+00:00,160.724,155.25151048616922,sl,2,-0.034048987791684915,-0.035048987791684916,-3.5048987791684914
long,train,2021-10-18 04:00:00+00:00,2021-10-19 16:00:00+00:00,159.929,154.59884604158668,sl,10,-0.03332825165175371,-0.03432825165175371,-3.432825165175371
long,train,2021-10-20 00:00:00+00:00,2021-10-20 12:00:00+00:00,155.801,161.85275152931487,tp,4,0.03884282853970697,0.03784282853970697,3.784282853970697
long,train,2021-10-20 20:00:00+00:00,2021-10-21 00:00:00+00:00,173.04,179.83795827087283,tp,2,0.03928547313264471,0.03828547313264471,3.8285473132644707
long,train,2021-10-21 08:00:00+00:00,2021-10-21 12:00:00+00:00,186.97,181.39113196766093,sl,2,-0.029838305783489723,-0.030838305783489724,-3.0838305783489726
long,train,2021-10-21 20:00:00+00:00,2021-10-22 00:00:00+00:00,184.74,194.62312121012152,tp,2,0.05349746243434836,0.05249746243434836,5.249746243434836
long,train,2021-10-22 08:00:00+00:00,2021-10-22 12:00:00+00:00,203.208,214.43859631874525,tp,2,0.05526650682426507,0.05426650682426507,5.426650682426507
long,train,2021-10-24 04:00:00+00:00,2021-10-24 08:00:00+00:00,196.613,188.96749200818638,sl,2,-0.03888607565020429,-0.03988607565020429,-3.988607565020429
long,train,2021-10-24 20:00:00+00:00,2021-10-24 20:00:00+00:00,191.591,202.5841854730134,tp,1,0.057378402289321506,0.056378402289321505,5.63784022893215
long,train,2021-10-25 04:00:00+00:00,2021-10-25 12:00:00+00:00,201.706,213.23942778030235,tp,3,0.057179398631187775,0.056179398631187774,5.617939863118777
long,train,2021-10-26 00:00:00+00:00,2021-10-26 20:00:00+00:00,209.741,201.59637816543233,sl,6,-0.03883180605874715,-0.03983180605874715,-3.9831806058747152
long,train,2021-10-27 04:00:00+00:00,2021-10-27 04:00:00+00:00,202.816,195.35243216375824,sl,1,-0.0367996994134672,-0.037799699413467204,-3.7799699413467205
long,train,2021-10-30 00:00:00+00:00,2021-10-30 12:00:00+00:00,200.451,192.71511747926905,sl,4,-0.038592386771485,-0.039592386771485,-3.9592386771485
long,train,2021-10-31 12:00:00+00:00,2021-10-31 12:00:00+00:00,186.308,195.89716752079036,tp,1,0.05146943513316857,0.050469435133168566,5.046943513316856
long,train,2021-10-31 20:00:00+00:00,2021-11-01 00:00:00+00:00,195.995,206.50631536231415,tp,2,0.05363052813752468,0.05263052813752468,5.263052813752468
long,train,2021-11-01 08:00:00+00:00,2021-11-01 12:00:00+00:00,209.948,202.09819597886195,sl,2,-0.03738927744554869,-0.03838927744554869,-3.838927744554869
long,train,2021-11-01 20:00:00+00:00,2021-11-02 16:00:00+00:00,204.013,215.2631773511882,tp,6,0.05514441408727973,0.05414441408727973,5.414441408727972
long,train,2021-11-03 00:00:00+00:00,2021-11-03 00:00:00+00:00,220.794,231.52733575588238,tp,1,0.04861244307310146,0.04761244307310146,4.761244307310146
long,train,2021-11-03 08:00:00+00:00,2021-11-03 12:00:00+00:00,232.39,224.53307570495195,sl,2,-0.03380921853370641,-0.03480921853370641,-3.4809218533706408
long,train,2021-11-03 20:00:00+00:00,2021-11-04 00:00:00+00:00,234.676,247.54049453875027,tp,2,0.054818108961931684,0.053818108961931684,5.381810896193168
long,train,2021-11-04 08:00:00+00:00,2021-11-06 12:00:00+00:00,237.857,251.1377487250854,tp,14,0.05583501315952611,0.05483501315952611,5.483501315952611
long,train,2021-11-06 20:00:00+00:00,2021-11-08 00:00:00+00:00,254.276,245.58476206906226,sl,8,-0.03418033133657028,-0.03518033133657028,-3.518033133657028
long,train,2021-11-08 08:00:00+00:00,2021-11-09 12:00:00+00:00,245.874,238.4312540975852,sl,8,-0.030270569081784975,-0.03127056908178497,-3.1270569081784974
long,train,2021-11-09 20:00:00+00:00,2021-11-10 20:00:00+00:00,240.074,233.25786734327943,sl,7,-0.02839179859843458,-0.02939179859843458,-2.939179859843458
long,train,2021-11-11 04:00:00+00:00,2021-11-12 00:00:00+00:00,239.029,230.90718803941834,sl,6,-0.03397835392601589,-0.03497835392601589,-3.4978353926015893
long,train,2021-11-12 08:00:00+00:00,2021-11-13 20:00:00+00:00,228.046,239.52722565875945,tp,10,0.050346095343744054,0.049346095343744054,4.934609534374405
long,train,2021-11-17 00:00:00+00:00,2021-11-17 00:00:00+00:00,219.106,211.99137182254987,sl,1,-0.03247117001565511,-0.03347117001565511,-3.347117001565511
long,train,2021-11-21 08:00:00+00:00,2021-11-21 16:00:00+00:00,213.803,225.50136551740832,tp,3,0.054715628487010566,0.053715628487010565,5.371562848701057
long,train,2021-11-24 16:00:00+00:00,2021-11-24 16:00:00+00:00,212.297,204.45655584048984,sl,1,-0.036931488242933984,-0.037931488242933985,-3.7931488242933984
long,train,2021-11-27 20:00:00+00:00,2021-11-28 00:00:00+00:00,196.287,189.05465273610727,sl,2,-0.03684577819159055,-0.03784577819159055,-3.7845778191590553
long,train,2021-11-28 08:00:00+00:00,2021-11-28 16:00:00+00:00,189.765,182.69312028470392,sl,3,-0.037266512345775375,-0.038266512345775376,-3.8266512345775374
long,train,2021-11-29 00:00:00+00:00,2021-11-29 16:00:00+00:00,200.633,211.53735482150293,tp,5,0.054349757126210145,0.053349757126210144,5.334975712621015
long,train,2021-11-30 00:00:00+00:00,2021-11-30 12:00:00+00:00,204.154,214.2288793941783,tp,4,0.04934940973078319,0.04834940973078319,4.834940973078319
long,train,2021-11-30 20:00:00+00:00,2021-11-30 20:00:00+00:00,215.431,208.35012872562694,sl,1,-0.03286839533016635,-0.03386839533016635,-3.386839533016635
long,train,2021-12-01 04:00:00+00:00,2021-12-01 12:00:00+00:00,214.881,225.558943204355,tp,3,0.04969235625464787,0.04869235625464787,4.869235625464787
long,train,2021-12-01 20:00:00+00:00,2021-12-01 20:00:00+00:00,230.133,222.55985570492186,sl,1,-0.03290768509982554,-0.033907685099825544,-3.3907685099825544
long,train,2021-12-02 04:00:00+00:00,2021-12-02 20:00:00+00:00,224.238,236.84726315715463,tp,5,0.05623160729740111,0.055231607297401106,5.523160729740111
long,train,2021-12-11 16:00:00+00:00,2021-12-13 04:00:00+00:00,171.006,164.28081318175398,sl,10,-0.03932719798279602,-0.04032719798279602,-4.032719798279602
long,train,2021-12-13 16:00:00+00:00,2021-12-13 16:00:00+00:00,158.21,152.2065340414909,sl,1,-0.03794618518746672,-0.038946185187466724,-3.894618518746672
long,train,2021-12-14 16:00:00+00:00,2021-12-15 08:00:00+00:00,157.687,167.15971275488798,tp,5,0.06007288333780188,0.059072883337801876,5.907288333780188
long,train,2021-12-16 08:00:00+00:00,2021-12-17 12:00:00+00:00,178.314,171.07829901688797,sl,8,-0.0405784233605439,-0.041578423360543904,-4.15784233605439
long,train,2021-12-17 20:00:00+00:00,2021-12-19 04:00:00+00:00,177.558,188.33387345296325,tp,9,0.06068931533900615,0.05968931533900615,5.968931533900615
long,train,2021-12-19 12:00:00+00:00,2021-12-19 20:00:00+00:00,184.863,179.0439861304955,sl,3,-0.03147743934429544,-0.03247743934429544,-3.2477439344295442
long,train,2021-12-20 20:00:00+00:00,2021-12-21 00:00:00+00:00,175.961,170.28874602951393,sl,2,-0.03223585891468042,-0.03323585891468042,-3.323585891468042
long,train,2021-12-21 08:00:00+00:00,2021-12-23 16:00:00+00:00,178.971,187.50021809757175,tp,15,0.04765698407882698,0.04665698407882698,4.665698407882698
long,train,2021-12-24 00:00:00+00:00,2021-12-24 12:00:00+00:00,190.134,184.54511725278616,sl,4,-0.029394441537094,-0.030394441537094002,-3.0394441537094004
long,train,2021-12-24 20:00:00+00:00,2021-12-27 00:00:00+00:00,192.14,200.59847718545822,tp,14,0.044022468957313605,0.043022468957313605,4.30224689573136
long,train,2021-12-31 20:00:00+00:00,2022-01-01 16:00:00+00:00,167.943,174.82218898877125,tp,6,0.040961451139798814,0.03996145113979881,3.9961451139798814
long,train,2022-01-04 00:00:00+00:00,2022-01-04 04:00:00+00:00,170.167,166.62922781465738,sl,2,-0.02079000150054134,-0.02179000150054134,-2.1790001500541343
long,train,2022-01-04 12:00:00+00:00,2022-01-04 16:00:00+00:00,171.635,168.0533569638492,sl,2,-0.020867789414459638,-0.02186778941445964,-2.1867789414459637
long,train,2022-01-06 00:00:00+00:00,2022-01-06 00:00:00+00:00,154.48,149.84275390181804,sl,1,-0.03001842373240515,-0.03101842373240515,-3.101842373240515
long,train,2022-01-08 16:00:00+00:00,2022-01-08 16:00:00+00:00,144.195,138.7716749557882,sl,1,-0.03761104784640101,-0.038611047846401014,-3.8611047846401014
long,train,2022-01-09 20:00:00+00:00,2022-01-10 00:00:00+00:00,145.293,139.5594510486318,sl,2,-0.03946197649830494,-0.04046197649830494,-4.046197649830495
long,train,2022-01-10 08:00:00+00:00,2022-01-10 12:00:00+00:00,143.067,137.6342641960073,sl,2,-0.03797336775072308,-0.03897336775072308,-3.8973367750723082
long,train,2022-01-11 04:00:00+00:00,2022-01-12 12:00:00+00:00,137.24,145.5209770925206,tp,9,0.06033938423579569,0.05933938423579569,5.933938423579569
long,train,2022-01-12 20:00:00+00:00,2022-01-13 16:00:00+00:00,152.752,147.76708687442314,sl,6,-0.032634028527134616,-0.03363402852713462,-3.363402852713462
long,train,2022-01-14 00:00:00+00:00,2022-01-17 12:00:00+00:00,146.138,141.2137210950337,sl,22,-0.03369608797825558,-0.03469608797825558,-3.469608797825558
long,train,2022-01-17 20:00:00+00:00,2022-01-18 08:00:00+00:00,139.874,136.378754382128,sl,4,-0.024988529804481185,-0.025988529804481186,-2.5988529804481186
long,train,2022-01-20 04:00:00+00:00,2022-01-20 12:00:00+00:00,137.063,142.39295781767746,tp,3,0.038886919282939,0.037886919282939,3.7886919282938996
long,train,2022-01-31 12:00:00+00:00,2022-01-31 16:00:00+00:00,91.366,96.77814789338532,tp,2,0.059235907157863144,0.05823590715786314,5.823590715786314
long,train,2022-02-01 00:00:00+00:00,2022-02-01 00:00:00+00:00,99.491,105.15549559831179,tp,1,0.05693475388036896,0.05593475388036896,5.593475388036897
long,train,2022-02-01 08:00:00+00:00,2022-02-01 16:00:00+00:00,105.427,111.52423855160558,tp,3,0.05783374801147306,0.05683374801147306,5.683374801147306
long,train,2022-02-02 00:00:00+00:00,2022-02-02 12:00:00+00:00,110.043,105.719459057469,sl,4,-0.03928955901357661,-0.04028955901357661,-4.02895590135766
long,train,2022-02-05 04:00:00+00:00,2022-02-07 12:00:00+00:00,113.998,121.26898893794615,tp,15,0.06378172369643452,0.06278172369643452,6.2781723696434515
long,train,2022-02-08 00:00:00+00:00,2022-02-08 08:00:00+00:00,117.598,113.58882402480965,sl,3,-0.03409221224162269,-0.03509221224162269,-3.5092212241622693
long,train,2022-02-08 16:00:00+00:00,2022-02-10 12:00:00+00:00,112.065,107.99797560840764,sl,12,-0.03629165566048592,-0.03729165566048592,-3.729165566048592
long,train,2022-02-11 00:00:00+00:00,2022-02-11 16:00:00+00:00,106.18,102.18255507465133,sl,5,-0.03764781432801539,-0.03864781432801539,-3.864781432801539
long,train,2022-02-13 16:00:00+00:00,2022-02-13 16:00:00+00:00,95.617,92.25876520216138,sl,1,-0.03512173356033571,-0.03612173356033571,-3.612173356033571
long,train,2022-02-14 00:00:00+00:00,2022-02-14 12:00:00+00:00,92.852,97.8582092921025,tp,4,0.05391600926315531,0.05291600926315531,5.291600926315531
long,train,2022-02-14 20:00:00+00:00,2022-02-15 00:00:00+00:00,94.318,99.53841751612536,tp,2,0.05534911168732762,0.05434911168732762,5.434911168732762
long,train,2022-02-15 08:00:00+00:00,2022-02-16 12:00:00+00:00,101.979,98.42980265234999,sl,8,-0.034803217796311084,-0.035803217796311085,-3.5803217796311086
long,train,2022-02-20 04:00:00+00:00,2022-02-20 16:00:00+00:00,88.428,93.00988883776884,tp,4,0.051814909731859184,0.05081490973185918,5.081490973185918
long,train,2022-02-21 00:00:00+00:00,2022-02-21 04:00:00+00:00,90.712,95.6385615596212,tp,2,0.05430992106470138,0.05330992106470138,5.330992106470138
long,train,2022-02-22 20:00:00+00:00,2022-02-23 08:00:00+00:00,86.312,91.86010380947722,tp,4,0.06427963445960268,0.06327963445960268,6.327963445960267
long,train,2022-02-23 20:00:00+00:00,2022-02-23 20:00:00+00:00,88.116,84.41018737033119,sl,1,-0.04205606960902462,-0.04305606960902462,-4.305606960902462
long,train,2022-02-26 16:00:00+00:00,2022-02-27 00:00:00+00:00,91.276,87.10348086525298,sl,3,-0.0457132119587517,-0.0467132119587517,-4.67132119587517
long,train,2022-02-27 08:00:00+00:00,2022-02-27 16:00:00+00:00,88.837,84.90938502167042,sl,3,-0.04421147695588084,-0.04521147695588084,-4.521147695588084
long,train,2022-02-28 00:00:00+00:00,2022-02-28 12:00:00+00:00,85.617,91.54786639926351,tp,4,0.06927206511865058,0.06827206511865058,6.827206511865058
long,train,2022-03-01 04:00:00+00:00,2022-03-02 00:00:00+00:00,97.284,103.78427749167616,tp,6,0.06681753928370707,0.06581753928370707,6.5817539283707065
long,train,2022-03-02 08:00:00+00:00,2022-03-03 00:00:00+00:00,102.4,98.01281259565404,sl,5,-0.04284362699556607,-0.04384362699556607,-4.384362699556607
long,train,2022-03-03 16:00:00+00:00,2022-03-04 00:00:00+00:00,95.956,91.78569720590865,sl,3,-0.043460573534655,-0.044460573534655004,-4.4460573534655
long,train,2022-03-04 08:00:00+00:00,2022-03-04 20:00:00+00:00,91.977,88.14246089905136,sl,4,-0.04169019538524464,-0.04269019538524464,-4.269019538524464
long,train,2022-03-05 12:00:00+00:00,2022-03-06 16:00:00+00:00,88.732,85.36055828115683,sl,8,-0.03799578189202511,-0.038995781892025114,-3.8995781892025114
long,train,2022-03-07 08:00:00+00:00,2022-03-07 12:00:00+00:00,81.793,86.08551613039498,tp,2,0.05248023828927869,0.05148023828927869,5.148023828927869
long,train,2022-03-07 20:00:00+00:00,2022-03-08 16:00:00+00:00,80.362,84.9911499411362,tp,6,0.05760371744277402,0.05660371744277402,5.660371744277402
long,train,2022-03-09 00:00:00+00:00,2022-03-09 00:00:00+00:00,82.337,86.7089712328881,tp,1,0.05309850046623146,0.05209850046623146,5.2098500466231465
long,train,2022-03-09 08:00:00+00:00,2022-03-09 16:00:00+00:00,89.238,86.09781415524459,sl,3,-0.035188886402153875,-0.036188886402153876,-3.6188886402153875
long,train,2022-03-10 00:00:00+00:00,2022-03-10 04:00:00+00:00,88.081,85.0362750699693,sl,2,-0.03456732927680994,-0.03556732927680994,-3.5567329276809936
long,train,2022-03-10 12:00:00+00:00,2022-03-13 20:00:00+00:00,82.08,79.10606972621085,sl,21,-0.03623209397891265,-0.03723209397891265,-3.7232093978912655
long,train,2022-03-14 04:00:00+00:00,2022-03-15 16:00:00+00:00,79.51,82.42969549812489,tp,10,0.036721110528548366,0.035721110528548365,3.5721110528548365
long,train,2022-03-16 00:00:00+00:00,2022-03-16 00:00:00+00:00,82.838,86.0778761217161,tp,1,0.039110989180280886,0.038110989180280885,3.8110989180280885
long,train,2022-03-16 08:00:00+00:00,2022-03-16 20:00:00+00:00,82.837,86.20261767637767,tp,4,0.040629400827862754,0.03962940082786275,3.9629400827862753
long,train,2022-03-17 04:00:00+00:00,2022-03-18 04:00:00+00:00,87.969,85.63166481796362,sl,7,-0.026569986950361713,-0.027569986950361714,-2.7569986950361716
long,train,2022-03-18 12:00:00+00:00,2022-03-18 16:00:00+00:00,84.977,88.45366465258691,tp,2,0.040913007667803106,0.039913007667803105,3.9913007667803106
long,train,2022-03-19 04:00:00+00:00,2022-03-19 12:00:00+00:00,90.262,94.14404598715468,tp,3,0.04300864136795864,0.04200864136795864,4.200864136795865
long,train,2022-03-21 00:00:00+00:00,2022-03-22 04:00:00+00:00,88.612,92.04128912034453,tp,8,0.038700053269811484,0.03770005326981148,3.770005326981148
long,train,2022-03-22 12:00:00+00:00,2022-03-23 00:00:00+00:00,91.992,89.66626830480301,sl,4,-0.025281890764381604,-0.026281890764381605,-2.6281890764381606
long,train,2022-03-23 08:00:00+00:00,2022-03-23 12:00:00+00:00,91.13,94.59984530898056,tp,2,0.038075774267316655,0.037075774267316654,3.7075774267316652
long,train,2022-03-23 20:00:00+00:00,2022-03-24 04:00:00+00:00,92.795,96.59919065008393,tp,3,0.04099564254630017,0.03999564254630017,3.999564254630017
long,train,2022-03-24 12:00:00+00:00,2022-03-25 00:00:00+00:00,100.054,104.18901626033546,tp,4,0.041327845566748574,0.04032784556674857,4.032784556674858
long,train,2022-03-25 08:00:00+00:00,2022-03-25 12:00:00+00:00,102.89,100.06333437599322,sl,2,-0.0274726953446086,-0.0284726953446086,-2.8472695344608603
long,train,2022-03-26 00:00:00+00:00,2022-03-26 16:00:00+00:00,98.594,102.97410499091228,tp,5,0.04442567489819144,0.04342567489819144,4.342567489819144
long,train,2022-03-27 04:00:00+00:00,2022-03-27 12:00:00+00:00,101.814,99.2511598751899,sl,3,-0.025171785066985822,-0.026171785066985823,-2.617178506698582
long,train,2022-03-27 20:00:00+00:00,2022-03-27 20:00:00+00:00,103.207,106.94050487315316,tp,1,0.036174919076740586,0.035174919076740585,3.5174919076740583
long,train,2022-03-28 08:00:00+00:00,2022-03-28 12:00:00+00:00,108.91,113.31497638714194,tp,2,0.04044602320394769,0.03944602320394769,3.944602320394769
long,train,2022-03-28 20:00:00+00:00,2022-03-28 20:00:00+00:00,111.348,108.1501260635202,sl,1,-0.028719635166143932,-0.029719635166143933,-2.971963516614393
long,train,2022-03-29 04:00:00+00:00,2022-03-29 12:00:00+00:00,109.184,114.61178593315117,tp,3,0.049712283238855244,0.04871228323885524,4.871228323885524
long,train,2022-03-29 20:00:00+00:00,2022-03-29 20:00:00+00:00,113.863,110.0458432244077,sl,1,-0.033524119122035206,-0.03452411912203521,-3.452411912203521
long,train,2022-03-30 04:00:00+00:00,2022-03-30 12:00:00+00:00,110.739,116.63812878884005,tp,3,0.053270562212409764,0.05227056221240976,5.227056221240976
long,train,2022-03-30 20:00:00+00:00,2022-03-31 12:00:00+00:00,121.17,128.0006571698787,tp,5,0.05637251109910626,0.05537251109910626,5.537251109910626
long,train,2022-03-31 20:00:00+00:00,2022-04-01 00:00:00+00:00,122.991,118.25839274500801,sl,2,-0.03847929730624184,-0.03947929730624184,-3.947929730624184
long,train,2022-04-01 08:00:00+00:00,2022-04-01 16:00:00+00:00,126.385,133.82770925977627,tp,3,0.05888918194228955,0.05788918194228955,5.788918194228955
long,train,2022-04-02 00:00:00+00:00,2022-04-02 12:00:00+00:00,134.508,142.46146039849205,tp,4,0.05913001753421388,0.05813001753421388,5.813001753421388
long,train,2022-04-02 20:00:00+00:00,2022-04-03 00:00:00+00:00,135.86,130.7123604379409,sl,2,-0.03788929458309371,-0.03888929458309371,-3.888929458309371
long,train,2022-04-03 08:00:00+00:00,2022-04-04 12:00:00+00:00,137.569,132.44690884918225,sl,8,-0.037232887865854505,-0.038232887865854506,-3.823288786585451
long,train,2022-04-04 20:00:00+00:00,2022-04-06 00:00:00+00:00,130.116,125.21503186867324,sl,8,-0.03766614506537841,-0.03866614506537841,-3.8666145065378412
long,train,2022-04-10 08:00:00+00:00,2022-04-11 08:00:00+00:00,111.628,107.55766940903816,sl,7,-0.03646334782457668,-0.03746334782457668,-3.746334782457668
long,train,2022-04-14 00:00:00+00:00,2022-04-14 12:00:00+00:00,104.941,101.26113740875083,sl,4,-0.03506601415318299,-0.03606601415318299,-3.606601415318299
long,train,2022-04-14 20:00:00+00:00,2022-04-17 12:00:00+00:00,99.56,104.95174113118608,tp,17,0.05415569637591483,0.05315569637591483,5.315569637591483
long,train,2022-04-18 08:00:00+00:00,2022-04-18 16:00:00+00:00,96.437,100.46307528668706,tp,3,0.04174824275627675,0.04074824275627675,4.074824275627675
long,train,2022-04-19 00:00:00+00:00,2022-04-19 12:00:00+00:00,102.37,106.51330243292038,tp,4,0.04047379537872794,0.03947379537872794,3.9473795378727936
long,train,2022-04-19 20:00:00+00:00,2022-04-21 20:00:00+00:00,106.881,104.06829307576913,sl,13,-0.026316248203430606,-0.027316248203430607,-2.7316248203430606
long,train,2022-04-22 08:00:00+00:00,2022-04-22 12:00:00+00:00,102.634,99.76504331572035,sl,2,-0.02795327751310143,-0.028953277513101432,-2.8953277513101434
long,train,2022-04-23 04:00:00+00:00,2022-04-25 00:00:00+00:00,99.847,97.11274446068556,sl,12,-0.027384453607163284,-0.028384453607163285,-2.8384453607163285
long,train,2022-04-25 08:00:00+00:00,2022-04-25 16:00:00+00:00,95.139,98.70764594394647,tp,3,0.037509811370168684,0.036509811370168684,3.6509811370168683
long,train,2022-04-26 16:00:00+00:00,2022-04-27 12:00:00+00:00,96.536,100.25612948172567,tp,6,0.03853618838283815,0.03753618838283815,3.7536188382838147
long,train,2022-04-27 20:00:00+00:00,2022-04-29 16:00:00+00:00,97.439,94.89020400554963,sl,12,-0.02615786281109575,-0.02715786281109575,-2.715786281109575
long,train,2022-05-01 20:00:00+00:00,2022-05-03 16:00:00+00:00,88.05,84.98216778812976,sl,12,-0.03484193312743032,-0.03584193312743032,-3.5841933127430323
long,train,2022-05-04 00:00:00+00:00,2022-05-04 16:00:00+00:00,85.884,89.63963658013786,tp,5,0.04372917633247008,0.04272917633247008,4.272917633247008
long,train,2022-05-05 16:00:00+00:00,2022-05-05 16:00:00+00:00,84.955,82.11592205656488,sl,1,-0.033418609186453,-0.034418609186453,-3.4418609186453
long,train,2022-05-06 00:00:00+00:00,2022-05-06 04:00:00+00:00,84.517,81.57366748754829,sl,2,-0.03482533114582515,-0.03582533114582515,-3.582533114582515
long,train,2022-05-07 00:00:00+00:00,2022-05-07 20:00:00+00:00,81.697,79.0057099652496,sl,6,-0.032942336129238636,-0.03394233612923864,-3.3942336129238635
long,train,2022-05-21 20:00:00+00:00,2022-05-23 04:00:00+00:00,50.236,53.70074678825403,tp,9,0.0689694001961548,0.0679694001961548,6.79694001961548
long,train,2022-05-23 20:00:00+00:00,2022-05-24 12:00:00+00:00,50.06,47.942102368859665,sl,5,-0.04230718400200434,-0.04330718400200434,-4.330718400200434
long,train,2022-05-24 20:00:00+00:00,2022-05-26 04:00:00+00:00,49.103,47.03810955216007,sl,9,-0.042052225889251754,-0.043052225889251755,-4.305222588925176
long,train,2022-05-26 12:00:00+00:00,2022-05-26 12:00:00+00:00,43.68,41.762451893355774,sl,1,-0.043899910866397114,-0.044899910866397115,-4.489991086639711
long,train,2022-05-28 08:00:00+00:00,2022-05-28 20:00:00+00:00,41.724,44.838724483493536,tp,4,0.07465066828428576,0.07365066828428576,7.365066828428576
long,train,2022-05-29 04:00:00+00:00,2022-05-29 12:00:00+00:00,42.366,45.34248912497353,tp,3,0.07025655301358479,0.06925655301358478,6.9256553013584785
long,train,2022-05-29 20:00:00+00:00,2022-05-30 04:00:00+00:00,44.204,46.95466800026992,tp,3,0.06222667632499137,0.06122667632499137,6.1226676324991365
long,train,2022-05-30 20:00:00+00:00,2022-05-30 20:00:00+00:00,45.683,48.27671617330933,tp,1,0.05677639763827533,0.05577639763827533,5.577639763827532
long,train,2022-05-31 08:00:00+00:00,2022-06-01 04:00:00+00:00,46.368,44.528452761719976,sl,6,-0.03967277515269208,-0.04067277515269208,-4.067277515269208
long,train,2022-06-01 20:00:00+00:00,2022-06-01 20:00:00+00:00,41.3,39.564844786296305,sl,1,-0.04201344343108213,-0.043013443431082134,-4.301344343108213
long,train,2022-06-02 04:00:00+00:00,2022-06-02 20:00:00+00:00,38.87,41.46944819731574,tp,5,0.06687543599989053,0.06587543599989053,6.587543599989052
long,train,2022-06-04 04:00:00+00:00,2022-06-04 20:00:00+00:00,36.3,38.696906719470334,tp,5,0.06603048813967871,0.06503048813967871,6.503048813967871
long,train,2022-06-05 04:00:00+00:00,2022-06-06 00:00:00+00:00,38.31,40.62752122583648,tp,6,0.060493897829195495,0.059493897829195494,5.94938978291955
long,train,2022-06-06 08:00:00+00:00,2022-06-06 20:00:00+00:00,43.04,41.35838757289097,sl,4,-0.03907092070420609,-0.04007092070420609,-4.007092070420609
long,train,2022-06-07 04:00:00+00:00,2022-06-07 08:00:00+00:00,39.56,37.68137129823401,sl,2,-0.047488086495601364,-0.048488086495601365,-4.848808649560136
long,train,2022-06-07 16:00:00+00:00,2022-06-09 08:00:00+00:00,39.14,41.939499229835945,tp,11,0.07152527413990661,0.07052527413990661,7.052527413990662
long,train,2022-06-09 16:00:00+00:00,2022-06-10 12:00:00+00:00,40.35,38.67031101843458,sl,6,-0.04162797971661511,-0.04262797971661511,-4.262797971661511
long,train,2022-06-10 20:00:00+00:00,2022-06-11 08:00:00+00:00,37.27,35.668919816910076,sl,4,-0.04295895312825132,-0.04395895312825132,-4.395895312825132
long,train,2022-06-11 16:00:00+00:00,2022-06-12 00:00:00+00:00,33.77,32.13413273781013,sl,3,-0.04844143506632739,-0.049441435066327394,-4.94414350663274
long,train,2022-06-20 12:00:00+00:00,2022-06-20 20:00:00+00:00,36.34,33.86765737720329,sl,3,-0.06803364399550678,-0.06903364399550678,-6.903364399550678
long,train,2022-06-21 04:00:00+00:00,2022-06-21 12:00:00+00:00,35.2,38.75931139302753,tp,3,0.10111680093828204,0.10011680093828204,10.011680093828204
long,train,2022-06-22 04:00:00+00:00,2022-06-23 16:00:00+00:00,34.7,38.07986506547918,tp,10,0.0974024514547314,0.0964024514547314,9.640245145473141
long,train,2022-06-24 00:00:00+00:00,2022-06-24 12:00:00+00:00,38.15,41.118195667350946,tp,4,0.07780329403279024,0.07680329403279024,7.680329403279024
long,train,2022-06-24 20:00:00+00:00,2022-06-26 20:00:00+00:00,41.14,39.20717657459475,sl,13,-0.04698160975705525,-0.04798160975705525,-4.7981609757055255
long,train,2022-06-27 16:00:00+00:00,2022-06-28 00:00:00+00:00,38.76,37.03188671202721,sl,3,-0.04458496614996876,-0.045584966149968764,-4.558496614996876
long,train,2022-06-30 04:00:00+00:00,2022-06-30 08:00:00+00:00,33.01,31.411633616354248,sl,2,-0.048420672028044544,-0.049420672028044545,-4.942067202804455
long,train,2022-06-30 16:00:00+00:00,2022-07-01 00:00:00+00:00,32.09,34.40756611417805,tp,3,0.0722208200117809,0.0712208200117809,7.12208200117809
long,train,2022-07-01 08:00:00+00:00,2022-07-04 20:00:00+00:00,33.15,35.557678591915845,tp,22,0.07262982177725029,0.07162982177725029,7.162982177725029
long,train,2022-07-05 04:00:00+00:00,2022-07-05 08:00:00+00:00,35.85,34.557207135864495,sl,2,-0.0360611677583126,-0.0370611677583126,-3.70611677583126
long,train,2022-07-05 16:00:00+00:00,2022-07-05 16:00:00+00:00,33.86,35.79277291682163,tp,1,0.057081302918536136,0.056081302918536136,5.608130291853613
long,train,2022-07-06 00:00:00+00:00,2022-07-06 20:00:00+00:00,35.38,37.42320725991253,tp,6,0.05775034652098721,0.05675034652098721,5.675034652098721
long,train,2022-07-07 04:00:00+00:00,2022-07-07 16:00:00+00:00,37.09,39.00367822658798,tp,4,0.051595530509247124,0.05059553050924712,5.059553050924713
long,train,2022-07-08 00:00:00+00:00,2022-07-08 04:00:00+00:00,38.46,37.23818074340983,sl,2,-0.031768571414201065,-0.032768571414201066,-3.2768571414201064
long,train,2022-07-08 12:00:00+00:00,2022-07-08 16:00:00+00:00,37.19,39.082425422774385,tp,2,0.0508853300020002,0.0498853300020002,4.98853300020002
long,train,2022-07-09 00:00:00+00:00,2022-07-10 08:00:00+00:00,38.12,36.78847578866974,sl,9,-0.03492980617340647,-0.03592980617340647,-3.5929806173406473
long,train,2022-07-12 00:00:00+00:00,2022-07-13 12:00:00+00:00,33.42,32.34817733510513,sl,10,-0.03207129458093579,-0.033071294580935794,-3.3071294580935793
long,train,2022-07-13 20:00:00+00:00,2022-07-14 00:00:00+00:00,33.65,35.30597846860552,tp,2,0.04921184156331406,0.04821184156331406,4.821184156331406
long,train,2022-07-14 08:00:00+00:00,2022-07-14 16:00:00+00:00,34.34,35.95120797941922,tp,3,0.04691927721081012,0.04591927721081012,4.591927721081012
long,train,2022-07-15 00:00:00+00:00,2022-07-15 20:00:00+00:00,37.14,38.89023066170846,tp,6,0.04712521975520886,0.046125219755208856,4.6125219755208855
long,train,2022-07-16 04:00:00+00:00,2022-07-16 16:00:00+00:00,37.22,39.04776889434521,tp,4,0.04910717072394444,0.04810717072394444,4.810717072394444
long,train,2022-07-17 00:00:00+00:00,2022-07-17 16:00:00+00:00,39.59,38.34075179353827,sl,5,-0.03155464022383774,-0.03255464022383774,-3.2554640223837743
long,train,2022-07-18 00:00:00+00:00,2022-07-18 00:00:00+00:00,38.62,40.46172183110288,tp,1,0.04768829184626827,0.04668829184626827,4.668829184626827
long,train,2022-07-18 12:00:00+00:00,2022-07-18 16:00:00+00:00,41.63,40.25924614603182,sl,2,-0.03292706831535388,-0.03392706831535388,-3.392706831535388
long,train,2022-07-19 00:00:00+00:00,2022-07-19 00:00:00+00:00,43.51,46.01620602250442,tp,1,0.05760069001389157,0.05660069001389157,5.660069001389157
long,train,2022-07-19 08:00:00+00:00,2022-07-19 12:00:00+00:00,43.46,46.11542764185331,tp,2,0.06110049797177423,0.060100497971774226,6.010049797177422
long,train,2022-07-19 20:00:00+00:00,2022-07-20 16:00:00+00:00,45.41,43.547541416629805,sl,6,-0.04101428283131891,-0.04201428283131891,-4.201428283131891
long,train,2022-07-21 00:00:00+00:00,2022-07-21 00:00:00+00:00,42.04,40.1774697997858,sl,1,-0.0443037630878735,-0.045303763087873504,-4.530376308787351
long,train,2022-07-21 08:00:00+00:00,2022-07-21 20:00:00+00:00,41.05,43.91582349874643,tp,4,0.06981299631538197,0.06881299631538197,6.881299631538197
long,train,2022-07-22 04:00:00+00:00,2022-07-22 16:00:00+00:00,42.66,40.86697042239337,sl,4,-0.04203069802172116,-0.04303069802172116,-4.303069802172116
long,train,2022-07-23 12:00:00+00:00,2022-07-25 00:00:00+00:00,39.6,37.901594917915304,sl,10,-0.042889017224361045,-0.043889017224361046,-4.388901722436104
long,train,2022-07-26 00:00:00+00:00,2022-07-26 12:00:00+00:00,36.66,35.11564259756031,sl,4,-0.0421264976115572,-0.0431264976115572,-4.31264976115572
long,train,2022-07-26 20:00:00+00:00,2022-07-27 04:00:00+00:00,35.02,37.131907797971195,tp,3,0.06030576236354059,0.05930576236354059,5.930576236354059
long,train,2022-07-27 12:00:00+00:00,2022-07-27 16:00:00+00:00,36.4,38.390241530035794,tp,2,0.05467696511087351,0.05367696511087351,5.367696511087352
long,train,2022-07-28 00:00:00+00:00,2022-07-28 16:00:00+00:00,40.23,42.45822727459499,tp,5,0.05538720543363144,0.05438720543363144,5.438720543363144
long,train,2022-07-29 00:00:00+00:00,2022-07-29 12:00:00+00:00,42.92,41.358104759437985,sl,4,-0.036390849034529736,-0.03739084903452974,-3.739084903452974
long,train,2022-07-29 20:00:00+00:00,2022-07-30 12:00:00+00:00,41.81,44.23054866337499,tp,5,0.05789401251793798,0.05689401251793798,5.6894012517937975
long,train,2022-07-30 20:00:00+00:00,2022-07-31 00:00:00+00:00,45.06,43.35087769522439,sl,2,-0.03792992243177123,-0.03892992243177123,-3.892992243177123
long,train,2022-07-31 08:00:00+00:00,2022-08-01 00:00:00+00:00,43.84,42.1786364053965,sl,5,-0.03789606739515283,-0.038896067395152834,-3.8896067395152834
long,train,2022-08-01 12:00:00+00:00,2022-08-01 16:00:00+00:00,42.21,40.64784066527986,sl,2,-0.03700922375551155,-0.03800922375551155,-3.800922375551155
long,train,2022-08-02 00:00:00+00:00,2022-08-02 00:00:00+00:00,41.63,40.07151820029878,sl,1,-0.03743650731927022,-0.03843650731927022,-3.8436507319270223
long,train,2022-08-02 08:00:00+00:00,2022-08-03 00:00:00+00:00,40.53,38.994217223727006,sl,5,-0.0378924938631383,-0.038892493863138304,-3.88924938631383
long,train,2022-08-03 12:00:00+00:00,2022-08-04 16:00:00+00:00,39.65,38.0456532276427,sl,8,-0.040462718092239496,-0.041462718092239496,-4.14627180922395
long,train,2022-08-05 00:00:00+00:00,2022-08-05 08:00:00+00:00,38.84,40.94225718584053,tp,3,0.05412608614419486,0.05312608614419486,5.312608614419486
long,train,2022-08-05 16:00:00+00:00,2022-08-08 04:00:00+00:00,40.01,42.08123379541835,tp,16,0.05176790290973134,0.05076790290973134,5.076790290973134
long,train,2022-08-09 12:00:00+00:00,2022-08-09 12:00:00+00:00,40.85,39.82142550006461,sl,1,-0.025179302323999706,-0.026179302323999707,-2.6179302323999707
long,train,2022-08-09 20:00:00+00:00,2022-08-10 12:00:00+00:00,40.07,41.62838589660011,tp,5,0.03889158713751204,0.03789158713751204,3.789158713751204
long,train,2022-08-10 20:00:00+00:00,2022-08-11 00:00:00+00:00,41.33,42.9673159137804,tp,2,0.03961567659763865,0.03861567659763865,3.861567659763865
long,train,2022-08-11 08:00:00+00:00,2022-08-11 16:00:00+00:00,44.53,43.355790072260554,sl,3,-0.02636896312013131,-0.02736896312013131,-2.736896312013131
long,train,2022-08-12 00:00:00+00:00,2022-08-12 16:00:00+00:00,42.76,44.56466757651107,tp,5,0.04220457381924864,0.04120457381924864,4.120457381924864
long,train,2022-08-13 00:00:00+00:00,2022-08-13 00:00:00+00:00,45.48,47.35485197631193,tp,1,0.04122365823025353,0.04022365823025353,4.0223658230253525
long,train,2022-08-13 08:00:00+00:00,2022-08-14 12:00:00+00:00,47.17,45.82355447620164,sl,8,-0.028544530926401496,-0.029544530926401497,-2.9544530926401498
long,train,2022-08-15 08:00:00+00:00,2022-08-17 12:00:00+00:00,43.82,42.295901035894,sl,14,-0.03478089831369244,-0.03578089831369244,-3.578089831369244
long,train,2022-08-17 20:00:00+00:00,2022-08-18 20:00:00+00:00,40.74,39.37482583080865,sl,7,-0.033509429778874535,-0.034509429778874535,-3.4509429778874536
long,train,2022-08-20 20:00:00+00:00,2022-08-21 16:00:00+00:00,34.44,36.39472944592988,tp,6,0.05675753327322548,0.05575753327322548,5.575753327322548
long,train,2022-08-22 00:00:00+00:00,2022-08-22 04:00:00+00:00,36.47,35.33990837262917,sl,2,-0.0309868831195731,-0.0319868831195731,-3.1986883119573104
long,train,2022-08-22 12:00:00+00:00,2022-08-24 16:00:00+00:00,34.66,36.34321499927134,tp,14,0.0485636179824392,0.0475636179824392,4.75636179824392
long,train,2022-08-25 00:00:00+00:00,2022-08-25 08:00:00+00:00,34.9,36.34966747176557,tp,3,0.041537749907322986,0.040537749907322985,4.053774990732299
long,train,2022-08-29 04:00:00+00:00,2022-08-29 12:00:00+00:00,30.67,32.02733225749223,tp,3,0.04425602404604602,0.04325602404604602,4.325602404604602
long,train,2022-08-29 20:00:00+00:00,2022-08-30 04:00:00+00:00,31.53,32.85428497517273,tp,3,0.04200079210823757,0.041000792108237566,4.100079210823757
long,train,2022-08-30 12:00:00+00:00,2022-08-30 12:00:00+00:00,32.75,31.900266847565106,sl,1,-0.025946050456027287,-0.026946050456027288,-2.694605045602729
long,train,2022-08-30 20:00:00+00:00,2022-09-01 12:00:00+00:00,31.56,30.59864845529848,sl,11,-0.030461075560884607,-0.03146107556088461,-3.146107556088461
long,train,2022-09-01 20:00:00+00:00,2022-09-05 00:00:00+00:00,31.07,32.462942095455716,tp,20,0.04483238157244016,0.04383238157244016,4.383238157244016
long,train,2022-09-05 08:00:00+00:00,2022-09-06 00:00:00+00:00,31.68,32.61702759552322,tp,5,0.029577891272828876,0.028577891272828875,2.8577891272828877
long,train,2022-09-06 20:00:00+00:00,2022-09-07 20:00:00+00:00,31.02,32.360755162193996,tp,7,0.04322228117969041,0.04222228117969041,4.222228117969041
long,train,2022-09-08 04:00:00+00:00,2022-09-08 12:00:00+00:00,32.45,33.68526196273066,tp,3,0.03806662442929595,0.03706662442929595,3.7066624429295953
long,train,2022-09-08 20:00:00+00:00,2022-09-09 00:00:00+00:00,33.46,34.78025150764135,tp,2,0.03945760632520478,0.03845760632520478,3.8457606325204776
long,train,2022-09-10 04:00:00+00:00,2022-09-11 16:00:00+00:00,34.7,36.0063628048341,tp,10,0.03764734307879235,0.03664734307879235,3.6647343078792347
long,train,2022-09-12 00:00:00+00:00,2022-09-12 00:00:00+00:00,34.99,36.20998700604474,tp,1,0.0348667335251426,0.0338667335251426,3.38667335251426
long,train,2022-09-12 08:00:00+00:00,2022-09-12 08:00:00+00:00,35.48,36.8225908368447,tp,1,0.037840778941507884,0.03684077894150788,3.6840778941507883
long,train,2022-09-12 16:00:00+00:00,2022-09-13 00:00:00+00:00,37.13,38.73848393585079,tp,3,0.04332033223406369,0.04232033223406369,4.2320332234063684
long,train,2022-09-17 08:00:00+00:00,2022-09-18 20:00:00+00:00,32.85,31.8562175483586,sl,10,-0.030252129425917842,-0.03125212942591784,-3.125212942591784
long,train,2022-09-19 04:00:00+00:00,2022-09-19 12:00:00+00:00,30.88,32.28164863689519,tp,3,0.045390176065258823,0.04439017606525882,4.439017606525883
long,train,2022-09-19 20:00:00+00:00,2022-09-20 12:00:00+00:00,32.83,31.856110878828897,sl,5,-0.029664609234575128,-0.03066460923457513,-3.066460923457513
long,train,2022-09-20 20:00:00+00:00,2022-09-21 16:00:00+00:00,31.84,30.921875385804547,sl,6,-0.028835572053877274,-0.029835572053877275,-2.9835572053877275
long,train,2022-09-22 12:00:00+00:00,2022-09-23 12:00:00+00:00,32.37,31.389340578106008,sl,7,-0.030295317327586942,-0.03129531732758694,-3.129531732758694
long,train,2022-09-23 20:00:00+00:00,2022-09-23 20:00:00+00:00,31.95,33.398121223667985,tp,1,0.045324607939530075,0.044324607939530074,4.432460793953007
long,train,2022-09-24 04:00:00+00:00,2022-09-25 12:00:00+00:00,33.98,32.93727045306159,sl,9,-0.03068656700819316,-0.03168656700819316,-3.168656700819316
long,train,2022-09-26 00:00:00+00:00,2022-09-26 16:00:00+00:00,32.34,33.67246940801905,tp,5,0.0412018988255734,0.0402018988255734,4.02018988255734
long,train,2022-09-27 00:00:00+00:00,2022-09-27 12:00:00+00:00,33.89,35.253268368841184,tp,4,0.040226272317532695,0.039226272317532694,3.9226272317532693
long,train,2022-09-28 16:00:00+00:00,2022-09-30 08:00:00+00:00,33.13,34.59007050797495,tp,11,0.04407094802218374,0.04307094802218374,4.307094802218374
long,train,2022-09-30 16:00:00+00:00,2022-09-30 16:00:00+00:00,34.67,33.71982609629854,sl,1,-0.027406227392600565,-0.028406227392600566,-2.8406227392600565
long,train,2022-10-02 20:00:00+00:00,2022-10-02 20:00:00+00:00,32.73,32.039080073346845,sl,1,-0.021109683063035494,-0.022109683063035495,-2.2109683063035495
long,train,2022-10-03 04:00:00+00:00,2022-10-04 04:00:00+00:00,32.32,33.38573061942129,tp,7,0.03297433847219331,0.03197433847219331,3.197433847219331
long,train,2022-10-04 12:00:00+00:00,2022-10-07 12:00:00+00:00,33.68,33.043355882641215,sl,19,-0.018902735075973412,-0.019902735075973413,-1.9902735075973412
long,train,2022-10-08 00:00:00+00:00,2022-10-08 20:00:00+00:00,32.97,32.427267957264334,sl,6,-0.016461390437842425,-0.017461390437842426,-1.7461390437842426
long,train,2022-10-09 04:00:00+00:00,2022-10-10 00:00:00+00:00,32.51,33.16681345503955,tp,6,0.020203428330961372,0.01920342833096137,1.9203428330961372
long,train,2022-10-13 08:00:00+00:00,2022-10-13 08:00:00+00:00,29.72,29.16277633402074,sl,1,-0.018749113929315546,-0.019749113929315547,-1.9749113929315547
long,train,2022-10-13 16:00:00+00:00,2022-10-13 16:00:00+00:00,29.67,30.80074591492726,tp,1,0.03811074873364532,0.03711074873364532,3.711074873364532
long,train,2022-10-14 00:00:00+00:00,2022-10-14 00:00:00+00:00,30.48,31.631229896034217,tp,1,0.037770009712408674,0.03677000971240867,3.6770009712408673
long,train,2022-10-15 00:00:00+00:00,2022-10-17 12:00:00+00:00,29.99,31.18726820128717,tp,16,0.03992224745872534,0.03892224745872534,3.892224745872534
long,train,2022-10-20 00:00:00+00:00,2022-10-20 16:00:00+00:00,28.86,28.282378993816828,sl,5,-0.020014587878834787,-0.021014587878834787,-2.101458787883479
long,train,2022-10-21 12:00:00+00:00,2022-10-21 12:00:00+00:00,27.48,26.898713536906968,sl,1,-0.0211530736205616,-0.0221530736205616,-2.2153073620561603
long,train,2022-10-22 12:00:00+00:00,2022-10-23 16:00:00+00:00,28.0,28.834312345070593,tp,8,0.0297968694668069,0.028796869466806898,2.87968694668069
long,train,2022-10-24 20:00:00+00:00,2022-10-25 12:00:00+00:00,28.41,29.326634067911037,tp,5,0.03226448672689324,0.03126448672689324,3.126448672689324
long,train,2022-10-25 20:00:00+00:00,2022-10-25 20:00:00+00:00,31.51,30.740716095591228,sl,1,-0.02441396078733016,-0.025413960787330162,-2.5413960787330163
long,train,2022-10-26 04:00:00+00:00,2022-10-27 04:00:00+00:00,31.11,32.25144627432461,tp,7,0.036690654912394975,0.035690654912394974,3.5690654912394972
long,train,2022-10-27 12:00:00+00:00,2022-10-27 20:00:00+00:00,31.37,30.59387579150175,sl,3,-0.024740969349641463,-0.025740969349641464,-2.5740969349641465
long,train,2022-10-28 04:00:00+00:00,2022-10-28 16:00:00+00:00,30.67,31.815615766305136,tp,4,0.037352975751716144,0.03635297575171614,3.6352975751716143
long,train,2022-10-29 00:00:00+00:00,2022-10-29 04:00:00+00:00,32.07,33.23809293508421,tp,2,0.036423228409236376,0.035423228409236375,3.5423228409236374
long,train,2022-10-29 12:00:00+00:00,2022-10-30 12:00:00+00:00,32.99,32.175937760354714,sl,7,-0.024676030301463724,-0.025676030301463725,-2.5676030301463726
long,train,2022-10-30 20:00:00+00:00,2022-10-31 08:00:00+00:00,32.35,33.49851757717066,tp,4,0.03550286173634182,0.03450286173634182,3.450286173634182
long,train,2022-11-20 00:00:00+00:00,2022-11-20 20:00:00+00:00,12.84,12.334642007884964,sl,6,-0.03935809907437971,-0.04035809907437971,-4.035809907437971
long,train,2022-11-21 16:00:00+00:00,2022-11-21 16:00:00+00:00,11.92,11.414625632709502,sl,1,-0.042397178463967976,-0.04339717846396798,-4.339717846396797
long,train,2022-11-23 00:00:00+00:00,2022-11-23 00:00:00+00:00,12.44,13.292131873792805,tp,1,0.06849934676791039,0.06749934676791039,6.749934676791039
long,train,2022-11-23 08:00:00+00:00,2022-11-23 16:00:00+00:00,13.12,14.007424931994816,tp,3,0.0676390954264342,0.0666390954264342,6.66390954264342
long,train,2022-11-24 00:00:00+00:00,2022-11-28 00:00:00+00:00,14.36,13.696741141144246,sl,25,-0.04618794281725303,-0.04718794281725303,-4.7187942817253035
long,train,2022-11-28 08:00:00+00:00,2022-11-30 20:00:00+00:00,13.43,14.154909198478359,tp,16,0.053976857667785504,0.0529768576677855,5.29768576677855
long,train,2022-12-01 16:00:00+00:00,2022-12-03 20:00:00+00:00,13.63,13.233510119425071,sl,14,-0.029089499675343307,-0.030089499675343308,-3.0089499675343307
long,train,2022-12-04 04:00:00+00:00,2022-12-05 00:00:00+00:00,13.43,13.850596760442405,tp,6,0.031317703681489624,0.030317703681489623,3.0317703681489623
long,train,2022-12-05 08:00:00+00:00,2022-12-05 12:00:00+00:00,13.94,13.684801851966611,sl,2,-0.018306897276426704,-0.019306897276426704,-1.9306897276426704
long,train,2022-12-05 20:00:00+00:00,2022-12-06 00:00:00+00:00,13.68,14.08116818398106,tp,2,0.029325159647738297,0.028325159647738296,2.8325159647738296
long,train,2022-12-06 08:00:00+00:00,2022-12-07 04:00:00+00:00,14.14,13.844866010639848,sl,6,-0.020872276475258328,-0.02187227647525833,-2.187227647525833
long,train,2022-12-08 04:00:00+00:00,2022-12-09 08:00:00+00:00,13.45,13.854911960246305,tp,8,0.03010497845697441,0.02910497845697441,2.910497845697441
long,train,2022-12-12 04:00:00+00:00,2022-12-12 20:00:00+00:00,12.95,13.27160809037672,tp,5,0.024834601573491946,0.023834601573491945,2.3834601573491945
long,train,2022-12-13 04:00:00+00:00,2022-12-13 04:00:00+00:00,13.08,12.868957587372964,sl,1,-0.016134741026531774,-0.017134741026531775,-1.7134741026531775
long,train,2022-12-13 12:00:00+00:00,2022-12-13 12:00:00+00:00,13.35,13.709817610208946,tp,1,0.02695262997819821,0.025952629978198208,2.595262997819821
long,train,2022-12-13 20:00:00+00:00,2022-12-14 12:00:00+00:00,13.79,14.226602939414855,tp,5,0.031660836795856115,0.030660836795856114,3.0660836795856112
long,train,2022-12-14 20:00:00+00:00,2022-12-15 00:00:00+00:00,14.29,13.970115334473546,sl,2,-0.022385211023544686,-0.023385211023544687,-2.3385211023544685
long,train,2022-12-15 08:00:00+00:00,2022-12-16 08:00:00+00:00,14.14,13.792865666850723,sl,7,-0.024549811396695723,-0.025549811396695724,-2.5549811396695725
long,train,2022-12-20 00:00:00+00:00,2022-12-20 04:00:00+00:00,11.94,12.446701375410788,tp,2,0.0424373011231816,0.0414373011231816,4.14373011231816
long,train,2022-12-20 12:00:00+00:00,2022-12-21 04:00:00+00:00,12.37,12.041450942230927,sl,5,-0.026560150183433467,-0.02756015018343347,-2.756015018343347
long,train,2022-12-21 12:00:00+00:00,2022-12-22 12:00:00+00:00,12.1,11.817045058423085,sl,7,-0.02338470591544747,-0.02438470591544747,-2.438470591544747
long,train,2022-12-23 00:00:00+00:00,2022-12-24 04:00:00+00:00,11.81,11.544024267386334,sl,8,-0.022521230534603445,-0.023521230534603445,-2.3521230534603443
long,train,2022-12-26 04:00:00+00:00,2022-12-26 12:00:00+00:00,11.427,11.215630990649633,sl,3,-0.018497331701266044,-0.019497331701266045,-1.9497331701266045
long,train,2022-12-27 16:00:00+00:00,2022-12-27 20:00:00+00:00,10.758,11.071141344559374,tp,2,0.02910776580771284,0.028107765807712837,2.8107765807712837
long,train,2023-01-08 04:00:00+00:00,2023-01-08 20:00:00+00:00,13.379,13.968751350487635,tp,5,0.044080375998776816,0.043080375998776815,4.308037599877681
long,train,2023-01-13 16:00:00+00:00,2023-01-13 20:00:00+00:00,16.81,17.737232962592913,tp,2,0.05515960515127388,0.05415960515127388,5.415960515127388
long,train,2023-01-22 08:00:00+00:00,2023-01-22 20:00:00+00:00,25.131,24.048178113327054,sl,4,-0.043087099067802545,-0.044087099067802546,-4.408709906780254
long,train,2023-01-23 04:00:00+00:00,2023-01-24 20:00:00+00:00,24.532,23.51824748473765,sl,11,-0.041323679898188095,-0.042323679898188096,-4.23236798981881
long,train,2023-01-25 04:00:00+00:00,2023-01-25 12:00:00+00:00,22.919,24.302534299147087,tp,3,0.060366259398188696,0.059366259398188695,5.936625939818869
long,train,2023-01-25 20:00:00+00:00,2023-01-25 20:00:00+00:00,23.734,25.093969533994688,tp,1,0.05730047754254176,0.056300477542541756,5.630047754254176
long,train,2023-01-26 04:00:00+00:00,2023-01-26 16:00:00+00:00,24.791,23.839437580798972,sl,4,-0.038383381840225425,-0.039383381840225426,-3.9383381840225424
long,train,2023-01-27 00:00:00+00:00,2023-01-27 00:00:00+00:00,24.337,23.452534071903806,sl,1,-0.036342438595397715,-0.037342438595397716,-3.7342438595397716
long,train,2023-01-27 08:00:00+00:00,2023-01-29 16:00:00+00:00,24.023,25.3314342488387,tp,15,0.05446589721677979,0.05346589721677979,5.3465897216779785
long,train,2023-01-30 00:00:00+00:00,2023-01-30 00:00:00+00:00,26.073,25.28690929822002,sl,1,-0.03014960694127947,-0.03114960694127947,-3.114960694127947
long,train,2023-01-30 08:00:00+00:00,2023-01-30 08:00:00+00:00,25.373,24.598498323465222,sl,1,-0.030524639440932453,-0.03152463944093245,-3.152463944093245
long,train,2023-01-30 16:00:00+00:00,2023-01-30 16:00:00+00:00,24.373,23.522684778906235,sl,1,-0.034887589590685004,-0.035887589590685005,-3.5887589590685005
long,train,2023-01-31 00:00:00+00:00,2023-02-01 12:00:00+00:00,23.959,23.069570038954865,sl,10,-0.03712300016883571,-0.03812300016883571,-3.8123000168835715
long,train,2023-02-01 20:00:00+00:00,2023-02-02 00:00:00+00:00,24.24,25.487028453349854,tp,2,0.051445068207502304,0.0504450682075023,5.044506820750231
long,train,2023-02-02 08:00:00+00:00,2023-02-02 16:00:00+00:00,24.857,26.11487245335628,tp,3,0.05060435504510928,0.04960435504510928,4.960435504510928
long,train,2023-02-03 00:00:00+00:00,2023-02-05 12:00:00+00:00,24.323,23.4688877006055,sl,16,-0.03511541748117013,-0.03611541748117013,-3.6115417481170127
long,train,2023-02-07 00:00:00+00:00,2023-02-07 16:00:00+00:00,22.65,23.529007929980903,tp,5,0.03880829712939975,0.03780829712939975,3.7808297129399753
long,train,2023-02-09 04:00:00+00:00,2023-02-09 16:00:00+00:00,22.357,21.727951131403884,sl,4,-0.02813655090558282,-0.02913655090558282,-2.913655090558282
long,train,2023-02-11 20:00:00+00:00,2023-02-12 12:00:00+00:00,20.379,21.238332827098805,tp,5,0.04216756597962627,0.04116756597962627,4.1167565979626275
long,train,2023-02-13 16:00:00+00:00,2023-02-14 08:00:00+00:00,20.372,21.353248346483802,tp,5,0.04816652005123711,0.04716652005123711,4.716652005123711
long,train,2023-02-14 16:00:00+00:00,2023-02-15 16:00:00+00:00,21.901,22.95098908585378,tp,7,0.04794251796053975,0.04694251796053975,4.694251796053975
long,train,2023-02-17 00:00:00+00:00,2023-02-17 16:00:00+00:00,22.247,23.31157640881684,tp,5,0.04785258276697265,0.04685258276697265,4.685258276697265
long,train,2023-02-18 00:00:00+00:00,2023-02-19 12:00:00+00:00,23.137,24.156228739428936,tp,10,0.04405189693689484,0.04305189693689484,4.305189693689484
long,train,2023-02-19 20:00:00+00:00,2023-02-20 00:00:00+00:00,24.632,25.675252559743114,tp,2,0.04235354659561193,0.041353546595611926,4.135354659561193
long,train,2023-02-20 08:00:00+00:00,2023-02-20 16:00:00+00:00,26.479,25.584489705112823,sl,3,-0.03378187601069438,-0.03478187601069438,-3.478187601069438
long,train,2023-02-21 16:00:00+00:00,2023-02-22 00:00:00+00:00,25.05,24.2088328767101,sl,3,-0.033579525879836314,-0.034579525879836315,-3.4579525879836313
long,train,2023-02-22 08:00:00+00:00,2023-02-24 12:00:00+00:00,23.818,22.920570850471606,sl,14,-0.03767861069478527,-0.03867861069478527,-3.8678610694785274
long,train,2023-02-24 20:00:00+00:00,2023-02-25 12:00:00+00:00,23.045,22.320800549665847,sl,5,-0.0314254480509505,-0.0324254480509505,-3.2425448050950503
long,train,2023-02-25 20:00:00+00:00,2023-02-26 08:00:00+00:00,21.901,22.935106546671925,tp,4,0.04721732097492923,0.04621732097492923,4.621732097492923
long,train,2023-02-26 20:00:00+00:00,2023-02-27 08:00:00+00:00,23.375,22.732443371947934,sl,4,-0.02748905360650551,-0.02848905360650551,-2.848905360650551
long,train,2023-03-03 04:00:00+00:00,2023-03-04 20:00:00+00:00,20.853,20.29989038476282,sl,11,-0.026524222665188845,-0.027524222665188846,-2.7524222665188844
long,train,2023-03-25 00:00:00+00:00,2023-03-27 12:00:00+00:00,20.672,19.91406016578977,sl,16,-0.03666504615955061,-0.03766504615955061,-3.766504615955061
long,train,2023-03-27 20:00:00+00:00,2023-03-28 16:00:00+00:00,19.679,20.50353452524305,tp,6,0.041899208559533135,0.040899208559533134,4.089920855953314
long,train,2023-03-29 00:00:00+00:00,2023-03-29 04:00:00+00:00,20.465,21.279102925568253,tp,2,0.039780255341717724,0.03878025534171772,3.878025534171772
long,train,2023-03-30 04:00:00+00:00,2023-03-30 12:00:00+00:00,21.054,20.50983668574841,sl,3,-0.025846077431917337,-0.026846077431917338,-2.6846077431917337
long,train,2023-03-30 20:00:00+00:00,2023-03-31 20:00:00+00:00,20.498,21.254721395447454,tp,7,0.03691684044528506,0.03591684044528506,3.5916840445285056
long,train,2023-04-01 04:00:00+00:00,2023-04-02 12:00:00+00:00,21.035,20.55059266264881,sl,9,-0.023028635005999033,-0.024028635005999034,-2.4028635005999033
long,train,2023-04-02 20:00:00+00:00,2023-04-03 20:00:00+00:00,20.357,20.971492407395637,tp,7,0.030185803772443755,0.029185803772443755,2.9185803772443752
long,train,2023-04-04 04:00:00+00:00,2023-04-04 12:00:00+00:00,20.408,21.0971926528051,tp,3,0.03377071015313099,0.03277071015313099,3.2770710153130986
long,train,2023-04-04 20:00:00+00:00,2023-04-06 08:00:00+00:00,20.945,20.495796476177176,sl,10,-0.02144681421928021,-0.02244681421928021,-2.244681421928021
long,train,2023-04-09 00:00:00+00:00,2023-04-10 16:00:00+00:00,20.044,20.51190419500832,tp,11,0.023343853273214907,0.022343853273214906,2.2343853273214904
long,train,2023-04-11 00:00:00+00:00,2023-04-11 04:00:00+00:00,20.9,21.357235076300327,tp,2,0.021877276378006152,0.02087727637800615,2.087727637800615
long,train,2023-04-11 12:00:00+00:00,2023-04-11 12:00:00+00:00,22.221,22.82024998638186,tp,1,0.02696773261247739,0.02596773261247739,2.5967732612477388
long,train,2023-04-11 20:00:00+00:00,2023-04-11 20:00:00+00:00,23.432,22.95223215068526,sl,1,-0.02047489968055395,-0.021474899680553952,-2.147489968055395
long,train,2023-04-12 04:00:00+00:00,2023-04-12 04:00:00+00:00,22.561,23.38012831531269,tp,1,0.03630726986005447,0.03530726986005447,3.5307269860054467
long,train,2023-04-12 12:00:00+00:00,2023-04-12 12:00:00+00:00,23.49,24.418717782080837,tp,1,0.039536729760784935,0.038536729760784934,3.8536729760784936
long,train,2023-04-12 20:00:00+00:00,2023-04-13 12:00:00+00:00,23.889,24.900968393732967,tp,5,0.042361270615470195,0.041361270615470194,4.136127061547019
long,train,2023-04-13 20:00:00+00:00,2023-04-14 12:00:00+00:00,24.739,24.08629378613451,sl,5,-0.026383694323355394,-0.027383694323355395,-2.7383694323355394
long,train,2023-04-14 20:00:00+00:00,2023-04-15 20:00:00+00:00,24.527,23.808721339742334,sl,7,-0.029285222826177962,-0.030285222826177963,-3.0285222826177964
long,train,2023-04-16 04:00:00+00:00,2023-04-16 20:00:00+00:00,24.328,25.256469384091872,tp,5,0.03816464091137261,0.03716464091137261,3.7164640911372606
long,train,2023-04-17 08:00:00+00:00,2023-04-17 12:00:00+00:00,25.127,24.455951112622355,sl,2,-0.026706287554329772,-0.027706287554329773,-2.7706287554329774
long,train,2023-04-17 20:00:00+00:00,2023-04-18 00:00:00+00:00,24.73,24.030546134996836,sl,2,-0.02828361767097308,-0.02928361767097308,-2.928361767097308
long,train,2023-04-18 08:00:00+00:00,2023-04-19 04:00:00+00:00,25.087,24.40338806799856,sl,6,-0.027249648503266253,-0.028249648503266254,-2.8249648503266256
long,train,2023-04-21 20:00:00+00:00,2023-04-25 20:00:00+00:00,21.202,21.935,timeout,25,0.03457221016885185,0.03357221016885185,3.357221016885185
long,train,2023-04-26 04:00:00+00:00,2023-04-26 08:00:00+00:00,21.817,22.595273442643673,tp,2,0.035672798397748236,0.034672798397748235,3.4672798397748235
long,train,2023-04-28 00:00:00+00:00,2023-04-28 16:00:00+00:00,22.334,23.300051623142686,tp,5,0.04325475164066831,0.04225475164066831,4.225475164066831
long,train,2023-04-29 00:00:00+00:00,2023-04-30 20:00:00+00:00,23.347,22.725483922687957,sl,12,-0.026620811124000707,-0.027620811124000708,-2.762081112400071
long,train,2023-05-01 04:00:00+00:00,2023-05-01 16:00:00+00:00,22.185,21.62006768626466,sl,4,-0.025464607335376924,-0.026464607335376925,-2.6464607335376926
long,train,2023-05-02 00:00:00+00:00,2023-05-03 08:00:00+00:00,21.951,21.43183619815454,sl,9,-0.02365103192772365,-0.02465103192772365,-2.4651031927723652
long,train,2023-05-03 16:00:00+00:00,2023-05-03 20:00:00+00:00,21.33,21.975039859681733,tp,2,0.030240968573920977,0.029240968573920976,2.924096857392098
long,train,2023-05-04 04:00:00+00:00,2023-05-04 12:00:00+00:00,22.233,21.77686647917377,sl,3,-0.020516058148978156,-0.021516058148978157,-2.151605814897816
long,train,2023-05-04 20:00:00+00:00,2023-05-05 12:00:00+00:00,21.754,22.40864150959176,tp,5,0.03009292587991904,0.02909292587991904,2.909292587991904
long,train,2023-05-05 20:00:00+00:00,2023-05-06 12:00:00+00:00,22.881,22.423215310720245,sl,5,-0.02000719764344894,-0.02100719764344894,-2.1007197643448943
long,train,2023-05-06 20:00:00+00:00,2023-05-07 16:00:00+00:00,21.971,22.68260381754156,tp,6,0.032388321766945435,0.031388321766945435,3.1388321766945433
long,train,2023-05-09 04:00:00+00:00,2023-05-10 16:00:00+00:00,20.632,20.12438306295463,sl,10,-0.024603380042912456,-0.025603380042912457,-2.560338004291246
long,train,2023-05-11 00:00:00+00:00,2023-05-11 08:00:00+00:00,20.927,20.41890209244807,sl,3,-0.024279538756244473,-0.025279538756244474,-2.5279538756244473
long,train,2023-05-11 16:00:00+00:00,2023-05-12 20:00:00+00:00,20.166,20.9102833716781,tp,8,0.03690783356531295,0.03590783356531295,3.5907833565312948
long,train,2023-05-13 16:00:00+00:00,2023-05-17 12:00:00+00:00,20.862,20.41892470873724,sl,24,-0.021238389956032895,-0.022238389956032896,-2.22383899560329
long,train,2023-05-17 20:00:00+00:00,2023-05-18 12:00:00+00:00,21.044,20.670514565699655,sl,5,-0.01774783474151043,-0.01874783474151043,-1.8747834741510432
long,train,2023-05-18 20:00:00+00:00,2023-05-21 12:00:00+00:00,20.337,19.979611409036384,sl,17,-0.01757331912099209,-0.01857331912099209,-1.857331912099209
long,train,2023-05-22 00:00:00+00:00,2023-05-22 00:00:00+00:00,19.612,19.350861104576644,sl,1,-0.01331526083129482,-0.014315260831294821,-1.431526083129482
long,train,2023-05-22 08:00:00+00:00,2023-05-23 00:00:00+00:00,19.696,19.425502687109457,sl,5,-0.013733616617107246,-0.014733616617107245,-1.4733616617107246
long,train,2023-05-23 08:00:00+00:00,2023-05-24 00:00:00+00:00,19.846,19.535551136971005,sl,5,-0.01564289343086743,-0.01664289343086743,-1.6642893430867431
long,train,2023-05-24 08:00:00+00:00,2023-05-24 12:00:00+00:00,19.421,19.117216621966065,sl,2,-0.015642004944850116,-0.016642004944850117,-1.6642004944850117
long,train,2023-05-24 20:00:00+00:00,2023-05-25 00:00:00+00:00,19.184,18.854923075240322,sl,2,-0.01715371792950788,-0.01815371792950788,-1.815371792950788
long,train,2023-05-25 08:00:00+00:00,2023-05-27 20:00:00+00:00,19.277,19.77804428044662,tp,16,0.02599181825214594,0.02499181825214594,2.4991818252145936
long,train,2023-05-28 04:00:00+00:00,2023-05-28 16:00:00+00:00,20.493,20.938036595071637,tp,4,0.021716517594868406,0.020716517594868405,2.0716517594868407
long,train,2023-05-29 00:00:00+00:00,2023-05-29 12:00:00+00:00,20.824,20.512752071317095,sl,4,-0.014946596652079638,-0.015946596652079637,-1.5946596652079637
long,train,2023-05-29 20:00:00+00:00,2023-05-30 00:00:00+00:00,20.507,20.960625635480557,tp,2,0.02212052642905134,0.02112052642905134,2.112052642905134
long,train,2023-05-30 08:00:00+00:00,2023-05-30 08:00:00+00:00,20.743,21.22683000041938,tp,1,0.023324977120926637,0.022324977120926636,2.2324977120926635
long,train,2023-05-30 16:00:00+00:00,2023-05-31 04:00:00+00:00,20.941,20.585079013364368,sl,4,-0.01699637011774181,-0.01799637011774181,-1.7996370117741811
long,train,2023-05-31 12:00:00+00:00,2023-06-02 08:00:00+00:00,20.614,21.182526612490992,tp,12,0.027579635805326068,0.026579635805326067,2.6579635805326065
long,train,2023-06-02 16:00:00+00:00,2023-06-04 04:00:00+00:00,21.193,21.718783188130836,tp,10,0.024809285524976837,0.023809285524976836,2.3809285524976835
long,train,2023-06-04 12:00:00+00:00,2023-06-04 16:00:00+00:00,21.7,22.164697325413336,tp,2,0.021414623290937164,0.020414623290937163,2.0414623290937164
long,train,2023-06-18 16:00:00+00:00,2023-06-18 20:00:00+00:00,15.717,15.3417816306554,sl,2,-0.023873409005828173,-0.024873409005828174,-2.4873409005828173
long,train,2023-06-19 04:00:00+00:00,2023-06-19 20:00:00+00:00,15.485,16.031105370326216,tp,5,0.03526673363424066,0.03426673363424066,3.426673363424066
long,train,2023-06-20 04:00:00+00:00,2023-06-20 20:00:00+00:00,16.028,16.539259517510626,tp,5,0.0318978985220007,0.0308978985220007,3.08978985220007
long,train,2023-06-21 04:00:00+00:00,2023-06-21 20:00:00+00:00,16.755,17.313937715744498,tp,5,0.03335945781823328,0.03235945781823328,3.235945781823328
long,train,2023-06-23 04:00:00+00:00,2023-06-23 12:00:00+00:00,16.788,16.376150991467764,sl,3,-0.02453234504004267,-0.025532345040042672,-2.553234504004267
long,train,2023-06-23 20:00:00+00:00,2023-06-24 12:00:00+00:00,17.129,16.70445055360555,sl,5,-0.024785419253572947,-0.025785419253572948,-2.5785419253572948
long,train,2023-06-27 12:00:00+00:00,2023-06-28 00:00:00+00:00,16.698,16.279205430780515,sl,4,-0.025080522770360873,-0.026080522770360874,-2.608052277036087
long,train,2023-07-03 12:00:00+00:00,2023-07-03 20:00:00+00:00,19.467,18.90415365790978,sl,3,-0.02891284440798366,-0.02991284440798366,-2.991284440798366
long,train,2023-07-04 04:00:00+00:00,2023-07-05 08:00:00+00:00,19.294,18.77336004851003,sl,8,-0.026984552269616057,-0.027984552269616058,-2.7984552269616056
long,train,2023-07-05 16:00:00+00:00,2023-07-06 00:00:00+00:00,18.581,19.325981969714835,tp,3,0.040093750051925926,0.039093750051925925,3.9093750051925924
long,train,2023-07-06 08:00:00+00:00,2023-07-06 08:00:00+00:00,19.594,20.347781446194958,tp,1,0.03847001358553417,0.037470013585534166,3.7470013585534168
long,train,2023-07-06 16:00:00+00:00,2023-07-06 16:00:00+00:00,19.7,20.546903389831364,tp,1,0.042990019788394146,0.041990019788394145,4.199001978839415
long,train,2023-07-09 12:00:00+00:00,2023-07-10 00:00:00+00:00,21.611,20.903704411126736,sl,4,-0.0327284988604537,-0.033728498860453704,-3.3728498860453704
long,train,2023-07-10 08:00:00+00:00,2023-07-10 20:00:00+00:00,20.733,21.719005001858008,tp,4,0.04755727593006355,0.04655727593006355,4.655727593006355
long,train,2023-07-11 04:00:00+00:00,2023-07-12 12:00:00+00:00,21.746,22.71381494532573,tp,9,0.04450542377107198,0.04350542377107198,4.350542377107198
long,train,2023-07-12 20:00:00+00:00,2023-07-13 12:00:00+00:00,21.846,22.678914407712995,tp,5,0.03812663223075138,0.037126632230751376,3.7126632230751375
long,train,2023-07-20 00:00:00+00:00,2023-07-20 16:00:00+00:00,26.312,25.34648564423744,sl,5,-0.03669482957443605,-0.03769482957443605,-3.7694829574436053
long,train,2023-07-21 00:00:00+00:00,2023-07-22 20:00:00+00:00,25.38,24.475856485177314,sl,12,-0.035624251963068766,-0.03662425196306877,-3.662425196306877
long,train,2023-07-23 04:00:00+00:00,2023-07-24 08:00:00+00:00,24.713,24.018160190829224,sl,8,-0.028116368274623743,-0.029116368274623744,-2.9116368274623743
long,train,2023-07-24 16:00:00+00:00,2023-07-26 12:00:00+00:00,23.21,24.239666925446855,tp,12,0.04436307304811952,0.04336307304811952,4.336307304811951
long,train,2023-07-26 20:00:00+00:00,2023-07-27 00:00:00+00:00,25.375,24.741367671755174,sl,2,-0.02497073214757933,-0.02597073214757933,-2.597073214757933
long,train,2023-07-27 08:00:00+00:00,2023-07-30 16:00:00+00:00,25.01,24.38480604039582,sl,21,-0.024997759280455105,-0.025997759280455106,-2.5997759280455104
long,train,2023-07-31 00:00:00+00:00,2023-07-31 16:00:00+00:00,24.247,23.743515843698454,sl,5,-0.020764802091044095,-0.021764802091044096,-2.1764802091044095
long,train,2023-08-01 12:00:00+00:00,2023-08-01 12:00:00+00:00,23.343,22.81694751281939,sl,1,-0.022535770345740072,-0.023535770345740073,-2.3535770345740072
long,train,2023-08-02 00:00:00+00:00,2023-08-02 08:00:00+00:00,24.061,23.51621781547529,sl,3,-0.022641710008923562,-0.023641710008923563,-2.364171000892356
long,train,2023-08-02 16:00:00+00:00,2023-08-03 04:00:00+00:00,23.256,22.738470377649673,sl,4,-0.02225359573229822,-0.02325359573229822,-2.325359573229822
long,train,2023-08-03 12:00:00+00:00,2023-08-04 12:00:00+00:00,22.733,23.491055338004593,tp,7,0.033346031672220645,0.032346031672220645,3.2346031672220645
long,train,2023-08-04 20:00:00+00:00,2023-08-05 16:00:00+00:00,22.944,22.447065928789765,sl,6,-0.021658563075759838,-0.02265856307575984,-2.265856307575984
long,train,2023-08-06 00:00:00+00:00,2023-08-06 08:00:00+00:00,22.659,23.30558357214197,tp,3,0.028535397508361836,0.027535397508361835,2.7535397508361834
long,train,2023-08-06 16:00:00+00:00,2023-08-07 00:00:00+00:00,23.024,23.652980630569214,tp,3,0.027318477700191676,0.026318477700191675,2.6318477700191676
long,train,2023-08-07 08:00:00+00:00,2023-08-07 12:00:00+00:00,23.163,22.736525652684865,sl,2,-0.018411878742612596,-0.019411878742612597,-1.9411878742612596
long,train,2023-08-07 20:00:00+00:00,2023-08-08 12:00:00+00:00,22.969,23.626521578563057,tp,5,0.028626478234274725,0.027626478234274724,2.7626478234274723
long,train,2023-08-08 20:00:00+00:00,2023-08-08 20:00:00+00:00,24.584,24.12923075825634,sl,1,-0.018498586143168672,-0.019498586143168673,-1.9498586143168672
long,train,2023-08-09 04:00:00+00:00,2023-08-09 08:00:00+00:00,24.3,24.982071442765395,tp,2,0.0280687836528969,0.0270687836528969,2.7068783652896897
long,train,2023-08-09 16:00:00+00:00,2023-08-12 20:00:00+00:00,24.56,25.243676552389054,tp,20,0.027836993175450145,0.026836993175450144,2.6836993175450146
long,train,2023-08-13 04:00:00+00:00,2023-08-13 12:00:00+00:00,24.893,24.565011331855732,sl,3,-0.013175939747891708,-0.014175939747891709,-1.4175939747891708
long,train,2023-08-14 04:00:00+00:00,2023-08-14 12:00:00+00:00,24.394,24.87843628477839,tp,3,0.01985882941618404,0.01885882941618404,1.885882941618404
long,train,2023-08-14 20:00:00+00:00,2023-08-15 00:00:00+00:00,24.821,25.347654225571524,tp,2,0.021218090551207564,0.020218090551207563,2.021809055120756
long,train,2023-08-15 08:00:00+00:00,2023-08-15 16:00:00+00:00,24.877,24.507283932560583,sl,3,-0.014861762569418187,-0.015861762569418188,-1.5861762569418187
long,train,2023-08-16 16:00:00+00:00,2023-08-16 20:00:00+00:00,23.084,22.657334170015936,sl,2,-0.018483184456076225,-0.019483184456076226,-1.9483184456076226
long,train,2023-08-19 20:00:00+00:00,2023-08-21 04:00:00+00:00,21.881,21.29316444453371,sl,9,-0.02686511381866879,-0.02786511381866879,-2.786511381866879
long,train,2023-08-21 16:00:00+00:00,2023-08-22 16:00:00+00:00,20.721,20.22035705734021,sl,7,-0.024161138104328513,-0.025161138104328514,-2.5161138104328513
long,train,2023-08-23 00:00:00+00:00,2023-08-23 16:00:00+00:00,20.584,21.39877774834756,tp,5,0.03958306200677999,0.03858306200677999,3.858306200677999
long,train,2023-08-24 16:00:00+00:00,2023-08-25 00:00:00+00:00,21.043,20.538773330177047,sl,3,-0.02396172930774851,-0.02496172930774851,-2.496172930774851
long,train,2023-08-25 12:00:00+00:00,2023-08-25 16:00:00+00:00,20.681,20.208006699368987,sl,2,-0.022870910528069922,-0.023870910528069923,-2.3870910528069924
long,train,2023-08-26 04:00:00+00:00,2023-08-29 12:00:00+00:00,20.403,21.06538883509432,tp,21,0.03246526663207972,0.03146526663207972,3.1465266632079723
long,train,2023-08-29 20:00:00+00:00,2023-08-30 12:00:00+00:00,21.581,21.12327368312797,sl,5,-0.02120968986015616,-0.02220968986015616,-2.220968986015616
long,train,2023-08-30 20:00:00+00:00,2023-08-31 12:00:00+00:00,20.687,20.238226553161475,sl,5,-0.021693500596438646,-0.022693500596438647,-2.2693500596438647
long,train,2023-08-31 20:00:00+00:00,2023-09-01 12:00:00+00:00,19.827,19.36845337027923,sl,5,-0.02312738335203367,-0.024127383352033672,-2.4127383352033673
long,train,2023-09-02 08:00:00+00:00,2023-09-02 16:00:00+00:00,19.582,19.186441688436904,sl,3,-0.020200097618378945,-0.021200097618378946,-2.1200097618378946
long,train,2023-09-03 04:00:00+00:00,2023-09-03 16:00:00+00:00,19.635,19.277808193432804,sl,4,-0.01819158678722675,-0.019191586787226753,-1.9191586787226753
long,train,2023-09-05 00:00:00+00:00,2023-09-05 00:00:00+00:00,19.528,19.20089318470478,sl,1,-0.016750656252315668,-0.01775065625231567,-1.7750656252315669
long,train,2023-09-05 08:00:00+00:00,2023-09-05 12:00:00+00:00,19.412,19.914094784068055,tp,2,0.025865175358956126,0.024865175358956125,2.4865175358956124
long,train,2023-09-06 08:00:00+00:00,2023-09-06 12:00:00+00:00,19.732,19.346762945588083,sl,2,-0.019523467180818814,-0.020523467180818815,-2.0523467180818815
long,train,2023-09-06 20:00:00+00:00,2023-09-08 00:00:00+00:00,19.481,20.10734282536971,tp,8,0.032151471966003174,0.031151471966003173,3.1151471966003172
long,train,2023-09-08 08:00:00+00:00,2023-09-08 08:00:00+00:00,19.904,19.54583633128229,sl,1,-0.01799455731097828,-0.01899455731097828,-1.899455731097828
long,train,2023-09-08 16:00:00+00:00,2023-09-10 04:00:00+00:00,19.521,19.162042550952584,sl,10,-0.018388271556140378,-0.01938827155614038,-1.938827155614038
long,train,2023-09-16 12:00:00+00:00,2023-09-17 20:00:00+00:00,19.148,18.719995436429734,sl,9,-0.02235244221695559,-0.02335244221695559,-2.335244221695559
long,train,2023-09-18 04:00:00+00:00,2023-09-18 12:00:00+00:00,19.22,19.759024683005915,tp,3,0.028044988709985237,0.027044988709985236,2.7044988709985236
long,train,2023-09-18 20:00:00+00:00,2023-09-19 08:00:00+00:00,19.784,20.39267866179019,tp,4,0.03076620813739335,0.02976620813739335,2.976620813739335
long,train,2023-09-20 04:00:00+00:00,2023-09-20 16:00:00+00:00,19.917,20.499844536989798,tp,4,0.02926367108449045,0.02826367108449045,2.826367108449045
long,train,2023-09-21 12:00:00+00:00,2023-09-22 20:00:00+00:00,19.593,19.191231619684316,sl,9,-0.020505710218735443,-0.021505710218735444,-2.1505710218735445
long,train,2023-09-23 04:00:00+00:00,2023-09-26 20:00:00+00:00,19.381,19.049235584153514,sl,23,-0.017118023623470712,-0.018118023623470713,-1.8118023623470714
long,train,2023-09-27 04:00:00+00:00,2023-09-27 08:00:00+00:00,19.032,19.40853517270238,tp,2,0.019784319709036314,0.018784319709036313,1.8784319709036312
long,train,2023-09-27 16:00:00+00:00,2023-09-28 00:00:00+00:00,18.94,19.389670107298517,tp,3,0.02374182192705998,0.02274182192705998,2.274182192705998
long,train,2023-09-28 08:00:00+00:00,2023-09-28 16:00:00+00:00,19.222,19.650835483510853,tp,3,0.022309618328522112,0.02130961832852211,2.1309618328522113
long,train,2023-09-29 00:00:00+00:00,2023-09-29 12:00:00+00:00,19.965,20.417282271567927,tp,4,0.02265375765429139,0.021653757654291388,2.165375765429139
long,train,2023-09-29 20:00:00+00:00,2023-09-30 12:00:00+00:00,20.24,20.71363005268874,tp,5,0.023400694302803386,0.022400694302803385,2.2400694302803386
long,train,2023-09-30 20:00:00+00:00,2023-10-01 08:00:00+00:00,21.395,21.956319128162544,tp,4,0.026235995707527212,0.02523599570752721,2.523599570752721
long,train,2023-10-08 12:00:00+00:00,2023-10-09 08:00:00+00:00,23.22,22.69070574691751,sl,6,-0.02279475680803145,-0.02379475680803145,-2.379475680803145
long,train,2023-10-09 16:00:00+00:00,2023-10-09 16:00:00+00:00,22.208,21.70697013961751,sl,1,-0.02256078261808753,-0.02356078261808753,-2.356078261808753
long,train,2023-10-10 00:00:00+00:00,2023-10-12 00:00:00+00:00,22.087,21.580979355078366,sl,13,-0.02291033843082509,-0.02391033843082509,-2.391033843082509
long,train,2023-10-12 12:00:00+00:00,2023-10-12 16:00:00+00:00,21.502,21.058418103629982,sl,2,-0.020629797059344084,-0.021629797059344084,-2.1629797059344082
long,train,2023-10-13 00:00:00+00:00,2023-10-13 20:00:00+00:00,21.276,21.9055000508336,tp,6,0.02958733083444251,0.02858733083444251,2.858733083444251
long,train,2023-10-14 04:00:00+00:00,2023-10-16 04:00:00+00:00,22.034,22.61093317705512,tp,13,0.026183769495103985,0.025183769495103984,2.5183769495103983
long,train,2023-10-16 12:00:00+00:00,2023-10-16 12:00:00+00:00,23.154,23.678339495118596,tp,1,0.02264574134571116,0.02164574134571116,2.164574134571116
long,train,2023-10-16 20:00:00+00:00,2023-10-19 00:00:00+00:00,23.859,23.347935800425027,sl,14,-0.021420185237225973,-0.022420185237225974,-2.2420185237225976
long,train,2023-10-19 08:00:00+00:00,2023-10-19 12:00:00+00:00,23.858,24.551307288106987,tp,2,0.02905974046889874,0.02805974046889874,2.8059740468898737
long,train,2023-10-19 20:00:00+00:00,2023-10-20 04:00:00+00:00,25.161,25.984341513108983,tp,3,0.03272292488808005,0.03172292488808005,3.172292488808005
long,train,2023-10-29 12:00:00+00:00,2023-10-30 08:00:00+00:00,32.25,33.617073627650235,tp,6,0.04238987992713908,0.04138987992713908,4.138987992713908
long,train,2023-10-30 16:00:00+00:00,2023-10-31 00:00:00+00:00,35.039,36.45512239263826,tp,3,0.0404156052580912,0.0394156052580912,3.94156052580912
long,train,2023-10-31 08:00:00+00:00,2023-10-31 20:00:00+00:00,35.704,37.15259705997869,tp,4,0.04057240253133229,0.03957240253133229,3.957240253133229
long,train,2023-11-01 04:00:00+00:00,2023-11-01 12:00:00+00:00,38.291,39.88426866259346,tp,3,0.04160948166915115,0.04060948166915115,4.060948166915114
long,train,2023-11-08 20:00:00+00:00,2023-11-09 08:00:00+00:00,43.1,45.24332567376902,tp,4,0.04972913396215824,0.048729133962158236,4.872913396215823
long,train,2023-11-20 12:00:00+00:00,2023-11-20 12:00:00+00:00,60.09,57.627773650380995,sl,1,-0.04097564236343832,-0.04197564236343832,-4.197564236343832
long,train,2023-11-20 20:00:00+00:00,2023-11-21 12:00:00+00:00,57.53,54.98588646384892,sl,5,-0.04422238025640675,-0.04522238025640675,-4.522238025640675
long,train,2023-11-22 16:00:00+00:00,2023-11-22 20:00:00+00:00,54.95,58.626041832221865,tp,2,0.06689794053179003,0.06589794053179003,6.589794053179003
long,train,2023-11-23 04:00:00+00:00,2023-11-27 04:00:00+00:00,57.64,55.94,timeout,25,-0.029493407356002824,-0.030493407356002825,-3.0493407356002824
long,train,2023-11-27 12:00:00+00:00,2023-11-28 16:00:00+00:00,55.01,57.37791949592106,tp,8,0.04304525533395864,0.04204525533395864,4.204525533395865
long,train,2023-11-29 00:00:00+00:00,2023-11-29 08:00:00+00:00,58.19,60.46546535165352,tp,3,0.039104061722865145,0.038104061722865144,3.8104061722865143
long,train,2023-11-29 16:00:00+00:00,2023-12-02 04:00:00+00:00,60.06,62.49487559632904,tp,16,0.04054071921959766,0.03954071921959766,3.954071921959766
long,train,2023-12-02 12:00:00+00:00,2023-12-03 00:00:00+00:00,62.15,64.420590537408,tp,4,0.03653403921814971,0.03553403921814971,3.553403921814971
long,train,2023-12-04 12:00:00+00:00,2023-12-04 12:00:00+00:00,62.11,60.371739314063106,sl,1,-0.027986808661035156,-0.028986808661035156,-2.8986808661035157
long,train,2023-12-05 08:00:00+00:00,2023-12-05 16:00:00+00:00,59.67,62.29816487790681,tp,3,0.044044995440033596,0.043044995440033595,4.3044995440033595
long,train,2023-12-06 00:00:00+00:00,2023-12-06 00:00:00+00:00,61.03,63.61574883064078,tp,1,0.04236848813109588,0.04136848813109588,4.136848813109588
long,train,2023-12-06 08:00:00+00:00,2023-12-06 08:00:00+00:00,63.37,66.16870689988924,tp,1,0.04416454000140835,0.04316454000140835,4.316454000140835
long,train,2023-12-06 16:00:00+00:00,2023-12-07 12:00:00+00:00,62.63,65.67324727592491,tp,6,0.048590887369070815,0.047590887369070814,4.759088736907081
long,train,2023-12-07 20:00:00+00:00,2023-12-07 20:00:00+00:00,64.75,68.04159959708367,tp,1,0.05083551501287528,0.04983551501287528,4.983551501287528
long,train,2023-12-08 04:00:00+00:00,2023-12-08 20:00:00+00:00,71.47,75.28461904034255,tp,5,0.05337370981310409,0.05237370981310409,5.237370981310409
long,train,2023-12-09 04:00:00+00:00,2023-12-09 20:00:00+00:00,74.17,71.57698051995973,sl,5,-0.03496048914709814,-0.03596048914709814,-3.596048914709814
long,train,2023-12-10 04:00:00+00:00,2023-12-11 00:00:00+00:00,73.02,70.35434258187573,sl,6,-0.036505853439116255,-0.037505853439116256,-3.7505853439116255
long,train,2023-12-11 12:00:00+00:00,2023-12-12 16:00:00+00:00,69.63,66.48915667468162,sl,8,-0.0451076163337408,-0.0461076163337408,-4.61076163337408
long,train,2023-12-13 00:00:00+00:00,2023-12-13 00:00:00+00:00,68.57,65.67832863310407,sl,1,-0.04217108599819047,-0.04317108599819047,-4.317108599819047
long,train,2023-12-13 12:00:00+00:00,2023-12-13 16:00:00+00:00,65.4,69.6618815559787,tp,2,0.0651663846479922,0.0641663846479922,6.416638464799219
long,train,2023-12-14 00:00:00+00:00,2023-12-14 20:00:00+00:00,70.63,74.97993760148877,tp,6,0.061587676645742266,0.060587676645742265,6.058767664574226
long,train,2023-12-15 04:00:00+00:00,2023-12-15 08:00:00+00:00,74.4,78.77666276012377,tp,2,0.05882611236725489,0.05782611236725489,5.782611236725489
long,train,2023-12-15 16:00:00+00:00,2023-12-15 20:00:00+00:00,76.04,73.01684327405445,sl,2,-0.03975745299770587,-0.04075745299770587,-4.0757452997705865
long,train,2023-12-16 04:00:00+00:00,2023-12-17 20:00:00+00:00,74.22,70.99426190710554,sl,11,-0.04346184442056669,-0.04446184442056669,-4.446184442056669
long,train,2023-12-18 12:00:00+00:00,2023-12-18 20:00:00+00:00,69.01,73.01074470064786,tp,3,0.05797340531296706,0.05697340531296706,5.697340531296706
long,train,2023-12-19 08:00:00+00:00,2023-12-19 12:00:00+00:00,75.73,73.07468861295685,sl,2,-0.03506287319481257,-0.03606287319481257,-3.606287319481257
long,train,2023-12-20 00:00:00+00:00,2023-12-20 08:00:00+00:00,73.03,76.93220371168287,tp,3,0.05343288664497977,0.05243288664497977,5.243288664497977
long,train,2023-12-20 16:00:00+00:00,2023-12-21 04:00:00+00:00,80.74,84.83997918079379,tp,4,0.05078002453299227,0.04978002453299227,4.978002453299227
long,train,2023-12-21 12:00:00+00:00,2023-12-21 16:00:00+00:00,87.07,91.68715015502184,tp,2,0.053028025209852385,0.052028025209852384,5.202802520985238
long,train,2023-12-22 00:00:00+00:00,2023-12-22 00:00:00+00:00,93.88,99.17137350239905,tp,1,0.0563631604431088,0.0553631604431088,5.5363160443108805
long,train,2023-12-22 08:00:00+00:00,2023-12-23 16:00:00+00:00,93.77,99.75187307094612,tp,9,0.06379303690888474,0.06279303690888474,6.279303690888474
long,train,2023-12-24 00:00:00+00:00,2023-12-24 00:00:00+00:00,107.89,114.48007992959593,tp,1,0.06108147121694254,0.06008147121694254,6.008147121694254
long,train,2023-12-31 08:00:00+00:00,2024-01-02 00:00:00+00:00,103.99,110.58292445756064,tp,11,0.06339960051505569,0.06239960051505569,6.2399600515055695
long,train,2024-01-02 12:00:00+00:00,2024-01-02 12:00:00+00:00,113.88,110.08763962770097,sl,1,-0.03330137313223595,-0.03430137313223595,-3.430137313223595
long,train,2024-01-02 20:00:00+00:00,2024-01-03 08:00:00+00:00,107.69,103.69148518919114,sl,4,-0.037129861740262386,-0.03812986174026239,-3.8129861740262387
long,train,2024-01-07 12:00:00+00:00,2024-01-07 20:00:00+00:00,94.57,90.49661986199568,sl,3,-0.04307264606116433,-0.04407264606116433,-4.407264606116433
long,train,2024-01-08 16:00:00+00:00,2024-01-09 04:00:00+00:00,94.72,100.93801138363202,tp,4,0.06564623504679072,0.06464623504679072,6.464623504679072
long,train,2024-01-09 12:00:00+00:00,2024-01-09 12:00:00+00:00,101.87,97.69814385912754,sl,1,-0.04095274507580705,-0.04195274507580705,-4.195274507580705
long,train,2024-01-09 20:00:00+00:00,2024-01-10 12:00:00+00:00,99.37,95.1020730213906,sl,5,-0.042949853865446405,-0.043949853865446406,-4.394985386544641
long,train,2024-01-10 20:00:00+00:00,2024-01-10 20:00:00+00:00,96.29,102.7667958546904,tp,1,0.06726343186925324,0.06626343186925324,6.6263431869253235
long,train,2024-01-12 12:00:00+00:00,2024-01-12 16:00:00+00:00,98.23,93.91087134117242,sl,2,-0.04396954758044976,-0.04496954758044976,-4.496954758044977
long,train,2024-01-13 16:00:00+00:00,2024-01-14 12:00:00+00:00,92.94,99.05866751797231,tp,6,0.06583459778321835,0.06483459778321835,6.483459778321834
long,train,2024-01-14 20:00:00+00:00,2024-01-17 08:00:00+00:00,96.12,101.97116945712985,tp,16,0.06087358985778029,0.05987358985778029,5.9873589857780285
long,train,2024-01-17 16:00:00+00:00,2024-01-18 16:00:00+00:00,99.42,96.03793501475445,sl,7,-0.0340179539855718,-0.0350179539855718,-3.50179539855718
long,train,2024-01-19 00:00:00+00:00,2024-01-19 12:00:00+00:00,94.4,91.03080197901048,sl,4,-0.03569065700200772,-0.03669065700200772,-3.6690657002007723
long,train,2024-01-20 04:00:00+00:00,2024-01-20 12:00:00+00:00,93.6,90.21047562002656,sl,3,-0.03621286730740852,-0.03721286730740852,-3.721286730740852
long,train,2024-01-24 00:00:00+00:00,2024-01-24 20:00:00+00:00,84.35,89.11414592418885,tp,6,0.05648068671237526,0.05548068671237526,5.548068671237526
long,train,2024-01-25 04:00:00+00:00,2024-01-25 16:00:00+00:00,88.32,85.33751478289761,sl,4,-0.0337690808095831,-0.0347690808095831,-3.47690808095831
long,train,2024-01-26 00:00:00+00:00,2024-01-26 08:00:00+00:00,86.89,91.12687144971291,tp,3,0.04876132408462317,0.04776132408462317,4.776132408462317
long,train,2024-01-27 08:00:00+00:00,2024-01-28 00:00:00+00:00,91.2,95.13153921253475,tp,5,0.04310898259358272,0.04210898259358272,4.210898259358272
long,train,2024-01-28 12:00:00+00:00,2024-01-28 16:00:00+00:00,98.41,95.9190446362615,sl,2,-0.02531201467064824,-0.02631201467064824,-2.631201467064824
long,train,2024-01-29 00:00:00+00:00,2024-01-29 12:00:00+00:00,95.98,99.82380954854234,tp,4,0.04004802613609438,0.03904802613609438,3.904802613609438
long,train,2024-01-31 00:00:00+00:00,2024-01-31 08:00:00+00:00,101.4,98.59758152280746,sl,3,-0.027637263088683885,-0.028637263088683886,-2.8637263088683884
long,train,2024-02-01 04:00:00+00:00,2024-02-02 00:00:00+00:00,93.61,98.50854041281889,tp,6,0.052329242739225394,0.05132924273922539,5.132924273922539
long,train,2024-02-02 08:00:00+00:00,2024-02-02 12:00:00+00:00,101.22,98.25024348348542,sl,2,-0.02933962177943666,-0.03033962177943666,-3.0339621779436663
long,train,2024-02-02 20:00:00+00:00,2024-02-04 04:00:00+00:00,99.48,96.35145223513757,sl,9,-0.031449012513695536,-0.03244901251369554,-3.2449012513695537
long,train,2024-02-05 16:00:00+00:00,2024-02-06 08:00:00+00:00,95.6,93.33550755088112,sl,5,-0.023687159509611675,-0.024687159509611676,-2.4687159509611676
long,train,2024-02-06 16:00:00+00:00,2024-02-07 20:00:00+00:00,95.76,99.00971857372866,tp,8,0.033936075331335185,0.032936075331335184,3.2936075331335184
long,train,2024-02-08 04:00:00+00:00,2024-02-08 12:00:00+00:00,101.75,104.90826186240255,tp,3,0.031039428623120927,0.030039428623120926,3.0039428623120927
long,train,2024-02-08 20:00:00+00:00,2024-02-09 00:00:00+00:00,102.34,105.69265194325487,tp,2,0.032759936908880884,0.03175993690888088,3.175993690888088
long,train,2024-02-09 08:00:00+00:00,2024-02-09 20:00:00+00:00,105.26,108.5563962534005,tp,4,0.03131670390842189,0.030316703908421887,3.0316703908421885
long,train,2024-02-10 04:00:00+00:00,2024-02-10 08:00:00+00:00,110.68,108.17648509659439,sl,2,-0.022619397392533575,-0.023619397392533575,-2.3619397392533577
long,train,2024-02-10 16:00:00+00:00,2024-02-12 00:00:00+00:00,108.52,106.10163912435053,sl,9,-0.022284932506906278,-0.02328493250690628,-2.3284932506906277
long,train,2024-02-12 08:00:00+00:00,2024-02-12 08:00:00+00:00,105.93,103.66579961500668,sl,1,-0.021374496223858494,-0.022374496223858495,-2.2374496223858493
long,train,2024-02-12 16:00:00+00:00,2024-02-13 00:00:00+00:00,108.83,112.6018867224276,tp,3,0.03465851991571805,0.03365851991571805,3.365851991571805
long,train,2024-02-13 08:00:00+00:00,2024-02-13 12:00:00+00:00,114.02,111.42840098432502,sl,2,-0.02272933709590399,-0.02372933709590399,-2.372933709590399
long,train,2024-02-13 20:00:00+00:00,2024-02-14 08:00:00+00:00,111.53,115.82948052338078,tp,4,0.03854999124343925,0.037549991243439246,3.7549991243439247
long,train,2024-02-14 16:00:00+00:00,2024-02-15 12:00:00+00:00,116.9,114.06015980820538,sl,6,-0.024292901555129354,-0.025292901555129355,-2.5292901555129355
long,train,2024-02-18 00:00:00+00:00,2024-02-18 08:00:00+00:00,108.93,112.86902836384304,tp,3,0.036161097620885305,0.035161097620885304,3.51610976208853
long,train,2024-02-18 16:00:00+00:00,2024-02-20 00:00:00+00:00,112.33,109.74079664549977,sl,9,-0.023049971997687418,-0.02404997199768742,-2.404997199768742
long,train,2024-02-20 16:00:00+00:00,2024-02-21 08:00:00+00:00,106.63,103.69709181254417,sl,5,-0.02750546926245731,-0.02850546926245731,-2.8505469262457312
long,train,2024-02-22 16:00:00+00:00,2024-02-22 20:00:00+00:00,105.41,102.42806821532135,sl,2,-0.028288888954355853,-0.029288888954355854,-2.9288888954355854
long,train,2024-02-23 04:00:00+00:00,2024-02-23 16:00:00+00:00,101.84,98.92916030213594,sl,4,-0.028582479358445233,-0.029582479358445234,-2.9582479358445233
long,train,2024-02-24 00:00:00+00:00,2024-02-24 16:00:00+00:00,99.9,104.07384581370219,tp,5,0.04178023837539726,0.04078023837539726,4.0780238375397255
long,train,2024-02-25 00:00:00+00:00,2024-02-26 08:00:00+00:00,104.02,101.65222071601843,sl,9,-0.022762731051543573,-0.023762731051543574,-2.3762731051543575
long,train,2024-02-26 16:00:00+00:00,2024-02-26 16:00:00+00:00,104.96,108.44806529043237,tp,1,0.03323232936768649,0.03223232936768649,3.2232329367686487
long,train,2024-02-27 00:00:00+00:00,2024-02-27 12:00:00+00:00,109.93,107.37230260515963,sl,4,-0.023266600517059716,-0.024266600517059717,-2.4266600517059715
long,train,2024-02-27 20:00:00+00:00,2024-02-28 08:00:00+00:00,108.41,112.57687621458638,tp,4,0.03843627169621235,0.03743627169621235,3.7436271696212353
long,train,2024-02-28 16:00:00+00:00,2024-02-28 16:00:00+00:00,113.08,110.19328143860889,sl,1,-0.025528108961718306,-0.026528108961718307,-2.6528108961718306
long,train,2024-03-12 00:00:00+00:00,2024-03-12 16:00:00+00:00,148.85,144.19911283352548,sl,5,-0.031245462992774732,-0.03224546299277473,-3.224546299277473
long,train,2024-03-13 12:00:00+00:00,2024-03-13 16:00:00+00:00,153.79,161.23529931961815,tp,2,0.04841211599985798,0.04741211599985798,4.741211599985798
long,train,2024-03-14 08:00:00+00:00,2024-03-14 16:00:00+00:00,168.33,162.86450713705727,sl,3,-0.03246891738218225,-0.03346891738218225,-3.346891738218225
long,train,2024-03-25 00:00:00+00:00,2024-03-25 12:00:00+00:00,183.87,193.40809230918757,tp,4,0.051874108387380005,0.050874108387380004,5.087410838738
long,train,2024-03-26 00:00:00+00:00,2024-03-27 12:00:00+00:00,188.98,182.89457641030228,sl,10,-0.03220141596834433,-0.03320141596834433,-3.3201415968344334
long,train,2024-03-27 20:00:00+00:00,2024-03-29 20:00:00+00:00,182.67,191.23316824174037,tp,13,0.04687780282334475,0.04587780282334475,4.587780282334474
long,train,2024-03-30 04:00:00+00:00,2024-03-31 16:00:00+00:00,192.75,200.21233558550736,tp,10,0.03871510031391627,0.03771510031391627,3.7715100313916268
long,train,2024-04-01 08:00:00+00:00,2024-04-01 12:00:00+00:00,198.0,193.18465983478154,sl,2,-0.024319899824335647,-0.025319899824335648,-2.531989982433565
long,train,2024-04-02 08:00:00+00:00,2024-04-02 08:00:00+00:00,183.15,177.73489308404422,sl,1,-0.029566513327631935,-0.030566513327631935,-3.0566513327631935
long,train,2024-04-02 16:00:00+00:00,2024-04-02 16:00:00+00:00,177.41,185.70762552650402,tp,1,0.04677090088779675,0.04577090088779675,4.577090088779675
long,train,2024-04-03 00:00:00+00:00,2024-04-03 04:00:00+00:00,181.53,190.29938119377132,tp,2,0.04830816500727882,0.047308165007278816,4.730816500727881
long,train,2024-04-03 12:00:00+00:00,2024-04-04 00:00:00+00:00,187.78,181.65654871654138,sl,4,-0.032609709678659185,-0.033609709678659186,-3.3609709678659185
long,train,2024-04-05 08:00:00+00:00,2024-04-05 08:00:00+00:00,175.11,169.35279882096916,sl,1,-0.03287762651493837,-0.03387762651493837,-3.387762651493837
long,train,2024-04-06 00:00:00+00:00,2024-04-08 08:00:00+00:00,174.39,183.10591926050213,tp,15,0.049979467059476736,0.048979467059476735,4.897946705947674
long,train,2024-04-08 20:00:00+00:00,2024-04-09 04:00:00+00:00,179.41,175.01165410523654,sl,3,-0.02451561169814086,-0.02551561169814086,-2.5515611698140863
long,train,2024-04-10 12:00:00+00:00,2024-04-10 12:00:00+00:00,170.23,165.95258481820792,sl,1,-0.02512727005693512,-0.02612727005693512,-2.612727005693512
long,train,2024-04-10 20:00:00+00:00,2024-04-12 12:00:00+00:00,171.35,166.66013690957726,sl,11,-0.027370079313818112,-0.028370079313818113,-2.8370079313818115
long,train,2024-04-12 20:00:00+00:00,2024-04-13 16:00:00+00:00,149.16,143.05953171832994,sl,6,-0.040898821947372356,-0.04189882194737236,-4.189882194737236
long,train,2024-04-20 08:00:00+00:00,2024-04-22 04:00:00+00:00,143.52,153.77107851686168,tp,12,0.07142613236386335,0.07042613236386334,7.042613236386335
long,train,2024-04-22 16:00:00+00:00,2024-04-24 16:00:00+00:00,153.45,148.4701352611533,sl,13,-0.03245268647016414,-0.03345268647016414,-3.3452686470164137
long,train,2024-04-25 00:00:00+00:00,2024-04-25 12:00:00+00:00,147.76,143.03357525100117,sl,4,-0.03198717345018154,-0.03298717345018154,-3.298717345018154
long,train,2024-04-25 20:00:00+00:00,2024-04-26 00:00:00+00:00,146.89,142.26573519528688,sl,2,-0.03148114102194232,-0.03248114102194232,-3.248114102194232
long,train,2024-04-27 08:00:00+00:00,2024-04-27 20:00:00+00:00,136.19,142.6340366187854,tp,4,0.0473165182376488,0.0463165182376488,4.63165182376488
long,train,2024-04-29 04:00:00+00:00,2024-04-30 08:00:00+00:00,134.93,131.1381110751552,sl,8,-0.028102637848105034,-0.029102637848105035,-2.9102637848105033
long,train,2024-04-30 20:00:00+00:00,2024-05-01 04:00:00+00:00,123.04,118.94670217649929,sl,3,-0.0332680252235104,-0.0342680252235104,-3.4268025223510397
long,train,2024-05-03 20:00:00+00:00,2024-05-06 08:00:00+00:00,142.74,150.2233407551362,tp,16,0.052426374913382354,0.05142637491338235,5.1426374913382356
long,train,2024-05-06 20:00:00+00:00,2024-05-07 20:00:00+00:00,153.51,149.60303470004928,sl,7,-0.02545088463260187,-0.02645088463260187,-2.645088463260187
long,train,2024-05-08 04:00:00+00:00,2024-05-08 08:00:00+00:00,149.5,145.4502785830316,sl,2,-0.027088437571694955,-0.028088437571694956,-2.8088437571694955
long,train,2024-05-08 16:00:00+00:00,2024-05-08 20:00:00+00:00,145.87,141.9015277138923,sl,2,-0.027205541140108983,-0.028205541140108984,-2.8205541140108985
long,train,2024-05-09 04:00:00+00:00,2024-05-09 16:00:00+00:00,144.1,150.1812993508994,tp,4,0.042201938590557944,0.04120193859055794,4.120193859055794
long,train,2024-05-10 00:00:00+00:00,2024-05-10 12:00:00+00:00,152.54,148.3304860885178,sl,4,-0.02759613158176341,-0.028596131581763412,-2.8596131581763413
long,train,2024-05-10 20:00:00+00:00,2024-05-12 20:00:00+00:00,147.15,142.8438904944072,sl,13,-0.02926340132920703,-0.030263401329207032,-3.026340132920703
long,train,2024-05-13 04:00:00+00:00,2024-05-13 08:00:00+00:00,140.14,145.49596129701172,tp,2,0.03821864775946719,0.03721864775946719,3.721864775946719
long,train,2024-05-13 16:00:00+00:00,2024-05-14 12:00:00+00:00,147.28,143.51803280623548,sl,6,-0.02554296030529956,-0.02654296030529956,-2.654296030529956
long,train,2024-05-14 20:00:00+00:00,2024-05-15 12:00:00+00:00,143.79,149.53014815238532,tp,5,0.03992035713460832,0.03892035713460832,3.892035713460832
long,train,2024-05-15 20:00:00+00:00,2024-05-16 00:00:00+00:00,154.89,160.81598773659715,tp,2,0.038259330728886085,0.037259330728886084,3.7259330728886084
long,train,2024-05-16 08:00:00+00:00,2024-05-16 12:00:00+00:00,162.8,158.79423225041205,sl,2,-0.02460545300729705,-0.025605453007297052,-2.5605453007297054
long,train,2024-05-16 20:00:00+00:00,2024-05-17 04:00:00+00:00,159.06,165.18046560450694,tp,3,0.0384789740004208,0.0374789740004208,3.74789740004208
long,train,2024-05-17 12:00:00+00:00,2024-05-18 00:00:00+00:00,167.47,173.69956081138906,tp,4,0.03719807017011443,0.03619807017011443,3.6198070170114427
long,train,2024-05-19 12:00:00+00:00,2024-05-19 12:00:00+00:00,171.78,168.09030117020276,sl,1,-0.021479210791694243,-0.022479210791694244,-2.2479210791694246
long,train,2024-05-19 20:00:00+00:00,2024-05-20 04:00:00+00:00,169.32,175.15047782323262,tp,3,0.0344346670401171,0.0334346670401171,3.3434667040117096
long,train,2024-05-20 12:00:00+00:00,2024-05-20 16:00:00+00:00,177.74,183.9267782202558,tp,2,0.034808024194080134,0.03380802419408013,3.3808024194080133
long,train,2024-05-21 04:00:00+00:00,2024-05-21 12:00:00+00:00,184.29,179.56052421302363,sl,3,-0.02566322528067918,-0.02666322528067918,-2.666322528067918
long,train,2024-05-21 20:00:00+00:00,2024-05-22 04:00:00+00:00,175.35,182.3797841245249,tp,3,0.040090014967350415,0.039090014967350414,3.9090014967350415
long,train,2024-05-22 12:00:00+00:00,2024-05-23 08:00:00+00:00,178.04,173.405468652288,sl,6,-0.02603084333695798,-0.02703084333695798,-2.703084333695798
long,train,2024-05-23 16:00:00+00:00,2024-05-23 20:00:00+00:00,172.7,167.80134805186876,sl,2,-0.028365095241060984,-0.029365095241060984,-2.9365095241060986
long,train,2024-05-26 16:00:00+00:00,2024-05-27 12:00:00+00:00,162.87,168.81313562347887,tp,6,0.0364900572449123,0.0354900572449123,3.54900572449123
long,train,2024-05-27 20:00:00+00:00,2024-05-30 04:00:00+00:00,168.68,164.84141571034283,sl,15,-0.022756605938209492,-0.023756605938209493,-2.375660593820949
long,train,2024-05-30 20:00:00+00:00,2024-05-31 16:00:00+00:00,168.38,164.40624480302353,sl,6,-0.023599923963513895,-0.024599923963513896,-2.4599923963513897
long,train,2024-06-01 08:00:00+00:00,2024-06-02 16:00:00+00:00,166.85,163.52947015635718,sl,9,-0.019901287645446908,-0.02090128764544691,-2.0901287645446907
long,train,2024-06-03 04:00:00+00:00,2024-06-04 12:00:00+00:00,163.6,167.57211520709637,tp,9,0.02427943280621259,0.02327943280621259,2.327943280621259
long,train,2024-06-04 20:00:00+00:00,2024-06-05 00:00:00+00:00,169.45,173.40540114950383,tp,2,0.023342585715572985,0.022342585715572984,2.2342585715572985
long,train,2024-06-05 08:00:00+00:00,2024-06-06 16:00:00+00:00,173.41,170.68873753025755,sl,9,-0.015692650191698528,-0.01669265019169853,-1.6692650191698528
long,train,2024-06-10 08:00:00+00:00,2024-06-10 12:00:00+00:00,157.64,161.7996898995507,tp,2,0.026387274166142654,0.025387274166142653,2.5387274166142655
long,train,2024-06-11 16:00:00+00:00,2024-06-12 08:00:00+00:00,147.59,152.81022271500836,tp,5,0.035369758892935574,0.03436975889293557,3.4369758892935574
long,train,2024-06-12 16:00:00+00:00,2024-06-12 16:00:00+00:00,158.84,154.95929781217092,sl,1,-0.024431517173439228,-0.02543151717343923,-2.543151717343923
long,train,2024-06-14 12:00:00+00:00,2024-06-14 12:00:00+00:00,148.11,144.474157440036,sl,1,-0.024548258456309525,-0.025548258456309526,-2.5548258456309525
long,train,2024-06-15 04:00:00+00:00,2024-06-16 20:00:00+00:00,144.93,150.52437913975163,tp,11,0.03860055985476867,0.03760055985476867,3.760055985476867
long,train,2024-06-26 12:00:00+00:00,2024-06-27 12:00:00+00:00,137.32,142.5096752295405,tp,7,0.03779256648369147,0.03679256648369147,3.679256648369147
long,train,2024-06-27 20:00:00+00:00,2024-06-28 04:00:00+00:00,148.46,144.60432469805997,sl,3,-0.025971139040415186,-0.026971139040415187,-2.697113904041519
long,train,2024-06-29 04:00:00+00:00,2024-06-30 00:00:00+00:00,141.77,138.1398107588735,sl,6,-0.02560618777686757,-0.02660618777686757,-2.660618777686757
long,train,2024-06-30 08:00:00+00:00,2024-06-30 16:00:00+00:00,140.64,145.4131083523233,tp,3,0.0339384837338119,0.0329384837338119,3.2938483733811896
long,train,2024-07-01 00:00:00+00:00,2024-07-02 12:00:00+00:00,146.62,151.3185885477589,tp,10,0.0320460274707332,0.0310460274707332,3.10460274707332
long,train,2024-07-11 00:00:00+00:00,2024-07-11 12:00:00+00:00,142.0,138.12944001593425,sl,4,-0.027257464676519367,-0.028257464676519368,-2.825746467651937
long,train,2024-07-12 04:00:00+00:00,2024-07-13 20:00:00+00:00,136.52,142.1911477690705,tp,11,0.04154078354138954,0.04054078354138954,4.054078354138954
long,train,2024-07-14 04:00:00+00:00,2024-07-15 00:00:00+00:00,143.96,148.59893064572353,tp,6,0.03222374719174437,0.031223747191744367,3.1223747191744367
long,train,2024-07-15 08:00:00+00:00,2024-07-15 20:00:00+00:00,153.22,157.80061257232282,tp,4,0.029895657044268508,0.028895657044268507,2.889565704426851
long,train,2024-07-16 04:00:00+00:00,2024-07-16 04:00:00+00:00,157.88,154.57461717486828,sl,1,-0.020936045256724826,-0.021936045256724827,-2.1936045256724825
long,train,2024-07-16 12:00:00+00:00,2024-07-17 00:00:00+00:00,157.31,162.6399721743413,tp,4,0.03388196665400352,0.03288196665400352,3.288196665400352
long,train,2024-07-17 08:00:00+00:00,2024-07-17 16:00:00+00:00,160.62,156.9721754966585,sl,3,-0.022710898414528054,-0.023710898414528055,-2.3710898414528057
long,train,2024-07-18 00:00:00+00:00,2024-07-18 12:00:00+00:00,155.53,160.96387673000584,tp,4,0.03493780447505841,0.03393780447505841,3.3937804475058413
long,train,2024-07-18 20:00:00+00:00,2024-07-19 04:00:00+00:00,156.98,162.32329157440734,tp,3,0.034038040351683944,0.033038040351683944,3.3038040351683944
long,train,2024-07-19 12:00:00+00:00,2024-07-19 12:00:00+00:00,162.65,168.48235515557707,tp,1,0.03585831635768252,0.034858316357682516,3.4858316357682515
long,train,2024-07-19 20:00:00+00:00,2024-07-21 12:00:00+00:00,170.43,176.61407153720674,tp,11,0.036285111407655536,0.035285111407655535,3.5285111407655534
long,train,2024-07-22 04:00:00+00:00,2024-07-23 04:00:00+00:00,180.94,176.72010795506876,sl,7,-0.023322051757108667,-0.024322051757108668,-2.432205175710867
long,train,2024-07-23 12:00:00+00:00,2024-07-23 16:00:00+00:00,175.63,171.20437033771856,sl,2,-0.02519859740523508,-0.026198597405235082,-2.6198597405235082
long,train,2024-07-24 00:00:00+00:00,2024-07-24 12:00:00+00:00,173.02,179.93216200876404,tp,4,0.03995007518647571,0.03895007518647571,3.895007518647571
long,train,2024-07-26 08:00:00+00:00,2024-07-27 04:00:00+00:00,176.76,184.35729732904463,tp,6,0.04298086291607058,0.04198086291607058,4.1980862916070585
long,train,2024-07-27 12:00:00+00:00,2024-07-27 16:00:00+00:00,185.39,180.97402415060841,sl,2,-0.023819924749941053,-0.024819924749941054,-2.4819924749941054
long,train,2024-07-28 00:00:00+00:00,2024-07-29 00:00:00+00:00,183.95,191.18253586431118,tp,7,0.039317944356135844,0.03831794435613584,3.8317944356135842
long,train,2024-07-30 20:00:00+00:00,2024-07-31 08:00:00+00:00,177.97,184.52080479423682,tp,4,0.03680847780095985,0.03580847780095985,3.580847780095985
long,train,2024-08-12 08:00:00+00:00,2024-08-15 04:00:00+00:00,145.94,141.1571613120504,sl,18,-0.03277263730265593,-0.03377263730265593,-3.377263730265593
long,train,2024-08-15 12:00:00+00:00,2024-08-15 16:00:00+00:00,143.15,139.13665097290448,sl,2,-0.028035969452291507,-0.029035969452291508,-2.903596945229151
long,train,2024-08-16 16:00:00+00:00,2024-08-18 08:00:00+00:00,137.89,144.6228075570418,tp,11,0.048827380934381104,0.0478273809343811,4.782738093438111
long,train,2024-08-19 20:00:00+00:00,2024-08-20 00:00:00+00:00,142.94,147.7824550114484,tp,2,0.03387753610919552,0.03287753610919552,3.2877536109195518
long,train,2024-08-20 16:00:00+00:00,2024-08-23 16:00:00+00:00,142.15,147.1811053310483,tp,19,0.03539293233238326,0.03439293233238326,3.439293233238326
long,train,2024-08-24 00:00:00+00:00,2024-08-24 08:00:00+00:00,153.25,157.78836450343562,tp,3,0.02961412400284252,0.02861412400284252,2.861412400284252
long,train,2024-08-24 16:00:00+00:00,2024-08-25 04:00:00+00:00,159.47,156.43495637958793,sl,4,-0.019032066347351027,-0.020032066347351028,-2.0032066347351027
long,train,2024-08-25 12:00:00+00:00,2024-08-25 20:00:00+00:00,157.26,161.922529547641,tp,3,0.029648540936290314,0.028648540936290313,2.8648540936290314
long,train,2024-08-26 04:00:00+00:00,2024-08-26 12:00:00+00:00,160.1,157.07106906132557,sl,3,-0.018918993995467964,-0.019918993995467964,-1.9918993995467964
long,train,2024-08-26 20:00:00+00:00,2024-08-27 08:00:00+00:00,158.03,154.7428512458486,sl,4,-0.02080078943334423,-0.02180078943334423,-2.180078943334423
long,train,2024-08-28 08:00:00+00:00,2024-08-29 16:00:00+00:00,143.97,140.2617163597607,sl,9,-0.025757335835516437,-0.026757335835516437,-2.6757335835516436
long,train,2024-08-30 12:00:00+00:00,2024-08-30 12:00:00+00:00,138.65,135.03879509980763,sl,1,-0.02604547349579788,-0.027045473495797882,-2.704547349579788
long,train,2024-08-30 20:00:00+00:00,2024-09-01 04:00:00+00:00,135.97,131.89391006054842,sl,9,-0.02997786231853775,-0.03097786231853775,-3.097786231853775
long,train,2024-09-01 16:00:00+00:00,2024-09-01 20:00:00+00:00,134.28,131.02439114765815,sl,2,-0.024244927407967312,-0.025244927407967313,-2.5244927407967315
long,train,2024-09-02 04:00:00+00:00,2024-09-03 00:00:00+00:00,130.19,135.5778330805002,tp,6,0.04138438497964668,0.04038438497964668,4.038438497964668
long,train,2024-09-04 04:00:00+00:00,2024-09-04 12:00:00+00:00,127.69,133.32100377948737,tp,3,0.04409901933970845,0.04309901933970845,4.3099019339708455
long,train,2024-09-04 20:00:00+00:00,2024-09-05 16:00:00+00:00,133.2,129.38298974479488,sl,6,-0.028656233147185475,-0.029656233147185476,-2.9656233147185476
long,train,2024-09-06 00:00:00+00:00,2024-09-06 16:00:00+00:00,129.39,125.89061601900727,sl,5,-0.027045242916707,-0.028045242916707,-2.8045242916707
long,train,2024-09-07 00:00:00+00:00,2024-09-08 08:00:00+00:00,125.03,130.88866453867374,tp,9,0.046858070372500484,0.04585807037250048,4.585807037250048
long,train,2024-09-08 16:00:00+00:00,2024-09-08 20:00:00+00:00,126.74,131.35509703077196,tp,2,0.03641389483014015,0.03541389483014015,3.541389483014015
long,train,2024-09-09 04:00:00+00:00,2024-09-09 16:00:00+00:00,128.6,133.20889693025,tp,4,0.03583901189930025,0.03483901189930025,3.483901189930025
long,train,2024-09-10 00:00:00+00:00,2024-09-11 04:00:00+00:00,135.06,131.84908521756398,sl,8,-0.023773987727202878,-0.02477398772720288,-2.4773987727202877
long,train,2024-09-11 12:00:00+00:00,2024-09-11 12:00:00+00:00,131.97,129.10126740607504,sl,1,-0.021737763081950145,-0.022737763081950146,-2.2737763081950146
long,train,2024-09-11 20:00:00+00:00,2024-09-13 16:00:00+00:00,132.7,137.18649853346926,tp,12,0.033809333334357754,0.03280933333435775,3.280933333435775
long,train,2024-09-14 00:00:00+00:00,2024-09-14 16:00:00+00:00,139.0,136.42466252407857,sl,5,-0.01852760774044194,-0.01952760774044194,-1.952760774044194
long,train,2024-09-15 00:00:00+00:00,2024-09-15 12:00:00+00:00,137.14,134.94531057998594,sl,4,-0.016003277089208425,-0.017003277089208426,-1.7003277089208426
long,train,2024-09-16 00:00:00+00:00,2024-09-16 00:00:00+00:00,131.39,129.2672362221618,sl,1,-0.016156205021981684,-0.017156205021981685,-1.7156205021981685
long,train,2024-09-16 08:00:00+00:00,2024-09-16 16:00:00+00:00,131.26,129.1844536813538,sl,3,-0.01581248147681083,-0.01681248147681083,-1.681248147681083
long,train,2024-09-17 00:00:00+00:00,2024-09-17 12:00:00+00:00,131.47,134.64916903400356,tp,4,0.024181707111915755,0.023181707111915754,2.3181707111915753
long,train,2024-09-17 20:00:00+00:00,2024-09-18 08:00:00+00:00,132.25,129.89133348066494,sl,4,-0.017834907518601586,-0.018834907518601587,-1.8834907518601587
long,train,2024-09-18 16:00:00+00:00,2024-09-18 16:00:00+00:00,127.67,131.18148450412255,tp,1,0.02750438242439531,0.02650438242439531,2.650438242439531
long,train,2024-09-19 00:00:00+00:00,2024-09-19 00:00:00+00:00,134.32,138.57477490406484,tp,1,0.031676406373323744,0.030676406373323743,3.0676406373323744
long,train,2024-09-19 08:00:00+00:00,2024-09-19 12:00:00+00:00,138.55,142.81819876932124,tp,2,0.03080619826287427,0.02980619826287427,2.980619826287427
long,train,2024-09-19 20:00:00+00:00,2024-09-20 04:00:00+00:00,143.02,147.0991299913261,tp,3,0.02852139554835746,0.02752139554835746,2.752139554835746
long,train,2024-09-20 12:00:00+00:00,2024-09-20 12:00:00+00:00,150.56,147.49810484030502,sl,1,-0.02033671067810165,-0.02133671067810165,-2.133671067810165
long,train,2024-09-20 20:00:00+00:00,2024-09-22 12:00:00+00:00,146.68,143.43581488781402,sl,11,-0.02211743327097074,-0.023117433270970742,-2.311743327097074
long,train,2024-09-22 20:00:00+00:00,2024-09-22 20:00:00+00:00,144.68,141.79145356343955,sl,1,-0.019965070753113493,-0.020965070753113494,-2.0965070753113495
long,train,2024-09-23 04:00:00+00:00,2024-09-23 08:00:00+00:00,147.76,144.46604924602696,sl,2,-0.022292574133547887,-0.023292574133547888,-2.3292574133547888
long,train,2024-09-23 16:00:00+00:00,2024-09-24 20:00:00+00:00,144.21,149.00703706622383,tp,8,0.03326424704405951,0.03226424704405951,3.226424704405951
long,train,2024-09-25 04:00:00+00:00,2024-09-25 20:00:00+00:00,152.01,148.69822101438615,sl,5,-0.021786586314149342,-0.022786586314149343,-2.278658631414934
long,train,2024-09-26 04:00:00+00:00,2024-09-26 12:00:00+00:00,149.23,154.02674198525082,tp,3,0.032143282083031785,0.031143282083031784,3.1143282083031782
long,train,2024-09-26 20:00:00+00:00,2024-09-27 12:00:00+00:00,155.51,160.56227282488413,tp,5,0.0324884111946765,0.0314884111946765,3.14884111946765
long,train,2024-09-27 20:00:00+00:00,2024-09-30 08:00:00+00:00,157.58,154.1774449995674,sl,16,-0.021592556164694843,-0.022592556164694844,-2.2592556164694844
long,train,2024-10-01 00:00:00+00:00,2024-10-01 04:00:00+00:00,152.5,156.98246013133323,tp,2,0.02939318118907034,0.02839318118907034,2.839318118907034
long,train,2024-10-01 16:00:00+00:00,2024-10-01 16:00:00+00:00,149.61,146.18381587860947,sl,1,-0.022900769476576086,-0.023900769476576086,-2.3900769476576085
long,train,2024-10-05 08:00:00+00:00,2024-10-07 00:00:00+00:00,143.81,149.01663037406402,tp,11,0.036204925763604894,0.03520492576360489,3.520492576360489
long,train,2024-10-10 08:00:00+00:00,2024-10-10 12:00:00+00:00,139.7,137.0627680560304,sl,2,-0.01887782350729847,-0.01987782350729847,-1.987782350729847
long,train,2024-10-10 20:00:00+00:00,2024-10-11 08:00:00+00:00,138.12,142.41317524466177,tp,4,0.03108293690024448,0.03008293690024448,3.008293690024448
long,train,2024-10-11 16:00:00+00:00,2024-10-13 20:00:00+00:00,144.39,148.4405030104945,tp,14,0.028052517560042314,0.027052517560042313,2.7052517560042313
long,train,2024-10-14 04:00:00+00:00,2024-10-14 12:00:00+00:00,152.48,156.21092854427812,tp,3,0.024468314167616273,0.023468314167616272,2.3468314167616273
long,train,2024-10-14 20:00:00+00:00,2024-10-15 08:00:00+00:00,155.65,153.02014351393296,sl,4,-0.016895962004927986,-0.017895962004927986,-1.7895962004927986
long,train,2024-10-15 16:00:00+00:00,2024-10-16 08:00:00+00:00,153.31,158.14341563675467,tp,5,0.031527073490018036,0.030527073490018035,3.0527073490018033
long,train,2024-10-17 00:00:00+00:00,2024-10-17 08:00:00+00:00,154.25,151.23281586224087,sl,3,-0.019560350974127266,-0.020560350974127267,-2.056035097412727
long,train,2024-10-17 20:00:00+00:00,2024-10-18 04:00:00+00:00,149.4,153.99829609703454,tp,3,0.030778420997553776,0.029778420997553776,2.9778420997553776
long,train,2024-10-18 12:00:00+00:00,2024-10-19 12:00:00+00:00,153.03,157.3125446383643,tp,7,0.02798500057743122,0.02698500057743122,2.698500057743122
long,train,2024-10-19 20:00:00+00:00,2024-10-20 00:00:00+00:00,156.35,160.13193944614304,tp,2,0.024188931539130425,0.023188931539130424,2.3188931539130424
long,train,2024-10-20 08:00:00+00:00,2024-10-20 20:00:00+00:00,158.8,162.63224889328583,tp,4,0.024132549705830113,0.023132549705830112,2.313254970583011
long,train,2024-10-21 04:00:00+00:00,2024-10-21 08:00:00+00:00,169.5,166.61478294220814,sl,2,-0.017021929544494767,-0.018021929544494768,-1.8021929544494768
long,train,2024-10-21 16:00:00+00:00,2024-10-22 12:00:00+00:00,165.27,170.0297841887584,tp,6,0.028800049547760647,0.027800049547760646,2.780004954776065
long,train,2024-10-23 08:00:00+00:00,2024-10-23 16:00:00+00:00,165.69,170.80962163048457,tp,3,0.030898796731755527,0.029898796731755526,2.989879673175553
long,train,2024-10-25 04:00:00+00:00,2024-10-25 08:00:00+00:00,174.71,171.0949107265409,sl,2,-0.020691942495902463,-0.021691942495902464,-2.1691942495902463
long,train,2024-10-27 12:00:00+00:00,2024-10-28 20:00:00+00:00,174.02,179.55533373719499,tp,9,0.031808606695753215,0.030808606695753214,3.0808606695753213
long,train,2024-11-03 00:00:00+00:00,2024-11-03 00:00:00+00:00,166.17,162.74752564264497,sl,1,-0.02059622288833733,-0.021596222888337333,-2.159622288833733
long,train,2024-11-03 12:00:00+00:00,2024-11-03 12:00:00+00:00,163.59,160.18741757904192,sl,1,-0.02079945241737321,-0.02179945241737321,-2.179945241737321
long,train,2024-11-23 00:00:00+00:00,2024-11-24 08:00:00+00:00,256.95,249.94013567346468,sl,9,-0.02728104427528822,-0.02828104427528822,-2.8281044275288223
long,train,2024-11-24 16:00:00+00:00,2024-11-24 20:00:00+00:00,244.16,254.1187427453719,tp,2,0.040787773367348845,0.039787773367348844,3.9787773367348844
long,train,2024-12-03 08:00:00+00:00,2024-12-03 12:00:00+00:00,226.93,221.3362059225428,sl,2,-0.024649865938647177,-0.025649865938647178,-2.5649865938647176
long,train,2024-12-03 20:00:00+00:00,2024-12-03 20:00:00+00:00,228.16,237.38572462910355,tp,1,0.04043532884424769,0.03943532884424769,3.9435328844247692
long,train,2024-12-04 04:00:00+00:00,2024-12-04 12:00:00+00:00,237.66,231.09468550231801,sl,3,-0.0276248190595051,-0.0286248190595051,-2.86248190595051
long,train,2024-12-04 20:00:00+00:00,2024-12-04 20:00:00+00:00,232.7,226.260611792787,sl,1,-0.027672489072681564,-0.028672489072681565,-2.8672489072681566
long,train,2024-12-07 12:00:00+00:00,2024-12-09 00:00:00+00:00,238.15,231.23910099111885,sl,10,-0.029019101443968756,-0.030019101443968757,-3.001910144396876
long,train,2024-12-11 20:00:00+00:00,2024-12-13 12:00:00+00:00,229.8,222.89217968789464,sl,11,-0.030060140609683948,-0.03106014060968395,-3.106014060968395
long,train,2024-12-13 20:00:00+00:00,2024-12-14 16:00:00+00:00,223.31,217.71003074604397,sl,6,-0.025077109193300938,-0.02607710919330094,-2.607710919330094
long,train,2024-12-15 12:00:00+00:00,2024-12-16 00:00:00+00:00,218.43,225.62488270496303,tp,4,0.032939077530389695,0.031939077530389694,3.1939077530389692
long,train,2024-12-16 12:00:00+00:00,2024-12-17 08:00:00+00:00,214.15,222.04459510310593,tp,6,0.036864791515787664,0.03586479151578766,3.586479151578766
long,train,2024-12-17 16:00:00+00:00,2024-12-17 16:00:00+00:00,220.48,228.8620816008579,tp,1,0.038017423806503546,0.037017423806503545,3.7017423806503547
long,train,2024-12-19 00:00:00+00:00,2024-12-19 00:00:00+00:00,206.53,200.55641268978502,sl,1,-0.028923581611460712,-0.029923581611460713,-2.9923581611460714
long,train,2024-12-28 00:00:00+00:00,2024-12-28 16:00:00+00:00,184.24,191.8959202647308,tp,5,0.04155406135872113,0.04055406135872113,4.055406135872113
long,train,2024-12-29 00:00:00+00:00,2024-12-29 20:00:00+00:00,195.51,190.9730986706144,sl,6,-0.02320546943576076,-0.02420546943576076,-2.4205469435760762
long,train,2024-12-30 04:00:00+00:00,2024-12-30 12:00:00+00:00,191.35,187.0654103461519,sl,3,-0.02239137524874882,-0.023391375248748823,-2.3391375248748822
long,train,2024-12-30 20:00:00+00:00,2024-12-30 20:00:00+00:00,196.18,191.2708115081332,sl,1,-0.025023898928875594,-0.026023898928875595,-2.6023898928875595
long,train,2024-12-31 04:00:00+00:00,2024-12-31 12:00:00+00:00,189.95,197.42606776881752,tp,3,0.03935808248916836,0.03835808248916836,3.835808248916836
long,train,2025-01-01 00:00:00+00:00,2025-01-02 00:00:00+00:00,189.32,196.8659256654362,tp,7,0.039858048095479694,0.03885804809547969,3.8858048095479694
long,train,2025-01-02 08:00:00+00:00,2025-01-03 08:00:00+00:00,205.94,213.07913132294814,tp,7,0.03466607421068343,0.033666074210683426,3.3666074210683425
long,train,2025-01-04 12:00:00+00:00,2025-01-05 12:00:00+00:00,216.48,212.45714550315847,sl,7,-0.01858303075037656,-0.01958303075037656,-1.958303075037656
long,train,2025-01-05 20:00:00+00:00,2025-01-06 12:00:00+00:00,212.79,218.18586562112975,tp,5,0.025357702998870992,0.02435770299887099,2.435770299887099
long,train,2025-01-06 20:00:00+00:00,2025-01-07 04:00:00+00:00,220.02,216.11670470594208,sl,3,-0.017740638551304092,-0.018740638551304093,-1.8740638551304094
long,train,2025-01-10 12:00:00+00:00,2025-01-10 12:00:00+00:00,191.97,187.1190223164312,sl,1,-0.025269457121262696,-0.026269457121262697,-2.6269457121262696
long,train,2025-01-10 20:00:00+00:00,2025-01-11 08:00:00+00:00,190.22,184.87711618100445,sl,4,-0.0280879182998399,-0.0290879182998399,-2.90879182998399
long,train,2025-01-11 16:00:00+00:00,2025-01-13 04:00:00+00:00,186.98,182.4188163380468,sl,10,-0.02439396546129629,-0.02539396546129629,-2.539396546129629
long,train,2025-01-13 12:00:00+00:00,2025-01-13 12:00:00+00:00,175.39,170.97915464180863,sl,1,-0.025148784755067863,-0.026148784755067864,-2.6148784755067864
long,train,2025-01-13 20:00:00+00:00,2025-01-14 04:00:00+00:00,177.59,185.06583825664035,tp,3,0.042096054150798715,0.041096054150798714,4.109605415079871
long,train,2025-01-14 12:00:00+00:00,2025-01-15 12:00:00+00:00,187.07,194.26825714410413,tp,7,0.0384789498268249,0.0374789498268249,3.7478949826824897
long,train,2025-01-15 20:00:00+00:00,2025-01-16 08:00:00+00:00,201.89,209.23004196890008,tp,4,0.03635663960027785,0.03535663960027785,3.535663960027785
long,train,2025-01-16 16:00:00+00:00,2025-01-17 08:00:00+00:00,209.05,217.72244429917376,tp,5,0.041485024152947844,0.04048502415294784,4.048502415294784
long,train,2025-01-17 16:00:00+00:00,2025-01-18 00:00:00+00:00,218.58,227.11572223444455,tp,3,0.03905079254480984,0.038050792544809836,3.8050792544809835
long,train,2025-01-29 16:00:00+00:00,2025-01-30 00:00:00+00:00,228.44,239.88261813836863,tp,3,0.05009025625270806,0.04909025625270806,4.909025625270806
long,train,2025-01-30 08:00:00+00:00,2025-01-31 16:00:00+00:00,238.92,230.53267082031886,sl,9,-0.03510517821731597,-0.03610517821731597,-3.610517821731597
long,train,2025-02-07 04:00:00+00:00,2025-02-09 00:00:00+00:00,193.3,204.29949810756438,tp,12,0.05690376672304378,0.05590376672304378,5.5903766723043775
long,train,2025-02-10 00:00:00+00:00,2025-02-12 00:00:00+00:00,200.48,194.66938245499352,sl,13,-0.028983527259609267,-0.029983527259609268,-2.9983527259609266
long,train,2025-02-12 16:00:00+00:00,2025-02-14 08:00:00+00:00,191.99,199.9626591440596,tp,11,0.04152642921016499,0.04052642921016499,4.052642921016499
long,train,2025-02-19 20:00:00+00:00,2025-02-21 08:00:00+00:00,168.69,176.93775431956593,tp,10,0.04889296531842983,0.04789296531842983,4.789296531842982
long,train,2025-02-21 16:00:00+00:00,2025-02-21 20:00:00+00:00,173.15,167.9839259857748,sl,2,-0.029835830287179996,-0.030835830287179997,-3.0835830287179995
long,train,2025-02-22 04:00:00+00:00,2025-02-24 00:00:00+00:00,170.34,165.22785181878544,sl,12,-0.030011437015466505,-0.031011437015466506,-3.1011437015466505
long,train,2025-02-28 00:00:00+00:00,2025-02-28 00:00:00+00:00,137.7,132.25480666495886,sl,1,-0.03954388769093047,-0.04054388769093047,-4.054388769093047
long,train,2025-03-01 16:00:00+00:00,2025-03-02 12:00:00+00:00,140.4,148.93555692391513,tp,6,0.06079456498515045,0.05979456498515045,5.979456498515045
long,train,2025-03-12 08:00:00+00:00,2025-03-12 12:00:00+00:00,123.19,130.80105804912785,tp,2,0.06178308344125212,0.06078308344125212,6.078308344125212
long,train,2025-03-12 20:00:00+00:00,2025-03-14 12:00:00+00:00,125.04,132.6475708942908,tp,11,0.06084109800296535,0.05984109800296535,5.984109800296535
long,train,2025-03-15 08:00:00+00:00,2025-03-16 12:00:00+00:00,132.92,128.93843168077683,sl,8,-0.029954621721510366,-0.030954621721510367,-3.095462172151037
long,train,2025-03-16 20:00:00+00:00,2025-03-18 04:00:00+00:00,126.93,123.28904443419034,sl,9,-0.028684751956272448,-0.02968475195627245,-2.968475195627245
long,train,2025-03-18 12:00:00+00:00,2025-03-19 08:00:00+00:00,123.55,128.53670354948284,tp,6,0.040361825572503764,0.03936182557250376,3.936182557250376
long,train,2025-03-19 16:00:00+00:00,2025-03-19 16:00:00+00:00,132.34,129.14614708925285,sl,1,-0.02413369284227863,-0.02513369284227863,-2.513369284227863
long,train,2025-03-20 20:00:00+00:00,2025-03-23 08:00:00+00:00,127.92,132.93571167659198,tp,16,0.03920975356935567,0.038209753569355666,3.8209753569355667
long,train,2025-03-23 16:00:00+00:00,2025-03-24 00:00:00+00:00,132.52,136.33174325989762,tp,3,0.028763531994397906,0.027763531994397905,2.7763531994397903
long,train,2025-03-24 08:00:00+00:00,2025-03-24 08:00:00+00:00,138.89,142.9860340547151,tp,1,0.029491209264274745,0.028491209264274744,2.8491209264274744
long,train,2025-03-24 20:00:00+00:00,2025-03-24 20:00:00+00:00,142.76,139.90430227934667,sl,1,-0.020003486415335704,-0.021003486415335705,-2.1003486415335706
long,train,2025-03-25 04:00:00+00:00,2025-03-25 08:00:00+00:00,138.57,143.10063455196743,tp,2,0.032695637958919235,0.031695637958919234,3.1695637958919236
long,train,2025-03-25 16:00:00+00:00,2025-03-26 00:00:00+00:00,145.28,142.0043989041126,sl,3,-0.02254681371067866,-0.02354681371067866,-2.354681371067866
long,train,2025-03-26 16:00:00+00:00,2025-03-26 20:00:00+00:00,139.33,135.99148846488828,sl,2,-0.023961182337699956,-0.024961182337699957,-2.496118233769996
long,train,2025-03-27 04:00:00+00:00,2025-03-27 12:00:00+00:00,139.91,136.57395778329428,sl,3,-0.02384420139164978,-0.024844201391649782,-2.4844201391649783
long,train,2025-03-30 20:00:00+00:00,2025-03-31 00:00:00+00:00,125.85,122.9389073553772,sl,2,-0.02313144731523876,-0.024131447315238762,-2.413144731523876
long,train,2025-03-31 08:00:00+00:00,2025-04-01 12:00:00+00:00,125.87,130.44343141776767,tp,8,0.03633456278515663,0.03533456278515663,3.5334562785156627
long,oof,2025-04-01 16:00:00+00:00,2025-04-01 16:00:00+00:00,129.26,126.06478829309299,sl,1,-0.024719261232453993,-0.025719261232453994,-2.571926123245399
long,oof,2025-04-02 16:00:00+00:00,2025-04-02 20:00:00+00:00,130.42,127.19887465790664,sl,2,-0.024698093406635063,-0.025698093406635064,-2.5698093406635065
long,oof,2025-04-03 04:00:00+00:00,2025-04-03 08:00:00+00:00,119.85,115.50433222427876,sl,2,-0.036259222158708714,-0.037259222158708714,-3.7259222158708716
long,oof,2025-04-05 16:00:00+00:00,2025-04-06 16:00:00+00:00,117.57,113.85883252431657,sl,7,-0.0315655990106611,-0.0325655990106611,-3.25655990106611
long,oof,2025-04-11 04:00:00+00:00,2025-04-11 20:00:00+00:00,115.41,122.30028904591616,tp,5,0.05970270380310339,0.05870270380310339,5.870270380310339
long,oof,2025-04-12 04:00:00+00:00,2025-04-12 12:00:00+00:00,120.2,126.33932865443894,tp,3,0.05107594554441715,0.05007594554441715,5.007594554441715
long,oof,2025-04-12 20:00:00+00:00,2025-04-13 20:00:00+00:00,130.71,126.57168209948233,sl,7,-0.03166030066955609,-0.032660300669556094,-3.2660300669556093
long,oof,2025-04-14 04:00:00+00:00,2025-04-15 16:00:00+00:00,131.74,127.3563692232066,sl,10,-0.03327486546829672,-0.03427486546829672,-3.4274865468296722
long,oof,2025-04-16 16:00:00+00:00,2025-04-17 04:00:00+00:00,128.4,134.01570576961612,tp,4,0.04373602624311614,0.04273602624311614,4.273602624311614
long,oof,2025-04-17 12:00:00+00:00,2025-04-19 00:00:00+00:00,133.11,139.1267984458077,tp,10,0.045201701193056075,0.044201701193056074,4.420170119305608
long,oof,2025-04-19 08:00:00+00:00,2025-04-21 16:00:00+00:00,138.76,135.51795301640385,sl,15,-0.023364420464082877,-0.024364420464082878,-2.436442046408288
long,oof,2025-04-22 04:00:00+00:00,2025-04-22 12:00:00+00:00,139.35,144.12615717316302,tp,3,0.03427454017339812,0.03327454017339812,3.327454017339812
long,oof,2025-04-22 20:00:00+00:00,2025-04-22 20:00:00+00:00,144.24,149.14580031816718,tp,1,0.03401137214480842,0.03301137214480842,3.3011372144808417
long,oof,2025-04-23 04:00:00+00:00,2025-04-24 08:00:00+00:00,149.23,145.79392770826445,sl,8,-0.023025345384544274,-0.024025345384544275,-2.4025345384544274
long,oof,2025-04-24 16:00:00+00:00,2025-04-25 04:00:00+00:00,149.37,154.47626323398913,tp,4,0.03418533329309182,0.03318533329309182,3.318533329309182
long,oof,2025-04-25 16:00:00+00:00,2025-04-26 08:00:00+00:00,152.95,149.4656399000604,sl,5,-0.022781040208823662,-0.023781040208823663,-2.3781040208823665
long,oof,2025-04-28 12:00:00+00:00,2025-04-28 12:00:00+00:00,151.67,148.6182956933855,sl,1,-0.020120685083500248,-0.02112068508350025,-2.112068508350025
long,oof,2025-04-30 16:00:00+00:00,2025-04-30 20:00:00+00:00,142.2,147.1948020271431,tp,2,0.03512519006429764,0.034125190064297636,3.4125190064297635
long,oof,2025-05-01 04:00:00+00:00,2025-05-01 12:00:00+00:00,148.7,153.62770227902092,tp,3,0.033138549287296135,0.032138549287296134,3.213854928729613
long,oof,2025-05-01 20:00:00+00:00,2025-05-03 08:00:00+00:00,150.26,147.08938732487997,sl,10,-0.021100843039531653,-0.022100843039531654,-2.2100843039531655
long,oof,2025-05-03 16:00:00+00:00,2025-05-03 16:00:00+00:00,148.45,145.9691898066875,sl,1,-0.016711419288059907,-0.01771141928805991,-1.7711419288059909
long,oof,2025-05-05 00:00:00+00:00,2025-05-05 20:00:00+00:00,143.94,147.39604760662178,tp,6,0.024010334907751705,0.023010334907751704,2.3010334907751706
long,oof,2025-05-06 04:00:00+00:00,2025-05-06 08:00:00+00:00,144.66,142.1010416826234,sl,2,-0.017689467146250568,-0.01868946714625057,-1.868946714625057
long,oof,2025-05-06 16:00:00+00:00,2025-05-06 20:00:00+00:00,143.2,147.01622708998343,tp,2,0.026649630516644155,0.025649630516644154,2.5649630516644155
long,oof,2025-05-07 04:00:00+00:00,2025-05-08 00:00:00+00:00,146.26,150.38495660229358,tp,6,0.02820290306504577,0.027202903065045768,2.7202903065045767
long,oof,2025-05-08 08:00:00+00:00,2025-05-08 12:00:00+00:00,151.58,155.55399019919008,tp,2,0.026217114389695668,0.025217114389695667,2.5217114389695667
long,oof,2025-05-08 20:00:00+00:00,2025-05-09 04:00:00+00:00,160.55,165.23170607420576,tp,3,0.029160424006264396,0.028160424006264395,2.8160424006264395
long,oof,2025-05-09 12:00:00+00:00,2025-05-09 12:00:00+00:00,172.33,168.3015310081669,sl,1,-0.02337648112245754,-0.024376481122457543,-2.4376481122457543
long,oof,2025-05-09 20:00:00+00:00,2025-05-10 20:00:00+00:00,171.92,178.16758617055962,tp,7,0.036340077771984815,0.035340077771984814,3.5340077771984815
long,oof,2025-05-11 08:00:00+00:00,2025-05-12 04:00:00+00:00,172.62,179.32616205747848,tp,6,0.038849276199041126,0.037849276199041125,3.7849276199041126
long,oof,2025-05-12 12:00:00+00:00,2025-05-12 12:00:00+00:00,174.08,180.66919809959495,tp,1,0.037851551583151066,0.036851551583151065,3.6851551583151068
long,oof,2025-05-12 20:00:00+00:00,2025-05-13 04:00:00+00:00,171.21,166.3330459903689,sl,3,-0.028485217041242367,-0.029485217041242368,-2.9485217041242366
long,oof,2025-05-13 12:00:00+00:00,2025-05-13 16:00:00+00:00,174.0,181.58319476789907,tp,2,0.043581579125856744,0.04258157912585674,4.258157912585674
long,oof,2025-05-14 00:00:00+00:00,2025-05-14 08:00:00+00:00,183.75,178.5411324331695,sl,3,-0.028347578594995874,-0.029347578594995875,-2.9347578594995873
long,oof,2025-05-14 16:00:00+00:00,2025-05-15 04:00:00+00:00,177.36,172.11585390003526,sl,4,-0.029567806156770137,-0.030567806156770138,-3.0567806156770136
long,oof,2025-05-15 12:00:00+00:00,2025-05-17 00:00:00+00:00,171.06,166.11942343983495,sl,10,-0.02888212650628467,-0.029882126506284672,-2.9882126506284674
long,oof,2025-05-18 12:00:00+00:00,2025-05-18 12:00:00+00:00,170.77,176.44053850099235,tp,1,0.0332057065116375,0.0322057065116375,3.2205706511637495
long,oof,2025-05-18 20:00:00+00:00,2025-05-18 20:00:00+00:00,166.63,173.27385717687605,tp,1,0.03987191488253048,0.03887191488253048,3.887191488253048
long,oof,2025-05-20 16:00:00+00:00,2025-05-21 12:00:00+00:00,166.64,173.48981323017,tp,6,0.04110545625402073,0.040105456254020726,4.010545625402073
long,oof,2025-05-21 20:00:00+00:00,2025-05-22 04:00:00+00:00,171.19,178.18071366814775,tp,3,0.04083599315466878,0.03983599315466878,3.983599315466878
long,oof,2025-05-22 12:00:00+00:00,2025-05-23 00:00:00+00:00,178.08,185.05465282892465,tp,4,0.039165840234302744,0.03816584023430274,3.8165840234302744
long,oof,2025-05-27 08:00:00+00:00,2025-05-28 12:00:00+00:00,175.46,171.68784717538222,sl,8,-0.02149864826523305,-0.02249864826523305,-2.249864826523305
long,oof,2025-06-01 20:00:00+00:00,2025-06-02 12:00:00+00:00,155.9,152.35959045780626,sl,5,-0.022709490328375513,-0.023709490328375514,-2.3709490328375513
long,oof,2025-06-03 00:00:00+00:00,2025-06-03 00:00:00+00:00,156.82,161.96228860533807,tp,1,0.03279102541345543,0.03179102541345543,3.179102541345543
long,oof,2025-06-03 08:00:00+00:00,2025-06-03 20:00:00+00:00,159.81,156.31064022346212,sl,4,-0.021897001292396513,-0.022897001292396513,-2.2897001292396513
long,oof,2025-06-04 04:00:00+00:00,2025-06-05 04:00:00+00:00,156.58,152.92703977600465,sl,7,-0.023329673163848284,-0.024329673163848285,-2.4329673163848287
long,oof,2025-06-05 16:00:00+00:00,2025-06-05 16:00:00+00:00,150.92,147.73465518331972,sl,1,-0.021106180868541418,-0.02210618086854142,-2.210618086854142
long,oof,2025-06-07 16:00:00+00:00,2025-06-08 08:00:00+00:00,151.0,147.98324168926897,sl,5,-0.019978531859145925,-0.020978531859145926,-2.097853185914593
long,oof,2025-06-08 16:00:00+00:00,2025-06-08 16:00:00+00:00,150.72,154.52260893600774,tp,1,0.025229624044637366,0.024229624044637365,2.4229624044637363
long,oof,2025-06-09 04:00:00+00:00,2025-06-09 08:00:00+00:00,151.56,155.53304549286042,tp,2,0.026214340807999614,0.025214340807999613,2.5214340807999616
long,oof,2025-06-09 16:00:00+00:00,2025-06-09 20:00:00+00:00,155.03,159.3432474299615,tp,2,0.02782201786726122,0.026822017867261218,2.6822017867261216
long,oof,2025-06-10 08:00:00+00:00,2025-06-10 16:00:00+00:00,158.48,162.9626598252585,tp,3,0.028285334586436832,0.02728533458643683,2.728533458643683
long,oof,2025-06-11 00:00:00+00:00,2025-06-11 20:00:00+00:00,165.12,161.54271966074538,sl,6,-0.021664730736764944,-0.022664730736764945,-2.2664730736764946
long,oof,2025-06-12 20:00:00+00:00,2025-06-13 00:00:00+00:00,154.83,151.12327733172867,sl,2,-0.023940597224512944,-0.024940597224512945,-2.4940597224512944
long,oof,2025-06-17 12:00:00+00:00,2025-06-17 12:00:00+00:00,150.55,146.8422469079614,sl,1,-0.02462805109291674,-0.02562805109291674,-2.562805109291674
long,oof,2025-06-20 08:00:00+00:00,2025-06-20 12:00:00+00:00,147.47,144.38082998711354,sl,2,-0.020947786077754497,-0.021947786077754498,-2.19477860777545
long,oof,2025-06-21 16:00:00+00:00,2025-06-21 20:00:00+00:00,140.31,137.1613817203199,sl,2,-0.02244044102116818,-0.02344044102116818,-2.344044102116818
long,oof,2025-06-25 04:00:00+00:00,2025-06-26 12:00:00+00:00,145.53,141.83232719089497,sl,9,-0.02540831999659884,-0.02640831999659884,-2.640831999659884
long,oof,2025-06-26 20:00:00+00:00,2025-06-26 20:00:00+00:00,142.28,139.00855939446419,sl,1,-0.022992975861230076,-0.023992975861230077,-2.3992975861230077
long,oof,2025-06-28 00:00:00+00:00,2025-06-28 08:00:00+00:00,142.12,147.01279226043403,tp,3,0.03442719012407839,0.03342719012407839,3.342719012407839
long,oof,2025-06-30 04:00:00+00:00,2025-06-30 12:00:00+00:00,151.79,156.05039123519194,tp,3,0.028067667403596723,0.027067667403596722,2.7067667403596722
long,oof,2025-06-30 20:00:00+00:00,2025-06-30 20:00:00+00:00,157.77,154.52310601366935,sl,1,-0.020579920050267233,-0.021579920050267234,-2.157992005026723
long,oof,2025-07-01 08:00:00+00:00,2025-07-01 12:00:00+00:00,150.09,146.76257431196487,sl,2,-0.02216953619851512,-0.023169536198515122,-2.316953619851512
long,oof,2025-07-02 16:00:00+00:00,2025-07-03 04:00:00+00:00,151.31,155.8872054759039,tp,4,0.030250515338734355,0.029250515338734354,2.9250515338734355
long,oof,2025-07-03 12:00:00+00:00,2025-07-03 12:00:00+00:00,154.54,151.63880278955594,sl,1,-0.018773115118701004,-0.019773115118701005,-1.9773115118701006
long,oof,2025-07-03 20:00:00+00:00,2025-07-04 12:00:00+00:00,151.81,148.7907024052804,sl,5,-0.01988866079124961,-0.02088866079124961,-2.088866079124961
long,oof,2025-07-06 16:00:00+00:00,2025-07-07 16:00:00+00:00,151.54,149.24377441999738,sl,7,-0.015152603800993883,-0.016152603800993884,-1.6152603800993883
long,oof,2025-07-08 16:00:00+00:00,2025-07-09 04:00:00+00:00,149.88,153.28011052034202,tp,4,0.022685551910475214,0.021685551910475213,2.1685551910475214
long,oof,2025-07-09 12:00:00+00:00,2025-07-09 16:00:00+00:00,153.74,157.21118973015217,tp,2,0.02257831228146326,0.021578312281463258,2.1578312281463257
long,oof,2025-07-10 00:00:00+00:00,2025-07-10 16:00:00+00:00,157.07,160.8245403925453,tp,5,0.02390361235465267,0.02290361235465267,2.2903612354652667
long,oof,2025-07-11 00:00:00+00:00,2025-07-11 16:00:00+00:00,164.37,161.42771598873193,sl,5,-0.017900371182503327,-0.018900371182503328,-1.8900371182503328
long,oof,2025-07-12 00:00:00+00:00,2025-07-12 12:00:00+00:00,162.92,159.51291301533786,sl,4,-0.02091263801044764,-0.02191263801044764,-2.191263801044764
long,oof,2025-07-12 20:00:00+00:00,2025-07-14 00:00:00+00:00,160.73,165.4761611264916,tp,8,0.029528781972821595,0.028528781972821594,2.8528781972821595
long,oof,2025-07-14 08:00:00+00:00,2025-07-14 12:00:00+00:00,167.28,164.11490934824644,sl,2,-0.018920914943529165,-0.019920914943529166,-1.9920914943529167
long,oof,2025-07-14 20:00:00+00:00,2025-07-15 00:00:00+00:00,164.26,161.01769527627457,sl,2,-0.019738857443841625,-0.020738857443841626,-2.0738857443841625
long,oof,2025-07-15 16:00:00+00:00,2025-07-16 08:00:00+00:00,160.48,165.39989208677798,tp,5,0.0306573534819167,0.0296573534819167,2.9657353481916697
long,oof,2025-07-16 16:00:00+00:00,2025-07-16 16:00:00+00:00,168.43,173.56325038733976,tp,1,0.030477055081278612,0.02947705508127861,2.947705508127861
long,oof,2025-07-17 00:00:00+00:00,2025-07-17 00:00:00+00:00,173.66,170.02940709027067,sl,1,-0.020906327938093574,-0.021906327938093575,-2.1906327938093573
long,oof,2025-07-17 08:00:00+00:00,2025-07-18 00:00:00+00:00,174.02,179.85056276845094,tp,5,0.033505130263480815,0.032505130263480814,3.2505130263480813
long,oof,2025-07-19 12:00:00+00:00,2025-07-20 12:00:00+00:00,176.57,182.76788278776695,tp,7,0.03510156191746592,0.03410156191746592,3.4101561917465917
long,oof,2025-07-20 20:00:00+00:00,2025-07-20 20:00:00+00:00,182.05,178.40806564929625,sl,1,-0.020005132385079723,-0.021005132385079724,-2.1005132385079723
long,oof,2025-07-21 04:00:00+00:00,2025-07-21 08:00:00+00:00,186.71,192.8227824382827,tp,2,0.032739448547387355,0.031739448547387354,3.1739448547387354
long,oof,2025-07-21 16:00:00+00:00,2025-07-22 00:00:00+00:00,196.82,203.58035824231305,tp,3,0.03434792319029093,0.03334792319029093,3.334792319029093
long,oof,2025-07-28 00:00:00+00:00,2025-07-28 04:00:00+00:00,188.66,194.73667635398024,tp,2,0.03220967006244168,0.03120967006244168,3.1209670062441677
long,oof,2025-07-30 04:00:00+00:00,2025-07-30 08:00:00+00:00,181.72,177.61168347113247,sl,2,-0.022607949201340155,-0.023607949201340156,-2.3607949201340155
long,oof,2025-07-31 08:00:00+00:00,2025-07-31 12:00:00+00:00,181.21,177.0549407736885,sl,2,-0.022929525005857966,-0.023929525005857967,-2.3929525005857966
long,oof,2025-08-03 16:00:00+00:00,2025-08-04 16:00:00+00:00,162.08,167.77292793490804,tp,7,0.035124185185760284,0.034124185185760283,3.4124185185760285
long,oof,2025-08-05 08:00:00+00:00,2025-08-05 08:00:00+00:00,166.23,171.54005947756917,tp,1,0.031944050277141214,0.030944050277141213,3.0944050277141213
long,oof,2025-08-06 12:00:00+00:00,2025-08-06 16:00:00+00:00,164.19,169.68853347640604,tp,2,0.03348884509657128,0.03248884509657128,3.248884509657128
long,oof,2025-08-12 16:00:00+00:00,2025-08-12 16:00:00+00:00,181.69,187.81228504300753,tp,1,0.03369632364471097,0.03269632364471097,3.269632364471097
long,oof,2025-08-19 08:00:00+00:00,2025-08-19 16:00:00+00:00,180.12,175.75696061650012,sl,3,-0.024222959046745953,-0.025222959046745954,-2.5222959046745954
long,oof,2025-08-20 12:00:00+00:00,2025-08-20 16:00:00+00:00,180.28,186.54092411642839,tp,2,0.03472888904164846,0.03372888904164846,3.372888904164846
long,oof,2025-08-21 04:00:00+00:00,2025-08-21 08:00:00+00:00,188.41,184.06608004148774,sl,2,-0.023055676230095322,-0.024055676230095323,-2.4055676230095324
long,oof,2025-08-22 04:00:00+00:00,2025-08-22 12:00:00+00:00,181.76,177.76539577192716,sl,3,-0.021977356008323234,-0.022977356008323235,-2.2977356008323238
long,oof,2025-08-23 20:00:00+00:00,2025-08-24 00:00:00+00:00,204.11,211.62974585642579,tp,2,0.03684163370940067,0.03584163370940067,3.584163370940067
long,oof,2025-08-24 08:00:00+00:00,2025-08-24 16:00:00+00:00,206.68,201.722925984799,sl,3,-0.02398429463518974,-0.02498429463518974,-2.498429463518974
long,oof,2025-09-01 08:00:00+00:00,2025-09-01 12:00:00+00:00,202.93,197.9709019548166,sl,2,-0.02443748112740056,-0.02543748112740056,-2.543748112740056
long,oof,2025-09-02 00:00:00+00:00,2025-09-02 12:00:00+00:00,197.31,204.61356970800512,tp,4,0.03701570983733776,0.03601570983733776,3.601570983733776
long,oof,2025-09-02 20:00:00+00:00,2025-09-06 16:00:00+00:00,205.51,200.40564108011253,sl,24,-0.024837520898678703,-0.025837520898678704,-2.5837520898678705
long,oof,2025-09-07 04:00:00+00:00,2025-09-08 00:00:00+00:00,202.87,207.9635304581597,tp,6,0.025107361651105164,0.024107361651105164,2.4107361651105164
long,oof,2025-09-08 08:00:00+00:00,2025-09-08 08:00:00+00:00,207.88,212.6881871290784,tp,1,0.02312962829073692,0.02212962829073692,2.212962829073692
long,oof,2025-09-08 16:00:00+00:00,2025-09-09 00:00:00+00:00,215.03,211.4405999155978,sl,3,-0.01669255491978887,-0.01769255491978887,-1.769255491978887
long,oof,2025-09-09 08:00:00+00:00,2025-09-09 12:00:00+00:00,219.21,215.5097442260878,sl,2,-0.016879958824470617,-0.017879958824470618,-1.7879958824470619
long,oof,2025-09-09 20:00:00+00:00,2025-09-10 04:00:00+00:00,216.34,222.11757576637305,tp,3,0.02670599873519944,0.02570599873519944,2.570599873519944
long,oof,2025-09-11 20:00:00+00:00,2025-09-12 00:00:00+00:00,226.6,232.45516151132105,tp,2,0.025839194666024086,0.024839194666024085,2.4839194666024085
long,oof,2025-09-12 08:00:00+00:00,2025-09-12 20:00:00+00:00,237.37,243.75009469401326,tp,4,0.026878268921992046,0.025878268921992045,2.5878268921992045
long,oof,2025-09-13 16:00:00+00:00,2025-09-14 00:00:00+00:00,239.41,245.4715427027504,tp,3,0.025318669657701916,0.024318669657701915,2.4318669657701917
long,oof,2025-09-14 20:00:00+00:00,2025-09-15 04:00:00+00:00,242.51,238.13833490305782,sl,3,-0.018026741565057798,-0.0190267415650578,-1.9026741565057799
long,oof,2025-09-17 20:00:00+00:00,2025-09-17 20:00:00+00:00,238.72,245.41402001626975,tp,1,0.02804130368745705,0.02704130368745705,2.704130368745705
long,oof,2025-09-18 04:00:00+00:00,2025-09-19 08:00:00+00:00,246.73,241.9084034600354,sl,8,-0.01954199546048145,-0.020541995460481452,-2.054199546048145
long,oof,2025-09-22 04:00:00+00:00,2025-09-22 04:00:00+00:00,232.82,229.1729839329078,sl,1,-0.01566453082678542,-0.01666453082678542,-1.6664530826785422
long,oof,2025-09-24 16:00:00+00:00,2025-09-25 00:00:00+00:00,213.61,208.5029530381121,sl,3,-0.023908276587649935,-0.024908276587649936,-2.4908276587649936
long,oof,2025-09-25 08:00:00+00:00,2025-09-25 12:00:00+00:00,204.2,199.29402180657848,sl,2,-0.024025358439870245,-0.025025358439870245,-2.5025358439870247
long,oof,2025-10-01 04:00:00+00:00,2025-10-01 08:00:00+00:00,206.73,213.0896206631143,tp,2,0.030762930697597345,0.029762930697597344,2.9762930697597345
long,oof,2025-10-03 08:00:00+00:00,2025-10-03 16:00:00+00:00,229.42,236.43266896508337,tp,3,0.03056694693175564,0.029566946931755638,2.9566946931755638
long,oof,2025-10-04 00:00:00+00:00,2025-10-04 12:00:00+00:00,232.84,227.8480161336987,sl,4,-0.021439545895470265,-0.022439545895470266,-2.2439545895470268
long,oof,2025-10-04 20:00:00+00:00,2025-10-05 04:00:00+00:00,226.94,233.77357200219015,tp,3,0.030111800485547513,0.029111800485547512,2.911180048554751
long,oof,2025-10-05 12:00:00+00:00,2025-10-05 16:00:00+00:00,232.66,227.96603194928235,sl,2,-0.020175225869155176,-0.021175225869155177,-2.1175225869155176
long,oof,2025-10-06 12:00:00+00:00,2025-10-07 08:00:00+00:00,233.04,228.5566168256694,sl,6,-0.019238685094106523,-0.020238685094106524,-2.0238685094106525
long,oof,2025-10-08 20:00:00+00:00,2025-10-09 00:00:00+00:00,229.31,224.43138090204738,sl,2,-0.021275213021467107,-0.022275213021467108,-2.2275213021467106
long,oof,2025-10-23 12:00:00+00:00,2025-10-24 12:00:00+00:00,187.97,195.24774459391705,tp,7,0.0387175857526044,0.0377175857526044,3.77175857526044
long,oof,2025-10-24 20:00:00+00:00,2025-10-26 20:00:00+00:00,193.1,200.1337305578886,tp,13,0.03642532655561169,0.03542532655561169,3.542532655561169
long,oof,2025-10-27 16:00:00+00:00,2025-10-28 12:00:00+00:00,200.12,196.53944162384676,sl,6,-0.017892056646778176,-0.018892056646778177,-1.8892056646778177
long,oof,2025-10-29 12:00:00+00:00,2025-10-29 16:00:00+00:00,198.74,194.6966067870027,sl,2,-0.020345140449820377,-0.021345140449820377,-2.134514044982038
long,oof,2025-10-30 00:00:00+00:00,2025-10-30 12:00:00+00:00,193.9,189.3190579850747,sl,4,-0.023625281149692173,-0.024625281149692174,-2.4625281149692175
long,oof,2025-10-31 20:00:00+00:00,2025-11-02 16:00:00+00:00,188.38,183.51269813402448,sl,12,-0.025837678447688292,-0.026837678447688293,-2.683767844768829
long,oof,2025-11-03 04:00:00+00:00,2025-11-03 12:00:00+00:00,177.56,173.37007731182078,sl,3,-0.023597221717612204,-0.024597221717612205,-2.4597221717612205
long,oof,2025-11-08 20:00:00+00:00,2025-11-09 16:00:00+00:00,157.35,164.42991102411594,tp,6,0.044994668090981536,0.043994668090981535,4.399466809098153
long,oof,2025-11-11 00:00:00+00:00,2025-11-11 08:00:00+00:00,167.33,163.20610516228712,sl,3,-0.024645280808658913,-0.025645280808658914,-2.5645280808658915
long,oof,2025-11-12 16:00:00+00:00,2025-11-12 16:00:00+00:00,155.74,151.52061622158595,sl,1,-0.02709248605633784,-0.02809248605633784,-2.809248605633784
long,oof,2025-11-15 08:00:00+00:00,2025-11-16 00:00:00+00:00,142.76,138.18092332660964,sl,5,-0.03207534795033866,-0.03307534795033866,-3.307534795033866
long,oof,2025-11-16 08:00:00+00:00,2025-11-16 12:00:00+00:00,142.32,138.29626289471082,sl,2,-0.028272464202425324,-0.029272464202425325,-2.9272464202425326
long,oof,2025-11-16 20:00:00+00:00,2025-11-17 12:00:00+00:00,136.84,142.83487814521882,tp,5,0.04380939889812058,0.042809398898120576,4.280939889812058
long,oof,2025-11-18 00:00:00+00:00,2025-11-18 04:00:00+00:00,131.0,137.1851147789679,tp,2,0.04721461663334264,0.04621461663334264,4.621461663334264
long,oof,2025-11-18 12:00:00+00:00,2025-11-19 16:00:00+00:00,137.86,133.63154466244112,sl,8,-0.030672097327425634,-0.03167209732742563,-3.1672097327425632
long,oof,2025-11-20 00:00:00+00:00,2025-11-20 00:00:00+00:00,137.07,143.38516879527495,tp,1,0.04607258185799196,0.045072581857991956,4.507258185799196
long,oof,2025-11-23 12:00:00+00:00,2025-11-24 16:00:00+00:00,129.77,135.85874130008457,tp,8,0.046919482931991704,0.045919482931991704,4.59194829319917
long,oof,2025-11-25 16:00:00+00:00,2025-11-25 20:00:00+00:00,134.86,140.2242111954276,tp,2,0.03977614708162242,0.03877614708162242,3.877614708162242
long,oof,2025-11-26 20:00:00+00:00,2025-11-28 00:00:00+00:00,143.99,140.18837613194304,sl,8,-0.026401999222563817,-0.027401999222563818,-2.740199922256382
long,oof,2025-11-28 08:00:00+00:00,2025-11-28 12:00:00+00:00,138.98,143.4224983195877,tp,2,0.031965018848666815,0.030965018848666814,3.096501884866681
long,oof,2025-11-28 20:00:00+00:00,2025-11-30 20:00:00+00:00,137.53,134.3150768201812,sl,13,-0.02337615923666699,-0.02437615923666699,-2.4376159236666988
long,oof,2025-12-01 04:00:00+00:00,2025-12-01 12:00:00+00:00,126.99,124.07435963957086,sl,3,-0.02295960595660396,-0.02395960595660396,-2.395960595660396
long,oof,2025-12-02 16:00:00+00:00,2025-12-03 04:00:00+00:00,137.82,142.85764283934242,tp,4,0.03655233521508072,0.03555233521508072,3.555233521508072
long,oof,2025-12-03 12:00:00+00:00,2025-12-04 00:00:00+00:00,141.73,146.55460714424785,tp,4,0.034040832175600534,0.03304083217560053,3.3040832175600534
long,oof,2025-12-04 08:00:00+00:00,2025-12-04 16:00:00+00:00,143.46,140.1368041894632,sl,3,-0.02316461599426193,-0.02416461599426193,-2.416461599426193
long,oof,2025-12-05 00:00:00+00:00,2025-12-05 12:00:00+00:00,139.02,135.74602729215061,sl,4,-0.02355037194539919,-0.02455037194539919,-2.455037194539919
long,oof,2025-12-05 20:00:00+00:00,2025-12-07 12:00:00+00:00,132.5,129.2490737702008,sl,11,-0.02453529230037136,-0.02553529230037136,-2.553529230037136
long,oof,2025-12-07 20:00:00+00:00,2025-12-07 20:00:00+00:00,135.74,132.97105354765202,sl,1,-0.02039889827867975,-0.021398898278679752,-2.139889827867975
long,oof,2025-12-08 04:00:00+00:00,2025-12-08 08:00:00+00:00,134.31,138.88754043709292,tp,2,0.03408190333625881,0.03308190333625881,3.308190333625881
long,oof,2025-12-08 16:00:00+00:00,2025-12-08 20:00:00+00:00,135.55,132.44899748778107,sl,2,-0.022877185630534418,-0.02387718563053442,-2.3877185630534417
long,oof,2025-12-09 04:00:00+00:00,2025-12-09 16:00:00+00:00,134.19,138.6955061148023,tp,4,0.03357557280574038,0.03257557280574038,3.257557280574038
long,oof,2025-12-10 00:00:00+00:00,2025-12-11 00:00:00+00:00,137.88,134.33856739145978,sl,7,-0.025684889821150417,-0.02668488982115042,-2.6684889821150417
long,oof,2025-12-11 20:00:00+00:00,2025-12-12 04:00:00+00:00,133.89,139.39921624939646,tp,3,0.041147331760373995,0.040147331760373994,4.014733176037399
long,oof,2025-12-12 12:00:00+00:00,2025-12-12 12:00:00+00:00,138.73,135.23980268119163,sl,1,-0.025158201678139955,-0.026158201678139956,-2.615820167813996
long,oof,2025-12-12 20:00:00+00:00,2025-12-15 12:00:00+00:00,131.25,127.51482986286423,sl,17,-0.02845843914008204,-0.02945843914008204,-2.945843914008204
long,oof,2025-12-16 12:00:00+00:00,2025-12-17 12:00:00+00:00,128.62,133.22376145502852,tp,7,0.03579351154586004,0.03479351154586004,3.479351154586004
long,oof,2025-12-17 20:00:00+00:00,2025-12-18 12:00:00+00:00,122.42,127.51309715866495,tp,5,0.04160347295102881,0.040603472951028806,4.060347295102881
long,oof,2025-12-19 16:00:00+00:00,2025-12-23 16:00:00+00:00,125.07,123.99,timeout,25,-0.008635164307987513,-0.009635164307987512,-0.9635164307987512
long,oof,2025-12-24 00:00:00+00:00,2025-12-24 04:00:00+00:00,124.01,121.75028567131996,sl,2,-0.018222033131844586,-0.019222033131844587,-1.9222033131844587
long,oof,2025-12-24 12:00:00+00:00,2025-12-25 20:00:00+00:00,122.06,119.85308951162169,sl,9,-0.018080538164659286,-0.019080538164659287,-1.9080538164659286
long,oof,2025-12-26 04:00:00+00:00,2025-12-29 00:00:00+00:00,122.68,126.05453832181267,tp,18,0.027506833402450803,0.026506833402450802,2.65068334024508
long,oof,2025-12-29 08:00:00+00:00,2025-12-29 08:00:00+00:00,127.89,125.98366561688462,sl,1,-0.014906047252446467,-0.015906047252446466,-1.5906047252446467
long,oof,2025-12-29 16:00:00+00:00,2025-12-30 16:00:00+00:00,123.43,126.57502941897832,tp,7,0.02548026751177437,0.02448026751177437,2.4480267511774367
long,ooc,2026-01-03 16:00:00+00:00,2026-01-04 00:00:00+00:00,131.49,134.38018847315598,tp,3,0.021980291072750575,0.020980291072750575,2.0980291072750576
long,ooc,2026-01-06 16:00:00+00:00,2026-01-06 16:00:00+00:00,141.61,139.22578465638978,sl,1,-0.01683648996264555,-0.01783648996264555,-1.783648996264555
long,ooc,2026-01-07 00:00:00+00:00,2026-01-07 04:00:00+00:00,141.09,138.33493677005035,sl,2,-0.019526991494433734,-0.020526991494433735,-2.0526991494433733
long,ooc,2026-01-09 04:00:00+00:00,2026-01-09 08:00:00+00:00,140.8,137.88562741731354,sl,2,-0.020698668911125484,-0.021698668911125485,-2.1698668911125485
long,ooc,2026-01-10 08:00:00+00:00,2026-01-11 16:00:00+00:00,136.11,140.09867500086665,tp,9,0.029304790249552824,0.028304790249552823,2.8304790249552823
long,ooc,2026-01-12 04:00:00+00:00,2026-01-12 08:00:00+00:00,142.55,140.22076227576167,sl,2,-0.016339794628118832,-0.017339794628118833,-1.7339794628118834
long,ooc,2026-01-14 00:00:00+00:00,2026-01-15 12:00:00+00:00,145.53,142.7527331479108,sl,10,-0.019083809881737183,-0.020083809881737184,-2.0083809881737182
long,ooc,2026-01-17 20:00:00+00:00,2026-01-18 00:00:00+00:00,144.26,142.18485927587724,sl,2,-0.014384727049235733,-0.015384727049235734,-1.5384727049235734
long,ooc,2026-01-19 00:00:00+00:00,2026-01-19 00:00:00+00:00,137.87,135.84292088464292,sl,1,-0.01470282958843173,-0.01570282958843173,-1.5702829588431728
long,ooc,2026-01-21 12:00:00+00:00,2026-01-21 12:00:00+00:00,126.94,130.20922777796468,tp,1,0.025754118307583798,0.024754118307583797,2.4754118307583797
long,ooc,2026-01-22 08:00:00+00:00,2026-01-22 12:00:00+00:00,129.8,127.35492894904425,sl,2,-0.018837219190722346,-0.019837219190722347,-1.9837219190722348
long,ooc,2026-01-23 00:00:00+00:00,2026-01-23 12:00:00+00:00,128.49,126.06566237280438,sl,4,-0.018867908998331594,-0.019867908998331595,-1.9867908998331594
long,ooc,2026-01-23 20:00:00+00:00,2026-01-25 12:00:00+00:00,128.1,125.81613083348019,sl,11,-0.01782879911412808,-0.018828799114128082,-1.8828799114128083
long,ooc,2026-01-25 20:00:00+00:00,2026-01-26 00:00:00+00:00,117.96,121.04257378527146,tp,2,0.02613236508368484,0.02513236508368484,2.5132365083684842
long,ooc,2026-01-26 16:00:00+00:00,2026-01-27 20:00:00+00:00,123.54,126.8661904237349,tp,8,0.026923995659178402,0.0259239956591784,2.59239956591784
long,ooc,2026-01-28 04:00:00+00:00,2026-01-28 20:00:00+00:00,126.97,124.9751725315358,sl,5,-0.01571101416448133,-0.01671101416448133,-1.671101416448133
long,ooc,2026-02-13 04:00:00+00:00,2026-02-13 12:00:00+00:00,79.05,82.67717408358008,tp,3,0.045884555137003,0.044884555137003,4.4884555137003
long,ooc,2026-02-16 08:00:00+00:00,2026-02-16 12:00:00+00:00,85.07,82.99127071234614,sl,2,-0.024435515312729018,-0.02543551531272902,-2.543551531272902
long,ooc,2026-02-16 20:00:00+00:00,2026-02-18 12:00:00+00:00,84.62,82.41312017311388,sl,11,-0.02607988450586295,-0.02707988450586295,-2.7079884505862952
long,ooc,2026-02-18 20:00:00+00:00,2026-02-20 08:00:00+00:00,80.93,84.1102122187318,tp,10,0.03929583861030268,0.03829583861030268,3.8295838610302684
long,ooc,2026-02-20 20:00:00+00:00,2026-02-22 16:00:00+00:00,84.78,82.88916453714766,sl,12,-0.022302848111020724,-0.023302848111020725,-2.3302848111020724
long,ooc,2026-02-23 04:00:00+00:00,2026-02-23 08:00:00+00:00,77.67,80.24930932878812,tp,2,0.033208566097439336,0.032208566097439335,3.2208566097439335
long,ooc,2026-02-23 16:00:00+00:00,2026-02-23 16:00:00+00:00,79.4,77.58782492824406,sl,1,-0.02282336362413029,-0.02382336362413029,-2.382336362413029
long,ooc,2026-02-25 12:00:00+00:00,2026-02-25 12:00:00+00:00,83.38,86.17160429635378,tp,1,0.033480502474859467,0.032480502474859466,3.2480502474859465
long,ooc,2026-02-25 20:00:00+00:00,2026-02-25 20:00:00+00:00,89.44,87.33356759835445,sl,1,-0.023551346172244508,-0.02455134617224451,-2.455134617224451
long,ooc,2026-02-26 04:00:00+00:00,2026-02-26 12:00:00+00:00,87.95,85.67669859245869,sl,3,-0.02584765670882673,-0.02684765670882673,-2.684765670882673
long,ooc,2026-02-26 20:00:00+00:00,2026-02-27 08:00:00+00:00,86.46,84.16523059400282,sl,4,-0.026541399560457698,-0.0275413995604577,-2.75413995604577
long,ooc,2026-02-27 16:00:00+00:00,2026-02-27 20:00:00+00:00,82.69,80.36985531128973,sl,2,-0.028058346701055413,-0.029058346701055414,-2.9058346701055413
long,ooc,2026-02-28 08:00:00+00:00,2026-02-28 16:00:00+00:00,78.7,82.17175470328459,tp,3,0.04411378276092234,0.04311378276092234,4.311378276092234
long,ooc,2026-03-01 00:00:00+00:00,2026-03-01 00:00:00+00:00,84.36,88.00002566848478,tp,1,0.043148715842636104,0.0421487158426361,4.21487158426361
long,ooc,2026-03-01 08:00:00+00:00,2026-03-01 16:00:00+00:00,86.63,84.07780837423833,sl,3,-0.02946082910956557,-0.03046082910956557,-3.046082910956557
long,ooc,2026-03-02 00:00:00+00:00,2026-03-02 12:00:00+00:00,83.61,87.42684500039223,tp,4,0.04565058007884505,0.04465058007884505,4.4650580078845055
long,ooc,2026-03-03 08:00:00+00:00,2026-03-03 12:00:00+00:00,85.57,82.93029165395608,sl,2,-0.03084852572214465,-0.03184852572214465,-3.1848525722144654
long,ooc,2026-03-03 20:00:00+00:00,2026-03-04 08:00:00+00:00,85.08,89.06481736675937,tp,4,0.0468361232576325,0.0458361232576325,4.58361232576325
long,ooc,2026-03-05 08:00:00+00:00,2026-03-06 08:00:00+00:00,90.17,87.32249173774973,sl,7,-0.03157933084451894,-0.03257933084451894,-3.257933084451894
long,ooc,2026-03-06 16:00:00+00:00,2026-03-08 00:00:00+00:00,84.64,82.11640812858225,sl,9,-0.029815593943971527,-0.030815593943971528,-3.0815593943971527
long,ooc,2026-03-09 00:00:00+00:00,2026-03-09 00:00:00+00:00,81.6,84.38745822952406,tp,1,0.03416002732259881,0.03316002732259881,3.316002732259881
long,ooc,2026-03-09 08:00:00+00:00,2026-03-09 16:00:00+00:00,83.19,86.13224714688555,tp,3,0.03536779837583302,0.03436779837583302,3.4367798375833023
long,ooc,2026-03-10 00:00:00+00:00,2026-03-10 12:00:00+00:00,84.94,87.92362702421381,tp,4,0.035126289430348685,0.034126289430348684,3.4126289430348686
long,ooc,2026-03-10 20:00:00+00:00,2026-03-13 00:00:00+00:00,86.0,89.17113388153265,tp,14,0.03687364978526342,0.03587364978526342,3.5873649785263417
long,ooc,2026-03-13 08:00:00+00:00,2026-03-13 12:00:00+00:00,88.68,91.72997955699324,tp,2,0.03439309378657235,0.03339309378657235,3.3393093786572345
long,ooc,2026-03-13 20:00:00+00:00,2026-03-14 08:00:00+00:00,88.92,86.7907349157643,sl,4,-0.023945851149749186,-0.024945851149749187,-2.4945851149749187
long,ooc,2026-03-14 16:00:00+00:00,2026-03-15 20:00:00+00:00,86.73,89.46312668527565,tp,8,0.0315130483716782,0.030513048371678196,3.0513048371678195
long,ooc,2026-03-16 04:00:00+00:00,2026-03-16 20:00:00+00:00,93.17,95.92672588410055,tp,5,0.029588127982188975,0.028588127982188974,2.8588127982188976
long,ooc,2026-03-17 04:00:00+00:00,2026-03-18 08:00:00+00:00,94.08,92.0466224038321,sl,8,-0.021613282272192766,-0.022613282272192767,-2.2613282272192765
long,ooc,2026-03-18 16:00:00+00:00,2026-03-19 12:00:00+00:00,89.37,87.3420879617522,sl,6,-0.022691194340917594,-0.023691194340917595,-2.3691194340917594
long,ooc,2026-03-19 20:00:00+00:00,2026-03-22 00:00:00+00:00,88.7,86.69531688523989,sl,14,-0.022600711553101605,-0.023600711553101606,-2.3600711553101608
long,ooc,2026-03-23 00:00:00+00:00,2026-03-23 08:00:00+00:00,86.22,88.56282614649118,tp,3,0.027172653056033138,0.026172653056033137,2.6172653056033135
long,ooc,2026-03-23 16:00:00+00:00,2026-03-25 08:00:00+00:00,89.96,93.15492900275756,tp,11,0.035514995584232566,0.034514995584232565,3.4514995584232566
long,ooc,2026-03-25 16:00:00+00:00,2026-03-26 04:00:00+00:00,91.78,89.79722382155381,sl,4,-0.021603575707628973,-0.022603575707628974,-2.2603575707628973
long,ooc,2026-03-26 12:00:00+00:00,2026-03-26 16:00:00+00:00,87.57,85.72287870079464,sl,2,-0.02109308323861317,-0.02209308323861317,-2.209308323861317
long,ooc,2026-03-27 00:00:00+00:00,2026-03-27 08:00:00+00:00,86.53,84.68041709389425,sl,3,-0.021375048030807257,-0.022375048030807258,-2.237504803080726
long,ooc,2026-03-29 00:00:00+00:00,2026-03-29 20:00:00+00:00,82.09,80.51182936382578,sl,6,-0.019224882886761125,-0.020224882886761126,-2.0224882886761124
long,ooc,2026-03-31 20:00:00+00:00,2026-04-01 16:00:00+00:00,82.69,85.46752404320011,tp,6,0.03358960023219394,0.03258960023219394,3.258960023219394
long,ooc,2026-04-02 00:00:00+00:00,2026-04-02 00:00:00+00:00,81.2,79.30763082379748,sl,1,-0.0233050391157946,-0.0243050391157946,-2.43050391157946
long,ooc,2026-04-03 00:00:00+00:00,2026-04-05 20:00:00+00:00,78.96,81.74659899979564,tp,18,0.035291274060228514,0.03429127406022851,3.429127406022851
long,ooc,2026-04-06 04:00:00+00:00,2026-04-06 20:00:00+00:00,82.1,80.77113646130447,sl,5,-0.01618591399141936,-0.01718591399141936,-1.718591399141936
long,ooc,2026-04-07 08:00:00+00:00,2026-04-07 12:00:00+00:00,79.87,78.53611343715018,sl,2,-0.016700720706771338,-0.01770072070677134,-1.7700720706771338
long,ooc,2026-04-07 20:00:00+00:00,2026-04-07 20:00:00+00:00,81.62,83.81084116904943,tp,1,0.02684196482540334,0.025841964825403338,2.584196482540334
long,ooc,2026-04-08 04:00:00+00:00,2026-04-08 12:00:00+00:00,84.56,82.82395524636274,sl,3,-0.020530330577545636,-0.021530330577545637,-2.1530330577545636
long,ooc,2026-04-08 20:00:00+00:00,2026-04-09 12:00:00+00:00,83.2,81.52292315158701,sl,5,-0.02015717365881003,-0.021157173658810032,-2.1157173658810033
long,ooc,2026-04-09 20:00:00+00:00,2026-04-12 00:00:00+00:00,84.14,82.56791374055301,sl,14,-0.018684172325255415,-0.019684172325255416,-1.9684172325255416
long,ooc,2026-04-12 08:00:00+00:00,2026-04-13 20:00:00+00:00,82.28,84.46153786362665,tp,10,0.02651358609171906,0.02551358609171906,2.5513586091719063
long,ooc,2026-04-14 04:00:00+00:00,2026-04-14 16:00:00+00:00,86.05,84.60649467807097,sl,4,-0.016775192584881162,-0.017775192584881163,-1.7775192584881163
long,ooc,2026-04-15 00:00:00+00:00,2026-04-16 12:00:00+00:00,83.7,85.89644360839696,tp,10,0.026241859120632753,0.025241859120632752,2.5241859120632753
long,ooc,2026-04-16 20:00:00+00:00,2026-04-17 00:00:00+00:00,90.1,88.43101231648782,sl,2,-0.01852372567716061,-0.01952372567716061,-1.952372567716061
long,ooc,2026-04-17 08:00:00+00:00,2026-04-17 12:00:00+00:00,88.15,90.60607832034052,tp,2,0.027862488035626878,0.026862488035626877,2.6862488035626875
long,ooc,2026-04-17 20:00:00+00:00,2026-04-18 08:00:00+00:00,89.24,87.48675071190765,sl,4,-0.019646451009551195,-0.020646451009551196,-2.0646451009551194
long,ooc,2026-04-18 16:00:00+00:00,2026-04-19 04:00:00+00:00,86.77,85.2398782168076,sl,4,-0.01763422592131381,-0.01863422592131381,-1.8634225921313812
long,ooc,2026-04-19 12:00:00+00:00,2026-04-19 20:00:00+00:00,85.6,84.18800688097434,sl,3,-0.016495246717589396,-0.017495246717589397,-1.7495246717589397
long,ooc,2026-04-20 04:00:00+00:00,2026-04-21 12:00:00+00:00,84.58,86.81760967328034,tp,9,0.026455541183262547,0.025455541183262546,2.5455541183262547
long,ooc,2026-04-22 00:00:00+00:00,2026-04-22 04:00:00+00:00,86.05,88.16026819817692,tp,2,0.024523744313502908,0.023523744313502907,2.352374431350291
long,ooc,2026-04-22 12:00:00+00:00,2026-04-22 20:00:00+00:00,88.32,86.90154902055522,sl,3,-0.016060359821611987,-0.017060359821611987,-1.7060359821611988
long,ooc,2026-04-25 12:00:00+00:00,2026-04-27 00:00:00+00:00,86.36,87.92250137619423,tp,10,0.018092883003638652,0.01709288300363865,1.7092883003638653
long,ooc,2026-04-27 08:00:00+00:00,2026-04-27 12:00:00+00:00,85.26,84.198783321556,sl,2,-0.012446829444569691,-0.01344682944456969,-1.344682944456969
long,ooc,2026-04-27 20:00:00+00:00,2026-04-28 12:00:00+00:00,84.19,83.09664612152278,sl,5,-0.01298674282548066,-0.01398674282548066,-1.398674282548066
long,ooc,2026-04-28 20:00:00+00:00,2026-04-29 08:00:00+00:00,83.9,85.42135024206381,tp,4,0.018132899190271796,0.017132899190271795,1.7132899190271795
long,ooc,2026-04-29 16:00:00+00:00,2026-04-29 16:00:00+00:00,83.25,82.20771745598734,sl,1,-0.012519910438590564,-0.013519910438590563,-1.3519910438590563
long,ooc,2026-04-30 00:00:00+00:00,2026-05-01 12:00:00+00:00,83.06,84.74142155564903,tp,10,0.020243457207428654,0.019243457207428653,1.9243457207428654
long,ooc,2026-05-01 20:00:00+00:00,2026-05-04 00:00:00+00:00,83.89,85.3513678605838,tp,14,0.01742004840366916,0.01642004840366916,1.642004840366916
long,ooc,2026-05-04 08:00:00+00:00,2026-05-04 08:00:00+00:00,84.88,83.98429237005108,sl,1,-0.010552634660095617,-0.011552634660095616,-1.1552634660095615
long,ooc,2026-05-04 16:00:00+00:00,2026-05-05 12:00:00+00:00,84.48,86.014780021388,tp,6,0.018167377147111766,0.017167377147111765,1.7167377147111764
long,ooc,2026-05-05 20:00:00+00:00,2026-05-06 08:00:00+00:00,86.49,87.98310627928016,tp,4,0.017263340030988204,0.016263340030988203,1.6263340030988203
long,ooc,2026-05-06 16:00:00+00:00,2026-05-07 00:00:00+00:00,88.97,87.74585586269514,sl,3,-0.013759066396592802,-0.014759066396592802,-1.4759066396592802
long,ooc,2026-05-07 08:00:00+00:00,2026-05-07 08:00:00+00:00,90.15,88.8208319266565,sl,1,-0.014743960880127676,-0.015743960880127677,-1.5743960880127676
long,ooc,2026-05-07 16:00:00+00:00,2026-05-08 16:00:00+00:00,88.31,90.42874544179887,tp,7,0.023992134999420957,0.022992134999420957,2.2992134999420957
long,ooc,2026-05-09 00:00:00+00:00,2026-05-09 04:00:00+00:00,92.02,94.13952011167648,tp,2,0.02303325485412388,0.022033254854123878,2.2033254854123876
long,ooc,2026-05-09 12:00:00+00:00,2026-05-10 16:00:00+00:00,93.61,95.71859901069725,tp,8,0.022525360652678638,0.021525360652678637,2.1525360652678636
long,ooc,2026-05-11 00:00:00+00:00,2026-05-11 00:00:00+00:00,96.46,94.92375880604665,sl,1,-0.015926199398230815,-0.016926199398230816,-1.6926199398230817
long,ooc,2026-05-11 08:00:00+00:00,2026-05-11 16:00:00+00:00,95.34,97.73115889115905,tp,3,0.025080332401500434,0.024080332401500433,2.4080332401500435
long,ooc,2026-05-13 04:00:00+00:00,2026-05-13 12:00:00+00:00,95.57,94.01317630600181,sl,3,-0.01628987856019863,-0.017289878560198632,-1.7289878560198633
long,ooc,2026-05-15 04:00:00+00:00,2026-05-15 04:00:00+00:00,92.06,90.520369013345,sl,1,-0.01672421232516835,-0.01772421232516835,-1.772421232516835
long,ooc,2026-05-16 04:00:00+00:00,2026-05-16 04:00:00+00:00,89.05,87.62785962201852,sl,1,-0.01597013338553035,-0.016970133385530353,-1.6970133385530353
long,ooc,2026-05-17 20:00:00+00:00,2026-05-17 20:00:00+00:00,86.8,85.5835025822837,sl,1,-0.014014947208713106,-0.015014947208713107,-1.5014947208713108
long,ooc,2026-05-18 04:00:00+00:00,2026-05-20 16:00:00+00:00,84.86,86.9051892621994,tp,16,0.02410074548903371,0.02310074548903371,2.310074548903371
long,ooc,2026-05-21 00:00:00+00:00,2026-05-22 16:00:00+00:00,86.17,84.91834423899492,sl,11,-0.014525423709006412,-0.015525423709006413,-1.5525423709006412
long,ooc,2026-05-23 00:00:00+00:00,2026-05-23 04:00:00+00:00,84.41,83.05398892218142,sl,2,-0.016064578578587594,-0.017064578578587595,-1.7064578578587595
long,ooc,2026-05-25 08:00:00+00:00,2026-05-26 00:00:00+00:00,85.97,84.55707338877123,sl,5,-0.016435112379071415,-0.017435112379071416,-1.7435112379071416
long,ooc,2026-05-26 12:00:00+00:00,2026-05-26 16:00:00+00:00,85.23,83.95915818637012,sl,2,-0.014910733469786296,-0.015910733469786296,-1.5910733469786296
long,ooc,2026-05-28 00:00:00+00:00,2026-05-28 00:00:00+00:00,82.43,81.10132695026425,sl,1,-0.016118804436925333,-0.017118804436925334,-1.7118804436925334
long,ooc,2026-05-29 08:00:00+00:00,2026-05-29 12:00:00+00:00,82.25,80.9189448496871,sl,2,-0.01618304134119035,-0.01718304134119035,-1.718304134119035
long,ooc,2026-05-30 12:00:00+00:00,2026-06-01 04:00:00+00:00,82.34,81.06729351879484,sl,11,-0.015456721899504035,-0.016456721899504034,-1.6456721899504034
long,ooc,2026-06-01 16:00:00+00:00,2026-06-01 20:00:00+00:00,79.62,81.419723362039,tp,2,0.02260391060084136,0.02160391060084136,2.160391060084136
long,ooc,2026-06-14 08:00:00+00:00,2026-06-14 12:00:00+00:00,68.23,66.99696947596492,sl,2,-0.01807167703407719,-0.01907167703407719,-1.907167703407719
long,ooc,2026-06-14 20:00:00+00:00,2026-06-14 20:00:00+00:00,67.56,69.27551461077174,tp,1,0.025392460194963502,0.0243924601949635,2.43924601949635
long,ooc,2026-06-15 04:00:00+00:00,2026-06-15 12:00:00+00:00,71.25,73.2227396388797,tp,3,0.02768757387901336,0.026687573879013358,2.6687573879013358
long,ooc,2026-06-19 16:00:00+00:00,2026-06-20 04:00:00+00:00,69.34,71.60918286252564,tp,4,0.03272545230062935,0.03172545230062935,3.172545230062935
long,ooc,2026-06-20 12:00:00+00:00,2026-06-20 20:00:00+00:00,71.79,73.94053187023215,tp,3,0.02995586948366267,0.028955869483662668,2.8955869483662666
long,ooc,2026-06-21 04:00:00+00:00,2026-06-22 20:00:00+00:00,73.63,72.13775847310669,sl,11,-0.020266759838290228,-0.02126675983829023,-2.126675983829023
long,ooc,2026-06-24 00:00:00+00:00,2026-06-24 12:00:00+00:00,69.7,68.27066970972584,sl,4,-0.020506890821724043,-0.021506890821724044,-2.1506890821724043
long,ooc,2026-06-28 16:00:00+00:00,2026-06-28 16:00:00+00:00,72.08,70.4218241944081,sl,1,-0.023004658790120636,-0.024004658790120637,-2.4004658790120637
long,ooc,2026-06-29 00:00:00+00:00,2026-06-29 12:00:00+00:00,71.4,73.95131411590586,tp,4,0.03573269069896153,0.03473269069896153,3.473269069896153
long,ooc,2026-06-30 20:00:00+00:00,2026-07-01 12:00:00+00:00,73.75,76.28852658022076,tp,5,0.034420699392823884,0.03342069939282388,3.3420699392823883
long,ooc,2026-07-01 20:00:00+00:00,2026-07-02 08:00:00+00:00,77.01,79.73696110081003,tp,4,0.03541048046760199,0.03441048046760199,3.441048046760199
long,ooc,2026-07-02 20:00:00+00:00,2026-07-04 04:00:00+00:00,80.84,83.82645474090832,tp,9,0.03694278501865802,0.03594278501865802,3.594278501865802
long,ooc,2026-07-04 12:00:00+00:00,2026-07-05 00:00:00+00:00,81.84,80.21369508628325,sl,4,-0.01987176092029266,-0.02087176092029266,-2.087176092029266
long,ooc,2026-07-05 08:00:00+00:00,2026-07-06 12:00:00+00:00,80.72,79.27784118907182,sl,8,-0.017866189431716764,-0.018866189431716765,-1.8866189431716764
long,ooc,2026-07-06 20:00:00+00:00,2026-07-07 04:00:00+00:00,82.08,80.67076904230419,sl,3,-0.017168993149315442,-0.018168993149315443,-1.8168993149315442
long,ooc,2026-07-07 12:00:00+00:00,2026-07-08 00:00:00+00:00,81.33,79.92248502231492,sl,4,-0.017306221292082653,-0.018306221292082654,-1.8306221292082654
long,ooc,2026-07-09 16:00:00+00:00,2026-07-12 00:00:00+00:00,77.62,76.18807014907418,sl,15,-0.018447949638312627,-0.019447949638312628,-1.9447949638312627
long,ooc,2026-07-12 08:00:00+00:00,2026-07-13 12:00:00+00:00,76.51,75.34656910696351,sl,8,-0.015206259221493802,-0.016206259221493803,-1.6206259221493804
long,ooc,2026-07-13 20:00:00+00:00,2026-07-14 12:00:00+00:00,75.2,77.00846514524918,tp,5,0.024048738633632615,0.023048738633632614,2.3048738633632615
long,ooc,2026-07-14 20:00:00+00:00,2026-07-15 12:00:00+00:00,77.19,79.00555566561803,tp,5,0.023520607146237014,0.022520607146237014,2.2520607146237013
long,ooc,2026-07-15 20:00:00+00:00,2026-07-16 08:00:00+00:00,77.18,75.98760700377765,sl,4,-0.01544950759552154,-0.01644950759552154,-1.644950759552154
long,ooc,2026-07-16 16:00:00+00:00,2026-07-16 16:00:00+00:00,76.63,75.49897975407124,sl,1,-0.014759496880187295,-0.015759496880187296,-1.5759496880187296
long,ooc,2026-07-17 00:00:00+00:00,2026-07-17 12:00:00+00:00,75.33,74.19682437978592,sl,4,-0.015042819862127643,-0.016042819862127643,-1.6042819862127644
long,ooc,2026-07-17 20:00:00+00:00,2026-07-20 00:00:00+00:00,75.2,76.87710557419197,tp,14,0.02230193582702087,0.02130193582702087,2.130193582702087
long,ooc,2026-07-20 08:00:00+00:00,2026-07-20 12:00:00+00:00,76.23,77.63564733327698,tp,2,0.018439555729725488,0.017439555729725487,1.7439555729725487
long,ooc,2026-07-20 20:00:00+00:00,2026-07-23 12:00:00+00:00,77.65,76.6007052499491,sl,17,-0.013513132647146228,-0.014513132647146227,-1.4513132647146227
long,ooc,2026-07-24 04:00:00+00:00,2026-07-24 12:00:00+00:00,75.84,74.85920753420747,sl,3,-0.0129323901080239,-0.013932390108023902,-1.3932390108023902
long,ooc,2026-07-27 00:00:00+00:00,2026-07-27 12:00:00+00:00,76.78,75.96961886640372,sl,4,-0.010554586267208652,-0.011554586267208653,-1.1554586267208653
long,ooc,2026-07-27 20:00:00+00:00,2026-07-27 20:00:00+00:00,75.99,75.06548476409316,sl,1,-0.012166274982324497,-0.013166274982324498,-1.3166274982324497
long,ooc,2026-07-28 04:00:00+00:00,2026-07-30 12:00:00+00:00,73.28,74.86780414439993,tp,15,0.021667632974889807,0.020667632974889806,2.0667632974889805
long,ooc,2026-07-30 20:00:00+00:00,2026-07-31 04:00:00+00:00,74.78,73.74009351455179,sl,3,-0.013906211359296783,-0.014906211359296782,-1.4906211359296782
long,ooc,2026-07-31 12:00:00+00:00,2026-07-31 20:00:00+00:00,73.58,72.58286393349421,sl,3,-0.01355172691636027,-0.01455172691636027,-1.455172691636027
long,ooc,2026-08-01 04:00:00+00:00,2026-08-01 16:00:00+00:00,73.04,72.13997232414953,sl,4,-0.012322394247679093,-0.013322394247679094,-1.3322394247679095
long,ooc,2026-08-02 00:00:00+00:00,2026-08-02 00:00:00+00:00,71.95,73.30369744335383,tp,1,0.018814418948628536,0.017814418948628535,1.7814418948628536
long,ooc,2026-08-02 08:00:00+00:00,2026-08-03 04:00:00+00:00,73.48,72.57006847643947,sl,6,-0.012383390358744287,-0.013383390358744286,-1.3383390358744287
long,ooc,2026-08-03 12:00:00+00:00,2026-08-03 12:00:00+00:00,72.46,73.74332191198634,tp,1,0.017710763345105556,0.016710763345105555,1.6710763345105555
long,ooc,2026-08-03 20:00:00+00:00,2026-08-04 00:00:00+00:00,74.04,73.12638978528676,sl,2,-0.012339414029082181,-0.013339414029082182,-1.3339414029082182
long,ooc,2026-08-04 08:00:00+00:00,2026-08-06 16:00:00+00:00,73.7,72.78588497021684,sl,15,-0.012403189006555787,-0.013403189006555787,-1.3403189006555787
long,ooc,2026-08-07 12:00:00+00:00,2026-08-08 00:00:00+00:00,73.64,74.86870329687744,tp,4,0.016685270191165686,0.015685270191165685,1.5685270191165686
long,ooc,2026-08-08 08:00:00+00:00,2026-08-08 12:00:00+00:00,74.82,76.06786997829683,tp,2,0.016678294283571687,0.015678294283571686,1.5678294283571685
long,ooc,2026-08-08 20:00:00+00:00,2026-08-09 12:00:00+00:00,76.16,77.45339115973692,tp,5,0.01698255199234411,0.01598255199234411,1.5982551992344112
long,ooc,2026-08-09 20:00:00+00:00,2026-08-09 20:00:00+00:00,77.23,76.4522845723527,sl,1,-0.010070120777512733,-0.011070120777512734,-1.1070120777512733
long,ooc,2026-08-10 04:00:00+00:00,2026-08-10 16:00:00+00:00,76.64,75.79283720779391,sl,4,-0.011053794261561741,-0.01205379426156174,-1.205379426156174
long,ooc,2026-08-13 04:00:00+00:00,2026-08-13 16:00:00+00:00,76.26,75.40389566126503,sl,4,-0.011226125606280878,-0.012226125606280877,-1.2226125606280878
long,ooc,2026-08-14 00:00:00+00:00,2026-08-14 08:00:00+00:00,76.27,75.43256541500206,sl,3,-0.010979868690152567,-0.011979868690152568,-1.1979868690152569
long,ooc,2026-08-16 20:00:00+00:00,2026-08-16 20:00:00+00:00,75.24,74.67309531014334,sl,1,-0.00753461841914748,-0.00853461841914748,-0.8534618419147479
long,ooc,2026-08-17 04:00:00+00:00,2026-08-18 12:00:00+00:00,75.51,76.49882825958503,tp,9,0.013095328560257182,0.012095328560257183,1.2095328560257184
long,ooc,2026-08-18 20:00:00+00:00,2026-08-19 12:00:00+00:00,77.19,78.25802931454632,tp,5,0.013836368889057165,0.012836368889057165,1.2836368889057166
long,ooc,2026-08-19 20:00:00+00:00,2026-08-19 20:00:00+00:00,82.37,83.94812857295803,tp,1,0.0191590211601071,0.0181590211601071,1.8159021160107098
long,ooc,2026-09-04 08:00:00+00:00,2026-09-04 12:00:00+00:00,103.61,101.65632059600655,sl,2,-0.018856089219124097,-0.019856089219124098,-1.9856089219124098
long,ooc,2026-09-05 00:00:00+00:00,2026-09-06 00:00:00+00:00,101.91,104.77317605128553,tp,7,0.028095143276278434,0.027095143276278433,2.7095143276278435
long,ooc,2026-09-06 08:00:00+00:00,2026-09-07 12:00:00+00:00,105.25,103.46176518813853,sl,8,-0.016990354506997353,-0.017990354506997354,-1.7990354506997355
long,ooc,2026-09-09 16:00:00+00:00,2026-09-09 20:00:00+00:00,103.08,101.29504287243306,sl,2,-0.017316231350086735,-0.018316231350086736,-1.8316231350086736
long,ooc,2026-09-10 04:00:00+00:00,2026-09-10 12:00:00+00:00,101.83,100.02663964676947,sl,3,-0.017709519328592074,-0.018709519328592075,-1.8709519328592075
long,ooc,2026-09-10 20:00:00+00:00,2026-09-11 12:00:00+00:00,99.69,97.90215574113346,sl,5,-0.01793403810679649,-0.018934038106796492,-1.8934038106796491
long,ooc,2026-09-12 04:00:00+00:00,2026-09-13 08:00:00+00:00,101.65,99.653002889743,sl,8,-0.019645815152553002,-0.020645815152553003,-2.0645815152553
long,ooc,2026-09-13 20:00:00+00:00,2026-09-13 20:00:00+00:00,100.98,99.50774204944184,sl,1,-0.014579698460667055,-0.015579698460667056,-1.5579698460667055
long,ooc,2026-09-14 04:00:00+00:00,2026-09-14 16:00:00+00:00,100.99,103.3887877064617,tp,4,0.023752725086263034,0.022752725086263033,2.2752725086263035
long,ooc,2026-09-15 00:00:00+00:00,2026-09-15 04:00:00+00:00,102.55,100.91916278820422,sl,2,-0.015902849456809153,-0.016902849456809154,-1.6902849456809155
long,ooc,2026-09-15 20:00:00+00:00,2026-09-17 08:00:00+00:00,97.91,100.80102442679936,tp,10,0.029527366222034133,0.028527366222034133,2.8527366222034134
long,ooc,2026-09-17 16:00:00+00:00,2026-09-18 00:00:00+00:00,101.29,103.93352991849697,tp,3,0.026098626897985647,0.025098626897985647,2.5098626897985645
long,ooc,2026-09-18 08:00:00+00:00,2026-09-18 12:00:00+00:00,105.8,108.57478688572968,tp,2,0.026226719146783387,0.025226719146783386,2.5226719146783387
long,ooc,2026-09-18 20:00:00+00:00,2026-09-19 04:00:00+00:00,114.23,112.01677191740814,sl,3,-0.01937519112835392,-0.020375191128353922,-2.037519112835392
long,ooc,2026-09-19 12:00:00+00:00,2026-09-20 00:00:00+00:00,111.9,109.82729182458074,sl,4,-0.018522861263800403,-0.019522861263800404,-1.9522861263800404
long,ooc,2026-09-20 08:00:00+00:00,2026-09-20 20:00:00+00:00,108.47,111.46474676634719,tp,4,0.027608986506381408,0.026608986506381407,2.6608986506381407
long,ooc,2026-09-21 04:00:00+00:00,2026-09-21 08:00:00+00:00,111.58,114.56223068534939,tp,2,0.02672728701693308,0.025727287016933078,2.5727287016933076
long,ooc,2026-09-21 16:00:00+00:00,2026-09-22 04:00:00+00:00,117.95,115.6938506278638,sl,4,-0.019128015024469747,-0.020128015024469748,-2.0128015024469748
long,ooc,2026-09-22 12:00:00+00:00,2026-09-23 12:00:00+00:00,117.34,115.12327873276655,sl,7,-0.018891437423158793,-0.019891437423158794,-1.9891437423158793
long,ooc,2026-09-26 08:00:00+00:00,2026-09-27 04:00:00+00:00,120.77,124.24067399992322,tp,6,0.02873788192368321,0.02773788192368321,2.773788192368321
long,ooc,2026-09-27 12:00:00+00:00,2026-09-27 12:00:00+00:00,123.93,121.76237118177548,sl,1,-0.017490751377588386,-0.018490751377588387,-1.8490751377588388
long,ooc,2026-09-27 20:00:00+00:00,2026-09-28 00:00:00+00:00,123.04,120.84189147816355,sl,2,-0.017864991237292422,-0.018864991237292423,-1.8864991237292423
long,ooc,2026-09-28 08:00:00+00:00,2026-09-29 12:00:00+00:00,118.06,121.52793791316037,tp,8,0.029374368229378025,0.028374368229378024,2.837436822937802
long,ooc,2026-09-29 20:00:00+00:00,2026-09-30 04:00:00+00:00,118.8,118.46,timeout,3,-0.0028619528619528906,-0.0038619528619528907,-0.3861952861952891
short,train,2021-10-18 12:00:00+00:00,2021-10-18 12:00:00+00:00,156.917,159.45179851778533,sl,1,-0.016153753371434154,-0.017153753371434155,-1.7153753371434155
short,train,2021-10-18 20:00:00+00:00,2021-10-19 04:00:00+00:00,156.743,159.17492066074348,sl,3,-0.015515338233563773,-0.016515338233563773,-1.6515338233563774
short,train,2021-10-19 12:00:00+00:00,2021-10-20 08:00:00+00:00,157.039,159.1589678647307,sl,6,-0.013499626619697726,-0.014499626619697725,-1.4499626619697725
short,train,2021-11-12 16:00:00+00:00,2021-11-12 16:00:00+00:00,222.38,226.18003934750058,sl,1,-0.017088044552120634,-0.018088044552120635,-1.8088044552120635
short,train,2021-11-16 04:00:00+00:00,2021-11-16 04:00:00+00:00,226.54,229.7893358397666,sl,1,-0.014343320560460032,-0.015343320560460033,-1.5343320560460034
short,train,2021-11-16 12:00:00+00:00,2021-11-17 08:00:00+00:00,224.897,210.62148455264162,tp,6,0.0634757931291141,0.062475793129114096,6.24757931291141
short,train,2021-11-17 16:00:00+00:00,2021-11-17 20:00:00+00:00,213.7,217.59250509392118,sl,2,-0.018214810921484265,-0.019214810921484266,-1.9214810921484267
short,train,2021-11-18 04:00:00+00:00,2021-11-18 12:00:00+00:00,216.763,201.84979126626112,tp,3,0.06879960479297151,0.06779960479297151,6.77996047929715
short,train,2021-11-19 00:00:00+00:00,2021-11-19 00:00:00+00:00,195.128,199.44545487202882,sl,1,-0.02212627030476832,-0.023126270304768323,-2.312627030476832
short,train,2021-11-19 08:00:00+00:00,2021-11-19 08:00:00+00:00,196.427,200.9011218029228,sl,1,-0.022777529580570947,-0.023777529580570948,-2.3777529580570946
short,train,2021-11-19 16:00:00+00:00,2021-11-19 16:00:00+00:00,213.93,218.6215642076222,sl,1,-0.02193037071762823,-0.02293037071762823,-2.293037071762823
short,train,2021-11-20 08:00:00+00:00,2021-11-20 08:00:00+00:00,212.848,217.06683571516814,sl,1,-0.01982088492806193,-0.02082088492806193,-2.082088492806193
short,train,2021-11-21 08:00:00+00:00,2021-11-21 16:00:00+00:00,213.803,217.70245517246943,sl,3,-0.018238542829003477,-0.019238542829003478,-1.9238542829003478
short,train,2021-11-22 00:00:00+00:00,2021-11-22 16:00:00+00:00,230.531,214.21715918566227,tp,5,0.07076636467259387,0.06976636467259387,6.976636467259387
short,train,2021-11-23 00:00:00+00:00,2021-11-23 00:00:00+00:00,215.567,219.93131167117113,sl,1,-0.020245731819671483,-0.021245731819671484,-2.1245731819671483
short,train,2021-11-23 12:00:00+00:00,2021-11-23 12:00:00+00:00,212.29,216.5161748329311,sl,1,-0.0199075549151214,-0.0209075549151214,-2.09075549151214
short,train,2021-11-23 20:00:00+00:00,2021-11-24 12:00:00+00:00,224.57,207.63792761703348,tp,5,0.07539774851033758,0.07439774851033758,7.439774851033758
short,train,2021-11-24 20:00:00+00:00,2021-11-24 20:00:00+00:00,202.013,206.144634788344,sl,1,-0.020452321327558136,-0.021452321327558137,-2.1452321327558135
short,train,2021-11-25 08:00:00+00:00,2021-11-25 08:00:00+00:00,205.744,209.7257571537871,sl,1,-0.019352968513235383,-0.020352968513235384,-2.0352968513235385
short,train,2021-11-25 20:00:00+00:00,2021-11-26 08:00:00+00:00,210.436,194.85822016491218,tp,4,0.07402621146138409,0.07302621146138409,7.302621146138409
short,train,2021-11-27 00:00:00+00:00,2021-11-27 04:00:00+00:00,192.372,196.6712422114824,sl,2,-0.022348586132505663,-0.023348586132505664,-2.3348586132505664
short,train,2021-11-27 12:00:00+00:00,2021-11-28 20:00:00+00:00,196.167,192.62367216322167,sl,9,0.018062812994939677,0.017062812994939676,1.7062812994939676
short,train,2021-11-29 04:00:00+00:00,2021-11-29 04:00:00+00:00,200.834,204.35869315903662,sl,1,-0.017550281122900583,-0.018550281122900584,-1.8550281122900585
short,train,2021-11-29 12:00:00+00:00,2021-11-29 12:00:00+00:00,203.465,206.88168950957748,sl,1,-0.016792517187612023,-0.017792517187612024,-1.7792517187612025
short,train,2021-11-29 20:00:00+00:00,2021-11-30 12:00:00+00:00,206.083,209.53346952611528,sl,5,-0.016743106059768562,-0.017743106059768563,-1.7743106059768563
short,train,2021-12-01 00:00:00+00:00,2021-12-01 00:00:00+00:00,208.514,212.0727616631018,sl,1,-0.01706725525912788,-0.01806725525912788,-1.806725525912788
short,train,2021-12-04 08:00:00+00:00,2021-12-04 12:00:00+00:00,192.996,199.10804729359526,sl,2,-0.031669295185367846,-0.03266929518536785,-3.266929518536785
short,train,2021-12-05 04:00:00+00:00,2021-12-05 04:00:00+00:00,196.564,202.80744668940184,sl,1,-0.03176292041982179,-0.03276292041982179,-3.276292041982179
short,train,2021-12-05 12:00:00+00:00,2021-12-06 20:00:00+00:00,196.123,194.00380342615688,sl,9,0.010805446448622101,0.0098054464486221,0.98054464486221
short,train,2021-12-07 04:00:00+00:00,2021-12-07 04:00:00+00:00,195.31,200.6955921615484,sl,1,-0.027574584821813537,-0.028574584821813537,-2.857458482181354
short,train,2021-12-07 12:00:00+00:00,2021-12-09 12:00:00+00:00,203.124,182.97578417751674,tp,13,0.09919170468523292,0.09819170468523292,9.819170468523291
short,train,2021-12-09 20:00:00+00:00,2021-12-11 00:00:00+00:00,181.311,165.95938964194525,tp,8,0.08467004405719872,0.08367004405719872,8.367004405719872
short,train,2021-12-11 08:00:00+00:00,2021-12-11 16:00:00+00:00,169.178,172.78084501886457,sl,3,-0.02129617928374003,-0.02229617928374003,-2.229617928374003
short,train,2021-12-12 00:00:00+00:00,2021-12-12 16:00:00+00:00,172.151,175.41748360276424,sl,5,-0.018974525868361063,-0.019974525868361064,-1.9974525868361064
short,train,2021-12-13 00:00:00+00:00,2021-12-13 12:00:00+00:00,172.812,161.69281816028248,tp,4,0.0643426488884888,0.0633426488884888,6.33426488884888
short,train,2021-12-14 00:00:00+00:00,2021-12-14 12:00:00+00:00,155.194,158.5159024157858,sl,4,-0.0214048379176116,-0.0224048379176116,-2.24048379176116
short,train,2021-12-14 20:00:00+00:00,2021-12-14 20:00:00+00:00,154.025,157.18817299556056,sl,1,-0.0205367504986889,-0.0215367504986889,-2.15367504986889
short,train,2021-12-15 04:00:00+00:00,2021-12-15 04:00:00+00:00,160.5,163.71499865433537,sl,1,-0.020031144263771807,-0.021031144263771808,-2.103114426377181
short,train,2021-12-15 16:00:00+00:00,2021-12-15 16:00:00+00:00,157.625,160.89164232637566,sl,1,-0.020724138470265885,-0.021724138470265886,-2.1724138470265886
short,train,2021-12-16 08:00:00+00:00,2021-12-16 08:00:00+00:00,178.314,181.931850491556,sl,1,-0.02028921168027187,-0.021289211680271872,-2.1289211680271873
short,train,2021-12-17 00:00:00+00:00,2021-12-17 00:00:00+00:00,176.909,180.60582067079682,sl,1,-0.020896736010021115,-0.021896736010021116,-2.1896736010021116
short,train,2021-12-17 08:00:00+00:00,2021-12-17 16:00:00+00:00,177.801,178.8396432657857,sl,3,-0.005841605310350946,-0.006841605310350946,-0.6841605310350946
short,train,2021-12-18 16:00:00+00:00,2021-12-19 00:00:00+00:00,181.444,184.66600688048572,sl,3,-0.017757582948379314,-0.018757582948379314,-1.8757582948379314
short,train,2021-12-19 20:00:00+00:00,2021-12-19 20:00:00+00:00,180.368,183.271707510067,sl,1,-0.016098795296654582,-0.017098795296654583,-1.7098795296654583
short,train,2021-12-20 04:00:00+00:00,2021-12-20 20:00:00+00:00,178.32,176.9674729979794,sl,5,0.007584830652874573,0.006584830652874573,0.6584830652874573
short,train,2021-12-21 16:00:00+00:00,2021-12-21 20:00:00+00:00,177.456,180.19538411307758,sl,2,-0.015436976563641642,-0.016436976563641643,-1.6436976563641643
short,train,2021-12-29 04:00:00+00:00,2021-12-30 00:00:00+00:00,179.697,168.52300601726733,tp,6,0.06218241808562562,0.06118241808562562,6.118241808562562
short,train,2021-12-30 08:00:00+00:00,2021-12-31 08:00:00+00:00,173.701,176.35584299839184,sl,7,-0.015283982236094453,-0.016283982236094452,-1.6283982236094452
short,train,2021-12-31 16:00:00+00:00,2022-01-01 00:00:00+00:00,175.723,174.1446266032921,sl,3,0.008982167369712087,0.007982167369712086,0.7982167369712085
short,train,2022-01-01 08:00:00+00:00,2022-01-01 16:00:00+00:00,173.114,175.32820021967086,sl,3,-0.012790416833247787,-0.013790416833247787,-1.3790416833247787
short,train,2022-01-02 04:00:00+00:00,2022-01-03 16:00:00+00:00,177.707,169.78786189413452,tp,10,0.044562893447447044,0.04356289344744704,4.356289344744704
short,train,2022-01-04 00:00:00+00:00,2022-01-04 08:00:00+00:00,170.167,171.80765827801392,sl,3,-0.00964145973081688,-0.010641459730816882,-1.0641459730816882
short,train,2022-01-05 00:00:00+00:00,2022-01-05 04:00:00+00:00,167.8,169.58779259300715,sl,2,-0.01065430627537032,-0.01165430627537032,-1.165430627537032
short,train,2022-01-05 12:00:00+00:00,2022-01-05 16:00:00+00:00,168.551,161.77836614163743,tp,2,0.04018151098695679,0.03918151098695679,3.918151098695679
short,train,2022-01-06 00:00:00+00:00,2022-01-06 16:00:00+00:00,154.48,153.03186914727291,sl,5,0.009374228720397951,0.00837422872039795,0.837422872039795
short,train,2022-01-07 00:00:00+00:00,2022-01-07 00:00:00+00:00,150.264,140.79825946116216,tp,1,0.06299406736701971,0.061994067367019706,6.19940673670197
short,train,2022-01-07 12:00:00+00:00,2022-01-07 12:00:00+00:00,139.208,141.88314904918246,sl,1,-0.01921692035789944,-0.020216920357899442,-2.021692035789944
short,train,2022-01-07 20:00:00+00:00,2022-01-08 04:00:00+00:00,140.234,143.07872800669307,sl,3,-0.020285579864320065,-0.021285579864320066,-2.1285579864320066
short,train,2022-01-08 12:00:00+00:00,2022-01-08 16:00:00+00:00,146.404,135.42576144323613,tp,2,0.07498591948829178,0.07398591948829178,7.398591948829178
short,train,2022-01-09 00:00:00+00:00,2022-01-09 16:00:00+00:00,142.14,145.35642839916272,sl,5,-0.02262859433771449,-0.02362859433771449,-2.3628594337714492
short,train,2022-01-10 04:00:00+00:00,2022-01-10 04:00:00+00:00,140.599,143.3911269713807,sl,1,-0.019858796800693437,-0.020858796800693438,-2.0858796800693438
short,train,2022-01-10 12:00:00+00:00,2022-01-11 08:00:00+00:00,139.502,138.05420344127555,sl,6,0.010378321161879131,0.00937832116187913,0.9378321161879131
short,train,2022-01-11 16:00:00+00:00,2022-01-11 16:00:00+00:00,137.075,139.6180202468741,sl,1,-0.018552035359285846,-0.019552035359285846,-1.9552035359285846
short,train,2022-01-12 00:00:00+00:00,2022-01-12 08:00:00+00:00,140.182,142.71646643735573,sl,3,-0.018079827919103356,-0.019079827919103357,-1.9079827919103356
short,train,2022-01-12 16:00:00+00:00,2022-01-12 16:00:00+00:00,147.727,150.199914759926,sl,1,-0.01673976158675123,-0.01773976158675123,-1.773976158675123
short,train,2022-01-13 04:00:00+00:00,2022-01-13 04:00:00+00:00,148.664,151.02344979138388,sl,1,-0.015871023189096858,-0.01687102318909686,-1.6871023189096859
short,train,2022-01-13 12:00:00+00:00,2022-01-13 12:00:00+00:00,150.341,152.57632915685653,sl,1,-0.014868393564340549,-0.015868393564340548,-1.5868393564340548
short,train,2022-01-14 00:00:00+00:00,2022-01-14 04:00:00+00:00,146.138,148.60013945248318,sl,2,-0.016848043989127887,-0.017848043989127888,-1.7848043989127889
short,train,2022-01-14 16:00:00+00:00,2022-01-16 04:00:00+00:00,147.35,149.8164799927731,sl,10,-0.016738920887499946,-0.017738920887499947,-1.7738920887499947
short,train,2022-01-16 12:00:00+00:00,2022-01-16 12:00:00+00:00,148.149,150.01549753550378,sl,1,-0.012598785921631482,-0.013598785921631482,-1.3598785921631482
short,train,2022-01-17 00:00:00+00:00,2022-01-17 16:00:00+00:00,148.006,140.679493315595,tp,5,0.049501416729085236,0.048501416729085235,4.850141672908523
short,train,2022-01-18 00:00:00+00:00,2022-01-18 00:00:00+00:00,139.812,141.54968546544058,sl,1,-0.012428729046437811,-0.013428729046437812,-1.3428729046437813
short,train,2022-01-18 08:00:00+00:00,2022-01-18 20:00:00+00:00,140.168,139.44401291315495,sl,4,0.005165138168804981,0.004165138168804981,0.4165138168804981
short,train,2022-01-19 20:00:00+00:00,2022-01-20 12:00:00+00:00,136.716,138.5697509512126,sl,5,-0.013559136832650087,-0.014559136832650088,-1.4559136832650088
short,train,2022-01-20 20:00:00+00:00,2022-01-20 20:00:00+00:00,139.954,132.7088001794153,tp,1,0.05176843691916416,0.05076843691916416,5.076843691916416
short,train,2022-01-21 08:00:00+00:00,2022-01-21 12:00:00+00:00,126.514,117.51681996872281,tp,2,0.0711160822618618,0.07011608226186179,7.011608226186179
short,train,2022-01-21 20:00:00+00:00,2022-01-21 20:00:00+00:00,120.326,110.48648814551167,tp,1,0.08177378001835282,0.08077378001835282,8.077378001835282
short,train,2022-01-22 04:00:00+00:00,2022-01-22 08:00:00+00:00,109.694,98.25692090097691,tp,2,0.10426348842254904,0.10326348842254904,10.326348842254903
short,train,2022-01-22 16:00:00+00:00,2022-01-22 16:00:00+00:00,93.011,96.57536140493383,sl,1,-0.03832193401784557,-0.03932193401784557,-3.932193401784557
short,train,2022-01-23 00:00:00+00:00,2022-01-23 00:00:00+00:00,94.609,98.2887810073154,sl,1,-0.038894618982500594,-0.039894618982500595,-3.9894618982500596
short,train,2022-01-23 08:00:00+00:00,2022-01-24 04:00:00+00:00,101.233,86.59159203599384,tp,6,0.144630782096808,0.143630782096808,14.363078209680799
short,train,2022-01-24 12:00:00+00:00,2022-01-24 12:00:00+00:00,83.986,87.59234473015283,sl,1,-0.0429398319976285,-0.0439398319976285,-4.39398319976285
short,train,2022-01-24 20:00:00+00:00,2022-01-24 20:00:00+00:00,89.608,93.26851407855014,sl,1,-0.04085030442092376,-0.04185030442092376,-4.185030442092376
short,train,2022-01-25 04:00:00+00:00,2022-01-25 08:00:00+00:00,90.099,93.62710142487232,sl,2,-0.03915805308463266,-0.04015805308463266,-4.015805308463266
short,train,2022-01-25 16:00:00+00:00,2022-01-25 16:00:00+00:00,92.916,96.15896221954974,sl,1,-0.034902085965277656,-0.03590208596527766,-3.5902085965277655
short,train,2022-01-26 00:00:00+00:00,2022-01-26 08:00:00+00:00,94.647,97.84223528114238,sl,3,-0.033759498781180314,-0.034759498781180315,-3.4759498781180316
short,train,2022-01-26 16:00:00+00:00,2022-01-26 16:00:00+00:00,98.764,101.70106200189262,sl,1,-0.02973818397283046,-0.03073818397283046,-3.073818397283046
short,train,2022-01-27 04:00:00+00:00,2022-01-27 08:00:00+00:00,86.833,90.01150263052409,sl,2,-0.03660477733723461,-0.037604777337234614,-3.7604777337234614
short,train,2022-01-27 16:00:00+00:00,2022-01-29 04:00:00+00:00,92.335,94.40780387674356,sl,10,-0.02244873424750705,-0.023448734247507052,-2.344873424750705
short,train,2022-01-29 12:00:00+00:00,2022-01-29 12:00:00+00:00,96.262,98.59804822308799,sl,1,-0.02426760531765375,-0.025267605317653753,-2.526760531765375
short,train,2022-01-29 20:00:00+00:00,2022-01-30 04:00:00+00:00,95.271,97.54164617194832,sl,3,-0.023833550313823875,-0.024833550313823876,-2.483355031382388
short,train,2022-01-30 12:00:00+00:00,2022-01-31 12:00:00+00:00,96.38,95.28913215720135,sl,7,0.011318404677304881,0.010318404677304882,1.0318404677304882
short,train,2022-01-31 20:00:00+00:00,2022-01-31 20:00:00+00:00,98.367,100.24963944554783,sl,1,-0.019138933235209203,-0.020138933235209204,-2.01389332352092
short,train,2022-02-01 04:00:00+00:00,2022-02-01 08:00:00+00:00,106.914,108.98886768519175,sl,2,-0.019406884834462727,-0.020406884834462728,-2.0406884834462726
short,train,2022-02-01 16:00:00+00:00,2022-02-01 16:00:00+00:00,108.72,110.81906516194105,sl,1,-0.019307074705123765,-0.020307074705123766,-2.0307074705123767
short,train,2022-02-02 16:00:00+00:00,2022-02-02 16:00:00+00:00,105.983,108.13868771943498,sl,1,-0.020339938664078006,-0.021339938664078007,-2.133993866407801
short,train,2022-02-03 00:00:00+00:00,2022-02-03 20:00:00+00:00,101.94,101.82079680486497,sl,6,0.0011693466267905508,0.0001693466267905508,0.01693466267905508
short,train,2022-02-11 20:00:00+00:00,2022-02-12 16:00:00+00:00,99.705,98.75704157587097,sl,6,0.009507631754967423,0.008507631754967424,0.8507631754967424
short,train,2022-02-13 04:00:00+00:00,2022-02-14 12:00:00+00:00,95.989,96.4566012416494,sl,9,-0.0048714044489409246,-0.005871404448940925,-0.5871404448940925
short,train,2022-02-15 00:00:00+00:00,2022-02-15 00:00:00+00:00,96.398,98.14112923118167,sl,1,-0.018082628593764073,-0.019082628593764073,-1.9082628593764073
short,train,2022-02-15 08:00:00+00:00,2022-02-15 20:00:00+00:00,101.979,103.75359867382501,sl,4,-0.01740160889815561,-0.018401608898155612,-1.8401608898155613
short,train,2022-02-16 16:00:00+00:00,2022-02-16 16:00:00+00:00,99.12,100.86045605810375,sl,1,-0.01755908048934368,-0.018559080489343682,-1.8559080489343682
short,train,2022-02-17 08:00:00+00:00,2022-02-17 16:00:00+00:00,100.896,93.95699005877746,tp,3,0.06877388539904988,0.06777388539904988,6.7773885399049885
short,train,2022-02-18 04:00:00+00:00,2022-02-18 08:00:00+00:00,94.378,96.1526100871783,sl,2,-0.0188032177750991,-0.0198032177750991,-1.98032177750991
short,train,2022-02-18 16:00:00+00:00,2022-02-19 04:00:00+00:00,90.95,92.68441139268613,sl,4,-0.01906994384481723,-0.02006994384481723,-2.006994384481723
short,train,2022-02-19 12:00:00+00:00,2022-02-19 12:00:00+00:00,89.49,91.07868101130595,sl,1,-0.017752609356419168,-0.01875260935641917,-1.8752609356419168
short,train,2022-02-19 20:00:00+00:00,2022-02-19 20:00:00+00:00,89.863,91.40277852505461,sl,1,-0.017134733149957324,-0.018134733149957324,-1.8134733149957325
short,train,2022-02-20 04:00:00+00:00,2022-02-20 08:00:00+00:00,88.428,89.95529627925627,sl,2,-0.01727163657728634,-0.01827163657728634,-1.827163657728634
short,train,2022-02-20 20:00:00+00:00,2022-02-20 20:00:00+00:00,92.05,93.67712466242811,sl,1,-0.017676530824857317,-0.018676530824857318,-1.8676530824857318
short,train,2022-02-21 04:00:00+00:00,2022-02-21 04:00:00+00:00,93.833,95.53049524464465,sl,1,-0.01809059973191368,-0.019090599731913682,-1.9090599731913682
short,train,2022-02-21 12:00:00+00:00,2022-02-21 12:00:00+00:00,89.106,90.92173569563748,sl,1,-0.020377255130266038,-0.02137725513026604,-2.137725513026604
short,train,2022-02-21 20:00:00+00:00,2022-02-22 12:00:00+00:00,87.491,86.71784182493982,sl,5,0.008837002378075172,0.007837002378075171,0.7837002378075171
short,train,2022-02-22 20:00:00+00:00,2022-02-23 00:00:00+00:00,86.312,88.16136793649241,sl,2,-0.021426544819867614,-0.022426544819867614,-2.2426544819867615
short,train,2022-02-23 08:00:00+00:00,2022-02-23 08:00:00+00:00,89.138,90.88830151474994,sl,1,-0.01963586253617913,-0.02063586253617913,-2.063586253617913
short,train,2022-02-23 16:00:00+00:00,2022-02-23 16:00:00+00:00,89.737,91.55462987751397,sl,1,-0.0202550773651223,-0.0212550773651223,-2.12550773651223
short,train,2022-02-24 04:00:00+00:00,2022-02-24 04:00:00+00:00,77.566,79.64226360819906,sl,1,-0.02676770244951469,-0.02776770244951469,-2.7767702449514693
short,train,2022-02-24 12:00:00+00:00,2022-02-24 12:00:00+00:00,81.375,83.64921198870225,sl,1,-0.027947305544728088,-0.02894730554472809,-2.894730554472809
short,train,2022-02-25 08:00:00+00:00,2022-02-25 12:00:00+00:00,88.767,91.18427339133476,sl,2,-0.027231667075994007,-0.028231667075994008,-2.823166707599401
short,train,2022-02-26 04:00:00+00:00,2022-02-28 08:00:00+00:00,92.75,90.93508955786014,sl,14,0.019567767570241097,0.018567767570241096,1.8567767570241096
short,train,2022-03-04 04:00:00+00:00,2022-03-04 08:00:00+00:00,91.519,93.52986720820313,sl,2,-0.02197212828159315,-0.02297212828159315,-2.297212828159315
short,train,2022-03-04 16:00:00+00:00,2022-03-07 00:00:00+00:00,91.299,83.79029481571101,tp,15,0.08224301672843075,0.08124301672843075,8.124301672843075
short,train,2022-03-07 08:00:00+00:00,2022-03-07 08:00:00+00:00,81.793,83.22383871013166,sl,1,-0.01749341276309284,-0.01849341276309284,-1.849341276309284
short,train,2022-03-08 04:00:00+00:00,2022-03-08 16:00:00+00:00,83.496,85.04644105451023,sl,4,-0.018569045876571696,-0.019569045876571697,-1.9569045876571698
short,train,2022-03-09 08:00:00+00:00,2022-03-10 04:00:00+00:00,89.238,82.9576283104892,tp,6,0.0703777728043076,0.0693777728043076,6.93777728043076
short,train,2022-03-10 12:00:00+00:00,2022-03-10 12:00:00+00:00,82.08,83.56696513689458,sl,1,-0.018116046989456413,-0.019116046989456414,-1.9116046989456414
short,train,2022-03-10 20:00:00+00:00,2022-03-10 20:00:00+00:00,82.457,83.8871842251795,sl,1,-0.01734460658500191,-0.01834460658500191,-1.834460658500191
short,train,2022-03-11 04:00:00+00:00,2022-03-11 08:00:00+00:00,81.953,83.3386231329354,sl,2,-0.01690753398820535,-0.01790753398820535,-1.790753398820535
short,train,2022-03-11 16:00:00+00:00,2022-03-13 04:00:00+00:00,81.795,83.17602715854922,sl,10,-0.01688400462802391,-0.017884004628023913,-1.7884004628023913
short,train,2022-03-13 12:00:00+00:00,2022-03-14 04:00:00+00:00,81.052,80.72232515514041,sl,5,0.00406744861150368,0.0030674486115036797,0.306744861150368
short,train,2022-03-14 12:00:00+00:00,2022-03-14 20:00:00+00:00,80.877,81.4376532611383,sl,3,-0.00693217183053648,-0.00793217183053648,-0.793217183053648
short,train,2022-03-15 04:00:00+00:00,2022-03-15 12:00:00+00:00,79.631,80.61771818418863,sl,3,-0.01239113139592159,-0.013391131395921591,-1.3391131395921592
short,train,2022-03-15 20:00:00+00:00,2022-03-16 00:00:00+00:00,84.559,85.62834014625706,sl,2,-0.012646083163909956,-0.013646083163909955,-1.3646083163909954
short,train,2022-03-16 08:00:00+00:00,2022-03-16 08:00:00+00:00,82.837,83.95887255879256,sl,1,-0.013543133609287642,-0.014543133609287641,-1.4543133609287642
short,train,2022-03-18 04:00:00+00:00,2022-03-18 04:00:00+00:00,85.925,87.11900941204543,sl,1,-0.013895948932737061,-0.01489594893273706,-1.489594893273706
short,train,2022-04-07 00:00:00+00:00,2022-04-07 04:00:00+00:00,112.972,115.71934226897544,sl,2,-0.024318789336963534,-0.025318789336963535,-2.5318789336963534
short,train,2022-04-07 16:00:00+00:00,2022-04-07 16:00:00+00:00,113.23,115.8644568680812,sl,1,-0.02326642116118698,-0.02426642116118698,-2.426642116118698
short,train,2022-04-08 12:00:00+00:00,2022-04-08 12:00:00+00:00,115.299,117.87686974348574,sl,1,-0.022358127507486922,-0.023358127507486923,-2.3358127507486923
short,train,2022-04-09 04:00:00+00:00,2022-04-09 20:00:00+00:00,109.444,111.97113367460685,sl,5,-0.02309065526302807,-0.02409065526302807,-2.409065526302807
short,train,2022-04-10 04:00:00+00:00,2022-04-10 16:00:00+00:00,113.384,115.49037031821022,sl,4,-0.01857731530207282,-0.01957731530207282,-1.957731530207282
short,train,2022-04-11 00:00:00+00:00,2022-04-11 12:00:00+00:00,111.077,103.23746235899306,tp,4,0.07057750606342394,0.06957750606342394,6.957750606342394
short,train,2022-04-11 20:00:00+00:00,2022-04-12 08:00:00+00:00,101.371,103.36987722904816,sl,4,-0.019718432579812394,-0.020718432579812394,-2.0718432579812394
short,train,2022-04-12 16:00:00+00:00,2022-04-14 00:00:00+00:00,106.015,106.03257052309851,sl,9,-0.0001657361986371083,-0.0011657361986371084,-0.11657361986371084
short,train,2022-04-14 08:00:00+00:00,2022-04-14 16:00:00+00:00,106.405,99.38981859264173,tp,3,0.0659290579141795,0.0649290579141795,6.492905791417949
short,train,2022-04-15 00:00:00+00:00,2022-04-15 12:00:00+00:00,100.78,102.52676511203379,sl,4,-0.01733245794834079,-0.01833245794834079,-1.8332457948340792
short,train,2022-04-16 04:00:00+00:00,2022-04-16 08:00:00+00:00,101.062,102.48780026840734,sl,2,-0.014108173877494442,-0.01510817387749444,-1.510817387749444
short,train,2022-04-16 16:00:00+00:00,2022-04-16 16:00:00+00:00,100.96,102.28195651956666,sl,1,-0.013093864100303774,-0.014093864100303773,-1.4093864100303772
short,train,2022-04-17 04:00:00+00:00,2022-04-17 12:00:00+00:00,101.483,102.68867965506122,sl,3,-0.011880607146627687,-0.012880607146627688,-1.2880607146627687
short,train,2022-04-18 16:00:00+00:00,2022-04-18 16:00:00+00:00,98.659,99.98848082219408,sl,1,-0.013475514876433687,-0.014475514876433688,-1.4475514876433688
short,train,2022-04-19 00:00:00+00:00,2022-04-19 00:00:00+00:00,102.37,103.75110081097347,sl,1,-0.013491265126242692,-0.014491265126242693,-1.4491265126242694
short,train,2022-04-19 08:00:00+00:00,2022-04-19 08:00:00+00:00,101.87,103.20015835231895,sl,1,-0.013057409956993681,-0.014057409956993682,-1.4057409956993683
short,train,2022-04-19 16:00:00+00:00,2022-04-19 20:00:00+00:00,106.464,107.90753449766277,sl,2,-0.013558897821449199,-0.014558897821449198,-1.4558897821449197
short,train,2022-04-20 12:00:00+00:00,2022-04-20 12:00:00+00:00,110.447,104.74737487177438,tp,1,0.051605069655360665,0.050605069655360664,5.060506965536066
short,train,2022-04-21 08:00:00+00:00,2022-04-21 08:00:00+00:00,106.855,108.28864814360008,sl,1,-0.013416762375182079,-0.01441676237518208,-1.441676237518208
short,train,2022-04-22 08:00:00+00:00,2022-04-23 16:00:00+00:00,102.634,102.62143502641948,sl,9,0.00012242505973190167,-0.0008775749402680983,-0.08775749402680982
short,train,2022-04-24 12:00:00+00:00,2022-04-25 00:00:00+00:00,101.134,96.67411737304656,tp,4,0.04409874648440133,0.04309874648440133,4.309874648440133
short,train,2022-04-25 08:00:00+00:00,2022-04-25 08:00:00+00:00,95.139,96.32854864798216,sl,1,-0.012503270456722945,-0.013503270456722945,-1.3503270456722944
short,train,2022-04-25 20:00:00+00:00,2022-04-26 00:00:00+00:00,100.7,101.94800943134723,sl,2,-0.012393340926983394,-0.013393340926983393,-1.3393340926983393
short,train,2022-04-26 08:00:00+00:00,2022-04-26 16:00:00+00:00,100.871,96.18056308940253,tp,3,0.046499359683134595,0.045499359683134594,4.549935968313459
short,train,2022-04-27 16:00:00+00:00,2022-04-28 00:00:00+00:00,98.183,99.47131322778097,sl,3,-0.0131215508568791,-0.014121550856879099,-1.41215508568791
short,train,2022-04-28 08:00:00+00:00,2022-04-28 16:00:00+00:00,99.469,99.90458261651281,sl,3,-0.004379079075016517,-0.005379079075016517,-0.5379079075016516
short,train,2022-04-29 04:00:00+00:00,2022-04-29 16:00:00+00:00,97.305,92.53557873100274,tp,4,0.04901517156361197,0.04801517156361197,4.801517156361197
short,train,2022-04-30 04:00:00+00:00,2022-04-30 20:00:00+00:00,94.099,89.45600653798755,tp,5,0.049341581334684276,0.048341581334684275,4.834158133468428
short,train,2022-05-01 08:00:00+00:00,2022-05-01 12:00:00+00:00,88.953,90.37854360249703,sl,2,-0.01602580691485424,-0.017025806914854242,-1.7025806914854242
short,train,2022-05-02 00:00:00+00:00,2022-05-04 16:00:00+00:00,89.735,89.25330200939068,sl,17,0.005368005690191336,0.004368005690191336,0.43680056901913356
short,train,2022-05-05 00:00:00+00:00,2022-05-05 00:00:00+00:00,92.8,94.06083726541443,sl,1,-0.013586608463517646,-0.014586608463517645,-1.4586608463517645
short,train,2022-05-05 16:00:00+00:00,2022-05-07 04:00:00+00:00,84.955,79.27684411312977,tp,10,0.066837218372906,0.065837218372906,6.5837218372906
short,train,2022-05-07 12:00:00+00:00,2022-05-08 00:00:00+00:00,81.803,76.7917177796307,tp,4,0.061260372118006626,0.060260372118006625,6.026037211800663
short,train,2022-05-08 08:00:00+00:00,2022-05-08 08:00:00+00:00,77.888,79.12697443189947,sl,1,-0.015907128593614733,-0.016907128593614734,-1.6907128593614735
short,train,2022-05-08 16:00:00+00:00,2022-05-09 08:00:00+00:00,77.13,72.28037389814268,tp,5,0.0628760028764075,0.0618760028764075,6.18760028764075
short,train,2022-05-09 16:00:00+00:00,2022-05-09 16:00:00+00:00,69.875,64.24225181165482,tp,1,0.08061178087077174,0.07961178087077174,7.961178087077174
short,train,2022-05-10 00:00:00+00:00,2022-05-10 00:00:00+00:00,62.148,63.84963832121217,sl,1,-0.0273804196629363,-0.0283804196629363,-2.83804196629363
short,train,2022-05-10 12:00:00+00:00,2022-05-10 12:00:00+00:00,71.556,73.54621843720959,sl,1,-0.02781343894585488,-0.02881343894585488,-2.881343894585488
short,train,2022-05-10 20:00:00+00:00,2022-05-11 12:00:00+00:00,67.518,59.19412416554243,tp,5,0.12328380334810816,0.12228380334810816,12.228380334810817
short,train,2022-05-11 20:00:00+00:00,2022-05-11 20:00:00+00:00,47.979,50.772979384474766,sl,1,-0.058233380947388794,-0.059233380947388795,-5.923338094738879
short,train,2022-05-12 04:00:00+00:00,2022-05-12 08:00:00+00:00,45.167,46.594831877187275,sl,2,-0.03161228058510136,-0.032612280585101364,-3.2612280585101363
short,train,2022-05-12 16:00:00+00:00,2022-05-13 00:00:00+00:00,45.069,48.19312386226682,sl,3,-0.069318686065074,-0.07031868606507401,-7.031868606507401
short,train,2022-05-13 08:00:00+00:00,2022-05-13 08:00:00+00:00,49.102,52.14226139187324,sl,1,-0.06191726186047909,-0.06291726186047909,-6.291726186047909
short,train,2022-05-14 04:00:00+00:00,2022-05-15 12:00:00+00:00,51.742,54.29234743599835,sl,9,-0.04928969572104585,-0.05028969572104585,-5.028969572104585
short,train,2022-05-15 20:00:00+00:00,2022-05-15 20:00:00+00:00,55.289,57.46072473595039,sl,1,-0.0392795083280651,-0.0402795083280651,-4.027950832806511
short,train,2022-05-16 04:00:00+00:00,2022-05-17 12:00:00+00:00,56.079,58.220198879467425,sl,9,-0.03818183062229042,-0.03918183062229042,-3.9181830622290423
short,train,2022-05-17 20:00:00+00:00,2022-05-17 20:00:00+00:00,55.174,56.94872863433484,sl,1,-0.03216603172390695,-0.033166031723906954,-3.3166031723906952
short,train,2022-05-18 08:00:00+00:00,2022-05-19 00:00:00+00:00,55.457,48.84171893639409,tp,5,0.11928667370405743,0.11828667370405743,11.828667370405743
short,train,2022-05-19 08:00:00+00:00,2022-05-19 12:00:00+00:00,51.079,52.6056244038591,sl,2,-0.029887515492846427,-0.030887515492846428,-3.088751549284643
short,train,2022-05-19 20:00:00+00:00,2022-05-20 00:00:00+00:00,51.612,53.13176870090323,sl,2,-0.029446033885593036,-0.030446033885593037,-3.044603388559304
short,train,2022-05-20 08:00:00+00:00,2022-05-20 08:00:00+00:00,52.093,53.50094090229023,sl,1,-0.027027449029432517,-0.02802744902943252,-2.802744902943252
short,train,2022-05-20 16:00:00+00:00,2022-05-21 12:00:00+00:00,49.414,50.82863781881147,sl,6,-0.02862827981566906,-0.02962827981566906,-2.962827981566906
short,train,2022-05-21 20:00:00+00:00,2022-05-22 08:00:00+00:00,50.236,51.390915596084675,sl,4,-0.022989800065384935,-0.023989800065384936,-2.3989800065384936
short,train,2022-05-22 16:00:00+00:00,2022-05-22 20:00:00+00:00,51.814,52.80798877498414,sl,2,-0.01918378768255952,-0.02018378768255952,-2.018378768255952
short,train,2022-05-23 08:00:00+00:00,2022-05-23 08:00:00+00:00,53.556,54.516618138336156,sl,1,-0.017936704353128666,-0.018936704353128667,-1.8936704353128668
short,train,2022-05-23 20:00:00+00:00,2022-05-24 16:00:00+00:00,50.06,50.28284644671051,sl,6,-0.004451587029774382,-0.005451587029774382,-0.5451587029774382
short,train,2022-05-25 00:00:00+00:00,2022-05-26 04:00:00+00:00,49.671,45.635060596868705,tp,8,0.08125343566933008,0.08025343566933008,8.025343566933007
short,train,2022-05-26 12:00:00+00:00,2022-05-26 12:00:00+00:00,43.68,44.63877405332211,sl,1,-0.021949955433198477,-0.022949955433198478,-2.294995543319848
short,train,2022-05-26 20:00:00+00:00,2022-05-27 12:00:00+00:00,44.081,43.149989515481174,sl,5,0.021120448368204647,0.020120448368204646,2.012044836820465
short,train,2022-05-27 20:00:00+00:00,2022-05-28 12:00:00+00:00,41.828,42.90627977282754,sl,5,-0.025778898652279225,-0.026778898652279226,-2.6778898652279226
short,train,2022-05-28 20:00:00+00:00,2022-05-29 12:00:00+00:00,44.408,44.81413235795747,sl,5,-0.009145477345466304,-0.010145477345466305,-1.0145477345466305
short,train,2022-05-30 00:00:00+00:00,2022-05-30 00:00:00+00:00,44.985,45.87175438103593,sl,1,-0.01971222365312722,-0.02071222365312722,-2.071222365312722
short,train,2022-05-30 08:00:00+00:00,2022-05-30 20:00:00+00:00,47.053,47.68289015910824,sl,4,-0.013386822500334574,-0.014386822500334573,-1.4386822500334573
short,train,2022-05-31 04:00:00+00:00,2022-06-01 12:00:00+00:00,47.689,44.02412902524301,tp,9,0.07684939870320172,0.07584939870320172,7.584939870320172
short,train,2022-06-01 20:00:00+00:00,2022-06-02 08:00:00+00:00,41.3,40.73273282055554,sl,4,0.0137352827952653,0.012735282795265299,1.27352827952653
short,train,2022-06-02 16:00:00+00:00,2022-06-02 20:00:00+00:00,40.72,41.58916820815144,sl,2,-0.021344995288591427,-0.022344995288591428,-2.2344995288591427
short,train,2022-06-03 08:00:00+00:00,2022-06-04 00:00:00+00:00,40.35,37.192959892439255,tp,5,0.07824139052195159,0.07724139052195159,7.7241390521951585
short,train,2022-06-04 12:00:00+00:00,2022-06-04 12:00:00+00:00,37.01,37.77821808773892,sl,1,-0.020757041008887405,-0.021757041008887406,-2.1757041008887406
short,train,2022-06-04 20:00:00+00:00,2022-06-04 20:00:00+00:00,37.49,38.23879518789734,sl,1,-0.019973197863359195,-0.020973197863359196,-2.0973197863359196
short,train,2022-06-05 04:00:00+00:00,2022-06-05 04:00:00+00:00,38.31,39.082507075278826,sl,1,-0.02016463260973177,-0.02116463260973177,-2.1164632609731773
short,train,2022-06-05 12:00:00+00:00,2022-06-05 16:00:00+00:00,39.45,40.205018855725115,sl,2,-0.019138627521549094,-0.020138627521549095,-2.0138627521549095
short,train,2022-06-06 08:00:00+00:00,2022-06-06 08:00:00+00:00,43.04,43.880806213554514,sl,1,-0.019535460352103046,-0.020535460352103047,-2.0535460352103048
short,train,2022-06-06 16:00:00+00:00,2022-06-07 00:00:00+00:00,42.82,39.40538265120994,tp,3,0.07974351585217328,0.07874351585217328,7.874351585217328
short,train,2022-06-07 08:00:00+00:00,2022-06-07 16:00:00+00:00,39.31,39.83773283460263,sl,3,-0.013424900396912512,-0.01442490039691251,-1.442490039691251
short,train,2022-06-08 00:00:00+00:00,2022-06-08 00:00:00+00:00,39.34,40.33387818000387,sl,1,-0.025263807320891413,-0.026263807320891414,-2.6263807320891415
short,train,2022-06-08 08:00:00+00:00,2022-06-09 08:00:00+00:00,39.26,40.250461287860475,sl,7,-0.025228254912391154,-0.026228254912391155,-2.6228254912391153
short,train,2022-06-09 16:00:00+00:00,2022-06-09 16:00:00+00:00,40.35,41.18984449078271,sl,1,-0.020813989858307555,-0.021813989858307556,-2.1813989858307554
short,train,2022-06-10 12:00:00+00:00,2022-06-11 08:00:00+00:00,39.31,36.122997445140534,tp,6,0.08107358318136525,0.08007358318136525,8.007358318136525
short,train,2022-06-11 16:00:00+00:00,2022-06-11 16:00:00+00:00,33.77,34.58793363109494,sl,1,-0.024220717533163696,-0.025220717533163697,-2.5220717533163697
short,train,2022-06-12 00:00:00+00:00,2022-06-12 08:00:00+00:00,33.95,33.432690566148636,sl,3,0.015237391276918007,0.014237391276918008,1.4237391276918008
short,train,2022-06-12 16:00:00+00:00,2022-06-13 00:00:00+00:00,34.0,30.407173564494958,tp,3,0.10567136575014831,0.1046713657501483,10.46713657501483
short,train,2022-06-13 08:00:00+00:00,2022-06-13 16:00:00+00:00,27.56,28.557669433468213,sl,3,-0.03619990687475379,-0.03719990687475379,-3.719990687475379
short,train,2022-06-14 00:00:00+00:00,2022-06-14 04:00:00+00:00,28.61,29.00033618981302,sl,2,-0.01364334812348899,-0.01464334812348899,-1.464334812348899
short,train,2022-06-14 12:00:00+00:00,2022-06-14 12:00:00+00:00,29.1,30.266422328598058,sl,1,-0.04008324153257925,-0.04108324153257925,-4.108324153257925
short,train,2022-06-14 20:00:00+00:00,2022-06-15 12:00:00+00:00,29.44,30.336970003057218,sl,5,-0.03046773108210653,-0.03146773108210653,-3.146773108210653
short,train,2022-06-15 20:00:00+00:00,2022-06-15 20:00:00+00:00,31.49,32.691400955007346,sl,1,-0.03815182454770872,-0.03915182454770872,-3.9151824547708722
short,train,2022-06-16 08:00:00+00:00,2022-06-18 20:00:00+00:00,32.61,31.53265987407195,sl,16,0.03303710904409843,0.03203710904409843,3.2037109044098426
short,train,2022-06-19 12:00:00+00:00,2022-06-19 12:00:00+00:00,32.41,33.606391264154254,sl,1,-0.036914263010004875,-0.037914263010004876,-3.7914263010004876
short,train,2022-06-20 00:00:00+00:00,2022-06-20 08:00:00+00:00,34.2,35.29632099928598,sl,3,-0.03205616956976546,-0.03305616956976546,-3.305616956976546
short,train,2022-06-20 20:00:00+00:00,2022-06-20 20:00:00+00:00,34.45,35.679861998093486,sl,1,-0.03569991286192984,-0.03669991286192984,-3.669991286192984
short,train,2022-06-22 08:00:00+00:00,2022-06-22 08:00:00+00:00,33.85,34.95079156788641,sl,1,-0.03251969181348333,-0.033519691813483334,-3.351969181348333
short,train,2022-06-22 20:00:00+00:00,2022-06-23 00:00:00+00:00,34.39,35.47335789892363,sl,2,-0.03150211977096918,-0.03250211977096918,-3.2502119770969182
short,train,2022-06-29 20:00:00+00:00,2022-06-30 08:00:00+00:00,34.48,31.300120577579087,tp,4,0.09222388116069927,0.09122388116069927,9.122388116069926
short,train,2022-06-30 16:00:00+00:00,2022-06-30 20:00:00+00:00,32.09,32.86252203805935,sl,2,-0.024073606670593634,-0.025073606670593634,-2.5073606670593636
short,train,2022-07-01 04:00:00+00:00,2022-07-04 08:00:00+00:00,33.67,34.260192329755526,sl,20,-0.017528729722468793,-0.018528729722468794,-1.8528729722468793
short,train,2022-07-04 16:00:00+00:00,2022-07-04 16:00:00+00:00,34.3,34.8966257667701,sl,1,-0.01739433722361816,-0.018394337223618162,-1.8394337223618162
short,train,2022-07-06 00:00:00+00:00,2022-07-06 04:00:00+00:00,35.38,36.06106908663751,sl,2,-0.01925011550699567,-0.02025011550699567,-2.025011550699567
short,train,2022-07-11 08:00:00+00:00,2022-07-11 12:00:00+00:00,35.18,35.698085842488034,sl,2,-0.014726715249801993,-0.015726715249801994,-1.5726715249801995
short,train,2022-07-12 00:00:00+00:00,2022-07-12 00:00:00+00:00,33.42,33.95591133244744,sl,1,-0.016035647290468004,-0.017035647290468005,-1.7035647290468006
short,train,2022-07-12 08:00:00+00:00,2022-07-12 08:00:00+00:00,33.5,34.01698477134499,sl,1,-0.015432381234178713,-0.016432381234178714,-1.6432381234178715
short,train,2022-07-12 16:00:00+00:00,2022-07-13 08:00:00+00:00,34.21,33.91985346465259,sl,5,0.008481336899953546,0.0074813368999535465,0.7481336899953547
short,train,2022-07-13 20:00:00+00:00,2022-07-13 20:00:00+00:00,33.65,34.201992822868505,sl,1,-0.016403947187771353,-0.017403947187771353,-1.7403947187771354
short,train,2022-07-14 04:00:00+00:00,2022-07-14 12:00:00+00:00,34.58,35.13722850543254,sl,3,-0.01611418465681147,-0.01711418465681147,-1.711418465681147
short,train,2022-07-25 04:00:00+00:00,2022-07-25 08:00:00+00:00,38.09,38.885312590877994,sl,2,-0.020879826486689183,-0.021879826486689184,-2.1879826486689185
short,train,2022-07-25 16:00:00+00:00,2022-07-26 00:00:00+00:00,38.48,35.54906448664877,tp,3,0.07616776282097791,0.07516776282097791,7.516776282097791
short,train,2022-07-26 12:00:00+00:00,2022-07-27 04:00:00+00:00,35.81,36.53522471085277,sl,5,-0.020252016499658507,-0.021252016499658508,-2.1252016499658506
short,train,2022-07-27 12:00:00+00:00,2022-07-27 12:00:00+00:00,36.4,37.063413843345266,sl,1,-0.018225655036957902,-0.019225655036957903,-1.9225655036957903
short,train,2022-08-02 04:00:00+00:00,2022-08-02 12:00:00+00:00,40.21,41.009652264147,sl,3,-0.019886900376697325,-0.020886900376697326,-2.088690037669733
short,train,2022-08-03 08:00:00+00:00,2022-08-03 08:00:00+00:00,38.35,39.151571338961624,sl,1,-0.020901469073314794,-0.021901469073314795,-2.1901469073314797
short,train,2022-08-03 20:00:00+00:00,2022-08-05 04:00:00+00:00,40.1,40.294933197921296,sl,9,-0.00486117700551856,-0.00586117700551856,-0.586117700551856
short,train,2022-08-05 16:00:00+00:00,2022-08-05 20:00:00+00:00,40.01,40.70041126513945,sl,2,-0.017255967636577173,-0.018255967636577174,-1.8255967636577175
short,train,2022-08-06 04:00:00+00:00,2022-08-07 20:00:00+00:00,40.53,41.08227428882439,sl,11,-0.01362630863124563,-0.01462630863124563,-1.462630863124563
short,train,2022-08-09 16:00:00+00:00,2022-08-09 20:00:00+00:00,40.13,40.66826673211286,sl,2,-0.01341307580645052,-0.014413075806450518,-1.441307580645052
short,train,2022-08-10 04:00:00+00:00,2022-08-10 04:00:00+00:00,39.28,39.79124526619969,sl,1,-0.013015409017303638,-0.014015409017303637,-1.4015409017303637
short,train,2022-08-17 20:00:00+00:00,2022-08-18 12:00:00+00:00,40.74,41.422587084595676,sl,5,-0.016754714889437267,-0.017754714889437268,-1.7754714889437269
short,train,2022-08-18 20:00:00+00:00,2022-08-19 00:00:00+00:00,40.77,38.426488677012685,tp,2,0.05748126865311057,0.05648126865311057,5.648126865311057
short,train,2022-08-19 08:00:00+00:00,2022-08-19 16:00:00+00:00,36.64,37.34627317571093,sl,3,-0.01927601462093139,-0.02027601462093139,-2.027601462093139
short,train,2022-08-20 00:00:00+00:00,2022-08-20 00:00:00+00:00,35.81,36.49625646010725,sl,1,-0.019163821840470396,-0.020163821840470397,-2.0163821840470395
short,train,2022-08-20 08:00:00+00:00,2022-08-20 16:00:00+00:00,37.03,34.40413588248727,tp,3,0.07091180441568279,0.06991180441568279,6.991180441568279
short,train,2022-08-21 04:00:00+00:00,2022-08-21 08:00:00+00:00,35.13,35.75347666047985,sl,2,-0.017747698846565473,-0.018747698846565474,-1.8747698846565475
short,train,2022-08-21 16:00:00+00:00,2022-08-21 20:00:00+00:00,36.02,36.60286378391918,sl,2,-0.016181670847284283,-0.017181670847284284,-1.7181670847284285
short,train,2022-08-22 04:00:00+00:00,2022-08-22 08:00:00+00:00,36.1,33.92840126345418,tp,2,0.06015508965500899,0.05915508965500899,5.9155089655009
short,train,2022-08-23 04:00:00+00:00,2022-08-23 12:00:00+00:00,35.22,35.74862681863623,sl,3,-0.01500927934799073,-0.01600927934799073,-1.600927934799073
short,train,2022-08-23 20:00:00+00:00,2022-08-24 12:00:00+00:00,35.42,35.834363720876944,sl,5,-0.011698580487773629,-0.012698580487773628,-1.2698580487773627
short,train,2022-08-25 04:00:00+00:00,2022-08-25 04:00:00+00:00,35.23,35.70692088411791,sl,1,-0.013537351238090163,-0.014537351238090163,-1.4537351238090164
short,train,2022-08-25 12:00:00+00:00,2022-08-26 04:00:00+00:00,36.31,34.464599399674945,tp,5,0.05082348114362591,0.04982348114362591,4.982348114362591
short,train,2022-08-26 12:00:00+00:00,2022-08-26 12:00:00+00:00,34.25,34.696895083118484,sl,1,-0.013048031623897347,-0.014048031623897346,-1.4048031623897346
short,train,2022-08-26 20:00:00+00:00,2022-08-27 16:00:00+00:00,32.92,30.88601491740769,tp,6,0.061785695096971835,0.060785695096971834,6.078569509697183
short,train,2022-08-28 00:00:00+00:00,2022-08-28 08:00:00+00:00,31.53,32.001072456126664,sl,3,-0.01494045214483549,-0.01594045214483549,-1.594045214483549
short,train,2022-08-28 16:00:00+00:00,2022-08-29 00:00:00+00:00,31.85,30.13291020205815,tp,3,0.0539117675962905,0.0529117675962905,5.29117675962905
short,train,2022-08-29 08:00:00+00:00,2022-08-29 12:00:00+00:00,30.59,31.034055222557118,sl,2,-0.014516352486339267,-0.015516352486339268,-1.5516352486339269
short,train,2022-08-30 00:00:00+00:00,2022-08-30 04:00:00+00:00,32.43,32.88132630183918,sl,2,-0.013916938077063864,-0.014916938077063863,-1.4916938077063864
short,train,2022-08-30 12:00:00+00:00,2022-08-30 12:00:00+00:00,32.75,31.05053369513021,tp,1,0.051892100912054685,0.050892100912054684,5.0892100912054685
short,train,2022-08-30 20:00:00+00:00,2022-08-30 20:00:00+00:00,31.56,32.04067577235076,sl,1,-0.01523053778044236,-0.01623053778044236,-1.623053778044236
short,train,2022-08-31 12:00:00+00:00,2022-09-01 12:00:00+00:00,32.58,30.69255198520304,tp,7,0.05793271991396438,0.056932719913964376,5.693271991396438
short,train,2022-09-01 20:00:00+00:00,2022-09-01 20:00:00+00:00,31.07,31.534314031818575,sl,1,-0.014944127190813464,-0.015944127190813465,-1.5944127190813464
short,train,2022-09-02 04:00:00+00:00,2022-09-02 12:00:00+00:00,31.58,32.03193403763948,sl,3,-0.01431076749966695,-0.01531076749966695,-1.531076749966695
short,train,2022-09-02 20:00:00+00:00,2022-09-04 00:00:00+00:00,31.07,31.521641322600512,sl,8,-0.014536251129723593,-0.015536251129723594,-1.5536251129723593
short,train,2022-09-04 12:00:00+00:00,2022-09-05 00:00:00+00:00,31.88,32.21920096755095,sl,4,-0.010639929973367246,-0.011639929973367245,-1.1639929973367245
short,train,2022-09-05 08:00:00+00:00,2022-09-05 16:00:00+00:00,31.68,31.992342531841075,sl,3,-0.009859297090943034,-0.010859297090943035,-1.0859297090943034
short,train,2022-09-06 04:00:00+00:00,2022-09-06 04:00:00+00:00,32.72,33.0570957519093,sl,1,-0.01030243740554103,-0.01130243740554103,-1.130243740554103
short,train,2022-09-07 04:00:00+00:00,2022-09-07 08:00:00+00:00,30.87,31.316322487093174,sl,2,-0.014458130453293593,-0.015458130453293594,-1.5458130453293595
short,train,2022-09-07 16:00:00+00:00,2022-09-07 16:00:00+00:00,31.48,31.890854775562573,sl,1,-0.01305129528470689,-0.014051295284706888,-1.4051295284706888
short,train,2022-09-08 08:00:00+00:00,2022-09-08 08:00:00+00:00,32.37,32.779842988464246,sl,1,-0.012661198284345027,-0.013661198284345026,-1.3661198284345026
short,train,2022-09-15 16:00:00+00:00,2022-09-15 16:00:00+00:00,32.98,33.62733095008112,sl,1,-0.01962798514497028,-0.02062798514497028,-2.062798514497028
short,train,2022-09-16 04:00:00+00:00,2022-09-17 12:00:00+00:00,32.86,33.315230791539605,sl,9,-0.013853645512465176,-0.014853645512465177,-1.4853645512465177
short,train,2022-09-18 16:00:00+00:00,2022-09-18 20:00:00+00:00,32.9,31.200844266642143,tp,2,0.05164607092273117,0.05064607092273117,5.064607092273117
short,train,2022-09-19 04:00:00+00:00,2022-09-19 04:00:00+00:00,30.88,31.347216212298395,sl,1,-0.01513005868841957,-0.01613005868841957,-1.613005868841957
short,train,2022-09-19 12:00:00+00:00,2022-09-19 12:00:00+00:00,31.25,31.709385407543007,sl,1,-0.014700333041376211,-0.015700333041376212,-1.570033304137621
short,train,2022-09-19 20:00:00+00:00,2022-09-21 16:00:00+00:00,32.83,32.66083368175665,sl,12,0.005152796778658201,0.004152796778658201,0.4152796778658201
short,train,2022-09-22 00:00:00+00:00,2022-09-22 04:00:00+00:00,30.64,31.166736334473626,sl,2,-0.017191133631645737,-0.018191133631645737,-1.8191133631645737
short,train,2022-09-22 20:00:00+00:00,2022-09-23 00:00:00+00:00,32.46,32.95872816913287,sl,2,-0.01536439214827072,-0.01636439214827072,-1.636439214827072
short,train,2022-09-23 20:00:00+00:00,2022-09-23 20:00:00+00:00,31.95,32.43270707455599,sl,1,-0.015108202646509951,-0.016108202646509952,-1.6108202646509953
short,train,2022-09-25 16:00:00+00:00,2022-09-26 08:00:00+00:00,33.22,33.22848523060196,sl,5,-0.0002554253642974929,-0.001255425364297493,-0.1255425364297493
short,train,2022-09-28 00:00:00+00:00,2022-09-28 12:00:00+00:00,32.68,33.116836897670446,sl,4,-0.013367102131898592,-0.014367102131898592,-1.4367102131898593
short,train,2022-10-02 00:00:00+00:00,2022-10-02 00:00:00+00:00,32.45,32.83973748310944,sl,1,-0.012010400095822351,-0.013010400095822352,-1.3010400095822352
short,train,2022-10-02 08:00:00+00:00,2022-10-03 12:00:00+00:00,32.82,32.82171889763512,sl,8,-5.23734806557623e-05,-0.0010523734806557623,-0.10523734806557622
short,train,2022-10-07 20:00:00+00:00,2022-10-10 00:00:00+00:00,32.96,33.20095176134223,sl,14,-0.007310429652373511,-0.00831042965237351,-0.831042965237351
short,train,2022-10-10 08:00:00+00:00,2022-10-10 20:00:00+00:00,32.9,32.081019331395744,tp,4,0.024893029440858798,0.023893029440858797,2.3893029440858795
short,train,2022-10-11 04:00:00+00:00,2022-10-11 04:00:00+00:00,31.37,31.606066384815517,sl,1,-0.007525227440724117,-0.008525227440724117,-0.8525227440724117
short,train,2022-10-11 12:00:00+00:00,2022-10-11 16:00:00+00:00,31.57,31.77104927092585,sl,2,-0.006368364615959772,-0.007368364615959772,-0.7368364615959773
short,train,2022-10-12 04:00:00+00:00,2022-10-12 04:00:00+00:00,30.93,31.18713442512593,sl,1,-0.008313431138892007,-0.009313431138892006,-0.9313431138892005
short,train,2022-10-12 16:00:00+00:00,2022-10-13 04:00:00+00:00,31.28,30.287158408160835,tp,4,0.03174046009716005,0.030740460097160048,3.074046009716005
short,train,2022-10-13 12:00:00+00:00,2022-10-13 12:00:00+00:00,28.8,29.120139559204656,sl,1,-0.011115956916828306,-0.012115956916828305,-1.2115956916828305
short,train,2022-10-14 04:00:00+00:00,2022-10-14 16:00:00+00:00,31.65,30.007524890624303,tp,4,0.05189494816352908,0.05089494816352908,5.089494816352908
short,train,2022-10-15 04:00:00+00:00,2022-10-16 20:00:00+00:00,30.11,30.492011586112696,sl,11,-0.01268719980447348,-0.013687199804473481,-1.3687199804473482
short,train,2022-10-17 04:00:00+00:00,2022-10-17 04:00:00+00:00,30.01,30.285081609416117,sl,1,-0.009166331536691634,-0.010166331536691633,-1.0166331536691633
short,train,2022-10-17 16:00:00+00:00,2022-10-17 20:00:00+00:00,30.95,31.230885311912246,sl,2,-0.00907545434288358,-0.01007545434288358,-1.007545434288358
short,train,2022-10-18 04:00:00+00:00,2022-10-18 16:00:00+00:00,31.11,30.004300247418065,tp,4,0.035541618533652654,0.03454161853365265,3.454161853365265
short,train,2022-10-19 04:00:00+00:00,2022-10-19 20:00:00+00:00,30.04,28.9116370627539,tp,5,0.03756201522124163,0.03656201522124163,3.6562015221241633
short,train,2022-10-20 04:00:00+00:00,2022-10-20 04:00:00+00:00,28.9,29.18853832429933,sl,1,-0.0099840250622606,-0.010984025062260601,-1.09840250622606
short,train,2022-10-20 20:00:00+00:00,2022-10-21 12:00:00+00:00,28.26,27.094391599301005,tp,5,0.041245874051627614,0.04024587405162761,4.0245874051627615
short,train,2022-10-22 00:00:00+00:00,2022-10-23 00:00:00+00:00,28.1,28.371913097348067,sl,7,-0.00967662268142581,-0.010676622681425808,-1.067662268142581
short,train,2022-10-23 08:00:00+00:00,2022-10-23 16:00:00+00:00,28.43,28.5157474722926,sl,3,-0.003016091181589844,-0.004016091181589844,-0.4016091181589844
short,train,2022-10-24 04:00:00+00:00,2022-10-24 08:00:00+00:00,28.6,28.899672973085334,sl,2,-0.010478075982004632,-0.011478075982004631,-1.1478075982004632
short,train,2022-10-24 16:00:00+00:00,2022-10-25 12:00:00+00:00,28.45,28.76250966540396,sl,6,-0.01098452250980533,-0.01198452250980533,-1.198452250980533
short,train,2022-11-07 08:00:00+00:00,2022-11-07 08:00:00+00:00,30.77,31.410179462129587,sl,1,-0.02080531238640194,-0.021805312386401942,-2.180531238640194
short,train,2022-11-08 08:00:00+00:00,2022-11-08 08:00:00+00:00,27.92,28.848944895066875,sl,1,-0.033271665296091456,-0.03427166529609146,-3.4271665296091456
short,train,2022-11-08 20:00:00+00:00,2022-11-08 20:00:00+00:00,23.76,24.671896363603583,sl,1,-0.03837947658264232,-0.03937947658264232,-3.937947658264232
short,train,2022-11-09 08:00:00+00:00,2022-11-09 08:00:00+00:00,19.29,20.39542321823508,sl,1,-0.05730550638854752,-0.05830550638854752,-5.830550638854752
short,train,2022-11-09 20:00:00+00:00,2022-11-10 00:00:00+00:00,13.88,15.18656389735576,sl,2,-0.09413284563081845,-0.09513284563081845,-9.513284563081845
short,train,2022-11-10 08:00:00+00:00,2022-11-10 12:00:00+00:00,15.42,16.758258339100074,sl,2,-0.08678718152399961,-0.08778718152399961,-8.77871815239996
short,train,2022-11-11 04:00:00+00:00,2022-11-11 04:00:00+00:00,16.37,17.709447762650022,sl,1,-0.0818233208704961,-0.0828233208704961,-8.28233208704961
short,train,2022-11-11 12:00:00+00:00,2022-11-13 20:00:00+00:00,18.11,13.102210777798911,tp,15,0.2765206638432407,0.2755206638432407,27.55206638432407
short,train,2022-11-14 04:00:00+00:00,2022-11-14 04:00:00+00:00,13.03,13.739320140296737,sl,1,-0.054437462800977575,-0.055437462800977576,-5.543746280097758
short,train,2022-11-14 12:00:00+00:00,2022-11-14 12:00:00+00:00,14.23,14.959082161786474,sl,1,-0.05123557004824132,-0.05223557004824132,-5.223557004824133
short,train,2022-11-14 20:00:00+00:00,2022-11-15 00:00:00+00:00,13.75,14.463417782356704,sl,2,-0.05188492962594208,-0.05288492962594208,-5.288492962594208
short,train,2022-11-15 08:00:00+00:00,2022-11-15 12:00:00+00:00,14.48,15.12025104513035,sl,2,-0.04421623239850485,-0.04521623239850485,-4.521623239850485
short,train,2022-11-15 20:00:00+00:00,2022-11-19 20:00:00+00:00,14.34,12.85,timeout,25,0.10390516039051606,0.10290516039051606,10.290516039051607
short,train,2022-11-20 04:00:00+00:00,2022-11-20 04:00:00+00:00,12.92,13.162844782053408,sl,1,-0.01879603576264772,-0.01979603576264772,-1.979603576264772
short,train,2022-11-20 12:00:00+00:00,2022-11-20 12:00:00+00:00,12.55,12.801279429423603,sl,1,-0.020022265292717344,-0.021022265292717345,-2.1022265292717344
short,train,2022-11-20 20:00:00+00:00,2022-11-21 00:00:00+00:00,12.77,11.760179110763492,tp,2,0.07907759508508284,0.07807759508508284,7.807759508508284
short,train,2022-11-21 08:00:00+00:00,2022-11-21 12:00:00+00:00,11.72,11.979802887541236,sl,2,-0.022167481872119085,-0.023167481872119085,-2.3167481872119087
short,train,2022-11-22 00:00:00+00:00,2022-11-22 12:00:00+00:00,11.84,11.800496949531334,sl,4,0.0033364062895832377,0.0023364062895832377,0.23364062895832377
short,train,2022-11-22 20:00:00+00:00,2022-11-22 20:00:00+00:00,11.83,12.110124262387162,sl,1,-0.023679143058931665,-0.024679143058931666,-2.4679143058931667
short,train,2022-11-23 16:00:00+00:00,2022-11-23 16:00:00+00:00,13.09,13.386564308685585,sl,1,-0.02265579134343664,-0.02365579134343664,-2.365579134343664
short,train,2022-11-24 08:00:00+00:00,2022-11-24 16:00:00+00:00,14.4,14.733496803945465,sl,3,-0.023159500273990632,-0.024159500273990633,-2.415950027399063
short,train,2022-11-25 00:00:00+00:00,2022-11-26 08:00:00+00:00,14.6,14.837292447221452,sl,9,-0.016252907343935124,-0.017252907343935125,-1.7252907343935124
short,train,2022-11-28 04:00:00+00:00,2022-11-28 04:00:00+00:00,13.09,13.331762276376846,sl,1,-0.0184692342533878,-0.019469234253387802,-1.9469234253387802
short,train,2022-11-28 12:00:00+00:00,2022-11-28 16:00:00+00:00,13.45,13.684376656671873,sl,2,-0.017425773730250817,-0.018425773730250818,-1.8425773730250818
short,train,2022-11-29 04:00:00+00:00,2022-11-29 04:00:00+00:00,13.47,13.700497102540748,sl,1,-0.017111885860486054,-0.018111885860486055,-1.8111885860486054
short,train,2022-11-29 16:00:00+00:00,2022-11-30 00:00:00+00:00,13.45,13.672130879840386,sl,3,-0.016515307051329902,-0.017515307051329903,-1.7515307051329903
short,train,2022-11-30 16:00:00+00:00,2022-11-30 16:00:00+00:00,13.53,13.72090882293298,sl,1,-0.014110038649887711,-0.015110038649887712,-1.5110038649887712
short,train,2022-12-01 20:00:00+00:00,2022-12-02 08:00:00+00:00,13.51,13.699441730266932,sl,4,-0.014022333846553056,-0.015022333846553056,-1.5022333846553055
short,train,2022-12-04 12:00:00+00:00,2022-12-04 12:00:00+00:00,13.37,13.499533762780214,sl,1,-0.009688389138385524,-0.010688389138385525,-1.0688389138385526
short,train,2022-12-08 00:00:00+00:00,2022-12-08 16:00:00+00:00,13.5,13.637660703678161,sl,5,-0.010197089161345289,-0.011197089161345288,-1.1197089161345288
short,train,2022-12-09 04:00:00+00:00,2022-12-09 08:00:00+00:00,13.74,13.86162888252895,sl,2,-0.008852174856546626,-0.009852174856546627,-0.9852174856546627
short,train,2022-12-10 04:00:00+00:00,2022-12-11 12:00:00+00:00,13.62,13.735210642442068,sl,9,-0.008458931163147481,-0.009458931163147482,-0.9458931163147482
short,train,2022-12-11 20:00:00+00:00,2022-12-11 20:00:00+00:00,13.72,13.387651394762626,tp,1,0.024223659273861116,0.023223659273861115,2.3223659273861115
short,train,2022-12-12 04:00:00+00:00,2022-12-12 08:00:00+00:00,12.95,13.05720269679224,sl,2,-0.00827820052449736,-0.009278200524497359,-0.9278200524497359
short,train,2022-12-12 16:00:00+00:00,2022-12-12 16:00:00+00:00,13.11,13.214294579027897,sl,1,-0.00795534546360771,-0.008955345463607711,-0.8955345463607711
short,train,2022-12-13 04:00:00+00:00,2022-12-13 08:00:00+00:00,13.08,13.076563618940552,sl,2,0.0002627202644837743,-0.0007372797355162257,-0.07372797355162257
short,train,2022-12-16 12:00:00+00:00,2022-12-16 16:00:00+00:00,13.49,12.806349896406042,tp,2,0.05067828788687608,0.04967828788687608,4.9678287886876085
short,train,2022-12-17 04:00:00+00:00,2022-12-17 04:00:00+00:00,12.25,12.460031045714983,sl,1,-0.01714539148693737,-0.01814539148693737,-1.814539148693737
short,train,2022-12-17 12:00:00+00:00,2022-12-17 20:00:00+00:00,12.3,12.502960442478736,sl,3,-0.016500848982011013,-0.017500848982011014,-1.7500848982011012
short,train,2022-12-19 00:00:00+00:00,2022-12-19 00:00:00+00:00,12.37,12.551194637589418,sl,1,-0.014647909263493866,-0.015647909263493867,-1.5647909263493867
short,train,2022-12-19 08:00:00+00:00,2022-12-20 00:00:00+00:00,12.23,12.188625924784876,sl,5,0.003382998791097641,0.002382998791097641,0.23829987910976408
short,train,2022-12-20 08:00:00+00:00,2022-12-24 04:00:00+00:00,12.34,11.653894337112767,tp,24,0.055600134755853535,0.054600134755853534,5.460013475585353
short,train,2022-12-24 12:00:00+00:00,2022-12-24 16:00:00+00:00,11.31,11.437613952368777,sl,2,-0.011283284913242797,-0.012283284913242796,-1.2283284913242796
short,train,2022-12-25 00:00:00+00:00,2022-12-27 00:00:00+00:00,11.44,11.439198090401824,sl,13,7.009699284750862e-05,-0.0009299030071524914,-0.09299030071524914
short,train,2022-12-27 12:00:00+00:00,2022-12-27 12:00:00+00:00,11.141,10.76213037704295,tp,1,0.034006787806933794,0.03300678780693379,3.3006787806933793
short,train,2022-12-27 20:00:00+00:00,2022-12-27 20:00:00+00:00,11.017,11.125317559030282,sl,1,-0.009831856134181987,-0.010831856134181986,-1.0831856134181985
short,train,2022-12-28 08:00:00+00:00,2022-12-28 12:00:00+00:00,10.144,10.287402890513336,sl,2,-0.014136720279311513,-0.015136720279311514,-1.5136720279311515
short,train,2022-12-28 20:00:00+00:00,2022-12-29 00:00:00+00:00,9.784,9.863940105851967,sl,2,-0.008170493239162508,-0.009170493239162508,-0.9170493239162507
short,train,2022-12-29 12:00:00+00:00,2022-12-29 16:00:00+00:00,9.455,8.792550955739344,tp,2,0.07006335740461725,0.06906335740461725,6.906335740461725
short,train,2022-12-30 16:00:00+00:00,2022-12-30 16:00:00+00:00,9.576,9.81355915360783,sl,1,-0.024807764578929577,-0.02580776457892958,-2.580776457892958
short,train,2022-12-31 04:00:00+00:00,2022-12-31 12:00:00+00:00,9.74,9.971851115333966,sl,3,-0.023804015948045716,-0.024804015948045717,-2.480401594804572
short,train,2022-12-31 20:00:00+00:00,2023-01-02 04:00:00+00:00,10.071,10.275501528140706,sl,9,-0.020305980353560397,-0.0213059803535604,-2.13059803535604
short,train,2023-01-02 12:00:00+00:00,2023-01-02 12:00:00+00:00,11.02,11.248289119310407,sl,1,-0.02071589104450155,-0.02171589104450155,-2.1715891044501547
short,train,2023-02-01 12:00:00+00:00,2023-02-01 16:00:00+00:00,23.539,23.78804779205072,sl,2,-0.010580219722618526,-0.011580219722618527,-1.1580219722618528
short,train,2023-02-05 12:00:00+00:00,2023-02-05 20:00:00+00:00,24.195,23.088461118306338,tp,3,0.04573419639155456,0.044734196391554557,4.4734196391554555
short,train,2023-02-06 08:00:00+00:00,2023-02-07 08:00:00+00:00,23.36,23.368935651347865,sl,7,-0.0003825193213983544,-0.0013825193213983544,-0.13825193213983544
short,train,2023-02-07 20:00:00+00:00,2023-02-07 20:00:00+00:00,23.281,23.582425217076217,sl,1,-0.012947262449045075,-0.013947262449045074,-1.3947262449045075
short,train,2023-02-08 04:00:00+00:00,2023-02-09 00:00:00+00:00,23.9,22.691768128859575,tp,6,0.05055363477574994,0.049553634775749936,4.955363477574994
short,train,2023-02-09 08:00:00+00:00,2023-02-09 16:00:00+00:00,22.763,21.493194958321503,tp,3,0.05578372981059169,0.05478372981059169,5.478372981059168
short,train,2023-02-10 00:00:00+00:00,2023-02-10 00:00:00+00:00,20.49,20.851204184424326,sl,1,-0.017628315491670436,-0.018628315491670436,-1.8628315491670437
short,train,2023-02-10 08:00:00+00:00,2023-02-10 20:00:00+00:00,21.094,19.684050874128346,tp,4,0.0668412404414362,0.0658412404414362,6.58412404414362
short,train,2023-02-11 04:00:00+00:00,2023-02-11 20:00:00+00:00,20.399,20.742606186592763,sl,5,-0.01684426621857748,-0.01784426621857748,-1.784426621857748
short,train,2023-02-12 04:00:00+00:00,2023-02-12 04:00:00+00:00,20.652,20.925656033638944,sl,1,-0.013250824793673401,-0.0142508247936734,-1.42508247936734
short,train,2023-02-12 12:00:00+00:00,2023-02-12 12:00:00+00:00,21.052,21.3095452534948,sl,1,-0.01223376655399965,-0.01323376655399965,-1.3233766553999649
short,train,2023-02-13 00:00:00+00:00,2023-02-13 08:00:00+00:00,21.499,20.261927956373057,tp,3,0.057540910908737225,0.056540910908737224,5.654091090873722
short,train,2023-02-13 20:00:00+00:00,2023-02-13 20:00:00+00:00,20.43,20.76218401200689,sl,1,-0.016259618796225714,-0.017259618796225715,-1.7259618796225715
short,train,2023-02-14 08:00:00+00:00,2023-02-14 08:00:00+00:00,21.054,21.365617082499686,sl,1,-0.01480084936352651,-0.01580084936352651,-1.580084936352651
short,train,2023-02-14 16:00:00+00:00,2023-02-15 12:00:00+00:00,21.901,22.25099636195126,sl,6,-0.015980839320179862,-0.016980839320179863,-1.6980839320179864
short,train,2023-02-17 04:00:00+00:00,2023-02-17 16:00:00+00:00,22.686,23.04404745987188,sl,4,-0.01578274970783215,-0.01678274970783215,-1.678274970783215
short,train,2023-02-26 00:00:00+00:00,2023-02-26 00:00:00+00:00,22.364,22.723009169207977,sl,1,-0.016052994509389018,-0.01705299450938902,-1.705299450938902
short,train,2023-02-26 12:00:00+00:00,2023-02-26 16:00:00+00:00,22.841,23.168071299107115,sl,2,-0.014319482470430992,-0.015319482470430992,-1.5319482470430992
short,train,2023-02-27 08:00:00+00:00,2023-02-27 12:00:00+00:00,22.878,23.17222611367172,sl,2,-0.012860657123512512,-0.013860657123512511,-1.3860657123512512
short,train,2023-02-28 00:00:00+00:00,2023-03-01 04:00:00+00:00,22.671,22.52779966934959,sl,8,0.0063164540889422,0.0053164540889422,0.53164540889422
short,train,2023-03-01 12:00:00+00:00,2023-03-03 00:00:00+00:00,22.688,21.639516197647183,tp,10,0.04621314361569183,0.04521314361569183,4.521314361569183
short,train,2023-03-03 08:00:00+00:00,2023-03-03 12:00:00+00:00,21.061,21.333015178502976,sl,2,-0.012915587033045706,-0.013915587033045705,-1.3915587033045704
short,train,2023-03-04 00:00:00+00:00,2023-03-04 20:00:00+00:00,21.413,20.439619844520664,tp,6,0.04545743966185666,0.04445743966185666,4.445743966185666
short,train,2023-03-05 12:00:00+00:00,2023-03-07 08:00:00+00:00,21.195,20.302762989013942,tp,12,0.042096579900262235,0.041096579900262234,4.109657990026223
short,train,2023-03-07 20:00:00+00:00,2023-03-07 20:00:00+00:00,20.015,20.23334333315646,sl,1,-0.010908984919133545,-0.011908984919133545,-1.1908984919133545
short,train,2023-03-08 04:00:00+00:00,2023-03-08 12:00:00+00:00,19.999,19.0850097285012,tp,3,0.04570179866487327,0.04470179866487327,4.470179866487327
short,train,2023-03-08 20:00:00+00:00,2023-03-08 20:00:00+00:00,18.674,18.94023610048077,sl,1,-0.014257047257190287,-0.015257047257190286,-1.5257047257190286
short,train,2023-03-09 04:00:00+00:00,2023-03-09 16:00:00+00:00,18.598,17.52234895956632,tp,4,0.05783692012225401,0.05683692012225401,5.683692012225401
short,train,2023-03-10 08:00:00+00:00,2023-03-10 12:00:00+00:00,16.991,16.869557250468976,sl,2,0.0071474751062929765,0.0061474751062929765,0.6147475106292977
short,train,2023-03-10 20:00:00+00:00,2023-03-10 20:00:00+00:00,17.771,18.097386574256603,sl,1,-0.01836624693357732,-0.01936624693357732,-1.936624693357732
short,train,2023-03-11 04:00:00+00:00,2023-03-11 20:00:00+00:00,18.174,17.961380067082125,sl,5,0.011699126935065182,0.010699126935065181,1.0699126935065182
short,train,2023-03-12 04:00:00+00:00,2023-03-12 08:00:00+00:00,17.923,18.262660358385634,sl,2,-0.018951088455372214,-0.019951088455372214,-1.9951088455372215
short,train,2023-03-12 16:00:00+00:00,2023-03-12 16:00:00+00:00,17.841,18.15438513388238,sl,1,-0.017565446661194854,-0.018565446661194855,-1.8565446661194855
short,train,2023-03-13 04:00:00+00:00,2023-03-13 12:00:00+00:00,19.534,19.928674977820545,sl,3,-0.02020451406883109,-0.02120451406883109,-2.120451406883109
short,train,2023-03-14 00:00:00+00:00,2023-03-14 12:00:00+00:00,20.405,20.833162323622457,sl,4,-0.02098320625446976,-0.02198320625446976,-2.198320625446976
short,train,2023-03-15 16:00:00+00:00,2023-03-16 08:00:00+00:00,19.25,19.733495560700398,sl,5,-0.025116652503916762,-0.026116652503916763,-2.611665250391676
short,train,2023-03-16 16:00:00+00:00,2023-03-17 00:00:00+00:00,19.587,20.005646345651144,sl,3,-0.0213736838541453,-0.0223736838541453,-2.23736838541453
short,train,2023-03-26 00:00:00+00:00,2023-03-26 00:00:00+00:00,20.409,20.728217556847092,sl,1,-0.015641019003728402,-0.016641019003728403,-1.6641019003728403
short,train,2023-03-27 08:00:00+00:00,2023-03-27 12:00:00+00:00,20.447,20.704470753643896,sl,2,-0.012592104154345241,-0.013592104154345242,-1.3592104154345241
short,train,2023-03-27 20:00:00+00:00,2023-03-28 00:00:00+00:00,19.679,19.95384484174768,sl,2,-0.013966402853177651,-0.01496640285317765,-1.496640285317765
short,train,2023-03-30 04:00:00+00:00,2023-03-31 12:00:00+00:00,21.054,20.84824497137738,sl,9,0.009772728632213302,0.008772728632213303,0.8772728632213302
short,train,2023-04-01 04:00:00+00:00,2023-04-02 04:00:00+00:00,21.035,21.277203668675593,sl,7,-0.011514317502999433,-0.012514317502999434,-1.2514317502999435
short,train,2023-04-02 12:00:00+00:00,2023-04-03 00:00:00+00:00,20.994,20.20568432465842,tp,4,0.037549570131541345,0.036549570131541344,3.6549570131541342
short,train,2023-04-03 08:00:00+00:00,2023-04-03 08:00:00+00:00,20.266,20.46862455284842,sl,1,-0.009998250905379612,-0.010998250905379613,-1.0998250905379612
short,train,2023-04-04 08:00:00+00:00,2023-04-04 08:00:00+00:00,20.531,20.755500106820623,sl,1,-0.010934689339078676,-0.011934689339078677,-1.1934689339078677
short,train,2023-04-05 00:00:00+00:00,2023-04-05 00:00:00+00:00,20.915,21.13273735034631,sl,1,-0.010410583329969476,-0.011410583329969477,-1.1410583329969477
short,train,2023-04-06 04:00:00+00:00,2023-04-08 20:00:00+00:00,20.822,20.003144351799918,tp,17,0.039326464710406364,0.03832646471040636,3.8326464710406363
short,train,2023-04-09 12:00:00+00:00,2023-04-09 16:00:00+00:00,20.192,20.344710764872847,sl,2,-0.007562934076507861,-0.00856293407650786,-0.856293407650786
short,train,2023-04-10 04:00:00+00:00,2023-04-10 08:00:00+00:00,20.267,20.41554505038352,sl,2,-0.00732940496292109,-0.00832940496292109,-0.8329404962921091
short,train,2023-04-21 00:00:00+00:00,2023-04-23 04:00:00+00:00,22.195,22.06490581726708,sl,14,0.005861418460595712,0.004861418460595712,0.48614184605957117
short,train,2023-04-23 12:00:00+00:00,2023-04-23 16:00:00+00:00,22.136,21.11122530717749,tp,2,0.046294483774056185,0.045294483774056184,4.529448377405618
short,train,2023-04-24 00:00:00+00:00,2023-04-24 00:00:00+00:00,21.472,21.742140488350135,sl,1,-0.012581058511090409,-0.01358105851109041,-1.358105851109041
short,train,2023-04-25 00:00:00+00:00,2023-04-25 20:00:00+00:00,21.385,21.550159023450906,sl,6,-0.007723124781431114,-0.008723124781431113,-0.8723124781431113
short,train,2023-04-26 12:00:00+00:00,2023-04-26 12:00:00+00:00,22.463,22.724437435045548,sl,1,-0.011638580556717583,-0.012638580556717582,-1.2638580556717582
short,train,2023-04-26 20:00:00+00:00,2023-04-26 20:00:00+00:00,21.088,21.403869523074988,sl,1,-0.014978638233829052,-0.015978638233829053,-1.5978638233829052
short,train,2023-04-27 12:00:00+00:00,2023-04-27 12:00:00+00:00,21.646,21.967424314049996,sl,1,-0.01484913212833758,-0.01584913212833758,-1.584913212833758
short,train,2023-04-28 12:00:00+00:00,2023-04-28 16:00:00+00:00,22.48,22.78322988533096,sl,2,-0.013488873902622798,-0.014488873902622799,-1.4488873902622799
short,train,2023-05-01 00:00:00+00:00,2023-05-01 16:00:00+00:00,22.729,21.664068862723887,tp,5,0.046853409181051166,0.045853409181051165,4.585340918105117
short,train,2023-05-02 00:00:00+00:00,2023-05-02 12:00:00+00:00,21.951,22.210581900922733,sl,4,-0.011825515963861905,-0.012825515963861906,-1.2825515963861907
short,train,2023-05-02 20:00:00+00:00,2023-05-03 08:00:00+00:00,22.297,21.38513277027947,tp,4,0.04089640892140339,0.03989640892140339,3.989640892140339
short,train,2023-05-04 00:00:00+00:00,2023-05-04 00:00:00+00:00,22.244,22.476225741983356,sl,1,-0.010439927260535704,-0.011439927260535703,-1.1439927260535703
short,train,2023-05-04 08:00:00+00:00,2023-05-04 08:00:00+00:00,22.119,22.33999056324075,sl,1,-0.009990983464024165,-0.010990983464024166,-1.0990983464024167
short,train,2023-05-04 16:00:00+00:00,2023-05-05 00:00:00+00:00,21.81,22.033499516263706,sl,3,-0.010247570667753676,-0.011247570667753677,-1.1247570667753677
short,train,2023-05-07 00:00:00+00:00,2023-05-07 08:00:00+00:00,21.916,22.14275832447715,sl,3,-0.01034670215719791,-0.011346702157197911,-1.1346702157197912
short,train,2023-05-08 04:00:00+00:00,2023-05-08 16:00:00+00:00,21.289,20.284759893671843,tp,4,0.04717178384744037,0.04617178384744037,4.617178384744037
short,train,2023-05-09 04:00:00+00:00,2023-05-09 12:00:00+00:00,20.632,20.885808468522686,sl,3,-0.012301690021456228,-0.013301690021456227,-1.3301690021456227
short,train,2023-05-09 20:00:00+00:00,2023-05-10 00:00:00+00:00,20.625,20.86374839050074,sl,2,-0.01157567953942975,-0.01257567953942975,-1.257567953942975
short,train,2023-05-10 08:00:00+00:00,2023-05-10 12:00:00+00:00,20.563,20.782606127525554,sl,2,-0.010679673565411428,-0.011679673565411428,-1.1679673565411428
short,train,2023-05-10 20:00:00+00:00,2023-05-10 20:00:00+00:00,20.968,21.224052719451038,sl,1,-0.012211594784959834,-0.013211594784959833,-1.3211594784959833
short,train,2023-05-11 04:00:00+00:00,2023-05-12 12:00:00+00:00,20.543,20.442172085518756,sl,9,0.004908139730382291,0.003908139730382291,0.39081397303822907
short,train,2023-05-12 20:00:00+00:00,2023-05-12 20:00:00+00:00,20.482,20.72466668971419,sl,1,-0.01184780244674306,-0.012847802446743061,-1.2847802446743062
short,train,2023-05-13 04:00:00+00:00,2023-05-15 04:00:00+00:00,21.154,21.31098220247497,sl,13,-0.0074209228739231916,-0.008420922873923192,-0.8420922873923191
short,train,2023-05-15 16:00:00+00:00,2023-05-16 16:00:00+00:00,21.377,20.62047396722738,tp,7,0.0353897194542087,0.0343897194542087,3.4389719454208696
short,train,2023-05-17 12:00:00+00:00,2023-05-17 12:00:00+00:00,20.522,20.701935340600198,sl,1,-0.008767924208176549,-0.00976792420817655,-0.9767924208176549
short,train,2023-05-18 08:00:00+00:00,2023-05-18 16:00:00+00:00,20.929,20.224450802363073,tp,3,0.03366377742065677,0.03266377742065677,3.266377742065677
short,train,2023-05-19 00:00:00+00:00,2023-05-19 12:00:00+00:00,20.345,20.51939470294739,sl,4,-0.008571870383258405,-0.009571870383258404,-0.9571870383258404
short,train,2023-05-19 20:00:00+00:00,2023-05-21 20:00:00+00:00,20.375,19.7663366905051,tp,13,0.029873045864780404,0.028873045864780403,2.8873045864780402
short,train,2023-05-22 12:00:00+00:00,2023-05-22 12:00:00+00:00,19.867,20.000373752413466,sl,1,-0.006713331273643,-0.007713331273643,-0.7713331273643
short,train,2023-05-23 08:00:00+00:00,2023-05-23 12:00:00+00:00,19.846,20.001224431514498,sl,2,-0.007821446715433715,-0.008821446715433716,-0.8821446715433716
short,train,2023-05-23 20:00:00+00:00,2023-05-24 04:00:00+00:00,20.018,19.42392481627208,tp,3,0.02967704984153862,0.02867704984153862,2.8677049841538618
short,train,2023-05-24 12:00:00+00:00,2023-05-24 12:00:00+00:00,19.423,18.825259440794117,tp,1,0.03077488334479131,0.02977488334479131,2.9774883344791307
short,train,2023-05-25 00:00:00+00:00,2023-05-25 00:00:00+00:00,19.209,19.369392857924137,sl,1,-0.008349880676981464,-0.009349880676981465,-0.9349880676981466
short,train,2023-05-25 08:00:00+00:00,2023-05-25 12:00:00+00:00,19.277,19.444014760148875,sl,2,-0.008663939417382041,-0.009663939417382042,-0.9663939417382041
short,train,2023-05-25 20:00:00+00:00,2023-05-26 12:00:00+00:00,19.312,19.472644835294123,sl,5,-0.008318394536770994,-0.009318394536770993,-0.9318394536770993
short,train,2023-05-27 12:00:00+00:00,2023-05-27 12:00:00+00:00,19.476,19.59863269652407,sl,1,-0.006296605900804663,-0.007296605900804663,-0.7296605900804662
short,train,2023-06-05 16:00:00+00:00,2023-06-05 16:00:00+00:00,19.924,20.145276895924876,sl,1,-0.011106047777799487,-0.012106047777799486,-1.2106047777799487
short,train,2023-06-06 00:00:00+00:00,2023-06-06 16:00:00+00:00,20.01,19.98718564405057,sl,5,0.001140147723609797,0.00014014772360979705,0.014014772360979706
short,train,2023-06-07 08:00:00+00:00,2023-06-07 16:00:00+00:00,20.004,19.01628435507907,tp,3,0.049375907064633684,0.04837590706463368,4.837590706463368
short,train,2023-06-08 00:00:00+00:00,2023-06-08 12:00:00+00:00,18.638,18.899490398106174,sl,4,-0.014029960194558011,-0.01502996019455801,-1.502996019455801
short,train,2023-06-09 00:00:00+00:00,2023-06-09 08:00:00+00:00,18.88,19.112808062939397,sl,3,-0.012330935537044388,-0.013330935537044387,-1.3330935537044386
short,train,2023-06-09 16:00:00+00:00,2023-06-09 16:00:00+00:00,18.684,17.68157334593793,tp,1,0.053651608545390174,0.05265160854539017,5.265160854539017
short,train,2023-06-10 00:00:00+00:00,2023-06-10 00:00:00+00:00,17.396,16.247530078895462,tp,1,0.06601919528078516,0.06501919528078516,6.501919528078516
short,train,2023-06-10 08:00:00+00:00,2023-06-10 08:00:00+00:00,14.409,14.84027986819728,sl,1,-0.029931283794661624,-0.030931283794661625,-3.0931283794661626
short,train,2023-06-10 16:00:00+00:00,2023-06-10 16:00:00+00:00,14.772,15.18952702921092,sl,1,-0.02826475962705928,-0.02926475962705928,-2.9264759627059282
short,train,2023-06-11 00:00:00+00:00,2023-06-11 16:00:00+00:00,15.617,16.045865142533906,sl,5,-0.027461429374009395,-0.028461429374009396,-2.8461429374009395
short,train,2023-06-12 12:00:00+00:00,2023-06-13 12:00:00+00:00,15.414,15.780844667833305,sl,7,-0.023799446466414007,-0.024799446466414007,-2.4799446466414006
short,train,2023-06-13 20:00:00+00:00,2023-06-14 00:00:00+00:00,14.966,15.292820950626203,sl,2,-0.021837561848603717,-0.022837561848603718,-2.283756184860372
short,train,2023-06-14 12:00:00+00:00,2023-06-14 20:00:00+00:00,15.206,14.098317089667326,tp,3,0.0728451210267443,0.0718451210267443,7.18451210267443
short,train,2023-06-15 08:00:00+00:00,2023-06-15 20:00:00+00:00,14.819,15.008164581944303,sl,4,-0.012765003167845495,-0.013765003167845496,-1.3765003167845495
short,train,2023-06-16 04:00:00+00:00,2023-06-16 12:00:00+00:00,14.807,15.067767801439285,sl,3,-0.01761111646108491,-0.01861111646108491,-1.8611116461084911
short,train,2023-06-17 04:00:00+00:00,2023-06-17 04:00:00+00:00,15.426,15.664453043507244,sl,1,-0.015457866167978986,-0.016457866167978986,-1.6457866167978987
short,train,2023-06-18 00:00:00+00:00,2023-06-19 16:00:00+00:00,15.64,15.854213225670359,sl,11,-0.013696497805010099,-0.0146964978050101,-1.46964978050101
short,train,2023-06-20 04:00:00+00:00,2023-06-20 16:00:00+00:00,16.028,16.198419839170207,sl,4,-0.010632632840666826,-0.011632632840666825,-1.1632632840666826
short,train,2023-06-21 00:00:00+00:00,2023-06-21 00:00:00+00:00,16.642,16.81756738513905,sl,1,-0.010549656600111193,-0.011549656600111192,-1.154965660011119
short,train,2023-06-28 08:00:00+00:00,2023-06-28 08:00:00+00:00,15.97,16.194517634011508,sl,1,-0.014058712211115022,-0.015058712211115023,-1.5058712211115024
short,train,2023-07-24 04:00:00+00:00,2023-07-24 04:00:00+00:00,24.337,24.633530275136728,sl,1,-0.012184339694158206,-0.013184339694158206,-1.3184339694158207
short,train,2023-07-24 12:00:00+00:00,2023-07-26 08:00:00+00:00,23.621,23.74729515048123,sl,12,-0.005346731742145971,-0.006346731742145971,-0.6346731742145971
short,train,2023-07-26 16:00:00+00:00,2023-07-26 16:00:00+00:00,24.912,25.207455869054904,sl,1,-0.011859981898478844,-0.012859981898478843,-1.2859981898478843
short,train,2023-07-27 04:00:00+00:00,2023-07-27 04:00:00+00:00,24.925,25.24506597824841,sl,1,-0.012841162617789692,-0.013841162617789692,-1.384116261778969
short,train,2023-07-27 16:00:00+00:00,2023-07-28 12:00:00+00:00,25.16,25.46202637122276,sl,6,-0.01200422779104765,-0.013004227791047651,-1.3004227791047651
short,train,2023-07-28 20:00:00+00:00,2023-07-29 16:00:00+00:00,25.036,25.336041765495306,sl,6,-0.01198441306499859,-0.01298441306499859,-1.298441306499859
short,train,2023-07-30 00:00:00+00:00,2023-07-30 16:00:00+00:00,25.165,24.21486514680729,tp,5,0.03775620318667625,0.03675620318667625,3.675620318667625
short,train,2023-07-31 00:00:00+00:00,2023-07-31 00:00:00+00:00,24.247,24.498742078150773,sl,1,-0.010382401045522047,-0.011382401045522048,-1.1382401045522048
short,train,2023-07-31 12:00:00+00:00,2023-07-31 16:00:00+00:00,24.469,23.504823840091476,tp,2,0.0394039870819619,0.038403987081961896,3.8403987081961897
short,train,2023-08-01 08:00:00+00:00,2023-08-01 16:00:00+00:00,23.484,23.625815556214835,sl,3,-0.006038816054114867,-0.007038816054114867,-0.7038816054114867
short,train,2023-08-02 00:00:00+00:00,2023-08-02 16:00:00+00:00,24.061,22.97143563095058,tp,5,0.045283420017847124,0.044283420017847124,4.428342001784713
short,train,2023-08-03 00:00:00+00:00,2023-08-04 12:00:00+00:00,23.147,23.17402428196841,sl,10,-0.0011675068893771165,-0.0021675068893771167,-0.21675068893771166
short,train,2023-08-05 04:00:00+00:00,2023-08-06 04:00:00+00:00,22.73,22.964817791080584,sl,7,-0.010330743118371481,-0.01133074311837148,-1.133074311837148
short,train,2023-08-06 12:00:00+00:00,2023-08-07 00:00:00+00:00,23.21,23.41994176481972,sl,4,-0.009045315158109328,-0.010045315158109327,-1.0045315158109327
short,train,2023-08-07 12:00:00+00:00,2023-08-07 20:00:00+00:00,23.095,22.930232126617508,sl,3,0.007134352603701715,0.006134352603701715,0.6134352603701715
short,train,2023-08-08 16:00:00+00:00,2023-08-08 16:00:00+00:00,23.737,23.94072189940043,sl,1,-0.008582461953929785,-0.009582461953929786,-0.9582461953929786
short,train,2023-08-16 04:00:00+00:00,2023-08-16 16:00:00+00:00,23.689,23.56213725817679,sl,4,0.005355343907434252,0.004355343907434252,0.4355343907434252
short,train,2023-08-17 04:00:00+00:00,2023-08-17 16:00:00+00:00,23.311,23.31393430856869,sl,4,-0.0001258765633688117,-0.0011258765633688117,-0.11258765633688117
short,train,2023-08-18 00:00:00+00:00,2023-08-18 04:00:00+00:00,21.664,22.03812112465007,sl,2,-0.017269254276683292,-0.018269254276683293,-1.8269254276683293
short,train,2023-08-19 04:00:00+00:00,2023-08-19 04:00:00+00:00,21.416,21.746504266286074,sl,1,-0.015432586210593647,-0.016432586210593646,-1.6432586210593645
short,train,2023-08-19 12:00:00+00:00,2023-08-19 12:00:00+00:00,21.638,21.949123576542583,sl,1,-0.014378573645557863,-0.015378573645557864,-1.5378573645557863
short,train,2023-08-20 00:00:00+00:00,2023-08-21 12:00:00+00:00,21.895,20.775162539848317,tp,10,0.051145807725584955,0.050145807725584954,5.014580772558495
short,train,2023-08-22 08:00:00+00:00,2023-08-22 16:00:00+00:00,21.178,20.261567779815373,tp,3,0.04327284069244632,0.04227284069244632,4.227284069244632
short,train,2023-08-23 12:00:00+00:00,2023-08-23 12:00:00+00:00,20.629,20.880534950573324,sl,1,-0.012193269211950295,-0.013193269211950295,-1.3193269211950294
short,train,2023-08-24 04:00:00+00:00,2023-08-24 16:00:00+00:00,21.766,20.74182614292746,tp,4,0.04705383888048042,0.04605383888048042,4.605383888048042
short,train,2023-08-25 08:00:00+00:00,2023-08-25 12:00:00+00:00,20.56,20.80653485418593,sl,2,-0.011990994853401332,-0.012990994853401331,-1.2990994853401332
short,train,2023-08-26 12:00:00+00:00,2023-08-27 08:00:00+00:00,20.295,20.496926382875753,sl,6,-0.009949563088236064,-0.010949563088236063,-1.0949563088236063
short,train,2023-08-27 20:00:00+00:00,2023-08-28 08:00:00+00:00,20.777,20.125623322651453,tp,4,0.03135085321983674,0.030350853219836736,3.0350853219836735
short,train,2023-08-28 16:00:00+00:00,2023-08-29 00:00:00+00:00,20.535,20.701104356008088,sl,3,-0.008088841295743254,-0.009088841295743253,-0.9088841295743253
short,train,2023-08-29 12:00:00+00:00,2023-08-29 12:00:00+00:00,20.141,20.29991526067135,sl,1,-0.007890137563743276,-0.008890137563743277,-0.8890137563743277
short,train,2023-08-30 00:00:00+00:00,2023-08-30 12:00:00+00:00,21.796,20.891651125809087,tp,4,0.04149150643195597,0.04049150643195597,4.049150643195596
short,train,2023-08-30 20:00:00+00:00,2023-08-31 08:00:00+00:00,20.687,20.911386723419263,sl,4,-0.010846750298219236,-0.011846750298219237,-1.1846750298219237
short,train,2023-08-31 16:00:00+00:00,2023-08-31 16:00:00+00:00,20.334,19.488514951370647,tp,1,0.04157986862542309,0.040579868625423086,4.057986862542308
short,train,2023-09-01 00:00:00+00:00,2023-09-02 12:00:00+00:00,19.738,19.69847566282536,sl,10,0.002002448939843972,0.0010024489398439721,0.10024489398439722
short,train,2023-09-02 20:00:00+00:00,2023-09-03 00:00:00+00:00,19.4,19.591676313867367,sl,2,-0.009880222364297357,-0.010880222364297358,-1.0880222364297358
short,train,2023-09-03 12:00:00+00:00,2023-09-03 20:00:00+00:00,19.422,19.589276569668,sl,3,-0.008612736570281174,-0.009612736570281173,-0.9612736570281173
short,train,2023-09-04 04:00:00+00:00,2023-09-05 00:00:00+00:00,19.745,19.07673322508457,tp,6,0.033844860719950895,0.032844860719950894,3.2844860719950892
short,train,2023-09-05 08:00:00+00:00,2023-09-05 08:00:00+00:00,19.412,19.579364928022684,sl,1,-0.008621725119652042,-0.009621725119652043,-0.9621725119652043
short,train,2023-09-05 20:00:00+00:00,2023-09-06 12:00:00+00:00,20.24,19.45390853226554,tp,5,0.03883851125170248,0.03783851125170248,3.783851125170248
short,train,2023-09-07 12:00:00+00:00,2023-09-07 12:00:00+00:00,19.399,19.585237452583858,sl,1,-0.009600363553990248,-0.010600363553990248,-1.0600363553990249
short,train,2023-09-08 00:00:00+00:00,2023-09-08 00:00:00+00:00,19.915,20.09442626943394,sl,1,-0.009009604289929172,-0.010009604289929173,-1.0009604289929173
short,train,2023-09-08 12:00:00+00:00,2023-09-10 04:00:00+00:00,19.547,18.803553186667106,tp,11,0.03803380638117843,0.03703380638117843,3.703380638117843
short,train,2023-09-10 12:00:00+00:00,2023-09-10 16:00:00+00:00,18.332,18.275597327906695,sl,2,0.003076733149318445,0.002076733149318445,0.20767331493184452
short,train,2023-09-11 00:00:00+00:00,2023-09-11 00:00:00+00:00,18.229,18.415947622620383,sl,1,-0.010255506205517784,-0.011255506205517785,-1.1255506205517785
short,train,2023-09-11 08:00:00+00:00,2023-09-11 08:00:00+00:00,18.2,17.451762281166427,tp,1,0.04111196257327318,0.04011196257327318,4.011196257327318
short,train,2023-09-11 20:00:00+00:00,2023-09-11 20:00:00+00:00,17.507,17.72636919353839,sl,1,-0.012530370339771946,-0.013530370339771947,-1.3530370339771947
short,train,2023-09-12 04:00:00+00:00,2023-09-12 08:00:00+00:00,18.194,18.428836192387692,sl,2,-0.012907342661739747,-0.013907342661739746,-1.3907342661739746
short,train,2023-09-12 20:00:00+00:00,2023-09-13 04:00:00+00:00,17.931,18.18466883566183,sl,3,-0.014146943040646402,-0.015146943040646402,-1.5146943040646403
short,train,2023-09-13 20:00:00+00:00,2023-09-14 00:00:00+00:00,18.371,18.63121055201702,sl,2,-0.014164201840782825,-0.015164201840782824,-1.5164201840782825
short,train,2023-09-14 08:00:00+00:00,2023-09-14 12:00:00+00:00,18.785,19.044212858156488,sl,2,-0.013798927769842314,-0.014798927769842315,-1.4798927769842314
short,train,2023-09-15 04:00:00+00:00,2023-09-15 20:00:00+00:00,19.146,19.26844676926,sl,5,-0.00639542302621947,-0.00739542302621947,-0.739542302621947
short,train,2023-09-16 12:00:00+00:00,2023-09-18 00:00:00+00:00,19.148,19.267006845355397,sl,10,-0.006215105773730779,-0.007215105773730779,-0.7215105773730779
short,train,2023-09-27 00:00:00+00:00,2023-09-27 08:00:00+00:00,19.027,19.154974164559828,sl,3,-0.006725924452610875,-0.007725924452610875,-0.7725924452610875
short,train,2023-09-28 00:00:00+00:00,2023-09-28 00:00:00+00:00,19.131,19.279894979818792,sl,1,-0.007782916722533675,-0.008782916722533675,-0.8782916722533676
short,train,2023-10-12 04:00:00+00:00,2023-10-13 12:00:00+00:00,21.708,21.58668684930642,sl,9,0.005588407531489654,0.004588407531489654,0.45884075314896533
short,train,2023-10-13 20:00:00+00:00,2023-10-13 20:00:00+00:00,21.569,21.756914009275746,sl,1,-0.008712226309784757,-0.009712226309784758,-0.9712226309784757
short,train,2023-10-14 04:00:00+00:00,2023-10-14 08:00:00+00:00,22.034,22.22631105901837,sl,2,-0.008727923165034608,-0.009727923165034607,-0.9727923165034607
short,train,2023-10-14 16:00:00+00:00,2023-10-16 00:00:00+00:00,22.086,22.214338990521174,sl,9,-0.005810875238665924,-0.006810875238665924,-0.6810875238665924
short,train,2023-11-22 00:00:00+00:00,2023-11-22 00:00:00+00:00,51.67,53.023411155382455,sl,1,-0.026193364725807102,-0.027193364725807103,-2.7193364725807103
short,train,2023-11-26 20:00:00+00:00,2023-11-26 20:00:00+00:00,57.16,57.913875685437056,sl,1,-0.013188867834798093,-0.014188867834798093,-1.4188867834798093
short,train,2023-11-27 08:00:00+00:00,2023-11-28 08:00:00+00:00,55.94,55.83545176483807,sl,7,0.001868935201321567,0.000868935201321567,0.0868935201321567
short,train,2023-11-28 16:00:00+00:00,2023-11-28 16:00:00+00:00,56.05,56.78954873555047,sl,1,-0.013194446664593601,-0.014194446664593602,-1.41944466645936
short,train,2024-01-04 00:00:00+00:00,2024-01-04 00:00:00+00:00,98.54,101.22666830509112,sl,1,-0.027264748377218567,-0.028264748377218568,-2.826474837721857
short,train,2024-01-04 08:00:00+00:00,2024-01-04 12:00:00+00:00,98.93,101.49817318143062,sl,2,-0.02595949844769644,-0.02695949844769644,-2.695949844769644
short,train,2024-01-05 04:00:00+00:00,2024-01-07 20:00:00+00:00,100.95,90.67830769877942,tp,17,0.10175029520773236,0.10075029520773236,10.075029520773237
short,train,2024-01-08 20:00:00+00:00,2024-01-09 04:00:00+00:00,99.28,101.4271225711242,sl,3,-0.021626939676915792,-0.022626939676915793,-2.2626939676915794
short,train,2024-01-09 12:00:00+00:00,2024-01-09 20:00:00+00:00,101.87,101.89778421130869,sl,3,-0.0002727418406663866,-0.0012727418406663867,-0.12727418406663868
short,train,2024-01-10 08:00:00+00:00,2024-01-10 20:00:00+00:00,98.15,98.64841048032336,sl,4,-0.005078048704262432,-0.006078048704262432,-0.6078048704262432
short,train,2024-01-11 04:00:00+00:00,2024-01-11 08:00:00+00:00,100.3,102.69359438680728,sl,2,-0.02386435081562592,-0.02486435081562592,-2.486435081562592
short,train,2024-01-11 16:00:00+00:00,2024-01-12 20:00:00+00:00,100.8,90.90225675245541,tp,8,0.09819189729706927,0.09719189729706927,9.719189729706928
short,train,2024-01-13 04:00:00+00:00,2024-01-13 16:00:00+00:00,91.12,93.40752672876894,sl,4,-0.0251045514570779,-0.0261045514570779,-2.61045514570779
short,train,2024-01-14 04:00:00+00:00,2024-01-14 12:00:00+00:00,96.98,98.91781311187867,sl,3,-0.01998157467393966,-0.02098157467393966,-2.0981574673939662
short,train,2024-01-15 00:00:00+00:00,2024-01-15 00:00:00+00:00,93.83,95.78643340339733,sl,1,-0.02085083026108203,-0.02185083026108203,-2.185083026108203
short,train,2024-01-15 16:00:00+00:00,2024-01-15 16:00:00+00:00,93.52,95.27194995404079,sl,1,-0.018733425513695428,-0.01973342551369543,-1.9733425513695428
short,train,2024-01-16 00:00:00+00:00,2024-01-16 00:00:00+00:00,94.35,96.09275276649436,sl,1,-0.018471147498615396,-0.019471147498615397,-1.9471147498615398
short,train,2024-01-16 08:00:00+00:00,2024-01-17 00:00:00+00:00,97.73,99.18201863577877,sl,5,-0.014857450483769269,-0.01585745048376927,-1.585745048376927
short,train,2024-01-18 16:00:00+00:00,2024-01-18 16:00:00+00:00,98.26,91.9708542945095,tp,1,0.06400514660584684,0.06300514660584684,6.3005146605846845
short,train,2024-01-19 00:00:00+00:00,2024-01-19 16:00:00+00:00,94.4,87.66160395802095,tp,5,0.07138131400401544,0.07038131400401544,7.038131400401544
short,train,2024-01-20 04:00:00+00:00,2024-01-22 08:00:00+00:00,93.6,86.82095124005312,tp,14,0.07242573461481704,0.07142573461481704,7.142573461481703
short,train,2024-01-22 16:00:00+00:00,2024-01-22 20:00:00+00:00,87.27,86.00473126670425,sl,2,0.014498323974971253,0.013498323974971253,1.3498323974971254
short,train,2024-01-23 04:00:00+00:00,2024-01-23 08:00:00+00:00,85.18,79.51558814725499,tp,2,0.06649931736023736,0.06549931736023736,6.549931736023735
short,train,2024-01-24 12:00:00+00:00,2024-01-24 20:00:00+00:00,87.2,88.75714754560774,sl,3,-0.0178571966239419,-0.0188571966239419,-1.88571966239419
short,train,2024-01-25 04:00:00+00:00,2024-01-26 08:00:00+00:00,88.32,89.57372782565356,sl,8,-0.014195287881041328,-0.015195287881041328,-1.5195287881041328
short,train,2024-01-26 16:00:00+00:00,2024-01-27 20:00:00+00:00,92.42,93.86308760651161,sl,8,-0.01561445148789884,-0.01661445148789884,-1.6614451487898843
short,train,2024-02-20 16:00:00+00:00,2024-02-20 20:00:00+00:00,106.63,108.09645409372791,sl,2,-0.013752734631228721,-0.014752734631228722,-1.475273463122872
short,train,2024-02-21 12:00:00+00:00,2024-02-21 12:00:00+00:00,102.76,104.2025360151695,sl,1,-0.014037913732673166,-0.015037913732673165,-1.5037913732673165
short,train,2024-02-22 08:00:00+00:00,2024-02-22 08:00:00+00:00,105.09,106.60878292839354,sl,1,-0.014452211707998232,-0.015452211707998233,-1.5452211707998234
short,train,2024-02-22 16:00:00+00:00,2024-02-23 16:00:00+00:00,105.41,99.44613643064268,tp,7,0.056577777908711845,0.055577777908711844,5.557777790871184
short,train,2024-02-24 08:00:00+00:00,2024-02-24 16:00:00+00:00,102.24,103.59156452808787,sl,3,-0.013219527856884558,-0.014219527856884559,-1.421952785688456
short,train,2024-02-25 00:00:00+00:00,2024-02-26 12:00:00+00:00,104.02,104.15166892597233,sl,10,-0.0012658039412837406,-0.0022658039412837404,-0.22658039412837405
short,train,2024-02-27 16:00:00+00:00,2024-02-27 16:00:00+00:00,106.84,108.21464787190281,sl,1,-0.01286641587329473,-0.013866415873294732,-1.386641587329473
short,train,2024-02-28 04:00:00+00:00,2024-02-28 04:00:00+00:00,107.59,108.92264809568894,sl,1,-0.012386356498642424,-0.013386356498642425,-1.3386356498642424
short,train,2024-04-02 04:00:00+00:00,2024-04-02 16:00:00+00:00,183.58,184.10632655654396,sl,4,-0.0028670146886586208,-0.003867014688658621,-0.3867014688658621
short,train,2024-04-03 00:00:00+00:00,2024-04-03 00:00:00+00:00,181.53,184.45312706459043,sl,1,-0.016102721669092886,-0.017102721669092887,-1.7102721669092886
short,train,2024-04-03 20:00:00+00:00,2024-04-04 12:00:00+00:00,185.72,188.76569710945026,sl,5,-0.01639940291541169,-0.017399402915411692,-1.7399402915411692
short,train,2024-04-05 00:00:00+00:00,2024-04-05 04:00:00+00:00,184.06,173.10850377408227,tp,2,0.05949959918460142,0.05849959918460142,5.849959918460142
short,train,2024-04-05 20:00:00+00:00,2024-04-06 08:00:00+00:00,175.36,178.38532999094951,sl,4,-0.017252109893644507,-0.018252109893644508,-1.8252109893644508
short,train,2024-04-06 16:00:00+00:00,2024-04-06 20:00:00+00:00,177.17,179.74875941447314,sl,2,-0.014555282578727518,-0.015555282578727517,-1.5555282578727518
short,train,2024-04-07 08:00:00+00:00,2024-04-07 12:00:00+00:00,179.77,182.1256121833811,sl,2,-0.013103477684714265,-0.014103477684714264,-1.4103477684714265
short,train,2024-04-07 20:00:00+00:00,2024-04-08 04:00:00+00:00,178.3,180.52894495877854,sl,3,-0.012501093431175137,-0.013501093431175136,-1.3501093431175135
short,train,2024-04-08 16:00:00+00:00,2024-04-09 12:00:00+00:00,181.46,172.54202422666336,tp,6,0.049145683750339744,0.04814568375033974,4.814568375033974
short,train,2024-04-09 20:00:00+00:00,2024-04-10 12:00:00+00:00,174.3,165.38648775436968,tp,5,0.051138911334654785,0.050138911334654784,5.013891133465479
short,train,2024-04-11 04:00:00+00:00,2024-04-11 04:00:00+00:00,172.77,175.05014505684042,sl,1,-0.013197575139436306,-0.014197575139436307,-1.4197575139436307
short,train,2024-04-11 12:00:00+00:00,2024-04-11 12:00:00+00:00,170.55,172.84604344186752,sl,1,-0.013462582479434245,-0.014462582479434244,-1.4462582479434243
short,train,2024-04-12 00:00:00+00:00,2024-04-12 04:00:00+00:00,172.36,174.6400901755769,sl,2,-0.01322865035725733,-0.01422865035725733,-1.422865035725733
short,train,2024-04-12 12:00:00+00:00,2024-04-12 16:00:00+00:00,172.68,164.41311499162921,tp,2,0.04787401556851281,0.04687401556851281,4.687401556851281
short,train,2024-04-13 00:00:00+00:00,2024-04-13 04:00:00+00:00,153.13,154.55208082089757,sl,2,-0.009286755181202748,-0.010286755181202749,-1.028675518120275
short,train,2024-04-13 12:00:00+00:00,2024-04-13 16:00:00+00:00,151.24,139.39143510033432,tp,2,0.07834279886052425,0.07734279886052425,7.734279886052425
short,train,2024-04-14 12:00:00+00:00,2024-04-14 20:00:00+00:00,138.81,143.2789895431402,sl,3,-0.03219501147712842,-0.033195011477128424,-3.319501147712842
short,train,2024-04-15 04:00:00+00:00,2024-04-15 04:00:00+00:00,148.15,152.60035532959256,sl,1,-0.030039522980712483,-0.031039522980712483,-3.103952298071248
short,train,2024-04-15 12:00:00+00:00,2024-04-16 00:00:00+00:00,150.98,133.7135703938543,tp,4,0.11436236326762282,0.11336236326762282,11.336236326762283
short,train,2024-04-16 08:00:00+00:00,2024-04-17 04:00:00+00:00,137.9,139.11681283433984,sl,6,-0.008823878421608656,-0.009823878421608655,-0.9823878421608655
short,train,2024-04-17 12:00:00+00:00,2024-04-17 20:00:00+00:00,134.29,138.17665269052054,sl,3,-0.02894223464532392,-0.02994223464532392,-2.994223464532392
short,train,2024-04-18 08:00:00+00:00,2024-04-18 08:00:00+00:00,129.48,133.38994282966442,sl,1,-0.030197272394689764,-0.031197272394689765,-3.1197272394689763
short,train,2024-04-18 16:00:00+00:00,2024-04-18 20:00:00+00:00,138.99,143.01074152149639,sl,2,-0.028928279167539935,-0.029928279167539935,-2.9928279167539937
short,train,2024-04-19 04:00:00+00:00,2024-04-19 04:00:00+00:00,136.5,140.5302219835013,sl,1,-0.02952543577656624,-0.030525435776566242,-3.0525435776566243
short,train,2024-04-19 12:00:00+00:00,2024-04-20 16:00:00+00:00,144.43,148.38348222046795,sl,8,-0.027372998826199178,-0.02837299882619918,-2.837299882619918
short,train,2024-04-21 12:00:00+00:00,2024-04-22 04:00:00+00:00,151.46,154.31485956112616,sl,5,-0.018848934115450598,-0.0198489341154506,-1.9848934115450598
short,train,2024-04-22 16:00:00+00:00,2024-04-22 16:00:00+00:00,153.45,155.93993236942333,sl,1,-0.01622634323508207,-0.01722634323508207,-1.722634323508207
short,train,2024-04-23 12:00:00+00:00,2024-04-23 12:00:00+00:00,154.05,156.32452809699885,sl,1,-0.014764869178830482,-0.015764869178830482,-1.5764869178830483
short,train,2024-04-24 16:00:00+00:00,2024-04-24 16:00:00+00:00,151.52,153.80653624498157,sl,1,-0.015090656315876201,-0.016090656315876202,-1.6090656315876202
short,train,2024-04-25 00:00:00+00:00,2024-04-25 16:00:00+00:00,147.76,149.15963712349821,sl,5,-0.009472368188266267,-0.010472368188266266,-1.0472368188266266
short,train,2024-04-26 04:00:00+00:00,2024-04-26 12:00:00+00:00,143.25,145.5148233469299,sl,3,-0.015810285144362213,-0.016810285144362214,-1.6810285144362214
short,train,2024-04-27 08:00:00+00:00,2024-04-27 12:00:00+00:00,136.19,138.3380122062618,sl,2,-0.015772172745882933,-0.016772172745882934,-1.6772172745882934
short,train,2024-04-28 04:00:00+00:00,2024-04-29 00:00:00+00:00,143.78,135.602495455022,tp,6,0.05687511854901938,0.05587511854901938,5.587511854901938
short,train,2024-04-29 08:00:00+00:00,2024-04-29 12:00:00+00:00,134.94,136.7983770008208,sl,2,-0.013771876395589218,-0.014771876395589217,-1.4771876395589216
short,train,2024-04-29 20:00:00+00:00,2024-04-29 20:00:00+00:00,134.98,136.80113311618194,sl,1,-0.01349187373078941,-0.01449187373078941,-1.449187373078941
short,train,2024-04-30 04:00:00+00:00,2024-04-30 08:00:00+00:00,136.49,128.90680619112752,tp,2,0.05555860362570513,0.05455860362570513,5.455860362570513
short,train,2024-04-30 20:00:00+00:00,2024-04-30 20:00:00+00:00,123.04,125.08664891175036,sl,1,-0.016634012611755143,-0.017634012611755144,-1.7634012611755143
short,train,2024-05-01 04:00:00+00:00,2024-05-01 12:00:00+00:00,126.21,124.73974999110935,sl,3,0.011649235471758536,0.010649235471758535,1.0649235471758536
short,train,2024-05-02 00:00:00+00:00,2024-05-02 08:00:00+00:00,134.65,135.96491043250018,sl,3,-0.009765394968437952,-0.010765394968437952,-1.0765394968437954
short,train,2024-05-02 20:00:00+00:00,2024-05-02 20:00:00+00:00,138.08,140.6749574205281,sl,1,-0.018793144702549894,-0.019793144702549895,-1.9793144702549896
short,train,2024-05-03 12:00:00+00:00,2024-05-03 12:00:00+00:00,136.89,139.4091810414333,sl,1,-0.018402958882557628,-0.01940295888255763,-1.9402958882557628
short,train,2024-05-09 08:00:00+00:00,2024-05-09 12:00:00+00:00,143.25,145.25194979908792,sl,2,-0.013975216747559683,-0.014975216747559684,-1.4975216747559683
short,train,2024-05-14 16:00:00+00:00,2024-05-15 08:00:00+00:00,142.89,144.84171984957422,sl,5,-0.013658897400617483,-0.014658897400617484,-1.4658897400617483
short,train,2024-05-30 12:00:00+00:00,2024-05-30 12:00:00+00:00,166.19,168.15915981836505,sl,1,-0.01184884661149923,-0.01284884661149923,-1.284884661149923
short,train,2024-05-31 00:00:00+00:00,2024-05-31 08:00:00+00:00,166.9,168.82281491288194,sl,3,-0.011520760412713795,-0.012520760412713796,-1.2520760412713796
short,train,2024-06-01 04:00:00+00:00,2024-06-03 08:00:00+00:00,167.03,166.62047128588455,sl,14,0.002451827301176153,0.0014518273011761532,0.14518273011761532
short,train,2024-06-03 16:00:00+00:00,2024-06-03 16:00:00+00:00,164.85,166.23348665087352,sl,1,-0.008392397032899738,-0.009392397032899739,-0.9392397032899739
short,train,2024-06-04 00:00:00+00:00,2024-06-04 00:00:00+00:00,164.88,166.28810838774297,sl,1,-0.008540201284224712,-0.009540201284224711,-0.9540201284224712
short,train,2024-06-04 08:00:00+00:00,2024-06-04 12:00:00+00:00,165.28,166.6489046812682,sl,2,-0.008282337132551977,-0.009282337132551978,-0.9282337132551978
short,train,2024-06-04 20:00:00+00:00,2024-06-04 20:00:00+00:00,169.45,170.7684670498346,sl,1,-0.0077808619051910515,-0.008780861905191052,-0.8780861905191052
short,train,2024-06-08 04:00:00+00:00,2024-06-09 12:00:00+00:00,162.68,161.61660949807688,sl,9,0.006536700896994858,0.005536700896994858,0.5536700896994858
short,train,2024-06-09 20:00:00+00:00,2024-06-10 12:00:00+00:00,162.14,161.8372799655745,sl,5,0.0018670287062136216,0.0008670287062136216,0.08670287062136216
short,train,2024-06-10 20:00:00+00:00,2024-06-11 04:00:00+00:00,160.45,154.54894377584407,tp,3,0.03677816281804876,0.035778162818048756,3.5778162818048758
short,train,2024-06-11 16:00:00+00:00,2024-06-11 16:00:00+00:00,147.59,149.33007423833612,sl,1,-0.011789919630978524,-0.012789919630978523,-1.2789919630978523
short,train,2024-06-12 00:00:00+00:00,2024-06-12 04:00:00+00:00,149.3,150.6104981573286,sl,2,-0.008777616592957772,-0.009777616592957773,-0.9777616592957773
short,train,2024-06-13 00:00:00+00:00,2024-06-13 12:00:00+00:00,155.23,146.9899115332335,tp,4,0.053083092615902085,0.052083092615902084,5.208309261590208
short,train,2024-06-14 08:00:00+00:00,2024-06-14 16:00:00+00:00,147.61,140.0174160246929,tp,3,0.051436785958316654,0.05043678595831665,5.043678595831666
short,train,2024-06-15 12:00:00+00:00,2024-06-16 12:00:00+00:00,144.48,146.20849502486058,sl,7,-0.011963559142169107,-0.012963559142169106,-1.2963559142169105
short,train,2024-06-17 00:00:00+00:00,2024-06-17 08:00:00+00:00,151.28,145.52934565842224,tp,3,0.03801331531978951,0.03701331531978951,3.7013315319789513
short,train,2024-06-17 16:00:00+00:00,2024-06-17 16:00:00+00:00,141.21,142.83878838667354,sl,1,-0.011534511625759749,-0.012534511625759748,-1.2534511625759748
short,train,2024-06-18 00:00:00+00:00,2024-06-18 00:00:00+00:00,143.27,136.25509719698312,tp,1,0.04896281707975776,0.04796281707975776,4.796281707975776
short,train,2024-06-18 08:00:00+00:00,2024-06-18 20:00:00+00:00,136.71,136.9283363789918,sl,4,-0.0015970768706881657,-0.002597076870688166,-0.2597076870688166
short,train,2024-06-19 16:00:00+00:00,2024-06-20 08:00:00+00:00,136.93,139.03402044679515,sl,5,-0.015365664549734512,-0.016365664549734513,-1.6365664549734513
short,train,2024-06-21 00:00:00+00:00,2024-06-21 20:00:00+00:00,133.57,135.10140165171947,sl,6,-0.011465161725832727,-0.012465161725832726,-1.2465161725832725
short,train,2024-06-22 04:00:00+00:00,2024-06-24 00:00:00+00:00,135.09,127.20612498063817,tp,12,0.0583601674392023,0.057360167439202296,5.73601674392023
short,train,2024-06-24 08:00:00+00:00,2024-06-24 08:00:00+00:00,125.21,126.6559396951478,sl,1,-0.011548116725084257,-0.012548116725084258,-1.2548116725084257
short,train,2024-06-24 20:00:00+00:00,2024-06-24 20:00:00+00:00,127.48,129.11693677486872,sl,1,-0.012840734035681796,-0.013840734035681795,-1.3840734035681794
short,train,2024-06-25 04:00:00+00:00,2024-06-25 08:00:00+00:00,135.79,137.6442209946572,sl,2,-0.01365506292552616,-0.01465506292552616,-1.4655062925526159
short,train,2024-06-25 16:00:00+00:00,2024-06-27 12:00:00+00:00,139.46,140.42779357718135,sl,12,-0.00693957821010569,-0.007939578210105689,-0.7939578210105689
short,train,2024-06-30 04:00:00+00:00,2024-06-30 04:00:00+00:00,138.29,139.84880812647503,sl,1,-0.011272023475848167,-0.012272023475848166,-1.2272023475848166
short,train,2024-07-04 04:00:00+00:00,2024-07-04 16:00:00+00:00,137.07,135.6100583451438,sl,4,0.010651066278953679,0.00965106627895368,0.9651066278953679
short,train,2024-07-05 00:00:00+00:00,2024-07-05 04:00:00+00:00,127.82,127.21008931015257,sl,2,0.004771637379497925,0.003771637379497925,0.37716373794979247
short,train,2024-07-06 00:00:00+00:00,2024-07-06 00:00:00+00:00,134.32,136.72458316568458,sl,1,-0.017901899684965642,-0.018901899684965643,-1.8901899684965644
short,train,2024-07-06 08:00:00+00:00,2024-07-06 08:00:00+00:00,136.93,139.3224977295954,sl,1,-0.017472414588442203,-0.018472414588442204,-1.8472414588442203
short,train,2024-07-07 16:00:00+00:00,2024-07-07 16:00:00+00:00,137.09,139.2015946332263,sl,1,-0.01540298076611207,-0.01640298076611207,-1.640298076611207
short,train,2024-07-08 00:00:00+00:00,2024-07-08 04:00:00+00:00,131.65,133.80270149497574,sl,2,-0.01635170144303631,-0.01735170144303631,-1.735170144303631
short,train,2024-07-08 16:00:00+00:00,2024-07-08 20:00:00+00:00,137.47,139.96307742602045,sl,2,-0.01813542901011456,-0.01913542901011456,-1.9135429010114562
short,train,2024-07-12 08:00:00+00:00,2024-07-12 12:00:00+00:00,135.41,137.25964097614087,sl,2,-0.013659559679055282,-0.014659559679055283,-1.4659559679055283
short,train,2024-07-12 20:00:00+00:00,2024-07-13 08:00:00+00:00,138.49,140.26610102936644,sl,4,-0.012824760122510144,-0.013824760122510143,-1.3824760122510142
short,train,2024-07-13 20:00:00+00:00,2024-07-13 20:00:00+00:00,139.81,141.29323551590102,sl,1,-0.010608937242693761,-0.01160893724269376,-1.160893724269376
short,train,2024-08-01 04:00:00+00:00,2024-08-01 12:00:00+00:00,168.62,170.93902372227151,sl,3,-0.01375295766973971,-0.014752957669739709,-1.4752957669739708
short,train,2024-08-01 20:00:00+00:00,2024-08-01 20:00:00+00:00,162.37,164.78086985974065,sl,1,-0.014848000614279997,-0.015848000614279996,-1.5848000614279996
short,train,2024-08-02 04:00:00+00:00,2024-08-02 12:00:00+00:00,164.33,166.87699499432912,sl,3,-0.015499269727554988,-0.01649926972755499,-1.6499269727554988
short,train,2024-08-03 00:00:00+00:00,2024-08-03 16:00:00+00:00,152.75,140.79598347556214,tp,5,0.07825870065098436,0.07725870065098436,7.725870065098436
short,train,2024-08-04 00:00:00+00:00,2024-08-04 00:00:00+00:00,142.5,145.3667508843276,sl,1,-0.02011755006545675,-0.02111755006545675,-2.111755006545675
short,train,2024-08-04 08:00:00+00:00,2024-08-04 08:00:00+00:00,140.82,143.57010662985388,sl,1,-0.019529233275485648,-0.02052923327548565,-2.052923327548565
short,train,2024-08-04 20:00:00+00:00,2024-08-05 00:00:00+00:00,142.0,129.56232614316474,tp,2,0.08758925251292438,0.08658925251292438,8.658925251292438
short,train,2024-08-05 08:00:00+00:00,2024-08-05 12:00:00+00:00,122.86,122.77674456909631,sl,2,0.0006776447249201596,-0.0003223552750798404,-0.03223552750798404
short,train,2024-08-06 00:00:00+00:00,2024-08-06 00:00:00+00:00,129.79,134.45207653614779,sl,1,-0.035920152062160364,-0.036920152062160365,-3.6920152062160363
short,train,2024-08-06 08:00:00+00:00,2024-08-06 16:00:00+00:00,141.95,146.59023436024987,sl,3,-0.032689217050016754,-0.033689217050016755,-3.3689217050016755
short,train,2024-08-07 04:00:00+00:00,2024-08-08 00:00:00+00:00,151.62,155.27012775361598,sl,6,-0.024074183838649097,-0.025074183838649098,-2.50741838386491
short,train,2024-08-08 08:00:00+00:00,2024-08-08 12:00:00+00:00,153.65,157.63741910451355,sl,2,-0.02595131210226846,-0.02695131210226846,-2.695131210226846
short,train,2024-08-09 04:00:00+00:00,2024-08-11 20:00:00+00:00,158.96,143.91439391643254,tp,17,0.09465026474312696,0.09365026474312696,9.365026474312696
short,train,2024-08-12 04:00:00+00:00,2024-08-12 04:00:00+00:00,143.9,146.29883621658826,sl,1,-0.016670161338347814,-0.017670161338347815,-1.7670161338347816
short,train,2024-08-12 12:00:00+00:00,2024-08-13 16:00:00+00:00,150.23,149.2543110296441,sl,8,0.006494634695838979,0.005494634695838979,0.5494634695838979
short,train,2024-08-14 00:00:00+00:00,2024-08-14 08:00:00+00:00,146.65,148.95556194943262,sl,3,-0.015721527101483907,-0.016721527101483908,-1.6721527101483908
short,train,2024-08-14 20:00:00+00:00,2024-08-15 12:00:00+00:00,144.21,146.44992062996573,sl,5,-0.01553235302659818,-0.01653235302659818,-1.653235302659818
short,train,2024-08-16 04:00:00+00:00,2024-08-16 04:00:00+00:00,142.02,144.2851750776093,sl,1,-0.015949690730948353,-0.016949690730948354,-1.6949690730948355
short,train,2024-08-16 12:00:00+00:00,2024-08-18 00:00:00+00:00,141.98,142.61917736912196,sl,10,-0.004501883146372496,-0.005501883146372496,-0.5501883146372496
short,train,2024-08-18 12:00:00+00:00,2024-08-18 12:00:00+00:00,144.63,146.37557931910675,sl,1,-0.012069275524488369,-0.013069275524488368,-1.3069275524488368
short,train,2024-08-19 00:00:00+00:00,2024-08-19 12:00:00+00:00,142.39,144.12271966620898,sl,4,-0.01216882973670197,-0.01316882973670197,-1.316882973670197
short,train,2024-08-20 16:00:00+00:00,2024-08-20 16:00:00+00:00,142.15,143.82703511034944,sl,1,-0.011797644110794486,-0.012797644110794485,-1.2797644110794486
short,train,2024-08-21 04:00:00+00:00,2024-08-21 16:00:00+00:00,142.55,143.48052784705288,sl,4,-0.006527729547898084,-0.007527729547898084,-0.7527729547898084
short,train,2024-08-22 08:00:00+00:00,2024-08-22 12:00:00+00:00,143.31,144.7866003810251,sl,2,-0.010303540443968275,-0.011303540443968276,-1.1303540443968276
short,train,2024-08-22 20:00:00+00:00,2024-08-23 00:00:00+00:00,142.74,144.12348069865604,sl,2,-0.009692312586913474,-0.010692312586913475,-1.0692312586913475
short,train,2024-08-23 08:00:00+00:00,2024-08-23 12:00:00+00:00,145.16,146.44232765850847,sl,2,-0.008833891282092025,-0.009833891282092024,-0.9833891282092024
short,train,2024-08-28 00:00:00+00:00,2024-08-28 04:00:00+00:00,146.8,148.62228873812694,sl,2,-0.012413411022663003,-0.013413411022663004,-1.3413411022663004
short,train,2024-08-28 16:00:00+00:00,2024-08-28 20:00:00+00:00,144.13,146.09872432449092,sl,2,-0.013659365326378417,-0.014659365326378418,-1.4659365326378417
short,train,2024-08-29 12:00:00+00:00,2024-08-29 20:00:00+00:00,145.59,138.15273070288265,tp,3,0.05108365476418266,0.05008365476418266,5.008365476418266
short,train,2024-08-30 04:00:00+00:00,2024-08-30 12:00:00+00:00,138.77,140.68694130307014,sl,3,-0.013813801996614052,-0.014813801996614053,-1.4813801996614053
short,train,2024-08-31 00:00:00+00:00,2024-09-01 12:00:00+00:00,137.99,130.0115472553042,tp,10,0.05781906474886441,0.05681906474886441,5.681906474886441
short,train,2024-09-02 00:00:00+00:00,2024-09-02 00:00:00+00:00,128.48,130.32063238787185,sl,1,-0.0143262172156901,-0.0153262172156901,-1.53262172156901
short,train,2024-09-02 08:00:00+00:00,2024-09-02 08:00:00+00:00,127.66,129.45123404872623,sl,1,-0.014031286610733499,-0.0150312866107335,-1.50312866107335
short,train,2024-09-03 00:00:00+00:00,2024-09-03 00:00:00+00:00,134.93,136.69234669579527,sl,1,-0.013061192439007326,-0.014061192439007327,-1.4061192439007326
short,train,2024-09-03 08:00:00+00:00,2024-09-03 20:00:00+00:00,134.61,127.7421103757266,tp,4,0.0510206494634382,0.0500206494634382,5.00206494634382
short,train,2024-09-04 04:00:00+00:00,2024-09-04 04:00:00+00:00,127.69,129.5670012598291,sl,1,-0.014699673113236077,-0.015699673113236078,-1.5699673113236077
short,train,2024-09-04 20:00:00+00:00,2024-09-05 12:00:00+00:00,133.2,135.10850512760254,sl,5,-0.014328116573592738,-0.015328116573592739,-1.5328116573592738
short,train,2024-09-06 00:00:00+00:00,2024-09-06 00:00:00+00:00,129.39,131.13969199049635,sl,1,-0.0135226214583535,-0.0145226214583535,-1.45226214583535
short,train,2024-09-06 12:00:00+00:00,2024-09-06 12:00:00+00:00,130.24,131.96306789472322,sl,1,-0.013229943909115593,-0.014229943909115594,-1.4229943909115594
short,train,2024-09-07 00:00:00+00:00,2024-09-07 04:00:00+00:00,125.03,126.98288817955792,sl,2,-0.015619356790833533,-0.016619356790833532,-1.6619356790833533
short,train,2024-09-07 12:00:00+00:00,2024-09-07 12:00:00+00:00,126.99,128.75278802131513,sl,1,-0.01388131365710002,-0.01488131365710002,-1.488131365710002
short,train,2024-09-08 00:00:00+00:00,2024-09-08 04:00:00+00:00,127.71,129.3660642430136,sl,2,-0.012967381121396938,-0.013967381121396939,-1.3967381121396938
short,train,2024-09-08 20:00:00+00:00,2024-09-08 20:00:00+00:00,128.7,130.22455384285797,sl,1,-0.011845795204801737,-0.012845795204801738,-1.2845795204801738
short,train,2024-09-09 08:00:00+00:00,2024-09-09 08:00:00+00:00,129.29,130.78227762126784,sl,1,-0.011542096227611152,-0.012542096227611151,-1.254209622761115
short,train,2024-09-10 12:00:00+00:00,2024-09-10 16:00:00+00:00,135.21,136.7120025103885,sl,2,-0.011108664376809992,-0.012108664376809991,-1.2108664376809992
short,train,2024-09-11 00:00:00+00:00,2024-09-11 12:00:00+00:00,135.61,129.6377630971961,tp,4,0.04403979723327114,0.043039797233271136,4.303979723327114
short,train,2024-09-11 20:00:00+00:00,2024-09-12 00:00:00+00:00,132.7,134.1954995111564,sl,2,-0.011269777778119251,-0.012269777778119252,-1.2269777778119253
short,train,2024-09-12 08:00:00+00:00,2024-09-12 12:00:00+00:00,134.89,136.31168455758404,sl,2,-0.01053958453246392,-0.011539584532463919,-1.1539584532463918
short,train,2024-09-16 04:00:00+00:00,2024-09-16 08:00:00+00:00,130.62,131.69914032542488,sl,2,-0.008261677579427909,-0.009261677579427908,-0.9261677579427908
short,train,2024-09-16 16:00:00+00:00,2024-09-17 04:00:00+00:00,131.47,132.0569948560041,sl,4,-0.004464857807896181,-0.005464857807896181,-0.5464857807896182
short,train,2024-09-17 12:00:00+00:00,2024-09-17 12:00:00+00:00,131.95,132.9794338396144,sl,1,-0.007801696397229243,-0.008801696397229244,-0.8801696397229244
short,train,2024-09-17 20:00:00+00:00,2024-09-18 12:00:00+00:00,132.25,127.5326669613299,tp,5,0.03566981503720307,0.03466981503720307,3.466981503720307
short,train,2024-10-01 20:00:00+00:00,2024-10-02 00:00:00+00:00,145.42,147.2785854849313,sl,2,-0.012780810651432576,-0.013780810651432576,-1.3780810651432576
short,train,2024-10-02 12:00:00+00:00,2024-10-02 16:00:00+00:00,146.13,147.9819176914599,sl,2,-0.012673083497296263,-0.013673083497296262,-1.3673083497296261
short,train,2024-10-03 00:00:00+00:00,2024-10-03 00:00:00+00:00,140.19,142.2621713440734,sl,1,-0.014781163735454817,-0.015781163735454816,-1.5781163735454815
short,train,2024-10-03 08:00:00+00:00,2024-10-04 04:00:00+00:00,139.89,139.15954526247558,sl,6,0.005221636553895285,0.004221636553895285,0.4221636553895285
short,train,2024-10-04 12:00:00+00:00,2024-10-04 12:00:00+00:00,140.11,141.9807301100933,sl,1,-0.01335186717645629,-0.014351867176456291,-1.4351867176456292
short,train,2024-10-04 20:00:00+00:00,2024-10-06 12:00:00+00:00,143.89,145.74960912553962,sl,11,-0.012923824626726213,-0.013923824626726214,-1.3923824626726213
short,train,2024-10-06 20:00:00+00:00,2024-10-06 20:00:00+00:00,145.4,146.71919315791848,sl,1,-0.00907285528142006,-0.01007285528142006,-1.007285528142006
short,train,2024-10-07 12:00:00+00:00,2024-10-07 12:00:00+00:00,147.43,148.85283555766634,sl,1,-0.009650922862825284,-0.010650922862825284,-1.0650922862825283
short,train,2024-10-07 20:00:00+00:00,2024-10-09 12:00:00+00:00,147.11,140.84981205621204,tp,11,0.04255446906252443,0.04155446906252443,4.155446906252442
short,train,2024-10-10 08:00:00+00:00,2024-10-11 00:00:00+00:00,139.7,139.4658479159544,sl,5,0.0016761065429175073,0.0006761065429175073,0.06761065429175073
short,train,2024-10-11 08:00:00+00:00,2024-10-11 08:00:00+00:00,141.19,142.5388630967592,sl,1,-0.009553531388619613,-0.010553531388619614,-1.0553531388619612
short,train,2024-10-11 16:00:00+00:00,2024-10-11 16:00:00+00:00,144.39,145.74016767016482,sl,1,-0.009350839186680771,-0.010350839186680772,-1.0350839186680771
short,train,2024-10-12 00:00:00+00:00,2024-10-12 08:00:00+00:00,145.5,146.79611396049927,sl,3,-0.008907999728517316,-0.009907999728517317,-0.9907999728517316
short,train,2024-10-13 04:00:00+00:00,2024-10-13 04:00:00+00:00,145.3,146.35889925017887,sl,1,-0.007287675500198581,-0.008287675500198582,-0.8287675500198581
short,train,2024-10-13 12:00:00+00:00,2024-10-13 12:00:00+00:00,146.45,147.4911172106134,sl,1,-0.007109028409787692,-0.008109028409787692,-0.8109028409787692
short,train,2024-10-13 20:00:00+00:00,2024-10-13 20:00:00+00:00,146.05,147.13073371731463,sl,1,-0.007399751573533825,-0.008399751573533825,-0.8399751573533825
short,train,2024-11-01 08:00:00+00:00,2024-11-01 08:00:00+00:00,165.96,167.68667651190555,sl,1,-0.010404172763952385,-0.011404172763952385,-1.1404172763952385
short,train,2024-11-01 20:00:00+00:00,2024-11-03 12:00:00+00:00,166.6,158.6722400923375,tp,11,0.04758559368344841,0.04658559368344841,4.658559368344841
short,train,2024-11-03 20:00:00+00:00,2024-11-03 20:00:00+00:00,161.08,162.90412354372938,sl,1,-0.011324332901225297,-0.012324332901225296,-1.2324332901225297
short,train,2024-11-04 04:00:00+00:00,2024-11-04 08:00:00+00:00,162.83,164.674754484134,sl,2,-0.011329328036197264,-0.012329328036197264,-1.2329328036197265
short,train,2024-11-04 20:00:00+00:00,2024-11-05 04:00:00+00:00,159.59,160.66684541503682,sl,3,-0.006747574503645682,-0.007747574503645682,-0.7747574503645682
short,train,2024-11-26 12:00:00+00:00,2024-11-26 12:00:00+00:00,227.7,231.5446199899814,sl,1,-0.01688458493623814,-0.01788458493623814,-1.7884584936238141
short,train,2024-11-27 00:00:00+00:00,2024-11-27 04:00:00+00:00,230.68,234.43737249197858,sl,2,-0.016288245586867398,-0.0172882455868674,-1.72882455868674
short,train,2024-12-01 12:00:00+00:00,2024-12-02 04:00:00+00:00,237.1,227.5278643711907,tp,5,0.040371723444999126,0.039371723444999125,3.9371723444999125
short,train,2024-12-02 12:00:00+00:00,2024-12-02 12:00:00+00:00,224.8,227.33459509863417,sl,1,-0.011274889228799627,-0.012274889228799626,-1.2274889228799626
short,train,2024-12-03 00:00:00+00:00,2024-12-03 00:00:00+00:00,225.75,228.51628295615862,sl,1,-0.012253745099262987,-0.013253745099262988,-1.3253745099262988
short,train,2024-12-03 08:00:00+00:00,2024-12-03 12:00:00+00:00,226.93,215.74241184508563,tp,2,0.04929973187729423,0.04829973187729423,4.829973187729423
short,train,2024-12-03 20:00:00+00:00,2024-12-03 20:00:00+00:00,228.16,231.2352415430345,sl,1,-0.013478442948082522,-0.014478442948082523,-1.4478442948082524
short,train,2024-12-04 04:00:00+00:00,2024-12-04 16:00:00+00:00,237.66,224.52937100463603,tp,4,0.0552496381190102,0.0542496381190102,5.42496381190102
short,train,2024-12-05 16:00:00+00:00,2024-12-05 16:00:00+00:00,239.12,242.8764994827497,sl,1,-0.015709683350408534,-0.016709683350408535,-1.6709683350408535
short,train,2024-12-06 00:00:00+00:00,2024-12-06 00:00:00+00:00,235.87,240.03761945196274,sl,1,-0.017669137456915826,-0.018669137456915827,-1.8669137456915827
short,train,2024-12-06 08:00:00+00:00,2024-12-07 20:00:00+00:00,239.33,243.4750411333934,sl,10,-0.017319354587362182,-0.018319354587362183,-1.8319354587362182
short,train,2024-12-08 08:00:00+00:00,2024-12-09 12:00:00+00:00,237.61,225.14270591976367,tp,8,0.052469568116814705,0.051469568116814704,5.146956811681471
short,train,2024-12-09 20:00:00+00:00,2024-12-09 20:00:00+00:00,222.0,224.88417246807649,sl,1,-0.012991767874218404,-0.013991767874218405,-1.3991767874218404
short,train,2024-12-10 04:00:00+00:00,2024-12-10 20:00:00+00:00,215.76,214.61109919038154,sl,5,0.005324901787256459,0.004324901787256459,0.4324901787256459
short,train,2024-12-11 08:00:00+00:00,2024-12-11 08:00:00+00:00,218.46,222.09687959408674,sl,1,-0.016647805520858445,-0.017647805520858446,-1.7647805520858446
short,train,2024-12-12 00:00:00+00:00,2024-12-12 00:00:00+00:00,227.29,230.6354165734775,sl,1,-0.014718714301014155,-0.015718714301014156,-1.5718714301014156
short,train,2024-12-12 08:00:00+00:00,2024-12-12 08:00:00+00:00,230.05,233.2856142903964,sl,1,-0.014064830647234941,-0.01506483064723494,-1.5064830647234941
short,train,2024-12-12 20:00:00+00:00,2024-12-15 20:00:00+00:00,227.21,224.70178527259577,sl,19,0.011039191617465062,0.010039191617465061,1.0039191617465062
short,train,2024-12-16 04:00:00+00:00,2024-12-16 04:00:00+00:00,221.26,223.7800604343368,sl,1,-0.011389588874341557,-0.012389588874341557,-1.2389588874341557
short,train,2024-12-16 12:00:00+00:00,2024-12-16 12:00:00+00:00,214.15,216.7815317010353,sl,1,-0.012288263838595843,-0.013288263838595844,-1.3288263838595844
short,train,2024-12-17 04:00:00+00:00,2024-12-17 08:00:00+00:00,215.5,218.03830934801306,sl,2,-0.011778697670594238,-0.012778697670594238,-1.277869767059424
short,train,2024-12-17 16:00:00+00:00,2024-12-17 16:00:00+00:00,220.48,223.27402720028596,sl,1,-0.012672474602167848,-0.013672474602167847,-1.3672474602167848
short,train,2024-12-18 08:00:00+00:00,2024-12-19 00:00:00+00:00,215.92,203.85355624038237,tp,5,0.05588386328092633,0.05488386328092633,5.488386328092633
short,train,2024-12-19 08:00:00+00:00,2024-12-19 16:00:00+00:00,211.83,199.51289535279253,tp,3,0.05814617687394366,0.05714617687394366,5.714617687394366
short,train,2024-12-20 00:00:00+00:00,2024-12-20 00:00:00+00:00,193.8,197.50142223181027,sl,1,-0.019099185922653535,-0.020099185922653535,-2.0099185922653535
short,train,2024-12-20 12:00:00+00:00,2024-12-20 12:00:00+00:00,176.03,180.13235956388016,sl,1,-0.023304888734193924,-0.024304888734193925,-2.4304888734193923
short,train,2024-12-21 04:00:00+00:00,2024-12-21 04:00:00+00:00,194.27,198.26227578363134,sl,1,-0.020550140441814628,-0.02155014044181463,-2.155014044181463
short,train,2024-12-21 12:00:00+00:00,2024-12-22 20:00:00+00:00,192.97,177.20572229727154,tp,9,0.08169289372818814,0.08069289372818814,8.069289372818814
short,train,2024-12-23 08:00:00+00:00,2024-12-23 08:00:00+00:00,182.27,185.9899750011354,sl,1,-0.0204091457789839,-0.0214091457789839,-2.14091457789839
short,train,2024-12-23 16:00:00+00:00,2024-12-23 16:00:00+00:00,180.88,184.42906007750958,sl,1,-0.01962107517420157,-0.020621075174201572,-2.062107517420157
short,train,2024-12-24 00:00:00+00:00,2024-12-24 08:00:00+00:00,190.11,193.70671506683226,sl,3,-0.0189191261208366,-0.0199191261208366,-1.9919126120836599
short,train,2024-12-24 16:00:00+00:00,2024-12-25 00:00:00+00:00,197.83,201.1003213250676,sl,3,-0.01653096762405896,-0.017530967624058962,-1.7530967624058962
short,train,2024-12-25 08:00:00+00:00,2024-12-27 04:00:00+00:00,198.09,186.24228994530873,tp,12,0.05980973322576241,0.05880973322576241,5.880973322576241
short,train,2024-12-27 16:00:00+00:00,2024-12-27 16:00:00+00:00,184.13,186.7556614830123,sl,1,-0.014259824488200153,-0.015259824488200152,-1.5259824488200153
short,train,2024-12-28 08:00:00+00:00,2024-12-28 12:00:00+00:00,185.13,187.47739034819642,sl,2,-0.012679686426815898,-0.013679686426815899,-1.3679686426815898
short,train,2024-12-29 00:00:00+00:00,2024-12-30 12:00:00+00:00,195.51,186.43619734122882,tp,10,0.04641093887152152,0.04541093887152152,4.541093887152152
short,train,2024-12-31 00:00:00+00:00,2024-12-31 08:00:00+00:00,191.37,193.91140894265246,sl,3,-0.013280080172714911,-0.014280080172714912,-1.4280080172714913
short,train,2025-01-01 08:00:00+00:00,2025-01-01 16:00:00+00:00,190.06,192.39506196846722,sl,3,-0.012285920069805405,-0.013285920069805404,-1.3285920069805404
short,train,2025-01-08 04:00:00+00:00,2025-01-08 12:00:00+00:00,198.7,199.54284051008824,sl,3,-0.004241774081974089,-0.005241774081974089,-0.5241774081974089
short,train,2025-01-08 20:00:00+00:00,2025-01-08 20:00:00+00:00,194.28,196.65784016042474,sl,1,-0.01223924315639664,-0.01323924315639664,-1.323924315639664
short,train,2025-01-09 04:00:00+00:00,2025-01-09 16:00:00+00:00,194.33,192.22540796599665,sl,4,0.01082999039779427,0.00982999039779427,0.982999039779427
short,train,2025-01-10 00:00:00+00:00,2025-01-10 00:00:00+00:00,184.97,187.5495659453147,sl,1,-0.013945861195408435,-0.014945861195408434,-1.4945861195408434
short,train,2025-01-10 08:00:00+00:00,2025-01-10 16:00:00+00:00,191.77,191.15196395038038,sl,3,0.0032227984023550757,0.0022227984023550757,0.22227984023550756
short,train,2025-01-11 00:00:00+00:00,2025-01-11 20:00:00+00:00,187.72,190.33633891596222,sl,6,-0.013937454272119204,-0.014937454272119205,-1.4937454272119206
short,train,2025-01-12 04:00:00+00:00,2025-01-12 12:00:00+00:00,187.3,189.4172103690436,sl,3,-0.011303846070707902,-0.012303846070707902,-1.2303846070707902
short,train,2025-01-12 20:00:00+00:00,2025-01-13 00:00:00+00:00,188.91,190.82993076713487,sl,2,-0.01016320346797349,-0.01116320346797349,-1.116320346797349
short,train,2025-01-13 08:00:00+00:00,2025-01-13 12:00:00+00:00,182.45,174.07279461312632,tp,2,0.045915074743073006,0.044915074743073005,4.4915074743073005
short,train,2025-01-13 20:00:00+00:00,2025-01-13 20:00:00+00:00,177.59,180.08194608554678,sl,1,-0.014032018050266186,-0.015032018050266185,-1.5032018050266185
short,train,2025-01-14 08:00:00+00:00,2025-01-14 08:00:00+00:00,185.58,187.9866820517297,sl,1,-0.012968434377248027,-0.013968434377248026,-1.3968434377248027
short,train,2025-01-14 16:00:00+00:00,2025-01-15 00:00:00+00:00,186.86,189.24874625888938,sl,3,-0.012783614785879105,-0.013783614785879104,-1.3783614785879104
short,train,2025-01-15 08:00:00+00:00,2025-01-15 12:00:00+00:00,189.99,192.09541953613441,sl,2,-0.011081738702744384,-0.012081738702744385,-1.2081738702744385
short,train,2025-01-27 12:00:00+00:00,2025-01-27 12:00:00+00:00,225.88,230.24413714164024,sl,1,-0.01932060006038712,-0.02032060006038712,-2.032060006038712
short,train,2025-01-29 12:00:00+00:00,2025-01-29 16:00:00+00:00,232.0,235.87529881890154,sl,2,-0.016703874219403194,-0.017703874219403195,-1.7703874219403195
short,train,2025-01-31 08:00:00+00:00,2025-01-31 12:00:00+00:00,235.75,239.19568186209932,sl,2,-0.014615829743793511,-0.01561582974379351,-1.561582974379351
short,train,2025-02-01 04:00:00+00:00,2025-02-01 20:00:00+00:00,231.47,218.5527852559615,tp,5,0.05580513562897347,0.05480513562897347,5.480513562897347
short,train,2025-02-02 08:00:00+00:00,2025-02-02 08:00:00+00:00,211.75,215.10787024838618,sl,1,-0.015857710736180294,-0.016857710736180295,-1.6857710736180296
short,train,2025-02-02 16:00:00+00:00,2025-02-02 16:00:00+00:00,212.07,198.5764271025048,tp,1,0.06362791954305276,0.06262791954305276,6.262791954305276
short,train,2025-02-03 12:00:00+00:00,2025-02-03 12:00:00+00:00,198.65,203.3770959281427,sl,1,-0.023796103338246607,-0.024796103338246608,-2.479610333824661
short,train,2025-02-03 20:00:00+00:00,2025-02-04 16:00:00+00:00,215.14,217.23358487534873,sl,6,-0.009731267432131353,-0.010731267432131354,-1.0731267432131355
short,train,2025-02-05 08:00:00+00:00,2025-02-07 12:00:00+00:00,205.09,201.12958041455605,sl,14,0.019310642086127837,0.018310642086127836,1.8310642086127835
short,train,2025-02-08 00:00:00+00:00,2025-02-08 12:00:00+00:00,191.99,195.53245738435618,sl,4,-0.018451259879973793,-0.019451259879973794,-1.9451259879973795
short,train,2025-02-09 00:00:00+00:00,2025-02-09 00:00:00+00:00,199.32,202.28206688698037,sl,1,-0.014860861363537934,-0.015860861363537933,-1.5860861363537933
short,train,2025-02-09 08:00:00+00:00,2025-02-10 00:00:00+00:00,203.98,202.40899444744417,sl,5,0.007701762685340806,0.006701762685340806,0.6701762685340806
short,train,2025-02-10 08:00:00+00:00,2025-02-10 08:00:00+00:00,202.79,205.76526623751553,sl,1,-0.014671661509519903,-0.015671661509519902,-1.5671661509519903
short,train,2025-02-10 16:00:00+00:00,2025-02-11 04:00:00+00:00,203.09,206.03969384765372,sl,4,-0.01452407232091053,-0.01552407232091053,-1.5524072320910531
short,train,2025-02-11 12:00:00+00:00,2025-02-12 12:00:00+00:00,203.41,192.58163694608726,tp,7,0.05323417262628553,0.052234172626285526,5.223417262628552
short,train,2025-02-13 08:00:00+00:00,2025-02-14 00:00:00+00:00,193.09,195.75170391515243,sl,5,-0.013784783858058054,-0.014784783858058054,-1.4784783858058055
short,train,2025-02-14 08:00:00+00:00,2025-02-14 08:00:00+00:00,196.58,198.87849226074397,sl,1,-0.011692401367097139,-0.01269240136709714,-1.269240136709714
short,train,2025-02-14 16:00:00+00:00,2025-02-14 16:00:00+00:00,200.86,203.2101285309476,sl,1,-0.011700331230447008,-0.012700331230447007,-1.2700331230447008
short,train,2025-02-15 00:00:00+00:00,2025-02-16 12:00:00+00:00,199.41,189.85078118918076,tp,10,0.04793750970773397,0.04693750970773397,4.693750970773397
short,train,2025-02-17 04:00:00+00:00,2025-02-17 12:00:00+00:00,186.34,186.5225238423227,sl,3,-0.000979520458960475,-0.001979520458960475,-0.19795204589604748
short,train,2025-02-17 20:00:00+00:00,2025-02-17 20:00:00+00:00,177.08,179.3128308817557,sl,1,-0.012609164681249653,-0.013609164681249654,-1.3609164681249655
short,train,2025-02-18 04:00:00+00:00,2025-02-18 04:00:00+00:00,177.98,169.1955424690467,tp,1,0.04935643067172318,0.048356430671723176,4.835643067172318
short,train,2025-02-18 12:00:00+00:00,2025-02-18 12:00:00+00:00,168.71,171.34631801368764,sl,1,-0.015626329285090557,-0.016626329285090558,-1.6626329285090558
short,train,2025-02-19 04:00:00+00:00,2025-02-19 08:00:00+00:00,167.48,170.18151704469315,sl,2,-0.01613038598455435,-0.01713038598455435,-1.7130385984554348
short,train,2025-02-19 16:00:00+00:00,2025-02-19 16:00:00+00:00,169.72,172.4791938583057,sl,1,-0.01625732888466714,-0.01725732888466714,-1.725732888466714
short,train,2025-02-20 00:00:00+00:00,2025-02-20 00:00:00+00:00,168.94,171.6185906227228,sl,1,-0.015855277747856007,-0.016855277747856008,-1.6855277747856008
short,train,2025-02-20 08:00:00+00:00,2025-02-20 08:00:00+00:00,171.82,174.450213343062,sl,1,-0.015307957997101596,-0.016307957997101597,-1.6307957997101596
short,train,2025-02-20 16:00:00+00:00,2025-02-20 16:00:00+00:00,171.6,174.20176558661979,sl,1,-0.015161804117830953,-0.01616180411783095,-1.6161804117830951
short,train,2025-02-21 00:00:00+00:00,2025-02-21 08:00:00+00:00,176.0,178.50226216397317,sl,3,-0.014217398658938472,-0.015217398658938473,-1.5217398658938472
short,train,2025-02-21 16:00:00+00:00,2025-02-24 00:00:00+00:00,173.15,162.81785197154957,tp,15,0.05967166057435999,0.05867166057435999,5.867166057435999
short,train,2025-02-24 08:00:00+00:00,2025-02-24 12:00:00+00:00,161.0,152.73127350778324,tp,2,0.05135854964109787,0.05035854964109787,5.035854964109787
short,train,2025-02-24 20:00:00+00:00,2025-02-24 20:00:00+00:00,150.13,152.54331196277334,sl,1,-0.016074814912231727,-0.01707481491223173,-1.7074814912231728
short,train,2025-02-25 04:00:00+00:00,2025-02-25 04:00:00+00:00,138.96,141.75785572300356,sl,1,-0.02013425246836176,-0.021134252468361762,-2.1134252468361763
short,train,2025-02-25 12:00:00+00:00,2025-02-25 16:00:00+00:00,141.24,143.69506556919796,sl,2,-0.017382225780217753,-0.018382225780217754,-1.8382225780217754
short,train,2025-02-26 00:00:00+00:00,2025-02-26 16:00:00+00:00,144.33,132.10991056582708,tp,5,0.08466770203126815,0.08366770203126815,8.366770203126816
short,train,2025-02-27 08:00:00+00:00,2025-02-28 00:00:00+00:00,140.99,129.14109995035608,tp,5,0.08404071245935123,0.08304071245935123,8.304071245935123
short,train,2025-02-28 16:00:00+00:00,2025-03-01 00:00:00+00:00,145.67,148.89052643224318,sl,3,-0.022108371196836618,-0.02310837119683662,-2.310837119683662
short,train,2025-03-01 16:00:00+00:00,2025-03-01 20:00:00+00:00,140.4,143.24518564130506,sl,2,-0.020264854995050218,-0.02126485499505022,-2.126485499505022
short,train,2025-03-02 12:00:00+00:00,2025-03-02 12:00:00+00:00,143.52,145.95985112660847,sl,1,-0.017000077526536088,-0.01800007752653609,-1.800007752653609
short,train,2025-03-03 08:00:00+00:00,2025-03-03 12:00:00+00:00,162.29,166.2392246708065,sl,2,-0.024334368542772204,-0.025334368542772205,-2.5334368542772205
short,train,2025-03-03 20:00:00+00:00,2025-03-04 20:00:00+00:00,141.86,144.07911982699915,sl,7,-0.015643027118279522,-0.016643027118279523,-1.6643027118279523
short,train,2025-03-05 04:00:00+00:00,2025-03-05 08:00:00+00:00,141.83,145.98322478099212,sl,2,-0.029283119093225018,-0.03028311909322502,-3.0283119093225017
short,train,2025-03-05 20:00:00+00:00,2025-03-06 00:00:00+00:00,144.81,148.72582850817147,sl,2,-0.02704114707666233,-0.02804114707666233,-2.8041147076662334
short,train,2025-03-06 08:00:00+00:00,2025-03-06 08:00:00+00:00,148.64,152.17580912261397,sl,1,-0.02378773629315113,-0.02478773629315113,-2.478773629315113
short,train,2025-03-06 16:00:00+00:00,2025-03-07 00:00:00+00:00,149.06,135.2691481281273,tp,3,0.09251879693997511,0.09151879693997511,9.151879693997511
short,train,2025-03-07 12:00:00+00:00,2025-03-07 12:00:00+00:00,143.57,146.80080252278776,sl,1,-0.022503326062462695,-0.023503326062462696,-2.3503326062462695
short,train,2025-03-08 08:00:00+00:00,2025-03-09 16:00:00+00:00,138.76,125.99222547827216,tp,9,0.09201336495912245,0.09101336495912245,9.101336495912244
short,train,2025-03-10 00:00:00+00:00,2025-03-10 00:00:00+00:00,126.54,129.09280728634764,sl,1,-0.020173915649973364,-0.021173915649973365,-2.1173915649973365
short,train,2025-03-10 08:00:00+00:00,2025-03-10 08:00:00+00:00,128.1,130.56407873159566,sl,1,-0.01923558728802235,-0.020235587288022352,-2.023558728802235
short,train,2025-03-11 12:00:00+00:00,2025-03-11 16:00:00+00:00,124.71,126.5130532873341,sl,2,-0.014457968786256986,-0.015457968786256986,-1.5457968786256986
short,train,2025-03-12 00:00:00+00:00,2025-03-12 12:00:00+00:00,125.36,128.03175025173385,sl,4,-0.021312621663480014,-0.022312621663480015,-2.2312621663480017
short,train,2025-03-12 20:00:00+00:00,2025-03-13 08:00:00+00:00,125.04,127.5758569647636,sl,4,-0.02028036600098845,-0.02128036600098845,-2.128036600098845
short,train,2025-03-13 16:00:00+00:00,2025-03-14 12:00:00+00:00,124.34,126.65231604580303,sl,6,-0.018596719042971124,-0.019596719042971125,-1.9596719042971125
short,train,2025-03-15 04:00:00+00:00,2025-03-16 16:00:00+00:00,135.03,126.88508362013474,tp,10,0.06031930963389813,0.05931930963389813,5.931930963389813
short,train,2025-03-17 00:00:00+00:00,2025-03-17 00:00:00+00:00,126.14,127.92187222698306,sl,1,-0.014126147352014068,-0.015126147352014067,-1.5126147352014068
short,train,2025-03-17 08:00:00+00:00,2025-03-18 12:00:00+00:00,129.25,122.2341549722421,tp,8,0.05428119944106696,0.05328119944106696,5.328119944106696
short,train,2025-03-18 20:00:00+00:00,2025-03-19 00:00:00+00:00,124.22,125.79516649636497,sl,2,-0.012680458029020864,-0.013680458029020865,-1.3680458029020865
short,train,2025-03-19 16:00:00+00:00,2025-03-19 16:00:00+00:00,132.34,133.93692645537357,sl,1,-0.012066846421139208,-0.013066846421139207,-1.3066846421139207
short,train,2025-03-20 12:00:00+00:00,2025-03-21 20:00:00+00:00,130.66,129.9102336604262,sl,9,0.005738300471252074,0.004738300471252074,0.4738300471252074
short,train,2025-03-22 12:00:00+00:00,2025-03-23 08:00:00+00:00,130.35,131.77306249609154,sl,6,-0.010917242010675461,-0.011917242010675462,-1.1917242010675462
short,train,2025-03-28 08:00:00+00:00,2025-03-29 08:00:00+00:00,131.61,125.03232755230913,tp,7,0.049978515672751966,0.048978515672751965,4.897851567275197
short,train,2025-03-30 08:00:00+00:00,2025-03-30 16:00:00+00:00,125.49,126.95239831971892,sl,3,-0.011653504818861495,-0.012653504818861495,-1.2653504818861496
short,train,2025-03-31 00:00:00+00:00,2025-03-31 00:00:00+00:00,124.84,126.30729301357488,sl,1,-0.01175338844580963,-0.01275338844580963,-1.275338844580963
short,train,2025-03-31 12:00:00+00:00,2025-03-31 12:00:00+00:00,124.29,125.83594305788047,sl,1,-0.012438193401564601,-0.013438193401564602,-1.3438193401564602
short,train,2025-03-31 20:00:00+00:00,2025-04-01 08:00:00+00:00,125.26,126.87030294276428,sl,4,-0.012855683719976673,-0.013855683719976673,-1.3855683719976672
short,oof,2025-04-01 04:00:00+00:00,2025-04-01 08:00:00+00:00,126.08,127.63225100677124,sl,2,-0.012311635523249074,-0.013311635523249075,-1.3311635523249075
short,oof,2025-04-01 16:00:00+00:00,2025-04-02 12:00:00+00:00,129.26,128.2828175603605,sl,6,0.007559820823452559,0.006559820823452559,0.6559820823452559
short,oof,2025-04-03 04:00:00+00:00,2025-04-04 08:00:00+00:00,119.85,118.51850166358184,sl,8,0.011109706603405508,0.01010970660340551,1.0109706603405508
short,oof,2025-04-04 16:00:00+00:00,2025-04-04 16:00:00+00:00,118.6,120.74939575713348,sl,1,-0.018123067092187944,-0.019123067092187945,-1.9123067092187944
short,oof,2025-04-05 00:00:00+00:00,2025-04-06 16:00:00+00:00,122.78,114.29228810294777,tp,11,0.06912943392288838,0.06812943392288838,6.812943392288838
short,oof,2025-04-07 04:00:00+00:00,2025-04-07 04:00:00+00:00,103.24,95.49472819069602,tp,1,0.07502200512692728,0.07402200512692728,7.402200512692728
short,oof,2025-04-07 12:00:00+00:00,2025-04-07 12:00:00+00:00,100.29,102.44700374460763,sl,1,-0.021507665216947067,-0.022507665216947068,-2.2507665216947066
short,oof,2025-04-07 20:00:00+00:00,2025-04-07 20:00:00+00:00,105.76,108.21779914713616,sl,1,-0.023239401920727657,-0.024239401920727658,-2.4239401920727657
short,oof,2025-04-08 04:00:00+00:00,2025-04-09 00:00:00+00:00,111.31,101.51657028844875,tp,6,0.08798337715884695,0.08698337715884695,8.698337715884694
short,oof,2025-04-09 12:00:00+00:00,2025-04-09 12:00:00+00:00,103.44,105.84151405434099,sl,1,-0.023216493178083844,-0.024216493178083845,-2.4216493178083844
short,oof,2025-04-10 08:00:00+00:00,2025-04-11 04:00:00+00:00,114.81,115.96785398817326,sl,6,-0.010084957653281578,-0.011084957653281578,-1.1084957653281577
short,oof,2025-04-11 16:00:00+00:00,2025-04-11 16:00:00+00:00,119.92,122.10200012559254,sl,1,-0.018195464689730968,-0.01919546468973097,-1.919546468973097
short,oof,2025-05-04 08:00:00+00:00,2025-05-04 12:00:00+00:00,145.67,146.827139862703,sl,2,-0.007943570142809222,-0.00894357014280922,-0.8943570142809221
short,oof,2025-05-05 04:00:00+00:00,2025-05-05 04:00:00+00:00,144.9,146.07472902109723,sl,1,-0.008107170607986342,-0.009107170607986343,-0.9107170607986343
short,oof,2025-05-05 12:00:00+00:00,2025-05-05 16:00:00+00:00,144.22,145.43940920696647,sl,2,-0.008455201823370371,-0.009455201823370372,-0.9455201823370372
short,oof,2025-05-06 04:00:00+00:00,2025-05-06 16:00:00+00:00,144.66,145.24843747606488,sl,4,-0.0040677276100157785,-0.0050677276100157785,-0.5067727610015779
short,oof,2025-05-07 00:00:00+00:00,2025-05-07 00:00:00+00:00,146.9,148.22383057518232,sl,1,-0.009011780634324802,-0.010011780634324802,-1.0011780634324803
short,oof,2025-05-07 20:00:00+00:00,2025-05-07 20:00:00+00:00,145.77,147.05959097353627,sl,1,-0.00884675155063637,-0.00984675155063637,-0.984675155063637
short,oof,2025-05-19 08:00:00+00:00,2025-05-19 12:00:00+00:00,161.92,164.5550594287654,sl,2,-0.016273835404924667,-0.017273835404924668,-1.727383540492467
short,oof,2025-05-25 08:00:00+00:00,2025-05-25 20:00:00+00:00,172.36,174.58418826241922,sl,4,-0.012904318069268996,-0.013904318069268996,-1.3904318069268995
short,oof,2025-05-28 16:00:00+00:00,2025-05-28 16:00:00+00:00,169.71,171.4470612520309,sl,1,-0.010235467868899204,-0.011235467868899205,-1.1235467868899205
short,oof,2025-05-29 08:00:00+00:00,2025-05-30 00:00:00+00:00,172.24,165.23422517500478,tp,5,0.04067449387479812,0.03967449387479812,3.967449387479812
short,oof,2025-05-30 12:00:00+00:00,2025-05-30 16:00:00+00:00,163.83,156.61301520757357,tp,2,0.04405166814641057,0.04305166814641057,4.3051668146410575
short,oof,2025-05-31 00:00:00+00:00,2025-06-01 16:00:00+00:00,156.19,156.3966114036883,sl,11,-0.0013228209468487057,-0.002322820946848706,-0.2322820946848706
short,oof,2025-06-02 00:00:00+00:00,2025-06-02 20:00:00+00:00,157.68,156.88699900519842,sl,6,0.005029179317615347,0.004029179317615347,0.40291793176153473
short,oof,2025-06-03 12:00:00+00:00,2025-06-03 12:00:00+00:00,160.57,162.31434561053544,sl,1,-0.01086345899318333,-0.011863458993183331,-1.1863458993183331
short,oof,2025-06-03 20:00:00+00:00,2025-06-04 20:00:00+00:00,160.59,153.67899166978592,tp,7,0.0430351100953614,0.0420351100953614,4.20351100953614
short,oof,2025-06-05 04:00:00+00:00,2025-06-05 16:00:00+00:00,153.83,147.5512597387614,tp,4,0.04081609738827682,0.03981609738827682,3.9816097388276823
short,oof,2025-06-06 12:00:00+00:00,2025-06-06 12:00:00+00:00,149.1,150.75835610071292,sl,1,-0.011122441990026304,-0.012122441990026305,-1.2122441990026305
short,oof,2025-06-07 04:00:00+00:00,2025-06-07 04:00:00+00:00,149.5,151.0998713711074,sl,1,-0.01070148074319339,-0.011701480743193389,-1.1701480743193389
short,oof,2025-06-07 12:00:00+00:00,2025-06-08 16:00:00+00:00,151.44,152.54591727118088,sl,8,-0.00730267611714795,-0.00830267611714795,-0.8302676117147949
short,oof,2025-06-09 00:00:00+00:00,2025-06-09 08:00:00+00:00,152.45,153.60635668461893,sl,3,-0.0075851537200324155,-0.008585153720032416,-0.8585153720032416
short,oof,2025-06-09 16:00:00+00:00,2025-06-09 16:00:00+00:00,155.03,156.4677491433205,sl,1,-0.00927400595575374,-0.01027400595575374,-1.027400595575374
short,oof,2025-06-10 16:00:00+00:00,2025-06-10 16:00:00+00:00,158.06,159.69647025589913,sl,1,-0.010353474983545026,-0.011353474983545025,-1.1353474983545024
short,oof,2025-06-12 08:00:00+00:00,2025-06-12 12:00:00+00:00,158.8,160.5783857536952,sl,2,-0.011198902731077933,-0.012198902731077932,-1.2198902731077932
short,oof,2025-06-13 08:00:00+00:00,2025-06-13 12:00:00+00:00,145.01,147.0891398874257,sl,2,-0.014337906954180381,-0.015337906954180382,-1.5337906954180383
short,oof,2025-06-13 20:00:00+00:00,2025-06-13 20:00:00+00:00,145.14,147.17621732240312,sl,1,-0.014029332523102745,-0.015029332523102745,-1.5029332523102745
short,oof,2025-06-14 04:00:00+00:00,2025-06-15 04:00:00+00:00,146.73,147.8883784819306,sl,7,-0.007894626061000557,-0.008894626061000558,-0.8894626061000558
short,oof,2025-06-15 12:00:00+00:00,2025-06-15 12:00:00+00:00,146.35,147.91895392074497,sl,1,-0.010720559759104709,-0.011720559759104708,-1.1720559759104707
short,oof,2025-06-15 20:00:00+00:00,2025-06-16 00:00:00+00:00,152.24,153.2692838664168,sl,2,-0.006760929232900619,-0.007760929232900619,-0.7760929232900619
short,oof,2025-06-17 08:00:00+00:00,2025-06-18 12:00:00+00:00,152.67,145.09483949407064,tp,8,0.0496178719193643,0.0486178719193643,4.86178719193643
short,oof,2025-06-19 04:00:00+00:00,2025-06-20 08:00:00+00:00,146.62,148.1364838489351,sl,8,-0.010342953546140236,-0.011342953546140237,-1.1342953546140238
short,oof,2025-06-20 16:00:00+00:00,2025-06-20 16:00:00+00:00,142.87,136.43898232471622,tp,1,0.04501307255045694,0.04401307255045694,4.401307255045694
short,oof,2025-06-21 00:00:00+00:00,2025-06-21 08:00:00+00:00,140.12,141.85895661622826,sl,3,-0.01241048113208857,-0.013410481132088571,-1.3410481132088572
short,oof,2025-06-21 20:00:00+00:00,2025-06-21 20:00:00+00:00,137.31,130.91542319487982,tp,1,0.046570364905106555,0.045570364905106554,4.557036490510655
short,oof,2025-06-22 08:00:00+00:00,2025-06-22 12:00:00+00:00,134.85,127.88546456237279,tp,2,0.051646536430309274,0.05064653643030927,5.064653643030927
short,oof,2025-06-23 04:00:00+00:00,2025-06-23 04:00:00+00:00,132.68,134.56722596808757,sl,1,-0.014223891830626792,-0.015223891830626793,-1.5223891830626792
short,oof,2025-06-23 12:00:00+00:00,2025-06-23 12:00:00+00:00,134.12,135.89301626840205,sl,1,-0.01321962621832721,-0.01421962621832721,-1.421962621832721
short,oof,2025-06-23 20:00:00+00:00,2025-06-23 20:00:00+00:00,139.81,141.83040688448952,sl,1,-0.014451089939843485,-0.015451089939843485,-1.5451089939843485
short,oof,2025-06-24 04:00:00+00:00,2025-06-24 04:00:00+00:00,143.23,145.31532532387106,sl,1,-0.014559277552685018,-0.015559277552685019,-1.555927755268502
short,oof,2025-06-24 12:00:00+00:00,2025-06-24 16:00:00+00:00,144.57,146.5994131619092,sl,2,-0.014037581530810117,-0.015037581530810116,-1.5037581530810116
short,oof,2025-06-25 00:00:00+00:00,2025-06-25 12:00:00+00:00,145.94,147.85797766644117,sl,4,-0.013142234249973789,-0.014142234249973788,-1.4142234249973789
short,oof,2025-06-26 04:00:00+00:00,2025-06-26 20:00:00+00:00,145.93,138.81371049317156,tp,5,0.04876508947322998,0.04776508947322998,4.776508947322998
short,oof,2025-06-27 04:00:00+00:00,2025-06-27 12:00:00+00:00,141.35,143.0946771998356,sl,3,-0.012342958612207943,-0.013342958612207943,-1.3342958612207942
short,oof,2025-06-28 00:00:00+00:00,2025-06-28 04:00:00+00:00,142.12,143.750930753478,sl,2,-0.011475730041359397,-0.012475730041359396,-1.2475730041359396
short,oof,2025-07-30 08:00:00+00:00,2025-07-30 16:00:00+00:00,180.82,172.71026930353173,tp,3,0.044849743924722164,0.043849743924722163,4.384974392472216
short,oof,2025-07-31 00:00:00+00:00,2025-07-31 00:00:00+00:00,177.75,179.9729633383345,sl,1,-0.01250612285982838,-0.013506122859828381,-1.350612285982838
short,oof,2025-07-31 08:00:00+00:00,2025-07-31 20:00:00+00:00,181.21,172.899881547377,tp,4,0.04585905001171577,0.04485905001171577,4.485905001171577
short,oof,2025-08-01 08:00:00+00:00,2025-08-01 20:00:00+00:00,169.4,161.03234231456136,tp,4,0.049395854105304865,0.048395854105304864,4.8395854105304865
short,oof,2025-08-02 08:00:00+00:00,2025-08-02 16:00:00+00:00,164.43,155.83595427593488,tp,3,0.05226567976686204,0.05126567976686204,5.1265679766862045
short,oof,2025-08-03 16:00:00+00:00,2025-08-04 00:00:00+00:00,162.08,163.97764264496936,sl,3,-0.01170806172858682,-0.012708061728586819,-1.270806172858682
short,oof,2025-08-04 08:00:00+00:00,2025-08-04 12:00:00+00:00,163.02,164.74579554308022,sl,2,-0.01058640377303527,-0.01158640377303527,-1.158640377303527
short,oof,2025-08-04 20:00:00+00:00,2025-08-04 20:00:00+00:00,165.66,167.44453090675918,sl,1,-0.010772249829525456,-0.011772249829525457,-1.1772249829525456
short,oof,2025-08-05 12:00:00+00:00,2025-08-05 12:00:00+00:00,170.88,163.43706921824767,tp,1,0.0435564769531386,0.0425564769531386,4.25564769531386
short,oof,2025-08-05 20:00:00+00:00,2025-08-06 04:00:00+00:00,162.78,164.7487184975971,sl,3,-0.012094351256893409,-0.01309435125689341,-1.309435125689341
short,oof,2025-08-07 00:00:00+00:00,2025-08-07 04:00:00+00:00,168.11,169.93300450044512,sl,2,-0.01084411694988465,-0.011844116949884648,-1.1844116949884649
short,oof,2025-08-07 20:00:00+00:00,2025-08-07 20:00:00+00:00,171.77,173.61958127562878,sl,1,-0.010767778282754641,-0.011767778282754642,-1.1767778282754642
short,oof,2025-08-12 00:00:00+00:00,2025-08-12 12:00:00+00:00,174.83,176.89068049919095,sl,4,-0.01178676714059908,-0.012786767140599078,-1.2786767140599078
short,oof,2025-08-19 04:00:00+00:00,2025-08-19 08:00:00+00:00,178.52,180.74279043726918,sl,2,-0.01245121239787793,-0.013451212397877929,-1.345121239787793
short,oof,2025-08-19 20:00:00+00:00,2025-08-19 20:00:00+00:00,176.74,178.90530567156512,sl,1,-0.012251361726632949,-0.013251361726632948,-1.3251361726632949
short,oof,2025-08-20 08:00:00+00:00,2025-08-20 12:00:00+00:00,180.54,182.6332804520512,sl,2,-0.011594552188164416,-0.012594552188164417,-1.2594552188164416
short,oof,2025-08-21 16:00:00+00:00,2025-08-22 04:00:00+00:00,181.63,183.74952298630674,sl,4,-0.01166945430989786,-0.012669454309897861,-1.266945430989786
short,oof,2025-08-26 00:00:00+00:00,2025-08-26 08:00:00+00:00,187.22,190.32677353886757,sl,3,-0.016594239605104002,-0.017594239605104003,-1.7594239605104003
short,oof,2025-09-06 16:00:00+00:00,2025-09-07 00:00:00+00:00,201.25,203.05069300215297,sl,3,-0.008947542867840837,-0.009947542867840838,-0.9947542867840837
short,oof,2025-09-22 08:00:00+00:00,2025-09-23 04:00:00+00:00,221.89,219.5222723791641,sl,6,0.010670727030672376,0.009670727030672375,0.9670727030672375
short,oof,2025-09-23 12:00:00+00:00,2025-09-23 16:00:00+00:00,219.32,221.78805240293693,sl,2,-0.011253202639690561,-0.012253202639690562,-1.2253202639690561
short,oof,2025-09-24 04:00:00+00:00,2025-09-24 04:00:00+00:00,208.52,211.1265991951344,sl,1,-0.012500475710408493,-0.013500475710408494,-1.3500475710408493
short,oof,2025-09-24 12:00:00+00:00,2025-09-24 12:00:00+00:00,212.35,214.9153329794781,sl,1,-0.012080682738300515,-0.013080682738300514,-1.3080682738300515
short,oof,2025-09-24 20:00:00+00:00,2025-09-25 04:00:00+00:00,213.23,203.3126270707796,tp,3,0.046510213990622294,0.04551021399062229,4.551021399062229
short,oof,2025-09-25 16:00:00+00:00,2025-09-26 08:00:00+00:00,201.14,190.95999678889555,tp,5,0.050611530332626206,0.049611530332626205,4.961153033262621
short,oof,2025-09-26 16:00:00+00:00,2025-09-26 16:00:00+00:00,196.03,198.74018307301367,sl,1,-0.013825348533457465,-0.014825348533457464,-1.4825348533457465
short,oof,2025-09-27 04:00:00+00:00,2025-09-28 16:00:00+00:00,203.91,205.92702136816072,sl,10,-0.009891723643571803,-0.010891723643571802,-1.0891723643571802
short,oof,2025-09-29 08:00:00+00:00,2025-09-29 12:00:00+00:00,208.92,210.94952218731945,sl,2,-0.009714350887035506,-0.010714350887035505,-1.0714350887035504
short,oof,2025-09-30 00:00:00+00:00,2025-09-30 20:00:00+00:00,212.73,210.73890591358008,sl,6,0.00935972399952948,0.00835972399952948,0.8359723999529479
short,oof,2025-10-01 16:00:00+00:00,2025-10-01 20:00:00+00:00,220.24,222.45332806084332,sl,2,-0.010049618874152332,-0.011049618874152331,-1.1049618874152332
short,oof,2025-10-10 16:00:00+00:00,2025-10-11 00:00:00+00:00,210.67,199.6742784370869,tp,2,0.05219405498131237,0.05119405498131237,5.119405498131237
short,oof,2025-10-11 08:00:00+00:00,2025-10-11 08:00:00+00:00,182.77,186.2820353747923,sl,1,-0.019215600890694733,-0.020215600890694733,-2.021560089069473
short,oof,2025-10-11 16:00:00+00:00,2025-10-12 04:00:00+00:00,183.74,182.77756089295758,sl,4,0.005238048911736301,0.004238048911736301,0.4238048911736301
short,oof,2025-10-12 12:00:00+00:00,2025-10-12 12:00:00+00:00,180.96,184.1696197898872,sl,1,-0.01773662571776746,-0.01873662571776746,-1.8736625717767459
short,oof,2025-10-13 04:00:00+00:00,2025-10-13 04:00:00+00:00,194.83,198.16578511086445,sl,1,-0.017121516762636325,-0.018121516762636326,-1.8121516762636327
short,oof,2025-10-13 12:00:00+00:00,2025-10-13 12:00:00+00:00,192.58,195.98483512110252,sl,1,-0.017680107597375157,-0.018680107597375158,-1.8680107597375157
short,oof,2025-10-13 20:00:00+00:00,2025-10-14 00:00:00+00:00,207.12,210.7128680380935,sl,2,-0.017346794312927214,-0.018346794312927215,-1.8346794312927215
short,oof,2025-10-14 08:00:00+00:00,2025-10-14 12:00:00+00:00,194.47,198.1326680319575,sl,2,-0.018834103110801196,-0.019834103110801197,-1.9834103110801198
short,oof,2025-10-15 00:00:00+00:00,2025-10-15 08:00:00+00:00,202.47,206.231372778549,sl,3,-0.018577432600133368,-0.01957743260013337,-1.9577432600133369
short,oof,2025-10-15 20:00:00+00:00,2025-10-16 12:00:00+00:00,194.83,196.85039000527567,sl,5,-0.010370014911849601,-0.0113700149118496,-1.13700149118496
short,oof,2025-10-17 00:00:00+00:00,2025-10-17 16:00:00+00:00,184.85,184.57642777364342,sl,5,0.0014799687657916021,0.0004799687657916021,0.047996876579160214
short,oof,2025-10-18 00:00:00+00:00,2025-10-18 00:00:00+00:00,181.97,185.30935000025994,sl,1,-0.018351101831400457,-0.019351101831400458,-1.9351101831400457
short,oof,2025-10-18 08:00:00+00:00,2025-10-19 08:00:00+00:00,186.27,189.45857219410172,sl,7,-0.01711801253074413,-0.018118012530744132,-1.8118012530744132
short,oof,2025-10-19 16:00:00+00:00,2025-10-20 04:00:00+00:00,190.78,191.47452089114518,sl,4,-0.0036404281955402787,-0.004640428195540279,-0.4640428195540279
short,oof,2025-10-20 12:00:00+00:00,2025-10-21 12:00:00+00:00,192.23,190.07335674911488,sl,7,0.011219077411876974,0.010219077411876974,1.0219077411876973
short,oof,2025-10-21 20:00:00+00:00,2025-10-22 04:00:00+00:00,193.99,183.82646865968655,tp,3,0.05239203742622534,0.05139203742622534,5.139203742622534
short,oof,2025-10-22 12:00:00+00:00,2025-10-23 04:00:00+00:00,185.1,184.46700044143114,sl,5,0.0034197707107987848,0.0024197707107987848,0.24197707107987848
short,oof,2025-10-23 12:00:00+00:00,2025-10-23 12:00:00+00:00,187.97,190.39591486463902,sl,1,-0.012905861917534851,-0.013905861917534852,-1.3905861917534852
short,oof,2025-10-24 00:00:00+00:00,2025-10-24 00:00:00+00:00,191.35,193.70123905160784,sl,1,-0.012287635493116532,-0.013287635493116533,-1.3287635493116532
short,oof,2025-10-24 08:00:00+00:00,2025-10-24 12:00:00+00:00,192.18,194.4486704067435,sl,2,-0.011804924584990613,-0.012804924584990614,-1.2804924584990613
short,oof,2025-10-25 04:00:00+00:00,2025-10-26 08:00:00+00:00,193.45,195.58927800048158,sl,8,-0.011058557769354336,-0.012058557769354335,-1.2058557769354334
short,oof,2025-10-30 12:00:00+00:00,2025-10-30 16:00:00+00:00,191.86,182.13779183178505,tp,2,0.050673450266939236,0.049673450266939236,4.967345026693923
short,oof,2025-10-31 04:00:00+00:00,2025-10-31 08:00:00+00:00,185.16,187.73872375762954,sl,2,-0.013927002363520992,-0.014927002363520993,-1.4927002363520994
short,oof,2025-10-31 16:00:00+00:00,2025-11-03 00:00:00+00:00,188.13,178.36504213482198,tp,15,0.051905373226907026,0.050905373226907025,5.090537322690702
short,oof,2025-11-03 08:00:00+00:00,2025-11-03 12:00:00+00:00,176.48,168.05157215052432,tp,2,0.047758544024680806,0.046758544024680805,4.67585440246808
short,oof,2025-11-03 20:00:00+00:00,2025-11-04 04:00:00+00:00,166.74,157.16808455346282,tp,3,0.05740623393629117,0.05640623393629117,5.640623393629117
short,oof,2025-11-04 16:00:00+00:00,2025-11-04 20:00:00+00:00,161.48,150.83979282833948,tp,2,0.0658917957125372,0.0648917957125372,6.48917957125372
short,oof,2025-11-05 04:00:00+00:00,2025-11-05 12:00:00+00:00,156.93,160.06942740125166,sl,3,-0.020005272422428163,-0.021005272422428164,-2.1005272422428165
short,oof,2025-11-06 00:00:00+00:00,2025-11-07 12:00:00+00:00,162.37,151.3574840981962,tp,10,0.06782358749648207,0.06682358749648207,6.682358749648206
short,oof,2025-11-08 00:00:00+00:00,2025-11-08 00:00:00+00:00,161.81,164.443243688618,sl,1,-0.016273677081873772,-0.017273677081873773,-1.7273677081873773
short,oof,2025-11-08 12:00:00+00:00,2025-11-09 12:00:00+00:00,159.38,161.87073483378052,sl,7,-0.015627649854313728,-0.01662764985431373,-1.6627649854313729
short,oof,2025-11-09 20:00:00+00:00,2025-11-10 00:00:00+00:00,166.18,168.35414830920092,sl,2,-0.013083092485262463,-0.014083092485262464,-1.4083092485262465
short,oof,2025-11-10 12:00:00+00:00,2025-11-10 12:00:00+00:00,168.33,170.4037363301512,sl,1,-0.012319469673564887,-0.013319469673564888,-1.3319469673564888
short,oof,2025-11-11 00:00:00+00:00,2025-11-11 00:00:00+00:00,167.33,169.39194741885646,sl,1,-0.012322640404329456,-0.013322640404329456,-1.3322640404329456
short,oof,2025-11-11 08:00:00+00:00,2025-11-11 20:00:00+00:00,163.98,155.14603849414814,tp,4,0.05387218871723287,0.05287218871723287,5.287218871723287
short,oof,2025-11-12 04:00:00+00:00,2025-11-12 08:00:00+00:00,154.57,156.60063702502688,sl,2,-0.013137329527249086,-0.014137329527249085,-1.4137329527249085
short,oof,2025-11-12 16:00:00+00:00,2025-11-13 04:00:00+00:00,155.74,156.73907566762108,sl,4,-0.00641502290754508,-0.00741502290754508,-0.741502290754508
short,oof,2025-11-13 12:00:00+00:00,2025-11-13 16:00:00+00:00,156.27,148.10833889436438,tp,2,0.05222794589899296,0.05122794589899296,5.122794589899296
short,oof,2025-11-14 00:00:00+00:00,2025-11-14 16:00:00+00:00,144.74,142.79226570219066,sl,5,0.013456779727852338,0.012456779727852339,1.2456779727852338
short,oof,2025-11-15 08:00:00+00:00,2025-11-17 04:00:00+00:00,142.76,141.28861501008552,sl,12,0.01030670348777297,0.00930670348777297,0.930670348777297
short,oof,2025-11-17 12:00:00+00:00,2025-11-17 16:00:00+00:00,141.89,134.4627204044983,tp,2,0.05234533508705115,0.05134533508705115,5.134533508705115
short,oof,2025-11-18 08:00:00+00:00,2025-11-18 12:00:00+00:00,136.96,139.13532210483942,sl,2,-0.01588290088229709,-0.016882900882297092,-1.6882900882297092
short,oof,2025-11-19 00:00:00+00:00,2025-11-19 00:00:00+00:00,140.7,142.7542194563806,sl,1,-0.01459999613632283,-0.01559999613632283,-1.559999613632283
short,oof,2025-11-19 08:00:00+00:00,2025-11-19 16:00:00+00:00,140.57,132.4325900381974,tp,3,0.05788866729602763,0.05688866729602763,5.688866729602763
short,oof,2025-11-20 08:00:00+00:00,2025-11-20 16:00:00+00:00,143.81,135.10082635101043,tp,3,0.06056027848542922,0.05956027848542922,5.956027848542922
short,oof,2025-11-21 04:00:00+00:00,2025-11-21 04:00:00+00:00,132.63,123.68538787474287,tp,1,0.06744033872620918,0.06644033872620918,6.644033872620918
short,oof,2025-11-21 12:00:00+00:00,2025-11-21 12:00:00+00:00,124.34,126.8595146035312,sl,1,-0.020263106028077786,-0.021263106028077787,-2.1263106028077785
short,oof,2025-11-21 20:00:00+00:00,2025-11-23 00:00:00+00:00,128.13,130.8174641224325,sl,8,-0.020974511218547695,-0.021974511218547696,-2.1974511218547694
short,oof,2025-11-23 08:00:00+00:00,2025-11-23 12:00:00+00:00,128.86,130.96762508208164,sl,2,-0.01635592955208463,-0.01735592955208463,-1.735592955208463
short,oof,2025-11-24 04:00:00+00:00,2025-11-24 16:00:00+00:00,133.44,134.35556617741864,sl,4,-0.006861257324779975,-0.007861257324779975,-0.7861257324779976
short,oof,2025-11-25 00:00:00+00:00,2025-11-25 20:00:00+00:00,138.42,138.96671885730706,sl,6,-0.003949709993549127,-0.004949709993549127,-0.4949709993549127
short,oof,2025-11-26 08:00:00+00:00,2025-11-26 16:00:00+00:00,139.88,140.76932582654644,sl,3,-0.006357776855493564,-0.007357776855493564,-0.7357776855493564
short,oof,2025-11-28 08:00:00+00:00,2025-11-28 08:00:00+00:00,138.98,140.4608327731959,sl,1,-0.010655006282889005,-0.011655006282889006,-1.1655006282889007
short,oof,2025-11-29 12:00:00+00:00,2025-11-30 12:00:00+00:00,137.34,138.7040658962256,sl,7,-0.009932036524141421,-0.01093203652414142,-1.093203652414142
short,oof,2025-12-01 00:00:00+00:00,2025-12-01 00:00:00+00:00,133.46,128.28938999292185,tp,1,0.038742769422135115,0.037742769422135114,3.774276942213511
short,oof,2025-12-01 08:00:00+00:00,2025-12-01 20:00:00+00:00,127.39,127.37464193059773,sl,4,0.00012055945837403183,-0.0008794405416259682,-0.08794405416259682
short,oof,2025-12-02 08:00:00+00:00,2025-12-02 08:00:00+00:00,127.3,128.66107099903573,sl,1,-0.010691838169958619,-0.01169183816995862,-1.169183816995862
short,oof,2025-12-05 16:00:00+00:00,2025-12-07 12:00:00+00:00,135.05,128.7372358127402,tp,12,0.04674390364501889,0.04574390364501889,4.574390364501888
short,oof,2025-12-08 04:00:00+00:00,2025-12-08 04:00:00+00:00,134.31,135.8358468123643,sl,1,-0.011360634445419604,-0.012360634445419603,-1.2360634445419603
short,oof,2025-12-08 20:00:00+00:00,2025-12-09 12:00:00+00:00,133.65,135.2165368806731,sl,5,-0.011721188781691611,-0.012721188781691612,-1.2721188781691612
short,oof,2025-12-10 16:00:00+00:00,2025-12-10 16:00:00+00:00,136.15,137.77751544581056,sl,1,-0.011953840953437819,-0.01295384095343782,-1.2953840953437818
short,oof,2025-12-11 04:00:00+00:00,2025-12-11 04:00:00+00:00,129.39,131.32126327785923,sl,1,-0.01492590832258478,-0.01592590832258478,-1.592590832258478
short,oof,2025-12-11 12:00:00+00:00,2025-12-11 12:00:00+00:00,130.92,132.71103823448067,sl,1,-0.01368040203544669,-0.01468040203544669,-1.468040203544669
short,oof,2025-12-11 20:00:00+00:00,2025-12-11 20:00:00+00:00,133.89,135.72640541646547,sl,1,-0.013715777253457927,-0.014715777253457928,-1.4715777253457927
short,oof,2025-12-12 16:00:00+00:00,2025-12-15 12:00:00+00:00,133.48,133.52027483691163,sl,18,-0.0003017293745252866,-0.0013017293745252866,-0.13017293745252867
short,oof,2025-12-16 04:00:00+00:00,2025-12-16 08:00:00+00:00,126.52,128.05023125283154,sl,2,-0.012094777527912909,-0.01309477752791291,-1.3094777527912909
short,oof,2025-12-16 16:00:00+00:00,2025-12-17 12:00:00+00:00,129.75,130.6656356368122,sl,6,-0.007056922056356051,-0.008056922056356051,-0.8056922056356051
short,oof,2025-12-18 08:00:00+00:00,2025-12-18 12:00:00+00:00,122.85,124.36977580874476,sl,2,-0.012370987454169867,-0.013370987454169866,-1.3370987454169865
short,oof,2025-12-19 00:00:00+00:00,2025-12-19 00:00:00+00:00,119.62,121.41650176680444,sl,1,-0.015018406343457946,-0.016018406343457945,-1.6018406343457945
short,oof,2025-12-19 12:00:00+00:00,2025-12-19 12:00:00+00:00,125.37,127.15973191751799,sl,1,-0.01427559956543019,-0.01527559956543019,-1.527559956543019
short,oof,2025-12-20 12:00:00+00:00,2025-12-22 00:00:00+00:00,126.49,127.80332475549478,sl,10,-0.010382834654872244,-0.011382834654872245,-1.1382834654872245
short,oof,2025-12-22 08:00:00+00:00,2025-12-22 08:00:00+00:00,126.31,127.44944775826264,sl,1,-0.009021041550650255,-0.010021041550650256,-1.0021041550650256
short,oof,2025-12-22 16:00:00+00:00,2025-12-23 12:00:00+00:00,128.09,123.54731283374724,tp,6,0.035464807293721305,0.034464807293721304,3.4464807293721305
short,oof,2025-12-24 00:00:00+00:00,2025-12-25 12:00:00+00:00,124.01,124.01957149302008,sl,10,-7.718323538485323e-05,-0.0010771832353848533,-0.10771832353848533
short,oof,2025-12-26 04:00:00+00:00,2025-12-26 04:00:00+00:00,122.68,123.80484610727089,sl,1,-0.009168944467483562,-0.010168944467483561,-1.016894446748356
short,oof,2025-12-26 12:00:00+00:00,2025-12-26 12:00:00+00:00,123.84,124.9468060822897,sl,1,-0.008937387615388355,-0.009937387615388354,-0.9937387615388353
short,oof,2025-12-27 00:00:00+00:00,2025-12-27 00:00:00+00:00,122.28,123.37918475320352,sl,1,-0.008989080415468732,-0.009989080415468733,-0.9989080415468733
short,oof,2025-12-27 08:00:00+00:00,2025-12-27 20:00:00+00:00,123.17,124.21636338413977,sl,4,-0.00849527794219182,-0.009495277942191821,-0.9495277942191821
short,oof,2025-12-28 08:00:00+00:00,2025-12-28 20:00:00+00:00,124.25,125.09972106579161,sl,4,-0.006838801334338936,-0.007838801334338936,-0.7838801334338936
short,oof,2025-12-29 16:00:00+00:00,2025-12-30 08:00:00+00:00,123.43,124.47834313965944,sl,5,-0.00849342250392479,-0.009493422503924789,-0.9493422503924789
short,oof,2025-12-30 16:00:00+00:00,2025-12-30 16:00:00+00:00,125.16,126.0599154345761,sl,1,-0.007190120122851561,-0.008190120122851561,-0.8190120122851561
short,ooc,2025-12-30 20:00:00+00:00,2025-12-31 00:00:00+00:00,124.71,125.64742147496352,sl,2,-0.007516810800766006,-0.008516810800766005,-0.8516810800766005
short,ooc,2026-01-01 08:00:00+00:00,2026-01-01 08:00:00+00:00,124.28,125.11635297859347,sl,1,-0.006729586245521945,-0.007729586245521945,-0.7729586245521944
short,ooc,2026-01-19 04:00:00+00:00,2026-01-20 08:00:00+00:00,133.94,129.04971021433687,tp,8,0.03651104812351149,0.03551104812351149,3.551104812351149
short,ooc,2026-01-20 16:00:00+00:00,2026-01-21 04:00:00+00:00,127.86,128.0360971132127,sl,4,-0.0013772650806561173,-0.002377265080656117,-0.2377265080656117
short,ooc,2026-01-21 12:00:00+00:00,2026-01-21 12:00:00+00:00,126.94,128.02974259265488,sl,1,-0.008584706102527859,-0.00958470610252786,-0.958470610252786
short,ooc,2026-01-21 20:00:00+00:00,2026-01-23 12:00:00+00:00,131.49,126.14843881308823,tp,11,0.04062332638916857,0.039623326389168566,3.9623326389168567
short,ooc,2026-01-23 20:00:00+00:00,2026-01-25 16:00:00+00:00,128.1,123.5322616669604,tp,12,0.03565759822825605,0.03465759822825605,3.4657598228256052
short,ooc,2026-01-26 00:00:00+00:00,2026-01-26 00:00:00+00:00,118.86,119.88484426686973,sl,1,-0.008622280555861813,-0.009622280555861812,-0.9622280555861812
short,ooc,2026-01-26 12:00:00+00:00,2026-01-26 12:00:00+00:00,122.51,123.59401707518688,sl,1,-0.008848396663022434,-0.009848396663022434,-0.9848396663022434
short,ooc,2026-01-27 00:00:00+00:00,2026-01-27 16:00:00+00:00,124.24,125.3327060911755,sl,5,-0.008795123077716523,-0.009795123077716524,-0.9795123077716523
short,ooc,2026-01-28 00:00:00+00:00,2026-01-28 08:00:00+00:00,127.18,128.22106094455765,sl,3,-0.008185728452253833,-0.009185728452253832,-0.9185728452253832
short,ooc,2026-01-28 16:00:00+00:00,2026-01-29 12:00:00+00:00,126.08,122.04759041675231,tp,6,0.03198294402956602,0.03098294402956602,3.098294402956602
short,ooc,2026-01-30 00:00:00+00:00,2026-01-30 00:00:00+00:00,117.82,113.0154028082385,tp,1,0.04077913080768535,0.03977913080768535,3.977913080768535
short,ooc,2026-01-30 08:00:00+00:00,2026-01-30 08:00:00+00:00,115.79,117.14772567016288,sl,1,-0.01172575930704619,-0.01272575930704619,-1.272575930704619
short,ooc,2026-01-30 16:00:00+00:00,2026-01-30 16:00:00+00:00,116.8,118.1711767258037,sl,1,-0.01173952676201804,-0.01273952676201804,-1.273952676201804
short,ooc,2026-01-31 00:00:00+00:00,2026-01-31 12:00:00+00:00,117.61,111.973798639575,tp,4,0.04792280724789563,0.04692280724789563,4.692280724789563
short,ooc,2026-02-01 00:00:00+00:00,2026-02-02 00:00:00+00:00,105.55,97.63193553595976,tp,7,0.07501719056409514,0.07401719056409514,7.401719056409514
short,ooc,2026-02-02 16:00:00+00:00,2026-02-03 16:00:00+00:00,104.7,96.67794967213717,tp,7,0.07661939186115405,0.07561939186115404,7.561939186115405
short,ooc,2026-02-04 00:00:00+00:00,2026-02-04 16:00:00+00:00,97.87,90.43470706756221,tp,5,0.07597111405372217,0.07497111405372217,7.497111405372217
short,ooc,2026-02-05 00:00:00+00:00,2026-02-05 12:00:00+00:00,92.12,84.38509682350585,tp,4,0.08396551429107856,0.08296551429107855,8.296551429107856
short,ooc,2026-02-06 00:00:00+00:00,2026-02-06 00:00:00+00:00,78.35,70.00623012541136,tp,1,0.10649355296220334,0.10549355296220334,10.549355296220334
short,ooc,2026-02-06 08:00:00+00:00,2026-02-06 08:00:00+00:00,79.59,82.00869529184372,sl,1,-0.030389437012736758,-0.031389437012736755,-3.1389437012736754
short,ooc,2026-02-06 16:00:00+00:00,2026-02-06 16:00:00+00:00,84.47,86.82188522613056,sl,1,-0.027842846290168848,-0.02884284629016885,-2.884284629016885
short,ooc,2026-02-07 08:00:00+00:00,2026-02-07 16:00:00+00:00,85.29,87.54289160619312,sl,3,-0.026414487116814597,-0.027414487116814597,-2.7414487116814596
short,ooc,2026-02-08 00:00:00+00:00,2026-02-11 12:00:00+00:00,87.58,79.71630964551419,tp,22,0.08978865442436414,0.08878865442436414,8.878865442436414
short,ooc,2026-02-11 20:00:00+00:00,2026-02-11 20:00:00+00:00,79.71,81.05777090557777,sl,1,-0.016908429376210954,-0.017908429376210955,-1.7908429376210955
short,ooc,2026-02-12 08:00:00+00:00,2026-02-12 08:00:00+00:00,80.77,82.0268030902166,sl,1,-0.015560271019148288,-0.01656027101914829,-1.656027101914829
short,ooc,2026-02-12 16:00:00+00:00,2026-02-13 08:00:00+00:00,80.13,80.24389880989702,sl,5,-0.001421425307587958,-0.002421425307587958,-0.24214253075879583
short,ooc,2026-02-13 16:00:00+00:00,2026-02-13 16:00:00+00:00,83.2,84.4352060813442,sl,1,-0.0148462269392332,-0.0158462269392332,-1.58462269392332
short,ooc,2026-02-14 04:00:00+00:00,2026-02-14 08:00:00+00:00,85.06,86.206176297636,sl,2,-0.013474915326075752,-0.014474915326075751,-1.447491532607575
short,ooc,2026-02-14 16:00:00+00:00,2026-02-14 20:00:00+00:00,87.43,88.50834341323117,sl,2,-0.012333791756046745,-0.013333791756046744,-1.3333791756046744
short,ooc,2026-02-15 12:00:00+00:00,2026-02-15 20:00:00+00:00,89.18,85.02472823132595,tp,3,0.0465942113553942,0.045594211355394196,4.559421135539419
short,ooc,2026-02-16 04:00:00+00:00,2026-02-16 08:00:00+00:00,85.15,86.21393115489055,sl,2,-0.01249478749137451,-0.013494787491374512,-1.3494787491374511
short,ooc,2026-02-16 16:00:00+00:00,2026-02-16 16:00:00+00:00,83.21,84.3202429837079,sl,1,-0.013342662945654438,-0.01434266294565444,-1.4342662945654439
short,ooc,2026-02-17 08:00:00+00:00,2026-02-18 12:00:00+00:00,86.49,82.23747450461455,tp,8,0.0491678285973574,0.0481678285973574,4.81678285973574
short,ooc,2026-02-18 20:00:00+00:00,2026-02-19 00:00:00+00:00,80.93,81.99007073957728,sl,2,-0.013098612870100952,-0.014098612870100953,-1.4098612870100953
short,ooc,2026-02-19 08:00:00+00:00,2026-02-19 20:00:00+00:00,82.4,82.44903471011435,sl,4,-0.0005950814334264727,-0.0015950814334264726,-0.15950814334264726
short,ooc,2026-02-20 08:00:00+00:00,2026-02-20 08:00:00+00:00,83.45,84.32614076241849,sl,1,-0.010498990562234713,-0.011498990562234714,-1.1498990562234714
short,ooc,2026-02-21 04:00:00+00:00,2026-02-21 08:00:00+00:00,84.36,85.2412530439338,sl,2,-0.010446337647389713,-0.011446337647389712,-1.1446337647389713
short,ooc,2026-02-22 16:00:00+00:00,2026-02-23 00:00:00+00:00,83.49,80.52211967944494,tp,3,0.03554773410654035,0.03454773410654035,3.454773410654035
short,ooc,2026-02-23 08:00:00+00:00,2026-02-23 08:00:00+00:00,79.39,80.27907193510109,sl,1,-0.011198789962225543,-0.012198789962225544,-1.2198789962225545
short,ooc,2026-02-23 16:00:00+00:00,2026-02-24 00:00:00+00:00,79.4,75.7756498564881,tp,3,0.04564672724826076,0.044646727248260756,4.464672724826076
short,ooc,2026-02-24 12:00:00+00:00,2026-02-24 16:00:00+00:00,76.77,77.66907249296933,sl,2,-0.011711247791706899,-0.0127112477917069,-1.27112477917069
short,ooc,2026-02-25 00:00:00+00:00,2026-02-25 00:00:00+00:00,78.99,79.86143486408659,sl,1,-0.011032217547621155,-0.012032217547621155,-1.2032217547621156
short,ooc,2026-02-25 08:00:00+00:00,2026-02-25 08:00:00+00:00,82.18,83.1251912858706,sl,1,-0.011501475856298276,-0.012501475856298277,-1.2501475856298276
short,ooc,2026-02-27 16:00:00+00:00,2026-02-28 04:00:00+00:00,82.69,78.04971062257947,tp,4,0.05611669340211065,0.05511669340211065,5.511669340211065
short,ooc,2026-02-28 12:00:00+00:00,2026-02-28 12:00:00+00:00,78.77,79.91030502720713,sl,1,-0.014476387294745895,-0.015476387294745896,-1.5476387294745895
short,ooc,2026-03-02 00:00:00+00:00,2026-03-02 00:00:00+00:00,83.61,84.88228166679741,sl,1,-0.015216860026281682,-0.01621686002628168,-1.621686002628168
short,ooc,2026-03-02 08:00:00+00:00,2026-03-02 08:00:00+00:00,82.96,84.23370204943245,sl,1,-0.015353206960371967,-0.016353206960371968,-1.6353206960371969
short,ooc,2026-03-07 08:00:00+00:00,2026-03-09 00:00:00+00:00,84.32,83.48731325904163,sl,11,0.009875317136603008,0.008875317136603007,0.8875317136603007
short,ooc,2026-03-09 08:00:00+00:00,2026-03-09 08:00:00+00:00,83.19,84.17074904896185,sl,1,-0.01178926612527773,-0.01278926612527773,-1.278926612527773
short,ooc,2026-03-19 16:00:00+00:00,2026-03-19 16:00:00+00:00,87.64,88.63213706179391,sl,1,-0.011320596323527063,-0.012320596323527062,-1.2320596323527062
short,ooc,2026-03-22 08:00:00+00:00,2026-03-23 08:00:00+00:00,87.71,87.57004899140803,sl,7,0.001595610632675458,0.0005956106326754579,0.05956106326754579
short,ooc,2026-03-26 08:00:00+00:00,2026-03-27 08:00:00+00:00,89.09,85.36543104786539,tp,7,0.04180681279755997,0.04080681279755997,4.080681279755996
short,ooc,2026-03-27 16:00:00+00:00,2026-03-28 12:00:00+00:00,83.34,84.25459570727413,sl,6,-0.01097427054564592,-0.01197427054564592,-1.197427054564592
short,ooc,2026-03-28 20:00:00+00:00,2026-03-29 20:00:00+00:00,83.28,80.15932478362477,tp,7,0.03747208473073046,0.03647208473073046,3.6472084730730456
short,ooc,2026-03-30 08:00:00+00:00,2026-03-30 08:00:00+00:00,84.02,84.81910016146556,sl,1,-0.009510832676333732,-0.010510832676333733,-1.0510832676333732
short,ooc,2026-03-30 20:00:00+00:00,2026-03-30 20:00:00+00:00,82.39,83.20636955347662,sl,1,-0.009908599993647519,-0.01090859999364752,-1.090859999364752
short,ooc,2026-04-01 00:00:00+00:00,2026-04-01 04:00:00+00:00,83.2,84.09792410860956,sl,2,-0.010792357074634116,-0.011792357074634115,-1.1792357074634114
short,ooc,2026-04-01 12:00:00+00:00,2026-04-01 16:00:00+00:00,83.37,84.20783136538455,sl,2,-0.01004955458059908,-0.011049554580599079,-1.104955458059908
short,ooc,2026-04-02 08:00:00+00:00,2026-04-02 16:00:00+00:00,79.62,79.60533462330275,sl,3,0.0001841921212917858,-0.0008158078787082143,-0.08158078787082143
short,ooc,2026-04-03 04:00:00+00:00,2026-04-03 04:00:00+00:00,79.01,79.90537588088914,sl,1,-0.011332437424239129,-0.012332437424239128,-1.2332437424239129
short,ooc,2026-04-03 12:00:00+00:00,2026-04-04 12:00:00+00:00,80.18,81.01945675444013,sl,7,-0.01046965271189974,-0.01146965271189974,-1.146965271189974
short,ooc,2026-04-04 20:00:00+00:00,2026-04-05 20:00:00+00:00,80.85,80.52362428298376,sl,7,0.004036805405271906,0.0030368054052719064,0.3036805405271906
short,ooc,2026-04-06 04:00:00+00:00,2026-04-06 08:00:00+00:00,82.1,82.76443176934777,sl,2,-0.008092956995709765,-0.009092956995709764,-0.9092956995709764
short,ooc,2026-04-06 20:00:00+00:00,2026-04-07 08:00:00+00:00,81.91,79.26484321487489,tp,4,0.032293453609145525,0.031293453609145525,3.1293453609145523
short,ooc,2026-04-07 16:00:00+00:00,2026-04-07 16:00:00+00:00,78.87,79.53453272735108,sl,1,-0.008425671704717547,-0.009425671704717548,-0.9425671704717549
short,ooc,2026-04-08 16:00:00+00:00,2026-04-08 16:00:00+00:00,83.33,84.17765676453007,sl,1,-0.010172288065883498,-0.011172288065883499,-1.11722880658835
short,ooc,2026-04-09 00:00:00+00:00,2026-04-09 12:00:00+00:00,82.57,83.39792853676317,sl,4,-0.010026989666503349,-0.01102698966650335,-1.102698966650335
short,ooc,2026-04-10 08:00:00+00:00,2026-04-10 12:00:00+00:00,82.97,83.74871419679393,sl,2,-0.009385491102735058,-0.010385491102735057,-1.0385491102735056
short,ooc,2026-04-12 08:00:00+00:00,2026-04-13 12:00:00+00:00,82.28,83.00717928787554,sl,8,-0.008837862030572963,-0.009837862030572964,-0.9837862030572964
short,ooc,2026-04-20 00:00:00+00:00,2026-04-20 00:00:00+00:00,83.49,84.2447829596391,sl,1,-0.009040399564487977,-0.010040399564487976,-1.0040399564487976
short,ooc,2026-04-27 08:00:00+00:00,2026-04-27 12:00:00+00:00,85.26,85.790608339222,sl,2,-0.006223414722284762,-0.007223414722284762,-0.7223414722284762
short,ooc,2026-04-28 08:00:00+00:00,2026-04-29 00:00:00+00:00,84.03,84.55442574180293,sl,5,-0.006240934687646427,-0.007240934687646427,-0.7240934687646426
short,ooc,2026-04-29 12:00:00+00:00,2026-04-29 16:00:00+00:00,84.92,82.97200682828043,tp,2,0.022939156520484855,0.021939156520484854,2.1939156520484855
short,ooc,2026-04-30 08:00:00+00:00,2026-05-01 00:00:00+00:00,83.35,83.92130143351136,sl,5,-0.006854246352865813,-0.007854246352865813,-0.7854246352865814
short,ooc,2026-05-01 12:00:00+00:00,2026-05-01 12:00:00+00:00,84.03,84.52166292046238,sl,1,-0.005851040348237232,-0.006851040348237232,-0.6851040348237232
short,ooc,2026-05-01 20:00:00+00:00,2026-05-02 20:00:00+00:00,83.89,84.3771226201946,sl,7,-0.005806682801222998,-0.006806682801222998,-0.6806682801222999
short,ooc,2026-05-03 04:00:00+00:00,2026-05-03 08:00:00+00:00,83.67,84.07426458232032,sl,2,-0.0048316551012348875,-0.0058316551012348875,-0.5831655101234887
short,ooc,2026-05-04 00:00:00+00:00,2026-05-04 00:00:00+00:00,83.92,84.29416773807688,sl,1,-0.004458624142956122,-0.005458624142956122,-0.5458624142956122
short,ooc,2026-05-04 12:00:00+00:00,2026-05-04 12:00:00+00:00,83.96,84.44479282819056,sl,1,-0.005774092760726106,-0.006774092760726106,-0.6774092760726106
short,ooc,2026-05-05 00:00:00+00:00,2026-05-05 00:00:00+00:00,84.1,84.5994860945826,sl,1,-0.005939192563407939,-0.006939192563407939,-0.6939192563407939
short,ooc,2026-05-05 08:00:00+00:00,2026-05-05 12:00:00+00:00,84.87,85.3529242346146,sl,2,-0.005690164187753037,-0.006690164187753037,-0.6690164187753037
short,ooc,2026-05-17 12:00:00+00:00,2026-05-17 20:00:00+00:00,86.91,84.40853853405449,tp,3,0.028782205338229325,0.027782205338229324,2.778220533822932
short,ooc,2026-05-18 04:00:00+00:00,2026-05-18 12:00:00+00:00,84.86,85.54172975406647,sl,3,-0.008033581829677902,-0.009033581829677902,-0.9033581829677901
short,ooc,2026-05-18 20:00:00+00:00,2026-05-18 20:00:00+00:00,85.01,85.7205641791413,sl,1,-0.008358595213990126,-0.009358595213990125,-0.9358595213990125
short,ooc,2026-05-19 04:00:00+00:00,2026-05-20 12:00:00+00:00,85.09,85.78117876951347,sl,9,-0.008122914202767312,-0.009122914202767313,-0.9122914202767313
short,ooc,2026-05-21 08:00:00+00:00,2026-05-21 16:00:00+00:00,86.63,87.16280477252444,sl,3,-0.006150349446201584,-0.007150349446201584,-0.7150349446201584
short,ooc,2026-05-22 04:00:00+00:00,2026-05-22 12:00:00+00:00,87.04,87.66450244404918,sl,3,-0.007174890211961976,-0.008174890211961976,-0.8174890211961976
short,ooc,2026-05-22 20:00:00+00:00,2026-05-22 20:00:00+00:00,84.55,85.23015981113308,sl,1,-0.008044468493590544,-0.009044468493590543,-0.9044468493590543
short,ooc,2026-05-23 04:00:00+00:00,2026-05-23 04:00:00+00:00,84.69,82.07597942690835,tp,1,0.030865752427578826,0.029865752427578825,2.9865752427578824
short,ooc,2026-05-23 12:00:00+00:00,2026-05-23 12:00:00+00:00,82.29,82.99177229190369,sl,1,-0.00852803854543298,-0.009528038545432979,-0.952803854543298
short,ooc,2026-05-24 00:00:00+00:00,2026-05-24 04:00:00+00:00,85.77,86.5427218386707,sl,2,-0.009009232116948877,-0.010009232116948878,-1.0009232116948878
short,ooc,2026-05-24 12:00:00+00:00,2026-05-24 20:00:00+00:00,86.67,83.81360075865959,tp,3,0.032957185200650885,0.031957185200650884,3.195718520065088
short,ooc,2026-05-25 12:00:00+00:00,2026-05-25 12:00:00+00:00,85.77,86.44457306949907,sl,1,-0.007864906954635369,-0.00886490695463537,-0.886490695463537
short,ooc,2026-05-25 20:00:00+00:00,2026-05-26 08:00:00+00:00,85.64,85.76907421548995,sl,4,-0.0015071720631708368,-0.002507172063170837,-0.25071720631708366
short,ooc,2026-05-26 16:00:00+00:00,2026-05-28 00:00:00+00:00,84.5,81.83843663183022,tp,9,0.03149779133928734,0.030497791339287338,3.049779133928734
short,ooc,2026-05-28 08:00:00+00:00,2026-05-28 16:00:00+00:00,81.27,81.96560139134016,sl,3,-0.00855914102793358,-0.00955914102793358,-0.955914102793358
short,ooc,2026-05-29 00:00:00+00:00,2026-05-29 12:00:00+00:00,82.12,82.80780121142405,sl,4,-0.008375562730443799,-0.0093755627304438,-0.9375562730443799
short,ooc,2026-05-30 00:00:00+00:00,2026-05-30 00:00:00+00:00,82.05,82.74681078389325,sl,1,-0.00849251412423224,-0.00949251412423224,-0.949251412423224
short,ooc,2026-05-30 08:00:00+00:00,2026-05-30 16:00:00+00:00,82.39,83.06184195141816,sl,3,-0.00815441135353998,-0.00915441135353998,-0.915441135353998
short,ooc,2026-05-31 00:00:00+00:00,2026-05-31 00:00:00+00:00,82.74,83.31280906326671,sl,1,-0.006923000522923829,-0.007923000522923829,-0.7923000522923829
short,ooc,2026-05-31 08:00:00+00:00,2026-06-01 00:00:00+00:00,82.68,82.98287854630728,sl,5,-0.0036632625339534275,-0.004663262533953428,-0.4663262533953428
short,ooc,2026-06-01 12:00:00+00:00,2026-06-01 16:00:00+00:00,80.83,80.9212405437343,sl,2,-0.0011287955429209592,-0.0021287955429209592,-0.21287955429209593
short,ooc,2026-06-02 00:00:00+00:00,2026-06-02 08:00:00+00:00,81.28,78.73337926405041,tp,3,0.031331455904891586,0.030331455904891585,3.0331455904891587
short,ooc,2026-06-02 16:00:00+00:00,2026-06-02 16:00:00+00:00,76.38,77.13486838061911,sl,1,-0.00988306337547938,-0.010883063375479379,-1.0883063375479378
short,ooc,2026-06-03 00:00:00+00:00,2026-06-03 00:00:00+00:00,74.23,75.10932528737057,sl,1,-0.011845955642874344,-0.012845955642874343,-1.2845955642874343
short,ooc,2026-06-03 12:00:00+00:00,2026-06-03 20:00:00+00:00,75.13,71.46055006362516,tp,3,0.04884134082756332,0.04784134082756332,4.784134082756332
short,ooc,2026-06-04 04:00:00+00:00,2026-06-05 00:00:00+00:00,71.49,67.14011038023736,tp,6,0.06084612700745049,0.05984612700745049,5.984612700745049
short,ooc,2026-06-06 00:00:00+00:00,2026-06-07 00:00:00+00:00,63.64,63.83415059563214,sl,7,-0.00305076360201348,-0.00405076360201348,-0.40507636020134796
short,ooc,2026-06-07 08:00:00+00:00,2026-06-07 08:00:00+00:00,64.92,66.02871807931734,sl,1,-0.01707822056865899,-0.01807822056865899,-1.8078220568658991
short,ooc,2026-06-07 16:00:00+00:00,2026-06-07 20:00:00+00:00,64.99,66.0613691602277,sl,2,-0.016485138640217015,-0.017485138640217016,-1.7485138640217015
short,ooc,2026-06-08 04:00:00+00:00,2026-06-08 12:00:00+00:00,66.36,67.47744280066335,sl,3,-0.016839101878591844,-0.017839101878591845,-1.7839101878591845
short,ooc,2026-06-08 20:00:00+00:00,2026-06-10 08:00:00+00:00,67.46,63.35337892235045,tp,10,0.06087490479765109,0.05987490479765109,5.987490479765109
short,ooc,2026-06-10 16:00:00+00:00,2026-06-11 00:00:00+00:00,65.45,65.03466846898722,sl,3,0.006345783514328225,0.005345783514328225,0.5345783514328225
short,ooc,2026-06-11 12:00:00+00:00,2026-06-11 16:00:00+00:00,65.89,66.73402255809563,sl,2,-0.01280956986030704,-0.013809569860307042,-1.380956986030704
short,ooc,2026-06-12 00:00:00+00:00,2026-06-12 12:00:00+00:00,66.92,67.73325712832948,sl,4,-0.012152676753279771,-0.01315267675327977,-1.315267675327977
short,ooc,2026-06-13 00:00:00+00:00,2026-06-13 08:00:00+00:00,66.83,67.5839850644628,sl,3,-0.011282134736836692,-0.012282134736836692,-1.2282134736836692
short,ooc,2026-06-13 16:00:00+00:00,2026-06-13 20:00:00+00:00,68.6,69.26909965707313,sl,2,-0.009753639315934882,-0.010753639315934881,-1.0753639315934882
short,ooc,2026-06-14 04:00:00+00:00,2026-06-14 20:00:00+00:00,68.95,68.82758776959514,sl,5,0.001775376800650646,0.000775376800650646,0.07753768006506459
short,ooc,2026-06-18 16:00:00+00:00,2026-06-18 16:00:00+00:00,68.45,69.29834836286042,sl,1,-0.012393694125060927,-0.013393694125060928,-1.3393694125060929
short,ooc,2026-06-19 12:00:00+00:00,2026-06-19 12:00:00+00:00,68.26,69.0107323096246,sl,1,-0.010998129352836148,-0.011998129352836149,-1.1998129352836149
short,ooc,2026-06-23 16:00:00+00:00,2026-06-23 20:00:00+00:00,68.92,69.6778069138868,sl,2,-0.010995457253145617,-0.011995457253145617,-1.1995457253145616
short,ooc,2026-06-25 12:00:00+00:00,2026-06-25 12:00:00+00:00,68.18,64.84113641151492,tp,1,0.04897130519925319,0.04797130519925319,4.797130519925319
short,ooc,2026-06-25 20:00:00+00:00,2026-06-25 20:00:00+00:00,66.22,67.16194891129334,sl,1,-0.01422453807449921,-0.015224538074499212,-1.5224538074499212
short,ooc,2026-06-26 12:00:00+00:00,2026-06-26 12:00:00+00:00,68.62,69.66656908203481,sl,1,-0.01525166251872351,-0.01625166251872351,-1.6251662518723509
short,ooc,2026-07-12 08:00:00+00:00,2026-07-12 08:00:00+00:00,76.51,77.09171544651825,sl,1,-0.007603129610746901,-0.008603129610746902,-0.8603129610746902
short,ooc,2026-07-13 00:00:00+00:00,2026-07-13 00:00:00+00:00,76.91,77.45831293908807,sl,1,-0.007129280185776592,-0.008129280185776591,-0.8129280185776591
short,ooc,2026-07-13 12:00:00+00:00,2026-07-14 12:00:00+00:00,76.35,75.85984715070317,sl,7,0.006419814660076224,0.005419814660076224,0.5419814660076224
short,ooc,2026-07-14 20:00:00+00:00,2026-07-14 20:00:00+00:00,77.19,77.79518522187267,sl,1,-0.007840202382078944,-0.008840202382078943,-0.8840202382078943
short,ooc,2026-07-15 12:00:00+00:00,2026-07-15 12:00:00+00:00,77.53,78.10529298005794,sl,1,-0.007420262866734658,-0.008420262866734658,-0.8420262866734658
short,ooc,2026-07-16 04:00:00+00:00,2026-07-16 04:00:00+00:00,76.95,77.51391432745301,sl,1,-0.007328321344418526,-0.008328321344418526,-0.8328321344418527
short,ooc,2026-07-16 12:00:00+00:00,2026-07-16 12:00:00+00:00,76.26,76.82439551703857,sl,1,-0.007400937805383718,-0.008400937805383719,-0.8400937805383719
short,ooc,2026-07-16 20:00:00+00:00,2026-07-17 12:00:00+00:00,75.8,73.52239097184659,tp,5,0.030047612508620144,0.029047612508620143,2.9047612508620144
short,ooc,2026-07-18 08:00:00+00:00,2026-07-18 16:00:00+00:00,74.97,75.463405727223,sl,3,-0.006581375579872034,-0.007581375579872034,-0.7581375579872034
short,ooc,2026-07-19 12:00:00+00:00,2026-07-19 12:00:00+00:00,76.06,76.48618697935086,sl,1,-0.005603299754810143,-0.006603299754810143,-0.6603299754810144
short,ooc,2026-07-19 20:00:00+00:00,2026-07-19 20:00:00+00:00,75.89,76.32224795668517,sl,1,-0.005695716915076743,-0.006695716915076743,-0.6695716915076743
short,ooc,2026-07-20 08:00:00+00:00,2026-07-20 08:00:00+00:00,76.23,76.69854911109233,sl,1,-0.006146518576575225,-0.007146518576575225,-0.7146518576575225
short,ooc,2026-07-20 16:00:00+00:00,2026-07-20 16:00:00+00:00,77.77,78.29385101925817,sl,1,-0.0067359009805602965,-0.007735900980560297,-0.7735900980560296
short,ooc,2026-07-22 08:00:00+00:00,2026-07-22 08:00:00+00:00,77.11,77.57540856120224,sl,1,-0.006035644679058988,-0.007035644679058988,-0.7035644679058988
short,ooc,2026-07-23 08:00:00+00:00,2026-07-23 08:00:00+00:00,77.16,77.65185964605097,sl,1,-0.006374541809888142,-0.007374541809888142,-0.7374541809888142
short,ooc,2026-07-23 16:00:00+00:00,2026-07-24 12:00:00+00:00,76.38,74.31705550647727,tp,6,0.02700896168529355,0.026008961685293548,2.600896168529355
short,ooc,2026-07-25 00:00:00+00:00,2026-07-25 16:00:00+00:00,73.97,74.45189267957687,sl,5,-0.006514704333876886,-0.007514704333876886,-0.7514704333876886
short,ooc,2026-07-26 00:00:00+00:00,2026-07-26 00:00:00+00:00,74.53,74.92776153242588,sl,1,-0.0053369318720766805,-0.0063369318720766805,-0.6336931872076681
short,ooc,2026-07-26 12:00:00+00:00,2026-07-26 12:00:00+00:00,74.95,75.31791439021124,sl,1,-0.004908797734639627,-0.005908797734639627,-0.5908797734639627
short,ooc,2026-07-26 20:00:00+00:00,2026-07-26 20:00:00+00:00,75.35,75.71751291809029,sl,1,-0.004877410989917698,-0.005877410989917698,-0.5877410989917697
short,ooc,2026-07-27 16:00:00+00:00,2026-07-27 16:00:00+00:00,75.29,75.74512358856524,sl,1,-0.006044940743328847,-0.007044940743328847,-0.7044940743328847
short,ooc,2026-07-28 00:00:00+00:00,2026-07-28 12:00:00+00:00,74.22,74.39378907858453,sl,4,-0.002341539727627779,-0.003341539727627779,-0.3341539727627779
short,ooc,2026-07-28 20:00:00+00:00,2026-07-29 08:00:00+00:00,74.33,74.34615197230858,sl,4,-0.0002173008517230924,-0.0012173008517230924,-0.12173008517230924
short,ooc,2026-07-29 16:00:00+00:00,2026-07-29 16:00:00+00:00,73.13,73.67233307070364,sl,1,-0.00741601354715778,-0.00841601354715778,-0.8416013547157781
short,ooc,2026-07-30 00:00:00+00:00,2026-07-30 08:00:00+00:00,73.69,74.26948616810672,sl,3,-0.007863837265663266,-0.008863837265663265,-0.8863837265663265
short,ooc,2026-07-31 00:00:00+00:00,2026-07-31 00:00:00+00:00,74.52,75.02388515395809,sl,1,-0.006761743880275022,-0.007761743880275022,-0.7761743880275022
short,ooc,2026-07-31 08:00:00+00:00,2026-08-01 16:00:00+00:00,73.69,71.62078385675676,tp,9,0.02808001280015251,0.02708001280015251,2.708001280015251
short,ooc,2026-08-02 12:00:00+00:00,2026-08-02 16:00:00+00:00,73.01,73.45389677879596,sl,2,-0.0060799449225580025,-0.0070799449225580026,-0.7079944922558002
short,ooc,2026-08-03 00:00:00+00:00,2026-08-03 12:00:00+00:00,73.64,73.30299514177995,sl,4,0.004576383191472778,0.0035763831914727776,0.35763831914727773
short,ooc,2026-08-03 20:00:00+00:00,2026-08-04 20:00:00+00:00,74.04,74.42041532206986,sl,7,-0.00513797031428756,-0.00613797031428756,-0.613797031428756
short,ooc,2026-08-05 04:00:00+00:00,2026-08-05 04:00:00+00:00,73.8,74.25144332695572,sl,1,-0.0061171182514326,-0.0071171182514326,-0.71171182514326
short,ooc,2026-08-05 12:00:00+00:00,2026-08-05 12:00:00+00:00,73.78,74.20757103191592,sl,1,-0.005795215938139297,-0.006795215938139297,-0.6795215938139297
short,ooc,2026-08-06 12:00:00+00:00,2026-08-07 08:00:00+00:00,73.47,73.66138439539607,sl,6,-0.0026049325628973836,-0.0036049325628973836,-0.3604932562897384
short,ooc,2026-08-08 00:00:00+00:00,2026-08-08 00:00:00+00:00,73.67,74.07125742750726,sl,1,-0.005446686948652924,-0.006446686948652924,-0.6446686948652923
short,ooc,2026-08-17 00:00:00+00:00,2026-08-17 00:00:00+00:00,74.61,74.92034860600488,sl,1,-0.0041596113926401215,-0.0051596113926401215,-0.5159611392640121
short,ooc,2026-09-10 00:00:00+00:00,2026-09-11 12:00:00+00:00,101.57,101.12312057060316,sl,10,0.0043997187102178805,0.0033997187102178805,0.33997187102178805
short,ooc,2026-09-11 20:00:00+00:00,2026-09-11 20:00:00+00:00,102.03,103.08118767340348,sl,1,-0.010302731288870682,-0.01130273128887068,-1.130273128887068
short,ooc,2026-09-12 12:00:00+00:00,2026-09-14 04:00:00+00:00,102.13,101.6884375890314,sl,11,0.0043235328597728455,0.0033235328597728455,0.33235328597728453
short,ooc,2026-09-14 12:00:00+00:00,2026-09-14 12:00:00+00:00,101.37,102.13585054828576,sl,1,-0.007555001956059533,-0.008555001956059533,-0.8555001956059534
short,ooc,2026-09-15 08:00:00+00:00,2026-09-15 12:00:00+00:00,100.44,101.24574359386094,sl,2,-0.00802213852908143,-0.00902213852908143,-0.902213852908143
short,ooc,2026-09-16 04:00:00+00:00,2026-09-16 08:00:00+00:00,97.26,98.19314307504948,sl,2,-0.009594314980973389,-0.01059431498097339,-1.059431498097339
short,ooc,2026-09-16 16:00:00+00:00,2026-09-16 16:00:00+00:00,97.12,98.00883758596345,sl,1,-0.00915195207952475,-0.01015195207952475,-1.015195207952475
short,ooc,2026-09-17 04:00:00+00:00,2026-09-17 12:00:00+00:00,99.97,100.8743098310356,sl,3,-0.009045812053972235,-0.010045812053972234,-1.0045812053972234
short,ooc,2026-09-17 20:00:00+00:00,2026-09-18 00:00:00+00:00,100.97,101.83644973667764,sl,2,-0.008581259152992349,-0.00958125915299235,-0.958125915299235
