side,seg,entry_time,exit_time,entry_price,exit_price,exit_reason,bars_held,gross_ret,net_ret,pnl_usdt
long,train,2020-10-06 12:00:00+00:00,2020-10-06 20:00:00+00:00,2.413,2.219685682860145,sl,3,-0.08011368302521957,-0.08111368302521957,-8.111368302521957
long,train,2020-10-07 04:00:00+00:00,2020-10-07 16:00:00+00:00,2.18,2.365264946102278,tp,4,0.08498392023040273,0.08398392023040273,8.398392023040273
long,train,2020-10-08 08:00:00+00:00,2020-10-08 12:00:00+00:00,2.082,2.29111791142056,tp,2,0.10044087964484168,0.09944087964484168,9.944087964484167
long,train,2020-10-08 20:00:00+00:00,2020-10-09 08:00:00+00:00,2.342,2.5766086193115783,tp,4,0.1001744745139104,0.0991744745139104,9.91744745139104
long,train,2020-10-09 16:00:00+00:00,2020-10-13 16:00:00+00:00,2.594,2.416,timeout,25,-0.06861989205859674,-0.06961989205859674,-6.961989205859674
long,train,2020-10-19 04:00:00+00:00,2020-10-20 08:00:00+00:00,2.11,1.9596041137641762,sl,8,-0.07127767120181216,-0.07227767120181217,-7.227767120181216
long,train,2020-10-20 16:00:00+00:00,2020-10-21 12:00:00+00:00,1.898,2.0356287479778477,tp,6,0.0725125121063476,0.0715125121063476,7.15125121063476
long,train,2020-10-21 20:00:00+00:00,2020-10-22 08:00:00+00:00,1.912,2.061889364309308,tp,4,0.07839401899022384,0.07739401899022384,7.7394018990223845
long,train,2020-10-23 00:00:00+00:00,2020-10-25 20:00:00+00:00,1.96,1.7498781563308787,sl,18,-0.1072050222801639,-0.1082050222801639,-10.820502228016391
long,train,2020-10-26 20:00:00+00:00,2020-10-28 08:00:00+00:00,1.663,1.4926254322745294,sl,10,-0.10245013092331369,-0.10345013092331369,-10.345013092331369
long,train,2020-10-28 16:00:00+00:00,2020-10-29 00:00:00+00:00,1.544,1.3548974921678414,sl,2,-0.12247571750787477,-0.12347571750787477,-12.347571750787477
long,train,2020-10-29 08:00:00+00:00,2020-11-02 08:00:00+00:00,1.505,1.476,timeout,25,-0.019269102990033166,-0.020269102990033167,-2.0269102990033168
long,train,2020-11-02 16:00:00+00:00,2020-11-04 12:00:00+00:00,1.478,1.3336710285189886,sl,12,-0.09765153686130679,-0.09865153686130679,-9.865153686130679
long,train,2020-11-04 20:00:00+00:00,2020-11-06 00:00:00+00:00,1.391,1.5068495304949396,tp,8,0.08328506865200548,0.08228506865200548,8.228506865200549
long,train,2020-11-06 08:00:00+00:00,2020-11-06 08:00:00+00:00,1.624,1.7689127093698145,tp,1,0.08923196389766894,0.08823196389766894,8.823196389766894
long,train,2020-11-06 16:00:00+00:00,2020-11-06 20:00:00+00:00,1.718,1.8828379994056053,tp,2,0.09594761315809389,0.09494761315809389,9.494761315809388
long,train,2020-11-07 04:00:00+00:00,2020-11-07 08:00:00+00:00,2.124,2.366061619786485,tp,2,0.11396498106708328,0.11296498106708328,11.296498106708327
long,train,2020-11-07 16:00:00+00:00,2020-11-11 16:00:00+00:00,2.139,2.022,timeout,25,-0.05469845722300141,-0.05569845722300141,-5.5698457223001405
long,train,2020-11-12 08:00:00+00:00,2020-11-16 04:00:00+00:00,2.031,2.2610735073248587,tp,24,0.11328089971681857,0.11228089971681857,11.228089971681857
long,train,2020-11-16 12:00:00+00:00,2020-11-20 12:00:00+00:00,2.282,2.162,timeout,25,-0.05258545135845754,-0.05358545135845754,-5.358545135845754
long,train,2020-11-21 00:00:00+00:00,2020-11-21 12:00:00+00:00,2.088,2.2543385806529006,tp,4,0.07966407119391787,0.07866407119391787,7.866407119391787
long,train,2020-11-21 20:00:00+00:00,2020-11-22 00:00:00+00:00,2.431,2.1708157514671216,sl,2,-0.10702766290945227,-0.10802766290945227,-10.802766290945227
long,train,2020-11-22 08:00:00+00:00,2020-11-24 04:00:00+00:00,2.19,2.422732447238115,tp,12,0.10627052385302052,0.10527052385302052,10.527052385302053
long,train,2020-11-24 12:00:00+00:00,2020-11-26 00:00:00+00:00,2.227,1.8716583069728718,sl,10,-0.15956070634356895,-0.16056070634356895,-16.056070634356896
long,train,2020-11-26 08:00:00+00:00,2020-11-28 12:00:00+00:00,1.84,2.165572047720762,tp,14,0.1769413302830228,0.1759413302830228,17.59413302830228
long,train,2020-11-28 20:00:00+00:00,2020-12-02 20:00:00+00:00,1.909,2.118,timeout,25,0.10948140387637499,0.10848140387637499,10.8481403876375
long,train,2020-12-03 08:00:00+00:00,2020-12-04 08:00:00+00:00,2.179,1.9568809324534604,sl,7,-0.10193624026917827,-0.10293624026917828,-10.293624026917827
long,train,2020-12-04 16:00:00+00:00,2020-12-08 08:00:00+00:00,1.972,1.765085169915648,sl,23,-0.10492638442411358,-0.10592638442411358,-10.592638442411358
long,train,2020-12-09 08:00:00+00:00,2020-12-13 08:00:00+00:00,1.562,1.552,timeout,25,-0.006402048655569788,-0.007402048655569788,-0.7402048655569788
long,train,2020-12-14 16:00:00+00:00,2020-12-15 00:00:00+00:00,1.567,1.6825485327173995,tp,3,0.07373869350185036,0.07273869350185036,7.273869350185036
long,train,2020-12-15 08:00:00+00:00,2020-12-19 08:00:00+00:00,1.729,1.751,timeout,25,0.012724117987275765,0.011724117987275764,1.1724117987275764
long,train,2020-12-19 16:00:00+00:00,2020-12-20 20:00:00+00:00,1.704,1.545480885712553,sl,8,-0.09302764922972237,-0.09402764922972237,-9.402764922972237
long,train,2020-12-21 12:00:00+00:00,2020-12-23 08:00:00+00:00,1.519,1.3618210544006994,sl,12,-0.10347527689223204,-0.10447527689223204,-10.447527689223204
long,train,2020-12-24 00:00:00+00:00,2020-12-24 20:00:00+00:00,1.22,1.3776963416993997,tp,6,0.1292592964749178,0.1282592964749178,12.82592964749178
long,train,2020-12-25 08:00:00+00:00,2020-12-29 04:00:00+00:00,1.417,1.5645796100438856,tp,24,0.10414933665764681,0.1031493366576468,10.31493366576468
long,train,2020-12-29 12:00:00+00:00,2020-12-29 20:00:00+00:00,1.575,1.7179188784230135,tp,3,0.09074214503048479,0.08974214503048479,8.97421450304848
long,train,2020-12-30 04:00:00+00:00,2020-12-31 12:00:00+00:00,1.637,1.4404902095923673,sl,9,-0.12004263311400899,-0.121042633114009,-12.1042633114009
long,train,2020-12-31 20:00:00+00:00,2021-01-01 16:00:00+00:00,1.549,1.6988026734132133,tp,6,0.0967092791563676,0.0957092791563676,9.570927915636759
long,train,2021-01-02 00:00:00+00:00,2021-01-03 04:00:00+00:00,1.838,2.016105315741278,tp,8,0.09690169518023828,0.09590169518023828,9.590169518023828
long,train,2021-01-03 12:00:00+00:00,2021-01-03 16:00:00+00:00,2.265,1.940724894579696,sl,2,-0.14316781696260666,-0.14416781696260667,-14.416781696260667
long,train,2021-01-04 00:00:00+00:00,2021-01-07 12:00:00+00:00,2.199,2.5051829173785447,tp,22,0.1392373430552728,0.1382373430552728,13.82373430552728
long,train,2021-01-07 20:00:00+00:00,2021-01-08 16:00:00+00:00,2.349,2.833979418808161,tp,4,0.20646207697239702,0.20546207697239702,20.5462076972397
long,train,2021-01-09 00:00:00+00:00,2021-01-12 16:00:00+00:00,3.23,3.819341671899243,tp,23,0.18245872195023005,0.18145872195023005,18.145872195023006
long,train,2021-01-13 00:00:00+00:00,2021-01-17 00:00:00+00:00,3.62,3.704,timeout,25,0.02320441988950278,0.02220441988950278,2.2204419889502782
long,train,2021-01-17 08:00:00+00:00,2021-01-17 16:00:00+00:00,3.394,3.90890982623623,tp,3,0.15171179323401,0.15071179323401,15.071179323401
long,train,2021-01-18 00:00:00+00:00,2021-01-21 20:00:00+00:00,3.822,3.160708625731044,sl,24,-0.17302233758999375,-0.17402233758999375,-17.402233758999376
long,train,2021-01-22 04:00:00+00:00,2021-01-24 04:00:00+00:00,3.166,3.6434516345723904,tp,13,0.15080594901212588,0.14980594901212588,14.980594901212587
long,train,2021-01-24 12:00:00+00:00,2021-01-26 20:00:00+00:00,3.75,4.076716125586118,tp,15,0.08712430015629806,0.08612430015629806,8.612430015629807
long,train,2021-01-27 04:00:00+00:00,2021-01-30 20:00:00+00:00,3.846,4.255632236628328,tp,23,0.10650864186904,0.10550864186903999,10.550864186903999
long,train,2021-01-31 08:00:00+00:00,2021-02-02 00:00:00+00:00,4.48,4.819345604776665,tp,11,0.07574678678050557,0.07474678678050557,7.474678678050557
long,train,2021-02-02 08:00:00+00:00,2021-02-03 12:00:00+00:00,4.96,5.399879696696034,tp,8,0.08868542272097453,0.08768542272097453,8.768542272097452
long,train,2021-02-03 20:00:00+00:00,2021-02-04 00:00:00+00:00,5.453,5.926021860529394,tp,2,0.0867452522518602,0.0857452522518602,8.574525225186019
long,train,2021-02-04 08:00:00+00:00,2021-02-04 20:00:00+00:00,5.841,6.346239441539023,tp,4,0.08649879156634525,0.08549879156634525,8.549879156634525
long,train,2021-02-06 04:00:00+00:00,2021-02-07 12:00:00+00:00,6.128,6.795833638246511,tp,9,0.10898068509244625,0.10798068509244625,10.798068509244626
long,train,2021-02-07 20:00:00+00:00,2021-02-08 04:00:00+00:00,6.551,7.313986809837381,tp,3,0.1164687543638194,0.1154687543638194,11.54687543638194
long,train,2021-02-08 12:00:00+00:00,2021-02-09 00:00:00+00:00,7.488,8.29233783516674,tp,4,0.1074169117476948,0.1064169117476948,10.64169117476948
long,train,2021-02-09 08:00:00+00:00,2021-02-10 20:00:00+00:00,8.066,8.945978628385056,tp,10,0.10909727602095902,0.10809727602095902,10.809727602095903
long,train,2021-02-11 08:00:00+00:00,2021-02-15 00:00:00+00:00,9.467,8.230628236396269,sl,23,-0.13059805256192367,-0.13159805256192367,-13.159805256192367
long,train,2021-02-15 08:00:00+00:00,2021-02-15 16:00:00+00:00,8.297,9.179084958196356,tp,3,0.10631372281503615,0.10531372281503615,10.531372281503614
long,train,2021-02-16 00:00:00+00:00,2021-02-17 00:00:00+00:00,8.871,7.706120506720959,sl,7,-0.13131321083068895,-0.13231321083068895,-13.231321083068895
long,train,2021-02-17 08:00:00+00:00,2021-02-18 12:00:00+00:00,7.967,8.841873309109634,tp,8,0.10981213871088664,0.10881213871088664,10.881213871088665
long,train,2021-02-18 20:00:00+00:00,2021-02-19 08:00:00+00:00,9.042,9.836246861737203,tp,4,0.08783973255222335,0.08683973255222335,8.683973255222336
long,train,2021-02-19 16:00:00+00:00,2021-02-22 12:00:00+00:00,10.968,9.591739085567509,sl,18,-0.12547966032389596,-0.12647966032389596,-12.647966032389595
long,train,2021-02-23 04:00:00+00:00,2021-02-23 08:00:00+00:00,13.991,11.556857140296216,sl,2,-0.1739791908872692,-0.1749791908872692,-17.49791908872692
long,train,2021-02-23 16:00:00+00:00,2021-02-24 16:00:00+00:00,15.409,17.94927678214846,tp,7,0.16485669298127448,0.16385669298127448,16.385669298127446
long,train,2021-02-26 00:00:00+00:00,2021-03-02 00:00:00+00:00,13.859,14.344,timeout,25,0.03499530990691965,0.03399530990691965,3.3995309906919653
long,train,2021-03-02 12:00:00+00:00,2021-03-05 04:00:00+00:00,14.571,12.368325354516806,sl,17,-0.15116839238783844,-0.15216839238783844,-15.216839238783844
long,train,2021-03-05 12:00:00+00:00,2021-03-07 12:00:00+00:00,12.518,13.717605348192983,tp,13,0.09583043203331058,0.09483043203331058,9.483043203331059
long,train,2021-03-07 20:00:00+00:00,2021-03-09 12:00:00+00:00,13.72,14.742765356721465,tp,11,0.07454557993596679,0.07354557993596679,7.354557993596679
long,train,2021-03-10 04:00:00+00:00,2021-03-11 16:00:00+00:00,14.229,15.256272792926296,tp,10,0.0721957124833999,0.0711957124833999,7.11957124833999
long,train,2021-03-12 00:00:00+00:00,2021-03-12 20:00:00+00:00,16.048,14.611400357538207,sl,6,-0.08951892089118842,-0.09051892089118842,-9.051892089118843
long,train,2021-03-13 04:00:00+00:00,2021-03-17 04:00:00+00:00,14.14,13.505,timeout,25,-0.04490806223479489,-0.04590806223479489,-4.590806223479489
long,train,2021-03-17 12:00:00+00:00,2021-03-17 16:00:00+00:00,13.285,14.193607970790536,tp,2,0.06839352433500458,0.06739352433500458,6.739352433500458
long,train,2021-03-18 00:00:00+00:00,2021-03-22 00:00:00+00:00,14.215,15.124329341044755,tp,25,0.06396970390747483,0.06296970390747483,6.296970390747483
long,train,2021-03-22 08:00:00+00:00,2021-03-22 20:00:00+00:00,16.188,15.0705473066068,sl,4,-0.06902969442755122,-0.07002969442755122,-7.002969442755122
long,train,2021-03-23 04:00:00+00:00,2021-03-24 20:00:00+00:00,15.096,13.77160779569517,sl,11,-0.08773133308855527,-0.08873133308855527,-8.873133308855527
long,train,2021-03-25 16:00:00+00:00,2021-03-26 04:00:00+00:00,12.805,13.869017629747855,tp,4,0.08309391876203479,0.08209391876203478,8.209391876203478
long,train,2021-03-26 12:00:00+00:00,2021-03-27 04:00:00+00:00,13.978,15.159287788945772,tp,5,0.08451050142694033,0.08351050142694033,8.351050142694033
long,train,2021-03-27 12:00:00+00:00,2021-03-28 00:00:00+00:00,15.614,16.885215898466196,tp,4,0.08141513375600072,0.08041513375600072,8.041513375600072
long,train,2021-03-28 20:00:00+00:00,2021-03-30 04:00:00+00:00,18.573,20.178523379395823,tp,9,0.086443944402941,0.085443944402941,8.544394440294099
long,train,2021-03-30 16:00:00+00:00,2021-04-03 00:00:00+00:00,19.427,21.06065875629094,tp,21,0.08409217873531381,0.08309217873531381,8.30921787353138
long,train,2021-04-03 08:00:00+00:00,2021-04-03 08:00:00+00:00,21.164,22.545438188706903,tp,1,0.0652730196894208,0.0642730196894208,6.42730196894208
long,train,2021-04-03 16:00:00+00:00,2021-04-03 20:00:00+00:00,21.013,22.64615843822177,tp,2,0.0777213362309889,0.0767213362309889,7.6721336230988895
long,train,2021-04-04 04:00:00+00:00,2021-04-04 12:00:00+00:00,22.763,24.848092233517942,tp,3,0.09160006297579143,0.09060006297579143,9.060006297579143
long,train,2021-04-04 20:00:00+00:00,2021-04-07 12:00:00+00:00,24.13,26.46141819245902,tp,17,0.09661907138247088,0.09561907138247087,9.561907138247088
long,train,2021-04-07 20:00:00+00:00,2021-04-11 20:00:00+00:00,26.855,27.877,timeout,25,0.038056227890523125,0.037056227890523125,3.7056227890523123
long,train,2021-04-12 04:00:00+00:00,2021-04-14 08:00:00+00:00,28.957,25.918379493113417,sl,14,-0.1049356116616564,-0.1059356116616564,-10.593561166165639
long,train,2021-04-14 16:00:00+00:00,2021-04-15 20:00:00+00:00,25.775,28.13121210476145,tp,8,0.09141463064059943,0.09041463064059943,9.041463064059943
long,train,2021-04-16 12:00:00+00:00,2021-04-18 00:00:00+00:00,26.097,23.146600535267353,sl,10,-0.11305511992691297,-0.11405511992691297,-11.405511992691297
long,train,2021-04-18 08:00:00+00:00,2021-04-18 16:00:00+00:00,27.261,30.465426333066215,tp,3,0.11754617706856742,0.11654617706856742,11.654617706856742
long,train,2021-04-19 00:00:00+00:00,2021-04-22 00:00:00+00:00,32.328,36.40033409253187,tp,19,0.1259692555225151,0.12496925552251509,12.49692555225151
long,train,2021-04-22 08:00:00+00:00,2021-04-24 20:00:00+00:00,37.774,43.35299665596126,tp,16,0.14769409265529895,0.14669409265529895,14.669409265529895
long,train,2021-04-25 04:00:00+00:00,2021-04-25 20:00:00+00:00,40.999,47.472759634696274,tp,5,0.15790042768595017,0.15690042768595017,15.690042768595017
long,train,2021-04-26 12:00:00+00:00,2021-04-30 12:00:00+00:00,45.478,42.616,timeout,25,-0.06293152733189677,-0.06393152733189678,-6.393152733189678
long,train,2021-05-01 00:00:00+00:00,2021-05-01 12:00:00+00:00,42.808,46.939134751279724,tp,4,0.09650380188936003,0.09550380188936003,9.550380188936003
long,train,2021-05-02 04:00:00+00:00,2021-05-06 04:00:00+00:00,47.464,43.776,timeout,25,-0.07770099443788968,-0.07870099443788968,-7.870099443788968
long,train,2021-05-07 00:00:00+00:00,2021-05-09 00:00:00+00:00,43.477,46.97200343561671,tp,13,0.08038741025408186,0.07938741025408186,7.938741025408186
long,train,2021-05-09 08:00:00+00:00,2021-05-10 20:00:00+00:00,44.726,39.90065401516774,sl,10,-0.10788682164361357,-0.10888682164361357,-10.888682164361358
long,train,2021-05-11 04:00:00+00:00,2021-05-11 20:00:00+00:00,40.394,44.273448362601954,tp,5,0.09604021296732078,0.09504021296732078,9.504021296732077
long,train,2021-05-12 04:00:00+00:00,2021-05-12 20:00:00+00:00,44.458,48.27457323899406,tp,5,0.08584671462940438,0.08484671462940438,8.484671462940439
long,train,2021-05-13 04:00:00+00:00,2021-05-16 12:00:00+00:00,42.627,48.09825803969006,tp,21,0.12835193749712756,0.12735193749712756,12.735193749712757
long,train,2021-05-16 20:00:00+00:00,2021-05-17 04:00:00+00:00,43.531,49.792504101259084,tp,3,0.14384011626792598,0.14284011626792598,14.284011626792598
long,train,2021-05-17 12:00:00+00:00,2021-05-18 16:00:00+00:00,50.188,57.64720290077209,tp,8,0.14862522716131527,0.14762522716131526,14.762522716131526
long,train,2021-05-19 04:00:00+00:00,2021-05-19 08:00:00+00:00,52.08,41.97507998082566,sl,2,-0.19402688208860094,-0.19502688208860094,-19.502688208860093
long,train,2021-05-20 08:00:00+00:00,2021-05-23 04:00:00+00:00,41.705,28.520089751170474,sl,18,-0.3161469907404274,-0.3171469907404274,-31.71469907404274
long,train,2021-05-23 20:00:00+00:00,2021-05-24 16:00:00+00:00,22.923,31.655996508893544,tp,6,0.38097092478704997,0.37997092478704997,37.997092478705
long,train,2021-05-25 04:00:00+00:00,2021-05-26 12:00:00+00:00,29.163,36.78299362627081,tp,9,0.26128977218635974,0.26028977218635974,26.028977218635973
long,train,2021-05-26 20:00:00+00:00,2021-05-30 20:00:00+00:00,33.545,28.589,timeout,25,-0.14774183932031607,-0.14874183932031607,-14.874183932031606
long,train,2021-05-31 04:00:00+00:00,2021-05-31 12:00:00+00:00,28.064,32.42736081088695,tp,3,0.1554789342533834,0.1544789342533834,15.447893425338341
long,train,2021-05-31 20:00:00+00:00,2021-06-03 04:00:00+00:00,31.6,35.9823163296476,tp,15,0.13868089650783547,0.13768089650783547,13.768089650783546
long,train,2021-06-03 16:00:00+00:00,2021-06-05 00:00:00+00:00,38.471,42.18162550168266,tp,9,0.09645253571996215,0.09545253571996215,9.545253571996215
long,train,2021-06-05 08:00:00+00:00,2021-06-08 00:00:00+00:00,41.534,35.50337573217895,sl,17,-0.14519729060097863,-0.14619729060097864,-14.619729060097864
long,train,2021-06-08 08:00:00+00:00,2021-06-08 20:00:00+00:00,36.79,41.7216479926726,tp,4,0.1340485999639196,0.1330485999639196,13.30485999639196
long,train,2021-06-09 04:00:00+00:00,2021-06-13 04:00:00+00:00,40.57,35.742,timeout,25,-0.1190041902883905,-0.1200041902883905,-12.000419028839051
long,train,2021-06-13 12:00:00+00:00,2021-06-13 20:00:00+00:00,35.842,39.323407373283864,tp,3,0.09713206219752986,0.09613206219752986,9.613206219752986
long,train,2021-06-14 04:00:00+00:00,2021-06-15 08:00:00+00:00,37.873,41.51178311090067,tp,8,0.09607855493097128,0.09507855493097128,9.507855493097129
long,train,2021-06-16 00:00:00+00:00,2021-06-18 16:00:00+00:00,39.543,35.44189050254253,sl,17,-0.10371265451426225,-0.10471265451426225,-10.471265451426225
long,train,2021-06-19 00:00:00+00:00,2021-06-20 08:00:00+00:00,36.826,32.85103285350952,sl,9,-0.10793915023327208,-0.10893915023327208,-10.893915023327208
long,train,2021-06-20 16:00:00+00:00,2021-06-21 08:00:00+00:00,33.762,29.694062822837353,sl,5,-0.12048863151361436,-0.12148863151361436,-12.148863151361436
long,train,2021-06-21 16:00:00+00:00,2021-06-22 08:00:00+00:00,29.678,24.759495471545222,sl,5,-0.16572897528319896,-0.16672897528319897,-16.672897528319897
long,train,2021-06-22 16:00:00+00:00,2021-06-23 00:00:00+00:00,25.648,30.92071226667739,tp,3,0.20557986067831377,0.20457986067831377,20.457986067831378
long,train,2021-06-23 16:00:00+00:00,2021-06-27 16:00:00+00:00,29.096,29.926,timeout,25,0.02852625790486659,0.02752625790486659,2.752625790486659
long,train,2021-06-28 00:00:00+00:00,2021-06-29 12:00:00+00:00,31.88,35.64862819757942,tp,10,0.1182129296605841,0.1172129296605841,11.72129296605841
long,train,2021-06-30 04:00:00+00:00,2021-06-30 20:00:00+00:00,32.256,35.535191883445286,tp,5,0.10166145471990594,0.10066145471990594,10.066145471990593
long,train,2021-07-01 04:00:00+00:00,2021-07-05 04:00:00+00:00,33.774,33.978,timeout,25,0.0060401492272162205,0.0050401492272162205,0.5040149227216221
long,train,2021-07-05 20:00:00+00:00,2021-07-07 08:00:00+00:00,33.244,35.574668629635,tp,10,0.07010794819019972,0.06910794819019972,6.910794819019972
long,train,2021-07-07 16:00:00+00:00,2021-07-08 20:00:00+00:00,36.255,33.22426868907146,sl,8,-0.08359485066690234,-0.08459485066690234,-8.459485066690235
long,train,2021-07-09 04:00:00+00:00,2021-07-13 04:00:00+00:00,33.399,30.491,timeout,25,-0.08706847510404507,-0.08806847510404507,-8.806847510404507
long,train,2021-07-14 04:00:00+00:00,2021-07-14 12:00:00+00:00,28.153,30.142086385521083,tp,3,0.07065273276457514,0.06965273276457513,6.965273276457514
long,train,2021-07-16 16:00:00+00:00,2021-07-19 08:00:00+00:00,28.326,25.452863851753808,sl,17,-0.10143105797663605,-0.10243105797663606,-10.243105797663606
long,train,2021-07-20 04:00:00+00:00,2021-07-21 04:00:00+00:00,22.875,24.866458030945893,tp,7,0.08705827457686963,0.08605827457686963,8.605827457686962
long,train,2021-07-21 20:00:00+00:00,2021-07-22 16:00:00+00:00,25.542,27.842929176165462,tp,6,0.09008414283006268,0.08908414283006268,8.908414283006268
long,train,2021-07-23 00:00:00+00:00,2021-07-26 00:00:00+00:00,27.691,29.88890162146981,tp,19,0.07937241780613956,0.07837241780613956,7.837241780613955
long,train,2021-07-26 08:00:00+00:00,2021-07-30 00:00:00+00:00,29.73,32.11026025919935,tp,23,0.0800625717860528,0.0790625717860528,7.90625717860528
long,train,2021-07-30 08:00:00+00:00,2021-07-31 08:00:00+00:00,32.065,34.48034173172245,tp,7,0.07532642232098705,0.07432642232098705,7.432642232098704
long,train,2021-07-31 16:00:00+00:00,2021-07-31 20:00:00+00:00,34.257,36.95805347984458,tp,2,0.07884676065751764,0.07784676065751764,7.784676065751764
long,train,2021-08-01 08:00:00+00:00,2021-08-05 08:00:00+00:00,35.328,36.841,timeout,25,0.042827219202898496,0.041827219202898495,4.18272192028985
long,train,2021-08-05 16:00:00+00:00,2021-08-06 12:00:00+00:00,36.702,39.3752651195048,tp,6,0.07283704210955275,0.07183704210955275,7.183704210955274
long,train,2021-08-06 20:00:00+00:00,2021-08-09 00:00:00+00:00,39.888,36.44777286284456,sl,14,-0.08624717050630364,-0.08724717050630364,-8.724717050630364
long,train,2021-08-09 08:00:00+00:00,2021-08-10 00:00:00+00:00,37.77,40.36979153632109,tp,5,0.06883218258726727,0.06783218258726727,6.783218258726727
long,train,2021-08-10 08:00:00+00:00,2021-08-11 04:00:00+00:00,39.997,42.718979549289415,tp,6,0.06805459282669737,0.06705459282669737,6.705459282669738
long,train,2021-08-11 16:00:00+00:00,2021-08-15 00:00:00+00:00,42.582,45.293387294043676,tp,21,0.06367449377773883,0.06267449377773883,6.267449377773883
long,train,2021-08-15 08:00:00+00:00,2021-08-15 08:00:00+00:00,43.646,46.61418410303848,tp,1,0.06800586773217435,0.06700586773217435,6.7005867732174345
long,train,2021-08-15 16:00:00+00:00,2021-08-15 16:00:00+00:00,48.686,52.143240374558694,tp,1,0.07101097593884677,0.07001097593884677,7.001097593884677
long,train,2021-08-16 00:00:00+00:00,2021-08-16 00:00:00+00:00,53.502,57.6924776699001,tp,1,0.07832375742776153,0.07732375742776153,7.732375742776153
long,train,2021-08-16 08:00:00+00:00,2021-08-16 12:00:00+00:00,61.936,67.46391186843427,tp,2,0.08925199994242874,0.08825199994242874,8.825199994242874
long,train,2021-08-16 20:00:00+00:00,2021-08-17 00:00:00+00:00,62.991,69.63218745442788,tp,2,0.10543073541343809,0.10443073541343809,10.443073541343809
long,train,2021-08-17 08:00:00+00:00,2021-08-17 20:00:00+00:00,74.008,63.38248121475125,sl,4,-0.1435725703335956,-0.1445725703335956,-14.45725703335956
long,train,2021-08-18 08:00:00+00:00,2021-08-18 08:00:00+00:00,67.441,77.54340911204173,tp,1,0.14979625319971124,0.14879625319971124,14.879625319971124
long,train,2021-08-19 04:00:00+00:00,2021-08-21 00:00:00+00:00,69.652,81.08623790763764,tp,12,0.16416237735653874,0.16316237735653874,16.316237735653875
long,train,2021-08-21 08:00:00+00:00,2021-08-25 08:00:00+00:00,78.868,68.19687187762597,sl,25,-0.1353036481510122,-0.1363036481510122,-13.63036481510122
long,train,2021-08-25 16:00:00+00:00,2021-08-27 00:00:00+00:00,71.256,78.51506458613152,tp,9,0.10187302944498029,0.10087302944498029,10.08730294449803
long,train,2021-08-27 08:00:00+00:00,2021-08-28 08:00:00+00:00,81.912,90.81347704829192,tp,7,0.1086712209235754,0.1076712209235754,10.767122092357539
long,train,2021-08-28 20:00:00+00:00,2021-08-30 08:00:00+00:00,93.92,101.91511734162421,tp,10,0.08512688822001925,0.08412688822001925,8.412688822001925
long,train,2021-08-30 16:00:00+00:00,2021-08-30 16:00:00+00:00,105.637,114.53805891443953,tp,1,0.08426080742958936,0.08326080742958936,8.326080742958936
long,train,2021-08-31 00:00:00+00:00,2021-08-31 08:00:00+00:00,110.22,120.56392324765449,tp,3,0.09384796994787233,0.09284796994787232,9.284796994787232
long,train,2021-08-31 16:00:00+00:00,2021-09-02 20:00:00+00:00,116.499,128.96282678769938,tp,14,0.1069865560021922,0.1059865560021922,10.598655600219221
long,train,2021-09-03 08:00:00+00:00,2021-09-06 16:00:00+00:00,144.662,159.12000387011392,tp,21,0.09994334289664122,0.09894334289664122,9.894334289664123
long,train,2021-09-07 00:00:00+00:00,2021-09-07 04:00:00+00:00,164.213,178.10876882800557,tp,2,0.08462039441460525,0.08362039441460525,8.362039441460526
long,train,2021-09-07 16:00:00+00:00,2021-09-07 16:00:00+00:00,168.744,186.535426426796,tp,1,0.10543442390127053,0.10443442390127053,10.443442390127053
long,train,2021-09-08 00:00:00+00:00,2021-09-08 20:00:00+00:00,173.476,195.60845441902308,tp,6,0.12758222704594915,0.12658222704594915,12.658222704594916
long,train,2021-09-09 20:00:00+00:00,2021-09-13 20:00:00+00:00,184.932,169.637,timeout,25,-0.08270607574676091,-0.08370607574676091,-8.370607574676091
long,train,2021-09-14 04:00:00+00:00,2021-09-17 08:00:00+00:00,167.416,138.95071604574693,sl,20,-0.170027261159346,-0.171027261159346,-17.1027261159346
long,train,2021-09-17 16:00:00+00:00,2021-09-18 08:00:00+00:00,144.605,162.2368375547061,tp,5,0.1219310366495358,0.1209310366495358,12.093103664953581
long,train,2021-09-18 16:00:00+00:00,2021-09-20 04:00:00+00:00,163.63,142.53890782154545,sl,10,-0.12889502034134662,-0.12989502034134662,-12.989502034134661
long,train,2021-09-20 12:00:00+00:00,2021-09-21 20:00:00+00:00,137.471,116.61416553833284,sl,9,-0.15171806753182243,-0.15271806753182243,-15.271806753182243
long,train,2021-09-22 04:00:00+00:00,2021-09-22 16:00:00+00:00,128.903,148.48176391625705,tp,4,0.15188757372797423,0.15088757372797423,15.088757372797424
long,train,2021-09-23 00:00:00+00:00,2021-09-27 00:00:00+00:00,148.067,139.261,timeout,25,-0.0594730763775859,-0.0604730763775859,-6.04730763775859
long,train,2021-09-27 08:00:00+00:00,2021-10-01 08:00:00+00:00,138.238,152.68513263519873,tp,25,0.10450912654406695,0.10350912654406695,10.350912654406695
long,train,2021-10-01 16:00:00+00:00,2021-10-02 12:00:00+00:00,157.507,169.97989751434616,tp,6,0.07918948055861745,0.07818948055861745,7.818948055861745
long,train,2021-10-03 00:00:00+00:00,2021-10-06 08:00:00+00:00,168.92,152.68022386852158,sl,21,-0.09613885940965196,-0.09713885940965196,-9.713885940965197
long,train,2021-10-06 16:00:00+00:00,2021-10-10 16:00:00+00:00,160.725,153.481,timeout,25,-0.045070773059573806,-0.04607077305957381,-4.607077305957381
long,train,2021-10-11 04:00:00+00:00,2021-10-12 12:00:00+00:00,151.45,138.92209117804993,sl,9,-0.08271976772499218,-0.08371976772499218,-8.371976772499218
long,train,2021-10-13 20:00:00+00:00,2021-10-14 08:00:00+00:00,144.938,155.16702328131225,tp,4,0.07057516511413339,0.06957516511413339,6.957516511413339
long,train,2021-10-14 20:00:00+00:00,2021-10-15 04:00:00+00:00,150.082,160.35611826856893,tp,3,0.06845669879511827,0.06745669879511827,6.745669879511827
long,train,2021-10-15 12:00:00+00:00,2021-10-19 12:00:00+00:00,157.755,155.524,timeout,25,-0.01414218249817752,-0.01514218249817752,-1.514218249817752
long,train,2021-10-20 04:00:00+00:00,2021-10-20 12:00:00+00:00,155.787,163.53294783009065,tp,3,0.049721400566739474,0.04872140056673947,4.872140056673947
long,train,2021-10-20 20:00:00+00:00,2021-10-21 00:00:00+00:00,173.04,182.10353243375724,tp,2,0.0523782503106637,0.051378250310663696,5.137825031066369
long,train,2021-10-21 08:00:00+00:00,2021-10-22 00:00:00+00:00,186.97,198.12740625253815,tp,5,0.05967484758270392,0.05867484758270392,5.867484758270392
long,train,2021-10-22 08:00:00+00:00,2021-10-25 12:00:00+00:00,203.208,218.18191699892364,tp,20,0.07368763532402091,0.07268763532402091,7.268763532402091
long,train,2021-10-25 20:00:00+00:00,2021-10-27 08:00:00+00:00,210.441,189.78707388068455,sl,10,-0.09814592270192338,-0.09914592270192338,-9.914592270192339
long,train,2021-10-27 16:00:00+00:00,2021-10-29 20:00:00+00:00,188.976,205.84160383315142,tp,14,0.08924733211175719,0.08824733211175718,8.824733211175719
long,train,2021-10-31 08:00:00+00:00,2021-10-31 20:00:00+00:00,190.733,203.74867257478763,tp,4,0.06824027606542983,0.06724027606542983,6.724027606542983
long,train,2021-11-01 04:00:00+00:00,2021-11-02 16:00:00+00:00,200.89,215.87603676167413,tp,10,0.07459822172170912,0.07359822172170911,7.359822172170912
long,train,2021-11-03 04:00:00+00:00,2021-11-03 20:00:00+00:00,229.6,245.2086050773552,tp,5,0.06798172943098958,0.06698172943098958,6.6981729430989585
long,train,2021-11-04 04:00:00+00:00,2021-11-06 20:00:00+00:00,238.089,255.84479233817646,tp,17,0.07457628171892218,0.07357628171892218,7.357628171892218
long,train,2021-11-07 04:00:00+00:00,2021-11-10 20:00:00+00:00,254.256,232.97467101811193,sl,23,-0.08370040031263005,-0.08470040031263006,-8.470040031263006
long,train,2021-11-11 04:00:00+00:00,2021-11-15 04:00:00+00:00,239.029,241.244,timeout,25,0.009266658020574924,0.008266658020574923,0.8266658020574923
long,train,2021-11-15 12:00:00+00:00,2021-11-16 00:00:00+00:00,242.934,228.26544837576432,sl,4,-0.0603808097023705,-0.061380809702370503,-6.13808097023705
long,train,2021-11-16 12:00:00+00:00,2021-11-18 12:00:00+00:00,224.897,207.0526056944511,sl,13,-0.07934474139516708,-0.08034474139516708,-8.034474139516707
long,train,2021-11-18 20:00:00+00:00,2021-11-19 16:00:00+00:00,200.322,217.33842098616668,tp,6,0.08494534292871816,0.08394534292871816,8.394534292871816
long,train,2021-11-20 04:00:00+00:00,2021-11-21 16:00:00+00:00,215.026,232.6994461570755,tp,10,0.08219213563511152,0.08119213563511152,8.119213563511153
long,train,2021-11-22 00:00:00+00:00,2021-11-24 12:00:00+00:00,230.531,210.1386989823941,sl,16,-0.08845795583937048,-0.08945795583937048,-8.945795583937048
long,train,2021-11-25 04:00:00+00:00,2021-11-26 08:00:00+00:00,210.874,190.66261532583917,sl,8,-0.0958457878835742,-0.0968457878835742,-9.68457878835742
long,train,2021-11-26 16:00:00+00:00,2021-11-29 12:00:00+00:00,192.662,209.77657925323558,tp,18,0.08883214776777763,0.08783214776777763,8.783214776777763
long,train,2021-11-30 08:00:00+00:00,2021-11-30 12:00:00+00:00,201.819,214.97977631030759,tp,2,0.0652107894217472,0.0642107894217472,6.42107894217472
long,train,2021-11-30 20:00:00+00:00,2021-12-01 12:00:00+00:00,215.431,229.5927425487412,tp,5,0.06573679066030974,0.06473679066030974,6.473679066030974
long,train,2021-12-02 04:00:00+00:00,2021-12-02 20:00:00+00:00,224.238,241.05035087620342,tp,5,0.07497547639652255,0.07397547639652255,7.397547639652255
long,train,2021-12-03 12:00:00+00:00,2021-12-03 16:00:00+00:00,237.611,215.96986726748906,sl,2,-0.09107799189646493,-0.09207799189646493,-9.207799189646494
long,train,2021-12-04 00:00:00+00:00,2021-12-04 04:00:00+00:00,211.615,186.60576125607633,sl,2,-0.11818273158293917,-0.11918273158293917,-11.918273158293918
long,train,2021-12-04 12:00:00+00:00,2021-12-08 12:00:00+00:00,188.289,192.485,timeout,25,0.02228489184179653,0.02128489184179653,2.128489184179653
long,train,2021-12-09 04:00:00+00:00,2021-12-10 20:00:00+00:00,189.202,168.43366023970503,sl,11,-0.10976807729461086,-0.11076807729461086,-11.076807729461086
long,train,2021-12-11 04:00:00+00:00,2021-12-13 16:00:00+00:00,170.134,151.66868066765244,sl,16,-0.10853397517455388,-0.10953397517455388,-10.953397517455388
long,train,2021-12-14 00:00:00+00:00,2021-12-15 08:00:00+00:00,155.194,168.48160966314325,tp,9,0.0856193516704464,0.0846193516704464,8.46193516704464
long,train,2021-12-15 16:00:00+00:00,2021-12-15 16:00:00+00:00,157.625,170.69156930550267,tp,1,0.08289655388106372,0.08189655388106372,8.189655388106372
long,train,2021-12-16 00:00:00+00:00,2021-12-20 00:00:00+00:00,178.44,178.338,timeout,25,-0.0005716207128446753,-0.0015716207128446754,-0.15716207128446755
long,train,2021-12-20 12:00:00+00:00,2021-12-22 04:00:00+00:00,172.56,183.69991453509195,tp,11,0.06455676017090836,0.06355676017090836,6.355676017090836
long,train,2021-12-22 12:00:00+00:00,2021-12-24 16:00:00+00:00,185.557,196.19638190558186,tp,14,0.057337539977375535,0.056337539977375534,5.6337539977375535
long,train,2021-12-25 00:00:00+00:00,2021-12-27 04:00:00+00:00,190.37,201.79111461056735,tp,14,0.059994298526907304,0.0589942985269073,5.89942985269073
long,train,2021-12-28 00:00:00+00:00,2021-12-28 16:00:00+00:00,195.702,183.62127281255977,sl,5,-0.061730218329093374,-0.06273021832909337,-6.273021832909337
long,train,2021-12-29 16:00:00+00:00,2022-01-02 16:00:00+00:00,176.419,175.376,timeout,25,-0.005912061626015374,-0.006912061626015374,-0.6912061626015373
long,train,2022-01-04 20:00:00+00:00,2022-01-05 16:00:00+00:00,168.607,159.35253988380765,sl,6,-0.05488775742520979,-0.055887757425209794,-5.58877574252098
long,train,2022-01-06 00:00:00+00:00,2022-01-07 00:00:00+00:00,154.48,142.88688475454512,sl,7,-0.07504605933101287,-0.07604605933101287,-7.604605933101287
long,train,2022-01-07 08:00:00+00:00,2022-01-11 08:00:00+00:00,138.935,135.421,timeout,25,-0.02529240292222989,-0.026292402922229893,-2.629240292222989
long,train,2022-01-12 04:00:00+00:00,2022-01-12 16:00:00+00:00,140.102,149.85558962446422,tp,4,0.06961777579523641,0.06861777579523641,6.861777579523641
long,train,2022-01-13 16:00:00+00:00,2022-01-14 08:00:00+00:00,154.91,143.19007891459466,sl,5,-0.07565632357759558,-0.07665632357759558,-7.665632357759558
long,train,2022-01-14 16:00:00+00:00,2022-01-18 12:00:00+00:00,147.35,135.01760003613447,sl,24,-0.08369460443749933,-0.08469460443749934,-8.469460443749934
long,train,2022-01-21 00:00:00+00:00,2022-01-21 12:00:00+00:00,127.47,116.51235735110704,sl,4,-0.08596252176114347,-0.08696252176114347,-8.696252176114347
long,train,2022-01-22 00:00:00+00:00,2022-01-22 08:00:00+00:00,112.204,97.9358165974689,sl,3,-0.12716287656884864,-0.12816287656884864,-12.816287656884864
long,train,2022-01-23 00:00:00+00:00,2022-01-27 00:00:00+00:00,94.609,86.833,timeout,25,-0.08219091206967621,-0.08319091206967621,-8.319091206967622
long,train,2022-01-27 08:00:00+00:00,2022-01-31 08:00:00+00:00,88.833,91.365,timeout,25,0.028502921211711826,0.027502921211711825,2.7502921211711824
long,train,2022-01-31 16:00:00+00:00,2022-02-01 00:00:00+00:00,95.398,102.92275453466753,tp,3,0.07887748731281093,0.07787748731281093,7.787748731281092
long,train,2022-02-01 08:00:00+00:00,2022-02-01 16:00:00+00:00,105.427,113.55665140214077,tp,3,0.07711166401529747,0.07611166401529747,7.611166401529747
long,train,2022-02-02 04:00:00+00:00,2022-02-02 20:00:00+00:00,110.632,99.83485138341015,sl,5,-0.09759516791335103,-0.09859516791335103,-9.859516791335103
long,train,2022-02-03 04:00:00+00:00,2022-02-04 12:00:00+00:00,97.384,107.96117699649949,tp,9,0.10861308835639827,0.10761308835639827,10.761308835639827
long,train,2022-02-05 12:00:00+00:00,2022-02-09 12:00:00+00:00,114.977,113.172,timeout,25,-0.01569879193229956,-0.01669879193229956,-1.6698791932299561
long,train,2022-02-10 00:00:00+00:00,2022-02-11 00:00:00+00:00,113.953,104.4618536839607,sl,7,-0.08329000830201316,-0.08429000830201316,-8.429000830201316
long,train,2022-02-11 20:00:00+00:00,2022-02-15 20:00:00+00:00,99.705,105.513,timeout,25,0.058251842936663224,0.05725184293666322,5.725184293666322
long,train,2022-02-16 08:00:00+00:00,2022-02-17 08:00:00+00:00,104.247,95.64900037312619,sl,7,-0.08247719000905364,-0.08347719000905364,-8.347719000905364
long,train,2022-02-18 08:00:00+00:00,2022-02-20 04:00:00+00:00,95.207,86.66470316667214,sl,12,-0.08972341144377886,-0.09072341144377886,-9.072341144377887
long,train,2022-02-20 12:00:00+00:00,2022-02-21 04:00:00+00:00,89.182,95.49320553457778,tp,5,0.07076770575427531,0.06976770575427531,6.976770575427531
long,train,2022-02-21 12:00:00+00:00,2022-02-24 00:00:00+00:00,89.106,80.02732152181258,sl,16,-0.10188627565133003,-0.10288627565133003,-10.288627565133003
long,train,2022-02-24 08:00:00+00:00,2022-02-24 16:00:00+00:00,82.154,91.13983625902506,tp,3,0.10937795188335399,0.10837795188335399,10.837795188335399
long,train,2022-02-25 00:00:00+00:00,2022-02-28 20:00:00+00:00,89.322,99.52468839530442,tp,24,0.11422368951998858,0.11322368951998858,11.322368951998858
long,train,2022-03-01 04:00:00+00:00,2022-03-02 08:00:00+00:00,97.284,105.95103665556822,tp,8,0.08909005237827608,0.08809005237827608,8.809005237827607
long,train,2022-03-02 16:00:00+00:00,2022-03-04 16:00:00+00:00,101.639,90.3913511309379,sl,13,-0.11066272660162034,-0.11166272660162034,-11.166272660162035
long,train,2022-03-05 00:00:00+00:00,2022-03-09 00:00:00+00:00,88.333,88.162,timeout,25,-0.0019358563617220322,-0.0029358563617220322,-0.29358563617220323
long,train,2022-03-09 08:00:00+00:00,2022-03-10 12:00:00+00:00,89.238,81.3875353881115,sl,8,-0.08797221600538445,-0.08897221600538445,-8.897221600538446
long,train,2022-03-15 16:00:00+00:00,2022-03-15 16:00:00+00:00,81.044,84.83423447618428,tp,1,0.0467676135948902,0.0457676135948902,4.57676135948902
long,train,2022-03-16 04:00:00+00:00,2022-03-16 20:00:00+00:00,82.356,86.97498948402946,tp,5,0.05608564626778219,0.05508564626778219,5.5085646267782185
long,train,2022-03-17 04:00:00+00:00,2022-03-19 12:00:00+00:00,87.969,92.64367036407273,tp,15,0.053139973900723426,0.052139973900723426,5.213997390072342
long,train,2022-03-19 20:00:00+00:00,2022-03-23 20:00:00+00:00,92.651,94.863,timeout,25,0.023874539940205754,0.022874539940205753,2.2874539940205754
long,train,2022-03-24 04:00:00+00:00,2022-03-24 08:00:00+00:00,94.654,99.73790285621894,tp,2,0.05371038578632643,0.052710385786326426,5.271038578632643
long,train,2022-03-25 08:00:00+00:00,2022-03-28 04:00:00+00:00,102.89,108.54333124801356,tp,18,0.0549453906892172,0.0539453906892172,5.39453906892172
long,train,2022-03-28 12:00:00+00:00,2022-03-30 12:00:00+00:00,110.041,116.07049457455669,tp,13,0.054793164134792426,0.053793164134792425,5.379316413479242
long,train,2022-03-30 20:00:00+00:00,2022-04-01 12:00:00+00:00,121.17,130.2775428931716,tp,11,0.07516334813214172,0.07416334813214172,7.4163348132141715
long,train,2022-04-01 20:00:00+00:00,2022-04-05 20:00:00+00:00,137.383,126.813,timeout,25,-0.07693819468202039,-0.07793819468202039,-7.793819468202039
long,train,2022-04-06 12:00:00+00:00,2022-04-08 20:00:00+00:00,121.623,108.88766616734499,sl,15,-0.1047115581152826,-0.1057115581152826,-10.57115581152826
long,train,2022-04-09 04:00:00+00:00,2022-04-13 04:00:00+00:00,109.444,103.937,timeout,25,-0.05031797083439937,-0.05131797083439937,-5.131797083439937
long,train,2022-04-13 12:00:00+00:00,2022-04-17 12:00:00+00:00,101.037,105.095,timeout,25,0.04016350445876256,0.03916350445876256,3.916350445876256
long,train,2022-04-18 08:00:00+00:00,2022-04-18 16:00:00+00:00,96.437,101.80510038224942,tp,3,0.05566432367503576,0.05466432367503576,5.466432367503575
long,train,2022-04-19 00:00:00+00:00,2022-04-19 12:00:00+00:00,102.37,107.89440324389385,tp,4,0.05396506050497063,0.05296506050497063,5.296506050497063
long,train,2022-04-19 20:00:00+00:00,2022-04-22 12:00:00+00:00,106.881,99.84923268942285,sl,17,-0.06579062050857638,-0.06679062050857638,-6.679062050857638
long,train,2022-04-22 20:00:00+00:00,2022-04-26 20:00:00+00:00,100.912,95.721,timeout,25,-0.051440859362612994,-0.052440859362612995,-5.2440859362613
long,train,2022-04-27 16:00:00+00:00,2022-04-30 12:00:00+00:00,98.183,91.74143386109522,sl,18,-0.06560775428439536,-0.06660775428439536,-6.6607754284395355
long,train,2022-05-01 00:00:00+00:00,2022-05-01 12:00:00+00:00,84.654,90.14325552874358,tp,4,0.06484342770269076,0.06384342770269076,6.384342770269076
long,train,2022-05-04 08:00:00+00:00,2022-05-04 16:00:00+00:00,87.342,92.12189851730135,tp,3,0.054726231564440335,0.053726231564440334,5.372623156444034
long,train,2022-05-05 00:00:00+00:00,2022-05-05 12:00:00+00:00,92.8,86.49581367292782,sl,4,-0.06793304231758808,-0.06893304231758808,-6.893304231758808
long,train,2022-05-05 20:00:00+00:00,2022-05-08 00:00:00+00:00,83.771,76.29510477416848,sl,14,-0.08924204349752923,-0.09024204349752923,-9.024204349752923
long,train,2022-05-09 20:00:00+00:00,2022-05-10 04:00:00+00:00,65.183,71.48098046060625,tp,3,0.0966199846678772,0.0956199846678772,9.56199846678772
long,train,2022-05-10 12:00:00+00:00,2022-05-11 04:00:00+00:00,71.556,61.60490781395204,sl,5,-0.1390671947292744,-0.1400671947292744,-14.00671947292744
long,train,2022-05-11 20:00:00+00:00,2022-05-15 20:00:00+00:00,47.979,59.15491753789906,tp,25,0.23293352378955504,0.23193352378955504,23.193352378955503
long,train,2022-05-16 04:00:00+00:00,2022-05-20 04:00:00+00:00,56.079,52.1,timeout,25,-0.07095347634586921,-0.07195347634586921,-7.195347634586921
long,train,2022-05-20 16:00:00+00:00,2022-05-24 16:00:00+00:00,49.414,49.112,timeout,25,-0.006111628283482406,-0.007111628283482406,-0.7111628283482406
long,train,2022-05-26 12:00:00+00:00,2022-05-30 12:00:00+00:00,43.68,45.868,timeout,25,0.05009157509157515,0.04909157509157515,4.909157509157515
long,train,2022-05-31 00:00:00+00:00,2022-06-01 16:00:00+00:00,47.261,42.71405830321176,sl,11,-0.09620917239982744,-0.09720917239982745,-9.720917239982745
long,train,2022-06-02 00:00:00+00:00,2022-06-04 00:00:00+00:00,40.13,35.766246825330725,sl,13,-0.1087404229920079,-0.1097404229920079,-10.97404229920079
long,train,2022-06-04 08:00:00+00:00,2022-06-06 00:00:00+00:00,37.34,40.48617022410613,tp,11,0.0842573707580645,0.0832573707580645,8.32573707580645
long,train,2022-06-06 08:00:00+00:00,2022-06-07 00:00:00+00:00,43.04,38.83596893222742,sl,5,-0.09767730176051523,-0.09867730176051523,-9.867730176051523
long,train,2022-06-07 08:00:00+00:00,2022-06-11 08:00:00+00:00,39.31,35.47,timeout,25,-0.09768506741287213,-0.09868506741287213,-9.868506741287213
long,train,2022-06-11 16:00:00+00:00,2022-06-13 00:00:00+00:00,33.77,29.680331844525316,sl,9,-0.12110358766581837,-0.12210358766581837,-12.210358766581837
long,train,2022-06-13 08:00:00+00:00,2022-06-14 04:00:00+00:00,27.56,31.550677733872853,tp,6,0.144799627499015,0.143799627499015,14.379962749901502
long,train,2022-06-14 12:00:00+00:00,2022-06-15 20:00:00+00:00,29.1,33.765689314392226,tp,9,0.160332966130317,0.159332966130317,15.9332966130317
long,train,2022-06-16 04:00:00+00:00,2022-06-18 20:00:00+00:00,33.78,27.502148943973427,sl,17,-0.18584520592144976,-0.18684520592144976,-18.684520592144978
long,train,2022-06-19 04:00:00+00:00,2022-06-19 20:00:00+00:00,30.18,34.74396894140201,tp,5,0.15122494835659409,0.15022494835659408,15.022494835659408
long,train,2022-06-20 04:00:00+00:00,2022-06-20 12:00:00+00:00,32.28,37.06354028483026,tp,3,0.1481889803231183,0.1471889803231183,14.71889803231183
long,train,2022-06-20 20:00:00+00:00,2022-06-24 00:00:00+00:00,34.45,39.369447992373935,tp,20,0.14279965144771936,0.14179965144771936,14.179965144771936
long,train,2022-06-24 08:00:00+00:00,2022-06-24 20:00:00+00:00,38.34,42.22700726382524,tp,4,0.10138255774192069,0.10038255774192069,10.038255774192068
long,train,2022-06-25 04:00:00+00:00,2022-06-28 16:00:00+00:00,41.39,36.563633177378975,sl,22,-0.11660707471903903,-0.11760707471903903,-11.760707471903903
long,train,2022-06-29 00:00:00+00:00,2022-06-30 12:00:00+00:00,35.34,31.145611031974408,sl,10,-0.1186867280143066,-0.1196867280143066,-11.96867280143066
long,train,2022-06-30 20:00:00+00:00,2022-07-01 00:00:00+00:00,32.03,35.086510427077584,tp,2,0.09542648851319335,0.09442648851319335,9.442648851319335
long,train,2022-07-01 08:00:00+00:00,2022-07-04 20:00:00+00:00,33.15,36.36023812255446,tp,22,0.09683976236966711,0.09583976236966711,9.583976236966711
long,train,2022-07-05 04:00:00+00:00,2022-07-07 12:00:00+00:00,35.85,38.43558572827101,tp,15,0.07212233551662499,0.07112233551662499,7.112233551662499
long,train,2022-07-08 08:00:00+00:00,2022-07-11 20:00:00+00:00,37.5,34.305262061686996,sl,22,-0.08519301168834678,-0.08619301168834678,-8.619301168834678
long,train,2022-07-12 04:00:00+00:00,2022-07-14 16:00:00+00:00,33.61,35.70624209194763,tp,16,0.06236959511894169,0.06136959511894169,6.136959511894169
long,train,2022-07-15 00:00:00+00:00,2022-07-16 16:00:00+00:00,37.14,39.47364088227795,tp,11,0.06283362634027861,0.061833626340278613,6.183362634027861
long,train,2022-07-17 00:00:00+00:00,2022-07-18 04:00:00+00:00,39.59,42.08849641292348,tp,8,0.06310928044767566,0.06210928044767566,6.2109280447675665
long,train,2022-07-18 12:00:00+00:00,2022-07-19 00:00:00+00:00,41.63,44.37150770793637,tp,4,0.06585413663070776,0.06485413663070776,6.4854136630707755
long,train,2022-07-19 08:00:00+00:00,2022-07-19 12:00:00+00:00,43.46,47.00057018913774,tp,2,0.08146733062903219,0.08046733062903219,8.046733062903218
long,train,2022-07-19 20:00:00+00:00,2022-07-21 00:00:00+00:00,45.41,40.753853541574514,sl,8,-0.10253570707829734,-0.10353570707829735,-10.353570707829734
long,train,2022-07-21 08:00:00+00:00,2022-07-25 08:00:00+00:00,41.05,38.87,timeout,25,-0.05310596833130329,-0.05410596833130329,-5.410596833130329
long,train,2022-07-25 20:00:00+00:00,2022-07-28 12:00:00+00:00,37.95,40.910154405254715,tp,17,0.07800143360354973,0.07700143360354973,7.700143360354973
long,train,2022-07-28 20:00:00+00:00,2022-07-30 12:00:00+00:00,42.13,45.1786974412105,tp,11,0.07236405034916923,0.07136405034916923,7.1364050349169235
long,train,2022-07-30 20:00:00+00:00,2022-08-01 16:00:00+00:00,45.06,40.787194238060984,sl,12,-0.09482480607942784,-0.09582480607942784,-9.582480607942784
long,train,2022-08-03 04:00:00+00:00,2022-08-07 04:00:00+00:00,38.56,39.98,timeout,25,0.03682572614107869,0.03582572614107869,3.5825726141078693
long,train,2022-08-07 12:00:00+00:00,2022-08-08 04:00:00+00:00,40.14,42.13948615240983,tp,5,0.04981280897881987,0.04881280897881987,4.881280897881987
long,train,2022-08-09 00:00:00+00:00,2022-08-10 00:00:00+00:00,42.18,39.67832905345619,sl,7,-0.059309410776287604,-0.060309410776287604,-6.030941077628761
long,train,2022-08-10 12:00:00+00:00,2022-08-10 12:00:00+00:00,40.05,41.976539795668316,tp,1,0.04810336568460222,0.047103365684602216,4.710336568460222
long,train,2022-08-10 20:00:00+00:00,2022-08-11 00:00:00+00:00,41.33,43.51308788504054,tp,2,0.05282090213018492,0.05182090213018492,5.182090213018492
long,train,2022-08-11 08:00:00+00:00,2022-08-13 00:00:00+00:00,44.53,46.87841985547889,tp,11,0.05273792624026246,0.05173792624026246,5.1737926240262455
long,train,2022-08-13 08:00:00+00:00,2022-08-15 04:00:00+00:00,47.17,43.803886190504116,sl,12,-0.07136132731600352,-0.07236132731600352,-7.236132731600351
long,train,2022-08-15 16:00:00+00:00,2022-08-17 12:00:00+00:00,44.51,40.79516932482252,sl,12,-0.08346058582739792,-0.08446058582739792,-8.446058582739791
long,train,2022-08-18 00:00:00+00:00,2022-08-19 04:00:00+00:00,40.54,37.19763139294865,sl,8,-0.08244619158982112,-0.08344619158982113,-8.344619158982113
long,train,2022-08-20 20:00:00+00:00,2022-08-24 20:00:00+00:00,34.44,34.9,timeout,25,0.013356562137049968,0.012356562137049967,1.2356562137049967
long,train,2022-08-25 08:00:00+00:00,2022-08-26 08:00:00+00:00,36.27,33.86465303802397,sl,7,-0.06631780981461362,-0.06731780981461362,-6.731780981461362
long,train,2022-08-30 00:00:00+00:00,2022-09-03 00:00:00+00:00,32.43,30.95,timeout,25,-0.0456367560900401,-0.0466367560900401,-4.66367560900401
long,train,2022-09-04 16:00:00+00:00,2022-09-06 00:00:00+00:00,31.82,33.16417502233209,tp,9,0.0422430868111907,0.041243086811190696,4.12430868111907
long,train,2022-09-06 20:00:00+00:00,2022-09-07 20:00:00+00:00,31.02,32.807673549591996,tp,7,0.057629708239587255,0.056629708239587254,5.662970823958726
long,train,2022-09-08 04:00:00+00:00,2022-09-09 00:00:00+00:00,32.45,34.097015950307544,tp,6,0.05075549923906134,0.04975549923906134,4.975549923906134
long,train,2022-09-09 20:00:00+00:00,2022-09-12 08:00:00+00:00,34.79,36.551160629171456,tp,16,0.0506226107838878,0.0496226107838878,4.96226107838878
long,train,2022-09-12 16:00:00+00:00,2022-09-13 12:00:00+00:00,37.13,34.44919344024869,sl,6,-0.07220055372343955,-0.07320055372343955,-7.320055372343955
long,train,2022-09-13 20:00:00+00:00,2022-09-17 20:00:00+00:00,34.08,33.7,timeout,25,-0.011150234741783905,-0.012150234741783904,-1.2150234741783905
long,train,2022-09-19 00:00:00+00:00,2022-09-19 16:00:00+00:00,31.1,32.91570060682387,tp,5,0.058382656167970004,0.05738265616797,5.738265616797
long,train,2022-09-20 04:00:00+00:00,2022-09-21 20:00:00+00:00,32.45,30.0965910525776,sl,11,-0.07252415862626815,-0.07352415862626815,-7.352415862626815
long,train,2022-09-22 20:00:00+00:00,2022-09-24 00:00:00+00:00,32.46,34.45491267653148,tp,8,0.061457568593083094,0.06045756859308309,6.045756859308309
long,train,2022-09-24 08:00:00+00:00,2022-09-28 08:00:00+00:00,33.73,32.49,timeout,25,-0.0367625259412984,-0.0377625259412984,-3.77625259412984
long,train,2022-09-28 20:00:00+00:00,2022-10-02 20:00:00+00:00,33.59,32.05,timeout,25,-0.04584697826734165,-0.04684697826734165,-4.6846978267341655
long,train,2022-10-03 12:00:00+00:00,2022-10-04 08:00:00+00:00,32.51,33.85328894341631,tp,6,0.04131925387315631,0.04031925387315631,4.031925387315631
long,train,2022-10-04 16:00:00+00:00,2022-10-07 12:00:00+00:00,34.18,32.55743329898854,sl,18,-0.04747123174404499,-0.04847123174404499,-4.847123174404499
long,train,2022-10-07 20:00:00+00:00,2022-10-11 00:00:00+00:00,32.96,31.55841373109628,sl,20,-0.04252385524586531,-0.04352385524586531,-4.352385524586531
long,train,2022-10-12 00:00:00+00:00,2022-10-13 04:00:00+00:00,30.8,29.50004540316807,sl,8,-0.0422063180789588,-0.0432063180789588,-4.32063180789588
long,train,2022-10-13 12:00:00+00:00,2022-10-13 16:00:00+00:00,28.8,30.080558236818625,tp,2,0.04446382766731335,0.04346382766731335,4.346382766731335
long,train,2022-10-17 16:00:00+00:00,2022-10-19 16:00:00+00:00,30.95,29.545573440438766,sl,13,-0.04537727171441789,-0.04637727171441789,-4.637727171441789
long,train,2022-10-20 00:00:00+00:00,2022-10-21 08:00:00+00:00,28.86,27.41594748454207,sl,9,-0.050036469697086965,-0.051036469697086966,-5.103646969708697
long,train,2022-10-23 20:00:00+00:00,2022-10-25 16:00:00+00:00,28.82,29.949962194668046,tp,12,0.03920757094615011,0.038207570946150106,3.8207570946150105
long,train,2022-10-26 00:00:00+00:00,2022-10-28 20:00:00+00:00,30.87,32.424384393902,tp,18,0.05035258807586658,0.04935258807586658,4.935258807586658
long,train,2022-10-29 12:00:00+00:00,2022-11-02 12:00:00+00:00,32.99,31.33,timeout,25,-0.05031827826614137,-0.05131827826614137,-5.131827826614137
long,train,2022-11-02 20:00:00+00:00,2022-11-04 04:00:00+00:00,30.91,32.547866549437536,tp,9,0.05298824165116584,0.05198824165116584,5.1988241651165845
long,train,2022-11-04 16:00:00+00:00,2022-11-05 00:00:00+00:00,33.11,34.930563554863575,tp,3,0.05498530821092043,0.05398530821092043,5.398530821092043
long,train,2022-11-05 08:00:00+00:00,2022-11-05 12:00:00+00:00,35.24,37.12177258669457,tp,2,0.0533987680673827,0.0523987680673827,5.239876806738271
long,train,2022-11-05 20:00:00+00:00,2022-11-06 16:00:00+00:00,37.07,33.916750012314154,sl,6,-0.08506204444795917,-0.08606204444795917,-8.606204444795917
long,train,2022-11-07 04:00:00+00:00,2022-11-07 20:00:00+00:00,32.45,29.370187511609917,sl,5,-0.09490947575932468,-0.09590947575932468,-9.590947575932468
long,train,2022-11-08 04:00:00+00:00,2022-11-09 00:00:00+00:00,26.46,22.192604411178372,sl,5,-0.16127723313762768,-0.16227723313762768,-16.22772331376277
long,train,2022-11-09 08:00:00+00:00,2022-11-09 20:00:00+00:00,19.29,13.762883908824588,sl,3,-0.2865275319427378,-0.2875275319427378,-28.75275319427378
long,train,2022-11-10 04:00:00+00:00,2022-11-14 04:00:00+00:00,15.27,14.55,timeout,25,-0.04715127701375238,-0.04815127701375238,-4.815127701375238
long,train,2022-11-14 12:00:00+00:00,2022-11-18 12:00:00+00:00,14.23,13.36,timeout,25,-0.06113843991567119,-0.06213843991567119,-6.213843991567119
long,train,2022-11-19 04:00:00+00:00,2022-11-21 16:00:00+00:00,12.89,11.346295588987157,sl,16,-0.11975984569533306,-0.12075984569533306,-12.075984569533306
long,train,2022-11-22 00:00:00+00:00,2022-11-23 00:00:00+00:00,11.84,12.90732926604178,tp,7,0.09014605287515032,0.08914605287515032,8.914605287515032
long,train,2022-11-23 08:00:00+00:00,2022-11-23 16:00:00+00:00,13.12,14.303233242659756,tp,3,0.09018546056857903,0.08918546056857903,8.918546056857902
long,train,2022-11-24 00:00:00+00:00,2022-11-28 00:00:00+00:00,14.36,13.09,timeout,25,-0.08844011142061278,-0.08944011142061278,-8.944011142061278
long,train,2022-11-28 08:00:00+00:00,2022-12-02 08:00:00+00:00,13.43,13.6,timeout,25,0.01265822784810126,0.01165822784810126,1.165822784810126
long,train,2022-12-02 16:00:00+00:00,2022-12-06 00:00:00+00:00,13.53,14.239764817903252,tp,21,0.052458597036456216,0.051458597036456215,5.1458597036456215
long,train,2022-12-06 12:00:00+00:00,2022-12-10 12:00:00+00:00,14.01,13.64,timeout,25,-0.02640970735189145,-0.027409707351891452,-2.740970735189145
long,train,2022-12-12 04:00:00+00:00,2022-12-12 20:00:00+00:00,12.95,13.37881078716896,tp,5,0.03311280209798931,0.03211280209798931,3.2112802097989306
long,train,2022-12-13 04:00:00+00:00,2022-12-13 12:00:00+00:00,13.08,13.50208482525407,tp,3,0.03226948205306341,0.03126948205306341,3.126948205306341
long,train,2022-12-13 20:00:00+00:00,2022-12-14 12:00:00+00:00,13.79,14.372137252553141,tp,5,0.04221444906114158,0.04121444906114158,4.121444906114158
long,train,2022-12-15 04:00:00+00:00,2022-12-16 08:00:00+00:00,14.37,13.489253718444251,sl,8,-0.06129062502127682,-0.06229062502127682,-6.229062502127682
long,train,2022-12-17 00:00:00+00:00,2022-12-21 20:00:00+00:00,12.24,12.14,timeout,25,-0.008169934640522847,-0.009169934640522848,-0.9169934640522848
long,train,2022-12-22 16:00:00+00:00,2022-12-24 04:00:00+00:00,11.76,11.112348467569841,sl,10,-0.05507240922025156,-0.056072409220251564,-5.607240922025157
long,train,2022-12-27 16:00:00+00:00,2022-12-28 04:00:00+00:00,10.758,10.23609775906771,sl,4,-0.04851294301285462,-0.049512943012854624,-4.951294301285462
long,train,2022-12-30 00:00:00+00:00,2023-01-02 04:00:00+00:00,9.638,10.34774432897985,tp,20,0.07364020844364497,0.07264020844364497,7.264020844364497
long,train,2023-01-02 12:00:00+00:00,2023-01-03 04:00:00+00:00,11.02,11.933156477241628,tp,5,0.0828635641780062,0.08186356417800619,8.186356417800619
long,train,2023-01-03 12:00:00+00:00,2023-01-03 12:00:00+00:00,11.844,12.727219004830866,tp,1,0.07457100682462571,0.07357100682462571,7.357100682462571
long,train,2023-01-03 20:00:00+00:00,2023-01-04 00:00:00+00:00,12.949,14.10388781538988,tp,2,0.08918741334387834,0.08818741334387833,8.818741334387834
long,train,2023-01-04 12:00:00+00:00,2023-01-08 12:00:00+00:00,13.689,13.874,timeout,25,0.01351450069398791,0.01251450069398791,1.251450069398791
long,train,2023-01-08 20:00:00+00:00,2023-01-08 20:00:00+00:00,13.55,14.346795339486233,tp,1,0.058804084094924894,0.05780408409492489,5.780408409492489
long,train,2023-01-09 04:00:00+00:00,2023-01-09 12:00:00+00:00,16.05,17.293614348842723,tp,3,0.07748376005250608,0.07648376005250608,7.648376005250608
long,train,2023-01-09 20:00:00+00:00,2023-01-13 20:00:00+00:00,16.28,17.714929701616434,tp,25,0.08814064506243445,0.08714064506243445,8.714064506243444
long,train,2023-01-14 04:00:00+00:00,2023-01-14 04:00:00+00:00,21.951,23.909255256956573,tp,1,0.0892102982532264,0.0882102982532264,8.82102982532264
long,train,2023-01-14 12:00:00+00:00,2023-01-15 00:00:00+00:00,22.374,24.835873155232964,tp,4,0.11003276817882207,0.10903276817882207,10.903276817882206
long,train,2023-01-16 20:00:00+00:00,2023-01-20 20:00:00+00:00,23.563,25.505,timeout,25,0.08241734923396853,0.08141734923396853,8.141734923396852
long,train,2023-01-21 04:00:00+00:00,2023-01-25 04:00:00+00:00,24.837,23.271,timeout,25,-0.06305109312718923,-0.06405109312718923,-6.405109312718923
long,train,2023-01-25 12:00:00+00:00,2023-01-25 20:00:00+00:00,23.137,24.862889772488828,tp,3,0.07459436281664983,0.07359436281664983,7.3594362816649825
long,train,2023-01-26 04:00:00+00:00,2023-01-29 20:00:00+00:00,24.791,26.694124838402058,tp,23,0.07676676368045085,0.07576676368045085,7.576676368045085
long,train,2023-01-30 04:00:00+00:00,2023-01-30 16:00:00+00:00,25.453,23.4326108708679,sl,4,-0.07937724940604639,-0.08037724940604639,-8.037724940604638
long,train,2023-01-31 04:00:00+00:00,2023-02-02 00:00:00+00:00,24.01,25.750655641940963,tp,12,0.07249711128450483,0.07149711128450482,7.149711128450482
long,train,2023-02-02 08:00:00+00:00,2023-02-06 08:00:00+00:00,24.857,23.331,timeout,25,-0.06139115742044494,-0.06239115742044494,-6.239115742044494
long,train,2023-02-07 00:00:00+00:00,2023-02-07 16:00:00+00:00,22.65,23.82201057330787,tp,5,0.05174439617253301,0.050744396172533006,5.074439617253301
long,train,2023-02-09 04:00:00+00:00,2023-02-09 20:00:00+00:00,22.357,20.78437782850971,sl,5,-0.07034137726395705,-0.07134137726395705,-7.134137726395704
long,train,2023-02-11 00:00:00+00:00,2023-02-12 12:00:00+00:00,20.102,21.521226649938054,tp,10,0.07060126604009818,0.06960126604009818,6.960126604009818
long,train,2023-02-13 12:00:00+00:00,2023-02-14 12:00:00+00:00,20.458,21.815125830848537,tp,7,0.06633717034160419,0.06533717034160419,6.533717034160419
long,train,2023-02-15 08:00:00+00:00,2023-02-15 16:00:00+00:00,21.54,22.78303098643169,tp,3,0.057708030939261426,0.056708030939261425,5.670803093926143
long,train,2023-02-16 08:00:00+00:00,2023-02-17 00:00:00+00:00,23.725,22.101053836752463,sl,5,-0.06844873185448001,-0.06944873185448001,-6.944873185448001
long,train,2023-02-17 08:00:00+00:00,2023-02-18 16:00:00+00:00,22.531,23.901461993809836,tp,9,0.0608256177626309,0.0598256177626309,5.98256177626309
long,train,2023-02-19 00:00:00+00:00,2023-02-19 12:00:00+00:00,23.455,24.6485126317716,tp,4,0.050885211331127715,0.049885211331127714,4.988521133112771
long,train,2023-02-19 20:00:00+00:00,2023-02-20 00:00:00+00:00,24.632,26.023003412990818,tp,2,0.05647139546081585,0.05547139546081585,5.547139546081585
long,train,2023-02-20 08:00:00+00:00,2023-02-22 00:00:00+00:00,26.479,24.24272426278206,sl,11,-0.08445469002673595,-0.08545469002673595,-8.545469002673595
long,train,2023-02-22 08:00:00+00:00,2023-02-25 20:00:00+00:00,23.818,21.57442712617901,sl,22,-0.09419652673696326,-0.09519652673696326,-9.519652673696326
long,train,2023-02-26 04:00:00+00:00,2023-03-02 04:00:00+00:00,22.658,21.984,timeout,25,-0.02974666784358723,-0.03074666784358723,-3.074666784358723
long,train,2023-03-03 04:00:00+00:00,2023-03-07 04:00:00+00:00,20.853,20.707,timeout,25,-0.007001390687191329,-0.008001390687191329,-0.8001390687191329
long,train,2023-03-07 16:00:00+00:00,2023-03-08 04:00:00+00:00,20.425,19.353343590696003,sl,4,-0.05246787805649927,-0.053467878056499274,-5.346787805649927
long,train,2023-03-10 16:00:00+00:00,2023-03-12 20:00:00+00:00,17.656,18.977511396797667,tp,14,0.07484772297222858,0.07384772297222858,7.384772297222858
long,train,2023-03-13 04:00:00+00:00,2023-03-13 12:00:00+00:00,19.534,21.112699911282185,tp,3,0.08081805627532436,0.07981805627532436,7.981805627532436
long,train,2023-03-13 20:00:00+00:00,2023-03-17 20:00:00+00:00,20.531,21.601,timeout,25,0.05211631191856219,0.05111631191856219,5.111631191856219
long,train,2023-03-18 04:00:00+00:00,2023-03-22 04:00:00+00:00,22.651,22.318,timeout,25,-0.01470133768928517,-0.01570133768928517,-1.570133768928517
long,train,2023-03-22 16:00:00+00:00,2023-03-24 16:00:00+00:00,22.635,20.585170388663535,sl,13,-0.09056017721831087,-0.09156017721831088,-9.156017721831088
long,train,2023-03-25 00:00:00+00:00,2023-03-29 00:00:00+00:00,20.672,20.657,timeout,25,-0.0007256191950464671,-0.0017256191950464671,-0.17256191950464672
long,train,2023-03-29 08:00:00+00:00,2023-04-02 08:00:00+00:00,21.206,20.992,timeout,25,-0.010091483542393599,-0.011091483542393598,-1.1091483542393599
long,train,2023-04-03 04:00:00+00:00,2023-04-03 16:00:00+00:00,20.036,20.866998073808592,tp,4,0.041475248243591056,0.040475248243591055,4.0475248243591055
long,train,2023-04-04 00:00:00+00:00,2023-04-08 00:00:00+00:00,20.456,20.48,timeout,25,0.0011732499022292194,0.0001732499022292194,0.01732499022292194
long,train,2023-04-08 20:00:00+00:00,2023-04-10 20:00:00+00:00,20.195,20.808247049242713,tp,13,0.030366281220238298,0.029366281220238297,2.93662812202383
long,train,2023-04-11 04:00:00+00:00,2023-04-11 04:00:00+00:00,21.267,21.900100570657546,tp,1,0.029769152708776357,0.028769152708776356,2.8769152708776358
long,train,2023-04-11 12:00:00+00:00,2023-04-11 12:00:00+00:00,22.221,23.019999981842478,tp,1,0.03595697681663641,0.03495697681663641,3.4956976816636414
long,train,2023-04-11 20:00:00+00:00,2023-04-12 12:00:00+00:00,23.432,24.391535698629482,tp,5,0.040949799361108055,0.039949799361108054,3.9949799361108056
long,train,2023-04-12 20:00:00+00:00,2023-04-13 12:00:00+00:00,23.889,25.238291191643956,tp,5,0.05648169415396027,0.055481694153960266,5.548169415396027
long,train,2023-04-13 20:00:00+00:00,2023-04-17 20:00:00+00:00,24.739,24.573,timeout,25,-0.006710052952827534,-0.007710052952827534,-0.7710052952827534
long,train,2023-04-18 04:00:00+00:00,2023-04-19 08:00:00+00:00,24.423,22.737506336919196,sl,8,-0.06901255632317087,-0.07001255632317087,-7.001255632317087
long,train,2023-04-22 08:00:00+00:00,2023-04-26 08:00:00+00:00,21.279,22.551900658750935,tp,25,0.059819571349731405,0.058819571349731405,5.88195713497314
long,train,2023-04-26 20:00:00+00:00,2023-04-27 12:00:00+00:00,21.088,22.351478092299942,tp,5,0.05991455293531587,0.05891455293531587,5.891455293531587
long,train,2023-04-27 20:00:00+00:00,2023-04-29 12:00:00+00:00,22.327,23.65738181784591,tp,11,0.05958623271581078,0.05858623271581078,5.858623271581078
long,train,2023-04-29 20:00:00+00:00,2023-05-01 00:00:00+00:00,23.308,21.933777243608407,sl,8,-0.05895927391417507,-0.05995927391417507,-5.995927391417507
long,train,2023-05-01 08:00:00+00:00,2023-05-05 08:00:00+00:00,22.33,22.006,timeout,25,-0.014509628302731666,-0.015509628302731667,-1.5509628302731666
long,train,2023-05-05 16:00:00+00:00,2023-05-06 00:00:00+00:00,22.32,23.20738240767947,tp,3,0.03975727632972541,0.03875727632972541,3.8757276329725405
long,train,2023-05-06 16:00:00+00:00,2023-05-07 16:00:00+00:00,21.786,22.741943943136597,tp,7,0.043878818651271266,0.042878818651271265,4.287881865127127
long,train,2023-05-08 04:00:00+00:00,2023-05-08 16:00:00+00:00,21.289,20.033699867089805,sl,4,-0.05896472980930042,-0.05996472980930042,-5.996472980930042
long,train,2023-05-13 16:00:00+00:00,2023-05-17 16:00:00+00:00,20.862,21.026,timeout,25,0.007861183012175319,0.006861183012175319,0.6861183012175319
long,train,2023-05-18 00:00:00+00:00,2023-05-18 16:00:00+00:00,21.057,20.14176595608848,sl,5,-0.043464598181674405,-0.044464598181674406,-4.44645981816744
long,train,2023-05-22 00:00:00+00:00,2023-05-23 00:00:00+00:00,19.612,20.134277790846703,tp,7,0.02663052166258946,0.02563052166258946,2.563052166258946
long,train,2023-05-24 16:00:00+00:00,2023-05-27 20:00:00+00:00,19.173,19.84347337640546,tp,20,0.03496966444507698,0.03396966444507698,3.3969664445076977
long,train,2023-05-28 04:00:00+00:00,2023-05-28 20:00:00+00:00,20.493,21.08638212676218,tp,5,0.028955356793157815,0.027955356793157814,2.7955356793157815
long,train,2023-05-29 04:00:00+00:00,2023-05-30 08:00:00+00:00,20.71,21.335746153268257,tp,8,0.03021468629977094,0.02921468629977094,2.921468629977094
long,train,2023-05-30 16:00:00+00:00,2023-06-03 16:00:00+00:00,20.941,21.051,timeout,25,0.00525285325438133,0.00425285325438133,0.425285325438133
long,train,2023-06-04 00:00:00+00:00,2023-06-04 04:00:00+00:00,21.186,21.769252896940795,tp,2,0.027530109361880266,0.026530109361880265,2.6530109361880263
long,train,2023-06-04 16:00:00+00:00,2023-06-05 12:00:00+00:00,22.041,21.239504139241262,sl,6,-0.03636386102076757,-0.03736386102076757,-3.7363861020767573
long,train,2023-06-05 20:00:00+00:00,2023-06-07 16:00:00+00:00,20.012,18.750000126063078,sl,12,-0.0630621564030043,-0.0640621564030043,-6.406215640300431
long,train,2023-06-10 04:00:00+00:00,2023-06-10 04:00:00+00:00,16.287,14.698954555860801,sl,1,-0.09750386468589659,-0.09850386468589659,-9.850386468589658
long,train,2023-06-10 12:00:00+00:00,2023-06-14 12:00:00+00:00,14.908,15.102,timeout,25,0.013013147303461285,0.012013147303461286,1.2013147303461285
long,train,2023-06-15 00:00:00+00:00,2023-06-17 04:00:00+00:00,14.487,15.624512884111109,tp,14,0.0785195612694905,0.0775195612694905,7.75195612694905
long,train,2023-06-18 04:00:00+00:00,2023-06-20 16:00:00+00:00,15.586,16.41636340963276,tp,16,0.05327623570080573,0.05227623570080573,5.227623570080573
long,train,2023-06-22 08:00:00+00:00,2023-06-23 12:00:00+00:00,17.373,16.37738289191527,sl,8,-0.05730830070136014,-0.058308300701360144,-5.830830070136014
long,train,2023-06-23 20:00:00+00:00,2023-06-26 20:00:00+00:00,17.129,16.067626384013877,sl,19,-0.06196354813393216,-0.06296354813393215,-6.296354813393215
long,train,2023-06-27 08:00:00+00:00,2023-06-28 16:00:00+00:00,16.738,15.662014621332156,sl,9,-0.06428398725462081,-0.06528398725462081,-6.528398725462081
long,train,2023-06-29 00:00:00+00:00,2023-06-29 08:00:00+00:00,15.973,16.899896204186035,tp,3,0.058028936592126365,0.057028936592126364,5.702893659212636
long,train,2023-06-29 16:00:00+00:00,2023-06-30 00:00:00+00:00,17.677,18.85628218679085,tp,3,0.06671280119878091,0.06571280119878091,6.571280119878091
long,train,2023-06-30 08:00:00+00:00,2023-06-30 12:00:00+00:00,18.793,17.241022356019187,sl,2,-0.0825827512361418,-0.0835827512361418,-8.35827512361418
long,train,2023-06-30 20:00:00+00:00,2023-07-04 20:00:00+00:00,19.092,19.142,timeout,25,0.0026188979677352143,0.0016188979677352142,0.16188979677352142
long,train,2023-07-05 04:00:00+00:00,2023-07-06 08:00:00+00:00,19.293,20.250167364525876,tp,8,0.049612158012018674,0.04861215801201867,4.861215801201867
long,train,2023-07-06 16:00:00+00:00,2023-07-06 16:00:00+00:00,19.7,20.829204519775153,tp,1,0.057320026384525595,0.056320026384525594,5.632002638452559
long,train,2023-07-07 00:00:00+00:00,2023-07-07 12:00:00+00:00,19.596,20.95841614205103,tp,4,0.06952521647535356,0.06852521647535356,6.852521647535356
long,train,2023-07-07 20:00:00+00:00,2023-07-11 20:00:00+00:00,21.425,22.059,timeout,25,0.029591598599766643,0.028591598599766642,2.859159859976664
long,train,2023-07-12 04:00:00+00:00,2023-07-13 12:00:00+00:00,21.909,23.017414289261694,tp,9,0.05059173350046535,0.04959173350046535,4.959173350046535
long,train,2023-07-13 20:00:00+00:00,2023-07-14 00:00:00+00:00,26.209,28.029030615765034,tp,2,0.06944296294269277,0.06844296294269277,6.844296294269276
long,train,2023-07-14 08:00:00+00:00,2023-07-14 20:00:00+00:00,28.719,25.44026217983064,sl,4,-0.11416615551270452,-0.11516615551270452,-11.516615551270453
long,train,2023-07-15 04:00:00+00:00,2023-07-19 04:00:00+00:00,27.123,26.217,timeout,25,-0.033403384581351704,-0.034403384581351705,-3.4403384581351704
long,train,2023-07-20 16:00:00+00:00,2023-07-24 08:00:00+00:00,25.68,23.299657856431274,sl,23,-0.09269245107354851,-0.09369245107354851,-9.369245107354851
long,train,2023-07-26 04:00:00+00:00,2023-07-26 12:00:00+00:00,23.512,24.64944907544226,tp,3,0.04837738497117467,0.04737738497117467,4.737738497117467
long,train,2023-07-26 20:00:00+00:00,2023-07-30 16:00:00+00:00,25.375,23.790919179387938,sl,24,-0.062426830368948256,-0.06342683036894825,-6.342683036894825
long,train,2023-07-31 16:00:00+00:00,2023-08-03 04:00:00+00:00,23.931,22.671688385820463,sl,16,-0.05262260725333407,-0.05362260725333407,-5.362260725333408
long,train,2023-08-03 12:00:00+00:00,2023-08-07 12:00:00+00:00,22.733,22.766,timeout,25,0.0014516341881844763,0.00045163418818447627,0.045163418818447626
long,train,2023-08-07 20:00:00+00:00,2023-08-08 12:00:00+00:00,22.969,23.845695438084075,tp,5,0.03816863764569958,0.03716863764569958,3.716863764569958
long,train,2023-08-08 20:00:00+00:00,2023-08-12 20:00:00+00:00,24.584,24.912,timeout,25,0.013342011064106712,0.012342011064106713,1.2342011064106713
long,train,2023-08-13 08:00:00+00:00,2023-08-15 00:00:00+00:00,24.766,25.410264669410783,tp,11,0.026014078551675052,0.02501407855167505,2.501407855167505
long,train,2023-08-15 08:00:00+00:00,2023-08-15 16:00:00+00:00,24.877,23.95270983140146,sl,3,-0.037154406423545394,-0.038154406423545395,-3.8154406423545395
long,train,2023-08-17 00:00:00+00:00,2023-08-17 20:00:00+00:00,22.819,21.579694830774145,sl,6,-0.054310231352200124,-0.055310231352200125,-5.531023135220012
long,train,2023-08-21 16:00:00+00:00,2023-08-22 20:00:00+00:00,20.721,19.469392643350517,sl,8,-0.06040284526082154,-0.06140284526082154,-6.140284526082154
long,train,2023-08-23 20:00:00+00:00,2023-08-25 16:00:00+00:00,21.507,20.17507636104869,sl,12,-0.06192977351333579,-0.06292977351333578,-6.292977351333579
long,train,2023-08-26 20:00:00+00:00,2023-08-29 12:00:00+00:00,20.337,21.08631752461228,tp,17,0.03684503735124553,0.03584503735124553,3.584503735124553
long,train,2023-08-29 20:00:00+00:00,2023-08-31 12:00:00+00:00,21.581,20.436684207819923,sl,11,-0.05302422465039048,-0.05402422465039048,-5.402422465039048
long,train,2023-08-31 20:00:00+00:00,2023-09-04 20:00:00+00:00,19.827,19.529,timeout,25,-0.015030009582892107,-0.016030009582892107,-1.6030009582892109
long,train,2023-09-05 04:00:00+00:00,2023-09-05 12:00:00+00:00,19.222,19.904341228405414,tp,3,0.035497930933587184,0.03449793093358718,3.449793093358718
long,train,2023-09-05 20:00:00+00:00,2023-09-06 12:00:00+00:00,20.24,19.257385665331924,sl,5,-0.04854813906462819,-0.04954813906462819,-4.954813906462819
long,train,2023-09-06 20:00:00+00:00,2023-09-10 04:00:00+00:00,19.481,18.43709529105049,sl,21,-0.05358578661000523,-0.05458578661000523,-5.458578661000523
long,train,2023-09-13 20:00:00+00:00,2023-09-15 20:00:00+00:00,18.371,19.411842208068087,tp,13,0.056656807363131494,0.05565680736313149,5.5656807363131495
long,train,2023-09-16 04:00:00+00:00,2023-09-18 12:00:00+00:00,19.234,20.141596384139312,tp,15,0.04718708454504057,0.04618708454504057,4.618708454504057
long,train,2023-09-18 20:00:00+00:00,2023-09-22 20:00:00+00:00,19.784,19.43,timeout,25,-0.017893247068338013,-0.018893247068338014,-1.8893247068338015
long,train,2023-09-23 08:00:00+00:00,2023-09-27 08:00:00+00:00,19.521,19.398,timeout,25,-0.0063009067158445314,-0.0073009067158445315,-0.7300906715844532
long,train,2023-09-27 16:00:00+00:00,2023-09-28 12:00:00+00:00,18.94,19.53956014306469,tp,6,0.031655762569413375,0.030655762569413374,3.065576256941337
long,train,2023-09-28 20:00:00+00:00,2023-09-29 00:00:00+00:00,19.706,20.292969415584714,tp,2,0.029786329827702983,0.028786329827702982,2.878632982770298
long,train,2023-09-29 12:00:00+00:00,2023-09-30 12:00:00+00:00,20.08,20.70041018009462,tp,7,0.030896921319453357,0.029896921319453356,2.989692131945336
long,train,2023-09-30 20:00:00+00:00,2023-10-01 08:00:00+00:00,21.395,22.143425504216726,tp,4,0.034981327610036285,0.033981327610036284,3.3981327610036285
long,train,2023-10-01 16:00:00+00:00,2023-10-01 20:00:00+00:00,23.089,24.226231768640186,tp,2,0.04925426690805959,0.04825426690805959,4.825426690805959
long,train,2023-10-02 04:00:00+00:00,2023-10-06 04:00:00+00:00,24.1,23.335,timeout,25,-0.03174273858921164,-0.03274273858921164,-3.274273858921164
long,train,2023-10-06 16:00:00+00:00,2023-10-09 16:00:00+00:00,23.515,21.808971262521755,sl,19,-0.07255065862123093,-0.07355065862123093,-7.3550658621230935
long,train,2023-10-11 08:00:00+00:00,2023-10-15 08:00:00+00:00,22.009,21.882,timeout,25,-0.005770366668181148,-0.006770366668181148,-0.6770366668181148
long,train,2023-10-15 16:00:00+00:00,2023-10-16 04:00:00+00:00,21.729,22.341741104276725,tp,4,0.028199231638673005,0.027199231638673004,2.7199231638673003
long,train,2023-10-16 12:00:00+00:00,2023-10-16 12:00:00+00:00,23.154,23.853119326824796,tp,1,0.0301943217942816,0.029194321794281598,2.91943217942816
long,train,2023-10-16 20:00:00+00:00,2023-10-19 12:00:00+00:00,23.859,24.881128399149954,tp,17,0.04284037047445209,0.04184037047445209,4.184037047445209
long,train,2023-10-19 20:00:00+00:00,2023-10-20 04:00:00+00:00,25.161,26.258788684145312,tp,3,0.04363056651744011,0.042630566517440106,4.2630566517440105
long,train,2023-10-20 12:00:00+00:00,2023-10-21 04:00:00+00:00,26.882,28.20949329987178,tp,5,0.04938223717996352,0.04838223717996352,4.838223717996351
long,train,2023-10-21 12:00:00+00:00,2023-10-23 04:00:00+00:00,29.52,31.21230253594123,tp,11,0.057327321678225976,0.056327321678225975,5.6327321678225974
long,train,2023-10-23 12:00:00+00:00,2023-10-23 20:00:00+00:00,29.717,31.754201752129525,tp,3,0.06855341225996993,0.06755341225996993,6.755341225996993
long,train,2023-10-24 04:00:00+00:00,2023-10-25 12:00:00+00:00,31.404,33.78519823101237,tp,9,0.07582467937244851,0.07482467937244851,7.48246793724485
long,train,2023-10-25 20:00:00+00:00,2023-10-29 20:00:00+00:00,32.766,32.829,timeout,25,0.0019227247756821826,0.0009227247756821825,0.09227247756821826
long,train,2023-10-30 04:00:00+00:00,2023-10-30 08:00:00+00:00,32.733,34.38353609188249,tp,2,0.050424223012937815,0.049424223012937814,4.942422301293782
long,train,2023-10-30 16:00:00+00:00,2023-10-31 08:00:00+00:00,35.039,36.927163190184345,tp,5,0.05388747367745493,0.05288747367745493,5.288747367745493
long,train,2023-10-31 16:00:00+00:00,2023-10-31 20:00:00+00:00,36.116,38.113700021336044,tp,2,0.055313435079633516,0.054313435079633515,5.431343507963351
long,train,2023-11-01 04:00:00+00:00,2023-11-01 12:00:00+00:00,38.291,40.41535821679128,tp,3,0.05547930889220147,0.05447930889220147,5.447930889220147
long,train,2023-11-01 20:00:00+00:00,2023-11-05 20:00:00+00:00,42.009,41.156,timeout,25,-0.0203051727010879,-0.0213051727010879,-2.13051727010879
long,train,2023-11-06 04:00:00+00:00,2023-11-07 16:00:00+00:00,41.123,44.11149114947474,tp,10,0.07267201199996937,0.07167201199996937,7.167201199996937
long,train,2023-11-08 00:00:00+00:00,2023-11-09 08:00:00+00:00,42.941,46.14794188926858,tp,9,0.07468251529467355,0.07368251529467355,7.368251529467355
long,train,2023-11-09 16:00:00+00:00,2023-11-09 16:00:00+00:00,46.408,42.28213672381448,sl,1,-0.08890413885936733,-0.08990413885936734,-8.990413885936734
long,train,2023-11-10 00:00:00+00:00,2023-11-10 08:00:00+00:00,45.306,49.350360790511644,tp,3,0.08926766411759252,0.08826766411759251,8.826766411759252
long,train,2023-11-10 16:00:00+00:00,2023-11-10 20:00:00+00:00,50.87,55.57368826889325,tp,2,0.0924648765263073,0.0914648765263073,9.14648765263073
long,train,2023-11-11 04:00:00+00:00,2023-11-11 12:00:00+00:00,55.82,61.189928253191866,tp,3,0.09620079278380268,0.09520079278380268,9.520079278380269
long,train,2023-11-11 20:00:00+00:00,2023-11-13 16:00:00+00:00,60.5,52.575752914169456,sl,12,-0.13097929067488503,-0.13197929067488504,-13.197929067488504
long,train,2023-11-14 00:00:00+00:00,2023-11-15 04:00:00+00:00,51.62,58.72287111877343,tp,8,0.1375992080351305,0.1365992080351305,13.659920803513051
long,train,2023-11-15 12:00:00+00:00,2023-11-19 12:00:00+00:00,63.0,60.0,timeout,25,-0.047619047619047616,-0.04861904761904762,-4.8619047619047615
long,train,2023-11-21 00:00:00+00:00,2023-11-25 00:00:00+00:00,56.57,58.81,timeout,25,0.03959695951917981,0.03859695951917981,3.859695951917981
long,train,2023-11-25 12:00:00+00:00,2023-11-29 08:00:00+00:00,57.8,61.595599830044954,tp,24,0.06566781712880548,0.06466781712880548,6.4667817128805485
long,train,2023-11-29 16:00:00+00:00,2023-12-02 16:00:00+00:00,60.06,63.30650079510538,tp,19,0.054054292292796804,0.053054292292796804,5.305429229279681
long,train,2023-12-03 08:00:00+00:00,2023-12-04 08:00:00+00:00,63.97,60.22720687311019,sl,7,-0.05850856849913722,-0.05950856849913722,-5.950856849913722
long,train,2023-12-04 16:00:00+00:00,2023-12-06 00:00:00+00:00,60.54,64.10248413102565,tp,9,0.058845129352917885,0.057845129352917884,5.784512935291788
long,train,2023-12-06 08:00:00+00:00,2023-12-07 16:00:00+00:00,63.37,67.10160919985232,tp,9,0.05888605333521102,0.05788605333521102,5.788605333521102
long,train,2023-12-08 00:00:00+00:00,2023-12-08 04:00:00+00:00,67.75,72.51817092972264,tp,2,0.07037890671177334,0.06937890671177334,6.937890671177334
long,train,2023-12-08 12:00:00+00:00,2023-12-11 00:00:00+00:00,72.94,66.5134641342016,sl,16,-0.08810715472715108,-0.08910715472715108,-8.910715472715108
long,train,2023-12-11 08:00:00+00:00,2023-12-14 20:00:00+00:00,68.5,74.92643177760881,tp,22,0.09381652230085857,0.09281652230085857,9.281652230085857
long,train,2023-12-15 04:00:00+00:00,2023-12-18 08:00:00+00:00,74.4,67.10556206646041,sl,20,-0.09804352061209136,-0.09904352061209136,-9.904352061209137
long,train,2023-12-19 00:00:00+00:00,2023-12-20 12:00:00+00:00,74.45,80.02054475574506,tp,10,0.07482262935856361,0.07382262935856361,7.382262935856361
long,train,2023-12-20 20:00:00+00:00,2023-12-21 04:00:00+00:00,81.09,86.89330755717327,tp,3,0.07156625425050277,0.07056625425050277,7.056625425050276
long,train,2023-12-21 12:00:00+00:00,2023-12-21 16:00:00+00:00,87.07,93.2262002066958,tp,2,0.07070403361313657,0.06970403361313657,6.9704033613136565
long,train,2023-12-22 00:00:00+00:00,2023-12-23 16:00:00+00:00,93.88,100.9351646698654,tp,11,0.07515088059081174,0.07415088059081174,7.415088059081174
long,train,2023-12-24 00:00:00+00:00,2023-12-24 00:00:00+00:00,107.89,116.67677323946126,tp,1,0.08144196162259018,0.08044196162259018,8.044196162259018
long,train,2023-12-24 08:00:00+00:00,2023-12-25 16:00:00+00:00,114.52,124.62686059933138,tp,9,0.08825410932004352,0.08725410932004352,8.725410932004351
long,train,2023-12-26 00:00:00+00:00,2023-12-26 16:00:00+00:00,120.88,106.82140947406701,sl,5,-0.11630203942697705,-0.11730203942697705,-11.730203942697704
long,train,2023-12-27 00:00:00+00:00,2023-12-31 00:00:00+00:00,112.45,100.66,timeout,25,-0.10484659848821704,-0.10584659848821704,-10.584659848821703
long,train,2023-12-31 08:00:00+00:00,2024-01-02 00:00:00+00:00,103.99,112.78056594341417,tp,11,0.08453280068674084,0.08353280068674084,8.353280068674083
long,train,2024-01-02 12:00:00+00:00,2024-01-03 08:00:00+00:00,113.88,104.39909906925242,sl,6,-0.08325343283058993,-0.08425343283058993,-8.425343283058993
long,train,2024-01-03 16:00:00+00:00,2024-01-07 16:00:00+00:00,102.09,94.74,timeout,25,-0.07199529826623575,-0.07299529826623576,-7.2995298266235755
long,train,2024-01-08 00:00:00+00:00,2024-01-08 16:00:00+00:00,89.46,97.77647679533197,tp,5,0.09296307618300895,0.09196307618300895,9.196307618300894
long,train,2024-01-09 04:00:00+00:00,2024-01-12 20:00:00+00:00,99.82,89.23355320102068,sl,23,-0.10605536765156592,-0.10705536765156592,-10.705536765156593
long,train,2024-01-13 04:00:00+00:00,2024-01-14 16:00:00+00:00,91.12,100.27010691507573,tp,10,0.10041820582831128,0.09941820582831128,9.941820582831127
long,train,2024-01-15 00:00:00+00:00,2024-01-17 08:00:00+00:00,93.83,101.65573361358932,tp,15,0.08340332104432827,0.08240332104432826,8.240332104432827
long,train,2024-01-17 16:00:00+00:00,2024-01-19 12:00:00+00:00,99.42,90.96483753688614,sl,12,-0.08504488496392944,-0.08604488496392944,-8.604488496392944
long,train,2024-01-20 04:00:00+00:00,2024-01-22 16:00:00+00:00,93.6,85.12618905006639,sl,16,-0.09053216826852145,-0.09153216826852145,-9.153216826852145
long,train,2024-01-23 16:00:00+00:00,2024-01-24 20:00:00+00:00,82.71,88.93526707014605,tp,8,0.07526619598774104,0.07426619598774103,7.426619598774104
long,train,2024-01-26 08:00:00+00:00,2024-01-26 08:00:00+00:00,87.03,92.46065493198286,tp,1,0.06239980388352129,0.06139980388352129,6.139980388352129
long,train,2024-01-26 16:00:00+00:00,2024-01-28 08:00:00+00:00,92.42,98.19235042604645,tp,11,0.06245780595159536,0.06145780595159536,6.145780595159536
long,train,2024-01-28 16:00:00+00:00,2024-01-30 00:00:00+00:00,97.08,101.97748853265719,tp,9,0.050447965931779894,0.04944796593177989,4.94479659317799
long,train,2024-01-31 00:00:00+00:00,2024-02-01 00:00:00+00:00,101.4,94.39395380701863,sl,7,-0.06909315772170979,-0.07009315772170979,-7.00931577217098
long,train,2024-02-01 20:00:00+00:00,2024-02-05 20:00:00+00:00,97.85,95.65,timeout,25,-0.022483392948390277,-0.02348339294839028,-2.348339294839028
long,train,2024-02-06 12:00:00+00:00,2024-02-07 20:00:00+00:00,94.3,98.57703179817449,tp,9,0.04535558640694052,0.04435558640694052,4.435558640694052
long,train,2024-02-08 04:00:00+00:00,2024-02-09 08:00:00+00:00,101.75,105.96101581653673,tp,8,0.04138590483082781,0.04038590483082781,4.038590483082781
long,train,2024-02-09 16:00:00+00:00,2024-02-10 00:00:00+00:00,105.63,110.14371406003185,tp,3,0.04273136476409977,0.04173136476409977,4.173136476409977
long,train,2024-02-10 08:00:00+00:00,2024-02-13 00:00:00+00:00,108.87,113.830813392039,tp,17,0.045566394709644534,0.04456639470964453,4.456639470964453
long,train,2024-02-13 16:00:00+00:00,2024-02-14 08:00:00+00:00,110.32,115.86592075152112,tp,5,0.050271217834672983,0.04927121783467298,4.927121783467299
long,train,2024-02-14 20:00:00+00:00,2024-02-16 12:00:00+00:00,116.1,109.15751384047678,sl,11,-0.059797469074274016,-0.06079746907427402,-6.079746907427402
long,train,2024-02-16 20:00:00+00:00,2024-02-19 12:00:00+00:00,108.59,114.27282572644879,tp,17,0.05233286422735779,0.05133286422735779,5.133286422735779
long,train,2024-02-20 16:00:00+00:00,2024-02-23 16:00:00+00:00,106.63,99.29772953136043,sl,19,-0.06876367315614333,-0.06976367315614333,-6.9763673156143335
long,train,2024-02-24 04:00:00+00:00,2024-02-26 16:00:00+00:00,100.21,105.70904719791699,tp,16,0.05487523398779557,0.05387523398779557,5.387523398779557
long,train,2024-02-27 00:00:00+00:00,2024-02-28 16:00:00+00:00,109.93,115.04539478968077,tp,11,0.04653320103411956,0.04553320103411956,4.553320103411956
long,train,2024-02-29 00:00:00+00:00,2024-02-29 08:00:00+00:00,119.07,126.84893302933773,tp,3,0.06533075526444727,0.06433075526444727,6.4330755264447275
long,train,2024-02-29 16:00:00+00:00,2024-03-04 16:00:00+00:00,132.37,129.51,timeout,25,-0.02160610410213805,-0.02260610410213805,-2.260610410213805
long,train,2024-03-05 00:00:00+00:00,2024-03-05 12:00:00+00:00,133.3,141.94592019574807,tp,4,0.06486061662226603,0.06386061662226603,6.386061662226602
long,train,2024-03-06 00:00:00+00:00,2024-03-07 00:00:00+00:00,125.31,137.59782290719622,tp,7,0.09805939595559983,0.09705939595559983,9.705939595559983
long,train,2024-03-07 08:00:00+00:00,2024-03-08 12:00:00+00:00,138.3,150.80983739927362,tp,8,0.0904543557431208,0.0894543557431208,8.94543557431208
long,train,2024-03-09 00:00:00+00:00,2024-03-13 00:00:00+00:00,144.78,149.28,timeout,25,0.03108164111065064,0.03008164111065064,3.008164111065064
long,train,2024-03-13 08:00:00+00:00,2024-03-13 16:00:00+00:00,150.75,160.77453235637478,tp,3,0.0664977270737962,0.0654977270737962,6.54977270737962
long,train,2024-03-14 00:00:00+00:00,2024-03-14 20:00:00+00:00,163.88,174.77380593061275,tp,6,0.06647428563957015,0.06547428563957015,6.547428563957015
long,train,2024-03-15 04:00:00+00:00,2024-03-16 04:00:00+00:00,176.08,191.4387015141035,tp,7,0.08722570146583088,0.08622570146583088,8.622570146583088
long,train,2024-03-16 12:00:00+00:00,2024-03-19 20:00:00+00:00,192.73,170.46108694583359,sl,21,-0.11554461191390238,-0.11654461191390238,-11.654461191390238
long,train,2024-03-20 04:00:00+00:00,2024-03-20 20:00:00+00:00,169.9,191.0203804605373,tp,5,0.12431065603612296,0.12331065603612296,12.331065603612295
long,train,2024-03-21 04:00:00+00:00,2024-03-25 04:00:00+00:00,190.3,185.77,timeout,25,-0.023804519180241727,-0.02480451918024173,-2.4804519180241726
long,train,2024-03-25 16:00:00+00:00,2024-03-29 16:00:00+00:00,192.8,187.66,timeout,25,-0.026659751037344474,-0.027659751037344475,-2.7659751037344473
long,train,2024-03-30 00:00:00+00:00,2024-03-31 20:00:00+00:00,192.06,202.19361007149774,tp,12,0.05276273076901875,0.05176273076901875,5.176273076901875
long,train,2024-04-01 08:00:00+00:00,2024-04-02 00:00:00+00:00,198.0,185.96164958695383,sl,5,-0.060799749560839264,-0.061799749560839265,-6.179974956083926
long,train,2024-04-02 08:00:00+00:00,2024-04-05 08:00:00+00:00,183.15,169.61223271011056,sl,19,-0.07391628331907968,-0.07491628331907968,-7.491628331907968
long,train,2024-04-05 16:00:00+00:00,2024-04-09 16:00:00+00:00,175.97,174.32,timeout,25,-0.009376598283798407,-0.010376598283798406,-1.0376598283798406
long,train,2024-04-10 16:00:00+00:00,2024-04-12 16:00:00+00:00,167.89,156.44421475655412,sl,13,-0.06817431201051802,-0.06917431201051802,-6.9174312010518015
long,train,2024-04-13 20:00:00+00:00,2024-04-13 20:00:00+00:00,133.63,115.91451869870215,sl,1,-0.13257113897551331,-0.13357113897551331,-13.357113897551331
long,train,2024-04-14 04:00:00+00:00,2024-04-14 20:00:00+00:00,134.86,152.73945444865035,tp,5,0.13257789150712096,0.13157789150712096,13.157789150712096
long,train,2024-04-15 16:00:00+00:00,2024-04-19 16:00:00+00:00,143.4,145.51,timeout,25,0.014714086471408544,0.013714086471408544,1.3714086471408544
long,train,2024-04-20 00:00:00+00:00,2024-04-22 20:00:00+00:00,142.49,157.17963620753366,tp,18,0.10309240092310795,0.10209240092310795,10.209240092310795
long,train,2024-04-23 04:00:00+00:00,2024-04-25 08:00:00+00:00,155.52,143.55483707065764,sl,14,-0.07693649002920762,-0.07793649002920762,-7.793649002920762
long,train,2024-04-25 16:00:00+00:00,2024-04-27 00:00:00+00:00,147.78,135.87428706423395,sl,9,-0.08056376326814216,-0.08156376326814216,-8.156376326814216
long,train,2024-05-01 08:00:00+00:00,2024-05-01 16:00:00+00:00,120.59,129.54254760804014,tp,3,0.07423955226834841,0.07323955226834841,7.323955226834841
long,train,2024-05-02 04:00:00+00:00,2024-05-02 20:00:00+00:00,130.07,140.49417482119065,tp,5,0.08014280634420437,0.07914280634420437,7.914280634420437
long,train,2024-05-03 04:00:00+00:00,2024-05-06 08:00:00+00:00,140.98,151.359751103454,tp,20,0.07362569941448431,0.07262569941448431,7.262569941448431
long,train,2024-05-06 16:00:00+00:00,2024-05-08 20:00:00+00:00,153.83,143.9535549616712,sl,14,-0.06420363413072108,-0.06520363413072108,-6.520363413072109
long,train,2024-05-09 04:00:00+00:00,2024-05-09 20:00:00+00:00,144.1,152.20839913453253,tp,5,0.05626925145407726,0.05526925145407726,5.526925145407726
long,train,2024-05-10 08:00:00+00:00,2024-05-11 00:00:00+00:00,154.34,144.11145598162642,sl,5,-0.06627280043004784,-0.06727280043004784,-6.727280043004784
long,train,2024-05-12 12:00:00+00:00,2024-05-15 12:00:00+00:00,145.06,152.06301176130634,tp,19,0.04827665628916544,0.04727665628916544,4.727665628916544
long,train,2024-05-15 20:00:00+00:00,2024-05-16 00:00:00+00:00,154.89,162.79131698212956,tp,2,0.05101244097184823,0.05001244097184823,5.0012440971848235
long,train,2024-05-16 16:00:00+00:00,2024-05-17 04:00:00+00:00,160.43,168.60913009877922,tp,4,0.050982547520907626,0.049982547520907625,4.998254752090762
long,train,2024-05-17 12:00:00+00:00,2024-05-18 08:00:00+00:00,167.47,175.7760810818521,tp,6,0.04959742689348608,0.048597426893486076,4.859742689348607
long,train,2024-05-18 16:00:00+00:00,2024-05-20 16:00:00+00:00,172.43,180.49998232359277,tp,13,0.04680149813601327,0.045801498136013266,4.580149813601326
long,train,2024-05-21 04:00:00+00:00,2024-05-23 12:00:00+00:00,184.29,172.46631053255908,sl,15,-0.06415806320169795,-0.06515806320169795,-6.515806320169795
long,train,2024-05-23 20:00:00+00:00,2024-05-23 20:00:00+00:00,170.93,180.6989250465294,tp,1,0.05715161204311357,0.05615161204311357,5.615161204311357
long,train,2024-05-24 04:00:00+00:00,2024-05-28 04:00:00+00:00,172.06,166.12,timeout,25,-0.034522840869464125,-0.035522840869464126,-3.5522840869464125
long,train,2024-05-28 12:00:00+00:00,2024-06-01 12:00:00+00:00,169.83,167.29,timeout,25,-0.014956132603191546,-0.015956132603191547,-1.5956132603191546
long,train,2024-06-02 20:00:00+00:00,2024-06-04 16:00:00+00:00,163.13,168.40127874233443,tp,12,0.0323133619955522,0.0313133619955522,3.13133619955522
long,train,2024-06-05 00:00:00+00:00,2024-06-07 16:00:00+00:00,171.76,164.9956886971964,sl,17,-0.039382343402442815,-0.040382343402442816,-4.038234340244282
long,train,2024-06-09 04:00:00+00:00,2024-06-11 12:00:00+00:00,157.78,149.98065373775955,sl,15,-0.049431780087719916,-0.05043178008771992,-5.043178008771991
long,train,2024-06-11 20:00:00+00:00,2024-06-12 12:00:00+00:00,149.23,156.34456145667698,tp,5,0.04767514210733093,0.04667514210733093,4.667514210733093
long,train,2024-06-18 04:00:00+00:00,2024-06-22 04:00:00+00:00,135.57,134.84,timeout,25,-0.005384672125101349,-0.006384672125101349,-0.6384672125101348
long,train,2024-06-22 20:00:00+00:00,2024-06-24 00:00:00+00:00,134.47,126.30315628813537,sl,8,-0.060733574119615004,-0.061733574119615005,-6.173357411961501
long,train,2024-06-24 08:00:00+00:00,2024-06-24 20:00:00+00:00,125.21,130.9937587805912,tp,4,0.04619246690033715,0.045192466900337146,4.5192466900337145
long,train,2024-06-25 04:00:00+00:00,2024-06-27 12:00:00+00:00,135.79,143.20688397862878,tp,15,0.05462025170210464,0.05362025170210464,5.3620251702104635
long,train,2024-06-28 04:00:00+00:00,2024-06-30 00:00:00+00:00,147.55,138.07654175984865,sl,12,-0.06420507109557004,-0.06520507109557004,-6.520507109557004
long,train,2024-06-30 08:00:00+00:00,2024-06-30 20:00:00+00:00,140.64,147.00414446976438,tp,4,0.04525131164508247,0.04425131164508247,4.4251311645082465
long,train,2024-07-01 08:00:00+00:00,2024-07-02 20:00:00+00:00,148.32,154.36779907871602,tp,10,0.04077534438185022,0.03977534438185022,3.9775344381850224
long,train,2024-07-03 04:00:00+00:00,2024-07-03 12:00:00+00:00,150.57,141.9713551234156,sl,3,-0.057107291469644605,-0.058107291469644606,-5.81072914696446
long,train,2024-07-05 00:00:00+00:00,2024-07-06 00:00:00+00:00,127.82,136.56678574687007,tp,7,0.06843049402965165,0.06743049402965165,6.743049402965165
long,train,2024-07-07 00:00:00+00:00,2024-07-07 20:00:00+00:00,143.05,131.9655615297046,sl,6,-0.07748646256760171,-0.07848646256760171,-7.848646256760171
long,train,2024-07-08 12:00:00+00:00,2024-07-12 12:00:00+00:00,140.59,138.84,timeout,25,-0.012447542499466533,-0.013447542499466534,-1.3447542499466534
long,train,2024-07-12 20:00:00+00:00,2024-07-14 04:00:00+00:00,138.49,145.59440411746573,tp,9,0.051299040490040575,0.050299040490040574,5.029904049004057
long,train,2024-07-14 12:00:00+00:00,2024-07-15 00:00:00+00:00,144.87,150.79727400766853,tp,4,0.04091443368308504,0.03991443368308504,3.991443368308504
long,train,2024-07-15 08:00:00+00:00,2024-07-15 20:00:00+00:00,153.22,159.3274834297638,tp,4,0.039860876059024865,0.038860876059024864,3.8860876059024863
long,train,2024-07-16 04:00:00+00:00,2024-07-19 04:00:00+00:00,157.88,164.49076565026343,tp,19,0.04187209051344965,0.04087209051344965,4.087209051344965
long,train,2024-07-19 12:00:00+00:00,2024-07-19 16:00:00+00:00,162.65,170.42647354076942,tp,2,0.04781108847691003,0.046811088476910026,4.681108847691003
long,train,2024-07-20 00:00:00+00:00,2024-07-21 16:00:00+00:00,169.12,177.15789809368454,tp,11,0.04752777964572216,0.04652777964572216,4.652777964572216
long,train,2024-07-22 00:00:00+00:00,2024-07-23 04:00:00+00:00,184.51,173.9891368021082,sl,8,-0.05702055822390006,-0.05802055822390006,-5.802055822390006
long,train,2024-07-23 12:00:00+00:00,2024-07-27 04:00:00+00:00,175.63,184.48125932456287,tp,23,0.05039719481047016,0.04939719481047016,4.939719481047016
long,train,2024-07-27 12:00:00+00:00,2024-07-31 12:00:00+00:00,185.39,180.1,timeout,25,-0.02853444090835532,-0.02953444090835532,-2.953444090835532
long,train,2024-08-01 16:00:00+00:00,2024-08-02 16:00:00+00:00,162.66,150.63223921678113,sl,7,-0.07394418285515103,-0.07494418285515103,-7.494418285515103
long,train,2024-08-03 20:00:00+00:00,2024-08-05 00:00:00+00:00,140.43,125.7417260074669,sl,8,-0.10459498677300513,-0.10559498677300513,-10.559498677300514
long,train,2024-08-05 08:00:00+00:00,2024-08-06 00:00:00+00:00,122.86,139.21565942546175,tp,5,0.13312436452435092,0.13212436452435092,13.212436452435092
long,train,2024-08-06 08:00:00+00:00,2024-08-08 12:00:00+00:00,141.95,160.5109374409995,tp,14,0.13075686820006702,0.12975686820006702,12.975686820006702
long,train,2024-08-08 20:00:00+00:00,2024-08-12 20:00:00+00:00,155.82,146.31,timeout,25,-0.061031959953792785,-0.062031959953792785,-6.203195995379279
long,train,2024-08-13 04:00:00+00:00,2024-08-17 04:00:00+00:00,143.65,139.45,timeout,25,-0.029237730595196777,-0.030237730595196778,-3.023773059519678
long,train,2024-08-20 04:00:00+00:00,2024-08-23 20:00:00+00:00,145.58,152.02013535329783,tp,23,0.04423777547257741,0.04323777547257741,4.323777547257741
long,train,2024-08-24 12:00:00+00:00,2024-08-27 20:00:00+00:00,157.34,149.70911332965983,sl,21,-0.048499343271515026,-0.04949934327151503,-4.949934327151503
long,train,2024-08-29 12:00:00+00:00,2024-08-30 12:00:00+00:00,145.59,136.29341337860333,sl,7,-0.06385456845522818,-0.06485456845522818,-6.485456845522817
long,train,2024-09-02 00:00:00+00:00,2024-09-03 00:00:00+00:00,128.48,135.84252955148744,tp,7,0.0573048688627604,0.0563048688627604,5.6304868862760395
long,train,2024-09-04 00:00:00+00:00,2024-09-04 16:00:00+00:00,127.56,134.66708235003316,tp,5,0.05571560324579141,0.05471560324579141,5.471560324579141
long,train,2024-09-05 00:00:00+00:00,2024-09-06 16:00:00+00:00,133.61,124.41872619327388,sl,11,-0.06879181054356806,-0.06979181054356806,-6.979181054356806
long,train,2024-09-07 00:00:00+00:00,2024-09-09 16:00:00+00:00,125.03,132.84155271823164,tp,17,0.062477427163333904,0.0614774271633339,6.14774271633339
long,train,2024-09-10 00:00:00+00:00,2024-09-14 00:00:00+00:00,135.06,139.41,timeout,25,0.03220790759662368,0.03120790759662368,3.120790759662368
long,train,2024-09-14 08:00:00+00:00,2024-09-15 20:00:00+00:00,137.48,131.33099447154694,sl,10,-0.044726545886332895,-0.045726545886332896,-4.57265458863329
long,train,2024-09-16 20:00:00+00:00,2024-09-17 12:00:00+00:00,131.11,135.37342220267178,tp,5,0.032517902544975684,0.03151790254497568,3.1517902544975684
long,train,2024-09-18 16:00:00+00:00,2024-09-18 16:00:00+00:00,127.67,132.35197933883006,tp,1,0.03667250989919371,0.03567250989919371,3.567250989919371
long,train,2024-09-19 00:00:00+00:00,2024-09-19 12:00:00+00:00,134.32,139.9930332054198,tp,4,0.04223520849776514,0.04123520849776514,4.123520849776514
long,train,2024-09-19 20:00:00+00:00,2024-09-20 04:00:00+00:00,143.02,148.4588399884348,tp,3,0.03802852739780995,0.03702852739780995,3.702852739780995
long,train,2024-09-20 16:00:00+00:00,2024-09-24 16:00:00+00:00,147.86,148.28,timeout,25,0.0028405248207763255,0.0018405248207763254,0.18405248207763256
long,train,2024-09-25 00:00:00+00:00,2024-09-27 12:00:00+00:00,152.71,159.40767781516828,tp,16,0.04385880305918588,0.04285880305918588,4.285880305918588
long,train,2024-09-27 20:00:00+00:00,2024-10-01 12:00:00+00:00,157.58,149.07361249891846,sl,23,-0.0539813904117372,-0.0549813904117372,-5.49813904117372
long,train,2024-10-01 20:00:00+00:00,2024-10-03 08:00:00+00:00,145.42,136.12707257534336,sl,10,-0.06390405325716288,-0.06490405325716288,-6.490405325716288
long,train,2024-10-03 16:00:00+00:00,2024-10-04 16:00:00+00:00,135.6,144.05318468951273,tp,7,0.062339120129149994,0.06133912012914999,6.133912012914999
long,train,2024-10-05 04:00:00+00:00,2024-10-07 00:00:00+00:00,141.82,148.83926412686114,tp,12,0.0494941766102182,0.0484941766102182,4.84941766102182
long,train,2024-10-07 16:00:00+00:00,2024-10-09 12:00:00+00:00,148.71,141.05397776797776,sl,12,-0.05148290116348767,-0.05248290116348767,-5.248290116348767
long,train,2024-10-10 00:00:00+00:00,2024-10-11 12:00:00+00:00,139.33,144.7968338582017,tp,10,0.03923658837437509,0.03823658837437509,3.8236588374375087
long,train,2024-10-12 04:00:00+00:00,2024-10-14 00:00:00+00:00,145.15,150.2441375675687,tp,12,0.03509567735148955,0.03409567735148955,3.409567735148955
long,train,2024-10-14 08:00:00+00:00,2024-10-14 12:00:00+00:00,153.05,158.01781629291577,tp,2,0.03245878009092294,0.03145878009092294,3.145878009092294
long,train,2024-10-14 20:00:00+00:00,2024-10-17 16:00:00+00:00,155.65,149.0753587848324,sl,18,-0.042239905012320056,-0.04323990501232006,-4.3239905012320055
long,train,2024-10-18 00:00:00+00:00,2024-10-18 16:00:00+00:00,150.5,156.43312850109035,tp,5,0.03942278073814187,0.03842278073814187,3.842278073814187
long,train,2024-10-19 16:00:00+00:00,2024-10-20 20:00:00+00:00,156.48,161.6597079226669,tp,8,0.033101405436266114,0.03210140543626611,3.2101405436266113
long,train,2024-10-21 12:00:00+00:00,2024-10-23 16:00:00+00:00,166.45,172.39379268129412,tp,14,0.03570917801918971,0.03470917801918971,3.4709178019189713
long,train,2024-10-24 00:00:00+00:00,2024-10-24 20:00:00+00:00,170.86,178.6035489861263,tp,6,0.0453210171258708,0.0443210171258708,4.432101712587079
long,train,2024-10-25 04:00:00+00:00,2024-10-25 16:00:00+00:00,174.71,165.67227681635222,sl,4,-0.05172985623975608,-0.05272985623975608,-5.272985623975608
long,train,2024-10-26 00:00:00+00:00,2024-10-27 08:00:00+00:00,164.88,173.87784446811764,tp,9,0.05457207950095614,0.05357207950095614,5.357207950095614
long,train,2024-10-27 16:00:00+00:00,2024-10-29 16:00:00+00:00,175.79,183.07898462700328,tp,13,0.04146415966211552,0.04046415966211552,4.046415966211552
long,train,2024-10-30 00:00:00+00:00,2024-10-31 12:00:00+00:00,179.43,170.2784991609141,sl,10,-0.05100318140269694,-0.05200318140269694,-5.200318140269694
long,train,2024-11-01 16:00:00+00:00,2024-11-05 16:00:00+00:00,164.08,164.04,timeout,25,-0.00024378352023415688,-0.001243783520234157,-0.1243783520234157
long,train,2024-11-06 00:00:00+00:00,2024-11-06 00:00:00+00:00,166.63,174.48230197017654,tp,1,0.04712417914047015,0.04612417914047015,4.612417914047015
long,train,2024-11-06 08:00:00+00:00,2024-11-07 16:00:00+00:00,183.89,193.91836241306035,tp,9,0.05453457182587615,0.05353457182587615,5.353457182587615
long,train,2024-11-08 04:00:00+00:00,2024-11-10 04:00:00+00:00,198.19,208.22767650532342,tp,13,0.05064673548273585,0.04964673548273585,4.964673548273585
long,train,2024-11-10 16:00:00+00:00,2024-11-11 20:00:00+00:00,212.24,222.85105723668798,tp,8,0.04999555803188828,0.04899555803188828,4.899555803188828
long,train,2024-11-12 12:00:00+00:00,2024-11-16 12:00:00+00:00,211.16,215.03,timeout,25,0.01832733472248534,0.01732733472248534,1.732733472248534
long,train,2024-11-16 20:00:00+00:00,2024-11-17 04:00:00+00:00,216.27,229.63797925367527,tp,3,0.06181152843055097,0.060811528430550967,6.081152843055096
long,train,2024-11-17 12:00:00+00:00,2024-11-21 12:00:00+00:00,234.8,249.85708182695285,tp,25,0.06412726502109387,0.06312726502109386,6.312726502109387
long,train,2024-11-21 20:00:00+00:00,2024-11-25 20:00:00+00:00,253.94,234.9551125247037,sl,25,-0.07476131162989796,-0.07576131162989796,-7.576131162989796
long,train,2024-11-26 12:00:00+00:00,2024-11-27 20:00:00+00:00,227.7,243.07847995992574,tp,9,0.06753833974495281,0.06653833974495281,6.653833974495281
long,train,2024-11-29 20:00:00+00:00,2024-12-02 04:00:00+00:00,241.19,226.38917195941082,sl,15,-0.06136584452335993,-0.06236584452335993,-6.236584452335993
long,train,2024-12-02 12:00:00+00:00,2024-12-03 20:00:00+00:00,224.8,234.93838039453658,tp,9,0.045099556915198256,0.044099556915198256,4.4099556915198255
long,train,2024-12-04 16:00:00+00:00,2024-12-06 00:00:00+00:00,233.78,246.1863746001511,tp,9,0.0530685884171063,0.0520685884171063,5.20685884171063
long,train,2024-12-06 08:00:00+00:00,2024-12-09 20:00:00+00:00,239.33,218.35493144434432,sl,22,-0.08764078283397692,-0.08864078283397692,-8.864078283397692
long,train,2024-12-10 16:00:00+00:00,2024-12-11 08:00:00+00:00,206.53,221.7464261036289,tp,5,0.07367658985924026,0.07267658985924026,7.267658985924026
long,train,2024-12-11 16:00:00+00:00,2024-12-15 16:00:00+00:00,228.41,221.23,timeout,25,-0.03143470075740995,-0.03243470075740995,-3.243470075740995
long,oof,2024-12-14 20:00:00+00:00,2024-12-17 16:00:00+00:00,218.04,227.75821313417407,tp,18,0.044570781206081815,0.043570781206081814,4.357078120608182
long,oof,2024-12-19 00:00:00+00:00,2024-12-19 16:00:00+00:00,206.53,191.5960317244625,sl,5,-0.07230895402865199,-0.073308954028652,-7.330895402865199
long,oof,2024-12-20 12:00:00+00:00,2024-12-20 16:00:00+00:00,176.03,192.43943825552066,tp,2,0.09321955493677586,0.09221955493677586,9.221955493677585
long,oof,2024-12-21 00:00:00+00:00,2024-12-25 00:00:00+00:00,194.47,199.88,timeout,25,0.027819200905023895,0.026819200905023894,2.6819200905023894
long,oof,2024-12-25 08:00:00+00:00,2024-12-27 16:00:00+00:00,198.09,183.28036243163592,sl,15,-0.07476216653220294,-0.07576216653220294,-7.576216653220294
long,oof,2024-12-28 00:00:00+00:00,2024-12-28 16:00:00+00:00,184.24,194.4478936863077,tp,5,0.05540541514496145,0.05440541514496145,5.440541514496145
long,oof,2024-12-29 00:00:00+00:00,2025-01-02 00:00:00+00:00,195.51,198.5,timeout,25,0.015293335379264535,0.014293335379264534,1.4293335379264533
long,oof,2025-01-03 00:00:00+00:00,2025-01-03 12:00:00+00:00,208.29,217.39627706215194,tp,4,0.04371922349681668,0.04271922349681668,4.271922349681668
long,oof,2025-01-04 08:00:00+00:00,2025-01-07 12:00:00+00:00,216.76,206.41000712388822,sl,20,-0.04774862924945456,-0.04874862924945456,-4.8748629249454565
long,oof,2025-01-10 20:00:00+00:00,2025-01-13 08:00:00+00:00,190.22,176.86279045251115,sl,16,-0.07021979574959968,-0.07121979574959968,-7.121979574959967
long,oof,2025-01-13 16:00:00+00:00,2025-01-14 08:00:00+00:00,178.8,188.71299852235538,tp,5,0.05544182618766983,0.05444182618766983,5.444182618766983
long,oof,2025-01-15 16:00:00+00:00,2025-01-16 00:00:00+00:00,196.53,206.16185513483092,tp,3,0.04900959209703818,0.04800959209703818,4.800959209703818
long,oof,2025-01-16 16:00:00+00:00,2025-01-17 12:00:00+00:00,209.05,220.61325906556502,tp,6,0.05531336553726384,0.05431336553726384,5.431336553726384
long,oof,2025-01-18 04:00:00+00:00,2025-01-18 04:00:00+00:00,220.49,232.6387447760324,tp,1,0.055098847004546245,0.054098847004546244,5.409884700454624
long,oof,2025-01-18 12:00:00+00:00,2025-01-18 12:00:00+00:00,238.93,253.89111156708915,tp,1,0.06261713291377871,0.06161713291377871,6.161713291377871
long,oof,2025-01-18 20:00:00+00:00,2025-01-19 04:00:00+00:00,255.41,275.1476931369289,tp,3,0.077278466531964,0.076278466531964,7.6278466531964
long,oof,2025-01-19 12:00:00+00:00,2025-01-19 20:00:00+00:00,286.32,254.38540003892172,sl,3,-0.11153464641337761,-0.11253464641337761,-11.25346464133776
long,oof,2025-01-20 04:00:00+00:00,2025-01-24 04:00:00+00:00,241.57,259.72,timeout,25,0.07513350167653282,0.07413350167653282,7.413350167653282
long,oof,2025-01-24 12:00:00+00:00,2025-01-27 00:00:00+00:00,266.79,237.01236977495597,sl,16,-0.11161449164153096,-0.11261449164153096,-11.261449164153097
long,oof,2025-01-27 08:00:00+00:00,2025-01-31 08:00:00+00:00,227.52,238.76,timeout,25,0.049402250351617355,0.048402250351617354,4.840225035161735
long,oof,2025-01-31 20:00:00+00:00,2025-02-01 20:00:00+00:00,230.49,213.20291353674895,sl,7,-0.07500145977374748,-0.07600145977374748,-7.600145977374748
long,oof,2025-02-02 20:00:00+00:00,2025-02-03 00:00:00+00:00,203.53,184.81067431540737,sl,2,-0.09197329968354853,-0.09297329968354853,-9.297329968354854
long,oof,2025-02-03 08:00:00+00:00,2025-02-03 20:00:00+00:00,199.09,218.1113363058455,tp,4,0.09554139487591287,0.09454139487591287,9.454139487591288
long,oof,2025-02-04 04:00:00+00:00,2025-02-06 12:00:00+00:00,215.5,190.7357921434189,sl,15,-0.11491511766394939,-0.1159151176639494,-11.59151176639494
long,oof,2025-02-07 12:00:00+00:00,2025-02-11 12:00:00+00:00,198.46,199.49,timeout,25,0.005189962712889253,0.004189962712889253,0.4189962712889253
long,oof,2025-02-11 20:00:00+00:00,2025-02-15 20:00:00+00:00,195.65,194.48,timeout,25,-0.005980066445182806,-0.006980066445182806,-0.6980066445182805
long,oof,2025-02-21 16:00:00+00:00,2025-02-24 04:00:00+00:00,173.15,160.23481496443696,sl,16,-0.07458957571795,-0.07558957571795,-7.558957571795
long,oof,2025-02-25 00:00:00+00:00,2025-02-28 00:00:00+00:00,141.81,127.96962302998091,sl,19,-0.0975980323673866,-0.0985980323673866,-9.85980323673866
long,oof,2025-02-28 08:00:00+00:00,2025-02-28 12:00:00+00:00,128.53,139.95528238389747,tp,2,0.08889195039210665,0.08789195039210665,8.789195039210664
long,oof,2025-02-28 20:00:00+00:00,2025-03-02 12:00:00+00:00,146.32,158.7890981769033,tp,11,0.08521800284925722,0.08421800284925722,8.421800284925721
long,oof,2025-03-02 20:00:00+00:00,2025-03-03 16:00:00+00:00,172.18,153.75143264293797,sl,6,-0.10703082446893969,-0.10803082446893969,-10.803082446893969
long,oof,2025-03-04 00:00:00+00:00,2025-03-08 00:00:00+00:00,142.15,139.68,timeout,25,-0.017376011255715786,-0.018376011255715786,-1.8376011255715787
long,oof,2025-03-08 08:00:00+00:00,2025-03-10 12:00:00+00:00,138.76,122.80028184784021,sl,14,-0.115016706198903,-0.116016706198903,-11.6016706198903
long,oof,2025-03-10 20:00:00+00:00,2025-03-12 12:00:00+00:00,119.74,130.73673611270505,tp,11,0.09183845091619385,0.09083845091619384,9.083845091619384
long,oof,2025-03-14 00:00:00+00:00,2025-03-14 12:00:00+00:00,123.39,132.32115126001455,tp,4,0.07238148358873932,0.07138148358873932,7.138148358873932
long,oof,2025-03-14 20:00:00+00:00,2025-03-18 00:00:00+00:00,134.28,123.69787270374562,sl,20,-0.07880642907547203,-0.07980642907547203,-7.980642907547203
long,oof,2025-03-18 08:00:00+00:00,2025-03-19 12:00:00+00:00,125.2,131.93885637874462,tp,8,0.05382473145962152,0.05282473145962152,5.282473145962152
long,oof,2025-03-19 20:00:00+00:00,2025-03-23 20:00:00+00:00,133.03,132.84,timeout,25,-0.0014282492670825958,-0.002428249267082596,-0.24282492670825961
long,oof,2025-03-24 04:00:00+00:00,2025-03-24 08:00:00+00:00,138.17,143.80379248882167,tp,2,0.040774353975694316,0.039774353975694315,3.9774353975694314
long,oof,2025-03-24 16:00:00+00:00,2025-03-26 20:00:00+00:00,143.24,135.96504459824104,sl,14,-0.050788574432832814,-0.051788574432832815,-5.178857443283282
long,oof,2025-03-27 04:00:00+00:00,2025-03-28 04:00:00+00:00,139.91,131.5698944582357,sl,7,-0.05961050347912446,-0.06061050347912446,-6.061050347912446
long,oof,2025-03-29 00:00:00+00:00,2025-04-02 00:00:00+00:00,129.49,124.32,timeout,25,-0.03992586300100406,-0.04092586300100406,-4.092586300100406
long,oof,2025-04-02 16:00:00+00:00,2025-04-02 20:00:00+00:00,130.42,122.36718664476665,sl,2,-0.06174523351658749,-0.06274523351658749,-6.2745233516587495
long,oof,2025-04-04 12:00:00+00:00,2025-04-04 16:00:00+00:00,114.53,122.69970479995963,tp,2,0.0713324439008088,0.0703324439008088,7.033244390080879
long,oof,2025-04-07 12:00:00+00:00,2025-04-07 12:00:00+00:00,100.29,108.91801497843048,tp,1,0.08603066086778811,0.08503066086778811,8.503066086778812
long,oof,2025-04-07 20:00:00+00:00,2025-04-09 16:00:00+00:00,105.76,115.59119658854465,tp,12,0.09295760768291077,0.09195760768291077,9.195760768291077
long,oof,2025-04-10 00:00:00+00:00,2025-04-12 12:00:00+00:00,119.05,129.64530084167225,tp,16,0.08899874709510505,0.08799874709510505,8.799874709510505
long,oof,2025-04-13 04:00:00+00:00,2025-04-17 04:00:00+00:00,131.81,134.26,timeout,25,0.018587360594795453,0.017587360594795452,1.7587360594795451
long,oof,2025-04-17 12:00:00+00:00,2025-04-20 00:00:00+00:00,133.11,141.1323979277436,tp,16,0.060268934924074695,0.059268934924074694,5.926893492407469
long,oof,2025-04-20 08:00:00+00:00,2025-04-22 12:00:00+00:00,139.61,145.2995067793938,tp,14,0.04075285996270884,0.03975285996270884,3.975285996270884
long,oof,2025-04-22 20:00:00+00:00,2025-04-23 04:00:00+00:00,144.24,150.78106709088956,tp,3,0.04534849619307789,0.04434849619307789,4.434849619307789
long,oof,2025-04-23 16:00:00+00:00,2025-04-27 16:00:00+00:00,151.38,150.03,timeout,25,-0.008917954815695564,-0.009917954815695563,-0.9917954815695563
long,oof,2025-04-28 00:00:00+00:00,2025-04-30 12:00:00+00:00,148.0,141.06580949322924,sl,16,-0.0468526385592619,-0.047852638559261904,-4.78526385592619
long,oof,2025-05-01 04:00:00+00:00,2025-05-05 04:00:00+00:00,148.7,146.88,timeout,25,-0.012239408204438421,-0.013239408204438422,-1.3239408204438423
long,oof,2025-05-05 20:00:00+00:00,2025-05-08 04:00:00+00:00,146.5,151.5025542036191,tp,15,0.03414712766975494,0.03314712766975494,3.314712766975494
long,oof,2025-05-08 16:00:00+00:00,2025-05-09 04:00:00+00:00,160.23,166.56475743988517,tp,4,0.03953540185910991,0.03853540185910991,3.8535401859109912
long,oof,2025-05-09 12:00:00+00:00,2025-05-12 12:00:00+00:00,172.33,180.3869379836662,tp,19,0.04675296224491492,0.045752962244914916,4.575296224491492
long,oof,2025-05-12 20:00:00+00:00,2025-05-13 16:00:00+00:00,171.21,180.96390801926222,tp,6,0.056970434082484735,0.055970434082484734,5.5970434082484735
long,oof,2025-05-14 04:00:00+00:00,2025-05-15 12:00:00+00:00,180.29,167.16048600557207,sl,9,-0.07282441618740876,-0.07382441618740876,-7.3824416187408755
long,oof,2025-05-15 20:00:00+00:00,2025-05-19 20:00:00+00:00,169.76,166.84,timeout,25,-0.017200754005654968,-0.01820075400565497,-1.8200754005654969
long,oof,2025-05-20 04:00:00+00:00,2025-05-22 08:00:00+00:00,169.2,179.06702018120862,tp,14,0.05831572211116212,0.05731572211116212,5.731572211116212
long,oof,2025-05-22 16:00:00+00:00,2025-05-26 16:00:00+00:00,179.02,174.06,timeout,25,-0.02770640151938335,-0.028706401519383352,-2.870640151938335
long,oof,2025-05-27 00:00:00+00:00,2025-05-30 00:00:00+00:00,174.91,165.55804802329752,sl,19,-0.05346722301013367,-0.054467223010133674,-5.446722301013367
long,oof,2025-05-30 20:00:00+00:00,2025-06-01 08:00:00+00:00,160.81,151.3359538908159,sl,10,-0.058914533357279496,-0.0599145333572795,-5.991453335727949
long,oof,2025-06-02 00:00:00+00:00,2025-06-05 12:00:00+00:00,157.68,148.96833499133595,sl,22,-0.05524901705139559,-0.05624901705139559,-5.624901705139559
long,oof,2025-06-08 20:00:00+00:00,2025-06-09 20:00:00+00:00,154.48,159.746563444581,tp,7,0.03409220251541306,0.03309220251541306,3.309220251541306
long,oof,2025-06-10 08:00:00+00:00,2025-06-10 16:00:00+00:00,158.48,164.45687976701132,tp,3,0.03771377944858232,0.03671377944858232,3.6713779448582318
long,oof,2025-06-12 00:00:00+00:00,2025-06-13 00:00:00+00:00,160.99,151.5438873454363,sl,7,-0.05867515159055659,-0.05967515159055659,-5.967515159055659
long,oof,2025-06-16 20:00:00+00:00,2025-06-17 00:00:00+00:00,157.81,149.2090439074476,sl,2,-0.05450197131076861,-0.05550197131076861,-5.550197131076861
long,oof,2025-06-17 12:00:00+00:00,2025-06-20 16:00:00+00:00,150.55,141.28061726990347,sl,20,-0.06157012773229185,-0.06257012773229184,-6.257012773229184
long,oof,2025-06-24 00:00:00+00:00,2025-06-28 00:00:00+00:00,144.52,143.4,timeout,25,-0.007749792416274595,-0.008749792416274594,-0.8749792416274594
long,oof,2025-06-28 08:00:00+00:00,2025-06-29 20:00:00+00:00,146.56,153.03341423138335,tp,10,0.044169038150814306,0.043169038150814305,4.316903815081431
long,oof,2025-06-30 04:00:00+00:00,2025-06-30 12:00:00+00:00,151.79,157.47052164692258,tp,3,0.0374235565381289,0.0364235565381289,3.64235565381289
long,oof,2025-06-30 20:00:00+00:00,2025-07-01 04:00:00+00:00,157.77,149.6527650341734,sl,3,-0.05144980012566781,-0.052449800125667814,-5.244980012566781
long,oof,2025-07-01 20:00:00+00:00,2025-07-02 16:00:00+00:00,145.45,151.86810075554897,tp,6,0.04412582162632504,0.04312582162632504,4.312582162632504
long,oof,2025-07-03 04:00:00+00:00,2025-07-04 16:00:00+00:00,153.4,145.97463530699656,sl,10,-0.04840524571710199,-0.04940524571710199,-4.940524571710199
long,oof,2025-07-05 20:00:00+00:00,2025-07-06 12:00:00+00:00,146.89,151.78140267303354,tp,5,0.03329976630835015,0.03229976630835015,3.229976630835015
long,oof,2025-07-06 20:00:00+00:00,2025-07-09 16:00:00+00:00,151.3,155.93156179143344,tp,18,0.030611776546156155,0.029611776546156154,2.961177654615615
long,oof,2025-07-10 00:00:00+00:00,2025-07-10 20:00:00+00:00,157.07,162.07605385672704,tp,6,0.03187148313953683,0.03087148313953683,3.087148313953683
long,oof,2025-07-11 08:00:00+00:00,2025-07-15 08:00:00+00:00,163.27,159.83,timeout,25,-0.021069394254915157,-0.022069394254915158,-2.2069394254915156
long,oof,2025-07-15 16:00:00+00:00,2025-07-16 08:00:00+00:00,160.48,167.03985611570397,tp,5,0.04087647130922221,0.03987647130922221,3.9876471309222206
long,oof,2025-07-16 16:00:00+00:00,2025-07-16 20:00:00+00:00,168.43,175.27433384978636,tp,2,0.040636073441704876,0.039636073441704875,3.9636073441704873
long,oof,2025-07-17 04:00:00+00:00,2025-07-17 08:00:00+00:00,169.53,177.1482439752116,tp,2,0.044937438655173786,0.043937438655173786,4.393743865517378
long,oof,2025-07-17 16:00:00+00:00,2025-07-18 04:00:00+00:00,174.11,182.2239803256341,tp,4,0.04660260941723099,0.04560260941723099,4.560260941723099
long,oof,2025-07-18 12:00:00+00:00,2025-07-21 04:00:00+00:00,178.44,187.25666845853968,tp,17,0.04940970891358261,0.04840970891358261,4.8409708913582605
long,oof,2025-07-21 12:00:00+00:00,2025-07-22 00:00:00+00:00,191.39,199.70333491203925,tp,4,0.043436621098486165,0.042436621098486164,4.243662109848616
long,oof,2025-07-22 08:00:00+00:00,2025-07-23 20:00:00+00:00,198.08,185.36075555503336,sl,10,-0.0642126637972872,-0.0652126637972872,-6.52126637972872
long,oof,2025-07-24 04:00:00+00:00,2025-07-25 00:00:00+00:00,189.89,175.97695135901452,sl,6,-0.07326899068400372,-0.07426899068400372,-7.426899068400372
long,oof,2025-07-25 08:00:00+00:00,2025-07-26 08:00:00+00:00,177.55,189.53658408012473,tp,7,0.06751103396296657,0.06651103396296656,6.651103396296657
long,oof,2025-07-28 00:00:00+00:00,2025-07-29 16:00:00+00:00,188.66,178.5322060766996,sl,11,-0.053682783437402744,-0.054682783437402745,-5.468278343740274
long,oof,2025-07-30 20:00:00+00:00,2025-08-01 12:00:00+00:00,176.12,164.79058202435277,sl,11,-0.06432783315720662,-0.06532783315720662,-6.532783315720662
long,oof,2025-08-02 16:00:00+00:00,2025-08-05 00:00:00+00:00,161.5,169.85231493554593,tp,15,0.05171712034393767,0.05071712034393767,5.071712034393767
long,oof,2025-08-05 12:00:00+00:00,2025-08-05 20:00:00+00:00,170.88,161.57633652280958,sl,3,-0.05444559619142329,-0.055445596191423294,-5.544559619142329
long,oof,2025-08-07 20:00:00+00:00,2025-08-08 16:00:00+00:00,171.77,179.16832510251504,tp,6,0.0430711131310184,0.0420711131310184,4.20711131310184
long,oof,2025-08-09 12:00:00+00:00,2025-08-12 16:00:00+00:00,180.8,188.05490173696927,tp,20,0.04012666889916625,0.03912666889916625,3.912666889916625
long,oof,2025-08-13 16:00:00+00:00,2025-08-14 00:00:00+00:00,197.45,207.85369718597164,tp,3,0.052690287090259066,0.051690287090259066,5.169028709025906
long,oof,2025-08-14 08:00:00+00:00,2025-08-14 12:00:00+00:00,205.66,192.26098737086969,sl,2,-0.0651512818687655,-0.0661512818687655,-6.615128186876549
long,oof,2025-08-14 20:00:00+00:00,2025-08-18 20:00:00+00:00,192.92,182.93,timeout,25,-0.05178312253783942,-0.05278312253783942,-5.278312253783942
long,oof,2025-08-19 04:00:00+00:00,2025-08-20 16:00:00+00:00,178.52,187.4111617490767,tp,10,0.04980484959151188,0.04880484959151188,4.880484959151188
long,oof,2025-08-21 04:00:00+00:00,2025-08-22 12:00:00+00:00,188.41,177.55020010371933,sl,9,-0.05763919057523838,-0.05863919057523838,-5.863919057523838
long,oof,2025-08-22 20:00:00+00:00,2025-08-24 00:00:00+00:00,198.99,209.20506723021597,tp,8,0.05133457575866106,0.05033457575866106,5.033457575866105
long,oof,2025-08-24 08:00:00+00:00,2025-08-25 16:00:00+00:00,206.68,194.28731496199745,sl,9,-0.05996073658797442,-0.06096073658797442,-6.096073658797442
long,oof,2025-08-26 00:00:00+00:00,2025-08-27 00:00:00+00:00,187.22,199.64709415547026,tp,7,0.06637695842041585,0.06537695842041585,6.537695842041585
long,oof,2025-08-27 08:00:00+00:00,2025-08-28 08:00:00+00:00,202.45,213.88157570943298,tp,7,0.05646616798929608,0.05546616798929608,5.546616798929608
long,oof,2025-08-28 16:00:00+00:00,2025-09-01 00:00:00+00:00,211.06,196.3652899793781,sl,21,-0.06962337733640622,-0.07062337733640622,-7.062337733640622
long,oof,2025-09-02 16:00:00+00:00,2025-09-03 00:00:00+00:00,200.28,210.1155422889884,tp,3,0.049108958902478496,0.048108958902478495,4.810895890247849
long,oof,2025-09-03 08:00:00+00:00,2025-09-07 08:00:00+00:00,209.34,203.98,timeout,25,-0.025604280118467628,-0.02660428011846763,-2.6604280118467627
long,oof,2025-09-07 20:00:00+00:00,2025-09-08 08:00:00+00:00,203.08,209.30518615214146,tp,4,0.030653861296737476,0.029653861296737475,2.9653861296737474
long,oof,2025-09-08 16:00:00+00:00,2025-09-10 04:00:00+00:00,215.03,222.2088001688044,tp,10,0.03338510983957774,0.032385109839577736,3.2385109839577737
long,oof,2025-09-10 12:00:00+00:00,2025-09-11 12:00:00+00:00,220.23,228.02321346881092,tp,7,0.03538670239663503,0.03438670239663503,3.438670239663503
long,oof,2025-09-11 20:00:00+00:00,2025-09-12 00:00:00+00:00,226.6,234.40688201509474,tp,2,0.03445225955469878,0.03345225955469878,3.345225955469878
long,oof,2025-09-12 08:00:00+00:00,2025-09-14 00:00:00+00:00,237.37,245.876792925351,tp,11,0.03583769189598936,0.034837691895989356,3.483769189598936
long,oof,2025-09-14 08:00:00+00:00,2025-09-15 08:00:00+00:00,246.4,235.73699473599308,sl,7,-0.04327518370132681,-0.04427518370132681,-4.427518370132681
long,oof,2025-09-15 16:00:00+00:00,2025-09-17 20:00:00+00:00,233.0,242.8311259774162,tp,14,0.042193673722816336,0.041193673722816335,4.1193673722816335
long,oof,2025-09-18 04:00:00+00:00,2025-09-22 00:00:00+00:00,246.73,234.67600865008853,sl,24,-0.04885498865120357,-0.04985498865120357,-4.985498865120357
long,oof,2025-09-22 08:00:00+00:00,2025-09-24 00:00:00+00:00,221.89,209.88621270139316,sl,11,-0.05409791923298402,-0.05509791923298402,-5.509791923298402
long,oof,2025-09-25 08:00:00+00:00,2025-09-25 20:00:00+00:00,204.2,191.93505451644623,sl,4,-0.06006339609967561,-0.061063396099675614,-6.106339609967561
long,oof,2025-09-27 16:00:00+00:00,2025-09-29 12:00:00+00:00,203.55,213.0652507025506,tp,12,0.04674650308302917,0.04574650308302917,4.574650308302917
long,oof,2025-10-01 00:00:00+00:00,2025-10-01 08:00:00+00:00,208.7,217.1456091572923,tp,3,0.04046770080159236,0.039467700801592356,3.9467700801592356
long,oof,2025-10-02 08:00:00+00:00,2025-10-02 16:00:00+00:00,222.93,231.8169213604483,tp,3,0.03986417871281702,0.03886417871281702,3.886417871281702
long,oof,2025-10-03 08:00:00+00:00,2025-10-07 08:00:00+00:00,229.42,230.48,timeout,25,0.004620346961903942,0.003620346961903942,0.3620346961903942
long,oof,2025-10-07 16:00:00+00:00,2025-10-10 12:00:00+00:00,223.82,211.90366953530935,sl,18,-0.053240686554779044,-0.054240686554779045,-5.424068655477905
long,oof,2025-10-11 00:00:00+00:00,2025-10-11 20:00:00+00:00,187.77,173.29103747161875,sl,6,-0.07711009494797497,-0.07811009494797497,-7.811009494797497
long,oof,2025-10-12 16:00:00+00:00,2025-10-13 16:00:00+00:00,191.23,205.08858779100964,tp,7,0.07247078277994903,0.07147078277994903,7.147078277994903
long,oof,2025-10-14 08:00:00+00:00,2025-10-17 08:00:00+00:00,194.47,176.15665984021246,sl,19,-0.09417051555400598,-0.09517051555400598,-9.517051555400597
long,oof,2025-10-18 04:00:00+00:00,2025-10-22 04:00:00+00:00,184.81,185.0,timeout,25,0.0010280828959471767,2.8082895947176712e-05,0.002808289594717671
long,oof,2025-10-22 16:00:00+00:00,2025-10-24 04:00:00+00:00,183.99,194.07628626081953,tp,10,0.054819752491002335,0.053819752491002334,5.3819752491002335
long,oof,2025-10-24 12:00:00+00:00,2025-10-26 20:00:00+00:00,192.15,200.98791865361872,tp,15,0.04599489281092227,0.04499489281092227,4.4994892810922265
long,oof,2025-10-27 08:00:00+00:00,2025-10-28 20:00:00+00:00,202.52,193.47015618748463,sl,10,-0.04468617327925823,-0.04568617327925823,-4.568617327925823
long,oof,2025-10-29 12:00:00+00:00,2025-10-30 12:00:00+00:00,198.74,188.63151696750674,sl,7,-0.05086285112455101,-0.05186285112455101,-5.186285112455101
long,oof,2025-10-30 20:00:00+00:00,2025-10-31 12:00:00+00:00,179.02,189.5138427572874,tp,5,0.05861827034570093,0.05761827034570093,5.761827034570093
long,oof,2025-11-03 04:00:00+00:00,2025-11-03 12:00:00+00:00,177.56,167.08519327955196,sl,3,-0.05899305429403043,-0.05999305429403043,-5.999305429403043
long,oof,2025-11-04 20:00:00+00:00,2025-11-08 20:00:00+00:00,154.63,158.0,timeout,25,0.021793959774946678,0.020793959774946677,2.0793959774946678
long,ooc,2025-11-07 16:00:00+00:00,2025-11-09 16:00:00+00:00,155.42,165.62735533654742,tp,13,0.06567594477253531,0.06467594477253531,6.467594477253531
long,ooc,2025-11-11 04:00:00+00:00,2025-11-11 16:00:00+00:00,169.97,159.3377441267379,sl,4,-0.0625537204992769,-0.0635537204992769,-6.3553720499276904
long,ooc,2025-11-12 12:00:00+00:00,2025-11-13 16:00:00+00:00,160.01,149.77319751965445,sl,8,-0.06397601700109709,-0.06497601700109709,-6.497601700109709
long,ooc,2025-11-17 16:00:00+00:00,2025-11-21 04:00:00+00:00,137.17,127.3936933266498,sl,22,-0.07127146368265797,-0.07227146368265797,-7.227146368265797
long,ooc,2025-11-21 16:00:00+00:00,2025-11-24 16:00:00+00:00,125.41,135.90676852740157,tp,19,0.08369961348697529,0.08269961348697528,8.269961348697528
long,ooc,2025-11-25 00:00:00+00:00,2025-11-29 00:00:00+00:00,138.42,136.85,timeout,25,-0.011342291576361749,-0.012342291576361748,-1.2342291576361748
long,ooc,2025-11-29 08:00:00+00:00,2025-12-01 00:00:00+00:00,137.28,130.1427220972468,sl,11,-0.051990660713528536,-0.05299066071352854,-5.299066071352854
long,ooc,2025-12-02 16:00:00+00:00,2025-12-03 20:00:00+00:00,137.82,144.53685711912323,tp,8,0.04873644695344096,0.04773644695344096,4.773644695344096
long,ooc,2025-12-04 16:00:00+00:00,2025-12-05 12:00:00+00:00,143.21,135.28857025534793,sl,6,-0.05531338415370486,-0.05631338415370486,-5.631338415370486
long,ooc,2025-12-06 12:00:00+00:00,2025-12-08 08:00:00+00:00,133.22,138.73211547528607,tp,12,0.041376035694986234,0.04037603569498623,4.037603569498623
long,ooc,2025-12-09 16:00:00+00:00,2025-12-09 16:00:00+00:00,138.44,144.72509812158438,tp,1,0.04539943745726945,0.04439943745726945,4.4399437457269455
long,ooc,2025-12-10 00:00:00+00:00,2025-12-11 00:00:00+00:00,137.88,129.02641847864948,sl,7,-0.06421222455287584,-0.06521222455287584,-6.521222455287584
long,ooc,2025-12-12 08:00:00+00:00,2025-12-14 16:00:00+00:00,139.09,130.0586995262852,sl,15,-0.06493134282633398,-0.06593134282633398,-6.593134282633398
long,ooc,2025-12-15 04:00:00+00:00,2025-12-15 16:00:00+00:00,131.19,124.60608266815595,sl,4,-0.05018612189834628,-0.05118612189834628,-5.118612189834628
long,ooc,2025-12-17 20:00:00+00:00,2025-12-21 20:00:00+00:00,122.42,126.03,timeout,25,0.029488645646136246,0.028488645646136245,2.8488645646136246
long,ooc,2025-12-22 12:00:00+00:00,2025-12-24 04:00:00+00:00,127.01,121.36792112235206,sl,11,-0.0444223201137544,-0.045422320113754404,-4.54223201137544
long,ooc,2025-12-24 20:00:00+00:00,2025-12-28 20:00:00+00:00,122.88,125.27,timeout,25,0.01944986979166667,0.01844986979166667,1.844986979166667
long,ooc,2025-12-29 04:00:00+00:00,2025-12-29 12:00:00+00:00,128.58,123.82833050699706,sl,3,-0.036954965725641234,-0.037954965725641235,-3.7954965725641236
long,ooc,2025-12-31 04:00:00+00:00,2026-01-02 08:00:00+00:00,125.82,129.50804549528237,tp,14,0.02931207673885218,0.02831207673885218,2.831207673885218
long,ooc,2026-01-02 16:00:00+00:00,2026-01-02 20:00:00+00:00,128.97,132.49053330206712,tp,2,0.0272973040402196,0.0262973040402196,2.62973040402196
long,ooc,2026-01-03 08:00:00+00:00,2026-01-04 00:00:00+00:00,130.11,134.0549857257481,tp,5,0.030320388331012964,0.029320388331012963,2.9320388331012963
long,ooc,2026-01-04 08:00:00+00:00,2026-01-05 00:00:00+00:00,133.82,137.48714938157045,tp,5,0.027403597231882036,0.026403597231882035,2.6403597231882037
long,ooc,2026-01-05 08:00:00+00:00,2026-01-05 20:00:00+00:00,135.42,139.36517591247437,tp,4,0.02913288962098939,0.02813288962098939,2.8132889620989388
long,ooc,2026-01-06 08:00:00+00:00,2026-01-06 12:00:00+00:00,137.6,141.99403795677642,tp,2,0.031933415383549636,0.030933415383549635,3.0933415383549634
long,ooc,2026-01-06 20:00:00+00:00,2026-01-10 20:00:00+00:00,137.56,135.86,timeout,25,-0.012358243675486977,-0.013358243675486978,-1.3358243675486978
long,ooc,2026-01-11 16:00:00+00:00,2026-01-12 00:00:00+00:00,138.44,142.4265892720164,tp,3,0.02879651308882117,0.027796513088821168,2.7796513088821166
long,ooc,2026-01-12 20:00:00+00:00,2026-01-13 20:00:00+00:00,141.01,146.1386812079327,tp,7,0.036371046081361005,0.035371046081361004,3.5371046081361004
long,ooc,2026-01-14 04:00:00+00:00,2026-01-18 04:00:00+00:00,146.29,142.14,timeout,25,-0.028368309522182007,-0.029368309522182008,-2.936830952218201
long,ooc,2026-01-19 00:00:00+00:00,2026-01-19 00:00:00+00:00,137.87,132.80230221160733,sl,1,-0.03675707397107912,-0.03775707397107912,-3.775707397107912
long,ooc,2026-01-20 12:00:00+00:00,2026-01-24 12:00:00+00:00,128.81,126.85,timeout,25,-0.01521620992159,-0.01621620992159,-1.6216209921590001
long,ooc,2026-01-25 20:00:00+00:00,2026-01-26 00:00:00+00:00,117.96,122.07009838036194,tp,2,0.03484315344491308,0.03384315344491308,3.384315344491308
long,ooc,2026-01-28 12:00:00+00:00,2026-01-29 00:00:00+00:00,128.15,123.24291017639734,sl,4,-0.038291766083516664,-0.039291766083516665,-3.9291766083516664
long,ooc,2026-01-29 16:00:00+00:00,2026-01-31 12:00:00+00:00,117.69,111.88895673383689,sl,12,-0.049290876592430165,-0.050290876592430166,-5.029087659243016
long,ooc,2026-01-31 20:00:00+00:00,2026-02-04 12:00:00+00:00,101.77,92.29183629840738,sl,23,-0.09313317973462337,-0.09413317973462337,-9.413317973462338
long,ooc,2026-02-05 00:00:00+00:00,2026-02-05 16:00:00+00:00,92.12,82.45137102938232,sl,5,-0.10495689286384811,-0.10595689286384812,-10.595689286384811
long,ooc,2026-02-06 00:00:00+00:00,2026-02-06 00:00:00+00:00,78.35,67.9202876567642,sl,1,-0.13311694120275422,-0.13411694120275422,-13.411694120275422
long,ooc,2026-02-06 16:00:00+00:00,2026-02-10 16:00:00+00:00,84.47,83.1,timeout,25,-0.016218775896768137,-0.017218775896768138,-1.7218775896768137
long,ooc,2026-02-13 16:00:00+00:00,2026-02-14 16:00:00+00:00,83.2,88.1408243253768,tp,7,0.05938490775693263,0.05838490775693263,5.838490775693263
long,ooc,2026-02-15 12:00:00+00:00,2026-02-16 12:00:00+00:00,89.18,83.98591028915745,sl,7,-0.058242764194242666,-0.05924276419424267,-5.924276419424267
long,ooc,2026-02-17 00:00:00+00:00,2026-02-18 16:00:00+00:00,86.45,80.93938611615721,sl,11,-0.06374336476394209,-0.06474336476394209,-6.474336476394209
long,ooc,2026-02-19 12:00:00+00:00,2026-02-20 16:00:00+00:00,81.24,84.9678524982368,tp,8,0.045886909136346625,0.044886909136346624,4.488690913634662
long,ooc,2026-02-21 16:00:00+00:00,2026-02-23 00:00:00+00:00,86.6,82.39304311675923,sl,9,-0.048579178790309055,-0.049579178790309056,-4.957917879030906
long,ooc,2026-02-25 16:00:00+00:00,2026-02-25 20:00:00+00:00,85.99,89.9577005573904,tp,2,0.04614141827410631,0.04514141827410631,4.514141827410631
long,ooc,2026-02-26 04:00:00+00:00,2026-02-27 12:00:00+00:00,87.95,82.26674648114673,sl,9,-0.06461914177206682,-0.06561914177206682,-6.561914177206682
long,ooc,2026-02-28 12:00:00+00:00,2026-02-28 20:00:00+00:00,78.77,83.33122010882855,tp,3,0.05790554917898376,0.05690554917898376,5.690554917898376
long,ooc,2026-03-01 04:00:00+00:00,2026-03-04 16:00:00+00:00,88.02,93.19241273240972,tp,22,0.05876406194512299,0.05776406194512299,5.776406194512299
long,ooc,2026-03-05 00:00:00+00:00,2026-03-07 16:00:00+00:00,90.87,83.30799379584239,sl,17,-0.08321785192206022,-0.08421785192206022,-8.421785192206022
long,ooc,2026-03-08 04:00:00+00:00,2026-03-09 16:00:00+00:00,82.35,86.10880396285611,tp,10,0.045644249700742205,0.044644249700742204,4.46442497007422
long,ooc,2026-03-10 16:00:00+00:00,2026-03-13 12:00:00+00:00,88.35,92.4203460863033,tp,18,0.04607069707191062,0.045070697071910616,4.507069707191062
long,ooc,2026-03-13 20:00:00+00:00,2026-03-15 20:00:00+00:00,88.92,93.1785301684714,tp,13,0.04789170229949837,0.04689170229949837,4.689170229949837
long,ooc,2026-03-16 04:00:00+00:00,2026-03-16 20:00:00+00:00,93.17,96.84563451213405,tp,5,0.0394508373095852,0.0384508373095852,3.8450837309585197
long,ooc,2026-03-17 04:00:00+00:00,2026-03-18 12:00:00+00:00,94.08,88.99655600958025,sl,9,-0.05403320568048206,-0.05503320568048206,-5.503320568048206
long,ooc,2026-03-18 20:00:00+00:00,2026-03-22 20:00:00+00:00,89.7,86.21,timeout,25,-0.03890746934225205,-0.039907469342252054,-3.9907469342252053
long,ooc,2026-03-23 12:00:00+00:00,2026-03-25 04:00:00+00:00,88.78,92.75835959370316,tp,11,0.04481143944247759,0.04381143944247759,4.381143944247759
long,ooc,2026-03-25 12:00:00+00:00,2026-03-26 08:00:00+00:00,92.99,88.12098721187563,sl,6,-0.052360606389121045,-0.053360606389121046,-5.336060638912104
long,ooc,2026-03-26 16:00:00+00:00,2026-03-27 08:00:00+00:00,87.54,82.97168269827328,sl,5,-0.05218548436973637,-0.05318548436973637,-5.3185484369736375
long,ooc,2026-03-28 08:00:00+00:00,2026-03-29 20:00:00+00:00,83.61,79.48174966219068,sl,10,-0.04937507879212199,-0.05037507879212199,-5.037507879212199
long,ooc,2026-03-31 12:00:00+00:00,2026-04-01 04:00:00+00:00,80.88,84.40887347114179,tp,5,0.04363097763528429,0.04263097763528429,4.263097763528429
long,ooc,2026-04-01 12:00:00+00:00,2026-04-02 00:00:00+00:00,83.37,79.18084317307726,sl,4,-0.05024777290299556,-0.051247772902995564,-5.124777290299557
long,ooc,2026-04-02 16:00:00+00:00,2026-04-06 08:00:00+00:00,79.05,83.01657517917118,tp,23,0.05017805413246283,0.04917805413246283,4.917805413246283
long,ooc,2026-04-07 00:00:00+00:00,2026-04-07 20:00:00+00:00,80.01,82.82907415761618,tp,6,0.03523402271736247,0.03423402271736247,3.423402271736247
long,ooc,2026-04-08 04:00:00+00:00,2026-04-12 04:00:00+00:00,84.56,82.28,timeout,25,-0.026963103122043534,-0.027963103122043535,-2.7963103122043536
long,ooc,2026-04-12 12:00:00+00:00,2026-04-13 20:00:00+00:00,82.22,84.98666592639489,tp,9,0.03364954909261607,0.03264954909261607,3.264954909261607
long,ooc,2026-04-14 04:00:00+00:00,2026-04-16 16:00:00+00:00,86.05,88.93701064385803,tp,16,0.03355038516976216,0.03255038516976216,3.2550385169762155
long,ooc,2026-04-17 04:00:00+00:00,2026-04-19 20:00:00+00:00,87.73,83.53511583528628,sl,17,-0.047815845944531254,-0.048815845944531255,-4.881584594453125
long,ooc,2026-04-21 20:00:00+00:00,2026-04-22 00:00:00+00:00,84.58,87.35166715635661,tp,2,0.032769770115353675,0.031769770115353674,3.1769770115353673
long,ooc,2026-04-22 08:00:00+00:00,2026-04-26 08:00:00+00:00,88.07,86.48,timeout,25,-0.01805382082434415,-0.01905382082434415,-1.9053820824344152
long,ooc,2026-04-27 00:00:00+00:00,2026-04-27 12:00:00+00:00,86.93,84.68771495599074,sl,4,-0.025794145220398763,-0.026794145220398764,-2.679414522039876
long,ooc,2026-04-29 04:00:00+00:00,2026-04-29 16:00:00+00:00,84.59,82.13980279839471,sl,4,-0.02896556568867823,-0.029965565688678232,-2.996556568867823
long,ooc,2026-05-01 20:00:00+00:00,2026-05-04 04:00:00+00:00,83.89,85.8384904807784,tp,15,0.02322673120489216,0.02222673120489216,2.222673120489216
long,ooc,2026-05-04 12:00:00+00:00,2026-05-05 12:00:00+00:00,83.96,85.89917131276226,tp,7,0.02309637104290459,0.02209637104290459,2.209637104290459
long,ooc,2026-05-06 00:00:00+00:00,2026-05-06 08:00:00+00:00,86.29,88.25432206006117,tp,3,0.022764191216376916,0.021764191216376915,2.1764191216376916
long,ooc,2026-05-06 16:00:00+00:00,2026-05-08 16:00:00+00:00,88.97,91.41828827460972,tp,13,0.027518132793185605,0.026518132793185604,2.6518132793185605
long,ooc,2026-05-09 16:00:00+00:00,2026-05-10 16:00:00+00:00,93.0,95.80207496562515,tp,7,0.030129838340055403,0.029129838340055402,2.9129838340055403
long,ooc,2026-05-11 04:00:00+00:00,2026-05-11 16:00:00+00:00,94.78,97.9473050744848,tp,4,0.033417441174138016,0.032417441174138015,3.2417441174138015
long,ooc,2026-05-12 04:00:00+00:00,2026-05-13 12:00:00+00:00,96.15,92.0251489236407,sl,9,-0.04290016720082481,-0.04390016720082481,-4.390016720082481
long,ooc,2026-05-15 12:00:00+00:00,2026-05-16 04:00:00+00:00,91.26,87.5086270823381,sl,5,-0.04110643126958043,-0.042106431269580434,-4.210643126958043
long,ooc,2026-05-18 00:00:00+00:00,2026-05-21 16:00:00+00:00,85.23,88.0020666329017,tp,23,0.03252454104073328,0.03152454104073328,3.1524541040733283
long,ooc,2026-05-22 04:00:00+00:00,2026-05-23 04:00:00+00:00,87.04,83.91748777975413,sl,7,-0.03587445105981021,-0.03687445105981021,-3.6874451059810207
long,ooc,2026-05-23 16:00:00+00:00,2026-05-23 20:00:00+00:00,84.1,87.04801136992798,tp,2,0.03505364292423285,0.03405364292423285,3.405364292423285
long,ooc,2026-05-24 04:00:00+00:00,2026-05-28 00:00:00+00:00,85.81,82.11522003474319,sl,24,-0.04305768517954567,-0.04405768517954567,-4.4057685179545665
long,ooc,2026-05-28 16:00:00+00:00,2026-06-01 16:00:00+00:00,81.15,81.2,timeout,25,0.0006161429451632428,-0.00038385705483675724,-0.038385705483675724
long,ooc,2026-06-02 16:00:00+00:00,2026-06-03 00:00:00+00:00,76.38,72.6056580969044,sl,3,-0.049415316877397086,-0.05041531687739709,-5.041531687739709
long,ooc,2026-06-07 04:00:00+00:00,2026-06-11 04:00:00+00:00,63.82,65.05,timeout,25,0.019272955186461875,0.018272955186461874,1.8272955186461874
long,ooc,2026-06-12 20:00:00+00:00,2026-06-14 20:00:00+00:00,66.79,69.9640895084551,tp,13,0.04752342429188646,0.04652342429188646,4.652342429188646
long,ooc,2026-06-15 04:00:00+00:00,2026-06-15 12:00:00+00:00,71.25,73.88031951850627,tp,3,0.036916765172017814,0.03591676517201781,3.5916765172017815
long,ooc,2026-06-16 00:00:00+00:00,2026-06-18 12:00:00+00:00,73.97,70.28967041033695,sl,16,-0.04975435432828236,-0.05075435432828236,-5.075435432828236
long,ooc,2026-06-19 04:00:00+00:00,2026-06-20 04:00:00+00:00,69.06,72.23298302216378,tp,7,0.04594530874838947,0.04494530874838947,4.494530874838947
long,ooc,2026-06-21 12:00:00+00:00,2026-06-23 08:00:00+00:00,73.2,69.54759160656927,sl,12,-0.04989628952774225,-0.05089628952774225,-5.089628952774225
long,ooc,2026-06-24 00:00:00+00:00,2026-06-24 16:00:00+00:00,69.7,66.1266742743146,sl,5,-0.051267227054310006,-0.05226722705431001,-5.226722705431
long,ooc,2026-06-26 04:00:00+00:00,2026-06-26 12:00:00+00:00,68.21,72.18804828588927,tp,3,0.05832060234407378,0.05732060234407378,5.7320602344073786
long,ooc,2026-06-26 20:00:00+00:00,2026-06-30 20:00:00+00:00,73.01,73.67,timeout,25,0.009039857553759712,0.008039857553759713,0.8039857553759713
long,ooc,2026-07-01 04:00:00+00:00,2026-07-02 08:00:00+00:00,75.48,78.9879319187572,tp,8,0.046474985675108556,0.045474985675108555,4.547498567510855
long,ooc,2026-07-02 16:00:00+00:00,2026-07-06 16:00:00+00:00,80.88,82.07,timeout,25,0.01471315529179028,0.01371315529179028,1.371315529179028
long,ooc,2026-07-07 00:00:00+00:00,2026-07-08 00:00:00+00:00,81.94,78.29178527677759,sl,7,-0.044523001259731625,-0.045523001259731626,-4.552300125973162
long,ooc,2026-07-10 04:00:00+00:00,2026-07-13 00:00:00+00:00,79.07,75.63969762893217,sl,18,-0.043383108272009925,-0.044383108272009926,-4.438310827200993
long,ooc,2026-07-14 16:00:00+00:00,2026-07-17 08:00:00+00:00,77.38,74.2866949591471,sl,17,-0.039975510995772776,-0.040975510995772776,-4.097551099577277
long,ooc,2026-07-17 16:00:00+00:00,2026-07-20 00:00:00+00:00,74.78,77.03430543986539,tp,15,0.03014583364355965,0.02914583364355965,2.914583364355965
long,ooc,2026-07-20 12:00:00+00:00,2026-07-24 12:00:00+00:00,77.13,74.71887912707133,sl,25,-0.031260480655110376,-0.03226048065511038,-3.2260480655110375
long,ooc,2026-07-27 00:00:00+00:00,2026-07-27 20:00:00+00:00,76.78,74.7540471660093,sl,6,-0.02638646566802163,-0.02738646566802163,-2.738646566802163
long,ooc,2026-07-28 16:00:00+00:00,2026-08-01 16:00:00+00:00,74.34,71.63536825483077,sl,25,-0.0363819174760457,-0.037381917476045703,-3.7381917476045703
long,ooc,2026-08-02 04:00:00+00:00,2026-08-06 04:00:00+00:00,73.2,73.89,timeout,25,0.009426229508196689,0.00842622950819669,0.842622950819669
long,ooc,2026-08-06 12:00:00+00:00,2026-08-08 08:00:00+00:00,73.47,75.21851252719478,tp,12,0.02379899996181811,0.022798999961818108,2.2798999961818107
long,ooc,2026-08-08 16:00:00+00:00,2026-08-12 16:00:00+00:00,76.39,75.77,timeout,25,-0.008116245581882505,-0.009116245581882506,-0.9116245581882506
long,ooc,2026-08-13 00:00:00+00:00,2026-08-17 00:00:00+00:00,75.63,75.51,timeout,25,-0.0015866719555730575,-0.0025866719555730578,-0.2586671955573058
long,ooc,2026-08-17 12:00:00+00:00,2026-08-18 12:00:00+00:00,75.7,77.02885697870659,tp,7,0.01755425335147401,0.016554253351474008,1.6554253351474006
long,ooc,2026-08-18 20:00:00+00:00,2026-08-19 12:00:00+00:00,77.19,78.61403908606177,tp,5,0.01844849185207628,0.017448491852076278,1.7448491852076278
long,ooc,2026-08-19 20:00:00+00:00,2026-08-19 20:00:00+00:00,82.37,84.4741714306107,tp,1,0.02554536154680941,0.02454536154680941,2.454536154680941
long,ooc,2026-08-20 04:00:00+00:00,2026-08-20 08:00:00+00:00,84.48,87.21716822333269,tp,2,0.03240019203755549,0.03140019203755549,3.1400192037555485
long,ooc,2026-08-20 16:00:00+00:00,2026-08-21 04:00:00+00:00,87.37,90.2467050242937,tp,4,0.03292554680432298,0.03192554680432298,3.1925546804322984
long,ooc,2026-08-21 12:00:00+00:00,2026-08-21 20:00:00+00:00,90.3,93.66237586754232,tp,3,0.03723561315107781,0.03623561315107781,3.623561315107781
long,ooc,2026-08-22 08:00:00+00:00,2026-08-25 00:00:00+00:00,94.47,100.51571250629833,tp,17,0.06399610994282132,0.06299610994282132,6.299610994282132
long,ooc,2026-08-25 08:00:00+00:00,2026-08-27 12:00:00+00:00,100.25,105.94024694212523,tp,14,0.05676056800124916,0.05576056800124916,5.576056800124916
long,ooc,2026-08-28 04:00:00+00:00,2026-09-01 04:00:00+00:00,106.84,103.16,timeout,25,-0.034444028453762696,-0.035444028453762697,-3.5444028453762697
long,ooc,2026-09-01 20:00:00+00:00,2026-09-03 12:00:00+00:00,100.1,104.25941853657432,tp,11,0.04155263273301021,0.040552632733010206,4.055263273301021
long,ooc,2026-09-03 20:00:00+00:00,2026-09-07 20:00:00+00:00,105.3,103.8,timeout,25,-0.014245014245014245,-0.015245014245014246,-1.5245014245014246
long,ooc,2026-09-08 04:00:00+00:00,2026-09-10 12:00:00+00:00,103.36,98.91483048760115,sl,15,-0.04300667097909103,-0.04400667097909103,-4.4006670979091025
long,ooc,2026-09-11 00:00:00+00:00,2026-09-11 12:00:00+00:00,98.67,102.21028219503788,tp,4,0.03588002630017102,0.03488002630017102,3.4880026300171023
long,ooc,2026-09-13 16:00:00+00:00,2026-09-14 16:00:00+00:00,100.26,103.26178635504834,tp,7,0.029940019499783945,0.028940019499783944,2.8940019499783944
long,ooc,2026-09-15 00:00:00+00:00,2026-09-15 12:00:00+00:00,102.55,98.47290697051054,sl,4,-0.03975712364202302,-0.040757123642023024,-4.075712364202302
long,ooc,2026-09-15 20:00:00+00:00,2026-09-17 12:00:00+00:00,97.91,101.76469923573248,tp,11,0.03936982162937885,0.038369821629378846,3.8369821629378844
long,ooc,2026-09-18 00:00:00+00:00,2026-09-18 00:00:00+00:00,101.62,104.97967045051692,tp,1,0.033061114451061954,0.03206111445106195,3.2061114451061954
long,ooc,2026-09-18 16:00:00+00:00,2026-09-21 08:00:00+00:00,111.16,115.41618356250555,tp,17,0.03828880498835512,0.03728880498835512,3.728880498835512
long,ooc,2026-09-21 16:00:00+00:00,2026-09-25 16:00:00+00:00,117.95,122.4622987442724,tp,25,0.03825603004893938,0.037256030048939376,3.7256030048939377
long,ooc,2026-09-26 00:00:00+00:00,2026-09-30 00:00:00+00:00,122.14,119.14,timeout,25,-0.02456197805796627,-0.02556197805796627,-2.556197805796627
short,train,2020-10-02 20:00:00+00:00,2020-10-06 08:00:00+00:00,2.622,2.4108756632354895,tp,22,0.08052034201545018,0.07952034201545018,7.952034201545017
short,train,2020-10-06 16:00:00+00:00,2020-10-06 16:00:00+00:00,2.432,2.2733950786961077,tp,1,0.06521583935192939,0.06421583935192939,6.421583935192938
short,train,2020-10-07 00:00:00+00:00,2020-10-07 16:00:00+00:00,2.149,2.3747412735992204,sl,5,-0.10504479925510486,-0.10604479925510486,-10.604479925510486
short,train,2020-10-08 00:00:00+00:00,2020-10-08 04:00:00+00:00,2.307,2.116460883796273,tp,2,0.0825917278733103,0.0815917278733103,8.15917278733103
short,train,2020-10-08 12:00:00+00:00,2020-10-09 08:00:00+00:00,2.174,2.440119004327436,sl,6,-0.12240984559679667,-0.12340984559679667,-12.340984559679667
short,train,2020-10-09 16:00:00+00:00,2020-10-11 00:00:00+00:00,2.594,2.3638206363233065,tp,9,0.08873529825624261,0.08773529825624261,8.773529825624262
short,train,2020-10-11 08:00:00+00:00,2020-10-12 16:00:00+00:00,2.378,2.607291954479444,sl,9,-0.09642218439001002,-0.09742218439001002,-9.742218439001002
short,train,2020-10-13 00:00:00+00:00,2020-10-13 16:00:00+00:00,2.559,2.380612205609269,tp,5,0.06970996263803488,0.06870996263803487,6.870996263803487
short,train,2020-10-14 00:00:00+00:00,2020-10-15 08:00:00+00:00,2.41,2.231658567346603,tp,9,0.07400059446199053,0.07300059446199053,7.300059446199053
short,train,2020-10-15 16:00:00+00:00,2020-10-16 04:00:00+00:00,2.287,2.1201938244394625,tp,4,0.07293667492808809,0.07193667492808808,7.1936674928088085
short,train,2020-10-16 12:00:00+00:00,2020-10-20 04:00:00+00:00,2.17,2.0176349003718714,tp,23,0.07021433162586567,0.06921433162586567,6.921433162586567
short,train,2020-10-20 12:00:00+00:00,2020-10-21 12:00:00+00:00,1.86,2.022384853047103,sl,7,-0.08730368443392623,-0.08830368443392624,-8.830368443392624
short,train,2020-10-21 20:00:00+00:00,2020-10-22 12:00:00+00:00,1.912,2.099361705386635,sl,5,-0.09799252373777981,-0.09899252373777981,-9.899252373777982
short,train,2020-10-22 20:00:00+00:00,2020-10-25 16:00:00+00:00,2.009,1.8422796423773724,tp,18,0.08298673848811722,0.08198673848811722,8.198673848811723
short,train,2020-10-26 00:00:00+00:00,2020-10-26 16:00:00+00:00,1.793,1.6664673338578782,tp,5,0.07057036594652637,0.06957036594652637,6.957036594652637
short,train,2020-10-27 00:00:00+00:00,2020-10-28 04:00:00+00:00,1.683,1.5501503211182217,tp,8,0.07893623225298772,0.07793623225298772,7.793623225298772
short,train,2020-10-28 12:00:00+00:00,2020-10-29 00:00:00+00:00,1.557,1.4074655317138325,tp,3,0.09604012092881661,0.09504012092881661,9.504012092881661
short,train,2020-10-29 08:00:00+00:00,2020-11-02 08:00:00+00:00,1.505,1.476,timeout,25,0.019269102990033166,0.018269102990033165,1.8269102990033166
short,train,2020-11-02 16:00:00+00:00,2020-11-04 00:00:00+00:00,1.478,1.3625368228151908,tp,9,0.07812122948904543,0.07712122948904543,7.712122948904543
short,train,2020-11-04 08:00:00+00:00,2020-11-05 16:00:00+00:00,1.358,1.4828629447417583,sl,9,-0.09194620378627259,-0.0929462037862726,-9.29462037862726
short,train,2020-11-06 00:00:00+00:00,2020-11-06 04:00:00+00:00,1.405,1.5656722709799085,sl,2,-0.11435748824192771,-0.11535748824192771,-11.53574882419277
short,train,2020-11-06 12:00:00+00:00,2020-11-07 00:00:00+00:00,1.75,1.9501665376613917,sl,4,-0.1143808786636524,-0.1153808786636524,-11.53808786636524
short,train,2020-11-07 08:00:00+00:00,2020-11-07 12:00:00+00:00,2.237,1.977371353055407,tp,2,0.11606108491041268,0.11506108491041268,11.50610849104127
short,train,2020-11-07 20:00:00+00:00,2020-11-11 20:00:00+00:00,1.89,1.994,timeout,25,-0.055026455026455076,-0.05602645502645508,-5.602645502645507
short,train,2020-11-12 04:00:00+00:00,2020-11-16 04:00:00+00:00,2.011,2.175,timeout,25,-0.08155146693187454,-0.08255146693187454,-8.255146693187454
short,train,2020-11-16 12:00:00+00:00,2020-11-18 04:00:00+00:00,2.282,2.057161671474095,tp,11,0.09852687490179897,0.09752687490179897,9.752687490179897
short,train,2020-11-18 12:00:00+00:00,2020-11-21 12:00:00+00:00,2.075,2.339321711394456,sl,19,-0.12738395729853302,-0.12838395729853302,-12.838395729853303
short,train,2020-11-21 20:00:00+00:00,2020-11-22 00:00:00+00:00,2.431,2.2228526011736975,tp,2,0.0856221303275617,0.0846221303275617,8.46221303275617
short,train,2020-11-22 08:00:00+00:00,2020-11-25 16:00:00+00:00,2.19,2.4809155590476433,sl,21,-0.1328381548162755,-0.1338381548162755,-13.38381548162755
short,train,2020-11-26 00:00:00+00:00,2020-11-26 00:00:00+00:00,2.264,1.9914549032350926,tp,1,0.12038210987849261,0.11938210987849261,11.938210987849262
short,train,2020-11-26 08:00:00+00:00,2020-11-30 08:00:00+00:00,1.84,1.967,timeout,25,-0.06902173913043479,-0.07002173913043479,-7.002173913043479
short,train,2020-11-30 16:00:00+00:00,2020-12-03 04:00:00+00:00,1.95,2.18730315503693,sl,16,-0.1216939256599641,-0.1226939256599641,-12.26939256599641
short,train,2020-12-03 12:00:00+00:00,2020-12-04 00:00:00+00:00,2.219,2.0468544069654278,tp,4,0.07757800497276797,0.07657800497276797,7.657800497276797
short,train,2020-12-04 08:00:00+00:00,2020-12-04 20:00:00+00:00,2.039,1.8775310925607906,tp,4,0.07919024396233913,0.07819024396233913,7.819024396233913
short,train,2020-12-05 04:00:00+00:00,2020-12-08 08:00:00+00:00,1.872,1.7123944951325594,tp,20,0.08525935089072689,0.08425935089072689,8.42593508907269
short,train,2020-12-08 16:00:00+00:00,2020-12-09 04:00:00+00:00,1.709,1.5913641955267341,tp,4,0.06883312140038966,0.06783312140038966,6.783312140038966
short,train,2020-12-09 12:00:00+00:00,2020-12-11 08:00:00+00:00,1.627,1.4924141340842128,tp,12,0.08272026177983235,0.08172026177983235,8.172026177983236
short,train,2020-12-11 16:00:00+00:00,2020-12-15 00:00:00+00:00,1.49,1.6642561384434615,sl,21,-0.11695042848554467,-0.11795042848554467,-11.795042848554466
short,train,2020-12-15 08:00:00+00:00,2020-12-19 08:00:00+00:00,1.729,1.751,timeout,25,-0.012724117987275765,-0.013724117987275766,-1.3724117987275766
short,train,2020-12-19 16:00:00+00:00,2020-12-20 16:00:00+00:00,1.704,1.5771847085700423,tp,7,0.07442211938377795,0.07342211938377795,7.342211938377795
short,train,2020-12-21 00:00:00+00:00,2020-12-23 04:00:00+00:00,1.563,1.4443185155304576,tp,14,0.07593185186790934,0.07493185186790934,7.493185186790933
short,train,2020-12-23 12:00:00+00:00,2020-12-23 20:00:00+00:00,1.317,1.1785690661706176,tp,3,0.10511080776718476,0.10411080776718476,10.411080776718476
short,train,2020-12-24 04:00:00+00:00,2020-12-28 04:00:00+00:00,1.258,1.357,timeout,25,-0.07869634340222574,-0.07969634340222574,-7.969634340222574
short,train,2020-12-28 12:00:00+00:00,2020-12-29 00:00:00+00:00,1.379,1.5246515438475252,sl,4,-0.10562113404461582,-0.10662113404461582,-10.662113404461582
short,train,2020-12-29 08:00:00+00:00,2020-12-29 20:00:00+00:00,1.545,1.7150831055694413,sl,4,-0.11008615247213036,-0.11108615247213036,-11.108615247213036
short,train,2020-12-30 04:00:00+00:00,2020-12-31 00:00:00+00:00,1.637,1.4797921676738939,tp,6,0.09603410649120717,0.09503410649120717,9.503410649120717
short,train,2020-12-31 08:00:00+00:00,2021-01-01 16:00:00+00:00,1.523,1.6990278424248164,sl,9,-0.1155796732927226,-0.1165796732927226,-11.65796732927226
short,train,2021-01-02 00:00:00+00:00,2021-01-03 04:00:00+00:00,1.838,2.0606316446765973,sl,8,-0.12112711897529774,-0.12212711897529774,-12.212711897529774
short,train,2021-01-03 12:00:00+00:00,2021-01-03 16:00:00+00:00,2.265,2.005579915663757,tp,2,0.11453425357008534,0.11353425357008534,11.353425357008534
short,train,2021-01-04 00:00:00+00:00,2021-01-04 08:00:00+00:00,2.199,1.892817082621455,tp,3,0.1392373430552728,0.1382373430552728,13.82373430552728
short,train,2021-01-04 16:00:00+00:00,2021-01-06 20:00:00+00:00,2.284,1.896763476071204,tp,14,0.16954313657127665,0.16854313657127665,16.854313657127665
short,train,2021-01-07 08:00:00+00:00,2021-01-07 12:00:00+00:00,2.127,2.6516902168921215,sl,2,-0.2466808730099303,-0.2476808730099303,-24.76808730099303
short,train,2021-01-07 20:00:00+00:00,2021-01-08 16:00:00+00:00,2.349,2.955224273510201,sl,4,-0.25807759621549625,-0.25907759621549625,-25.907759621549626
short,train,2021-01-09 00:00:00+00:00,2021-01-11 16:00:00+00:00,3.23,2.640658328100757,tp,17,0.18245872195023005,0.18145872195023005,18.145872195023006
short,train,2021-01-12 00:00:00+00:00,2021-01-12 16:00:00+00:00,3.103,3.9054704528598707,sl,5,-0.25861116753460217,-0.25961116753460217,-25.961116753460217
short,train,2021-01-13 00:00:00+00:00,2021-01-17 00:00:00+00:00,3.62,3.704,timeout,25,-0.02320441988950278,-0.024204419889502782,-2.4204419889502784
short,train,2021-01-17 08:00:00+00:00,2021-01-18 08:00:00+00:00,3.394,4.037637282795288,sl,7,-0.18963974154251256,-0.19063974154251256,-19.063974154251255
short,train,2021-01-18 16:00:00+00:00,2021-01-20 08:00:00+00:00,3.953,3.4384965026968835,tp,11,0.13015519790111724,0.12915519790111724,12.915519790111723
short,train,2021-01-20 16:00:00+00:00,2021-01-21 20:00:00+00:00,3.512,3.0778015494593935,tp,8,0.12363281621315673,0.12263281621315673,12.263281621315674
short,train,2021-01-22 04:00:00+00:00,2021-01-24 08:00:00+00:00,3.166,3.7628145432154882,sl,14,-0.1885074362651574,-0.1895074362651574,-18.950743626515738
short,train,2021-01-24 16:00:00+00:00,2021-01-26 08:00:00+00:00,3.589,4.001259788626744,sl,11,-0.11486759226156133,-0.11586759226156133,-11.586759226156133
short,train,2021-01-26 16:00:00+00:00,2021-01-30 16:00:00+00:00,3.783,4.023,timeout,25,-0.06344171292624895,-0.06444171292624895,-6.444171292624895
short,train,2021-01-31 00:00:00+00:00,2021-01-31 08:00:00+00:00,4.225,4.635190373788656,sl,3,-0.09708647900323222,-0.09808647900323222,-9.808647900323223
short,train,2021-01-31 16:00:00+00:00,2021-02-02 00:00:00+00:00,4.227,4.722455403107502,sl,9,-0.1172120660296905,-0.1182120660296905,-11.82120660296905
short,train,2021-02-02 08:00:00+00:00,2021-02-03 12:00:00+00:00,4.96,5.5098496208700425,sl,8,-0.11085677840121826,-0.11185677840121826,-11.185677840121826
short,train,2021-02-03 20:00:00+00:00,2021-02-04 00:00:00+00:00,5.453,6.044277325661742,sl,2,-0.1084315653148252,-0.1094315653148252,-10.94315653148252
short,train,2021-02-04 08:00:00+00:00,2021-02-04 20:00:00+00:00,5.841,6.472549301923778,sl,4,-0.10812348945793153,-0.10912348945793153,-10.912348945793154
short,train,2021-02-05 08:00:00+00:00,2021-02-06 00:00:00+00:00,6.769,6.177433596495783,tp,5,0.08739347074962579,0.08639347074962579,8.63934707496258
short,train,2021-02-06 08:00:00+00:00,2021-02-07 12:00:00+00:00,5.982,6.803949758678986,sl,8,-0.1374038379603787,-0.1384038379603787,-13.84038379603787
short,train,2021-02-07 20:00:00+00:00,2021-02-08 04:00:00+00:00,6.551,7.504733512296727,sl,3,-0.1455859429547743,-0.1465859429547743,-14.658594295477432
short,train,2021-02-08 12:00:00+00:00,2021-02-10 20:00:00+00:00,7.488,8.493422293958425,sl,15,-0.1342711396846186,-0.1352711396846186,-13.52711396846186
short,train,2021-02-11 04:00:00+00:00,2021-02-15 00:00:00+00:00,9.097,8.127510480587553,tp,24,0.10657244359815837,0.10557244359815837,10.557244359815837
short,train,2021-02-15 08:00:00+00:00,2021-02-19 04:00:00+00:00,8.297,9.399606197745445,sl,24,-0.1328921535187953,-0.1338921535187953,-13.38921535187953
short,train,2021-02-19 12:00:00+00:00,2021-02-19 12:00:00+00:00,9.834,10.93824252323499,sl,1,-0.11228823705867304,-0.11328823705867304,-11.328823705867304
short,train,2021-02-19 20:00:00+00:00,2021-02-20 12:00:00+00:00,11.356,10.242777606421578,tp,5,0.0980294464228973,0.0970294464228973,9.702944642289731
short,train,2021-02-20 20:00:00+00:00,2021-02-22 12:00:00+00:00,10.431,9.25760836307498,tp,11,0.11249080979053015,0.11149080979053015,11.149080979053014
short,train,2021-02-23 04:00:00+00:00,2021-02-23 08:00:00+00:00,13.991,12.043685712236973,tp,2,0.13918335270981533,0.13818335270981533,13.818335270981533
short,train,2021-02-23 16:00:00+00:00,2021-02-27 16:00:00+00:00,15.409,13.836,timeout,25,0.10208319813096245,0.10108319813096245,10.108319813096244
short,train,2021-02-28 00:00:00+00:00,2021-03-04 00:00:00+00:00,13.186,13.771,timeout,25,-0.044365235856211195,-0.045365235856211196,-4.5365235856211195
short,train,2021-03-04 08:00:00+00:00,2021-03-05 04:00:00+00:00,13.746,12.394580962030348,tp,6,0.09831362126943491,0.09731362126943491,9.731362126943491
short,train,2021-03-05 12:00:00+00:00,2021-03-09 04:00:00+00:00,12.518,14.01750668524123,sl,23,-0.11978804004163839,-0.12078804004163839,-12.078804004163839
short,train,2021-03-09 12:00:00+00:00,2021-03-11 16:00:00+00:00,14.302,15.472844316246656,sl,14,-0.08186577515359084,-0.08286577515359084,-8.286577515359085
short,train,2021-03-12 00:00:00+00:00,2021-03-12 16:00:00+00:00,16.048,14.898720286030565,tp,5,0.07161513671295071,0.07061513671295071,7.061513671295071
short,train,2021-03-13 00:00:00+00:00,2021-03-16 04:00:00+00:00,14.552,13.294023257355422,tp,20,0.08644699990685666,0.08544699990685665,8.544699990685665
short,train,2021-03-16 12:00:00+00:00,2021-03-20 12:00:00+00:00,13.636,14.907076937671006,sl,25,-0.09321479449039356,-0.09421479449039356,-9.421479449039357
short,train,2021-03-20 20:00:00+00:00,2021-03-21 00:00:00+00:00,14.66,14.005588275867499,tp,2,0.04463927176892914,0.043639271768929136,4.363927176892914
short,train,2021-03-21 08:00:00+00:00,2021-03-22 00:00:00+00:00,13.946,14.787805101092886,sl,5,-0.06036175972270802,-0.06136175972270802,-6.136175972270802
short,train,2021-03-22 08:00:00+00:00,2021-03-22 16:00:00+00:00,16.188,15.29403784528544,tp,3,0.055223755542040995,0.054223755542040994,5.422375554204099
short,train,2021-03-23 00:00:00+00:00,2021-03-24 20:00:00+00:00,14.799,13.736292870137376,tp,12,0.07180938778718991,0.07080938778718991,7.080938778718991
short,train,2021-03-25 04:00:00+00:00,2021-03-26 20:00:00+00:00,13.338,14.696301306342804,sl,11,-0.10183695504144584,-0.10283695504144584,-10.283695504144584
short,train,2021-03-27 04:00:00+00:00,2021-03-27 16:00:00+00:00,14.884,16.322744941563418,sl,4,-0.09666386331385496,-0.09766386331385496,-9.766386331385496
short,train,2021-03-28 00:00:00+00:00,2021-03-28 08:00:00+00:00,16.468,18.13242935902434,sl,3,-0.1010705221656752,-0.1020705221656752,-10.20705221656752
short,train,2021-03-28 16:00:00+00:00,2021-03-30 04:00:00+00:00,18.924,20.79566608764822,sl,10,-0.09890435889073253,-0.09990435889073253,-9.990435889073252
short,train,2021-03-30 12:00:00+00:00,2021-03-31 00:00:00+00:00,20.465,18.87767518553283,tp,4,0.07756290322341412,0.07656290322341412,7.6562903223414125
short,train,2021-03-31 08:00:00+00:00,2021-04-03 00:00:00+00:00,18.596,20.516104830618286,sl,17,-0.10325364759186306,-0.10425364759186306,-10.425364759186307
short,train,2021-04-03 08:00:00+00:00,2021-04-03 20:00:00+00:00,21.164,22.89079773588363,sl,4,-0.08159127461177608,-0.08259127461177608,-8.259127461177608
short,train,2021-04-04 04:00:00+00:00,2021-04-04 16:00:00+00:00,22.763,25.369365291897427,sl,4,-0.11450007871973929,-0.11550007871973929,-11.550007871973929
short,train,2021-04-05 00:00:00+00:00,2021-04-07 12:00:00+00:00,23.789,26.647253259104225,sl,16,-0.12015020636025994,-0.12115020636025994,-12.115020636025994
short,train,2021-04-07 20:00:00+00:00,2021-04-11 20:00:00+00:00,26.855,27.877,timeout,25,-0.038056227890523125,-0.039056227890523126,-3.9056227890523125
short,train,2021-04-12 04:00:00+00:00,2021-04-13 04:00:00+00:00,28.957,26.526103594490735,tp,7,0.08394848932932507,0.08294848932932507,8.294848932932506
short,train,2021-04-13 12:00:00+00:00,2021-04-17 12:00:00+00:00,26.735,25.909,timeout,25,0.030895829437067535,0.029895829437067534,2.989582943706753
short,train,2021-04-17 20:00:00+00:00,2021-04-18 00:00:00+00:00,25.323,23.17433734277028,tp,2,0.0848502411732307,0.0838502411732307,8.38502411732307
short,train,2021-04-18 08:00:00+00:00,2021-04-18 20:00:00+00:00,27.261,31.26653291633277,sl,4,-0.14693272133570934,-0.14793272133570934,-14.793272133570934
short,train,2021-04-19 04:00:00+00:00,2021-04-22 00:00:00+00:00,31.764,36.85974492883163,sl,18,-0.1604251646150243,-0.1614251646150243,-16.142516461502428
short,train,2021-04-22 08:00:00+00:00,2021-04-23 04:00:00+00:00,37.774,32.19500334403874,tp,6,0.14769409265529895,0.14669409265529895,14.669409265529895
short,train,2021-04-23 12:00:00+00:00,2021-04-25 12:00:00+00:00,35.283,44.06342042589639,sl,13,-0.2488569686788648,-0.2498569686788648,-24.98569686788648
short,train,2021-04-25 20:00:00+00:00,2021-04-29 20:00:00+00:00,44.018,42.471,timeout,25,0.035144713526284795,0.034144713526284794,3.4144713526284796
short,train,2021-04-30 04:00:00+00:00,2021-05-01 16:00:00+00:00,42.301,48.29563007137311,sl,10,-0.14171367275887353,-0.14271367275887353,-14.271367275887354
short,train,2021-05-02 00:00:00+00:00,2021-05-03 20:00:00+00:00,49.611,45.24142487934319,tp,12,0.08807673944602619,0.08707673944602619,8.707673944602618
short,train,2021-05-04 04:00:00+00:00,2021-05-08 04:00:00+00:00,44.972,43.585,timeout,25,0.030841412434403637,0.029841412434403636,2.9841412434403636
short,train,2021-05-08 12:00:00+00:00,2021-05-10 20:00:00+00:00,44.227,40.79889613820583,tp,15,0.07751156220847363,0.07651156220847363,7.651156220847363
short,train,2021-05-11 04:00:00+00:00,2021-05-12 00:00:00+00:00,40.394,45.24331045325245,sl,6,-0.12005026620915112,-0.12105026620915112,-12.105026620915112
short,train,2021-05-12 08:00:00+00:00,2021-05-13 00:00:00+00:00,44.814,40.98861056379123,tp,5,0.08536148159523305,0.08436148159523305,8.436148159523304
short,train,2021-05-13 08:00:00+00:00,2021-05-13 16:00:00+00:00,44.19,38.7598318202878,tp,3,0.12288228512587004,0.12188228512587004,12.188228512587004
short,train,2021-05-14 00:00:00+00:00,2021-05-16 12:00:00+00:00,40.994,48.2625412126705,sl,16,-0.1773074404222691,-0.1783074404222691,-17.83074404222691
short,train,2021-05-16 20:00:00+00:00,2021-05-17 08:00:00+00:00,43.531,51.35788012657385,sl,4,-0.17980014533490743,-0.18080014533490743,-18.080014533490743
short,train,2021-05-17 16:00:00+00:00,2021-05-18 16:00:00+00:00,48.519,57.67771765268189,sl,7,-0.1887655898242316,-0.1897655898242316,-18.97655898242316
short,train,2021-05-19 00:00:00+00:00,2021-05-19 04:00:00+00:00,55.945,48.245530445019035,tp,2,0.1376256958616671,0.1366256958616671,13.66256958616671
short,train,2021-05-19 16:00:00+00:00,2021-05-19 20:00:00+00:00,46.488,36.767208231671574,tp,2,0.2091032474687753,0.2081032474687753,20.81032474687753
short,train,2021-05-20 04:00:00+00:00,2021-05-20 16:00:00+00:00,36.469,49.41351872950872,sl,4,-0.3549458095782369,-0.3559458095782369,-35.59458095782369
short,train,2021-05-21 00:00:00+00:00,2021-05-22 16:00:00+00:00,44.475,33.729162294526866,tp,11,0.2416152378970913,0.2406152378970913,24.06152378970913
short,train,2021-05-23 00:00:00+00:00,2021-05-23 08:00:00+00:00,31.249,22.49950514176362,tp,3,0.27999279523301157,0.27899279523301157,27.899279523301157
short,train,2021-05-23 16:00:00+00:00,2021-05-26 04:00:00+00:00,22.932,33.84084145427977,sl,16,-0.4757038834065834,-0.47670388340658343,-47.67038834065834
short,train,2021-05-26 12:00:00+00:00,2021-05-28 08:00:00+00:00,36.199,29.12865347245176,tp,12,0.1953188355354634,0.1943188355354634,19.43188355354634
short,train,2021-05-28 16:00:00+00:00,2021-06-01 16:00:00+00:00,31.181,30.079,timeout,25,0.035342035213751975,0.034342035213751974,3.4342035213751974
short,train,2021-06-02 00:00:00+00:00,2021-06-03 00:00:00+00:00,30.938,35.690413176995214,sl,7,-0.1536108726160455,-0.1546108726160455,-15.46108726160455
short,train,2021-06-03 08:00:00+00:00,2021-06-03 20:00:00+00:00,36.648,41.02278253202517,sl,4,-0.1193730225940069,-0.1203730225940069,-12.03730225940069
short,train,2021-06-04 04:00:00+00:00,2021-06-04 04:00:00+00:00,38.831,34.972615077552184,tp,1,0.09936352199139395,0.09836352199139395,9.836352199139395
short,train,2021-06-04 12:00:00+00:00,2021-06-05 00:00:00+00:00,35.58,40.97693272891378,sl,4,-0.15168444994136546,-0.15268444994136546,-15.268444994136546
short,train,2021-06-05 08:00:00+00:00,2021-06-08 00:00:00+00:00,41.534,36.709500585743164,tp,17,0.11615783248078285,0.11515783248078285,11.515783248078284
short,train,2021-06-08 08:00:00+00:00,2021-06-09 04:00:00+00:00,36.79,42.95455999084075,sl,6,-0.16756074995489945,-0.16856074995489945,-16.856074995489944
short,train,2021-06-09 12:00:00+00:00,2021-06-11 12:00:00+00:00,43.557,38.04521097129802,tp,13,0.1265419801341227,0.1255419801341227,12.554198013412272
short,train,2021-06-11 20:00:00+00:00,2021-06-15 20:00:00+00:00,37.159,39.543,timeout,25,-0.06415673188191287,-0.06515673188191287,-6.515673188191287
short,train,2021-06-16 04:00:00+00:00,2021-06-18 12:00:00+00:00,39.037,35.87217580188873,tp,15,0.08107242354974176,0.08007242354974176,8.007242354974176
short,train,2021-06-18 20:00:00+00:00,2021-06-20 12:00:00+00:00,35.387,32.20072061225436,tp,11,0.09004095819780265,0.08904095819780265,8.904095819780265
short,train,2021-06-20 20:00:00+00:00,2021-06-21 04:00:00+00:00,35.031,31.731103811250602,tp,3,0.09419931457136242,0.09319931457136242,9.319931457136242
short,train,2021-06-21 12:00:00+00:00,2021-06-21 20:00:00+00:00,30.493,26.621826867792805,tp,3,0.1269528459714424,0.1259528459714424,12.595284597144241
short,train,2021-06-22 04:00:00+00:00,2021-06-22 08:00:00+00:00,27.943,23.56365978162824,tp,2,0.1567240531929915,0.1557240531929915,15.57240531929915
short,train,2021-06-22 16:00:00+00:00,2021-06-23 12:00:00+00:00,25.648,32.23889033334674,sl,6,-0.25697482584789216,-0.25797482584789216,-25.797482584789215
short,train,2021-06-23 20:00:00+00:00,2021-06-27 20:00:00+00:00,28.474,31.893,timeout,25,-0.12007445388775727,-0.12107445388775727,-12.107445388775727
short,train,2021-06-28 04:00:00+00:00,2021-06-30 20:00:00+00:00,31.433,35.982300586476114,sl,17,-0.1447300794221396,-0.1457300794221396,-14.57300794221396
short,train,2021-07-01 04:00:00+00:00,2021-07-05 04:00:00+00:00,33.774,33.978,timeout,25,-0.0060401492272162205,-0.0070401492272162206,-0.704014922721622
short,train,2021-07-05 12:00:00+00:00,2021-07-07 08:00:00+00:00,33.184,36.159348013376174,sl,12,-0.08966212672903137,-0.09066212672903137,-9.066212672903138
short,train,2021-07-07 16:00:00+00:00,2021-07-08 08:00:00+00:00,36.255,33.83041495125717,tp,5,0.06687588053352184,0.06587588053352184,6.587588053352183
short,train,2021-07-08 16:00:00+00:00,2021-07-10 16:00:00+00:00,34.355,31.56341669333444,tp,13,0.08125697297818536,0.08025697297818536,8.025697297818537
short,train,2021-07-11 00:00:00+00:00,2021-07-13 12:00:00+00:00,31.69,29.171299901197532,tp,16,0.07947933413702964,0.07847933413702964,7.847933413702964
short,train,2021-07-13 20:00:00+00:00,2021-07-15 00:00:00+00:00,29.027,31.45782049971991,sl,8,-0.08374342852240708,-0.08474342852240709,-8.474342852240708
short,train,2021-07-15 08:00:00+00:00,2021-07-15 16:00:00+00:00,30.37,28.140543426045888,tp,3,0.0734098312135039,0.0724098312135039,7.24098312135039
short,train,2021-07-16 00:00:00+00:00,2021-07-16 20:00:00+00:00,28.569,26.359124343796765,tp,6,0.07735222290606021,0.07635222290606021,7.635222290606021
short,train,2021-07-17 04:00:00+00:00,2021-07-20 00:00:00+00:00,26.236,23.969768916123357,tp,18,0.08637868134916313,0.08537868134916313,8.537868134916312
short,train,2021-07-20 08:00:00+00:00,2021-07-21 04:00:00+00:00,23.1,25.49508521449077,sl,6,-0.10368334261864805,-0.10468334261864805,-10.468334261864804
short,train,2021-07-21 12:00:00+00:00,2021-07-24 00:00:00+00:00,26.207,28.859234604500223,sl,16,-0.10120328936926097,-0.10220328936926097,-10.220328936926098
short,train,2021-07-24 08:00:00+00:00,2021-07-25 12:00:00+00:00,28.741,26.56636751387548,tp,8,0.07566307665441423,0.07466307665441423,7.466307665441422
short,train,2021-07-25 20:00:00+00:00,2021-07-26 00:00:00+00:00,27.533,30.122466403756835,sl,2,-0.09404955521580771,-0.09504955521580771,-9.504955521580772
short,train,2021-07-26 08:00:00+00:00,2021-07-27 00:00:00+00:00,29.73,27.34973974080065,tp,5,0.0800625717860528,0.0790625717860528,7.90625717860528
short,train,2021-07-27 08:00:00+00:00,2021-07-29 16:00:00+00:00,27.879,30.835836297987978,sl,15,-0.10605962545241854,-0.10705962545241854,-10.705962545241853
short,train,2021-07-30 00:00:00+00:00,2021-07-31 08:00:00+00:00,31.256,34.06933564657989,sl,9,-0.09000945887445248,-0.09100945887445248,-9.10094588744525
short,train,2021-07-31 16:00:00+00:00,2021-08-04 16:00:00+00:00,34.257,36.23,timeout,25,-0.05759406836558949,-0.05859406836558949,-5.859406836558949
short,train,2021-08-05 00:00:00+00:00,2021-08-06 12:00:00+00:00,35.757,38.81684974400829,sl,10,-0.08557344698963251,-0.08657344698963251,-8.657344698963252
short,train,2021-08-06 20:00:00+00:00,2021-08-08 16:00:00+00:00,39.888,37.135818290275644,tp,12,0.06899773640504298,0.06799773640504297,6.799773640504298
short,train,2021-08-09 00:00:00+00:00,2021-08-10 12:00:00+00:00,37.657,40.96654986034713,sl,10,-0.08788671058095794,-0.08888671058095794,-8.888671058095793
short,train,2021-08-10 20:00:00+00:00,2021-08-13 08:00:00+00:00,40.626,44.129569182666195,sl,16,-0.08623958013750302,-0.08723958013750302,-8.723958013750302
short,train,2021-08-13 16:00:00+00:00,2021-08-15 12:00:00+00:00,43.632,47.558033666701434,sl,12,-0.08998060292220013,-0.09098060292220013,-9.098060292220014
short,train,2021-08-15 20:00:00+00:00,2021-08-16 00:00:00+00:00,52.973,58.204796863327054,sl,2,-0.09876346182634654,-0.09976346182634654,-9.976346182634654
short,train,2021-08-16 08:00:00+00:00,2021-08-16 12:00:00+00:00,61.936,68.84588983554283,sl,2,-0.11156499992803595,-0.11256499992803595,-11.256499992803596
short,train,2021-08-16 20:00:00+00:00,2021-08-17 00:00:00+00:00,62.991,71.29248431803484,sl,2,-0.13178841926679744,-0.13278841926679744,-13.278841926679744
short,train,2021-08-17 08:00:00+00:00,2021-08-17 16:00:00+00:00,74.008,65.507584971801,tp,3,0.11485805626687658,0.11385805626687658,11.385805626687658
short,train,2021-08-18 00:00:00+00:00,2021-08-18 08:00:00+00:00,64.166,76.01249545828533,sl,3,-0.18462262659796985,-0.18562262659796985,-18.562262659796986
short,train,2021-08-18 16:00:00+00:00,2021-08-22 16:00:00+00:00,77.377,73.126,timeout,25,0.05493880610517325,0.05393880610517325,5.393880610517325
short,train,2021-08-23 00:00:00+00:00,2021-08-27 00:00:00+00:00,72.755,81.71076423953303,sl,25,-0.12309482839025551,-0.12409482839025551,-12.409482839025552
short,train,2021-08-27 08:00:00+00:00,2021-08-28 12:00:00+00:00,81.912,93.03884631036489,sl,8,-0.13583902615446922,-0.13683902615446922,-13.683902615446922
short,train,2021-08-28 20:00:00+00:00,2021-08-30 12:00:00+00:00,93.92,103.91389667703027,sl,11,-0.1064086102750241,-0.1074086102750241,-10.74086102750241
short,train,2021-08-30 20:00:00+00:00,2021-08-31 08:00:00+00:00,109.632,122.09055052568874,sl,4,-0.1136397267740143,-0.1146397267740143,-11.46397267740143
short,train,2021-08-31 16:00:00+00:00,2021-08-31 20:00:00+00:00,116.499,104.0351732123006,tp,2,0.1069865560021922,0.1059865560021922,10.598655600219221
short,train,2021-09-01 04:00:00+00:00,2021-09-02 16:00:00+00:00,111.215,128.42973098240506,sl,10,-0.15478785219983868,-0.15578785219983868,-15.578785219983867
short,train,2021-09-03 00:00:00+00:00,2021-09-03 04:00:00+00:00,128.185,144.7465292791592,sl,2,-0.1292002128108531,-0.1302002128108531,-13.02002128108531
short,train,2021-09-03 12:00:00+00:00,2021-09-06 16:00:00+00:00,139.37,157.7505402063822,sl,20,-0.13188304661248612,-0.13288304661248612,-13.288304661248612
short,train,2021-09-07 00:00:00+00:00,2021-09-07 04:00:00+00:00,164.213,181.58271103500695,sl,2,-0.10577549301825652,-0.10677549301825652,-10.677549301825652
short,train,2021-09-07 16:00:00+00:00,2021-09-07 16:00:00+00:00,168.744,190.983283033495,sl,1,-0.13179302987658828,-0.13279302987658828,-13.279302987658829
short,train,2021-09-08 00:00:00+00:00,2021-09-08 08:00:00+00:00,173.476,151.34354558097692,tp,3,0.12758222704594915,0.12658222704594915,12.658222704594916
short,train,2021-09-08 16:00:00+00:00,2021-09-09 00:00:00+00:00,166.389,198.35657115074835,sl,3,-0.1921255080008194,-0.1931255080008194,-19.31255080008194
short,train,2021-09-09 08:00:00+00:00,2021-09-10 08:00:00+00:00,207.619,177.7653118047371,tp,7,0.14379073300258113,0.14279073300258113,14.279073300258114
short,train,2021-09-10 16:00:00+00:00,2021-09-14 16:00:00+00:00,179.493,154.106,timeout,25,0.14143727053422697,0.14043727053422697,14.043727053422698
short,train,2021-09-15 00:00:00+00:00,2021-09-17 08:00:00+00:00,158.747,136.488906567611,tp,15,0.14021111222504373,0.13921111222504373,13.921111222504374
short,train,2021-09-17 16:00:00+00:00,2021-09-18 20:00:00+00:00,144.605,166.64479694338263,sl,8,-0.15241379581191966,-0.15341379581191966,-15.341379581191966
short,train,2021-09-19 04:00:00+00:00,2021-09-20 00:00:00+00:00,164.272,147.10191267753217,tp,6,0.10452230034618086,0.10352230034618086,10.352230034618087
short,train,2021-09-20 08:00:00+00:00,2021-09-21 20:00:00+00:00,139.079,122.51495800225598,tp,10,0.11909808093057922,0.11809808093057922,11.809808093057923
short,train,2021-09-22 04:00:00+00:00,2021-09-26 04:00:00+00:00,128.903,126.951,timeout,25,0.015143169670217126,0.014143169670217125,1.4143169670217126
short,train,2021-09-26 12:00:00+00:00,2021-09-30 12:00:00+00:00,135.125,138.327,timeout,25,-0.023696577243293233,-0.024696577243293234,-2.4696577243293234
short,train,2021-09-30 20:00:00+00:00,2021-10-01 08:00:00+00:00,139.189,152.81019625456076,sl,4,-0.09786115464987012,-0.09886115464987012,-9.886115464987013
short,train,2021-10-01 16:00:00+00:00,2021-10-02 16:00:00+00:00,157.507,173.0981218929327,sl,7,-0.09898685069827184,-0.09998685069827185,-9.998685069827184
short,train,2021-10-03 00:00:00+00:00,2021-10-06 04:00:00+00:00,168.92,155.92817909481724,tp,20,0.0769110875277217,0.0759110875277217,7.59110875277217
short,train,2021-10-06 12:00:00+00:00,2021-10-08 12:00:00+00:00,152.912,168.0222416513461,sl,13,-0.09881658503810091,-0.09981658503810091,-9.981658503810092
short,train,2021-10-08 20:00:00+00:00,2021-10-10 20:00:00+00:00,163.608,150.80314834341195,tp,13,0.07826543724382705,0.07726543724382705,7.726543724382704
short,train,2021-10-11 04:00:00+00:00,2021-10-11 16:00:00+00:00,151.45,141.42767294243995,tp,4,0.06617581417999363,0.06517581417999363,6.517581417999363
short,train,2021-10-12 00:00:00+00:00,2021-10-14 08:00:00+00:00,144.804,157.33694152032692,sl,15,-0.08655107262456088,-0.08755107262456088,-8.755107262456088
short,train,2021-10-14 16:00:00+00:00,2021-10-17 08:00:00+00:00,152.86,165.7484284384582,sl,17,-0.08431524557410827,-0.08531524557410827,-8.531524557410828
short,train,2021-10-17 16:00:00+00:00,2021-10-20 16:00:00+00:00,160.724,174.40311884475335,sl,19,-0.08510937286748316,-0.08610937286748316,-8.610937286748316
short,train,2021-10-21 00:00:00+00:00,2021-10-21 00:00:00+00:00,176.686,188.44420728918254,sl,1,-0.06654860763831054,-0.06754860763831054,-6.754860763831054
short,train,2021-10-21 08:00:00+00:00,2021-10-22 00:00:00+00:00,186.97,200.9167578156727,sl,5,-0.07459355947837994,-0.07559355947837994,-7.559355947837994
short,train,2021-10-22 08:00:00+00:00,2021-10-24 12:00:00+00:00,203.208,188.23408300107636,tp,14,0.07368763532402091,0.07268763532402091,7.268763532402091
short,train,2021-10-24 20:00:00+00:00,2021-10-25 04:00:00+00:00,191.591,209.9128888326068,sl,3,-0.09563021662085791,-0.09663021662085791,-9.663021662085791
short,train,2021-10-25 12:00:00+00:00,2021-10-27 08:00:00+00:00,207.899,192.31588984906116,tp,12,0.07495519531570058,0.07395519531570058,7.3955195315700575
short,train,2021-10-27 16:00:00+00:00,2021-10-31 16:00:00+00:00,188.976,195.996,timeout,25,-0.037147574295148644,-0.038147574295148645,-3.8147574295148647
short,train,2021-11-01 00:00:00+00:00,2021-11-02 20:00:00+00:00,202.528,220.5724725637921,sl,12,-0.08909618701508983,-0.09009618701508983,-9.009618701508982
short,train,2021-11-03 04:00:00+00:00,2021-11-04 20:00:00+00:00,229.6,249.110756346694,sl,11,-0.08497716178873692,-0.08597716178873692,-8.597716178873691
short,train,2021-11-05 04:00:00+00:00,2021-11-09 04:00:00+00:00,242.943,246.566,timeout,25,-0.01491296312303705,-0.01591296312303705,-1.5912963123037052
short,train,2021-11-09 12:00:00+00:00,2021-11-10 20:00:00+00:00,245.929,232.40780479085862,tp,9,0.05498007640067411,0.05398007640067411,5.39800764006741
short,train,2021-11-11 04:00:00+00:00,2021-11-12 12:00:00+00:00,239.029,222.78537611011052,tp,9,0.06795670772119482,0.06695670772119482,6.695670772119482
short,train,2021-11-12 20:00:00+00:00,2021-11-16 20:00:00+00:00,228.816,219.114,timeout,25,0.04240088105726871,0.04140088105726871,4.140088105726871
short,train,2021-11-17 04:00:00+00:00,2021-11-18 12:00:00+00:00,212.501,197.93269052976297,tp,9,0.0685564278296904,0.0675564278296904,6.755642782969041
short,train,2021-11-18 20:00:00+00:00,2021-11-21 16:00:00+00:00,200.322,221.59252623270834,sl,18,-0.10618167866089763,-0.10718167866089763,-10.718167866089763
short,train,2021-11-22 00:00:00+00:00,2021-11-22 16:00:00+00:00,230.531,214.21715918591528,tp,5,0.07076636467149636,0.06976636467149636,6.9766364671496355
short,train,2021-11-23 00:00:00+00:00,2021-11-26 08:00:00+00:00,215.567,198.1097533154777,tp,21,0.08098292727793362,0.07998292727793362,7.998292727793362
short,train,2021-11-26 16:00:00+00:00,2021-11-30 12:00:00+00:00,192.662,214.05522406654447,sl,24,-0.111040184709722,-0.112040184709722,-11.204018470972201
short,train,2021-11-30 20:00:00+00:00,2021-12-02 00:00:00+00:00,215.431,233.13317818592648,sl,8,-0.0821709883253871,-0.08317098832538711,-8.317098832538711
short,train,2021-12-02 08:00:00+00:00,2021-12-03 20:00:00+00:00,222.873,206.43781704352537,tp,10,0.07374236877717184,0.07274236877717184,7.274236877717184
short,train,2021-12-04 04:00:00+00:00,2021-12-04 04:00:00+00:00,196.078,175.14256550451384,tp,1,0.10677095082307124,0.10577095082307124,10.577095082307125
short,train,2021-12-04 12:00:00+00:00,2021-12-08 12:00:00+00:00,188.289,192.485,timeout,25,-0.02228489184179653,-0.02328489184179653,-2.328489184179653
short,train,2021-12-08 20:00:00+00:00,2021-12-10 04:00:00+00:00,193.086,175.73016760701628,tp,9,0.08988653964028323,0.08888653964028323,8.888653964028324
short,train,2021-12-10 12:00:00+00:00,2021-12-11 00:00:00+00:00,178.719,164.9150294815598,tp,4,0.07723840508530261,0.07623840508530261,7.623840508530261
short,train,2021-12-11 08:00:00+00:00,2021-12-13 16:00:00+00:00,169.178,154.7666199245418,tp,15,0.08518471713495962,0.08418471713495962,8.418471713495961
short,train,2021-12-14 00:00:00+00:00,2021-12-15 16:00:00+00:00,155.194,171.80351207892903,sl,11,-0.10702418958805782,-0.10802418958805782,-10.80241895880578
short,train,2021-12-16 00:00:00+00:00,2021-12-20 00:00:00+00:00,178.44,178.338,timeout,25,0.0005716207128446753,-0.0004283792871553247,-0.04283792871553247
short,train,2021-12-20 08:00:00+00:00,2021-12-23 16:00:00+00:00,175.373,189.43307725877762,sl,21,-0.08017241684168958,-0.08117241684168958,-8.117241684168958
short,train,2021-12-24 00:00:00+00:00,2021-12-27 16:00:00+00:00,190.134,204.10620686803455,sl,23,-0.07348610384273492,-0.07448610384273492,-7.4486103842734925
short,train,2021-12-28 00:00:00+00:00,2021-12-28 04:00:00+00:00,195.702,186.0374182500478,tp,2,0.04938417466327473,0.04838417466327473,4.838417466327473
short,train,2021-12-28 12:00:00+00:00,2021-12-28 16:00:00+00:00,192.153,181.77830972862793,tp,2,0.053991820431489805,0.052991820431489804,5.2991820431489804
short,train,2021-12-29 00:00:00+00:00,2022-01-02 00:00:00+00:00,177.327,177.682,timeout,25,-0.0020019511975051165,-0.0030019511975051165,-0.30019511975051166
short,train,2022-01-02 08:00:00+00:00,2022-01-03 20:00:00+00:00,175.846,168.07351461598208,tp,10,0.044200524231531715,0.043200524231531715,4.320052423153172
short,train,2022-01-04 04:00:00+00:00,2022-01-05 16:00:00+00:00,167.861,160.7918516557923,tp,10,0.04211310753663859,0.04111310753663859,4.111310753663859
short,train,2022-01-06 00:00:00+00:00,2022-01-07 00:00:00+00:00,154.48,145.2055078036361,tp,7,0.0600368474648103,0.0590368474648103,5.90368474648103
short,train,2022-01-07 08:00:00+00:00,2022-01-11 08:00:00+00:00,138.935,135.421,timeout,25,0.02529240292222989,0.02429240292222989,2.429240292222989
short,train,2022-01-11 16:00:00+00:00,2022-01-12 16:00:00+00:00,137.075,149.79010123437058,sl,7,-0.09276017679642964,-0.09376017679642965,-9.376017679642965
short,train,2022-01-13 00:00:00+00:00,2022-01-17 00:00:00+00:00,151.427,142.98,timeout,25,0.05578265434829986,0.05478265434829986,5.478265434829986
short,train,2022-01-17 08:00:00+00:00,2022-01-18 12:00:00+00:00,143.251,135.90738964456918,tp,8,0.05126393781146956,0.05026393781146956,5.026393781146956
short,train,2022-01-18 20:00:00+00:00,2022-01-20 20:00:00+00:00,137.031,130.24120195811398,tp,13,0.04954935775033408,0.04854935775033408,4.854935775033408
short,train,2022-01-21 04:00:00+00:00,2022-01-21 20:00:00+00:00,124.233,115.0020368893938,tp,5,0.0743036319706213,0.0733036319706213,7.33036319706213
short,train,2022-01-22 04:00:00+00:00,2022-01-22 08:00:00+00:00,109.694,98.25692090097691,tp,2,0.10426348842254904,0.10326348842254904,10.326348842254903
short,train,2022-01-22 16:00:00+00:00,2022-01-26 16:00:00+00:00,93.011,98.216,timeout,25,-0.055961122877939154,-0.056961122877939155,-5.696112287793915
short,train,2022-01-27 00:00:00+00:00,2022-01-31 00:00:00+00:00,92.132,90.754,timeout,25,0.014956801111448792,0.013956801111448792,1.3956801111448793
short,train,2022-01-31 08:00:00+00:00,2022-01-31 20:00:00+00:00,90.289,99.65830391120443,sl,4,-0.10377015927969549,-0.10477015927969549,-10.47701592796955
short,train,2022-02-01 04:00:00+00:00,2022-02-02 20:00:00+00:00,106.914,98.61452925923302,tp,11,0.07762753933785077,0.07662753933785077,7.662753933785077
short,train,2022-02-03 04:00:00+00:00,2022-02-04 16:00:00+00:00,97.384,110.60547124562436,sl,10,-0.1357663604454978,-0.1367663604454978,-13.676636044549781
short,train,2022-02-05 00:00:00+00:00,2022-02-09 00:00:00+00:00,112.66,111.261,timeout,25,0.01241789454997338,0.01141789454997338,1.141789454997338
short,train,2022-02-09 08:00:00+00:00,2022-02-11 00:00:00+00:00,111.532,103.63786465804513,tp,11,0.070779106820956,0.069779106820956,6.977910682095601
short,train,2022-02-11 08:00:00+00:00,2022-02-11 20:00:00+00:00,105.739,98.05970211853138,tp,4,0.07262502843292094,0.07162502843292094,7.162502843292094
short,train,2022-02-12 04:00:00+00:00,2022-02-16 04:00:00+00:00,96.897,104.251,timeout,25,-0.07589502254971772,-0.07689502254971772,-7.689502254971773
short,train,2022-02-16 12:00:00+00:00,2022-02-17 08:00:00+00:00,102.51,95.70234313432232,tp,6,0.06640968554948479,0.06540968554948479,6.540968554948479
short,train,2022-02-17 16:00:00+00:00,2022-02-18 16:00:00+00:00,97.335,90.12083326496628,tp,7,0.07411688226263641,0.0731168822626364,7.311688226263641
short,train,2022-02-19 00:00:00+00:00,2022-02-21 20:00:00+00:00,89.882,83.25064233951112,tp,18,0.07377848357278306,0.07277848357278306,7.277848357278306
short,train,2022-02-22 04:00:00+00:00,2022-02-23 08:00:00+00:00,81.648,91.35784071781316,sl,8,-0.11892319123325942,-0.11992319123325942,-11.992319123325942
short,train,2022-02-23 16:00:00+00:00,2022-02-24 00:00:00+00:00,89.737,82.46648048994409,tp,3,0.08102030946048905,0.08002030946048905,8.002030946048905
short,train,2022-02-24 08:00:00+00:00,2022-02-24 20:00:00+00:00,82.154,93.38629532378131,sl,4,-0.13672243985419233,-0.13772243985419233,-13.772243985419234
short,train,2022-02-25 04:00:00+00:00,2022-02-28 20:00:00+00:00,89.647,102.06904903026407,sl,23,-0.1385662546461573,-0.1395662546461573,-13.95662546461573
short,train,2022-03-01 04:00:00+00:00,2022-03-04 16:00:00+00:00,97.284,88.6169633444318,tp,22,0.08909005237827608,0.08809005237827608,8.809005237827607
short,train,2022-03-05 00:00:00+00:00,2022-03-07 16:00:00+00:00,88.333,80.9166776727304,tp,17,0.08395868279430788,0.08295868279430788,8.295868279430788
short,train,2022-03-08 00:00:00+00:00,2022-03-09 04:00:00+00:00,81.634,89.34637490890128,sl,8,-0.09447503379598307,-0.09547503379598307,-9.547503379598307
short,train,2022-03-09 12:00:00+00:00,2022-03-10 04:00:00+00:00,88.191,82.05479771688283,tp,5,0.06957855430959135,0.06857855430959135,6.857855430959135
short,train,2022-03-10 12:00:00+00:00,2022-03-14 12:00:00+00:00,82.08,80.962,timeout,25,0.013620857699805007,0.012620857699805008,1.2620857699805008
short,train,2022-03-14 20:00:00+00:00,2022-03-15 16:00:00+00:00,79.972,84.7952474586086,sl,6,-0.06031170232842252,-0.06131170232842252,-6.131170232842252
short,train,2022-03-16 00:00:00+00:00,2022-03-17 00:00:00+00:00,82.838,88.23779353619351,sl,7,-0.06518498196713482,-0.06618498196713482,-6.618498196713482
short,train,2022-03-17 08:00:00+00:00,2022-03-19 12:00:00+00:00,87.23,93.05167095829871,sl,14,-0.06673932085634197,-0.06773932085634198,-6.773932085634198
short,train,2022-03-19 20:00:00+00:00,2022-03-21 00:00:00+00:00,92.651,87.58413511942506,tp,8,0.0546876437445353,0.0536876437445353,5.36876437445353
short,train,2022-03-21 08:00:00+00:00,2022-03-23 12:00:00+00:00,89.638,95.36207620185567,sl,14,-0.06385769653334152,-0.06485769653334152,-6.485769653334152
short,train,2022-03-23 20:00:00+00:00,2022-03-24 08:00:00+00:00,92.795,99.13531775013988,sl,4,-0.06832607091050029,-0.06932607091050029,-6.932607091050029
short,train,2022-03-24 16:00:00+00:00,2022-03-28 04:00:00+00:00,101.605,108.7178227838525,sl,22,-0.07000465315538107,-0.07100465315538107,-7.1004653155381074
short,train,2022-03-28 12:00:00+00:00,2022-03-30 12:00:00+00:00,110.041,117.57786821819586,sl,13,-0.0684914551684905,-0.0694914551684905,-6.94914551684905
short,train,2022-03-30 20:00:00+00:00,2022-04-01 12:00:00+00:00,121.17,132.55442861646452,sl,11,-0.09395418516517717,-0.09495418516517717,-9.495418516517717
short,train,2022-04-01 20:00:00+00:00,2022-04-04 16:00:00+00:00,137.383,126.7340312226781,tp,18,0.07751300217146162,0.07651300217146162,7.6513002171461615
short,train,2022-04-05 00:00:00+00:00,2022-04-06 00:00:00+00:00,132.151,122.46134489896458,tp,7,0.07332260142590996,0.07232260142590996,7.232260142590996
short,train,2022-04-06 08:00:00+00:00,2022-04-06 12:00:00+00:00,125.527,115.7140970057126,tp,2,0.07817364387173595,0.07717364387173595,7.717364387173594
short,train,2022-04-06 20:00:00+00:00,2022-04-08 20:00:00+00:00,118.842,108.15837176441349,tp,13,0.08989774857025724,0.08889774857025724,8.889774857025724
short,train,2022-04-09 04:00:00+00:00,2022-04-11 20:00:00+00:00,109.444,99.33546530157265,tp,17,0.09236262105211203,0.09136262105211203,9.136262105211204
short,train,2022-04-12 04:00:00+00:00,2022-04-16 04:00:00+00:00,99.702,101.482,timeout,25,-0.01785320254357988,-0.018853202543579882,-1.8853202543579881
short,train,2022-04-16 12:00:00+00:00,2022-04-18 04:00:00+00:00,101.858,96.58849499263589,tp,11,0.05173383541169193,0.05073383541169193,5.073383541169193
short,train,2022-04-18 12:00:00+00:00,2022-04-19 00:00:00+00:00,96.779,103.47197365796808,sl,4,-0.06915729298678518,-0.07015729298678518,-7.015729298678518
short,train,2022-04-19 08:00:00+00:00,2022-04-19 12:00:00+00:00,101.87,108.52079176159477,sl,2,-0.06528704978496869,-0.06628704978496869,-6.628704978496868
short,train,2022-04-19 20:00:00+00:00,2022-04-21 20:00:00+00:00,106.881,101.25558615153828,tp,13,0.05263249640686107,0.05163249640686107,5.163249640686107
short,train,2022-04-22 04:00:00+00:00,2022-04-25 00:00:00+00:00,102.534,96.69086252616691,tp,18,0.056987316147161876,0.055987316147161875,5.598731614716187
short,train,2022-04-25 08:00:00+00:00,2022-04-25 20:00:00+00:00,95.139,101.08674323991079,sl,4,-0.06251635228361442,-0.06351635228361442,-6.351635228361443
short,train,2022-04-26 04:00:00+00:00,2022-04-26 16:00:00+00:00,101.032,96.18937563474118,tp,4,0.0479315896474267,0.0469315896474267,4.69315896474267
short,train,2022-04-27 00:00:00+00:00,2022-04-30 16:00:00+00:00,95.737,90.77489195638341,tp,23,0.05183061975638031,0.050830619756380306,5.083061975638031
short,train,2022-05-01 00:00:00+00:00,2022-05-01 16:00:00+00:00,84.654,91.51556941092949,sl,5,-0.08105428462836359,-0.08205428462836359,-8.205428462836359
short,train,2022-05-02 00:00:00+00:00,2022-05-05 16:00:00+00:00,89.735,83.65459732081241,tp,23,0.06775954398158562,0.06675954398158562,6.675954398158562
short,train,2022-05-06 00:00:00+00:00,2022-05-07 20:00:00+00:00,84.517,78.63033497509659,tp,12,0.0696506622916503,0.0686506622916503,6.865066229165031
short,train,2022-05-08 04:00:00+00:00,2022-05-09 08:00:00+00:00,76.981,71.90049475489464,tp,8,0.06599687254134601,0.064996872541346,6.499687254134601
short,train,2022-05-09 16:00:00+00:00,2022-05-09 16:00:00+00:00,69.875,64.24225181165482,tp,1,0.08061178087077174,0.07961178087077174,7.961178087077174
short,train,2022-05-10 00:00:00+00:00,2022-05-10 04:00:00+00:00,62.148,70.65619160606082,sl,2,-0.13690209831468128,-0.13790209831468128,-13.790209831468129
short,train,2022-05-10 12:00:00+00:00,2022-05-10 20:00:00+00:00,71.556,63.59512625116163,tp,3,0.11125375578341952,0.11025375578341952,11.025375578341952
short,train,2022-05-11 04:00:00+00:00,2022-05-11 12:00:00+00:00,66.187,57.94034175498301,tp,3,0.1245963443730187,0.1235963443730187,12.35963443730187
short,train,2022-05-11 20:00:00+00:00,2022-05-15 20:00:00+00:00,47.979,58.856,timeout,25,-0.22670334938202136,-0.22770334938202136,-22.770334938202136
short,train,2022-05-16 04:00:00+00:00,2022-05-20 04:00:00+00:00,56.079,52.1,timeout,25,0.07095347634586921,0.06995347634586921,6.9953476345869205
short,train,2022-05-20 12:00:00+00:00,2022-05-24 12:00:00+00:00,53.188,47.700790934350586,tp,25,0.10316629814336724,0.10216629814336724,10.216629814336724
short,train,2022-05-24 20:00:00+00:00,2022-05-26 08:00:00+00:00,49.103,44.973219104320144,tp,10,0.08410445177850351,0.08310445177850351,8.310445177850351
short,train,2022-05-26 16:00:00+00:00,2022-05-27 04:00:00+00:00,45.132,40.96755351623216,tp,4,0.09227258893396792,0.09127258893396792,9.127258893396792
short,train,2022-05-27 12:00:00+00:00,2022-05-30 04:00:00+00:00,41.587,46.99587087201765,sl,17,-0.13006157866683443,-0.13106157866683443,-13.106157866683443
short,train,2022-05-30 12:00:00+00:00,2022-06-01 16:00:00+00:00,46.079,42.487659803008846,tp,14,0.07793876162657945,0.07693876162657945,7.693876162657945
short,train,2022-06-02 00:00:00+00:00,2022-06-04 00:00:00+00:00,40.13,36.63899746026458,tp,13,0.08699233839360643,0.08599233839360643,8.599233839360643
short,train,2022-06-04 08:00:00+00:00,2022-06-06 00:00:00+00:00,37.34,41.272712780132665,sl,11,-0.10532171344758064,-0.10632171344758064,-10.632171344758063
short,train,2022-06-06 08:00:00+00:00,2022-06-07 00:00:00+00:00,43.04,39.67677514578194,tp,5,0.07814184140841218,0.07714184140841218,7.714184140841218
short,train,2022-06-07 08:00:00+00:00,2022-06-11 08:00:00+00:00,39.31,35.69968955386316,tp,25,0.09184203627923793,0.09084203627923793,9.084203627923792
short,train,2022-06-11 16:00:00+00:00,2022-06-13 00:00:00+00:00,33.77,30.498265475620254,tp,9,0.09688287013265467,0.09588287013265467,9.588287013265468
short,train,2022-06-13 08:00:00+00:00,2022-06-15 16:00:00+00:00,27.56,32.54834716734106,sl,15,-0.18099953437376867,-0.18199953437376867,-18.199953437376866
short,train,2022-06-16 00:00:00+00:00,2022-06-16 20:00:00+00:00,34.73,29.689082167115565,tp,6,0.14514592090078987,0.14414592090078987,14.414592090078987
short,train,2022-06-17 04:00:00+00:00,2022-06-20 08:00:00+00:00,30.04,36.005913640347636,sl,20,-0.19859898935910908,-0.19959898935910908,-19.959898935910907
short,train,2022-06-20 16:00:00+00:00,2022-06-24 16:00:00+00:00,35.28,41.14,timeout,25,-0.16609977324263037,-0.16709977324263037,-16.709977324263036
short,train,2022-06-25 00:00:00+00:00,2022-06-27 16:00:00+00:00,41.9,38.02189935281881,tp,17,0.09255610136470625,0.09155610136470625,9.155610136470624
short,train,2022-06-28 00:00:00+00:00,2022-06-28 20:00:00+00:00,38.5,35.23009035033264,tp,6,0.08493271817317823,0.08393271817317823,8.393271817317823
short,train,2022-06-29 04:00:00+00:00,2022-06-30 04:00:00+00:00,35.45,32.178453909466704,tp,7,0.0922862084776671,0.0912862084776671,9.12862084776671
short,train,2022-06-30 12:00:00+00:00,2022-07-04 12:00:00+00:00,31.69,34.29,timeout,25,-0.08204480908804032,-0.08304480908804032,-8.304480908804033
short,train,2022-07-04 20:00:00+00:00,2022-07-07 12:00:00+00:00,34.87,37.82040534571832,sl,17,-0.08461156712699522,-0.08561156712699522,-8.561156712699521
short,train,2022-07-07 20:00:00+00:00,2022-07-08 12:00:00+00:00,39.01,36.51685083195962,tp,5,0.06391051443323187,0.06291051443323187,6.2910514433231866
short,train,2022-07-08 20:00:00+00:00,2022-07-11 00:00:00+00:00,38.95,36.263640160211764,tp,14,0.06896944389700227,0.06796944389700227,6.796944389700227
short,train,2022-07-11 08:00:00+00:00,2022-07-12 16:00:00+00:00,35.18,33.107656630047856,tp,9,0.05890686099920818,0.05790686099920818,5.790686099920818
short,train,2022-07-13 00:00:00+00:00,2022-07-14 00:00:00+00:00,32.68,35.29866696876095,sl,7,-0.08013056819953941,-0.08113056819953941,-8.113056819953941
short,train,2022-07-14 08:00:00+00:00,2022-07-14 16:00:00+00:00,34.34,37.02534663236536,sl,3,-0.07819879535134999,-0.07919879535135,-7.919879535134999
short,train,2022-07-15 00:00:00+00:00,2022-07-16 16:00:00+00:00,37.14,40.05705110284744,sl,11,-0.07854203292534835,-0.07954203292534835,-7.954203292534835
short,train,2022-07-17 00:00:00+00:00,2022-07-18 20:00:00+00:00,39.59,42.71312051615435,sl,12,-0.07888660055959444,-0.07988660055959444,-7.9886600559594445
short,train,2022-07-19 04:00:00+00:00,2022-07-23 04:00:00+00:00,43.0,41.34,timeout,25,0.03860465116279062,0.03760465116279062,3.760465116279062
short,train,2022-07-23 12:00:00+00:00,2022-07-26 00:00:00+00:00,39.6,36.20318983583061,tp,16,0.08577803444872209,0.08477803444872209,8.477803444872208
short,train,2022-07-26 08:00:00+00:00,2022-07-27 16:00:00+00:00,35.64,39.37005613536107,sl,9,-0.10465926305726901,-0.10565926305726901,-10.5659263057269
short,train,2022-07-28 00:00:00+00:00,2022-07-28 20:00:00+00:00,40.23,43.94371212432498,sl,6,-0.09231200905605233,-0.09331200905605233,-9.331200905605233
short,train,2022-07-29 04:00:00+00:00,2022-08-02 00:00:00+00:00,43.5,40.43362312467054,tp,24,0.07049142242136691,0.06949142242136691,6.949142242136691
short,train,2022-08-02 08:00:00+00:00,2022-08-03 00:00:00+00:00,40.53,37.45843444745402,tp,5,0.07578498772627643,0.07478498772627643,7.478498772627643
short,train,2022-08-03 08:00:00+00:00,2022-08-07 08:00:00+00:00,38.35,40.14,timeout,25,-0.046675358539765295,-0.047675358539765296,-4.76753585397653
short,train,2022-08-07 16:00:00+00:00,2022-08-08 04:00:00+00:00,40.34,42.755474998332836,sl,4,-0.05987791270036769,-0.060877912700367694,-6.087791270036769
short,train,2022-08-08 12:00:00+00:00,2022-08-09 08:00:00+00:00,43.4,41.43331449164634,tp,6,0.045315334293863044,0.04431533429386304,4.431533429386304
short,train,2022-08-09 16:00:00+00:00,2022-08-10 20:00:00+00:00,40.13,42.82133366056429,sl,8,-0.06706537903225242,-0.06806537903225242,-6.806537903225242
short,train,2022-08-11 04:00:00+00:00,2022-08-13 00:00:00+00:00,43.83,46.747103651606196,sl,12,-0.06655495440579963,-0.06755495440579963,-6.755495440579963
short,train,2022-08-13 08:00:00+00:00,2022-08-14 16:00:00+00:00,47.17,44.47710895240329,tp,9,0.05708906185280284,0.05608906185280284,5.608906185280284
short,train,2022-08-15 00:00:00+00:00,2022-08-17 12:00:00+00:00,44.86,42.28646867497306,tp,16,0.057368063420127985,0.056368063420127984,5.6368063420127985
short,train,2022-08-17 20:00:00+00:00,2022-08-19 00:00:00+00:00,40.74,38.0096516616173,tp,8,0.06701885955774925,0.06601885955774925,6.601885955774925
short,train,2022-08-19 08:00:00+00:00,2022-08-22 08:00:00+00:00,36.64,33.81490729715629,tp,19,0.07710405848372576,0.07610405848372576,7.610405848372576
short,train,2022-08-22 16:00:00+00:00,2022-08-26 16:00:00+00:00,34.81,32.58887666756881,tp,25,0.06380704775728786,0.06280704775728786,6.280704775728786
short,train,2022-08-27 00:00:00+00:00,2022-08-31 00:00:00+00:00,31.72,32.45,timeout,25,-0.023013871374527237,-0.024013871374527238,-2.401387137452724
short,train,2022-08-31 08:00:00+00:00,2022-09-04 08:00:00+00:00,32.32,31.88,timeout,25,0.013613861386138654,0.012613861386138653,1.2613861386138652
short,train,2022-09-04 16:00:00+00:00,2022-09-06 00:00:00+00:00,31.82,33.50021877791511,sl,9,-0.05280385851398832,-0.05380385851398832,-5.380385851398832
short,train,2022-09-06 08:00:00+00:00,2022-09-06 16:00:00+00:00,32.97,31.61650149290831,tp,3,0.04105242666338155,0.040052426663381546,4.005242666338154
short,train,2022-09-07 00:00:00+00:00,2022-09-08 08:00:00+00:00,30.89,33.12212108434785,sl,9,-0.07226031351077541,-0.07326031351077542,-7.326031351077542
short,train,2022-09-08 16:00:00+00:00,2022-09-09 08:00:00+00:00,33.39,35.64429757781782,sl,5,-0.06751415327396873,-0.06851415327396873,-6.851415327396873
short,train,2022-09-09 16:00:00+00:00,2022-09-12 08:00:00+00:00,34.97,37.196562385423114,sl,17,-0.06367064299179626,-0.06467064299179626,-6.467064299179626
short,train,2022-09-12 16:00:00+00:00,2022-09-13 12:00:00+00:00,37.13,34.98535475219895,tp,6,0.057760442978751714,0.05676044297875171,5.676044297875171
short,train,2022-09-13 20:00:00+00:00,2022-09-17 20:00:00+00:00,34.08,33.7,timeout,25,0.011150234741783905,0.010150234741783906,1.0150234741783906
short,train,2022-09-18 04:00:00+00:00,2022-09-18 20:00:00+00:00,33.41,31.662424518737385,tp,5,0.05230695843348134,0.05130695843348134,5.130695843348134
short,train,2022-09-19 04:00:00+00:00,2022-09-21 16:00:00+00:00,30.88,33.216081061491984,sl,16,-0.07565029344209796,-0.07665029344209796,-7.665029344209796
short,train,2022-09-22 00:00:00+00:00,2022-09-23 04:00:00+00:00,30.64,33.27368167236813,sl,8,-0.08595566815822868,-0.08695566815822868,-8.695566815822868
short,train,2022-09-23 12:00:00+00:00,2022-09-24 00:00:00+00:00,31.75,34.19217711872707,sl,4,-0.07691896436935665,-0.07791896436935665,-7.791896436935665
short,train,2022-09-24 08:00:00+00:00,2022-09-28 00:00:00+00:00,33.73,31.717787984257253,tp,23,0.059656448732367154,0.05865644873236715,5.8656448732367155
short,train,2022-09-28 08:00:00+00:00,2022-09-30 12:00:00+00:00,32.33,34.79645778661824,sl,14,-0.07629006454123856,-0.07729006454123856,-7.729006454123856
short,train,2022-09-30 20:00:00+00:00,2022-10-03 00:00:00+00:00,33.71,31.77539132169729,tp,14,0.057389756105093816,0.056389756105093815,5.638975610509381
short,train,2022-10-03 08:00:00+00:00,2022-10-04 12:00:00+00:00,32.26,33.99327357767581,sl,8,-0.05372825721251736,-0.05472825721251736,-5.472825721251736
short,train,2022-10-04 20:00:00+00:00,2022-10-07 12:00:00+00:00,34.11,32.8389504506772,tp,17,0.03726325269196121,0.036263252691961206,3.6263252691961205
short,train,2022-10-07 20:00:00+00:00,2022-10-11 00:00:00+00:00,32.96,31.838730984877024,tp,20,0.034019084196692244,0.03301908419669224,3.3019084196692243
short,train,2022-10-11 08:00:00+00:00,2022-10-11 20:00:00+00:00,31.55,30.627467713542373,tp,4,0.029240326036691845,0.028240326036691844,2.8240326036691843
short,train,2022-10-12 04:00:00+00:00,2022-10-13 04:00:00+00:00,30.93,29.90146229949628,tp,7,0.03325372455556803,0.03225372455556803,3.2253724555568026
short,train,2022-10-13 12:00:00+00:00,2022-10-13 16:00:00+00:00,28.8,30.40069779602328,sl,2,-0.05557978458414165,-0.05657978458414165,-5.657978458414165
short,train,2022-10-14 00:00:00+00:00,2022-10-18 00:00:00+00:00,30.48,31.12,timeout,25,-0.020997375328084007,-0.021997375328084007,-2.199737532808401
short,train,2022-10-18 08:00:00+00:00,2022-10-18 16:00:00+00:00,31.13,30.05756451545963,tp,3,0.0344502243668605,0.0334502243668605,3.34502243668605
short,train,2022-10-19 00:00:00+00:00,2022-10-19 20:00:00+00:00,30.14,28.98483991373497,tp,6,0.038326479305409125,0.037326479305409124,3.7326479305409124
short,train,2022-10-20 04:00:00+00:00,2022-10-21 00:00:00+00:00,28.9,27.74584670280268,tp,6,0.03993610024904216,0.038936100249042156,3.893610024904216
short,train,2022-10-21 08:00:00+00:00,2022-10-23 20:00:00+00:00,27.91,29.33654047755817,sl,16,-0.051112163294810824,-0.052112163294810825,-5.211216329481083
short,train,2022-10-24 04:00:00+00:00,2022-10-25 16:00:00+00:00,28.6,30.09836486542666,sl,10,-0.05239037991002303,-0.05339037991002303,-5.339037991002303
short,train,2022-10-26 00:00:00+00:00,2022-10-29 00:00:00+00:00,30.87,32.812980492377505,sl,19,-0.06294073509483332,-0.06394073509483332,-6.394073509483332
short,train,2022-10-29 08:00:00+00:00,2022-11-02 04:00:00+00:00,33.29,31.685865945379373,tp,24,0.04818666430221167,0.04718666430221167,4.718666430221167
short,train,2022-11-02 12:00:00+00:00,2022-11-04 12:00:00+00:00,31.3,33.15282428764613,sl,13,-0.059195664142048965,-0.060195664142048966,-6.019566414204896
short,train,2022-11-04 20:00:00+00:00,2022-11-05 12:00:00+00:00,33.51,35.76779698332379,sl,5,-0.06737681239402546,-0.06837681239402546,-6.837681239402546
short,train,2022-11-05 20:00:00+00:00,2022-11-06 16:00:00+00:00,37.07,34.54740000985132,tp,6,0.06804963555836734,0.06704963555836733,6.704963555836733
short,train,2022-11-07 00:00:00+00:00,2022-11-07 20:00:00+00:00,32.61,30.110469240771618,tp,6,0.07664921064791112,0.07564921064791112,7.564921064791112
short,train,2022-11-08 04:00:00+00:00,2022-11-08 20:00:00+00:00,26.46,23.046083528942695,tp,4,0.12902178651010224,0.12802178651010224,12.802178651010223
short,train,2022-11-09 04:00:00+00:00,2022-11-09 08:00:00+00:00,22.08,17.793561521448872,tp,2,0.19413217747061262,0.19313217747061262,19.313217747061262
short,train,2022-11-09 20:00:00+00:00,2022-11-13 20:00:00+00:00,13.88,13.18,timeout,25,0.05043227665706059,0.04943227665706059,4.943227665706059
short,train,2022-11-14 04:00:00+00:00,2022-11-18 04:00:00+00:00,13.03,13.61,timeout,25,-0.04451266308518804,-0.04551266308518804,-4.551266308518804
short,train,2022-11-18 12:00:00+00:00,2022-11-20 20:00:00+00:00,13.56,12.235068837828667,tp,15,0.0977087877707473,0.0967087877707473,9.67087877707473
short,train,2022-11-21 04:00:00+00:00,2022-11-23 00:00:00+00:00,11.74,13.071630932914347,sl,12,-0.11342682563154576,-0.11442682563154576,-11.442682563154575
short,train,2022-11-23 08:00:00+00:00,2022-11-23 16:00:00+00:00,13.12,14.599041553324696,sl,3,-0.11273182571072385,-0.11373182571072385,-11.373182571072386
short,train,2022-11-24 00:00:00+00:00,2022-11-28 00:00:00+00:00,14.36,13.03348228228849,tp,25,0.09237588563450619,0.09137588563450619,9.137588563450619
short,train,2022-11-28 08:00:00+00:00,2022-12-02 08:00:00+00:00,13.43,13.6,timeout,25,-0.01265822784810126,-0.013658227848101261,-1.365822784810126
short,train,2022-12-02 16:00:00+00:00,2022-12-06 16:00:00+00:00,13.53,14.01,timeout,25,-0.035476718403547707,-0.03647671840354771,-3.6476718403547705
short,train,2022-12-07 00:00:00+00:00,2022-12-07 04:00:00+00:00,14.29,13.72461933204314,tp,2,0.039564777323782996,0.038564777323782995,3.8564777323782993
short,train,2022-12-07 12:00:00+00:00,2022-12-11 12:00:00+00:00,13.61,13.66,timeout,25,-0.0036737692872888107,-0.00467376928728881,-0.46737692872888104
short,train,2022-12-11 20:00:00+00:00,2022-12-11 20:00:00+00:00,13.72,13.387651394762626,tp,1,0.024223659273861116,0.023223659273861115,2.3223659273861115
short,train,2022-12-12 04:00:00+00:00,2022-12-13 12:00:00+00:00,12.95,13.4860134839612,sl,9,-0.04139100262248653,-0.04239100262248653,-4.2391002622486536
short,train,2022-12-13 20:00:00+00:00,2022-12-14 12:00:00+00:00,13.79,14.517671565691426,sl,5,-0.052768061326426904,-0.053768061326426905,-5.376806132642691
short,train,2022-12-14 20:00:00+00:00,2022-12-16 08:00:00+00:00,14.29,13.650230668947094,tp,10,0.04477042204708925,0.04377042204708925,4.377042204708925
short,train,2022-12-16 16:00:00+00:00,2022-12-16 20:00:00+00:00,13.01,12.300896332377038,tp,2,0.05450450942528533,0.053504509425285326,5.350450942528533
short,train,2022-12-17 04:00:00+00:00,2022-12-22 00:00:00+00:00,12.25,12.12,timeout,25,0.010612244897959247,0.009612244897959248,0.9612244897959248
short,train,2022-12-22 08:00:00+00:00,2022-12-24 04:00:00+00:00,12.06,11.555196684703853,tp,12,0.041857654668005576,0.040857654668005575,4.085765466800558
short,train,2022-12-24 12:00:00+00:00,2022-12-27 12:00:00+00:00,11.31,10.799544190524898,tp,19,0.045133139652971034,0.04413313965297103,4.413313965297103
short,train,2022-12-27 20:00:00+00:00,2022-12-28 04:00:00+00:00,11.017,10.58372976387887,tp,3,0.03932742453672779,0.038327424536727786,3.8327424536727785
short,train,2022-12-28 12:00:00+00:00,2022-12-28 20:00:00+00:00,10.017,9.413120230793014,tp,3,0.06028549158500402,0.05928549158500402,5.928549158500402
short,train,2022-12-29 04:00:00+00:00,2022-12-29 16:00:00+00:00,9.768,9.09956205517699,tp,4,0.06843140303265868,0.06743140303265868,6.743140303265868
short,train,2022-12-30 08:00:00+00:00,2023-01-02 04:00:00+00:00,9.131,10.25990810967854,sl,18,-0.12363466319992762,-0.12463466319992762,-12.463466319992762
short,train,2023-01-02 12:00:00+00:00,2023-01-03 12:00:00+00:00,11.02,12.161445596552035,sl,7,-0.10357945522250775,-0.10457945522250775,-10.457945522250775
short,train,2023-01-03 20:00:00+00:00,2023-01-04 04:00:00+00:00,12.949,14.39260976923735,sl,3,-0.11148426667984784,-0.11248426667984784,-11.248426667984784
short,train,2023-01-04 12:00:00+00:00,2023-01-08 12:00:00+00:00,13.689,13.874,timeout,25,-0.01351450069398791,-0.014514500693987908,-1.4514500693987908
short,train,2023-01-08 20:00:00+00:00,2023-01-08 20:00:00+00:00,13.55,14.545994174357793,sl,1,-0.07350510511865622,-0.07450510511865623,-7.450510511865622
short,train,2023-01-09 04:00:00+00:00,2023-01-13 04:00:00+00:00,16.05,16.899,timeout,25,-0.05289719626168225,-0.053897196261682254,-5.389719626168225
short,train,2023-01-13 12:00:00+00:00,2023-01-13 20:00:00+00:00,16.671,18.256802753371893,sl,3,-0.09512343310970511,-0.09612343310970511,-9.61234331097051
short,train,2023-01-14 04:00:00+00:00,2023-01-14 04:00:00+00:00,21.951,24.398819071195717,sl,1,-0.11151287281653303,-0.11251287281653304,-11.251287281653303
short,train,2023-01-14 12:00:00+00:00,2023-01-18 12:00:00+00:00,22.374,21.777,timeout,25,0.026682756771252248,0.025682756771252247,2.5682756771252246
short,train,2023-01-18 20:00:00+00:00,2023-01-20 20:00:00+00:00,21.775,24.85117973740464,sl,13,-0.1412711704893061,-0.1422711704893061,-14.22711704893061
short,train,2023-01-21 04:00:00+00:00,2023-01-24 20:00:00+00:00,24.837,22.609498680818668,tp,23,0.08968479764791772,0.08868479764791772,8.868479764791772
short,train,2023-01-25 04:00:00+00:00,2023-01-25 20:00:00+00:00,22.919,25.22489049857848,sl,5,-0.10061043233031448,-0.10161043233031448,-10.161043233031448
short,train,2023-01-26 04:00:00+00:00,2023-01-30 04:00:00+00:00,24.791,25.384,timeout,25,-0.02391997095720221,-0.02491997095720221,-2.491997095720221
short,train,2023-01-30 12:00:00+00:00,2023-02-02 16:00:00+00:00,24.011,26.126271749098596,sl,20,-0.0880959455707216,-0.0890959455707216,-8.909594557072161
short,train,2023-02-03 00:00:00+00:00,2023-02-06 20:00:00+00:00,24.323,22.614775401211,tp,24,0.07023083496234026,0.06923083496234025,6.9230834962340255
short,train,2023-02-07 04:00:00+00:00,2023-02-09 16:00:00+00:00,23.066,21.885847324785548,tp,16,0.05116416696498965,0.05016416696498965,5.016416696498965
short,train,2023-02-10 00:00:00+00:00,2023-02-12 16:00:00+00:00,20.49,22.296020922121627,sl,17,-0.08814157745835184,-0.08914157745835184,-8.914157745835185
short,train,2023-02-13 00:00:00+00:00,2023-02-13 08:00:00+00:00,21.499,20.261927956373057,tp,3,0.057540910908737225,0.056540910908737224,5.654091090873722
short,train,2023-02-13 16:00:00+00:00,2023-02-14 12:00:00+00:00,20.372,22.00741391080634,sl,6,-0.08027753341872858,-0.08127753341872858,-8.127753341872857
short,train,2023-02-14 20:00:00+00:00,2023-02-15 20:00:00+00:00,22.027,23.728590251916568,sl,7,-0.07725020438173909,-0.07825020438173909,-7.825020438173909
short,train,2023-02-16 04:00:00+00:00,2023-02-16 20:00:00+00:00,23.824,22.493215613202125,tp,5,0.05585898198446427,0.05485898198446427,5.485898198446427
short,train,2023-02-17 04:00:00+00:00,2023-02-19 12:00:00+00:00,22.686,24.476237299359397,sl,15,-0.07891374853916058,-0.07991374853916058,-7.991374853916058
short,train,2023-02-19 20:00:00+00:00,2023-02-20 04:00:00+00:00,24.632,26.37075426623852,sl,3,-0.07058924432601978,-0.07158924432601978,-7.158924432601978
short,train,2023-02-20 12:00:00+00:00,2023-02-21 20:00:00+00:00,26.377,24.623480880923815,tp,9,0.06647909614725649,0.06547909614725649,6.547909614725649
short,train,2023-02-22 04:00:00+00:00,2023-02-24 16:00:00+00:00,24.452,22.67707567793884,tp,16,0.07258810412486341,0.07158810412486341,7.158810412486341
short,train,2023-02-25 00:00:00+00:00,2023-02-25 20:00:00+00:00,23.07,21.59762959223657,tp,6,0.06382186422901741,0.06282186422901741,6.282186422901741
short,train,2023-02-26 04:00:00+00:00,2023-03-02 04:00:00+00:00,22.658,21.984,timeout,25,0.02974666784358723,0.028746667843587228,2.874666784358723
short,train,2023-03-02 12:00:00+00:00,2023-03-03 00:00:00+00:00,22.074,21.09295066846738,tp,4,0.0444436591253339,0.0434436591253339,4.34436591253339
short,train,2023-03-03 08:00:00+00:00,2023-03-07 08:00:00+00:00,21.061,20.308,timeout,25,0.03575328806799298,0.03475328806799298,3.475328806799298
short,train,2023-03-07 16:00:00+00:00,2023-03-08 04:00:00+00:00,20.425,19.5676748725568,tp,4,0.04197430244519953,0.04097430244519953,4.097430244519953
short,train,2023-03-08 12:00:00+00:00,2023-03-08 20:00:00+00:00,19.333,18.367916551615828,tp,3,0.04991897007107902,0.04891897007107902,4.891897007107902
short,train,2023-03-09 04:00:00+00:00,2023-03-09 16:00:00+00:00,18.598,17.52234895956632,tp,4,0.05783692012225401,0.05683692012225401,5.683692012225401
short,train,2023-03-10 00:00:00+00:00,2023-03-10 08:00:00+00:00,17.335,16.180761569294525,tp,3,0.06658427636028127,0.06558427636028127,6.558427636028127
short,train,2023-03-10 16:00:00+00:00,2023-03-12 20:00:00+00:00,17.656,19.30788924599708,sl,14,-0.09355965371528563,-0.09455965371528563,-9.455965371528563
short,train,2023-03-13 04:00:00+00:00,2023-03-13 12:00:00+00:00,19.534,21.50737488910273,sl,3,-0.10102257034415545,-0.10202257034415545,-10.202257034415545
short,train,2023-03-13 20:00:00+00:00,2023-03-15 16:00:00+00:00,20.531,18.76014691362634,tp,12,0.08625264655270855,0.08525264655270855,8.525264655270854
short,train,2023-03-16 00:00:00+00:00,2023-03-17 20:00:00+00:00,19.239,21.530677289754262,sl,12,-0.11911623731764964,-0.12011623731764964,-12.011623731764963
short,train,2023-03-18 04:00:00+00:00,2023-03-22 04:00:00+00:00,22.651,22.318,timeout,25,0.01470133768928517,0.013701337689285172,1.3701337689285171
short,train,2023-03-22 12:00:00+00:00,2023-03-24 16:00:00+00:00,22.485,20.83606987331012,tp,14,0.07333467319056615,0.07233467319056615,7.233467319056615
short,train,2023-03-25 00:00:00+00:00,2023-03-29 00:00:00+00:00,20.672,20.657,timeout,25,0.0007256191950464671,-0.00027438080495353293,-0.027438080495353293
short,train,2023-03-29 08:00:00+00:00,2023-03-31 04:00:00+00:00,21.206,20.11770139849636,tp,12,0.05132031507609346,0.05032031507609346,5.0320315076093465
short,train,2023-03-31 12:00:00+00:00,2023-03-31 20:00:00+00:00,20.319,21.48536569725178,sl,3,-0.057402711612371704,-0.058402711612371705,-5.840271161237171
short,train,2023-04-01 04:00:00+00:00,2023-04-03 00:00:00+00:00,21.035,20.06618532529762,tp,12,0.04605727001199807,0.045057270011998066,4.505727001199807
short,train,2023-04-03 08:00:00+00:00,2023-04-05 00:00:00+00:00,20.266,21.279122764242114,sl,11,-0.04999125452689805,-0.05099125452689805,-5.0991254526898055
short,train,2023-04-05 08:00:00+00:00,2023-04-07 04:00:00+00:00,21.188,20.342028322274967,tp,12,0.03992692456697339,0.03892692456697339,3.892692456697339
short,train,2023-04-07 12:00:00+00:00,2023-04-11 00:00:00+00:00,20.315,21.203439537409384,sl,22,-0.0437331792965485,-0.0447331792965485,-4.47331792965485
short,train,2023-04-11 08:00:00+00:00,2023-04-11 12:00:00+00:00,22.469,23.4668845909418,sl,2,-0.04441161560113034,-0.04541161560113034,-4.541161560113034
short,train,2023-04-11 20:00:00+00:00,2023-04-12 00:00:00+00:00,23.432,22.472464301370515,tp,2,0.040949799361108055,0.039949799361108054,3.9949799361108056
short,train,2023-04-12 08:00:00+00:00,2023-04-13 12:00:00+00:00,23.693,25.24069858322202,sl,8,-0.06532303141105046,-0.06632303141105046,-6.632303141105046
short,train,2023-04-13 20:00:00+00:00,2023-04-17 20:00:00+00:00,24.739,24.573,timeout,25,0.006710052952827534,0.005710052952827534,0.5710052952827535
short,train,2023-04-18 04:00:00+00:00,2023-04-19 08:00:00+00:00,24.423,23.074605069535355,tp,8,0.05521004505853675,0.05421004505853675,5.421004505853675
short,train,2023-04-19 16:00:00+00:00,2023-04-20 16:00:00+00:00,23.343,21.852961245373624,tp,7,0.06383235893528577,0.06283235893528577,6.283235893528577
short,train,2023-04-21 00:00:00+00:00,2023-04-25 00:00:00+00:00,22.195,20.875,timeout,25,0.05947285424645191,0.05847285424645191,5.847285424645191
short,train,2023-04-25 08:00:00+00:00,2023-04-26 08:00:00+00:00,20.879,22.218186861932,sl,7,-0.06414037367364334,-0.06514037367364334,-6.514037367364334
short,train,2023-04-26 16:00:00+00:00,2023-04-26 16:00:00+00:00,22.676,21.62994666983083,tp,1,0.046130416747626087,0.045130416747626086,4.513041674762609
short,train,2023-04-27 00:00:00+00:00,2023-04-28 16:00:00+00:00,21.281,22.962894214276716,sl,11,-0.07903266830866582,-0.08003266830866582,-8.00326683086658
short,train,2023-04-29 00:00:00+00:00,2023-05-01 00:00:00+00:00,23.347,22.103967845375916,tp,13,0.05324162224800126,0.05224162224800126,5.224162224800126
short,train,2023-05-01 08:00:00+00:00,2023-05-05 08:00:00+00:00,22.33,22.006,timeout,25,0.014509628302731666,0.013509628302731665,1.3509628302731664
short,train,2023-05-05 16:00:00+00:00,2023-05-08 00:00:00+00:00,22.32,21.43261759232053,tp,15,0.03975727632972541,0.03875727632972541,3.8757276329725405
short,train,2023-05-08 08:00:00+00:00,2023-05-08 16:00:00+00:00,21.219,20.21191990126671,tp,3,0.04746124222316274,0.04646124222316274,4.646124222316274
short,train,2023-05-09 00:00:00+00:00,2023-05-13 00:00:00+00:00,20.634,21.153,timeout,25,-0.025152660657167702,-0.026152660657167703,-2.6152660657167703
short,train,2023-05-13 08:00:00+00:00,2023-05-17 08:00:00+00:00,21.22,20.517,timeout,25,0.03312912346842599,0.03212912346842599,3.212912346842599
short,train,2023-05-17 16:00:00+00:00,2023-05-21 12:00:00+00:00,20.594,19.880954449199255,tp,24,0.0346239463339199,0.0336239463339199,3.36239463339199
short,train,2023-05-21 20:00:00+00:00,2023-05-21 20:00:00+00:00,19.987,19.53439314831893,tp,1,0.022645061874271687,0.021645061874271686,2.1645061874271687
short,train,2023-05-22 04:00:00+00:00,2023-05-24 12:00:00+00:00,19.54,18.998313479928058,tp,15,0.02772193040286292,0.026721930402862918,2.6721930402862917
short,train,2023-05-24 20:00:00+00:00,2023-05-27 20:00:00+00:00,19.184,20.006692311899197,sl,19,-0.04288429482376961,-0.04388429482376961,-4.388429482376961
short,train,2023-05-28 04:00:00+00:00,2023-05-30 08:00:00+00:00,20.493,21.234727658452726,sl,14,-0.03619419599144722,-0.03719419599144722,-3.719419599144722
short,train,2023-05-30 16:00:00+00:00,2023-06-03 16:00:00+00:00,20.941,21.051,timeout,25,-0.00525285325438133,-0.00625285325438133,-0.625285325438133
short,train,2023-06-04 00:00:00+00:00,2023-06-04 12:00:00+00:00,21.186,21.915066121175997,sl,4,-0.03441263670235046,-0.03541263670235046,-3.541263670235046
short,train,2023-06-04 20:00:00+00:00,2023-06-05 00:00:00+00:00,22.199,21.548174503436368,tp,2,0.029317784430092975,0.028317784430092974,2.8317784430092976
short,train,2023-06-05 08:00:00+00:00,2023-06-05 12:00:00+00:00,21.654,20.939094163283418,tp,2,0.03301495505295013,0.03201495505295013,3.201495505295013
short,train,2023-06-05 20:00:00+00:00,2023-06-07 16:00:00+00:00,20.012,19.002400100850462,tp,12,0.050449725122403484,0.04944972512240348,4.944972512240349
short,train,2023-06-08 00:00:00+00:00,2023-06-09 16:00:00+00:00,18.638,17.592038407575316,tp,11,0.05611984077823186,0.05511984077823186,5.511984077823186
short,train,2023-06-10 00:00:00+00:00,2023-06-10 00:00:00+00:00,17.396,16.247530078895462,tp,1,0.06601919528078516,0.06501919528078516,6.501919528078516
short,train,2023-06-10 08:00:00+00:00,2023-06-14 08:00:00+00:00,14.409,15.199,timeout,25,-0.05482684433340267,-0.055826844333402674,-5.582684433340267
short,train,2023-06-14 16:00:00+00:00,2023-06-18 16:00:00+00:00,15.105,15.816,timeout,25,-0.04707050645481631,-0.04807050645481631,-4.807050645481631
short,train,2023-06-19 00:00:00+00:00,2023-06-20 16:00:00+00:00,15.442,16.374881433918848,sl,11,-0.06041195660658254,-0.06141195660658254,-6.141195660658254
short,train,2023-06-21 00:00:00+00:00,2023-06-22 00:00:00+00:00,16.642,17.51983692569525,sl,7,-0.052748283000555965,-0.053748283000555966,-5.374828300055596
short,train,2023-06-22 08:00:00+00:00,2023-06-22 20:00:00+00:00,17.373,16.576506313532217,tp,4,0.045846640561088114,0.044846640561088114,4.484664056108811
short,train,2023-06-23 04:00:00+00:00,2023-06-26 20:00:00+00:00,16.788,15.964301982935527,tp,23,0.04906469008008534,0.04806469008008534,4.806469008008534
short,train,2023-06-27 04:00:00+00:00,2023-06-28 16:00:00+00:00,16.491,15.623535673763088,tp,10,0.05260228768642965,0.051602287686429646,5.160228768642964
short,train,2023-06-29 00:00:00+00:00,2023-06-29 08:00:00+00:00,15.973,17.131620255232544,sl,3,-0.07253617074015799,-0.07353617074015799,-7.353617074015799
short,train,2023-06-29 16:00:00+00:00,2023-06-30 12:00:00+00:00,17.677,19.151102733488564,sl,6,-0.08339100149847624,-0.08439100149847624,-8.439100149847624
short,train,2023-06-30 20:00:00+00:00,2023-07-04 20:00:00+00:00,19.092,19.142,timeout,25,-0.0026188979677352143,-0.0036188979677352143,-0.3618897967735214
short,train,2023-07-05 04:00:00+00:00,2023-07-05 08:00:00+00:00,19.293,18.335832635474123,tp,2,0.049612158012018674,0.04861215801201867,4.861215801201867
short,train,2023-07-05 16:00:00+00:00,2023-07-06 08:00:00+00:00,18.581,19.822636616191396,sl,5,-0.06682291675321007,-0.06782291675321007,-6.782291675321008
short,train,2023-07-06 16:00:00+00:00,2023-07-07 12:00:00+00:00,19.7,21.111505649718943,sl,6,-0.07165003298065703,-0.07265003298065703,-7.265003298065703
short,train,2023-07-07 20:00:00+00:00,2023-07-11 20:00:00+00:00,21.425,22.059,timeout,25,-0.029591598599766643,-0.030591598599766644,-3.0591598599766643
short,train,2023-07-12 04:00:00+00:00,2023-07-13 12:00:00+00:00,21.909,23.294517861577116,sl,9,-0.06323966687558161,-0.06423966687558161,-6.423966687558161
short,train,2023-07-13 20:00:00+00:00,2023-07-14 00:00:00+00:00,26.209,28.484038269706296,sl,2,-0.08680370367836608,-0.08780370367836608,-8.780370367836609
short,train,2023-07-14 08:00:00+00:00,2023-07-14 16:00:00+00:00,28.719,26.09600974386451,tp,3,0.09133292441016369,0.09033292441016369,9.03329244101637
short,train,2023-07-15 00:00:00+00:00,2023-07-19 00:00:00+00:00,26.673,26.397,timeout,25,0.01034754245866606,0.00934754245866606,0.934754245866606
short,train,2023-07-19 08:00:00+00:00,2023-07-22 20:00:00+00:00,26.208,24.147407899515105,tp,22,0.07862454595867266,0.07762454595867266,7.762454595867266
short,train,2023-07-23 04:00:00+00:00,2023-07-24 08:00:00+00:00,24.713,23.323320381658448,tp,8,0.056232736549247486,0.055232736549247485,5.523273654924749
short,train,2023-07-24 16:00:00+00:00,2023-07-26 12:00:00+00:00,23.21,24.926111542411427,sl,12,-0.07393845508019929,-0.07493845508019929,-7.4938455080199295
short,train,2023-07-26 20:00:00+00:00,2023-07-30 16:00:00+00:00,25.375,24.107735343510353,tp,24,0.04994146429515852,0.04894146429515852,4.894146429515852
short,train,2023-07-31 00:00:00+00:00,2023-08-01 00:00:00+00:00,24.247,23.240031687396908,tp,7,0.04152960418208819,0.04052960418208819,4.052960418208819
short,train,2023-08-01 08:00:00+00:00,2023-08-05 08:00:00+00:00,23.484,22.79,timeout,25,0.029552035428376876,0.028552035428376876,2.8552035428376876
short,train,2023-08-05 16:00:00+00:00,2023-08-08 12:00:00+00:00,22.594,23.713066865284286,sl,18,-0.04952938237073051,-0.05052938237073051,-5.052938237073051
short,train,2023-08-08 20:00:00+00:00,2023-08-12 20:00:00+00:00,24.584,24.912,timeout,25,-0.013342011064106712,-0.014342011064106711,-1.4342011064106712
short,train,2023-08-13 04:00:00+00:00,2023-08-13 20:00:00+00:00,24.893,24.237022663711464,tp,5,0.026351879495783416,0.025351879495783415,2.5351879495783414
short,train,2023-08-14 04:00:00+00:00,2023-08-14 16:00:00+00:00,24.394,25.201393807963985,sl,4,-0.0330980490269733,-0.034098049026973304,-3.4098049026973305
short,train,2023-08-15 00:00:00+00:00,2023-08-15 16:00:00+00:00,25.187,24.468380482625737,tp,5,0.028531366076716743,0.027531366076716742,2.7531366076716743
short,train,2023-08-16 00:00:00+00:00,2023-08-16 12:00:00+00:00,23.903,23.058956757489735,tp,4,0.03531118447518151,0.03431118447518151,3.4311184475181506
short,train,2023-08-16 20:00:00+00:00,2023-08-16 20:00:00+00:00,23.338,22.43490631574388,tp,1,0.03869627578439114,0.03769627578439114,3.769627578439114
short,train,2023-08-17 04:00:00+00:00,2023-08-17 20:00:00+00:00,23.311,22.25108758857508,tp,5,0.04546833732679514,0.044468337326795136,4.446833732679513
short,train,2023-08-18 04:00:00+00:00,2023-08-22 04:00:00+00:00,21.55,21.174,timeout,25,0.01744779582366595,0.01644779582366595,1.644779582366595
short,train,2023-08-22 12:00:00+00:00,2023-08-22 16:00:00+00:00,20.935,20.04502722411427,tp,2,0.042511238399127176,0.041511238399127175,4.151123839912717
short,train,2023-08-23 00:00:00+00:00,2023-08-24 04:00:00+00:00,20.584,21.941962913912597,sl,8,-0.06597177001129993,-0.06697177001129993,-6.697177001129993
short,train,2023-08-24 12:00:00+00:00,2023-08-24 16:00:00+00:00,21.78,20.811819480381335,tp,2,0.044452732764860725,0.043452732764860724,4.345273276486072
short,train,2023-08-25 00:00:00+00:00,2023-08-28 08:00:00+00:00,21.057,20.059915232652255,tp,21,0.04735170097106633,0.04635170097106633,4.6351700971066325
short,train,2023-08-28 16:00:00+00:00,2023-08-29 12:00:00+00:00,20.535,21.365521780040435,sl,6,-0.04044420647871609,-0.04144420647871609,-4.144420647871609
short,train,2023-08-29 20:00:00+00:00,2023-08-30 16:00:00+00:00,21.581,20.66554736625594,tp,6,0.04241937972031232,0.041419379720312316,4.141937972031232
short,train,2023-08-31 00:00:00+00:00,2023-08-31 16:00:00+00:00,20.816,19.94999217015702,tp,5,0.04160298951974337,0.04060298951974337,4.060298951974337
short,train,2023-09-01 00:00:00+00:00,2023-09-05 00:00:00+00:00,19.738,19.221,timeout,25,0.026193130003039796,0.025193130003039795,2.5193130003039794
short,train,2023-09-05 08:00:00+00:00,2023-09-05 12:00:00+00:00,19.412,20.248824640113423,sl,2,-0.04310862559826003,-0.04410862559826003,-4.410862559826003
short,train,2023-09-05 20:00:00+00:00,2023-09-06 12:00:00+00:00,20.24,19.45390853226554,tp,5,0.03883851125170248,0.03783851125170248,3.783851125170248
short,train,2023-09-06 20:00:00+00:00,2023-09-10 04:00:00+00:00,19.481,18.645876232840394,tp,21,0.04286862928800411,0.04186862928800411,4.186862928800411
short,train,2023-09-10 12:00:00+00:00,2023-09-11 08:00:00+00:00,18.332,17.661870229457744,tp,6,0.036555191498050234,0.03555519149805023,3.5555191498050234
short,train,2023-09-11 16:00:00+00:00,2023-09-14 00:00:00+00:00,17.835,18.905064888283633,sl,15,-0.05999803130269873,-0.06099803130269873,-6.099803130269873
short,train,2023-09-14 08:00:00+00:00,2023-09-18 08:00:00+00:00,18.785,19.586,timeout,25,-0.04264040457812075,-0.04364040457812075,-4.3640404578120755
short,train,2023-09-18 16:00:00+00:00,2023-09-22 16:00:00+00:00,19.952,19.355,timeout,25,0.0299218123496392,0.028921812349639198,2.8921812349639198
short,train,2023-09-23 00:00:00+00:00,2023-09-27 00:00:00+00:00,19.431,19.035,timeout,25,0.020379805465493325,0.019379805465493324,1.9379805465493325
short,train,2023-09-27 08:00:00+00:00,2023-09-28 12:00:00+00:00,18.943,19.551090148229875,sl,8,-0.032101047787038664,-0.033101047787038665,-3.3101047787038667
short,train,2023-09-28 20:00:00+00:00,2023-09-29 12:00:00+00:00,19.706,20.439711769480894,sl,5,-0.03723291228462877,-0.03823291228462877,-3.8232912284628773
short,train,2023-09-29 20:00:00+00:00,2023-09-30 12:00:00+00:00,20.24,21.0293834211479,sl,5,-0.03900115717133909,-0.04000115717133909,-4.000115717133909
short,train,2023-09-30 20:00:00+00:00,2023-10-01 08:00:00+00:00,21.395,22.330531880270907,sl,4,-0.043726659512545354,-0.044726659512545355,-4.472665951254536
short,train,2023-10-01 16:00:00+00:00,2023-10-01 20:00:00+00:00,23.089,24.510539710800234,sl,2,-0.06156783363507453,-0.06256783363507452,-6.256783363507452
short,train,2023-10-02 04:00:00+00:00,2023-10-04 12:00:00+00:00,24.1,22.743123106522415,tp,15,0.05630194578745173,0.05530194578745173,5.5301945787451725
short,train,2023-10-04 20:00:00+00:00,2023-10-08 20:00:00+00:00,22.923,23.228,timeout,25,-0.013305413776556441,-0.01430541377655644,-1.430541377655644
short,train,2023-10-09 04:00:00+00:00,2023-10-09 08:00:00+00:00,23.247,22.301651855357715,tp,2,0.04066538239954768,0.03966538239954768,3.966538239954768
short,train,2023-10-09 16:00:00+00:00,2023-10-12 08:00:00+00:00,22.208,21.205940279235023,tp,17,0.04512156523617506,0.04412156523617506,4.412156523617506
short,train,2023-10-12 16:00:00+00:00,2023-10-16 04:00:00+00:00,21.277,22.35924368800183,sl,22,-0.05086448691083461,-0.05186448691083461,-5.186448691083461
short,train,2023-10-16 12:00:00+00:00,2023-10-16 12:00:00+00:00,23.154,24.027899158530996,sl,1,-0.03774290224285204,-0.03874290224285204,-3.874290224285204
short,train,2023-10-16 20:00:00+00:00,2023-10-19 16:00:00+00:00,23.859,25.13666049893744,sl,18,-0.05355046309306508,-0.054550463093065084,-5.455046309306509
short,train,2023-10-20 00:00:00+00:00,2023-10-20 04:00:00+00:00,24.924,26.290361865525806,sl,2,-0.054821130858843166,-0.05582113085884317,-5.582113085884317
short,train,2023-10-20 12:00:00+00:00,2023-10-21 04:00:00+00:00,26.882,28.541366624839725,sl,5,-0.06172779647495437,-0.06272779647495437,-6.272779647495437
short,train,2023-10-21 12:00:00+00:00,2023-10-23 20:00:00+00:00,29.52,31.63537816992654,sl,15,-0.07165915209778252,-0.07265915209778252,-7.265915209778252
short,train,2023-10-24 04:00:00+00:00,2023-10-28 04:00:00+00:00,31.404,32.287,timeout,25,-0.028117437269137662,-0.029117437269137663,-2.9117437269137665
short,train,2023-10-28 12:00:00+00:00,2023-10-30 08:00:00+00:00,32.198,34.930324781942915,sl,12,-0.0848600777049169,-0.0858600777049169,-8.58600777049169
short,train,2023-10-30 16:00:00+00:00,2023-10-31 20:00:00+00:00,35.039,37.39920398773043,sl,8,-0.06735934209681867,-0.06835934209681867,-6.8359342096818665
short,train,2023-11-01 04:00:00+00:00,2023-11-01 12:00:00+00:00,38.291,40.9464477709891,sl,3,-0.06934913611525179,-0.07034913611525179,-7.0349136115251785
short,train,2023-11-01 20:00:00+00:00,2023-11-02 16:00:00+00:00,42.009,38.66624398610538,tp,6,0.07957237767846466,0.07857237767846466,7.857237767846466
short,train,2023-11-03 00:00:00+00:00,2023-11-07 00:00:00+00:00,40.243,40.825,timeout,25,-0.014462142484407244,-0.015462142484407245,-1.5462142484407244
short,train,2023-11-07 08:00:00+00:00,2023-11-09 08:00:00+00:00,41.571,45.1886878268505,sl,13,-0.08702431567319766,-0.08802431567319766,-8.802431567319765
short,train,2023-11-09 16:00:00+00:00,2023-11-09 16:00:00+00:00,46.408,43.107309379051586,tp,1,0.07112331108749387,0.07012331108749387,7.012331108749387
short,train,2023-11-10 00:00:00+00:00,2023-11-10 08:00:00+00:00,45.306,50.36145098813955,sl,3,-0.11158458014699058,-0.11258458014699058,-11.258458014699057
short,train,2023-11-10 16:00:00+00:00,2023-11-10 20:00:00+00:00,50.87,56.74961033611656,sl,2,-0.11558109565788409,-0.11658109565788409,-11.65810956578841
short,train,2023-11-11 04:00:00+00:00,2023-11-11 12:00:00+00:00,55.82,62.53241031648983,sl,3,-0.12025099097975332,-0.12125099097975332,-12.125099097975331
short,train,2023-11-11 20:00:00+00:00,2023-11-13 16:00:00+00:00,60.5,54.16060233133557,tp,12,0.10478343253990798,0.10378343253990797,10.378343253990797
short,train,2023-11-14 00:00:00+00:00,2023-11-15 08:00:00+00:00,51.62,60.49858889846679,sl,9,-0.17199901004391313,-0.17299901004391313,-17.299901004391312
short,train,2023-11-15 16:00:00+00:00,2023-11-17 12:00:00+00:00,62.45,55.36325212547101,tp,12,0.11347874899165725,0.11247874899165725,11.247874899165724
short,train,2023-11-17 20:00:00+00:00,2023-11-21 20:00:00+00:00,57.58,51.69,timeout,25,0.10229246266064607,0.10129246266064607,10.129246266064607
short,train,2023-11-22 04:00:00+00:00,2023-11-26 04:00:00+00:00,54.35,58.4,timeout,25,-0.07451701931922718,-0.07551701931922718,-7.551701931922718
short,train,2023-11-26 12:00:00+00:00,2023-11-27 08:00:00+00:00,57.86,54.78450569596062,tp,6,0.05315406678256794,0.05215406678256794,5.215406678256794
short,train,2023-11-27 16:00:00+00:00,2023-11-28 16:00:00+00:00,53.94,57.84570874368736,sl,7,-0.07240839346843461,-0.07340839346843461,-7.340839346843461
short,train,2023-11-29 00:00:00+00:00,2023-12-02 04:00:00+00:00,58.19,61.98244225275587,sl,20,-0.0651734362047752,-0.0661734362047752,-6.61734362047752
short,train,2023-12-02 12:00:00+00:00,2023-12-05 04:00:00+00:00,62.15,59.12254595012266,tp,17,0.04871205229086632,0.04771205229086632,4.7712052290866325
short,train,2023-12-05 12:00:00+00:00,2023-12-06 00:00:00+00:00,60.15,64.39954088247482,sl,4,-0.07064905872776102,-0.07164905872776102,-7.164905872776102
short,train,2023-12-06 08:00:00+00:00,2023-12-07 20:00:00+00:00,63.37,68.03451149981541,sl,10,-0.07360756666901391,-0.07460756666901391,-7.460756666901391
short,train,2023-12-08 04:00:00+00:00,2023-12-11 00:00:00+00:00,71.47,66.38384127954326,tp,18,0.07116494641747219,0.07016494641747219,7.016494641747219
short,train,2023-12-11 08:00:00+00:00,2023-12-15 04:00:00+00:00,68.5,76.53303972201101,sl,24,-0.11727065287607316,-0.11827065287607316,-11.827065287607317
short,train,2023-12-15 12:00:00+00:00,2023-12-15 20:00:00+00:00,79.14,73.29781628257881,tp,3,0.07382087082917858,0.07282087082917858,7.282087082917858
short,train,2023-12-16 04:00:00+00:00,2023-12-18 08:00:00+00:00,74.22,67.7685238142111,tp,14,0.08692368884113319,0.08592368884113319,8.592368884113318
short,train,2023-12-18 16:00:00+00:00,2023-12-20 08:00:00+00:00,70.77,77.60984298909787,sl,11,-0.09664890474915748,-0.09764890474915748,-9.764890474915749
short,train,2023-12-20 16:00:00+00:00,2023-12-21 08:00:00+00:00,80.74,87.57329863465633,sl,5,-0.08463337422165383,-0.08563337422165383,-8.563337422165382
short,train,2023-12-21 16:00:00+00:00,2023-12-21 16:00:00+00:00,87.5,95.23130381134334,sl,1,-0.08835775784392386,-0.08935775784392386,-8.935775784392385
short,train,2023-12-22 00:00:00+00:00,2023-12-23 16:00:00+00:00,93.88,102.69895583733175,sl,11,-0.09393860073851466,-0.09493860073851466,-9.493860073851467
short,train,2023-12-24 00:00:00+00:00,2023-12-25 12:00:00+00:00,107.89,118.87346654932657,sl,10,-0.10180245202823769,-0.10280245202823769,-10.28024520282377
short,train,2023-12-25 20:00:00+00:00,2023-12-26 16:00:00+00:00,121.29,110.00413739304236,tp,6,0.09304858279295614,0.09204858279295614,9.204858279295614
short,train,2023-12-27 00:00:00+00:00,2023-12-28 12:00:00+00:00,112.45,99.84725651855433,tp,10,0.11207419725607533,0.11107419725607533,11.107419725607533
short,train,2023-12-28 20:00:00+00:00,2024-01-01 20:00:00+00:00,101.11,109.93,timeout,25,-0.08723172782118492,-0.08823172782118492,-8.823172782118492
short,train,2024-01-02 04:00:00+00:00,2024-01-03 08:00:00+00:00,111.42,103.95689191750756,tp,8,0.06698176344006856,0.06598176344006856,6.598176344006856
short,train,2024-01-03 16:00:00+00:00,2024-01-07 00:00:00+00:00,102.09,91.44214230064239,tp,21,0.1042987334641749,0.1032987334641749,10.32987334641749
short,train,2024-01-07 08:00:00+00:00,2024-01-08 00:00:00+00:00,95.24,86.87887354891379,tp,5,0.08779007193496648,0.08679007193496648,8.679007193496648
short,train,2024-01-08 08:00:00+00:00,2024-01-09 04:00:00+00:00,89.69,100.2914322602749,sl,6,-0.11820082796604867,-0.11920082796604867,-11.920082796604866
short,train,2024-01-09 12:00:00+00:00,2024-01-10 12:00:00+00:00,101.87,93.52628771825509,tp,7,0.08190549015161395,0.08090549015161395,8.090549015161395
short,train,2024-01-10 20:00:00+00:00,2024-01-11 12:00:00+00:00,96.29,107.08465975781733,sl,5,-0.11210571978208878,-0.11310571978208878,-11.310571978208877
short,train,2024-01-11 20:00:00+00:00,2024-01-12 20:00:00+00:00,101.38,91.61780984156574,tp,7,0.09629305739232838,0.09529305739232838,9.529305739232838
short,train,2024-01-13 04:00:00+00:00,2024-01-14 16:00:00+00:00,91.12,102.55763364384467,sl,10,-0.12552275728538917,-0.12652275728538917,-12.652275728538918
short,train,2024-01-15 00:00:00+00:00,2024-01-19 00:00:00+00:00,93.83,93.07,timeout,25,0.00809975487583934,0.007099754875839339,0.7099754875839339
short,train,2024-01-19 08:00:00+00:00,2024-01-19 16:00:00+00:00,94.48,87.85587280053846,tp,3,0.07011142251758616,0.06911142251758616,6.911142251758616
short,train,2024-01-20 00:00:00+00:00,2024-01-22 08:00:00+00:00,93.6,86.65025518159567,tp,15,0.07424941045303768,0.07324941045303768,7.324941045303768
short,train,2024-01-22 16:00:00+00:00,2024-01-23 08:00:00+00:00,87.27,81.99702497772766,tp,5,0.06042139363208816,0.05942139363208816,5.942139363208816
short,train,2024-01-23 16:00:00+00:00,2024-01-26 08:00:00+00:00,82.71,90.49158383768257,sl,17,-0.0940827449846763,-0.0950827449846763,-9.50827449846763
short,train,2024-01-26 16:00:00+00:00,2024-01-29 12:00:00+00:00,92.42,99.63543803255807,sl,18,-0.07807225743949436,-0.07907225743949436,-7.907225743949437
short,train,2024-01-29 20:00:00+00:00,2024-02-01 00:00:00+00:00,100.57,95.16780990632144,tp,14,0.05371572132523174,0.05271572132523174,5.271572132523174
short,train,2024-02-01 08:00:00+00:00,2024-02-05 08:00:00+00:00,94.94,97.89,timeout,25,-0.03107225616178642,-0.03207225616178642,-3.2072256161786417
short,train,2024-02-05 16:00:00+00:00,2024-02-07 20:00:00+00:00,95.6,101.2612311227972,sl,14,-0.05921789877402934,-0.06021789877402934,-6.021789877402934
short,train,2024-02-08 04:00:00+00:00,2024-02-09 12:00:00+00:00,101.75,107.01376977067092,sl,9,-0.05173238103853483,-0.05273238103853483,-5.273238103853483
short,train,2024-02-09 20:00:00+00:00,2024-02-10 00:00:00+00:00,105.0,110.62306096253698,sl,2,-0.05355296154797126,-0.05455296154797126,-5.455296154797126
short,train,2024-02-10 08:00:00+00:00,2024-02-12 08:00:00+00:00,108.87,103.909186607961,tp,13,0.045566394709644534,0.04456639470964453,4.456639470964453
short,train,2024-02-12 16:00:00+00:00,2024-02-13 08:00:00+00:00,108.83,115.11647787071267,sl,5,-0.05776419985953021,-0.058764199859530214,-5.876419985953022
short,train,2024-02-13 16:00:00+00:00,2024-02-14 12:00:00+00:00,110.32,117.2524009394014,sl,6,-0.06283902229334123,-0.06383902229334124,-6.383902229334123
short,train,2024-02-14 20:00:00+00:00,2024-02-16 08:00:00+00:00,116.1,110.54601107238142,tp,10,0.04783797525941926,0.04683797525941926,4.683797525941926
short,train,2024-02-16 16:00:00+00:00,2024-02-20 12:00:00+00:00,109.67,103.89464921767053,tp,24,0.052661172447610725,0.051661172447610725,5.166117244761073
short,train,2024-02-20 20:00:00+00:00,2024-02-21 12:00:00+00:00,107.34,101.47602765186775,tp,5,0.054629889585729924,0.05362988958572992,5.362988958572992
short,train,2024-02-21 20:00:00+00:00,2024-02-25 20:00:00+00:00,102.03,103.47,timeout,25,-0.01411349603057922,-0.01511349603057922,-1.511349603057922
short,train,2024-02-26 04:00:00+00:00,2024-02-26 16:00:00+00:00,103.5,108.69432647318044,sl,4,-0.05018672920947284,-0.05118672920947284,-5.118672920947284
short,train,2024-02-27 00:00:00+00:00,2024-02-28 16:00:00+00:00,109.93,116.32424348710096,sl,11,-0.05816650129264942,-0.05916650129264942,-5.9166501292649425
short,train,2024-02-29 00:00:00+00:00,2024-02-29 08:00:00+00:00,119.07,128.79366628667216,sl,3,-0.08166344408055909,-0.08266344408055909,-8.26634440805591
short,train,2024-02-29 16:00:00+00:00,2024-02-29 20:00:00+00:00,132.37,123.08756231125274,tp,2,0.07012493532331544,0.06912493532331544,6.912493532331545
short,train,2024-03-01 08:00:00+00:00,2024-03-05 08:00:00+00:00,131.92,130.69,timeout,25,0.009323832625833762,0.008323832625833763,0.8323832625833762
short,train,2024-03-05 20:00:00+00:00,2024-03-06 04:00:00+00:00,118.99,131.0813000673795,sl,3,-0.10161610275972345,-0.10261610275972345,-10.261610275972345
short,train,2024-03-06 12:00:00+00:00,2024-03-07 12:00:00+00:00,131.94,148.1470549048424,sl,7,-0.12283655377324851,-0.12383655377324851,-12.383655377324851
short,train,2024-03-07 20:00:00+00:00,2024-03-11 20:00:00+00:00,148.76,148.83,timeout,25,-0.0004705566012370369,-0.001470556601237037,-0.1470556601237037
short,train,2024-03-12 04:00:00+00:00,2024-03-13 20:00:00+00:00,150.95,163.1877737793158,sl,11,-0.08107170440089966,-0.08207170440089966,-8.207170440089966
short,train,2024-03-14 04:00:00+00:00,2024-03-15 00:00:00+00:00,167.4,181.15709616946125,sl,6,-0.0821809807016801,-0.0831809807016801,-8.318098070168011
short,train,2024-03-15 08:00:00+00:00,2024-03-16 08:00:00+00:00,176.19,195.89920711458444,sl,7,-0.11186336974053264,-0.11286336974053264,-11.286336974053263
short,train,2024-03-16 16:00:00+00:00,2024-03-16 20:00:00+00:00,195.14,177.41595030261922,tp,2,0.09082735316890829,0.08982735316890829,8.982735316890828
short,train,2024-03-17 04:00:00+00:00,2024-03-18 08:00:00+00:00,186.52,209.80357196845188,sl,8,-0.12483150315489956,-0.12583150315489955,-12.583150315489956
short,train,2024-03-18 16:00:00+00:00,2024-03-19 00:00:00+00:00,203.8,184.88300164082244,tp,3,0.09282138547192133,0.09182138547192133,9.182138547192134
short,train,2024-03-19 08:00:00+00:00,2024-03-20 04:00:00+00:00,186.15,165.69642414263666,tp,6,0.10987685123482861,0.10887685123482861,10.88768512348286
short,train,2024-03-20 12:00:00+00:00,2024-03-24 12:00:00+00:00,172.04,176.25,timeout,25,-0.02447105324343181,-0.02547105324343181,-2.547105324343181
short,train,2024-03-24 20:00:00+00:00,2024-03-25 08:00:00+00:00,176.09,191.02503747802896,sl,4,-0.08481479628615458,-0.08581479628615458,-8.581479628615458
short,train,2024-03-25 16:00:00+00:00,2024-03-27 16:00:00+00:00,192.8,180.1373606676834,tp,13,0.06567758989790776,0.06467758989790776,6.4677589897907755
short,train,2024-03-28 00:00:00+00:00,2024-03-31 16:00:00+00:00,186.33,200.36109370745538,sl,23,-0.07530238666589045,-0.07630238666589045,-7.630238666589046
short,train,2024-04-01 00:00:00+00:00,2024-04-01 04:00:00+00:00,202.47,193.58932932091338,tp,2,0.04386166187132227,0.04286166187132227,4.286166187132227
short,train,2024-04-01 12:00:00+00:00,2024-04-02 00:00:00+00:00,195.17,185.76436826459425,tp,4,0.04819199536509573,0.04719199536509573,4.719199536509573
short,train,2024-04-02 08:00:00+00:00,2024-04-05 08:00:00+00:00,183.15,172.31978616808846,tp,19,0.05913302665526372,0.058133026655263716,5.813302665526372
short,train,2024-04-05 16:00:00+00:00,2024-04-09 16:00:00+00:00,175.97,174.32,timeout,25,0.009376598283798407,0.008376598283798407,0.8376598283798408
short,train,2024-04-10 00:00:00+00:00,2024-04-10 12:00:00+00:00,172.38,163.55602434334327,tp,4,0.05118909187061566,0.05018909187061566,5.018909187061566
short,train,2024-04-10 20:00:00+00:00,2024-04-12 16:00:00+00:00,171.35,161.9702738191545,tp,12,0.05474015862763639,0.05374015862763639,5.374015862763639
short,train,2024-04-13 00:00:00+00:00,2024-04-13 16:00:00+00:00,153.13,140.98055890546988,tp,5,0.07934069806393339,0.07834069806393339,7.834069806393338
short,train,2024-04-14 00:00:00+00:00,2024-04-18 00:00:00+00:00,138.42,135.57,timeout,25,0.02058951018638921,0.01958951018638921,1.958951018638921
short,train,2024-04-18 08:00:00+00:00,2024-04-20 16:00:00+00:00,129.48,149.02971414832214,sl,15,-0.15098636197344883,-0.15198636197344884,-15.198636197344884
short,train,2024-04-21 00:00:00+00:00,2024-04-25 00:00:00+00:00,151.25,146.03,timeout,25,0.03451239669421487,0.033512396694214866,3.3512396694214868
short,train,2024-04-25 08:00:00+00:00,2024-04-27 00:00:00+00:00,146.28,136.9512675246857,tp,11,0.06377312329309746,0.06277312329309746,6.277312329309746
short,train,2024-04-27 08:00:00+00:00,2024-04-30 12:00:00+00:00,136.19,127.59795117495281,tp,20,0.06308869098353173,0.06208869098353173,6.208869098353173
short,train,2024-04-30 20:00:00+00:00,2024-05-01 16:00:00+00:00,123.04,133.2732445587518,sl,6,-0.08317006305877594,-0.08417006305877595,-8.417006305877594
short,train,2024-05-02 00:00:00+00:00,2024-05-04 08:00:00+00:00,134.65,147.4748507208336,sl,15,-0.09524582785617215,-0.09624582785617215,-9.624582785617216
short,train,2024-05-04 16:00:00+00:00,2024-05-07 00:00:00+00:00,146.19,157.29254966927465,sl,15,-0.07594602687786205,-0.07694602687786205,-7.694602687786205
short,train,2024-05-07 08:00:00+00:00,2024-05-08 04:00:00+00:00,155.14,147.211047548111,tp,6,0.051108369549368246,0.050108369549368245,5.010836954936824
short,train,2024-05-08 12:00:00+00:00,2024-05-10 04:00:00+00:00,145.39,155.19934846259767,sl,11,-0.06746921014235975,-0.06846921014235975,-6.846921014235975
short,train,2024-05-10 12:00:00+00:00,2024-05-10 12:00:00+00:00,155.02,147.08736730063677,tp,1,0.05117167268328757,0.050171672683287566,5.017167268328756
short,train,2024-05-10 20:00:00+00:00,2024-05-13 00:00:00+00:00,147.15,138.53778098881435,tp,14,0.058526802658414256,0.057526802658414256,5.752680265841425
short,train,2024-05-13 08:00:00+00:00,2024-05-15 12:00:00+00:00,143.54,152.9539877215658,sl,14,-0.06558442052087086,-0.06658442052087087,-6.658442052087087
short,train,2024-05-15 20:00:00+00:00,2024-05-17 04:00:00+00:00,154.89,164.76664622766194,sl,9,-0.0637655512148102,-0.0647655512148102,-6.47655512148102
short,train,2024-05-17 12:00:00+00:00,2024-05-20 04:00:00+00:00,167.47,177.85260135231513,sl,17,-0.06199678361685756,-0.06299678361685755,-6.299678361685755
short,train,2024-05-20 12:00:00+00:00,2024-05-20 16:00:00+00:00,177.74,188.0512970337597,sl,2,-0.058013373656800385,-0.059013373656800386,-5.901337365680039
short,train,2024-05-21 00:00:00+00:00,2024-05-21 12:00:00+00:00,186.7,177.4472829203586,tp,4,0.04955927734141082,0.04855927734141082,4.8559277341410825
short,train,2024-05-21 20:00:00+00:00,2024-05-23 20:00:00+00:00,175.35,165.97695450063347,tp,13,0.053453353289800554,0.05245335328980055,5.2453353289800555
short,train,2024-05-24 04:00:00+00:00,2024-05-28 04:00:00+00:00,172.06,166.12,timeout,25,0.034522840869464125,0.033522840869464124,3.3522840869464123
short,train,2024-05-28 12:00:00+00:00,2024-06-01 12:00:00+00:00,169.83,167.29,timeout,25,0.014956132603191546,0.013956132603191545,1.3956132603191544
short,train,2024-06-01 20:00:00+00:00,2024-06-02 16:00:00+00:00,167.38,161.69141103025999,tp,6,0.033986073424184554,0.03298607342418455,3.2986073424184554
short,train,2024-06-03 00:00:00+00:00,2024-06-04 16:00:00+00:00,163.16,169.63559139735247,sl,11,-0.03968859645349641,-0.04068859645349641,-4.068859645349641
short,train,2024-06-05 00:00:00+00:00,2024-06-07 16:00:00+00:00,171.76,166.34855095775714,tp,17,0.03150587472195418,0.03050587472195418,3.050587472195418
short,train,2024-06-08 00:00:00+00:00,2024-06-11 00:00:00+00:00,162.51,155.41281713096652,tp,19,0.04367228397657667,0.04267228397657667,4.267228397657667
short,train,2024-06-11 08:00:00+00:00,2024-06-11 12:00:00+00:00,153.41,147.17876803044075,tp,2,0.04061816028654747,0.039618160286547466,3.961816028654747
short,train,2024-06-11 20:00:00+00:00,2024-06-12 12:00:00+00:00,149.23,158.12320182084625,sl,5,-0.05959392763416377,-0.06059392763416377,-6.059392763416377
short,train,2024-06-12 20:00:00+00:00,2024-06-14 12:00:00+00:00,153.36,144.92298165117458,tp,11,0.05501446497669165,0.05401446497669165,5.4014464976691645
short,train,2024-06-14 20:00:00+00:00,2024-06-17 00:00:00+00:00,141.81,151.49134429379998,sl,14,-0.06826982789507073,-0.06926982789507073,-6.926982789507073
short,train,2024-06-17 08:00:00+00:00,2024-06-17 16:00:00+00:00,146.63,140.57183375649672,tp,3,0.041316007934960645,0.040316007934960645,4.0316007934960645
short,train,2024-06-18 00:00:00+00:00,2024-06-18 00:00:00+00:00,143.27,136.25509719698312,tp,1,0.04896281707975776,0.04796281707975776,4.796281707975776
short,train,2024-06-18 08:00:00+00:00,2024-06-22 08:00:00+00:00,136.71,134.52,timeout,25,0.016019310950186508,0.015019310950186507,1.5019310950186506
short,train,2024-06-22 16:00:00+00:00,2024-06-24 00:00:00+00:00,134.28,127.41164234054739,tp,9,0.051149520847874684,0.05014952084787468,5.014952084787469
short,train,2024-06-24 08:00:00+00:00,2024-06-24 20:00:00+00:00,125.21,132.43969847573902,sl,4,-0.05774058362542152,-0.05874058362542152,-5.874058362542152
short,train,2024-06-25 04:00:00+00:00,2024-06-27 12:00:00+00:00,135.79,145.061104973286,sl,15,-0.068275314627631,-0.06927531462763101,-6.927531462763101
short,train,2024-06-27 20:00:00+00:00,2024-06-28 16:00:00+00:00,148.46,140.74864939611993,tp,6,0.05194227808083037,0.05094227808083037,5.094227808083037
short,train,2024-06-29 00:00:00+00:00,2024-07-01 16:00:00+00:00,140.04,149.32704795687906,sl,17,-0.06631710908939635,-0.06731710908939635,-6.731710908939635
short,train,2024-07-02 00:00:00+00:00,2024-07-02 20:00:00+00:00,146.68,154.03489345218165,sl,6,-0.05014244240647424,-0.05114244240647424,-5.114244240647424
short,train,2024-07-03 04:00:00+00:00,2024-07-03 08:00:00+00:00,150.57,143.6910840987325,tp,2,0.045685833175715646,0.044685833175715645,4.468583317571564
short,train,2024-07-03 16:00:00+00:00,2024-07-04 00:00:00+00:00,141.68,134.5635866490216,tp,3,0.050228778592450625,0.049228778592450624,4.922877859245062
short,train,2024-07-04 08:00:00+00:00,2024-07-05 00:00:00+00:00,134.41,126.35183252506002,tp,5,0.059952142511271324,0.05895214251127132,5.895214251127133
short,train,2024-07-05 08:00:00+00:00,2024-07-06 08:00:00+00:00,126.73,138.7846351480934,sl,7,-0.09512061191583206,-0.09612061191583206,-9.612061191583205
short,train,2024-07-06 16:00:00+00:00,2024-07-07 20:00:00+00:00,141.88,132.43301803466082,tp,8,0.06658431044078923,0.06558431044078923,6.558431044078923
short,train,2024-07-08 04:00:00+00:00,2024-07-08 08:00:00+00:00,130.7,141.62147122667304,sl,2,-0.08356137128288485,-0.08456137128288485,-8.456137128288486
short,train,2024-07-08 16:00:00+00:00,2024-07-12 16:00:00+00:00,137.47,138.48,timeout,25,-0.007347057539826805,-0.008347057539826806,-0.8347057539826807
short,train,2024-07-13 00:00:00+00:00,2024-07-14 20:00:00+00:00,139.48,148.24046906491557,sl,12,-0.06280806613790926,-0.06380806613790926,-6.380806613790926
short,train,2024-07-15 04:00:00+00:00,2024-07-15 20:00:00+00:00,151.42,158.9993046169897,sl,5,-0.050054844914738494,-0.051054844914738495,-5.10548449147385
short,train,2024-07-16 04:00:00+00:00,2024-07-19 12:00:00+00:00,157.88,166.1434570628293,sl,21,-0.05234011314181216,-0.05334011314181216,-5.334011314181216
short,train,2024-07-19 20:00:00+00:00,2024-07-21 20:00:00+00:00,170.43,180.73678589534458,sl,13,-0.06047518567942601,-0.06147518567942601,-6.147518567942601
short,train,2024-07-22 04:00:00+00:00,2024-07-23 12:00:00+00:00,180.94,172.5002159101375,tp,9,0.046644103514217335,0.045644103514217334,4.564410351421733
short,train,2024-07-23 20:00:00+00:00,2024-07-26 12:00:00+00:00,172.03,183.75182924649954,sl,17,-0.06813828545311595,-0.06913828545311596,-6.9138285453115955
short,train,2024-07-26 20:00:00+00:00,2024-07-30 20:00:00+00:00,182.23,179.13,timeout,25,0.017011469022663636,0.016011469022663635,1.6011469022663636
short,train,2024-07-31 04:00:00+00:00,2024-07-31 20:00:00+00:00,180.92,172.25584346785018,tp,5,0.047889434734411915,0.046889434734411914,4.688943473441191
short,train,2024-08-01 04:00:00+00:00,2024-08-01 16:00:00+00:00,168.62,159.34390511091394,tp,4,0.055011830678959005,0.054011830678959004,5.4011830678959
short,train,2024-08-02 00:00:00+00:00,2024-08-02 12:00:00+00:00,167.38,157.3853405209633,tp,4,0.0597123878542042,0.0587123878542042,5.87123878542042
short,train,2024-08-02 20:00:00+00:00,2024-08-04 12:00:00+00:00,151.25,139.15490528137462,tp,11,0.07996756838760578,0.07896756838760578,7.896756838760578
short,train,2024-08-04 20:00:00+00:00,2024-08-05 00:00:00+00:00,142.0,129.56232614316474,tp,2,0.08758925251292438,0.08658925251292438,8.658925251292438
short,train,2024-08-05 08:00:00+00:00,2024-08-06 04:00:00+00:00,122.86,143.30457428182717,sl,6,-0.1664054556554385,-0.1674054556554385,-16.740545565543847
short,train,2024-08-06 12:00:00+00:00,2024-08-08 16:00:00+00:00,139.46,162.0218023868744,sl,14,-0.16177973889914243,-0.16277973889914243,-16.277973889914243
short,train,2024-08-09 00:00:00+00:00,2024-08-11 16:00:00+00:00,163.14,147.75550114077348,tp,17,0.09430243262980577,0.09330243262980577,9.330243262980577
short,train,2024-08-12 00:00:00+00:00,2024-08-16 00:00:00+00:00,141.55,142.02,timeout,25,-0.003320381490639342,-0.0043203814906393415,-0.4320381490639342
short,train,2024-08-16 08:00:00+00:00,2024-08-20 08:00:00+00:00,144.56,145.4,timeout,25,-0.005810736026563388,-0.006810736026563388,-0.6810736026563389
short,train,2024-08-20 16:00:00+00:00,2024-08-23 20:00:00+00:00,142.15,150.53517555174713,sl,20,-0.05898822055397203,-0.05998822055397203,-5.998822055397203
short,train,2024-08-24 04:00:00+00:00,2024-08-24 16:00:00+00:00,153.25,160.75401649341225,sl,4,-0.04896584987544699,-0.04996584987544699,-4.996584987544699
short,train,2024-08-25 00:00:00+00:00,2024-08-27 08:00:00+00:00,160.66,154.45538396071797,tp,15,0.03861954462393894,0.03761954462393894,3.761954462393894
short,train,2024-08-27 16:00:00+00:00,2024-08-27 20:00:00+00:00,153.77,147.33216348703243,tp,2,0.04186666133164842,0.04086666133164842,4.086666133164842
short,train,2024-08-28 04:00:00+00:00,2024-08-28 16:00:00+00:00,148.18,140.99292754409996,tp,4,0.04850231108044305,0.047502311080443047,4.7502311080443045
short,train,2024-08-29 00:00:00+00:00,2024-08-30 12:00:00+00:00,143.94,135.7948079420619,tp,10,0.056587411823941156,0.055587411823941155,5.558741182394115
short,train,2024-08-30 20:00:00+00:00,2024-09-01 20:00:00+00:00,135.97,127.81782012109683,tp,13,0.0599557246370756,0.0589557246370756,5.89557246370756
short,train,2024-09-02 04:00:00+00:00,2024-09-04 00:00:00+00:00,130.19,123.00622255933308,tp,12,0.05517917997286209,0.05417917997286209,5.417917997286209
short,train,2024-09-04 08:00:00+00:00,2024-09-06 20:00:00+00:00,130.33,122.6639953206347,tp,16,0.05881995457197356,0.05781995457197356,5.781995457197356
short,train,2024-09-07 04:00:00+00:00,2024-09-09 16:00:00+00:00,125.17,134.52448083366173,sl,16,-0.07473420814621495,-0.07573420814621495,-7.573420814621495
short,train,2024-09-10 00:00:00+00:00,2024-09-11 12:00:00+00:00,135.06,128.63817043512793,tp,10,0.047547975454405964,0.04654797545440596,4.654797545440596
short,train,2024-09-11 20:00:00+00:00,2024-09-15 20:00:00+00:00,132.7,131.39,timeout,25,0.009871891484551637,0.008871891484551638,0.8871891484551638
short,train,2024-09-16 04:00:00+00:00,2024-09-19 00:00:00+00:00,130.62,136.01570162712434,sl,18,-0.04130838789713932,-0.042308387897139324,-4.230838789713933
short,train,2024-09-19 08:00:00+00:00,2024-09-20 04:00:00+00:00,138.55,145.6636646155354,sl,6,-0.05134366377145712,-0.05234366377145712,-5.234366377145712
short,train,2024-09-20 12:00:00+00:00,2024-09-22 08:00:00+00:00,150.56,144.43620968061003,tp,12,0.0406734213562033,0.039673421356203296,3.9673421356203296
short,train,2024-09-22 16:00:00+00:00,2024-09-24 20:00:00+00:00,143.13,150.3299327138166,sl,14,-0.05030344940834622,-0.05130344940834622,-5.130344940834622
short,train,2024-09-25 04:00:00+00:00,2024-09-27 12:00:00+00:00,152.01,160.2894474640346,sl,15,-0.05446646578537336,-0.05546646578537336,-5.546646578537336
short,train,2024-09-27 20:00:00+00:00,2024-10-01 12:00:00+00:00,157.58,150.77488999913476,tp,23,0.04318511232938987,0.042185112329389866,4.218511232938987
short,train,2024-10-01 20:00:00+00:00,2024-10-03 08:00:00+00:00,145.42,137.9856580602747,tp,10,0.051123242605730305,0.050123242605730305,5.01232426057303
short,train,2024-10-03 16:00:00+00:00,2024-10-06 12:00:00+00:00,135.6,146.1664808618909,sl,18,-0.07792390016143738,-0.07892390016143738,-7.892390016143739
short,train,2024-10-06 20:00:00+00:00,2024-10-07 12:00:00+00:00,145.4,151.99596578959245,sl,5,-0.04536427640710069,-0.04636427640710069,-4.636427640710069
short,train,2024-10-07 20:00:00+00:00,2024-10-09 12:00:00+00:00,147.11,140.84981205621204,tp,11,0.04255446906252443,0.04155446906252443,4.155446906252442
short,train,2024-10-09 20:00:00+00:00,2024-10-10 16:00:00+00:00,141.1,135.58648661424434,tp,6,0.03907521889266944,0.03807521889266944,3.807521889266944
short,train,2024-10-11 00:00:00+00:00,2024-10-11 16:00:00+00:00,139.06,146.0452712119765,sl,5,-0.050232066819908744,-0.051232066819908745,-5.123206681990874
short,train,2024-10-12 00:00:00+00:00,2024-10-14 00:00:00+00:00,145.5,151.98056980249635,sl,13,-0.04453999864258658,-0.04553999864258658,-4.553999864258658
short,train,2024-10-14 08:00:00+00:00,2024-10-15 12:00:00+00:00,153.05,159.25977036614472,sl,8,-0.04057347511365377,-0.04157347511365377,-4.157347511365377
short,train,2024-10-15 20:00:00+00:00,2024-10-17 16:00:00+00:00,155.17,148.72005683068468,tp,12,0.04156694702143007,0.04056694702143007,4.056694702143007
short,train,2024-10-18 00:00:00+00:00,2024-10-19 20:00:00+00:00,150.5,157.91641062636296,sl,12,-0.04927847592267748,-0.05027847592267748,-5.027847592267748
short,train,2024-10-20 04:00:00+00:00,2024-10-20 20:00:00+00:00,159.04,165.52416468025658,sl,5,-0.04077065317062741,-0.04177065317062741,-4.177065317062741
short,train,2024-10-21 04:00:00+00:00,2024-10-21 12:00:00+00:00,169.5,163.7295658844163,tp,3,0.03404385908898936,0.03304385908898936,3.304385908898936
short,train,2024-10-21 20:00:00+00:00,2024-10-24 12:00:00+00:00,167.8,176.06097553022136,sl,17,-0.049231081824918616,-0.050231081824918616,-5.023108182491861
short,train,2024-10-24 20:00:00+00:00,2024-10-25 16:00:00+00:00,177.41,169.97062133020134,tp,6,0.04193325443773551,0.04093325443773551,4.093325443773551
short,train,2024-10-26 00:00:00+00:00,2024-10-27 12:00:00+00:00,164.88,176.12730558514704,sl,10,-0.06821509937619509,-0.06921509937619509,-6.9215099376195095
short,train,2024-10-27 20:00:00+00:00,2024-10-31 12:00:00+00:00,177.21,170.00737141778265,tp,23,0.040644594448492506,0.039644594448492505,3.9644594448492505
short,train,2024-10-31 20:00:00+00:00,2024-11-03 00:00:00+00:00,168.7,161.62129203701625,tp,14,0.04196033173078686,0.04096033173078686,4.096033173078686
short,train,2024-11-03 08:00:00+00:00,2024-11-04 20:00:00+00:00,163.54,156.548284016398,tp,10,0.042752329605001874,0.04175232960500187,4.175232960500187
short,train,2024-11-05 04:00:00+00:00,2024-11-05 16:00:00+00:00,159.67,168.9718016593641,sl,4,-0.058256414225365545,-0.059256414225365546,-5.925641422536555
short,train,2024-11-06 00:00:00+00:00,2024-11-06 00:00:00+00:00,166.63,176.44537746272064,sl,1,-0.058905223925587516,-0.05990522392558752,-5.990522392558752
short,train,2024-11-06 08:00:00+00:00,2024-11-07 16:00:00+00:00,183.89,196.42545301632546,sl,9,-0.0681682147823453,-0.0691682147823453,-6.916821478234531
short,train,2024-11-08 00:00:00+00:00,2024-11-10 04:00:00+00:00,196.34,208.78879529562766,sl,14,-0.06340427470524428,-0.06440427470524428,-6.440427470524428
short,train,2024-11-10 12:00:00+00:00,2024-11-11 12:00:00+00:00,206.59,218.9779616647723,sl,7,-0.059963994698544416,-0.06096399469854442,-6.0963994698544415
short,train,2024-11-11 20:00:00+00:00,2024-11-12 12:00:00+00:00,217.82,205.0130755651165,tp,5,0.058795906872112225,0.057795906872112224,5.779590687211222
short,train,2024-11-12 20:00:00+00:00,2024-11-16 20:00:00+00:00,213.15,215.73,timeout,25,-0.012104152005629764,-0.013104152005629765,-1.3104152005629766
short,train,2024-11-17 04:00:00+00:00,2024-11-17 04:00:00+00:00,221.41,238.0609470272393,sl,1,-0.07520413272769663,-0.07620413272769663,-7.620413272769663
short,train,2024-11-17 12:00:00+00:00,2024-11-21 12:00:00+00:00,234.8,248.83,timeout,25,-0.05975298126064736,-0.06075298126064736,-6.0752981260647365
short,train,2024-11-21 20:00:00+00:00,2024-11-25 12:00:00+00:00,253.94,238.75209001976296,tp,23,0.0598090493039184,0.0588090493039184,5.88090493039184
short,train,2024-11-25 20:00:00+00:00,2024-11-26 08:00:00+00:00,239.69,225.21501991735207,tp,4,0.060390421305218954,0.05939042130521895,5.939042130521895
short,train,2024-11-26 16:00:00+00:00,2024-11-29 12:00:00+00:00,227.39,246.43644995348524,sl,18,-0.08376115903727188,-0.08476115903727188,-8.476115903727187
short,train,2024-11-29 20:00:00+00:00,2024-12-02 00:00:00+00:00,241.19,229.34933756752866,tp,14,0.049092675618687895,0.048092675618687894,4.809267561868789
short,train,2024-12-02 08:00:00+00:00,2024-12-03 12:00:00+00:00,228.63,218.6102057289606,tp,8,0.04382536968481559,0.04282536968481559,4.282536968481558
short,train,2024-12-03 20:00:00+00:00,2024-12-05 12:00:00+00:00,228.16,243.5362077151726,sl,11,-0.06739221474041286,-0.06839221474041286,-6.839221474041286
short,train,2024-12-05 20:00:00+00:00,2024-12-09 20:00:00+00:00,233.11,217.63871620692973,tp,25,0.06636902661005656,0.06536902661005656,6.536902661005656
short,train,2024-12-10 04:00:00+00:00,2024-12-14 04:00:00+00:00,215.76,225.97,timeout,25,-0.04732109751575829,-0.04832109751575829,-4.832109751575829
short,oof,2024-12-12 20:00:00+00:00,2024-12-16 08:00:00+00:00,227.21,214.43428630320568,tp,22,0.05622865937588278,0.055228659375882776,5.522865937588278
short,oof,2024-12-16 16:00:00+00:00,2024-12-18 20:00:00+00:00,217.0,206.5385965390117,tp,14,0.04820923253911656,0.04720923253911656,4.720923253911656
short,oof,2024-12-19 04:00:00+00:00,2024-12-19 16:00:00+00:00,208.83,196.31619499531502,tp,4,0.05992340662110327,0.05892340662110327,5.892340662110327
short,oof,2024-12-20 00:00:00+00:00,2024-12-20 08:00:00+00:00,193.8,178.99431107275893,tp,3,0.07639674369061443,0.07539674369061443,7.5396743690614425
short,oof,2024-12-20 16:00:00+00:00,2024-12-24 16:00:00+00:00,189.89,195.25,timeout,25,-0.02822686818684509,-0.02922686818684509,-2.922686818684509
short,oof,2024-12-25 00:00:00+00:00,2024-12-27 12:00:00+00:00,197.1,184.68644277680775,tp,16,0.0629810107721575,0.061981010772157494,6.19810107721575
short,oof,2024-12-27 20:00:00+00:00,2024-12-31 20:00:00+00:00,186.91,189.29,timeout,25,-0.012733401102134693,-0.013733401102134692,-1.3733401102134692
short,oof,2025-01-01 04:00:00+00:00,2025-01-02 04:00:00+00:00,190.42,202.7357182917465,sl,7,-0.06467660062885475,-0.06567660062885475,-6.567660062885475
short,oof,2025-01-02 12:00:00+00:00,2025-01-06 12:00:00+00:00,208.52,220.13472704741977,sl,25,-0.05570078192700826,-0.05670078192700826,-5.670078192700826
short,oof,2025-01-06 20:00:00+00:00,2025-01-07 12:00:00+00:00,220.02,212.21340941188416,tp,5,0.035481277102608184,0.034481277102608184,3.4481277102608185
short,oof,2025-01-07 20:00:00+00:00,2025-01-08 04:00:00+00:00,204.57,196.27495668656968,tp,3,0.04054867924637196,0.03954867924637196,3.9548679246371963
short,oof,2025-01-08 12:00:00+00:00,2025-01-09 12:00:00+00:00,195.55,186.83765274690538,tp,7,0.04455304143745658,0.04355304143745658,4.355304143745657
short,oof,2025-01-09 20:00:00+00:00,2025-01-13 08:00:00+00:00,185.89,175.63340823556746,tp,22,0.055175597204973524,0.05417559720497352,5.417559720497352
short,oof,2025-01-13 16:00:00+00:00,2025-01-15 12:00:00+00:00,178.8,191.1912481529442,sl,12,-0.06930228273458724,-0.07030228273458725,-7.030228273458724
short,oof,2025-01-15 20:00:00+00:00,2025-01-16 12:00:00+00:00,201.89,214.12340328150017,sl,5,-0.06059439933379657,-0.06159439933379657,-6.159439933379657
short,oof,2025-01-16 20:00:00+00:00,2025-01-18 04:00:00+00:00,214.21,228.8155685582451,sl,9,-0.06818341141050882,-0.06918341141050882,-6.918341141050882
short,oof,2025-01-18 12:00:00+00:00,2025-01-18 12:00:00+00:00,238.93,257.63138945886146,sl,1,-0.07827141614222348,-0.07927141614222348,-7.927141614222348
short,oof,2025-01-18 20:00:00+00:00,2025-01-19 08:00:00+00:00,255.41,280.0821164211611,sl,4,-0.09659808316495486,-0.09759808316495486,-9.759808316495485
short,oof,2025-01-19 16:00:00+00:00,2025-01-19 20:00:00+00:00,270.5,243.00715431462757,tp,2,0.10163713746902932,0.10063713746902932,10.063713746902932
short,oof,2025-01-20 04:00:00+00:00,2025-01-24 04:00:00+00:00,241.57,259.72,timeout,25,-0.07513350167653282,-0.07613350167653282,-7.613350167653282
short,oof,2025-01-24 12:00:00+00:00,2025-01-26 20:00:00+00:00,266.79,242.96789581996478,tp,15,0.08929159331322478,0.08829159331322478,8.829159331322478
short,oof,2025-01-27 04:00:00+00:00,2025-01-31 04:00:00+00:00,235.82,235.74,timeout,25,0.00033924179458902587,-0.0006607582054109742,-0.06607582054109741
short,oof,2025-01-31 12:00:00+00:00,2025-02-01 12:00:00+00:00,238.78,225.29032451220257,tp,7,0.05649415984503488,0.05549415984503488,5.549415984503487
short,oof,2025-02-01 20:00:00+00:00,2025-02-02 00:00:00+00:00,221.76,209.6816823640024,tp,2,0.054465718055544704,0.0534657180555447,5.34657180555447
short,oof,2025-02-02 08:00:00+00:00,2025-02-02 16:00:00+00:00,211.75,198.3185190064553,tp,3,0.06343084294472118,0.06243084294472118,6.243084294472117
short,oof,2025-02-03 00:00:00+00:00,2025-02-03 00:00:00+00:00,203.51,187.49992949144547,tp,1,0.07866969931971167,0.07766969931971167,7.7669699319711665
short,oof,2025-02-03 08:00:00+00:00,2025-02-07 08:00:00+00:00,199.09,198.46,timeout,25,0.003164398010949799,0.002164398010949799,0.2164398010949799
short,oof,2025-02-07 16:00:00+00:00,2025-02-11 16:00:00+00:00,198.08,195.65,timeout,25,0.012267770597738321,0.01126777059773832,1.126777059773832
short,oof,2025-02-12 00:00:00+00:00,2025-02-16 00:00:00+00:00,197.96,194.71,timeout,25,0.016417458072337847,0.015417458072337846,1.5417458072337846
short,oof,2025-02-16 08:00:00+00:00,2025-02-17 04:00:00+00:00,192.91,185.0386175321615,tp,6,0.04080339260711465,0.03980339260711465,3.980339260711465
short,oof,2025-02-17 12:00:00+00:00,2025-02-17 16:00:00+00:00,184.27,176.15805082073103,tp,2,0.04402208270075962,0.04302208270075962,4.302208270075962
short,oof,2025-02-18 00:00:00+00:00,2025-02-18 04:00:00+00:00,177.55,168.64519958205034,tp,2,0.05015376185834792,0.04915376185834792,4.915376185834792
short,oof,2025-02-18 12:00:00+00:00,2025-02-22 12:00:00+00:00,168.71,174.2,timeout,25,-0.032541046766640866,-0.03354104676664087,-3.3541046766640865
short,oof,2025-02-22 20:00:00+00:00,2025-02-24 00:00:00+00:00,172.67,163.78732433341995,tp,8,0.05144307445752037,0.050443074457520366,5.044307445752037
short,oof,2025-02-24 08:00:00+00:00,2025-02-24 12:00:00+00:00,161.0,152.73127350778324,tp,2,0.05135854964109787,0.05035854964109787,5.035854964109787
short,oof,2025-02-24 20:00:00+00:00,2025-02-24 20:00:00+00:00,150.13,140.47675214890663,tp,1,0.06429925964892673,0.06329925964892673,6.329925964892673
short,oof,2025-02-25 04:00:00+00:00,2025-02-28 00:00:00+00:00,138.96,127.76857710798583,tp,18,0.08053700987344684,0.07953700987344683,7.953700987344684
short,oof,2025-02-28 08:00:00+00:00,2025-02-28 12:00:00+00:00,128.53,142.81160297987182,sl,2,-0.1111149379901332,-0.1121149379901332,-11.21149379901332
short,oof,2025-02-28 20:00:00+00:00,2025-03-02 12:00:00+00:00,146.32,161.90637272112915,sl,11,-0.10652250356157157,-0.10752250356157157,-10.752250356157157
short,oof,2025-03-02 20:00:00+00:00,2025-03-03 08:00:00+00:00,172.18,157.43714611435038,tp,4,0.08562465957515172,0.08462465957515172,8.462465957515173
short,oof,2025-03-03 16:00:00+00:00,2025-03-03 16:00:00+00:00,157.82,141.47767409456532,tp,1,0.10355041126241717,0.10255041126241717,10.255041126241716
short,oof,2025-03-04 00:00:00+00:00,2025-03-08 00:00:00+00:00,142.15,139.68,timeout,25,0.017376011255715786,0.016376011255715785,1.6376011255715786
short,oof,2025-03-08 08:00:00+00:00,2025-03-09 16:00:00+00:00,138.76,125.99222547827216,tp,9,0.09201336495912245,0.09101336495912245,9.101336495912244
short,oof,2025-03-10 00:00:00+00:00,2025-03-10 16:00:00+00:00,126.54,116.3287708546095,tp,5,0.08069566259989334,0.07969566259989334,7.969566259989334
short,oof,2025-03-11 00:00:00+00:00,2025-03-14 12:00:00+00:00,118.35,131.59264013081835,sl,22,-0.1118938752075907,-0.1128938752075907,-11.28938752075907
short,oof,2025-03-14 20:00:00+00:00,2025-03-16 20:00:00+00:00,134.28,125.8142981629965,tp,13,0.06304514326037762,0.06204514326037762,6.204514326037762
short,oof,2025-03-17 04:00:00+00:00,2025-03-18 12:00:00+00:00,128.99,121.89447458549151,tp,9,0.05500833719287154,0.05400833719287154,5.400833719287154
short,oof,2025-03-18 20:00:00+00:00,2025-03-19 12:00:00+00:00,124.22,132.09583248182483,sl,5,-0.06340229014510408,-0.06440229014510408,-6.440229014510408
short,oof,2025-03-19 20:00:00+00:00,2025-03-21 08:00:00+00:00,133.03,126.21998745146958,tp,10,0.05119155490137881,0.05019155490137881,5.019155490137881
short,oof,2025-03-21 16:00:00+00:00,2025-03-23 08:00:00+00:00,125.98,133.3573355395596,sl,11,-0.05855957723098595,-0.05955957723098595,-5.955957723098595
short,oof,2025-03-23 16:00:00+00:00,2025-03-24 04:00:00+00:00,132.52,138.87290543316269,sl,4,-0.047939219990663105,-0.048939219990663106,-4.89392199906631
short,oof,2025-03-24 12:00:00+00:00,2025-03-26 16:00:00+00:00,143.39,137.5315768846384,tp,14,0.040856566813317355,0.039856566813317354,3.9856566813317356
short,oof,2025-03-27 00:00:00+00:00,2025-03-28 08:00:00+00:00,137.38,130.72083214863383,tp,9,0.048472615019407216,0.047472615019407215,4.747261501940722
short,oof,2025-03-28 16:00:00+00:00,2025-03-29 20:00:00+00:00,129.91,123.46435385887877,tp,8,0.049616243100001775,0.048616243100001774,4.8616243100001775
short,oof,2025-03-30 04:00:00+00:00,2025-04-02 20:00:00+00:00,125.73,133.29483710617882,sl,23,-0.060167319702368674,-0.061167319702368675,-6.116731970236867
short,oof,2025-04-03 04:00:00+00:00,2025-04-06 16:00:00+00:00,119.85,111.15866444855753,tp,22,0.0725184443174173,0.0715184443174173,7.15184443174173
short,oof,2025-04-07 00:00:00+00:00,2025-04-07 04:00:00+00:00,105.9,98.42355343613418,tp,2,0.07059911769467253,0.06959911769467253,6.9599117694672525
short,oof,2025-04-07 12:00:00+00:00,2025-04-07 12:00:00+00:00,100.29,111.07501872303808,sl,1,-0.10753832608473504,-0.10853832608473504,-10.853832608473505
short,oof,2025-04-07 20:00:00+00:00,2025-04-09 16:00:00+00:00,105.76,118.0489957356808,sl,12,-0.11619700960363842,-0.11719700960363842,-11.719700960363841
short,oof,2025-04-10 00:00:00+00:00,2025-04-10 16:00:00+00:00,119.05,108.45469915832774,tp,5,0.08899874709510505,0.08799874709510505,8.799874709510505
short,oof,2025-04-11 00:00:00+00:00,2025-04-12 04:00:00+00:00,112.8,124.4748777747213,sl,8,-0.1035006894922102,-0.1045006894922102,-10.45006894922102
short,oof,2025-04-12 12:00:00+00:00,2025-04-14 00:00:00+00:00,124.57,134.46142468197434,sl,10,-0.07940454910471496,-0.08040454910471496,-8.040454910471496
short,oof,2025-04-14 08:00:00+00:00,2025-04-16 08:00:00+00:00,132.31,123.71325712881224,tp,13,0.06497424889417094,0.06397424889417094,6.397424889417095
short,oof,2025-04-16 16:00:00+00:00,2025-04-19 00:00:00+00:00,128.4,137.75950961602686,sl,15,-0.07289337707186024,-0.07389337707186024,-7.389337707186024
short,oof,2025-04-19 08:00:00+00:00,2025-04-22 16:00:00+00:00,138.76,146.86511745899034,sl,21,-0.05841105116020719,-0.059411051160207194,-5.94110511602072
short,oof,2025-04-23 00:00:00+00:00,2025-04-27 00:00:00+00:00,148.78,147.55,timeout,25,0.00826724022045967,0.00726724022045967,0.726724022045967
short,oof,2025-04-27 08:00:00+00:00,2025-04-30 12:00:00+00:00,147.44,141.45159518201447,tp,20,0.04061587641064518,0.03961587641064518,3.9615876410645177
short,oof,2025-04-30 20:00:00+00:00,2025-05-04 20:00:00+00:00,145.65,143.95,timeout,25,0.011671815997253808,0.010671815997253808,1.0671815997253808
short,oof,2025-05-05 04:00:00+00:00,2025-05-08 00:00:00+00:00,144.9,150.7736451054861,sl,18,-0.04053585303993171,-0.04153585303993171,-4.153585303993171
short,oof,2025-05-08 08:00:00+00:00,2025-05-08 12:00:00+00:00,151.58,158.2033169986501,sl,2,-0.043695190649492656,-0.04469519064949266,-4.4695190649492655
short,oof,2025-05-08 20:00:00+00:00,2025-05-09 08:00:00+00:00,160.55,168.35284345700958,sl,4,-0.04860070667710727,-0.04960070667710727,-4.960070667710727
short,oof,2025-05-09 16:00:00+00:00,2025-05-12 12:00:00+00:00,170.78,181.20323158818397,sl,18,-0.06103309279882871,-0.06203309279882871,-6.203309279882871
short,oof,2025-05-12 20:00:00+00:00,2025-05-13 16:00:00+00:00,171.21,183.40238502407777,sl,6,-0.07121304260310592,-0.07221304260310592,-7.221304260310592
short,oof,2025-05-14 00:00:00+00:00,2025-05-14 16:00:00+00:00,183.75,173.33226486633902,tp,5,0.05669515718999175,0.05569515718999175,5.569515718999175
short,oof,2025-05-15 00:00:00+00:00,2025-05-16 20:00:00+00:00,176.64,166.65295213373426,tp,12,0.05653899380811666,0.05553899380811666,5.553899380811666
short,oof,2025-05-17 04:00:00+00:00,2025-05-21 04:00:00+00:00,168.26,168.77,timeout,25,-0.0030310234161418006,-0.004031023416141801,-0.40310234161418007
short,oof,2025-05-21 12:00:00+00:00,2025-05-22 08:00:00+00:00,169.33,179.86658657748484,sl,6,-0.06222516138596129,-0.06322516138596129,-6.3225161385961295
short,oof,2025-05-22 16:00:00+00:00,2025-05-25 12:00:00+00:00,179.02,169.96614411656952,tp,18,0.05057454967841853,0.04957454967841853,4.957454967841853
short,oof,2025-05-25 20:00:00+00:00,2025-05-29 20:00:00+00:00,172.52,166.71,timeout,25,0.033677254811036415,0.032677254811036414,3.2677254811036414
short,oof,2025-05-30 04:00:00+00:00,2025-05-30 16:00:00+00:00,165.15,157.73314189754095,tp,4,0.04490982805000944,0.04390982805000944,4.390982805000944
short,oof,2025-05-31 00:00:00+00:00,2025-06-04 00:00:00+00:00,156.19,156.58,timeout,25,-0.0024969588321916564,-0.0034969588321916564,-0.3496958832191656
short,oof,2025-06-04 08:00:00+00:00,2025-06-05 12:00:00+00:00,156.44,149.47164529829433,tp,8,0.04454330543151153,0.04354330543151153,4.354330543151153
short,oof,2025-06-05 20:00:00+00:00,2025-06-08 20:00:00+00:00,146.24,154.89347903872203,sl,19,-0.059173133470473364,-0.060173133470473365,-6.017313347047336
short,oof,2025-06-09 04:00:00+00:00,2025-06-09 20:00:00+00:00,151.56,158.18174248810072,sl,5,-0.04369056801333282,-0.04469056801333282,-4.4690568013332825
short,oof,2025-06-10 04:00:00+00:00,2025-06-11 00:00:00+00:00,159.19,166.8107996863614,sl,6,-0.047872351820851866,-0.04887235182085187,-4.8872351820851865
short,oof,2025-06-11 08:00:00+00:00,2025-06-11 20:00:00+00:00,166.64,159.5418328843466,tp,4,0.04259581802480426,0.04159581802480426,4.159581802480426
short,oof,2025-06-12 04:00:00+00:00,2025-06-12 20:00:00+00:00,159.86,152.55003059946696,tp,5,0.04572732015847021,0.04472732015847021,4.472732015847021
short,oof,2025-06-13 04:00:00+00:00,2025-06-16 00:00:00+00:00,144.78,155.42344554767678,sl,18,-0.07351461215414268,-0.07451461215414268,-7.451461215414268
short,oof,2025-06-16 08:00:00+00:00,2025-06-17 00:00:00+00:00,157.27,150.03163913774648,tp,5,0.04602505794018903,0.04502505794018903,4.502505794018903
short,oof,2025-06-17 08:00:00+00:00,2025-06-18 12:00:00+00:00,152.67,145.09483949407064,tp,8,0.0496178719193643,0.0486178719193643,4.86178719193643
short,oof,2025-06-18 20:00:00+00:00,2025-06-20 16:00:00+00:00,144.74,137.75735041900373,tp,12,0.04824270817325052,0.04724270817325052,4.724270817325052
short,oof,2025-06-21 00:00:00+00:00,2025-06-21 20:00:00+00:00,140.12,133.16417353508697,tp,6,0.04964192452835449,0.04864192452835449,4.864192452835449
short,oof,2025-06-22 04:00:00+00:00,2025-06-22 12:00:00+00:00,135.11,127.89896183640148,tp,3,0.0533716095300017,0.0523716095300017,5.237160953000171
short,oof,2025-06-22 20:00:00+00:00,2025-06-23 16:00:00+00:00,129.12,138.39193164926522,sl,6,-0.07180864040632909,-0.07280864040632909,-7.280864040632909
short,oof,2025-06-24 00:00:00+00:00,2025-06-28 00:00:00+00:00,144.52,143.4,timeout,25,0.007749792416274595,0.006749792416274595,0.6749792416274595
short,oof,2025-06-28 08:00:00+00:00,2025-06-29 20:00:00+00:00,146.56,154.65176778922918,sl,10,-0.05521129768851788,-0.05621129768851788,-5.621129768851788
short,oof,2025-06-30 04:00:00+00:00,2025-06-30 12:00:00+00:00,151.79,158.89065205865325,sl,3,-0.04677944567266126,-0.047779445672661264,-4.777944567266126
short,oof,2025-06-30 20:00:00+00:00,2025-07-01 04:00:00+00:00,157.77,151.27621202733872,tp,3,0.041159840100534285,0.040159840100534284,4.015984010053429
short,oof,2025-07-01 12:00:00+00:00,2025-07-05 12:00:00+00:00,148.84,147.16,timeout,25,0.011287288363343233,0.010287288363343233,1.0287288363343232
short,oof,2025-07-05 20:00:00+00:00,2025-07-06 16:00:00+00:00,146.89,153.00425334129193,sl,6,-0.04162470788543769,-0.04262470788543769,-4.262470788543769
short,oof,2025-07-07 00:00:00+00:00,2025-07-09 16:00:00+00:00,151.87,157.71913422219953,sl,17,-0.038514085877392,-0.039514085877392004,-3.9514085877392002
short,oof,2025-07-10 00:00:00+00:00,2025-07-10 20:00:00+00:00,157.07,163.3275673209088,sl,6,-0.03983935392442099,-0.04083935392442099,-4.0839353924421
short,oof,2025-07-11 04:00:00+00:00,2025-07-12 12:00:00+00:00,165.3,159.3300439790736,tp,9,0.036115886393989216,0.035115886393989215,3.5115886393989215
short,oof,2025-07-12 20:00:00+00:00,2025-07-14 04:00:00+00:00,160.73,168.6402685441527,sl,9,-0.04921463662136938,-0.05021463662136938,-5.021463662136938
short,oof,2025-07-14 12:00:00+00:00,2025-07-15 00:00:00+00:00,166.54,160.36483164674337,tp,4,0.03707919030417091,0.03607919030417091,3.607919030417091
short,oof,2025-07-15 08:00:00+00:00,2025-07-16 12:00:00+00:00,159.54,167.68431803755902,sl,8,-0.05104875289932952,-0.052048752899329524,-5.204875289932953
short,oof,2025-07-16 20:00:00+00:00,2025-07-18 04:00:00+00:00,174.16,183.23467321850202,sl,9,-0.052105381364848574,-0.053105381364848575,-5.310538136484857
short,oof,2025-07-18 12:00:00+00:00,2025-07-21 04:00:00+00:00,178.44,189.46083557317462,sl,17,-0.06176213614197838,-0.06276213614197838,-6.276213614197839
short,oof,2025-07-21 12:00:00+00:00,2025-07-22 00:00:00+00:00,191.39,201.78166864004908,sl,4,-0.05429577637310774,-0.055295776373107744,-5.529577637310775
short,oof,2025-07-22 08:00:00+00:00,2025-07-23 12:00:00+00:00,198.08,187.9046044440267,tp,8,0.05137013103782979,0.050370131037829786,5.037013103782979
short,oof,2025-07-23 20:00:00+00:00,2025-07-25 00:00:00+00:00,188.12,176.7095501366478,tp,8,0.060655166188348916,0.059655166188348915,5.965516618834892
short,oof,2025-07-25 08:00:00+00:00,2025-07-28 00:00:00+00:00,177.55,192.53323010015592,sl,17,-0.08438879245370828,-0.08538879245370828,-8.538879245370829
short,oof,2025-07-28 08:00:00+00:00,2025-07-28 16:00:00+00:00,192.37,184.04654215086626,tp,3,0.04326796199580884,0.04226796199580884,4.226796199580884
short,oof,2025-07-29 00:00:00+00:00,2025-07-30 16:00:00+00:00,183.14,174.69731623206192,tp,11,0.04609961651161988,0.04509961651161988,4.509961651161988
short,oof,2025-07-31 00:00:00+00:00,2025-08-01 00:00:00+00:00,177.75,168.85814664666205,tp,7,0.05002449143931336,0.04902449143931336,4.902449143931336
short,oof,2025-08-01 08:00:00+00:00,2025-08-01 20:00:00+00:00,169.4,161.03234231456136,tp,4,0.049395854105304865,0.048395854105304864,4.8395854105304865
short,oof,2025-08-02 04:00:00+00:00,2025-08-06 04:00:00+00:00,164.37,164.24,timeout,25,0.0007908985824663592,-0.00020910141753364086,-0.020910141753364087
short,oof,2025-08-06 12:00:00+00:00,2025-08-07 08:00:00+00:00,164.19,173.3542224606767,sl,6,-0.05581474182761868,-0.056814741827618684,-5.681474182761868
short,oof,2025-08-07 16:00:00+00:00,2025-08-08 16:00:00+00:00,170.48,179.50082225338562,sl,7,-0.05291425535772895,-0.05391425535772895,-5.391425535772895
short,oof,2025-08-09 00:00:00+00:00,2025-08-10 00:00:00+00:00,176.8,185.9281806817499,sl,7,-0.051629981231616974,-0.052629981231616975,-5.262998123161697
short,oof,2025-08-10 08:00:00+00:00,2025-08-12 16:00:00+00:00,178.95,189.24350645058726,sl,15,-0.057521690140191525,-0.058521690140191526,-5.852169014019153
short,oof,2025-08-13 00:00:00+00:00,2025-08-13 12:00:00+00:00,191.75,203.0291766349343,sl,4,-0.05882230318088286,-0.05982230318088286,-5.982230318088286
short,oof,2025-08-13 20:00:00+00:00,2025-08-14 12:00:00+00:00,202.09,191.69656689874063,tp,5,0.05142972488128743,0.05042972488128743,5.0429724881287425
short,oof,2025-08-14 20:00:00+00:00,2025-08-18 04:00:00+00:00,192.92,180.60977237720135,tp,21,0.06381001255856643,0.06281001255856643,6.281001255856642
short,oof,2025-08-18 12:00:00+00:00,2025-08-22 12:00:00+00:00,181.34,192.4328919572376,sl,25,-0.061171787566105564,-0.062171787566105564,-6.217178756610556
short,oof,2025-08-22 20:00:00+00:00,2025-08-24 00:00:00+00:00,198.99,211.75883403777,sl,8,-0.06416821969832644,-0.06516821969832644,-6.516821969832644
short,oof,2025-08-24 08:00:00+00:00,2025-08-25 08:00:00+00:00,206.68,196.76585196959797,tp,7,0.04796858927037948,0.04696858927037948,4.696858927037948
short,oof,2025-08-25 16:00:00+00:00,2025-08-27 16:00:00+00:00,196.57,211.76430809520838,sl,13,-0.07729718723715921,-0.07829718723715921,-7.829718723715922
short,oof,2025-08-28 00:00:00+00:00,2025-08-29 00:00:00+00:00,202.98,217.4705441039253,sl,7,-0.07138902406111595,-0.07238902406111596,-7.238902406111595
short,oof,2025-08-29 08:00:00+00:00,2025-09-01 00:00:00+00:00,208.79,196.2932723261353,tp,17,0.05985309485063788,0.05885309485063788,5.885309485063788
short,oof,2025-09-01 08:00:00+00:00,2025-09-05 08:00:00+00:00,202.93,206.66,timeout,25,-0.018380722416596804,-0.019380722416596805,-1.9380722416596805
short,oof,2025-09-05 16:00:00+00:00,2025-09-08 08:00:00+00:00,203.58,214.52569642662357,sl,17,-0.05376606948926002,-0.05476606948926002,-5.476606948926002
short,oof,2025-09-08 16:00:00+00:00,2025-09-10 12:00:00+00:00,215.03,224.0035002110055,sl,12,-0.04173138729947217,-0.04273138729947217,-4.273138729947217
short,oof,2025-09-10 20:00:00+00:00,2025-09-12 00:00:00+00:00,221.27,231.34572114941997,sl,8,-0.04553586635974132,-0.04653586635974132,-4.653586635974132
short,oof,2025-09-12 08:00:00+00:00,2025-09-14 00:00:00+00:00,237.37,248.00349115668877,sl,11,-0.04479711486998678,-0.045797114869986784,-4.579711486998678
short,oof,2025-09-14 08:00:00+00:00,2025-09-15 04:00:00+00:00,246.4,237.86959578879447,tp,6,0.03462014696106143,0.03362014696106143,3.362014696106143
short,oof,2025-09-15 12:00:00+00:00,2025-09-18 12:00:00+00:00,236.44,248.47997727729106,sl,19,-0.0509219137087255,-0.0519219137087255,-5.19219137087255
short,oof,2025-09-18 20:00:00+00:00,2025-09-19 12:00:00+00:00,248.36,238.92686907653436,tp,5,0.03798168353787105,0.03698168353787105,3.698168353787105
short,oof,2025-09-19 20:00:00+00:00,2025-09-22 04:00:00+00:00,235.98,226.7674227575826,tp,15,0.039039652692674724,0.03803965269267472,3.803965269267472
short,oof,2025-09-22 12:00:00+00:00,2025-09-24 00:00:00+00:00,221.52,212.11575800674922,tp,10,0.042453241211858034,0.04145324121185803,4.145324121185803
short,oof,2025-09-24 08:00:00+00:00,2025-09-25 12:00:00+00:00,210.64,200.01548870378662,tp,8,0.05043919149360696,0.04943919149360696,4.943919149360696
short,oof,2025-09-25 20:00:00+00:00,2025-09-29 12:00:00+00:00,198.16,211.4635751557462,sl,23,-0.06713552258652714,-0.06813552258652714,-6.813552258652714
short,oof,2025-09-29 20:00:00+00:00,2025-10-02 00:00:00+00:00,212.95,224.154446511554,sl,14,-0.052615386295158544,-0.053615386295158544,-5.361538629515854
short,oof,2025-10-02 08:00:00+00:00,2025-10-02 20:00:00+00:00,222.93,234.0386517005604,sl,4,-0.04983022339102133,-0.050830223391021334,-5.083022339102134
short,oof,2025-10-03 04:00:00+00:00,2025-10-07 04:00:00+00:00,232.26,231.01,timeout,25,0.005381899595281151,0.004381899595281151,0.43818995952811507
short,oof,2025-10-07 12:00:00+00:00,2025-10-07 12:00:00+00:00,230.48,221.81054606118957,tp,1,0.0376147775894239,0.0366147775894239,3.66147775894239
short,oof,2025-10-07 20:00:00+00:00,2025-10-10 12:00:00+00:00,221.72,212.20786879765836,tp,17,0.042901547908811274,0.041901547908811274,4.190154790881127
short,oof,2025-10-11 00:00:00+00:00,2025-10-11 20:00:00+00:00,187.77,176.18682997729502,tp,6,0.06168807595837988,0.060688075958379877,6.0688075958379875
short,oof,2025-10-12 04:00:00+00:00,2025-10-12 16:00:00+00:00,177.04,193.91930410703824,sl,4,-0.09534175388069506,-0.09634175388069506,-9.634175388069506
short,oof,2025-10-13 00:00:00+00:00,2025-10-16 20:00:00+00:00,197.03,183.528156445507,tp,24,0.06852684136676145,0.06752684136676144,6.7526841366761445
short,oof,2025-10-17 04:00:00+00:00,2025-10-21 04:00:00+00:00,187.06,184.99,timeout,25,0.011065968138565129,0.01006596813856513,1.006596813856513
short,oof,2025-10-21 12:00:00+00:00,2025-10-21 16:00:00+00:00,186.27,197.29819632175617,sl,2,-0.05920543470100475,-0.06020543470100475,-6.020543470100475
short,oof,2025-10-22 00:00:00+00:00,2025-10-26 00:00:00+00:00,185.66,192.99,timeout,25,-0.039480771302380764,-0.040480771302380765,-4.0480771302380765
short,oof,2025-10-26 08:00:00+00:00,2025-10-27 00:00:00+00:00,193.87,202.56025336525886,sl,5,-0.04482515791643294,-0.04582515791643294,-4.582515791643294
short,oof,2025-10-27 08:00:00+00:00,2025-10-28 16:00:00+00:00,202.52,195.2801249499877,tp,9,0.035748938623406584,0.03474893862340658,3.4748938623406582
short,oof,2025-10-29 00:00:00+00:00,2025-10-30 12:00:00+00:00,194.16,185.81538372647736,tp,10,0.04297804013969218,0.041978040139692176,4.197804013969217
short,oof,2025-10-30 20:00:00+00:00,2025-11-03 12:00:00+00:00,179.02,168.52615724271263,tp,23,0.05861827034570093,0.05761827034570093,5.761827034570093
short,oof,2025-11-03 20:00:00+00:00,2025-11-04 04:00:00+00:00,166.74,157.16808455346282,tp,3,0.05740623393629117,0.05640623393629117,5.640623393629117
short,oof,2025-11-04 12:00:00+00:00,2025-11-04 20:00:00+00:00,161.72,151.17362304590407,tp,3,0.0652138075321292,0.0642138075321292,6.42138075321292
short,oof,2025-11-05 04:00:00+00:00,2025-11-09 04:00:00+00:00,156.93,159.28,timeout,25,-0.014974829541833903,-0.015974829541833904,-1.5974829541833904
short,ooc,2025-11-06 04:00:00+00:00,2025-11-07 08:00:00+00:00,162.49,151.80552094832507,tp,8,0.0657546867602618,0.0647546867602618,6.47546867602618
short,ooc,2025-11-07 16:00:00+00:00,2025-11-10 00:00:00+00:00,155.42,168.1791941706843,sl,15,-0.08209493096566922,-0.08309493096566922,-8.309493096566921
short,ooc,2025-11-10 08:00:00+00:00,2025-11-11 16:00:00+00:00,167.39,159.02313580857958,tp,9,0.04998425348838285,0.048984253488382846,4.898425348838285
short,ooc,2025-11-12 00:00:00+00:00,2025-11-13 16:00:00+00:00,154.61,146.17033281526878,tp,11,0.05458681317334735,0.05358681317334735,5.358681317334735
short,ooc,2025-11-14 00:00:00+00:00,2025-11-16 16:00:00+00:00,144.74,135.3769790637458,tp,17,0.06468855144572476,0.06368855144572476,6.368855144572476
short,ooc,2025-11-17 00:00:00+00:00,2025-11-17 16:00:00+00:00,137.19,129.30348420115763,tp,5,0.05748608352534709,0.05648608352534709,5.648608352534709
short,ooc,2025-11-18 00:00:00+00:00,2025-11-18 12:00:00+00:00,131.0,141.30852463161318,sl,4,-0.07869102772223803,-0.07969102772223803,-7.9691027722238035
short,ooc,2025-11-18 20:00:00+00:00,2025-11-19 16:00:00+00:00,141.45,132.97643926482186,tp,6,0.05990498929076088,0.05890498929076088,5.890498929076088
short,ooc,2025-11-20 00:00:00+00:00,2025-11-21 04:00:00+00:00,137.07,128.64977493963337,tp,8,0.061430109143989345,0.060430109143989344,6.043010914398934
short,ooc,2025-11-21 12:00:00+00:00,2025-11-24 16:00:00+00:00,124.34,136.93757301765595,sl,20,-0.10131553014038883,-0.10231553014038883,-10.231553014038882
short,ooc,2025-11-25 00:00:00+00:00,2025-11-29 00:00:00+00:00,138.42,136.85,timeout,25,0.011342291576361749,0.01034229157636175,1.034229157636175
short,ooc,2025-11-29 08:00:00+00:00,2025-12-01 00:00:00+00:00,137.28,131.57017767779743,tp,11,0.04159252857082291,0.04059252857082291,4.059252857082291
short,ooc,2025-12-01 08:00:00+00:00,2025-12-02 12:00:00+00:00,127.39,134.4477365509962,sl,8,-0.055402594795480105,-0.056402594795480106,-5.6402594795480105
short,ooc,2025-12-02 20:00:00+00:00,2025-12-05 16:00:00+00:00,140.26,133.5200612465284,tp,18,0.04805317805127329,0.04705317805127329,4.705317805127329
short,ooc,2025-12-06 00:00:00+00:00,2025-12-09 16:00:00+00:00,133.29,141.0850073191767,sl,23,-0.058481561401280704,-0.059481561401280705,-5.948156140128071
short,ooc,2025-12-10 00:00:00+00:00,2025-12-11 00:00:00+00:00,137.88,130.79713478291958,tp,7,0.05136977964230063,0.050369779642300626,5.036977964230062
short,ooc,2025-12-11 08:00:00+00:00,2025-12-15 08:00:00+00:00,131.03,132.28,timeout,25,-0.00953980004579104,-0.01053980004579104,-1.053980004579104
short,ooc,2025-12-15 16:00:00+00:00,2025-12-18 16:00:00+00:00,126.9,121.0356949335098,tp,19,0.04621201786044289,0.04521201786044289,4.521201786044289
short,ooc,2025-12-19 00:00:00+00:00,2025-12-22 12:00:00+00:00,119.62,128.6025088340222,sl,22,-0.07509203171728962,-0.07609203171728962,-7.6092031717289625
short,ooc,2025-12-22 20:00:00+00:00,2025-12-25 20:00:00+00:00,124.68,119.92893334562244,tp,19,0.03810608481213961,0.03710608481213961,3.710608481213961
short,ooc,2025-12-26 04:00:00+00:00,2025-12-29 00:00:00+00:00,122.68,128.30423053635445,sl,18,-0.04584472233741804,-0.04684472233741804,-4.684472233741804
short,ooc,2025-12-29 08:00:00+00:00,2025-12-29 12:00:00+00:00,127.89,124.07733123376923,tp,2,0.029812094504893045,0.028812094504893044,2.881209450489304
short,ooc,2025-12-29 20:00:00+00:00,2026-01-02 08:00:00+00:00,123.07,128.17302171984738,sl,22,-0.04146438384535135,-0.04246438384535135,-4.246438384535136
short,ooc,2026-01-02 16:00:00+00:00,2026-01-03 20:00:00+00:00,128.97,133.37066662758392,sl,8,-0.03412163005027461,-0.03512163005027461,-3.5121630050274613
short,ooc,2026-01-04 04:00:00+00:00,2026-01-05 20:00:00+00:00,134.62,139.30270109057562,sl,11,-0.03478458691558178,-0.035784586915581784,-3.578458691558178
short,ooc,2026-01-06 04:00:00+00:00,2026-01-08 04:00:00+00:00,138.38,134.06026681577922,tp,13,0.031216456021251483,0.030216456021251482,3.0216456021251483
short,ooc,2026-01-08 12:00:00+00:00,2026-01-12 00:00:00+00:00,134.78,141.63239812475786,sl,22,-0.05084135720995589,-0.05184135720995589,-5.184135720995589
short,ooc,2026-01-12 08:00:00+00:00,2026-01-13 20:00:00+00:00,141.41,147.16894471698188,sl,10,-0.04072515887831049,-0.04172515887831049,-4.172515887831049
short,ooc,2026-01-14 04:00:00+00:00,2026-01-15 16:00:00+00:00,146.29,140.81364727469148,tp,10,0.03743490823233656,0.03643490823233656,3.6434908232336563
short,ooc,2026-01-16 00:00:00+00:00,2026-01-19 00:00:00+00:00,142.42,136.9609505733051,tp,19,0.03833063773834356,0.03733063773834356,3.733063773834356
short,ooc,2026-01-19 08:00:00+00:00,2026-01-20 08:00:00+00:00,133.46,128.7204451990271,tp,7,0.035512923729753565,0.034512923729753564,3.4512923729753564
short,ooc,2026-01-20 16:00:00+00:00,2026-01-24 16:00:00+00:00,127.86,127.3,timeout,25,0.004379790395745364,0.003379790395745364,0.3379790395745364
short,ooc,2026-01-25 00:00:00+00:00,2026-01-25 16:00:00+00:00,127.21,123.80692380055702,tp,5,0.026751640589914145,0.025751640589914145,2.5751640589914144
short,ooc,2026-01-26 00:00:00+00:00,2026-01-26 12:00:00+00:00,118.86,123.98422133434869,sl,4,-0.04311140277930919,-0.04411140277930919,-4.411140277930919
short,ooc,2026-01-26 20:00:00+00:00,2026-01-29 12:00:00+00:00,124.33,119.84757376109013,tp,17,0.03605265212667792,0.03505265212667792,3.5052652126677923
short,ooc,2026-01-29 20:00:00+00:00,2026-01-31 12:00:00+00:00,116.83,111.86351071656455,tp,11,0.04251039359270265,0.04151039359270265,4.151039359270265
short,ooc,2026-01-31 20:00:00+00:00,2026-02-04 12:00:00+00:00,101.77,94.1874690387259,tp,23,0.07450654378769876,0.07350654378769876,7.350654378769876
short,ooc,2026-02-04 20:00:00+00:00,2026-02-05 12:00:00+00:00,94.37,86.8416427330063,tp,5,0.07977489951249028,0.07877489951249028,7.877489951249029
short,ooc,2026-02-05 20:00:00+00:00,2026-02-06 00:00:00+00:00,81.7,73.4436324427507,tp,2,0.10105713044368794,0.10005713044368794,10.005713044368795
short,ooc,2026-02-06 08:00:00+00:00,2026-02-10 08:00:00+00:00,79.59,83.84,timeout,25,-0.05339866817439377,-0.05439866817439377,-5.439866817439377
short,ooc,2026-02-10 16:00:00+00:00,2026-02-11 12:00:00+00:00,84.3,78.77343068259569,tp,6,0.06555835489210332,0.06455835489210332,6.455835489210332
short,ooc,2026-02-11 20:00:00+00:00,2026-02-14 08:00:00+00:00,79.71,86.44885452788884,sl,16,-0.08454214688105442,-0.08554214688105442,-8.554214688105443
short,ooc,2026-02-14 16:00:00+00:00,2026-02-16 12:00:00+00:00,87.43,83.11662634707535,tp,12,0.04933516702418681,0.04833516702418681,4.833516702418681
short,ooc,2026-02-16 20:00:00+00:00,2026-02-19 12:00:00+00:00,84.62,80.20624034622776,tp,17,0.0521597690117259,0.0511597690117259,5.11597690117259
short,ooc,2026-02-19 20:00:00+00:00,2026-02-21 12:00:00+00:00,81.95,86.65680530741083,sl,11,-0.057435086118497035,-0.058435086118497036,-5.843508611849703
short,ooc,2026-02-21 20:00:00+00:00,2026-02-22 16:00:00+00:00,86.22,82.96911774387829,tp,6,0.03770450308654272,0.03670450308654272,3.6704503086542717
short,ooc,2026-02-23 00:00:00+00:00,2026-02-23 00:00:00+00:00,82.8,79.95483788686835,tp,1,0.03436186126970592,0.03336186126970592,3.336186126970592
short,ooc,2026-02-23 08:00:00+00:00,2026-02-24 00:00:00+00:00,79.39,75.83371225959567,tp,5,0.04479515984890199,0.04379515984890199,4.379515984890199
short,ooc,2026-02-24 08:00:00+00:00,2026-02-25 00:00:00+00:00,76.85,81.46039034675796,sl,5,-0.05999206697147648,-0.06099206697147648,-6.099206697147648
short,ooc,2026-02-25 08:00:00+00:00,2026-02-25 16:00:00+00:00,82.18,86.90595642935295,sl,3,-0.05750737928149121,-0.05850737928149121,-5.850737928149121
short,ooc,2026-02-26 00:00:00+00:00,2026-02-27 08:00:00+00:00,88.04,83.40519696837256,tp,9,0.05264428704710861,0.051644287047108606,5.16442870471086
short,ooc,2026-02-27 16:00:00+00:00,2026-02-28 04:00:00+00:00,82.69,78.04971062257947,tp,4,0.05611669340211065,0.05511669340211065,5.511669340211065
short,ooc,2026-02-28 12:00:00+00:00,2026-02-28 20:00:00+00:00,78.77,84.47152513603568,sl,3,-0.07238193647372965,-0.07338193647372965,-7.3381936473729645
short,ooc,2026-03-01 04:00:00+00:00,2026-03-01 20:00:00+00:00,88.02,82.84758726759027,tp,5,0.05876406194512299,0.05776406194512299,5.776406194512299
short,ooc,2026-03-02 04:00:00+00:00,2026-03-04 08:00:00+00:00,84.78,91.16916488155941,sl,14,-0.07536169947581281,-0.07636169947581281,-7.636169947581281
short,ooc,2026-03-04 16:00:00+00:00,2026-03-06 12:00:00+00:00,92.93,87.01980726146797,tp,12,0.06359832926430681,0.0625983292643068,6.259832926430681
short,ooc,2026-03-06 20:00:00+00:00,2026-03-10 20:00:00+00:00,85.21,85.87,timeout,25,-0.007745569768806605,-0.008745569768806605,-0.8745569768806605
short,ooc,2026-03-11 04:00:00+00:00,2026-03-13 00:00:00+00:00,85.62,90.55355974471956,sl,12,-0.05762158076056481,-0.05862158076056481,-5.862158076056481
short,ooc,2026-03-13 08:00:00+00:00,2026-03-16 00:00:00+00:00,88.68,93.76329926165539,sl,17,-0.05732182297762047,-0.05832182297762047,-5.832182297762047
short,ooc,2026-03-16 08:00:00+00:00,2026-03-18 12:00:00+00:00,93.56,89.94691081016123,tp,14,0.03861788360238109,0.03761788360238109,3.761788360238109
short,ooc,2026-03-18 20:00:00+00:00,2026-03-22 20:00:00+00:00,89.7,85.61816335753979,tp,25,0.045505425222521934,0.04450542522252193,4.450542522252193
short,ooc,2026-03-23 04:00:00+00:00,2026-03-23 08:00:00+00:00,86.4,90.33830236956967,sl,2,-0.045582203351500795,-0.046582203351500796,-4.658220335150079
short,ooc,2026-03-23 16:00:00+00:00,2026-03-26 16:00:00+00:00,89.96,85.70009466298991,tp,19,0.04735332744564342,0.04635332744564342,4.635332744564342
short,ooc,2026-03-27 00:00:00+00:00,2026-03-27 08:00:00+00:00,86.53,82.83083418778851,tp,3,0.042750096061614354,0.04175009606161435,4.175009606161435
short,ooc,2026-03-27 16:00:00+00:00,2026-03-29 20:00:00+00:00,83.34,79.68161717090346,tp,14,0.043897082182583855,0.042897082182583854,4.289708218258386
short,ooc,2026-03-30 04:00:00+00:00,2026-04-02 00:00:00+00:00,83.28,79.99156853522527,tp,18,0.03948644890459572,0.03848644890459572,3.8486448904595716
short,ooc,2026-04-02 08:00:00+00:00,2026-04-06 08:00:00+00:00,79.62,82.43,timeout,25,-0.035292640040190934,-0.036292640040190935,-3.6292640040190935
short,ooc,2026-04-06 16:00:00+00:00,2026-04-06 20:00:00+00:00,82.28,79.62675423140374,tp,2,0.0322465455590212,0.031246545559021198,3.12465455590212
short,ooc,2026-04-07 04:00:00+00:00,2026-04-07 20:00:00+00:00,79.79,83.21392536151878,sl,5,-0.04291171025841295,-0.04391171025841295,-4.391171025841295
short,ooc,2026-04-08 04:00:00+00:00,2026-04-12 04:00:00+00:00,84.56,82.28,timeout,25,0.026963103122043534,0.025963103122043533,2.5963103122043534
short,ooc,2026-04-12 12:00:00+00:00,2026-04-13 20:00:00+00:00,82.22,85.67833240799362,sl,9,-0.04206193636577017,-0.04306193636577017,-4.306193636577017
short,ooc,2026-04-14 04:00:00+00:00,2026-04-15 00:00:00+00:00,86.05,83.16298935614196,tp,6,0.03355038516976216,0.03255038516976216,3.2550385169762155
short,ooc,2026-04-15 08:00:00+00:00,2026-04-16 12:00:00+00:00,82.93,86.44767831478815,sl,8,-0.04241744018796747,-0.04341744018796747,-4.341744018796747
short,ooc,2026-04-16 20:00:00+00:00,2026-04-18 08:00:00+00:00,90.1,86.76202463297567,tp,10,0.03704745135432106,0.03604745135432106,3.604745135432106
short,ooc,2026-04-18 16:00:00+00:00,2026-04-19 20:00:00+00:00,86.77,83.7097564336152,tp,8,0.03526845184262762,0.03426845184262762,3.426845184262762
short,ooc,2026-04-20 04:00:00+00:00,2026-04-22 04:00:00+00:00,84.58,88.30934945546724,sl,13,-0.04409256863877091,-0.04509256863877091,-4.509256863877091
short,ooc,2026-04-22 12:00:00+00:00,2026-04-23 00:00:00+00:00,88.32,85.48309804111044,tp,4,0.03212071964322413,0.031120719643224132,3.1120719643224133
short,ooc,2026-04-23 08:00:00+00:00,2026-04-27 08:00:00+00:00,85.9,85.26,timeout,25,0.007450523864959261,0.006450523864959261,0.6450523864959261
short,ooc,2026-04-27 16:00:00+00:00,2026-04-29 16:00:00+00:00,84.17,81.94739164635676,tp,13,0.026406182174685024,0.025406182174685023,2.540618217468502
short,ooc,2026-04-30 00:00:00+00:00,2026-05-04 00:00:00+00:00,83.06,85.41,timeout,25,-0.028292800385263595,-0.029292800385263596,-2.9292800385263598
short,ooc,2026-05-04 08:00:00+00:00,2026-05-06 00:00:00+00:00,84.88,87.11926907487228,sl,11,-0.02638158665023896,-0.02738158665023896,-2.738158665023896
short,ooc,2026-05-06 08:00:00+00:00,2026-05-07 04:00:00+00:00,87.7,90.26231140402001,sl,6,-0.029216777696921412,-0.030216777696921413,-3.0216777696921415
short,ooc,2026-05-07 12:00:00+00:00,2026-05-09 00:00:00+00:00,89.56,92.92056874169029,sl,10,-0.03752309894696613,-0.03852309894696613,-3.852309894696613
short,ooc,2026-05-09 08:00:00+00:00,2026-05-11 16:00:00+00:00,93.74,97.3535110448412,sl,15,-0.038548229622799274,-0.039548229622799275,-3.9548229622799274
short,ooc,2026-05-12 00:00:00+00:00,2026-05-12 12:00:00+00:00,97.37,94.142435995752,tp,4,0.03314741711253989,0.03214741711253989,3.214741711253989
short,ooc,2026-05-12 20:00:00+00:00,2026-05-13 12:00:00+00:00,94.92,91.68381723048942,tp,5,0.0340937923462977,0.033093792346297696,3.3093792346297697
short,ooc,2026-05-13 20:00:00+00:00,2026-05-16 04:00:00+00:00,90.96,87.59984477695323,tp,15,0.03694102048204442,0.03594102048204442,3.594102048204442
short,ooc,2026-05-16 12:00:00+00:00,2026-05-20 12:00:00+00:00,86.11,85.91,timeout,25,0.0023226106143305406,0.0013226106143305405,0.13226106143305405
short,ooc,2026-05-20 20:00:00+00:00,2026-05-23 04:00:00+00:00,86.18,83.60412605321983,tp,15,0.02988946329519816,0.028889463295198158,2.8889463295198157
short,ooc,2026-05-23 12:00:00+00:00,2026-05-23 20:00:00+00:00,82.29,85.79886145951843,sl,3,-0.042640192727165245,-0.043640192727165246,-4.364019272716525
short,ooc,2026-05-24 04:00:00+00:00,2026-05-27 20:00:00+00:00,85.81,82.85417602779455,tp,23,0.03444614814363653,0.03344614814363653,3.344614814363653
short,ooc,2026-05-28 04:00:00+00:00,2026-06-01 04:00:00+00:00,80.73,80.74,timeout,25,-0.00012386968908696772,-0.0011238696890869678,-0.11238696890869679
short,ooc,2026-06-01 12:00:00+00:00,2026-06-02 12:00:00+00:00,80.83,78.53501260835426,tp,7,0.02839276743344963,0.02739276743344963,2.7392767433449627
short,ooc,2026-06-02 20:00:00+00:00,2026-06-03 16:00:00+00:00,75.52,72.24906030055756,tp,6,0.04331223118965091,0.04231223118965091,4.231223118965091
short,ooc,2026-06-04 00:00:00+00:00,2026-06-04 00:00:00+00:00,71.61,67.76242656333254,tp,1,0.05372955504353387,0.05272955504353387,5.272955504353387
short,ooc,2026-06-04 08:00:00+00:00,2026-06-05 04:00:00+00:00,69.14,64.72367392450612,tp,6,0.06387512403086325,0.06287512403086325,6.287512403086325
short,ooc,2026-06-05 12:00:00+00:00,2026-06-05 16:00:00+00:00,66.08,61.59865924174505,tp,2,0.06781690009465725,0.06681690009465725,6.681690009465726
short,ooc,2026-06-06 00:00:00+00:00,2026-06-10 00:00:00+00:00,63.64,64.52,timeout,25,-0.013827781269641664,-0.014827781269641665,-1.4827781269641664
short,ooc,2026-06-10 08:00:00+00:00,2026-06-13 20:00:00+00:00,64.5,68.87776153768733,sl,22,-0.06787227190212922,-0.06887227190212922,-6.887227190212922
short,ooc,2026-06-14 04:00:00+00:00,2026-06-15 08:00:00+00:00,68.95,72.07931294932524,sl,8,-0.0453852494463414,-0.0463852494463414,-4.63852494463414
short,ooc,2026-06-15 16:00:00+00:00,2026-06-16 12:00:00+00:00,75.25,72.37097230970907,tp,6,0.038259504189912634,0.03725950418991263,3.725950418991263
short,ooc,2026-06-16 20:00:00+00:00,2026-06-18 04:00:00+00:00,73.84,70.71186393417213,tp,9,0.04236370620026915,0.04136370620026915,4.136370620026915
short,ooc,2026-06-18 12:00:00+00:00,2026-06-22 00:00:00+00:00,70.94,74.84841426155612,sl,22,-0.05509464704759117,-0.05609464704759117,-5.609464704759117
short,ooc,2026-06-22 08:00:00+00:00,2026-06-23 04:00:00+00:00,74.11,71.07278154991658,tp,6,0.04098257252844981,0.039982572528449806,3.9982572528449807
short,ooc,2026-06-23 12:00:00+00:00,2026-06-24 16:00:00+00:00,69.31,66.2425240632569,tp,8,0.044257335690998524,0.04325733569099852,4.325733569099852
short,ooc,2026-06-25 00:00:00+00:00,2026-06-25 12:00:00+00:00,68.12,64.70451448028992,tp,4,0.05013924720654857,0.04913924720654857,4.913924720654856
short,ooc,2026-06-25 20:00:00+00:00,2026-06-26 04:00:00+00:00,66.22,70.9297445564667,sl,3,-0.07112269037249627,-0.07212269037249627,-7.212269037249627
short,ooc,2026-06-26 12:00:00+00:00,2026-06-26 16:00:00+00:00,68.62,73.85284541017403,sl,2,-0.07625831259361734,-0.07725831259361735,-7.725831259361734
short,ooc,2026-06-27 00:00:00+00:00,2026-07-01 00:00:00+00:00,71.91,75.48,timeout,25,-0.04964539007092209,-0.05064539007092209,-5.064539007092209
short,ooc,2026-07-01 08:00:00+00:00,2026-07-02 08:00:00+00:00,74.88,79.2892066914146,sl,7,-0.058883636370387425,-0.059883636370387426,-5.988363637038742
short,ooc,2026-07-02 16:00:00+00:00,2026-07-06 16:00:00+00:00,80.88,82.07,timeout,25,-0.01471315529179028,-0.01571315529179028,-1.571315529179028
short,ooc,2026-07-07 00:00:00+00:00,2026-07-08 00:00:00+00:00,81.94,79.02142822142207,tp,7,0.0356184010077853,0.0346184010077853,3.46184010077853
short,ooc,2026-07-08 08:00:00+00:00,2026-07-12 08:00:00+00:00,78.3,76.95,timeout,25,0.017241379310344754,0.016241379310344754,1.6241379310344755
short,ooc,2026-07-12 16:00:00+00:00,2026-07-13 12:00:00+00:00,77.48,75.22806305180443,tp,6,0.029064751525497905,0.028064751525497904,2.8064751525497904
short,ooc,2026-07-13 20:00:00+00:00,2026-07-15 04:00:00+00:00,75.2,78.21410857541528,sl,9,-0.04008123105605423,-0.041081231056054233,-4.108123105605423
short,ooc,2026-07-15 12:00:00+00:00,2026-07-16 20:00:00+00:00,77.53,75.22882807976826,tp,9,0.02968105146693845,0.02868105146693845,2.868105146693845
short,ooc,2026-07-17 04:00:00+00:00,2026-07-20 16:00:00+00:00,75.23,78.0409434040684,sl,22,-0.0373646604289299,-0.0383646604289299,-3.83646604289299
short,ooc,2026-07-21 00:00:00+00:00,2026-07-23 16:00:00+00:00,77.85,75.81273832133402,tp,17,0.026169064594296347,0.025169064594296346,2.5169064594296344
short,ooc,2026-07-24 00:00:00+00:00,2026-07-24 12:00:00+00:00,75.89,73.90521622752378,tp,4,0.02615342960174226,0.025153429601742258,2.515342960174226
short,ooc,2026-07-24 20:00:00+00:00,2026-07-26 20:00:00+00:00,73.96,76.44326827464471,sl,13,-0.03357582848356835,-0.03457582848356835,-3.457582848356835
short,ooc,2026-07-27 04:00:00+00:00,2026-07-27 20:00:00+00:00,76.43,74.81072075189263,tp,5,0.02118643527551191,0.020186435275511908,2.0186435275511907
short,ooc,2026-07-28 04:00:00+00:00,2026-08-01 04:00:00+00:00,73.28,72.98,timeout,25,0.004093886462882057,0.003093886462882057,0.3093886462882057
short,ooc,2026-08-01 12:00:00+00:00,2026-08-01 16:00:00+00:00,72.91,71.2528094161354,tp,2,0.02272926325421191,0.02172926325421191,2.1729263254211912
short,ooc,2026-08-02 00:00:00+00:00,2026-08-02 20:00:00+00:00,71.95,74.20616240558971,sl,6,-0.031357364914380896,-0.0323573649143809,-3.2357364914380895
short,ooc,2026-08-03 04:00:00+00:00,2026-08-07 04:00:00+00:00,72.91,72.94,timeout,25,-0.0004114661911946391,-0.0014114661911946392,-0.1411466191194639
short,ooc,2026-08-07 12:00:00+00:00,2026-08-08 08:00:00+00:00,73.64,75.68783882812906,sl,6,-0.027808783651942684,-0.028808783651942685,-2.8808783651942687
short,ooc,2026-08-08 16:00:00+00:00,2026-08-12 16:00:00+00:00,76.39,75.77,timeout,25,0.008116245581882505,0.007116245581882505,0.7116245581882505
short,ooc,2026-08-13 00:00:00+00:00,2026-08-17 00:00:00+00:00,75.63,75.51,timeout,25,0.0015866719555730575,0.0005866719555730575,0.05866719555730575
short,ooc,2026-08-17 08:00:00+00:00,2026-08-19 08:00:00+00:00,75.79,77.43461516364349,sl,13,-0.02169963271729092,-0.022699632717290922,-2.2699632717290923
short,ooc,2026-08-19 16:00:00+00:00,2026-08-19 20:00:00+00:00,81.83,84.37600000274516,sl,2,-0.031113283670355128,-0.032113283670355125,-3.2113283670355126
short,ooc,2026-08-20 04:00:00+00:00,2026-08-20 08:00:00+00:00,84.48,87.90146027916586,sl,2,-0.04050024004694432,-0.041500240046944324,-4.1500240046944326
short,ooc,2026-08-20 16:00:00+00:00,2026-08-21 04:00:00+00:00,87.37,90.96588128036713,sl,4,-0.041156933505403726,-0.042156933505403726,-4.215693350540373
short,ooc,2026-08-21 12:00:00+00:00,2026-08-21 20:00:00+00:00,90.3,94.5029698344279,sl,3,-0.046544516438847224,-0.047544516438847224,-4.754451643884723
short,ooc,2026-08-22 04:00:00+00:00,2026-08-22 04:00:00+00:00,96.8,102.0384591430939,sl,1,-0.0541163134617139,-0.0551163134617139,-5.511631346171391
short,ooc,2026-08-22 12:00:00+00:00,2026-08-25 00:00:00+00:00,93.3,100.97448773052484,sl,16,-0.08225603140969824,-0.08325603140969824,-8.325603140969823
short,ooc,2026-08-25 08:00:00+00:00,2026-08-27 12:00:00+00:00,100.25,107.36280867765653,sl,14,-0.0709507100015614,-0.0719507100015614,-7.19507100015614
short,ooc,2026-08-27 20:00:00+00:00,2026-08-28 12:00:00+00:00,109.38,103.78320588879248,tp,5,0.05116834989218793,0.05016834989218793,5.0168349892187925
short,ooc,2026-08-28 20:00:00+00:00,2026-09-01 20:00:00+00:00,103.4,100.0,timeout,25,0.032882011605415915,0.031882011605415914,3.1882011605415914
short,ooc,2026-09-02 04:00:00+00:00,2026-09-03 12:00:00+00:00,100.3,105.40791921352717,sl,9,-0.05092641289658194,-0.05192641289658194,-5.1926412896581935
short,ooc,2026-09-03 20:00:00+00:00,2026-09-04 12:00:00+00:00,105.3,101.09857416062084,tp,5,0.03989958062088467,0.038899580620884666,3.889958062088467
short,ooc,2026-09-04 20:00:00+00:00,2026-09-06 00:00:00+00:00,101.69,106.72903393820481,sl,8,-0.04955289544896066,-0.05055289544896066,-5.055289544896066
short,ooc,2026-09-06 08:00:00+00:00,2026-09-09 20:00:00+00:00,105.25,101.67353037627704,tp,22,0.033980709013994845,0.032980709013994844,3.2980709013994844
short,ooc,2026-09-10 04:00:00+00:00,2026-09-11 12:00:00+00:00,101.83,98.22327929353894,tp,9,0.03541903865718415,0.034419038657184146,3.4419038657184147
short,ooc,2026-09-11 20:00:00+00:00,2026-09-15 16:00:00+00:00,102.03,97.82524930638611,tp,24,0.04121092515548259,0.04021092515548259,4.021092515548259
short,ooc,2026-09-16 00:00:00+00:00,2026-09-17 12:00:00+00:00,96.89,101.68384732718948,sl,10,-0.04947721464742989,-0.050477214647429894,-5.047721464742989
short,ooc,2026-09-17 20:00:00+00:00,2026-09-18 04:00:00+00:00,100.97,105.30224868338816,sl,3,-0.04290629576496146,-0.04390629576496146,-4.390629576496146
short,ooc,2026-09-18 12:00:00+00:00,2026-09-18 12:00:00+00:00,105.75,110.28717018029594,sl,1,-0.042904682555990024,-0.043904682555990025,-4.390468255599003
short,ooc,2026-09-18 20:00:00+00:00,2026-09-20 00:00:00+00:00,114.23,109.80354383481627,tp,8,0.03875038225670784,0.03775038225670784,3.775038225670784
short,ooc,2026-09-20 08:00:00+00:00,2026-09-21 08:00:00+00:00,108.47,113.46124461057866,sl,7,-0.04601497751063577,-0.04701497751063577,-4.701497751063577
short,ooc,2026-09-21 16:00:00+00:00,2026-09-23 12:00:00+00:00,117.95,113.4377012557276,tp,12,0.03825603004893938,0.037256030048939376,3.7256030048939377
short,ooc,2026-09-23 20:00:00+00:00,2026-09-25 08:00:00+00:00,114.53,120.20983247245734,sl,10,-0.049592530100910984,-0.050592530100910985,-5.059253010091099
short,ooc,2026-09-25 16:00:00+00:00,2026-09-29 16:00:00+00:00,120.13,118.8,timeout,25,0.01107133938233579,0.01007133938233579,1.007133938233579
short,ooc,2026-09-30 00:00:00+00:00,2026-09-30 04:00:00+00:00,119.14,118.46,timeout,2,0.005707570924962287,0.004707570924962287,0.47075709249622866
