dedup,n_factors,model,thr_q,tp_mult,sl_mult,max_hold,thr_abs,n,sharpe,total_return,calmar,max_drawdown,win_rate,payoff,tp_rate
0.8,10,shallow,0.5,2.5,1.0,24,0.02225569419366929,216,2.6730600088804843,0.1019924095051099,2.324215506800804,-0.0490791882589211,0.35185185185185186,2.3524722689998003,0.3148148148148148
0.85,10,shallow,0.5,2.5,1.0,24,0.02225569419366929,216,2.6730600088804843,0.1019924095051099,2.324215506800804,-0.0490791882589211,0.35185185185185186,2.3524722689998003,0.3148148148148148
0.9,11,shallow,0.8,3.0,2.0,12,0.03483165271979253,179,3.075902160758086,0.09854137544698327,2.3904287849619412,-0.046096686374242246,0.5251396648044693,1.1649667579309657,0.22905027932960895
0.95,11,shallow,0.8,3.0,2.0,12,0.03483165271979253,179,3.075902160758086,0.09854137544698327,2.3904287849619412,-0.046096686374242246,0.5251396648044693,1.1649667579309657,0.22905027932960895
0.9,11,shallow,0.8,2.5,2.0,12,0.03483165271979253,193,2.5708279291505005,0.09802388295908337,1.9401978222666323,-0.056493817660293266,0.5077720207253886,1.2134336945169781,0.29533678756476683
0.95,11,shallow,0.8,2.5,2.0,12,0.03483165271979253,193,2.5708279291505005,0.09802388295908337,1.9401978222666323,-0.056493817660293266,0.5077720207253886,1.2134336945169781,0.29533678756476683
0.9,11,base,0.6,3.0,2.5,24,0.02585215857847287,122,3.3260415291347565,0.09751645406416265,2.33520748834015,-0.04669343513949131,0.5327868852459017,1.1604115953444936,0.3770491803278688
0.95,11,base,0.6,3.0,2.5,24,0.02585215857847287,122,3.3260415291347565,0.09751645406416265,2.33520748834015,-0.04669343513949131,0.5327868852459017,1.1604115953444936,0.3770491803278688
0.9,11,deep_slow,0.6,2.5,2.0,12,0.026270004931272684,180,2.6242782362998183,0.09069070917337663,2.0831486792006513,-0.04866190026403805,0.5222222222222223,1.1519563614752943,0.3055555555555556
0.95,11,deep_slow,0.6,2.5,2.0,12,0.026270004931272684,180,2.6242782362998183,0.09069070917337663,2.0831486792006513,-0.04866190026403805,0.5222222222222223,1.1519563614752943,0.3055555555555556
0.9,11,shallow,0.6,2.5,1.0,24,0.025504051782762147,208,2.544795668553073,0.08802611215210288,1.9722795666890602,-0.04988019789324527,0.34615384615384615,2.354466199078621,0.28846153846153844
0.95,11,shallow,0.6,2.5,1.0,24,0.025504051782762147,208,2.544795668553073,0.08802611215210288,1.9722795666890602,-0.04988019789324527,0.34615384615384615,2.354466199078621,0.28846153846153844
0.8,10,shallow,0.6,2.5,1.0,12,0.0281987593635591,255,2.255624150426046,0.08782583739885808,1.597877598469861,-0.061426998333052985,0.37254901960784315,2.050694979946795,0.24705882352941178
0.85,10,shallow,0.6,2.5,1.0,12,0.0281987593635591,255,2.255624150426046,0.08782583739885808,1.597877598469861,-0.061426998333052985,0.37254901960784315,2.050694979946795,0.24705882352941178
0.9,11,shallow,0.7,2.5,2.0,12,0.02962310272974487,186,2.413535178401298,0.08529139091688509,1.795243263967514,-0.053088919026715864,0.5161290322580645,1.1565654756696704,0.2849462365591398
0.95,11,shallow,0.7,2.5,2.0,12,0.02962310272974487,186,2.413535178401298,0.08529139091688509,1.795243263967514,-0.053088919026715864,0.5161290322580645,1.1565654756696704,0.2849462365591398
0.8,10,shallow,0.6,2.5,1.0,6,0.0281987593635591,303,2.089275577027866,0.08528730518769234,1.8352215513769468,-0.05192993617248298,0.43234323432343236,1.5830355238904914,0.1716171617161716
0.85,10,shallow,0.6,2.5,1.0,6,0.0281987593635591,303,2.089275577027866,0.08528730518769234,1.8352215513769468,-0.05192993617248298,0.43234323432343236,1.5830355238904914,0.1716171617161716
0.9,11,deep_slow,0.5,2.5,1.0,6,0.02227660444433337,285,2.1794255820861625,0.08492183780178841,2.1388852834293544,-0.04436549630885678,0.41754385964912283,1.6968190766469724,0.1649122807017544
0.95,11,deep_slow,0.5,2.5,1.0,6,0.02227660444433337,285,2.1794255820861625,0.08492183780178841,2.1388852834293544,-0.04436549630885678,0.41754385964912283,1.6968190766469724,0.1649122807017544
0.9,11,base,0.6,2.5,1.0,6,0.02585215857847287,305,2.202209574028968,0.08409313655302486,2.264728594792012,-0.04148954619860079,0.42295081967213116,1.632678030581896,0.16721311475409836
0.95,11,base,0.6,2.5,1.0,6,0.02585215857847287,305,2.202209574028968,0.08409313655302486,2.264728594792012,-0.04148954619860079,0.42295081967213116,1.632678030581896,0.16721311475409836
0.8,10,shallow,0.5,2.5,2.0,12,0.02225569419366929,179,2.133297824495137,0.07978048659850656,1.8217955926351663,-0.04892056765135899,0.5083798882681564,1.1845738975788782,0.3016759776536313
0.85,10,shallow,0.5,2.5,2.0,12,0.02225569419366929,179,2.133297824495137,0.07978048659850656,1.8217955926351663,-0.04892056765135899,0.5083798882681564,1.1845738975788782,0.3016759776536313
0.9,11,deep_slow,0.5,2.5,2.0,12,0.02227660444433337,176,2.2132880035974885,0.07911538309943156,1.7599891486773085,-0.05021459658229288,0.4943181818181818,1.2483780423561344,0.30113636363636365
0.95,11,deep_slow,0.5,2.5,2.0,12,0.02227660444433337,176,2.2132880035974885,0.07911538309943156,1.7599891486773085,-0.05021459658229288,0.4943181818181818,1.2483780423561344,0.30113636363636365
0.8,10,shallow,0.5,2.5,1.0,6,0.02225569419366929,284,2.002627533275207,0.07887693247571481,2.1856449375484095,-0.04031288722881521,0.4295774647887324,1.5977040072677584,0.16901408450704225
0.85,10,shallow,0.5,2.5,1.0,6,0.02225569419366929,284,2.002627533275207,0.07887693247571481,2.1856449375484095,-0.04031288722881521,0.4295774647887324,1.5977040072677584,0.16901408450704225
0.9,11,base,0.4,3.0,0.5,24,0.016682884199823906,247,2.9136278508540747,0.07868678452822886,2.6735588186242243,-0.03287616468930399,0.20242914979757085,5.056245878749991,0.17408906882591094
0.95,11,base,0.4,3.0,0.5,24,0.016682884199823906,247,2.9136278508540747,0.07868678452822886,2.6735588186242243,-0.03287616468930399,0.20242914979757085,5.056245878749991,0.17408906882591094
0.9,11,base,0.5,3.0,0.5,24,0.02143757519805179,267,2.640007931125028,0.07786053000049886,2.068623004155503,-0.04204224764720399,0.1947565543071161,5.19568929243963,0.16853932584269662
0.95,11,base,0.5,3.0,0.5,24,0.02143757519805179,267,2.640007931125028,0.07786053000049886,2.068623004155503,-0.04204224764720399,0.1947565543071161,5.19568929243963,0.16853932584269662
0.9,11,shallow,0.7,2.5,1.0,12,0.02962310272974487,254,2.0047931576770317,0.0764745083050331,1.2640011131065492,-0.06757514339993864,0.3661417322834646,2.060675264564474,0.23622047244094488
0.95,11,shallow,0.7,2.5,1.0,12,0.02962310272974487,254,2.0047931576770317,0.0764745083050331,1.2640011131065492,-0.06757514339993864,0.3661417322834646,2.060675264564474,0.23622047244094488
0.9,11,deep_slow,0.5,2.5,1.0,12,0.02227660444433337,236,1.9955807886663979,0.07487300364437188,1.4338929799953772,-0.05831617598208949,0.3644067796610169,2.0749863953188705,0.2542372881355932
0.95,11,deep_slow,0.5,2.5,1.0,12,0.02227660444433337,236,1.9955807886663979,0.07487300364437188,1.4338929799953772,-0.05831617598208949,0.3644067796610169,2.0749863953188705,0.2542372881355932
0.8,10,shallow,0.6,2.0,1.0,6,0.0281987593635591,315,1.83271793065684,0.07453608105816589,1.7752281841640078,-0.046890520807948755,0.44126984126984126,1.4899675272402748,0.2222222222222222
0.85,10,shallow,0.6,2.0,1.0,6,0.0281987593635591,315,1.83271793065684,0.07453608105816589,1.7752281841640078,-0.046890520807948755,0.44126984126984126,1.4899675272402748,0.2222222222222222
0.8,10,shallow,0.5,3.0,1.0,24,0.02225569419366929,199,2.334560457931248,0.07430092281812573,1.4162989652873146,-0.05858770506457489,0.3165829145728643,2.6016126834756066,0.25125628140703515
0.85,10,shallow,0.5,3.0,1.0,24,0.02225569419366929,199,2.334560457931248,0.07430092281812573,1.4162989652873146,-0.05858770506457489,0.3165829145728643,2.6016126834756066,0.25125628140703515
0.8,10,base,0.6,1.5,0.5,12,0.028890652717152483,429,1.8767291840269564,0.07171999689229636,2.0799410541792915,-0.038503159996639114,0.31002331002331,2.6270975420558447,0.29836829836829837
0.85,10,base,0.6,1.5,0.5,12,0.028890652717152483,429,1.8767291840269564,0.07171999689229636,2.0799410541792915,-0.038503159996639114,0.31002331002331,2.6270975420558447,0.29836829836829837
0.8,10,shallow,0.6,2.5,2.0,12,0.0281987593635591,190,1.8410251392471164,0.07149976157082194,1.3189437883253519,-0.06053134372559066,0.5157894736842106,1.1056601595498476,0.3105263157894737
0.85,10,shallow,0.6,2.5,2.0,12,0.0281987593635591,190,1.8410251392471164,0.07149976157082194,1.3189437883253519,-0.06053134372559066,0.5157894736842106,1.1056601595498476,0.3105263157894737
0.8,10,shallow,0.6,2.5,0.75,6,0.0281987593635591,335,1.8572752570365907,0.07120258881109365,1.5963890408592776,-0.04980261306761713,0.3641791044776119,2.0505937458416366,0.16119402985074627
0.85,10,shallow,0.6,2.5,0.75,6,0.0281987593635591,335,1.8572752570365907,0.07120258881109365,1.5963890408592776,-0.04980261306761713,0.3641791044776119,2.0505937458416366,0.16119402985074627
0.9,11,base,0.6,3.0,0.5,24,0.02585215857847287,294,2.2591679386319106,0.07027264006532774,1.5158066750871608,-0.05176257361770009,0.19047619047619047,5.13372841127557,0.17006802721088435
0.95,11,base,0.6,3.0,0.5,24,0.02585215857847287,294,2.2591679386319106,0.07027264006532774,1.5158066750871608,-0.05176257361770009,0.19047619047619047,5.13372841127557,0.17006802721088435
0.8,10,shallow,0.6,2.5,1.5,12,0.0281987593635591,216,1.75514790480635,0.07004735977676457,1.305400773154192,-0.05991230912432244,0.46296296296296297,1.352493768476044,0.27314814814814814
0.85,10,shallow,0.6,2.5,1.5,12,0.0281987593635591,216,1.75514790480635,0.07004735977676457,1.305400773154192,-0.05991230912432244,0.46296296296296297,1.352493768476044,0.27314814814814814
0.9,11,base,0.6,2.5,2.0,12,0.02585215857847287,183,2.0441870817910694,0.06974508270131485,1.8378453376859747,-0.04237070950594024,0.5191256830601093,1.0972370868442114,0.3005464480874317
0.95,11,base,0.6,2.5,2.0,12,0.02585215857847287,183,2.0441870817910694,0.06974508270131485,1.8378453376859747,-0.04237070950594024,0.5191256830601093,1.0972370868442114,0.3005464480874317
0.8,10,base,0.7,2.5,0.75,6,0.034786761033208866,361,1.741401713719323,0.06917860354884797,1.6739825127323993,-0.04613906219607744,0.34349030470914127,2.213344967157964,0.16066481994459833
0.85,10,base,0.7,2.5,0.75,6,0.034786761033208866,361,1.741401713719323,0.06917860354884797,1.6739825127323993,-0.04613906219607744,0.34349030470914127,2.213344967157964,0.16066481994459833
0.8,10,base,0.6,1.5,0.5,24,0.028890652717152483,424,1.8150809942031674,0.06905287535334126,2.144961537671165,-0.03594241160673417,0.30424528301886794,2.6861641515698036,0.30424528301886794
0.85,10,base,0.6,1.5,0.5,24,0.028890652717152483,424,1.8150809942031674,0.06905287535334126,2.144961537671165,-0.03594241160673417,0.30424528301886794,2.6861641515698036,0.30424528301886794
0.9,11,deep_slow,0.4,2.5,0.75,6,0.018002548129969136,287,1.8857227601371516,0.06902154277485706,1.8799772922079727,-0.04098984564535646,0.3554006968641115,2.159357331241805,0.17073170731707318
0.95,11,deep_slow,0.4,2.5,0.75,6,0.018002548129969136,287,1.8857227601371516,0.06902154277485706,1.8799772922079727,-0.04098984564535646,0.3554006968641115,2.159357331241805,0.17073170731707318
0.8,10,base,0.7,2.5,2.0,12,0.034786761033208866,195,1.8242459797856732,0.06871079207630926,1.212358908792662,-0.06327479094222577,0.5025641025641026,1.1547278731689836,0.30256410256410254
0.85,10,base,0.7,2.5,2.0,12,0.034786761033208866,195,1.8242459797856732,0.06871079207630926,1.212358908792662,-0.06327479094222577,0.5025641025641026,1.1547278731689836,0.30256410256410254
0.9,11,shallow,0.6,2.5,1.0,6,0.025504051782762147,297,1.74285631420665,0.06856129063628558,2.024213134185158,-0.03781431421855508,0.4208754208754209,1.6012355123219715,0.16498316498316498
0.95,11,shallow,0.6,2.5,1.0,6,0.025504051782762147,297,1.74285631420665,0.06856129063628558,2.024213134185158,-0.03781431421855508,0.4208754208754209,1.6012355123219715,0.16498316498316498
0.9,11,base,0.8,2.5,1.0,6,0.03626824368319925,329,1.6706210857605464,0.06830768448736046,1.5018432032476763,-0.050777642442099036,0.41641337386018235,1.605385783307439,0.1580547112462006
0.95,11,base,0.8,2.5,1.0,6,0.03626824368319925,329,1.6706210857605464,0.06830768448736046,1.5018432032476763,-0.050777642442099036,0.41641337386018235,1.605385783307439,0.1580547112462006
0.9,11,shallow,0.7,3.0,0.5,24,0.02962310272974487,309,2.1097632145215526,0.06802112219536549,1.3626932697062795,-0.055727114219590757,0.19093851132686085,5.051734997536442,0.16828478964401294
0.95,11,shallow,0.7,3.0,0.5,24,0.02962310272974487,309,2.1097632145215526,0.06802112219536549,1.3626932697062795,-0.055727114219590757,0.19093851132686085,5.051734997536442,0.16828478964401294
0.9,11,shallow,0.5,2.0,1.0,24,0.02146249546792225,217,1.942746645554982,0.06735825033440879,1.6357618019213502,-0.04597017184824337,0.3824884792626728,1.9179052553907918,0.3686635944700461
0.95,11,shallow,0.5,2.0,1.0,24,0.02146249546792225,217,1.942746645554982,0.06735825033440879,1.6357618019213502,-0.04597017184824337,0.3824884792626728,1.9179052553907918,0.3686635944700461
0.9,11,base,0.6,4.0,2.5,24,0.02585215857847287,105,2.5780150438486062,0.06725851412701589,1.2574245143997036,-0.05971293361048524,0.49523809523809526,1.2596765292600158,0.23809523809523808
0.95,11,base,0.6,4.0,2.5,24,0.02585215857847287,105,2.5780150438486062,0.06725851412701589,1.2574245143997036,-0.05971293361048524,0.49523809523809526,1.2596765292600158,0.23809523809523808
0.9,11,shallow,0.6,2.5,1.5,24,0.025504051782762147,181,1.8550109221154052,0.0666852265611324,1.031805813278028,-0.07214750694439231,0.4143646408839779,1.6335884439334756,0.34806629834254144
0.95,11,shallow,0.6,2.5,1.5,24,0.025504051782762147,181,1.8550109221154052,0.0666852265611324,1.031805813278028,-0.07214750694439231,0.4143646408839779,1.6335884439334756,0.34806629834254144
0.9,11,shallow,0.6,2.5,2.0,24,0.025504051782762147,146,1.9249833885813736,0.0666038419845032,1.0441607859491315,-0.07120650483265178,0.4863013698630137,1.243738066701592,0.4041095890410959
0.95,11,shallow,0.6,2.5,2.0,24,0.025504051782762147,146,1.9249833885813736,0.0666038419845032,1.0441607859491315,-0.07120650483265178,0.4863013698630137,1.243738066701592,0.4041095890410959
0.9,11,deep_slow,0.5,2.5,0.5,24,0.02227660444433337,308,1.8619446212940607,0.0653406495773945,1.4678725712355958,-0.04968820719950817,0.21103896103896103,4.442979627333651,0.19805194805194806
0.95,11,deep_slow,0.5,2.5,0.5,24,0.02227660444433337,308,1.8619446212940607,0.0653406495773945,1.4678725712355958,-0.04968820719950817,0.21103896103896103,4.442979627333651,0.19805194805194806
0.8,10,shallow,0.5,2.0,1.0,6,0.02225569419366929,297,1.6396613601397765,0.06494230677239887,1.7356676377841156,-0.04176476695901277,0.43434343434343436,1.5098007511457976,0.23232323232323232
0.85,10,shallow,0.5,2.0,1.0,6,0.02225569419366929,297,1.6396613601397765,0.06494230677239887,1.7356676377841156,-0.04176476695901277,0.43434343434343436,1.5098007511457976,0.23232323232323232
0.9,11,base,0.6,2.5,0.75,6,0.02585215857847287,343,1.6882193136663628,0.06468273659791657,1.6592118496415083,-0.0435140383336764,0.34402332361516036,2.1903267415359546,0.16326530612244897
0.95,11,base,0.6,2.5,0.75,6,0.02585215857847287,343,1.6882193136663628,0.06468273659791657,1.6592118496415083,-0.0435140383336764,0.34402332361516036,2.1903267415359546,0.16326530612244897
0.9,11,deep_slow,0.7,2.5,2.0,12,0.03059831863119774,190,1.8022945293868955,0.06406900925764147,1.382057481867569,-0.051742854617775946,0.4842105263157895,1.2377141309382131,0.29473684210526313
0.95,11,deep_slow,0.7,2.5,2.0,12,0.03059831863119774,190,1.8022945293868955,0.06406900925764147,1.382057481867569,-0.051742854617775946,0.4842105263157895,1.2377141309382131,0.29473684210526313
0.9,11,base,0.7,2.5,1.0,6,0.030935384207832782,316,1.672818532183141,0.06394846901537199,1.5662637458006274,-0.04557124751024921,0.4208860759493671,1.5730948368123792,0.1550632911392405
0.95,11,base,0.7,2.5,1.0,6,0.030935384207832782,316,1.672818532183141,0.06394846901537199,1.5662637458006274,-0.04557124751024921,0.4208860759493671,1.5730948368123792,0.1550632911392405
0.9,11,shallow,0.6,2.0,1.0,24,0.025504051782762147,233,1.8201750947625193,0.06392336905652751,1.4679243630519063,-0.04860501166141695,0.36909871244635195,1.994499832029896,0.3605150214592275
0.95,11,shallow,0.6,2.0,1.0,24,0.025504051782762147,233,1.8201750947625193,0.06392336905652751,1.4679243630519063,-0.04860501166141695,0.36909871244635195,1.994499832029896,0.3605150214592275
0.9,11,shallow,0.6,1.5,1.0,24,0.025504051782762147,302,1.6292563271118239,0.06337734438428066,1.6732585907369268,-0.04227496577792356,0.4337748344370861,1.4860582381774814,0.4337748344370861
0.95,11,shallow,0.6,1.5,1.0,24,0.025504051782762147,302,1.6292563271118239,0.06337734438428066,1.6732585907369268,-0.04227496577792356,0.4337748344370861,1.4860582381774814,0.4337748344370861
0.9,11,shallow,0.7,3.0,1.0,12,0.02962310272974487,235,1.9700030633273178,0.0633295325990062,1.1406005953161444,-0.061970337272586606,0.3574468085106383,2.1063538152287085,0.17446808510638298
0.95,11,shallow,0.7,3.0,1.0,12,0.02962310272974487,235,1.9700030633273178,0.0633295325990062,1.1406005953161444,-0.061970337272586606,0.3574468085106383,2.1063538152287085,0.17446808510638298
0.8,10,shallow,0.5,2.5,1.0,12,0.02225569419366929,243,1.6277537837200224,0.06331907045917551,1.4316337456612296,-0.04936436216466067,0.3662551440329218,2.0083616480040734,0.24691358024691357
0.85,10,shallow,0.5,2.5,1.0,12,0.02225569419366929,243,1.6277537837200224,0.06331907045917551,1.4316337456612296,-0.04936436216466067,0.3662551440329218,2.0083616480040734,0.24691358024691357
0.8,10,base,0.5,2.5,1.0,6,0.023983485622980496,281,1.6397603051985024,0.0629447851425804,1.916258268648383,-0.036661301118268264,0.4234875444839858,1.5816492402522342,0.1708185053380783
0.85,10,base,0.5,2.5,1.0,6,0.023983485622980496,281,1.6397603051985024,0.0629447851425804,1.916258268648383,-0.036661301118268264,0.4234875444839858,1.5816492402522342,0.1708185053380783
0.8,10,base,0.5,2.5,2.0,12,0.023983485622980496,172,1.8556368170694002,0.06283600696753378,1.3719636034971912,-0.051117028712941215,0.4883720930232558,1.240543581985038,0.28488372093023256
0.85,10,base,0.5,2.5,2.0,12,0.023983485622980496,172,1.8556368170694002,0.06283600696753378,1.3719636034971912,-0.051117028712941215,0.4883720930232558,1.240543581985038,0.28488372093023256
0.9,11,shallow,0.6,1.5,1.0,12,0.025504051782762147,308,1.594237095286764,0.062471907377158464,1.4838659071639049,-0.04698737597324565,0.4448051948051948,1.4196295648019088,0.4155844155844156
0.95,11,shallow,0.6,1.5,1.0,12,0.025504051782762147,308,1.594237095286764,0.062471907377158464,1.4838659071639049,-0.04698737597324565,0.4448051948051948,1.4196295648019088,0.4155844155844156
0.9,11,shallow,0.7,3.0,2.0,12,0.02962310272974487,172,2.170786090197546,0.062383040623472885,1.2689015494995237,-0.054869071658014135,0.5232558139534884,1.0830549467798203,0.21511627906976744
0.95,11,shallow,0.7,3.0,2.0,12,0.02962310272974487,172,2.170786090197546,0.062383040623472885,1.2689015494995237,-0.054869071658014135,0.5232558139534884,1.0830549467798203,0.21511627906976744
0.8,10,base,0.6,3.0,0.75,24,0.028890652717152483,241,1.9768990476135258,0.062156403016083495,1.475838516771227,-0.047003556955214854,0.25311203319502074,3.4203192791364403,0.2157676348547718
0.85,10,base,0.6,3.0,0.75,24,0.028890652717152483,241,1.9768990476135258,0.062156403016083495,1.475838516771227,-0.047003556955214854,0.25311203319502074,3.4203192791364403,0.2157676348547718
0.9,11,deep_slow,0.5,2.5,2.0,24,0.02227660444433337,139,1.8665311998497558,0.0619581174161572,1.0604315881913393,-0.06520705723065845,0.4892086330935252,1.2312242824871618,0.39568345323741005
0.95,11,deep_slow,0.5,2.5,2.0,24,0.02227660444433337,139,1.8665311998497558,0.0619581174161572,1.0604315881913393,-0.06520705723065845,0.4892086330935252,1.2312242824871618,0.39568345323741005
0.8,10,base,0.6,2.5,1.0,6,0.028890652717152483,301,1.5683322623958738,0.06187281148342327,1.0706603363125227,-0.06449487139506394,0.4186046511627907,1.600066506039401,0.16943521594684385
0.85,10,base,0.6,2.5,1.0,6,0.028890652717152483,301,1.5683322623958738,0.06187281148342327,1.0706603363125227,-0.06449487139506394,0.4186046511627907,1.600066506039401,0.16943521594684385
0.9,11,shallow,0.7,1.5,1.0,12,0.02962310272974487,330,1.5241482106005089,0.06110404405606129,1.2962144773412647,-0.05260803842014916,0.4393939393939394,1.4364542148973891,0.4121212121212121
0.95,11,shallow,0.7,1.5,1.0,12,0.02962310272974487,330,1.5241482106005089,0.06110404405606129,1.2962144773412647,-0.05260803842014916,0.4393939393939394,1.4364542148973891,0.4121212121212121
0.8,10,base,0.5,4.0,1.0,24,0.023983485622980496,173,2.307885857366789,0.06086201231150046,1.8512008675683724,-0.036689864595386035,0.28901734104046245,2.924458846902517,0.15606936416184972
0.85,10,base,0.5,4.0,1.0,24,0.023983485622980496,173,2.307885857366789,0.06086201231150046,1.8512008675683724,-0.036689864595386035,0.28901734104046245,2.924458846902517,0.15606936416184972
0.8,10,deep_slow,0.8,2.5,2.0,12,0.03652372924092767,200,1.552589314028894,0.06071544118227035,0.7853659034870774,-0.08627342142675731,0.5,1.1450340979525795,0.29
0.85,10,deep_slow,0.8,2.5,2.0,12,0.03652372924092767,200,1.552589314028894,0.06071544118227035,0.7853659034870774,-0.08627342142675731,0.5,1.1450340979525795,0.29
0.8,10,base,0.6,2.5,0.75,6,0.028890652717152483,331,1.6331588504736418,0.06055058470246699,1.782659459790119,-0.037904955869924706,0.3504531722054381,2.1402295150416193,0.16314199395770393
0.85,10,base,0.6,2.5,0.75,6,0.028890652717152483,331,1.6331588504736418,0.06055058470246699,1.782659459790119,-0.037904955869924706,0.3504531722054381,2.1402295150416193,0.16314199395770393
0.8,10,shallow,0.8,2.5,1.5,12,0.04189406605295098,224,1.5377865423793664,0.06018996854901748,0.7578314136293162,-0.08863170322864744,0.44642857142857145,1.4096579882037894,0.25892857142857145
0.85,10,shallow,0.8,2.5,1.5,12,0.04189406605295098,224,1.5377865423793664,0.06018996854901748,0.7578314136293162,-0.08863170322864744,0.44642857142857145,1.4096579882037894,0.25892857142857145
0.9,11,deep_slow,0.6,3.0,2.5,12,0.026270004931272684,160,2.1093766951870276,0.059834509255027646,1.2216907773051846,-0.05465371401297381,0.50625,1.1470339638770692,0.25
0.95,11,deep_slow,0.6,3.0,2.5,12,0.026270004931272684,160,2.1093766951870276,0.059834509255027646,1.2216907773051846,-0.05465371401297381,0.50625,1.1470339638770692,0.25
0.9,11,base,0.4,2.5,0.5,24,0.016682884199823906,272,2.057697286150209,0.05922789289968078,1.8578076208170797,-0.03557464263583865,0.21323529411764705,4.416607465847048,0.20220588235294118
0.95,11,base,0.4,2.5,0.5,24,0.016682884199823906,272,2.057697286150209,0.05922789289968078,1.8578076208170797,-0.03557464263583865,0.21323529411764705,4.416607465847048,0.20220588235294118
0.8,10,shallow,0.6,2.0,1.0,12,0.0281987593635591,274,1.5211367094015493,0.05878669521380031,0.7796042833037446,-0.08414134978734389,0.3905109489051095,1.7758107059515826,0.29927007299270075
0.85,10,shallow,0.6,2.0,1.0,12,0.0281987593635591,274,1.5211367094015493,0.05878669521380031,0.7796042833037446,-0.08414134978734389,0.3905109489051095,1.7758107059515826,0.29927007299270075
0.8,10,shallow,0.4,4.0,1.0,24,0.016624676068168656,158,2.4540486683379887,0.0586487243206546,1.0708738799827573,-0.061111317857657,0.2911392405063291,2.9281955776709636,0.15822784810126583
0.85,10,shallow,0.4,4.0,1.0,24,0.016624676068168656,158,2.4540486683379887,0.0586487243206546,1.0708738799827573,-0.061111317857657,0.2911392405063291,2.9281955776709636,0.15822784810126583
0.9,11,deep_slow,0.4,4.0,2.5,24,0.018002548129969136,98,2.3464886117895394,0.058514524728889405,1.1444857446744445,-0.05704946124902255,0.4897959183673469,1.2736434065776627,0.24489795918367346
0.95,11,deep_slow,0.4,4.0,2.5,24,0.018002548129969136,98,2.3464886117895394,0.058514524728889405,1.1444857446744445,-0.05704946124902255,0.4897959183673469,1.2736434065776627,0.24489795918367346
0.9,11,shallow,0.7,2.5,0.75,6,0.02962310272974487,348,1.558726117964695,0.058457658350465236,1.1854789635544964,-0.05502302723526353,0.35344827586206895,2.0759935439330985,0.16379310344827586
0.95,11,shallow,0.7,2.5,0.75,6,0.02962310272974487,348,1.558726117964695,0.058457658350465236,1.1854789635544964,-0.05502302723526353,0.35344827586206895,2.0759935439330985,0.16379310344827586
0.9,11,shallow,0.8,2.5,0.75,6,0.03483165271979253,360,1.4976775361120538,0.058251410395915304,0.9846068747580525,-0.06601394004369465,0.35833333333333334,2.037952399656582,0.15833333333333333
0.95,11,shallow,0.8,2.5,0.75,6,0.03483165271979253,360,1.4976775361120538,0.058251410395915304,0.9846068747580525,-0.06601394004369465,0.35833333333333334,2.037952399656582,0.15833333333333333
0.8,10,shallow,0.5,2.5,1.5,12,0.02225569419366929,202,1.527522832248709,0.05793246900921889,1.3505578726180358,-0.04786228402402248,0.4603960396039604,1.344110895290466,0.26732673267326734
0.85,10,shallow,0.5,2.5,1.5,12,0.02225569419366929,202,1.527522832248709,0.05793246900921889,1.3505578726180358,-0.04786228402402248,0.4603960396039604,1.344110895290466,0.26732673267326734
0.9,11,shallow,0.5,2.5,2.0,24,0.02146249546792225,136,1.7617103491580102,0.05745838001361192,0.9422797913185104,-0.06803727960840844,0.4852941176470588,1.2349083027459882,0.3897058823529412
0.95,11,shallow,0.5,2.5,2.0,24,0.02146249546792225,136,1.7617103491580102,0.05745838001361192,0.9422797913185104,-0.06803727960840844,0.4852941176470588,1.2349083027459882,0.3897058823529412
0.8,10,base,0.7,2.5,1.0,12,0.034786761033208866,268,1.4556645655729796,0.057209976676874774,0.8821783947913393,-0.07235740038078364,0.3656716417910448,1.9603213451195165,0.23880597014925373
0.85,10,base,0.7,2.5,1.0,12,0.034786761033208866,268,1.4556645655729796,0.057209976676874774,0.8821783947913393,-0.07235740038078364,0.3656716417910448,1.9603213451195165,0.23880597014925373
0.8,10,deep_slow,0.6,2.5,2.0,12,0.027441884318986948,185,1.4821407362904029,0.057093401607159366,0.8934772544161456,-0.07129634719612099,0.4972972972972973,1.1596187191634673,0.2972972972972973
0.85,10,deep_slow,0.6,2.5,2.0,12,0.027441884318986948,185,1.4821407362904029,0.057093401607159366,0.8934772544161456,-0.07129634719612099,0.4972972972972973,1.1596187191634673,0.2972972972972973
0.8,10,base,0.5,1.5,1.0,6,0.023983485622980496,327,1.4045109053096354,0.05696849950662353,1.9707798643883807,-0.032252143984662696,0.4648318042813456,1.3002307640668502,0.3577981651376147
0.85,10,base,0.5,1.5,1.0,6,0.023983485622980496,327,1.4045109053096354,0.05696849950662353,1.9707798643883807,-0.032252143984662696,0.4648318042813456,1.3002307640668502,0.3577981651376147
0.8,10,shallow,0.4,2.5,2.0,12,0.016624676068168656,168,1.593342911387222,0.0569033162802679,1.2216332160229122,-0.05197052907810917,0.49404761904761907,1.1959879001012146,0.2916666666666667
0.85,10,shallow,0.4,2.5,2.0,12,0.016624676068168656,168,1.593342911387222,0.0569033162802679,1.2216332160229122,-0.05197052907810917,0.49404761904761907,1.1959879001012146,0.2916666666666667
0.9,11,deep_slow,0.4,3.0,2.5,24,0.018002548129969136,107,2.328772698688336,0.0568349241766295,1.2470532817700688,-0.05084977793790091,0.5233644859813084,1.1014226499030062,0.35514018691588783
0.95,11,deep_slow,0.4,3.0,2.5,24,0.018002548129969136,107,2.328772698688336,0.0568349241766295,1.2470532817700688,-0.05084977793790091,0.5233644859813084,1.1014226499030062,0.35514018691588783
0.8,10,shallow,0.5,1.5,1.0,24,0.02225569419366929,291,1.4864992221204996,0.05680821331159125,1.588054463076447,-0.03991203714087688,0.43986254295532645,1.439363927118827,0.4329896907216495
0.85,10,shallow,0.5,1.5,1.0,24,0.02225569419366929,291,1.4864992221204996,0.05680821331159125,1.588054463076447,-0.03991203714087688,0.43986254295532645,1.439363927118827,0.4329896907216495
0.9,11,shallow,0.7,2.5,1.0,6,0.02962310272974487,314,1.428321058776929,0.05661255441151325,1.2397715569240533,-0.05094770665621062,0.42038216560509556,1.5537169867006064,0.17197452229299362
0.95,11,shallow,0.7,2.5,1.0,6,0.02962310272974487,314,1.428321058776929,0.05661255441151325,1.2397715569240533,-0.05094770665621062,0.42038216560509556,1.5537169867006064,0.17197452229299362
0.9,11,shallow,0.7,3.0,2.5,24,0.02962310272974487,125,2.0085684420102603,0.056593188625255086,0.862424043157316,-0.07321438355760479,0.512,1.120304388758834,0.352
0.95,11,shallow,0.7,3.0,2.5,24,0.02962310272974487,125,2.0085684420102603,0.056593188625255086,0.862424043157316,-0.07321438355760479,0.512,1.120304388758834,0.352
0.9,11,deep_slow,0.6,2.5,0.5,24,0.026270004931272684,328,1.5601421545391827,0.05609732756847707,1.366844968143265,-0.04578933687332709,0.2073170731707317,4.39975190846061,0.1951219512195122
0.95,11,deep_slow,0.6,2.5,0.5,24,0.026270004931272684,328,1.5601421545391827,0.05609732756847707,1.366844968143265,-0.04578933687332709,0.2073170731707317,4.39975190846061,0.1951219512195122
0.9,11,base,0.8,2.5,1.0,24,0.03626824368319925,236,1.507951727754817,0.056044361684387534,0.8181585087455248,-0.07642486320028286,0.326271186440678,2.3388467256193386,0.288135593220339
0.95,11,base,0.8,2.5,1.0,24,0.03626824368319925,236,1.507951727754817,0.056044361684387534,0.8181585087455248,-0.07642486320028286,0.326271186440678,2.3388467256193386,0.288135593220339
0.9,11,shallow,0.6,4.0,2.5,24,0.025504051782762147,108,2.0574847900762947,0.05600799194685946,0.8724357332563214,-0.07162355872673742,0.48148148148148145,1.2725024330285017,0.23148148148148148
0.95,11,shallow,0.6,4.0,2.5,24,0.025504051782762147,108,2.0574847900762947,0.05600799194685946,0.8724357332563214,-0.07162355872673742,0.48148148148148145,1.2725024330285017,0.23148148148148148
0.8,10,base,0.5,2.0,1.0,6,0.023983485622980496,294,1.4488268655616354,0.055979331987388914,1.9616519454118309,-0.031837900628354676,0.43537414965986393,1.4790048877173667,0.23129251700680273
0.85,10,base,0.5,2.0,1.0,6,0.023983485622980496,294,1.4488268655616354,0.055979331987388914,1.9616519454118309,-0.031837900628354676,0.43537414965986393,1.4790048877173667,0.23129251700680273
0.8,10,shallow,0.6,2.0,1.5,12,0.0281987593635591,226,1.4494451581402898,0.05590478556231626,0.9792151013177844,-0.06369535969130813,0.4823008849557522,1.2171482026356628,0.35398230088495575
0.85,10,shallow,0.6,2.0,1.5,12,0.0281987593635591,226,1.4494451581402898,0.05590478556231626,0.9792151013177844,-0.06369535969130813,0.4823008849557522,1.2171482026356628,0.35398230088495575
0.9,11,shallow,0.8,2.5,1.5,12,0.03483165271979253,221,1.4482479624715938,0.05589031634443753,0.6238925650142867,-0.09994551915536731,0.4434389140271493,1.418330920070069,0.248868778280543
0.95,11,shallow,0.8,2.5,1.5,12,0.03483165271979253,221,1.4482479624715938,0.05589031634443753,0.6238925650142867,-0.09994551915536731,0.4434389140271493,1.418330920070069,0.248868778280543
0.9,11,shallow,0.6,3.0,2.5,24,0.025504051782762147,118,1.9865722855189651,0.05559596832943314,0.9591441596349363,-0.06466794463206682,0.5084745762711864,1.1447323701346197,0.3474576271186441
0.95,11,shallow,0.6,3.0,2.5,24,0.025504051782762147,118,1.9865722855189651,0.05559596832943314,0.9591441596349363,-0.06466794463206682,0.5084745762711864,1.1447323701346197,0.3474576271186441
0.9,11,shallow,0.8,3.0,0.5,24,0.03483165271979253,318,1.7447677792495704,0.055516653770070645,0.9258417044862993,-0.06689818284145554,0.18553459119496854,5.029101423168705,0.16037735849056603
0.95,11,shallow,0.8,3.0,0.5,24,0.03483165271979253,318,1.7447677792495704,0.055516653770070645,0.9258417044862993,-0.06689818284145554,0.18553459119496854,5.029101423168705,0.16037735849056603
0.9,11,shallow,0.6,4.0,1.0,24,0.025504051782762147,171,1.9881498269037612,0.055407915977842226,0.9569125120771089,-0.06459885244975072,0.28654970760233917,2.9182528989476118,0.15789473684210525
0.95,11,shallow,0.6,4.0,1.0,24,0.025504051782762147,171,1.9881498269037612,0.055407915977842226,0.9569125120771089,-0.06459885244975072,0.28654970760233917,2.9182528989476118,0.15789473684210525
0.8,10,base,0.7,3.0,2.0,12,0.034786761033208866,183,1.6700930276830481,0.0553434542481146,1.1037933866142255,-0.05593738737052967,0.4808743169398907,1.2382355600733557,0.22404371584699453
0.85,10,base,0.7,3.0,2.0,12,0.034786761033208866,183,1.6700930276830481,0.0553434542481146,1.1037933866142255,-0.05593738737052967,0.4808743169398907,1.2382355600733557,0.22404371584699453
0.9,11,deep_slow,0.4,2.5,1.0,6,0.018002548129969136,263,1.488067162839764,0.05520077519708644,1.328978493258047,-0.04633909736330222,0.42585551330798477,1.5472724587929914,0.1634980988593156
0.95,11,deep_slow,0.4,2.5,1.0,6,0.018002548129969136,263,1.488067162839764,0.05520077519708644,1.328978493258047,-0.04633909736330222,0.42585551330798477,1.5472724587929914,0.1634980988593156
0.9,11,shallow,0.7,4.0,1.0,24,0.02962310272974487,182,1.9330690550702732,0.055189029820270186,0.8391897004563742,-0.07336901426586506,0.27472527472527475,3.0614165612173165,0.16483516483516483
0.95,11,shallow,0.7,4.0,1.0,24,0.02962310272974487,182,1.9330690550702732,0.055189029820270186,0.8391897004563742,-0.07336901426586506,0.27472527472527475,3.0614165612173165,0.16483516483516483
0.8,10,shallow,0.6,2.5,1.0,24,0.0281987593635591,231,1.4364053699297563,0.0550951994818043,0.7819415304490779,-0.07860629759974502,0.3246753246753247,2.3554506722118695,0.2987012987012987
0.85,10,shallow,0.6,2.5,1.0,24,0.0281987593635591,231,1.4364053699297563,0.0550951994818043,0.7819415304490779,-0.07860629759974502,0.3246753246753247,2.3554506722118695,0.2987012987012987
0.9,11,shallow,0.8,3.0,2.5,12,0.03483165271979253,168,1.8428208834673314,0.05504129738173469,0.9251736406771618,-0.06637155674708162,0.5119047619047619,1.102454640933271,0.2261904761904762
0.95,11,shallow,0.8,3.0,2.5,12,0.03483165271979253,168,1.8428208834673314,0.05504129738173469,0.9251736406771618,-0.06637155674708162,0.5119047619047619,1.102454640933271,0.2261904761904762
0.8,10,shallow,0.7,2.5,1.0,6,0.034650808039162956,322,1.3365804392005587,0.054929721713566915,0.8205733972577324,-0.07467993514747273,0.422360248447205,1.5347233228608568,0.15527950310559005
0.85,10,shallow,0.7,2.5,1.0,6,0.034650808039162956,322,1.3365804392005587,0.054929721713566915,0.8205733972577324,-0.07467993514747273,0.422360248447205,1.5347233228608568,0.15527950310559005
0.9,11,shallow,0.7,2.5,1.0,24,0.02962310272974487,225,1.5122727466446815,0.05492441541424564,0.9148619463859506,-0.06697669624221025,0.3288888888888889,2.3214029729545054,0.28
0.95,11,shallow,0.7,2.5,1.0,24,0.02962310272974487,225,1.5122727466446815,0.05492441541424564,0.9148619463859506,-0.06697669624221025,0.3288888888888889,2.3214029729545054,0.28
0.9,11,shallow,0.6,3.0,1.0,24,0.025504051782762147,191,1.890623413470719,0.05483821117092447,1.0133843465650096,-0.06036996171712683,0.3036649214659686,2.6611705596316293,0.23036649214659685
0.95,11,shallow,0.6,3.0,1.0,24,0.025504051782762147,191,1.890623413470719,0.05483821117092447,1.0133843465650096,-0.06036996171712683,0.3036649214659686,2.6611705596316293,0.23036649214659685
0.9,11,shallow,0.6,2.0,1.0,12,0.025504051782762147,258,1.4942996657753784,0.05450506187412607,1.2988804852670603,-0.0468135541362914,0.3953488372093023,1.7379235591195896,0.31007751937984496
0.95,11,shallow,0.6,2.0,1.0,12,0.025504051782762147,258,1.4942996657753784,0.05450506187412607,1.2988804852670603,-0.0468135541362914,0.3953488372093023,1.7379235591195896,0.31007751937984496
0.8,10,shallow,0.5,1.5,1.0,12,0.02225569419366929,297,1.4190074805437285,0.054237544303924246,1.6689731813675583,-0.036253365546769056,0.4444444444444444,1.4040994166256653,0.4208754208754209
0.85,10,shallow,0.5,1.5,1.0,12,0.02225569419366929,297,1.4190074805437285,0.054237544303924246,1.6689731813675583,-0.036253365546769056,0.4444444444444444,1.4040994166256653,0.4208754208754209
0.9,11,deep_slow,0.5,2.5,1.0,24,0.02227660444433337,218,1.519275272388343,0.05419381068384799,0.7971952000622884,-0.07583708914919407,0.3302752293577982,2.3088659761902934,0.2981651376146789
0.95,11,deep_slow,0.5,2.5,1.0,24,0.02227660444433337,218,1.519275272388343,0.05419381068384799,0.7971952000622884,-0.07583708914919407,0.3302752293577982,2.3088659761902934,0.2981651376146789
0.8,10,shallow,0.6,3.0,0.5,24,0.0281987593635591,300,1.791452137245107,0.05405959777916691,1.080621111264061,-0.05580753521940918,0.18333333333333332,5.149322747546684,0.16333333333333333
0.85,10,shallow,0.6,3.0,0.5,24,0.0281987593635591,300,1.791452137245107,0.05405959777916691,1.080621111264061,-0.05580753521940918,0.18333333333333332,5.149322747546684,0.16333333333333333
0.9,11,shallow,0.7,2.5,1.5,12,0.02962310272974487,212,1.4613619993219216,0.05405645471226728,0.6404648158777643,-0.0941554987382689,0.44339622641509435,1.4185438702016968,0.25943396226415094
0.95,11,shallow,0.7,2.5,1.5,12,0.02962310272974487,212,1.4613619993219216,0.05405645471226728,0.6404648158777643,-0.0941554987382689,0.44339622641509435,1.4185438702016968,0.25943396226415094
0.9,11,deep_slow,0.6,2.5,1.0,6,0.026270004931272684,298,1.3910131325462587,0.05402913296543188,1.1989533946140543,-0.050271108160810596,0.4161073825503356,1.5846871218094944,0.1610738255033557
0.95,11,deep_slow,0.6,2.5,1.0,6,0.026270004931272684,298,1.3910131325462587,0.05402913296543188,1.1989533946140543,-0.050271108160810596,0.4161073825503356,1.5846871218094944,0.1610738255033557
0.9,11,base,0.6,3.0,2.0,24,0.02585215857847287,138,1.7775442791887024,0.05367309752576044,0.9141110762562836,-0.06550011528041311,0.47101449275362317,1.290838208665592,0.3115942028985507
0.95,11,base,0.6,3.0,2.0,24,0.02585215857847287,138,1.7775442791887024,0.05367309752576044,0.9141110762562836,-0.06550011528041311,0.47101449275362317,1.290838208665592,0.3115942028985507
0.9,11,shallow,0.8,2.5,2.0,24,0.03483165271979253,154,1.4913685673428363,0.053634369400452186,0.7659675657835153,-0.078111731049337,0.4935064935064935,1.164867981722514,0.3961038961038961
0.95,11,shallow,0.8,2.5,2.0,24,0.03483165271979253,154,1.4913685673428363,0.053634369400452186,0.7659675657835153,-0.078111731049337,0.4935064935064935,1.164867981722514,0.3961038961038961
0.8,10,base,0.5,1.5,0.5,12,0.023983485622980496,400,1.4367333595240572,0.05297194090896973,1.7523223571486302,-0.033720945205214736,0.3025,2.608848230478013,0.295
0.85,10,base,0.5,1.5,0.5,12,0.023983485622980496,400,1.4367333595240572,0.05297194090896973,1.7523223571486302,-0.033720945205214736,0.3025,2.608848230478013,0.295
0.8,10,shallow,0.4,2.5,1.0,24,0.016624676068168656,205,1.4782219369527554,0.05284993361115342,0.8835224140162949,-0.06672550273674671,0.33170731707317075,2.3106480900248454,0.2926829268292683
0.85,10,shallow,0.4,2.5,1.0,24,0.016624676068168656,205,1.4782219369527554,0.05284993361115342,0.8835224140162949,-0.06672550273674671,0.33170731707317075,2.3106480900248454,0.2926829268292683
0.8,10,base,0.6,3.0,0.5,24,0.028890652717152483,295,1.783084555397287,0.05283657541133713,1.3805105097800343,-0.04269328860278454,0.18983050847457628,4.898073870890105,0.16271186440677965
0.85,10,base,0.6,3.0,0.5,24,0.028890652717152483,295,1.783084555397287,0.05283657541133713,1.3805105097800343,-0.04269328860278454,0.18983050847457628,4.898073870890105,0.16271186440677965
0.9,11,shallow,0.5,2.0,1.0,12,0.02146249546792225,240,1.4724638226109867,0.05283029829165753,1.2886772050367183,-0.04573023505001128,0.3958333333333333,1.7398596184270665,0.30416666666666664
0.95,11,shallow,0.5,2.0,1.0,12,0.02146249546792225,240,1.4724638226109867,0.05283029829165753,1.2886772050367183,-0.04573023505001128,0.3958333333333333,1.7398596184270665,0.30416666666666664
0.8,10,shallow,0.5,2.0,1.0,24,0.02225569419366929,240,1.446315128986247,0.05279579775108045,1.0477656663023809,-0.05620809901536428,0.36666666666666664,1.9542485188616319,0.35833333333333334
0.85,10,shallow,0.5,2.0,1.0,24,0.02225569419366929,240,1.446315128986247,0.05279579775108045,1.0477656663023809,-0.05620809901536428,0.36666666666666664,1.9542485188616319,0.35833333333333334
0.8,10,base,0.5,3.0,2.0,12,0.023983485622980496,165,1.7468069531164145,0.052711154426679396,1.035815509088618,-0.056765154934352746,0.47878787878787876,1.2652181148859112,0.22424242424242424
0.85,10,base,0.5,3.0,2.0,12,0.023983485622980496,165,1.7468069531164145,0.052711154426679396,1.035815509088618,-0.056765154934352746,0.47878787878787876,1.2652181148859112,0.22424242424242424
0.9,11,shallow,0.5,1.5,1.0,12,0.02146249546792225,283,1.4074240919330339,0.05270691841480191,1.5875668750084087,-0.037033708676956656,0.44876325088339225,1.3819839231464335,0.4169611307420495
0.95,11,shallow,0.5,1.5,1.0,12,0.02146249546792225,283,1.4074240919330339,0.05270691841480191,1.5875668750084087,-0.037033708676956656,0.44876325088339225,1.3819839231464335,0.4169611307420495
0.8,10,shallow,0.4,1.5,1.0,12,0.016624676068168656,279,1.3798897175127258,0.05267698318014191,1.4448996388787188,-0.040667185431315755,0.4444444444444444,1.408883689490374,0.4265232974910394
0.85,10,shallow,0.4,1.5,1.0,12,0.016624676068168656,279,1.3798897175127258,0.05267698318014191,1.4448996388787188,-0.040667185431315755,0.4444444444444444,1.408883689490374,0.4265232974910394
0.9,11,shallow,0.7,2.0,1.0,12,0.02962310272974487,273,1.4107689281509919,0.052523818878245976,0.8288995993262299,-0.07068246039950232,0.3882783882783883,1.770918341116487,0.2967032967032967
0.95,11,shallow,0.7,2.0,1.0,12,0.02962310272974487,273,1.4107689281509919,0.052523818878245976,0.8288995993262299,-0.07068246039950232,0.3882783882783883,1.770918341116487,0.2967032967032967
0.8,10,base,0.5,1.5,0.5,24,0.023983485622980496,398,1.4164381194644775,0.05226213087722886,1.724877313325246,-0.03379714592387162,0.2989949748743719,2.6484491206596807,0.2989949748743719
0.85,10,base,0.5,1.5,0.5,24,0.023983485622980496,398,1.4164381194644775,0.05226213087722886,1.724877313325246,-0.03379714592387162,0.2989949748743719,2.6484491206596807,0.2989949748743719
0.8,10,base,0.5,4.0,1.5,24,0.023983485622980496,135,2.112204814600345,0.05219577185618807,0.7933151135923822,-0.0733903831738093,0.37777777777777777,1.9058969725645953,0.18518518518518517
0.85,10,base,0.5,4.0,1.5,24,0.023983485622980496,135,2.112204814600345,0.05219577185618807,0.7933151135923822,-0.0733903831738093,0.37777777777777777,1.9058969725645953,0.18518518518518517
0.8,10,shallow,0.8,2.5,1.0,6,0.04189406605295098,332,1.2706326945606088,0.05198719991013978,0.7425251036410172,-0.07809620430580833,0.4126506024096386,1.5903640134121828,0.1536144578313253
0.85,10,shallow,0.8,2.5,1.0,6,0.04189406605295098,332,1.2706326945606088,0.05198719991013978,0.7425251036410172,-0.07809620430580833,0.4126506024096386,1.5903640134121828,0.1536144578313253
0.9,11,base,0.8,2.5,1.0,12,0.03626824368319925,270,1.3020162216662567,0.0518596132954765,0.7074791233783024,-0.08176308647200248,0.35185185185185186,2.054138743183144,0.23703703703703705
0.95,11,base,0.8,2.5,1.0,12,0.03626824368319925,270,1.3020162216662567,0.0518596132954765,0.7074791233783024,-0.08176308647200248,0.35185185185185186,2.054138743183144,0.23703703703703705
0.9,11,deep_slow,0.6,3.0,2.0,12,0.026270004931272684,166,1.8774527952210531,0.05164297342865365,1.0184666055322036,-0.05655890188705115,0.4939759036144578,1.1774092995798704,0.2289156626506024
0.95,11,deep_slow,0.6,3.0,2.0,12,0.026270004931272684,166,1.8774527952210531,0.05164297342865365,1.0184666055322036,-0.05655890188705115,0.4939759036144578,1.1774092995798704,0.2289156626506024
0.8,10,base,0.5,3.0,0.5,24,0.023983485622980496,280,1.759079936820133,0.05107926512077565,1.4860530838607333,-0.03833836093853327,0.19285714285714287,4.841909493136312,0.16428571428571428
0.85,10,base,0.5,3.0,0.5,24,0.023983485622980496,280,1.759079936820133,0.05107926512077565,1.4860530838607333,-0.03833836093853327,0.19285714285714287,4.841909493136312,0.16428571428571428
0.8,10,shallow,0.4,1.5,1.0,24,0.016624676068168656,275,1.3434207204806479,0.05106937592924088,1.3521742103390688,-0.042126065005186786,0.44,1.4303459165599022,0.43272727272727274
0.85,10,shallow,0.4,1.5,1.0,24,0.016624676068168656,275,1.3434207204806479,0.05106937592924088,1.3521742103390688,-0.042126065005186786,0.44,1.4303459165599022,0.43272727272727274
0.8,10,base,0.8,2.5,1.5,12,0.041557390516231536,223,1.2910038577855159,0.051065865686640066,0.6113669519255903,-0.09316475544788061,0.4484304932735426,1.371668637936262,0.24663677130044842
0.85,10,base,0.8,2.5,1.5,12,0.041557390516231536,223,1.2910038577855159,0.051065865686640066,0.6113669519255903,-0.09316475544788061,0.4484304932735426,1.371668637936262,0.24663677130044842
0.8,10,shallow,0.7,2.5,1.0,12,0.034650808039162956,268,1.296068454010785,0.05105373090081411,0.7047500741735484,-0.08080067276416203,0.35447761194029853,2.0332818186752686,0.23507462686567165
0.85,10,shallow,0.7,2.5,1.0,12,0.034650808039162956,268,1.296068454010785,0.05105373090081411,0.7047500741735484,-0.08080067276416203,0.35447761194029853,2.0332818186752686,0.23507462686567165
0.8,10,base,0.7,2.5,1.5,12,0.034786761033208866,220,1.314293578967155,0.05089830646798488,0.6725712199353104,-0.08440807727814104,0.45,1.3648223491775828,0.2590909090909091
0.85,10,base,0.7,2.5,1.5,12,0.034786761033208866,220,1.314293578967155,0.05089830646798488,0.6725712199353104,-0.08440807727814104,0.45,1.3648223491775828,0.2590909090909091
0.9,11,shallow,0.5,4.0,2.5,24,0.02146249546792225,106,1.8896551556355434,0.05077462773880792,0.754527570921191,-0.07505638966488126,0.4811320754716981,1.2574492434164575,0.2358490566037736
0.95,11,shallow,0.5,4.0,2.5,24,0.02146249546792225,106,1.8896551556355434,0.05077462773880792,0.754527570921191,-0.07505638966488126,0.4811320754716981,1.2574492434164575,0.2358490566037736
0.9,11,shallow,0.6,2.5,1.0,12,0.025504051782762147,243,1.3565372600546135,0.05067669284898724,0.9813236948237148,-0.05759830519207909,0.35390946502057613,2.0599609031686934,0.23868312757201646
0.95,11,shallow,0.6,2.5,1.0,12,0.025504051782762147,243,1.3565372600546135,0.05067669284898724,0.9813236948237148,-0.05759830519207909,0.35390946502057613,2.0599609031686934,0.23868312757201646
0.9,11,deep_slow,0.7,3.0,2.0,12,0.03059831863119774,177,1.7061084451228392,0.050638145668159495,0.7816323278388987,-0.07225835919552392,0.4858757062146893,1.2035101632391736,0.22598870056497175
0.95,11,deep_slow,0.7,3.0,2.0,12,0.03059831863119774,177,1.7061084451228392,0.050638145668159495,0.7816323278388987,-0.07225835919552392,0.4858757062146893,1.2035101632391736,0.22598870056497175
0.9,11,shallow,0.7,4.0,2.5,24,0.02962310272974487,109,1.9726358435279456,0.050599661947959396,0.7154571200481776,-0.07888163652667302,0.46788990825688076,1.3194473837282776,0.23853211009174313
0.95,11,shallow,0.7,4.0,2.5,24,0.02962310272974487,109,1.9726358435279456,0.050599661947959396,0.7154571200481776,-0.07888163652667302,0.46788990825688076,1.3194473837282776,0.23853211009174313
0.9,11,shallow,0.8,3.0,2.5,24,0.03483165271979253,129,1.7909502627962266,0.05047080301110074,0.7321150801350439,-0.07688997636965245,0.4883720930232558,1.2037950566863989,0.3488372093023256
0.95,11,shallow,0.8,3.0,2.5,24,0.03483165271979253,129,1.7909502627962266,0.05047080301110074,0.7321150801350439,-0.07688997636965245,0.4883720930232558,1.2037950566863989,0.3488372093023256
0.9,11,base,0.6,3.0,2.0,12,0.02585215857847287,176,1.5669869509430912,0.0504299606712133,1.0704242490191311,-0.05254611257670927,0.48863636363636365,1.1870410378623093,0.22727272727272727
0.95,11,base,0.6,3.0,2.0,12,0.02585215857847287,176,1.5669869509430912,0.0504299606712133,1.0704242490191311,-0.05254611257670927,0.48863636363636365,1.1870410378623093,0.22727272727272727
0.9,11,shallow,0.5,2.5,1.0,24,0.02146249546792225,205,1.4556573778094695,0.0504178334189751,0.8053697208780072,-0.06982267714099566,0.33170731707317075,2.292278670499973,0.28292682926829266
0.95,11,shallow,0.5,2.5,1.0,24,0.02146249546792225,205,1.4556573778094695,0.0504178334189751,0.8053697208780072,-0.06982267714099566,0.33170731707317075,2.292278670499973,0.28292682926829266
0.9,11,base,0.6,2.5,2.0,24,0.02585215857847287,146,1.5211623260226743,0.050382338561477,0.7664445151970214,-0.07331694807862743,0.4863013698630137,1.1978318518207423,0.3904109589041096
0.95,11,base,0.6,2.5,2.0,24,0.02585215857847287,146,1.5211623260226743,0.050382338561477,0.7664445151970214,-0.07331694807862743,0.4863013698630137,1.1978318518207423,0.3904109589041096
0.9,11,base,0.8,2.5,1.5,12,0.03626824368319925,221,1.2838318607015102,0.050375280650015286,0.6496669005657603,-0.08648351818659716,0.4343891402714932,1.4510029472219392,0.26244343891402716
0.95,11,base,0.8,2.5,1.5,12,0.03626824368319925,221,1.2838318607015102,0.050375280650015286,0.6496669005657603,-0.08648351818659716,0.4343891402714932,1.4510029472219392,0.26244343891402716
0.8,10,shallow,0.4,2.5,0.75,24,0.016624676068168656,246,1.4060847621102923,0.05034942231323236,1.0492206585700314,-0.05352216336142546,0.27235772357723576,3.0378919089331857,0.25609756097560976
0.85,10,shallow,0.4,2.5,0.75,24,0.016624676068168656,246,1.4060847621102923,0.05034942231323236,1.0492206585700314,-0.05352216336142546,0.27235772357723576,3.0378919089331857,0.25609756097560976
0.9,11,base,0.7,4.0,1.0,24,0.030935384207832782,186,1.634653695577106,0.05009635758428832,0.6933674119673632,-0.08058287357644622,0.27956989247311825,2.9337633435143866,0.16666666666666666
0.95,11,base,0.7,4.0,1.0,24,0.030935384207832782,186,1.634653695577106,0.05009635758428832,0.6933674119673632,-0.08058287357644622,0.27956989247311825,2.9337633435143866,0.16666666666666666
0.9,11,deep_slow,0.7,3.0,2.5,12,0.03059831863119774,163,1.7790162547014423,0.05003995313561749,0.8672933826286847,-0.06435014886316415,0.49693251533742333,1.16075592952664,0.22699386503067484
0.95,11,deep_slow,0.7,3.0,2.5,12,0.03059831863119774,163,1.7790162547014423,0.05003995313561749,0.8672933826286847,-0.06435014886316415,0.49693251533742333,1.16075592952664,0.22699386503067484
0.9,11,shallow,0.7,2.5,1.5,24,0.02962310272974487,179,1.4406245754405285,0.04998514820975042,0.7237487758636701,-0.07702834065942443,0.41899441340782123,1.5481263529366558,0.3407821229050279
0.95,11,shallow,0.7,2.5,1.5,24,0.02962310272974487,179,1.4406245754405285,0.04998514820975042,0.7237487758636701,-0.07702834065942443,0.41899441340782123,1.5481263529366558,0.3407821229050279
0.8,10,base,0.8,2.5,0.75,6,0.041557390516231536,380,1.224492665856212,0.0497739112714739,0.8325941843978979,-0.06667465986397558,0.3394736842105263,2.161602977361076,0.15526315789473685
0.85,10,base,0.8,2.5,0.75,6,0.041557390516231536,380,1.224492665856212,0.0497739112714739,0.8325941843978979,-0.06667465986397558,0.3394736842105263,2.161602977361076,0.15526315789473685
0.9,11,base,0.7,2.5,0.75,6,0.030935384207832782,358,1.2947407164087934,0.04954106439429595,1.2248679260096031,-0.04510897766502797,0.33798882681564246,2.1716718627999745,0.1564245810055866
0.95,11,base,0.7,2.5,0.75,6,0.030935384207832782,358,1.2947407164087934,0.04954106439429595,1.2248679260096031,-0.04510897766502797,0.33798882681564246,2.1716718627999745,0.1564245810055866
0.9,11,shallow,0.6,2.5,2.0,12,0.025504051782762147,181,1.437265889368458,0.04933032404158233,0.9387410318100448,-0.05860708265203407,0.49171270718232046,1.170005242318993,0.287292817679558
0.95,11,shallow,0.6,2.5,2.0,12,0.025504051782762147,181,1.437265889368458,0.04933032404158233,0.9387410318100448,-0.05860708265203407,0.49171270718232046,1.170005242318993,0.287292817679558
0.9,11,shallow,0.7,2.5,0.5,12,0.02962310272974487,363,1.3667679494513625,0.04920451713671814,0.9968281003581104,-0.05505080407922025,0.22038567493112948,3.979742776386978,0.1652892561983471
0.95,11,shallow,0.7,2.5,0.5,12,0.02962310272974487,363,1.3667679494513625,0.04920451713671814,0.9968281003581104,-0.05505080407922025,0.22038567493112948,3.979742776386978,0.1652892561983471
0.9,11,deep_slow,0.5,2.5,0.75,6,0.02227660444433337,316,1.2531259286202556,0.0487606432196821,1.0388931954681655,-0.05234401141635825,0.3291139240506329,2.282990454409251,0.16139240506329114
0.95,11,deep_slow,0.5,2.5,0.75,6,0.02227660444433337,316,1.2531259286202556,0.0487606432196821,1.0388931954681655,-0.05234401141635825,0.3291139240506329,2.282990454409251,0.16139240506329114
0.9,11,shallow,0.5,1.5,1.0,24,0.02146249546792225,275,1.3011642946113626,0.04859127081573145,1.2992143446002162,-0.04171016673926753,0.44,1.4199234978877429,0.43272727272727274
0.95,11,shallow,0.5,1.5,1.0,24,0.02146249546792225,275,1.3011642946113626,0.04859127081573145,1.2992143446002162,-0.04171016673926753,0.44,1.4199234978877429,0.43272727272727274
0.8,10,base,0.4,2.5,2.0,12,0.018576634829056745,165,1.4719115216957246,0.0484833329609653,0.969385050024165,-0.05577737538146876,0.509090909090909,1.1093601974811969,0.2727272727272727
0.85,10,base,0.4,2.5,2.0,12,0.018576634829056745,165,1.4719115216957246,0.0484833329609653,0.969385050024165,-0.05577737538146876,0.509090909090909,1.1093601974811969,0.2727272727272727
0.8,10,shallow,0.5,3.0,0.5,24,0.02225569419366929,286,1.5786985110822065,0.04819253352672748,1.102790763613987,-0.04873508073020971,0.1853146853146853,5.031897370605375,0.16083916083916083
0.85,10,shallow,0.5,3.0,0.5,24,0.02225569419366929,286,1.5786985110822065,0.04819253352672748,1.102790763613987,-0.04873508073020971,0.1853146853146853,5.031897370605375,0.16083916083916083
0.9,11,shallow,0.7,1.5,0.5,12,0.02962310272974487,441,1.2591657262801794,0.04800099033081695,1.246863488943353,-0.04293206848596276,0.2925170068027211,2.6807889245284633,0.2811791383219955
0.95,11,shallow,0.7,1.5,0.5,12,0.02962310272974487,441,1.2591657262801794,0.04800099033081695,1.246863488943353,-0.04293206848596276,0.2925170068027211,2.6807889245284633,0.2811791383219955
0.9,11,base,0.5,2.5,2.0,12,0.02143757519805179,171,1.4938322994312847,0.04772028946514251,1.0277780394501055,-0.05177828039409493,0.5029239766081871,1.1237188641705984,0.2807017543859649
0.95,11,base,0.5,2.5,2.0,12,0.02143757519805179,171,1.4938322994312847,0.04772028946514251,1.0277780394501055,-0.05177828039409493,0.5029239766081871,1.1237188641705984,0.2807017543859649
0.9,11,shallow,0.8,2.5,1.0,12,0.03483165271979253,263,1.2389672222303059,0.04747212008329438,0.5467794663127955,-0.09681985994236708,0.35361216730038025,2.0298007334451174,0.22813688212927757
0.95,11,shallow,0.8,2.5,1.0,12,0.03483165271979253,263,1.2389672222303059,0.04747212008329438,0.5467794663127955,-0.09681985994236708,0.35361216730038025,2.0298007334451174,0.22813688212927757
0.9,11,deep_slow,0.8,2.5,2.0,12,0.03592704925670819,195,1.2354359470272105,0.047316573561468456,0.8123593493076992,-0.06495303448036638,0.5025641025641026,1.1022018283975716,0.28205128205128205
0.95,11,deep_slow,0.8,2.5,2.0,12,0.03592704925670819,195,1.2354359470272105,0.047316573561468456,0.8123593493076992,-0.06495303448036638,0.5025641025641026,1.1022018283975716,0.28205128205128205
0.9,11,shallow,0.5,2.5,1.0,6,0.02146249546792225,279,1.2463409657315172,0.04695015086719567,1.00533504025395,-0.052077706073758834,0.40860215053763443,1.6174377184669044,0.16129032258064516
0.95,11,shallow,0.5,2.5,1.0,6,0.02146249546792225,279,1.2463409657315172,0.04695015086719567,1.00533504025395,-0.052077706073758834,0.40860215053763443,1.6174377184669044,0.16129032258064516
0.8,10,base,0.7,1.5,0.5,12,0.034786761033208866,467,1.1779866740538183,0.04687666722436412,1.131426641712831,-0.04620130702599379,0.2955032119914347,2.645944594738136,0.284796573875803
0.85,10,base,0.7,1.5,0.5,12,0.034786761033208866,467,1.1779866740538183,0.04687666722436412,1.131426641712831,-0.04620130702599379,0.2955032119914347,2.645944594738136,0.284796573875803
0.9,11,base,0.5,4.0,1.0,24,0.02143757519805179,170,1.6134445099854597,0.04659559262069424,0.634436703484346,-0.08189809980043428,0.3,2.673448518205126,0.17058823529411765
0.95,11,base,0.5,4.0,1.0,24,0.02143757519805179,170,1.6134445099854597,0.04659559262069424,0.634436703484346,-0.08189809980043428,0.3,2.673448518205126,0.17058823529411765
0.9,11,deep_slow,0.6,3.0,2.5,24,0.026270004931272684,117,1.7563909435757121,0.04649448314828053,0.7985728556273788,-0.06492347744326787,0.5213675213675214,1.0593929460458165,0.3418803418803419
0.95,11,deep_slow,0.6,3.0,2.5,24,0.026270004931272684,117,1.7563909435757121,0.04649448314828053,0.7985728556273788,-0.06492347744326787,0.5213675213675214,1.0593929460458165,0.3418803418803419
0.8,10,shallow,0.6,1.5,1.0,12,0.0281987593635591,323,1.1436408820673298,0.04641203468834254,0.8562127551061302,-0.06044520532002717,0.43343653250773995,1.43125632975915,0.4148606811145511
0.85,10,shallow,0.6,1.5,1.0,12,0.0281987593635591,323,1.1436408820673298,0.04641203468834254,0.8562127551061302,-0.06044520532002717,0.43343653250773995,1.43125632975915,0.4148606811145511
0.8,10,base,0.7,2.5,1.0,6,0.034786761033208866,325,1.1338542386809767,0.046380606570869176,0.8531482145267666,-0.0606211452010782,0.40307692307692305,1.6368111912323933,0.15692307692307692
0.85,10,base,0.7,2.5,1.0,6,0.034786761033208866,325,1.1338542386809767,0.046380606570869176,0.8531482145267666,-0.0606211452010782,0.40307692307692305,1.6368111912323933,0.15692307692307692
0.8,10,base,0.6,1.5,0.75,12,0.028890652717152483,366,1.1696018370527919,0.04628758730431248,1.3856761423708626,-0.037248844227522615,0.3797814207650273,1.810070684285626,0.366120218579235
0.85,10,base,0.6,1.5,0.75,12,0.028890652717152483,366,1.1696018370527919,0.04628758730431248,1.3856761423708626,-0.037248844227522615,0.3797814207650273,1.810070684285626,0.366120218579235
0.8,10,base,0.6,2.5,2.0,12,0.028890652717152483,181,1.3146823101884761,0.04618511056299246,0.8778969274480852,-0.05866323797726858,0.48066298342541436,1.2132669666736244,0.27624309392265195
0.85,10,base,0.6,2.5,2.0,12,0.028890652717152483,181,1.3146823101884761,0.04618511056299246,0.8778969274480852,-0.05866323797726858,0.48066298342541436,1.2132669666736244,0.27624309392265195
0.8,10,base,0.5,2.0,1.0,12,0.023983485622980496,256,1.237324067083155,0.04612591125385146,1.0960741396394806,-0.046925747429608866,0.3828125,1.7939564870663347,0.3203125
0.85,10,base,0.5,2.0,1.0,12,0.023983485622980496,256,1.237324067083155,0.04612591125385146,1.0960741396394806,-0.046925747429608866,0.3828125,1.7939564870663347,0.3203125
0.8,10,deep_slow,0.4,2.5,2.0,12,0.02012685895493155,170,1.2981744881765038,0.04601712942720293,0.9037327252028744,-0.05677839489954051,0.5058823529411764,1.1052999109243016,0.2823529411764706
0.85,10,deep_slow,0.4,2.5,2.0,12,0.02012685895493155,170,1.2981744881765038,0.04601712942720293,0.9037327252028744,-0.05677839489954051,0.5058823529411764,1.1052999109243016,0.2823529411764706
0.9,11,base,0.6,4.0,1.0,24,0.02585215857847287,180,1.522440971586929,0.046007640286803486,0.6090453296933704,-0.08423328023542953,0.28888888888888886,2.7865792125072155,0.16666666666666666
0.95,11,base,0.6,4.0,1.0,24,0.02585215857847287,180,1.522440971586929,0.046007640286803486,0.6090453296933704,-0.08423328023542953,0.28888888888888886,2.7865792125072155,0.16666666666666666
0.8,10,shallow,0.5,3.0,2.5,24,0.02225569419366929,123,1.6186062460604074,0.045981723035042554,0.7641157558664367,-0.06710097715120289,0.4959349593495935,1.1573425310247314,0.34959349593495936
0.85,10,shallow,0.5,3.0,2.5,24,0.02225569419366929,123,1.6186062460604074,0.045981723035042554,0.7641157558664367,-0.06710097715120289,0.4959349593495935,1.1573425310247314,0.34959349593495936
0.9,11,shallow,0.7,1.5,0.5,24,0.02962310272974487,438,1.2091766756296767,0.04597961426967556,1.2613721847428516,-0.04064665225570663,0.2876712328767123,2.732305823046912,0.2876712328767123
0.95,11,shallow,0.7,1.5,0.5,24,0.02962310272974487,438,1.2091766756296767,0.04597961426967556,1.2613721847428516,-0.04064665225570663,0.2876712328767123,2.732305823046912,0.2876712328767123
0.9,11,shallow,0.7,3.0,2.0,24,0.02962310272974487,136,1.6017887585116433,0.045894181250515365,0.7727058405873752,-0.06622837780629898,0.47058823529411764,1.268962873254553,0.3235294117647059
0.95,11,shallow,0.7,3.0,2.0,24,0.02962310272974487,136,1.6017887585116433,0.045894181250515365,0.7727058405873752,-0.06622837780629898,0.47058823529411764,1.268962873254553,0.3235294117647059
0.8,10,base,0.4,2.5,1.0,24,0.018576634829056745,201,1.3441309404637265,0.04576606020203711,0.8743694447502022,-0.05836415579936571,0.3333333333333333,2.2601931988754966,0.2885572139303483
0.85,10,base,0.4,2.5,1.0,24,0.018576634829056745,201,1.3441309404637265,0.04576606020203711,0.8743694447502022,-0.05836415579936571,0.3333333333333333,2.2601931988754966,0.2885572139303483
0.8,10,shallow,0.5,2.5,1.5,24,0.02225569419366929,175,1.2623097618897468,0.0457390659036383,0.7521464162934639,-0.06780815294255538,0.4057142857142857,1.6187506325019292,0.35428571428571426
0.85,10,shallow,0.5,2.5,1.5,24,0.02225569419366929,175,1.2623097618897468,0.0457390659036383,0.7521464162934639,-0.06780815294255538,0.4057142857142857,1.6187506325019292,0.35428571428571426
0.9,11,base,0.8,2.5,1.5,24,0.03626824368319925,185,1.2805978499540285,0.0457117957738824,0.5681071078135242,-0.08972106670667912,0.41081081081081083,1.578719565297351,0.35135135135135137
0.95,11,base,0.8,2.5,1.5,24,0.03626824368319925,185,1.2805978499540285,0.0457117957738824,0.5681071078135242,-0.08972106670667912,0.41081081081081083,1.578719565297351,0.35135135135135137
0.9,11,shallow,0.8,4.0,2.5,24,0.03483165271979253,110,1.6810946885176117,0.0455267664151604,0.6459708462663675,-0.07858612507375162,0.4636363636363636,1.322274540015548,0.22727272727272727
0.95,11,shallow,0.8,4.0,2.5,24,0.03483165271979253,110,1.6810946885176117,0.0455267664151604,0.6459708462663675,-0.07858612507375162,0.4636363636363636,1.322274540015548,0.22727272727272727
0.9,11,shallow,0.7,2.5,2.0,24,0.02962310272974487,147,1.3660918305993803,0.04541369299302689,0.8009733074750686,-0.06322052338362905,0.4965986394557823,1.1340389585355357,0.3945578231292517
0.95,11,shallow,0.7,2.5,2.0,24,0.02962310272974487,147,1.3660918305993803,0.04541369299302689,0.8009733074750686,-0.06322052338362905,0.4965986394557823,1.1340389585355357,0.3945578231292517
0.8,10,shallow,0.5,4.0,1.0,24,0.02225569419366929,165,1.8037157569269688,0.04529610613267332,0.93492713172397,-0.054021872381619485,0.28484848484848485,2.8684288767158543,0.15757575757575756
0.85,10,shallow,0.5,4.0,1.0,24,0.02225569419366929,165,1.8037157569269688,0.04529610613267332,0.93492713172397,-0.054021872381619485,0.28484848484848485,2.8684288767158543,0.15757575757575756
0.8,10,base,0.5,1.5,1.0,12,0.023983485622980496,303,1.1531841637927125,0.045060641329870865,1.3433375519895772,-0.03740185681865216,0.43564356435643564,1.421550308604205,0.42574257425742573
0.85,10,base,0.5,1.5,1.0,12,0.023983485622980496,303,1.1531841637927125,0.045060641329870865,1.3433375519895772,-0.03740185681865216,0.43564356435643564,1.421550308604205,0.42574257425742573
0.9,11,shallow,0.5,4.0,2.0,24,0.02146249546792225,114,1.6632958176321186,0.04500475396706527,0.7382892984997779,-0.06796908834819215,0.4473684210526316,1.4150200936481552,0.21929824561403508
0.95,11,shallow,0.5,4.0,2.0,24,0.02146249546792225,114,1.6632958176321186,0.04500475396706527,0.7382892984997779,-0.06796908834819215,0.4473684210526316,1.4150200936481552,0.21929824561403508
0.8,10,base,0.6,1.5,0.75,6,0.028890652717152483,392,1.1124433461267464,0.04489149384257862,1.4613244033068304,-0.03425266480212641,0.3903061224489796,1.727656781347621,0.32908163265306123
0.85,10,base,0.6,1.5,0.75,6,0.028890652717152483,392,1.1124433461267464,0.04489149384257862,1.4613244033068304,-0.03425266480212641,0.3903061224489796,1.727656781347621,0.32908163265306123
0.8,10,shallow,0.8,2.5,2.0,12,0.04189406605295098,201,1.1282102329248838,0.04481262250782114,0.6014648727080936,-0.08307400868106574,0.4975124378109453,1.1129203817263613,0.2835820895522388
0.85,10,shallow,0.8,2.5,2.0,12,0.04189406605295098,201,1.1282102329248838,0.04481262250782114,0.6014648727080936,-0.08307400868106574,0.4975124378109453,1.1129203817263613,0.2835820895522388
0.9,11,shallow,0.5,3.0,0.5,24,0.02146249546792225,277,1.4628559232001175,0.04473267733550834,1.2173028313835483,-0.04097315834249271,0.18411552346570398,5.036154091202702,0.1588447653429603
0.95,11,shallow,0.5,3.0,0.5,24,0.02146249546792225,277,1.4628559232001175,0.04473267733550834,1.2173028313835483,-0.04097315834249271,0.18411552346570398,5.036154091202702,0.1588447653429603
0.8,10,base,0.5,3.0,1.0,24,0.023983485622980496,195,1.52273729745121,0.04471328598951452,1.0385572884712844,-0.048004157513540924,0.3128205128205128,2.4711715828506677,0.24102564102564103
0.85,10,base,0.5,3.0,1.0,24,0.023983485622980496,195,1.52273729745121,0.04471328598951452,1.0385572884712844,-0.048004157513540924,0.3128205128205128,2.4711715828506677,0.24102564102564103
0.9,11,deep_slow,0.6,2.5,2.0,24,0.026270004931272684,144,1.3296917261162013,0.04454844895006138,0.7864980827429277,-0.06315441797390886,0.4722222222222222,1.25190139627263,0.3888888888888889
0.95,11,deep_slow,0.6,2.5,2.0,24,0.026270004931272684,144,1.3296917261162013,0.04454844895006138,0.7864980827429277,-0.06315441797390886,0.4722222222222222,1.25190139627263,0.3888888888888889
0.9,11,deep_slow,0.5,2.0,1.0,12,0.02227660444433337,259,1.187302139746804,0.04426480093624674,0.7159553011974312,-0.06893419422379798,0.3783783783783784,1.8140924849901852,0.3166023166023166
0.95,11,deep_slow,0.5,2.0,1.0,12,0.02227660444433337,259,1.187302139746804,0.04426480093624674,0.7159553011974312,-0.06893419422379798,0.3783783783783784,1.8140924849901852,0.3166023166023166
0.8,10,base,0.7,1.5,0.5,24,0.034786761033208866,462,1.1161505315381006,0.044209545685409024,1.129640843246128,-0.04363514800653656,0.29004329004329005,2.703453633590926,0.29004329004329005
0.85,10,base,0.7,1.5,0.5,24,0.034786761033208866,462,1.1161505315381006,0.044209545685409024,1.129640843246128,-0.04363514800653656,0.29004329004329005,2.703453633590926,0.29004329004329005
0.9,11,shallow,0.8,3.0,1.0,12,0.03483165271979253,247,1.3281469990006096,0.044157022510575406,0.5641337121312725,-0.08727247068290489,0.3481781376518219,2.074337025380132,0.17408906882591094
0.95,11,shallow,0.8,3.0,1.0,12,0.03483165271979253,247,1.3281469990006096,0.044157022510575406,0.5641337121312725,-0.08727247068290489,0.3481781376518219,2.074337025380132,0.17408906882591094
0.8,10,base,0.6,3.0,1.0,24,0.028890652717152483,207,1.4190235067741088,0.044132886738866395,0.6881725215125509,-0.07150295322238909,0.30434782608695654,2.5244002085737396,0.2463768115942029
0.85,10,base,0.6,3.0,1.0,24,0.028890652717152483,207,1.4190235067741088,0.044132886738866395,0.6881725215125509,-0.07150295322238909,0.30434782608695654,2.5244002085737396,0.2463768115942029
0.9,11,shallow,0.6,3.0,0.75,24,0.025504051782762147,229,1.4943190158759976,0.04400823748653382,0.7113070564191363,-0.06898153842286991,0.2445414847161572,3.4739482070142578,0.20087336244541484
0.95,11,shallow,0.6,3.0,0.75,24,0.025504051782762147,229,1.4943190158759976,0.04400823748653382,0.7113070564191363,-0.06898153842286991,0.2445414847161572,3.4739482070142578,0.20087336244541484
0.9,11,deep_slow,0.4,1.5,0.5,12,0.018002548129969136,354,1.314526551111892,0.04400424701991201,1.7154381930835718,-0.028600619584997267,0.2966101694915254,2.666073065667419,0.2853107344632768
0.95,11,deep_slow,0.4,1.5,0.5,12,0.018002548129969136,354,1.314526551111892,0.04400424701991201,1.7154381930835718,-0.028600619584997267,0.2966101694915254,2.666073065667419,0.2853107344632768
0.9,11,base,0.8,2.5,0.75,6,0.03626824368319925,375,1.09753640260858,0.04398050960738642,0.8470501264169451,-0.05789039405535967,0.33866666666666667,2.1312252832137792,0.15466666666666667
0.95,11,base,0.8,2.5,0.75,6,0.03626824368319925,375,1.09753640260858,0.04398050960738642,0.8470501264169451,-0.05789039405535967,0.33866666666666667,2.1312252832137792,0.15466666666666667
0.8,10,shallow,0.5,3.0,2.5,12,0.02225569419366929,160,1.4757345662373083,0.04393395878816109,0.7158201061864222,-0.06843065584797858,0.5,1.1308467517387502,0.2125
0.85,10,shallow,0.5,3.0,2.5,12,0.02225569419366929,160,1.4757345662373083,0.04393395878816109,0.7158201061864222,-0.06843065584797858,0.5,1.1308467517387502,0.2125
0.9,11,shallow,0.7,3.0,2.5,12,0.02962310272974487,163,1.5517130954620821,0.04388602870127367,0.5938331872517559,-0.08239767141564025,0.5214723926380368,1.040730319906322,0.2085889570552147
0.95,11,shallow,0.7,3.0,2.5,12,0.02962310272974487,163,1.5517130954620821,0.04388602870127367,0.5938331872517559,-0.08239767141564025,0.5214723926380368,1.040730319906322,0.2085889570552147
0.8,10,shallow,0.6,2.0,1.5,24,0.0281987593635591,204,1.1638031078246256,0.04387846235462245,0.5989648627980412,-0.08167760518585376,0.4411764705882353,1.3920082179362816,0.43137254901960786
0.85,10,shallow,0.6,2.0,1.5,24,0.0281987593635591,204,1.1638031078246256,0.04387846235462245,0.5989648627980412,-0.08167760518585376,0.4411764705882353,1.3920082179362816,0.43137254901960786
0.9,11,base,0.5,3.0,2.5,12,0.02143757519805179,159,1.454983607318651,0.043842833982049134,0.8208233246382427,-0.05955264115981407,0.4968553459119497,1.1373585660321013,0.2578616352201258
0.95,11,base,0.5,3.0,2.5,12,0.02143757519805179,159,1.454983607318651,0.043842833982049134,0.8208233246382427,-0.05955264115981407,0.4968553459119497,1.1373585660321013,0.2578616352201258
0.9,11,base,0.6,2.5,0.5,24,0.02585215857847287,328,1.2999213196476738,0.04380324153411008,0.7771647217543437,-0.06284117992973526,0.20121951219512196,4.4357082756645525,0.18902439024390244
0.95,11,base,0.6,2.5,0.5,24,0.02585215857847287,328,1.2999213196476738,0.04380324153411008,0.7771647217543437,-0.06284117992973526,0.20121951219512196,4.4357082756645525,0.18902439024390244
0.8,10,base,0.8,2.5,1.0,6,0.041557390516231536,338,1.044906138539918,0.04376113353562672,0.6658695281091215,-0.0732739464297949,0.3994082840236686,1.6478848691283594,0.15680473372781065
0.85,10,base,0.8,2.5,1.0,6,0.041557390516231536,338,1.044906138539918,0.04376113353562672,0.6658695281091215,-0.0732739464297949,0.3994082840236686,1.6478848691283594,0.15680473372781065
0.9,11,deep_slow,0.5,2.5,0.5,12,0.02227660444433337,332,1.214937833952292,0.043563772894066544,0.9399995975316916,-0.05167057566165778,0.21987951807228914,3.973088552106032,0.16265060240963855
0.95,11,deep_slow,0.5,2.5,0.5,12,0.02227660444433337,332,1.214937833952292,0.043563772894066544,0.9399995975316916,-0.05167057566165778,0.21987951807228914,3.973088552106032,0.16265060240963855
0.8,10,base,0.5,3.0,0.75,24,0.023983485622980496,227,1.4359910759097871,0.043367921755336214,1.1263744765698314,-0.04292661557613253,0.2511013215859031,3.348700862793507,0.21145374449339208
0.85,10,base,0.5,3.0,0.75,24,0.023983485622980496,227,1.4359910759097871,0.043367921755336214,1.1263744765698314,-0.04292661557613253,0.2511013215859031,3.348700862793507,0.21145374449339208
0.9,11,deep_slow,0.5,2.0,1.0,24,0.02227660444433337,246,1.1789187085742028,0.04331780327240953,0.6473913788623653,-0.07460005779763224,0.3617886178861789,1.9438975199371447,0.35772357723577236
0.95,11,deep_slow,0.5,2.0,1.0,24,0.02227660444433337,246,1.1789187085742028,0.04331780327240953,0.6473913788623653,-0.07460005779763224,0.3617886178861789,1.9438975199371447,0.35772357723577236
0.9,11,deep_slow,0.5,2.5,1.5,24,0.02227660444433337,173,1.2461104559823541,0.04329466412367555,0.6723775797288813,-0.07178938843471516,0.41040462427745666,1.5803666284747593,0.3468208092485549
0.95,11,deep_slow,0.5,2.5,1.5,24,0.02227660444433337,173,1.2461104559823541,0.04329466412367555,0.6723775797288813,-0.07178938843471516,0.41040462427745666,1.5803666284747593,0.3468208092485549
0.9,11,base,0.7,3.0,2.5,24,0.030935384207832782,126,1.5452766911467515,0.0432521510242283,0.815946110275251,-0.05909957105514774,0.5158730158730159,1.0597292441297448,0.35714285714285715
0.95,11,base,0.7,3.0,2.5,24,0.030935384207832782,126,1.5452766911467515,0.0432521510242283,0.815946110275251,-0.05909957105514774,0.5158730158730159,1.0597292441297448,0.35714285714285715
0.9,11,shallow,0.8,2.5,1.0,6,0.03483165271979253,332,1.057329854851904,0.042795109373516826,0.6222113306416945,-0.07668024317764366,0.4126506024096386,1.5510277613138597,0.15963855421686746
0.95,11,shallow,0.8,2.5,1.0,6,0.03483165271979253,332,1.057329854851904,0.042795109373516826,0.6222113306416945,-0.07668024317764366,0.4126506024096386,1.5510277613138597,0.15963855421686746
0.9,11,base,0.7,3.0,0.5,24,0.030935384207832782,316,1.361086110206651,0.04266309088838316,0.6883801978520647,-0.06909523092561176,0.18037974683544303,5.070453025595689,0.15822784810126583
0.95,11,base,0.7,3.0,0.5,24,0.030935384207832782,316,1.361086110206651,0.04266309088838316,0.6883801978520647,-0.06909523092561176,0.18037974683544303,5.070453025595689,0.15822784810126583
0.8,10,shallow,0.8,3.0,2.0,12,0.04189406605295098,187,1.2480554386763596,0.04253456997491556,0.6244864946483885,-0.07593466343865474,0.49732620320855614,1.120630930415975,0.20320855614973263
0.85,10,shallow,0.8,3.0,2.0,12,0.04189406605295098,187,1.2480554386763596,0.04253456997491556,0.6244864946483885,-0.07593466343865474,0.49732620320855614,1.120630930415975,0.20320855614973263
0.8,10,base,0.5,2.5,0.5,24,0.023983485622980496,320,1.2620803159819312,0.04251249029654769,1.0844133591646472,-0.043706118558657026,0.203125,4.3790914895681246,0.19375
0.85,10,base,0.5,2.5,0.5,24,0.023983485622980496,320,1.2620803159819312,0.04251249029654769,1.0844133591646472,-0.043706118558657026,0.203125,4.3790914895681246,0.19375
0.8,10,shallow,0.7,2.5,0.75,6,0.034650808039162956,361,1.0732004373034947,0.04240945227298254,0.7703915761222611,-0.06137185449207705,0.3462603878116344,2.0630065171219685,0.1523545706371191
0.85,10,shallow,0.7,2.5,0.75,6,0.034650808039162956,361,1.0732004373034947,0.04240945227298254,0.7703915761222611,-0.06137185449207705,0.3462603878116344,2.0630065171219685,0.1523545706371191
0.9,11,deep_slow,0.4,1.5,0.5,24,0.018002548129969136,351,1.2753084829423726,0.04240558199935962,1.6477988723637038,-0.028690415874687236,0.2905982905982906,2.733475770512755,0.2905982905982906
0.95,11,deep_slow,0.4,1.5,0.5,24,0.018002548129969136,351,1.2753084829423726,0.04240558199935962,1.6477988723637038,-0.028690415874687236,0.2905982905982906,2.733475770512755,0.2905982905982906
0.9,11,base,0.5,2.5,0.5,24,0.02143757519805179,294,1.342839882040221,0.042291268397822934,1.0979374461581548,-0.04294260815251982,0.20068027210884354,4.490619730205878,0.19047619047619047
0.95,11,base,0.5,2.5,0.5,24,0.02143757519805179,294,1.342839882040221,0.042291268397822934,1.0979374461581548,-0.04294260815251982,0.20068027210884354,4.490619730205878,0.19047619047619047
0.9,11,base,0.5,2.5,1.0,24,0.02143757519805179,197,1.33144071571267,0.042259249957259826,0.8538342010398478,-0.055177597006899504,0.3401015228426396,2.1727454820966092,0.28426395939086296
0.95,11,base,0.5,2.5,1.0,24,0.02143757519805179,197,1.33144071571267,0.042259249957259826,0.8538342010398478,-0.055177597006899504,0.3401015228426396,2.1727454820966092,0.28426395939086296
0.8,10,base,0.5,3.0,1.0,12,0.023983485622980496,225,1.2620407402683833,0.04221961843578548,0.8245372396809648,-0.057084425391523363,0.3466666666666667,2.0909322691693335,0.17777777777777778
0.85,10,base,0.5,3.0,1.0,12,0.023983485622980496,225,1.2620407402683833,0.04221961843578548,0.8245372396809648,-0.057084425391523363,0.3466666666666667,2.0909322691693335,0.17777777777777778
0.8,10,base,0.6,2.5,0.5,24,0.028890652717152483,330,1.2426703291256591,0.042217282660931055,1.0122267933287576,-0.04649711391154032,0.20606060606060606,4.262889209544715,0.19393939393939394
0.85,10,base,0.6,2.5,0.5,24,0.028890652717152483,330,1.2426703291256591,0.042217282660931055,1.0122267933287576,-0.04649711391154032,0.20606060606060606,4.262889209544715,0.19393939393939394
0.8,10,base,0.6,3.0,2.0,12,0.028890652717152483,173,1.3040530994739779,0.042173255847612,0.7301112624812465,-0.06439625147251182,0.4797687861271676,1.2110795811484405,0.21965317919075145
0.85,10,base,0.6,3.0,2.0,12,0.028890652717152483,173,1.3040530994739779,0.042173255847612,0.7301112624812465,-0.06439625147251182,0.4797687861271676,1.2110795811484405,0.21965317919075145
0.9,11,shallow,0.7,3.0,0.75,24,0.02962310272974487,243,1.388478084368462,0.04205887073064196,0.6260793625202928,-0.07489244519772309,0.24279835390946503,3.4689779469677005,0.205761316872428
0.95,11,shallow,0.7,3.0,0.75,24,0.02962310272974487,243,1.388478084368462,0.04205887073064196,0.6260793625202928,-0.07489244519772309,0.24279835390946503,3.4689779469677005,0.205761316872428
0.9,11,base,0.5,3.0,2.0,12,0.02143757519805179,165,1.3922280052508789,0.042030332882003085,0.8627461806263327,-0.054311137396377385,0.49696969696969695,1.1341612127821996,0.23030303030303031
0.95,11,base,0.5,3.0,2.0,12,0.02143757519805179,165,1.3922280052508789,0.042030332882003085,0.8627461806263327,-0.054311137396377385,0.49696969696969695,1.1341612127821996,0.23030303030303031
0.9,11,deep_slow,0.6,2.5,0.75,6,0.026270004931272684,334,1.0948898775301819,0.041956003626604677,0.9848213581418427,-0.04749457496704346,0.3413173652694611,2.1202074315308184,0.15269461077844312
0.95,11,deep_slow,0.6,2.5,0.75,6,0.026270004931272684,334,1.0948898775301819,0.041956003626604677,0.9848213581418427,-0.04749457496704346,0.3413173652694611,2.1202074315308184,0.15269461077844312
0.8,10,shallow,0.6,2.5,0.75,24,0.0281987593635591,274,1.1628420214222326,0.04189471855074989,0.6065004659205071,-0.07700767899049565,0.2664233576642336,3.0354752269754814,0.24452554744525548
0.85,10,shallow,0.6,2.5,0.75,24,0.0281987593635591,274,1.1628420214222326,0.04189471855074989,0.6065004659205071,-0.07700767899049565,0.2664233576642336,3.0354752269754814,0.24452554744525548
0.9,11,shallow,0.8,2.5,1.5,24,0.03483165271979253,184,1.1627396291637215,0.04181725287519522,0.48722692287989117,-0.09568156674396178,0.41304347826086957,1.5520930396215014,0.33695652173913043
0.95,11,shallow,0.8,2.5,1.5,24,0.03483165271979253,184,1.1627396291637215,0.04181725287519522,0.48722692287989117,-0.09568156674396178,0.41304347826086957,1.5520930396215014,0.33695652173913043
0.9,11,base,0.8,4.0,1.0,24,0.03626824368319925,190,1.428586066814445,0.0416771711241084,0.6165112300019095,-0.07536296457234348,0.2736842105263158,2.9585675341171354,0.15263157894736842
0.95,11,base,0.8,4.0,1.0,24,0.03626824368319925,190,1.428586066814445,0.0416771711241084,0.6165112300019095,-0.07536296457234348,0.2736842105263158,2.9585675341171354,0.15263157894736842
0.8,10,shallow,0.4,3.0,1.0,24,0.016624676068168656,189,1.34311067845977,0.04160208421275047,0.7327820570412575,-0.06329059999420317,0.31216931216931215,2.4702780119944783,0.23809523809523808
0.85,10,shallow,0.4,3.0,1.0,24,0.016624676068168656,189,1.34311067845977,0.04160208421275047,0.7327820570412575,-0.06329059999420317,0.31216931216931215,2.4702780119944783,0.23809523809523808
0.8,10,base,0.5,3.0,2.5,12,0.023983485622980496,156,1.4238357986958423,0.04146733855380402,0.8306438262574347,-0.055652806902782515,0.48717948717948717,1.1861071207148681,0.23717948717948717
0.85,10,base,0.5,3.0,2.5,12,0.023983485622980496,156,1.4238357986958423,0.04146733855380402,0.8306438262574347,-0.055652806902782515,0.48717948717948717,1.1861071207148681,0.23717948717948717
0.8,10,base,0.7,3.0,1.0,12,0.034786761033208866,252,1.1579690940645062,0.04138399098452039,0.5781081879594621,-0.07980259689638769,0.3492063492063492,2.043885371569318,0.17857142857142858
0.85,10,base,0.7,3.0,1.0,12,0.034786761033208866,252,1.1579690940645062,0.04138399098452039,0.5781081879594621,-0.07980259689638769,0.3492063492063492,2.043885371569318,0.17857142857142858
0.9,11,shallow,0.5,3.0,2.5,24,0.02146249546792225,117,1.459284685003962,0.041219156799706225,0.623542547476045,-0.07369242892984706,0.5128205128205128,1.0776773229227041,0.3418803418803419
0.95,11,shallow,0.5,3.0,2.5,24,0.02146249546792225,117,1.459284685003962,0.041219156799706225,0.623542547476045,-0.07369242892984706,0.5128205128205128,1.0776773229227041,0.3418803418803419
0.8,10,shallow,0.6,1.5,1.0,6,0.0281987593635591,351,0.9999774562600244,0.04110123244193442,0.750869556053515,-0.06102073149504428,0.45584045584045585,1.2988275865229182,0.33903133903133903
0.85,10,shallow,0.6,1.5,1.0,6,0.0281987593635591,351,0.9999774562600244,0.04110123244193442,0.750869556053515,-0.06102073149504428,0.45584045584045585,1.2988275865229182,0.33903133903133903
0.9,11,shallow,0.7,2.0,1.5,24,0.02962310272974487,196,1.1797795219950928,0.040748711557990536,0.48272630440036385,-0.0941004298006266,0.4387755102040816,1.4041408285557397,0.413265306122449
0.95,11,shallow,0.7,2.0,1.5,24,0.02962310272974487,196,1.1797795219950928,0.040748711557990536,0.48272630440036385,-0.0941004298006266,0.4387755102040816,1.4041408285557397,0.413265306122449
0.8,10,shallow,0.4,3.0,0.75,24,0.016624676068168656,217,1.328971032340159,0.0405896123817342,0.9385029847005811,-0.04821189010827076,0.2534562211981567,3.299578173585343,0.2073732718894009
0.85,10,shallow,0.4,3.0,0.75,24,0.016624676068168656,217,1.328971032340159,0.0405896123817342,0.9385029847005811,-0.04821189010827076,0.2534562211981567,3.299578173585343,0.2073732718894009
0.9,11,base,0.6,3.0,2.5,12,0.02585215857847287,165,1.2916531582197395,0.04052118321384368,0.6719050685108806,-0.06722758151395258,0.503030303030303,1.0946434342064353,0.23636363636363636
0.95,11,base,0.6,3.0,2.5,12,0.02585215857847287,165,1.2916531582197395,0.04052118321384368,0.6719050685108806,-0.06722758151395258,0.503030303030303,1.0946434342064353,0.23636363636363636
0.9,11,deep_slow,0.6,3.0,0.5,24,0.026270004931272684,298,1.3064386642477868,0.04046512466074703,0.9374395879731665,-0.04811821943556527,0.18120805369127516,5.043315338830857,0.15436241610738255
0.95,11,deep_slow,0.6,3.0,0.5,24,0.026270004931272684,298,1.3064386642477868,0.04046512466074703,0.9374395879731665,-0.04811821943556527,0.18120805369127516,5.043315338830857,0.15436241610738255
0.9,11,shallow,0.7,2.5,0.5,24,0.02962310272974487,344,1.169025236547756,0.040454707030925574,0.6942437922280283,-0.0649574194367546,0.20348837209302326,4.320171384618699,0.18895348837209303
0.95,11,shallow,0.7,2.5,0.5,24,0.02962310272974487,344,1.169025236547756,0.040454707030925574,0.6942437922280283,-0.0649574194367546,0.20348837209302326,4.320171384618699,0.18895348837209303
0.8,10,base,0.6,1.5,0.5,6,0.028890652717152483,448,1.0674539150549822,0.040417351318844386,1.234833139000708,-0.03648634783548099,0.3080357142857143,2.4805822196797407,0.265625
0.85,10,base,0.6,1.5,0.5,6,0.028890652717152483,448,1.0674539150549822,0.040417351318844386,1.234833139000708,-0.03648634783548099,0.3080357142857143,2.4805822196797407,0.265625
0.9,11,base,0.8,2.5,2.0,24,0.03626824368319925,151,1.2192929365458942,0.0403929767103699,0.6713473452352797,-0.06707008010605064,0.48344370860927155,1.1780551535325887,0.40397350993377484
0.95,11,base,0.8,2.5,2.0,24,0.03626824368319925,151,1.2192929365458942,0.0403929767103699,0.6713473452352797,-0.06707008010605064,0.48344370860927155,1.1780551535325887,0.40397350993377484
0.8,10,shallow,0.8,2.5,1.0,12,0.04189406605295098,280,1.0160758580752254,0.040382962999103045,0.5099057863338754,-0.08828323619256118,0.35,2.016385888424196,0.2357142857142857
0.85,10,shallow,0.8,2.5,1.0,12,0.04189406605295098,280,1.0160758580752254,0.040382962999103045,0.5099057863338754,-0.08828323619256118,0.35,2.016385888424196,0.2357142857142857
0.8,10,shallow,0.7,3.0,0.5,24,0.034650808039162956,311,1.3347659376100351,0.04031494839249672,0.6871091142546484,-0.06540467428328711,0.18006430868167203,5.059803307133181,0.1607717041800643
0.85,10,shallow,0.7,3.0,0.5,24,0.034650808039162956,311,1.3347659376100351,0.04031494839249672,0.6871091142546484,-0.06540467428328711,0.18006430868167203,5.059803307133181,0.1607717041800643
0.8,10,base,0.6,3.0,0.75,12,0.028890652717152483,269,1.1992199835489472,0.04020924318756114,0.8094855569899502,-0.055371038883524015,0.275092936802974,2.900611300666832,0.17100371747211895
0.85,10,base,0.6,3.0,0.75,12,0.028890652717152483,269,1.1992199835489472,0.04020924318756114,0.8094855569899502,-0.055371038883524015,0.275092936802974,2.900611300666832,0.17100371747211895
0.9,11,base,0.6,1.5,0.5,12,0.02585215857847287,423,1.0941158462395955,0.04013526986247817,0.883239537224139,-0.050653773718593365,0.28841607565011823,2.7006768180434575,0.2789598108747045
0.95,11,base,0.6,1.5,0.5,12,0.02585215857847287,423,1.0941158462395955,0.04013526986247817,0.883239537224139,-0.050653773718593365,0.28841607565011823,2.7006768180434575,0.2789598108747045
0.8,10,base,0.7,2.0,1.0,12,0.034786761033208866,291,1.01540427113954,0.04008486222820107,0.5531252650548628,-0.08078297103479459,0.3848797250859107,1.7587079547652995,0.30927835051546393
0.85,10,base,0.7,2.0,1.0,12,0.034786761033208866,291,1.01540427113954,0.04008486222820107,0.5531252650548628,-0.08078297103479459,0.3848797250859107,1.7587079547652995,0.30927835051546393
0.9,11,deep_slow,0.8,3.0,2.0,12,0.03592704925670819,181,1.2874175073942868,0.040053700875402276,0.6414568351955047,-0.0696045123418021,0.5082872928176796,1.0708649282646725,0.20441988950276244
0.95,11,deep_slow,0.8,3.0,2.0,12,0.03592704925670819,181,1.2874175073942868,0.040053700875402276,0.6414568351955047,-0.0696045123418021,0.5082872928176796,1.0708649282646725,0.20441988950276244
0.9,11,shallow,0.4,3.0,2.5,24,0.017780104391063124,107,1.543636651023747,0.040033009916508266,0.9146312625192375,-0.048790345449279626,0.5233644859813084,1.0417685513087525,0.34579439252336447
0.95,11,shallow,0.4,3.0,2.5,24,0.017780104391063124,107,1.543636651023747,0.040033009916508266,0.9146312625192375,-0.048790345449279626,0.5233644859813084,1.0417685513087525,0.34579439252336447
0.8,10,shallow,0.5,3.0,0.75,24,0.02225569419366929,230,1.3044527287811944,0.039942901693377,0.7515199961002355,-0.059245943571357595,0.24782608695652175,3.3707664151607153,0.20434782608695654
0.85,10,shallow,0.5,3.0,0.75,24,0.02225569419366929,230,1.3044527287811944,0.039942901693377,0.7515199961002355,-0.059245943571357595,0.24782608695652175,3.3707664151607153,0.20434782608695654
0.9,11,shallow,0.7,1.5,1.0,24,0.02962310272974487,321,1.023800336098561,0.039930170994948444,0.8203614716930141,-0.05425692314538677,0.4236760124610592,1.4707651770609265,0.4236760124610592
0.95,11,shallow,0.7,1.5,1.0,24,0.02962310272974487,321,1.023800336098561,0.039930170994948444,0.8203614716930141,-0.05425692314538677,0.4236760124610592,1.4707651770609265,0.4236760124610592
0.8,10,shallow,0.6,3.0,0.75,24,0.0281987593635591,246,1.2790227902196398,0.039908482327726924,0.5768068341189928,-0.07712471052199388,0.24390243902439024,3.4253505295058106,0.2032520325203252
0.85,10,shallow,0.6,3.0,0.75,24,0.0281987593635591,246,1.2790227902196398,0.039908482327726924,0.5768068341189928,-0.07712471052199388,0.24390243902439024,3.4253505295058106,0.2032520325203252
0.8,10,base,0.7,2.0,0.5,12,0.034786761033208866,406,1.091345848829493,0.03982694169445811,0.8505984138398226,-0.05219263031244836,0.2512315270935961,3.3037853355577695,0.21674876847290642
0.85,10,base,0.7,2.0,0.5,12,0.034786761033208866,406,1.091345848829493,0.03982694169445811,0.8505984138398226,-0.05219263031244836,0.2512315270935961,3.3037853355577695,0.21674876847290642
0.9,11,shallow,0.7,3.0,1.0,24,0.02962310272974487,207,1.3085000160252636,0.0398005903476879,0.5768733225944279,-0.07690688595098272,0.2898550724637681,2.7060525719355897,0.2318840579710145
0.95,11,shallow,0.7,3.0,1.0,24,0.02962310272974487,207,1.3085000160252636,0.0398005903476879,0.5768733225944279,-0.07690688595098272,0.2898550724637681,2.7060525719355897,0.2318840579710145
0.9,11,base,0.6,2.5,2.0,6,0.02585215857847287,258,1.0043276838256472,0.03967555455424532,0.581139135141222,-0.07610200170104475,0.5077519379844961,1.0542651395353164,0.18604651162790697
0.95,11,base,0.6,2.5,2.0,6,0.02585215857847287,258,1.0043276838256472,0.03967555455424532,0.581139135141222,-0.07610200170104475,0.5077519379844961,1.0542651395353164,0.18604651162790697
0.8,10,shallow,0.6,3.0,2.5,24,0.0281987593635591,125,1.3372587112160301,0.03966635970778731,0.6034165029743704,-0.07327539039013242,0.52,1.0306578322507103,0.344
0.85,10,shallow,0.6,3.0,2.5,24,0.0281987593635591,125,1.3372587112160301,0.03966635970778731,0.6034165029743704,-0.07327539039013242,0.52,1.0306578322507103,0.344
0.8,10,shallow,0.6,3.0,1.0,12,0.0281987593635591,238,1.2149945047032666,0.039646164216311064,0.5409341721715487,-0.08169759206716443,0.3487394957983193,2.05651464939735,0.1638655462184874
0.85,10,shallow,0.6,3.0,1.0,12,0.0281987593635591,238,1.2149945047032666,0.039646164216311064,0.5409341721715487,-0.08169759206716443,0.3487394957983193,2.05651464939735,0.1638655462184874
0.9,11,deep_slow,0.6,4.0,2.5,24,0.026270004931272684,104,1.590733807120654,0.039335095122116304,0.6677200959930406,-0.06566453351492463,0.4807692307692308,1.2227276798000961,0.23076923076923078
0.95,11,deep_slow,0.6,4.0,2.5,24,0.026270004931272684,104,1.590733807120654,0.039335095122116304,0.6677200959930406,-0.06566453351492463,0.4807692307692308,1.2227276798000961,0.23076923076923078
0.9,11,shallow,0.6,3.0,2.0,24,0.025504051782762147,132,1.343285462754504,0.03930975101259748,0.6088098262465209,-0.0719719290245332,0.45454545454545453,1.3370347206114455,0.30303030303030304
0.95,11,shallow,0.6,3.0,2.0,24,0.025504051782762147,132,1.343285462754504,0.03930975101259748,0.6088098262465209,-0.0719719290245332,0.45454545454545453,1.3370347206114455,0.30303030303030304
0.8,10,base,0.8,2.5,2.0,12,0.041557390516231536,199,1.0273441735724271,0.03920514959098309,0.612975658195933,-0.0712921814298818,0.507537688442211,1.056601643174815,0.2914572864321608
0.85,10,base,0.8,2.5,2.0,12,0.041557390516231536,199,1.0273441735724271,0.03920514959098309,0.612975658195933,-0.0712921814298818,0.507537688442211,1.056601643174815,0.2914572864321608
0.8,10,base,0.5,2.5,0.75,6,0.023983485622980496,314,1.0790295437827067,0.03918857352010563,1.148250441170494,-0.03804209776226597,0.3375796178343949,2.1560443798656186,0.1592356687898089
0.85,10,base,0.5,2.5,0.75,6,0.023983485622980496,314,1.0790295437827067,0.03918857352010563,1.148250441170494,-0.03804209776226597,0.3375796178343949,2.1560443798656186,0.1592356687898089
0.9,11,base,0.7,2.5,1.0,24,0.030935384207832782,228,1.1233101427780177,0.03912174466419205,0.5412662090944752,-0.08056517103425165,0.32894736842105265,2.2339399293386615,0.2850877192982456
0.95,11,base,0.7,2.5,1.0,24,0.030935384207832782,228,1.1233101427780177,0.03912174466419205,0.5412662090944752,-0.08056517103425165,0.32894736842105265,2.2339399293386615,0.2850877192982456
0.9,11,base,0.8,3.0,2.5,24,0.03626824368319925,129,1.3826431698482462,0.03911731342439961,0.6422795920598658,-0.0678867200131339,0.49612403100775193,1.1327467390803017,0.3488372093023256
0.95,11,base,0.8,3.0,2.5,24,0.03626824368319925,129,1.3826431698482462,0.03911731342439961,0.6422795920598658,-0.0678867200131339,0.49612403100775193,1.1327467390803017,0.3488372093023256
0.8,10,shallow,0.6,2.5,1.5,24,0.0281987593635591,187,1.0493948728404614,0.0391095775972814,0.5651806750012439,-0.07713217301615682,0.40641711229946526,1.5794874325145296,0.3582887700534759
0.85,10,shallow,0.6,2.5,1.5,24,0.0281987593635591,187,1.0493948728404614,0.0391095775972814,0.5651806750012439,-0.07713217301615682,0.40641711229946526,1.5794874325145296,0.3582887700534759
0.9,11,deep_slow,0.4,2.5,2.0,12,0.018002548129969136,164,1.1974812605252756,0.03904594144995288,0.8194266978570303,-0.05311338999386106,0.4695121951219512,1.2586790589717487,0.29878048780487804
0.95,11,deep_slow,0.4,2.5,2.0,12,0.018002548129969136,164,1.1974812605252756,0.03904594144995288,0.8194266978570303,-0.05311338999386106,0.4695121951219512,1.2586790589717487,0.29878048780487804
0.9,11,deep_slow,0.5,2.5,1.5,6,0.02227660444433337,257,1.0085149585750175,0.03892637310847169,0.5960769221349055,-0.07279088890094199,0.45525291828793774,1.3037932866022288,0.1828793774319066
0.95,11,deep_slow,0.5,2.5,1.5,6,0.02227660444433337,257,1.0085149585750175,0.03892637310847169,0.5960769221349055,-0.07279088890094199,0.45525291828793774,1.3037932866022288,0.1828793774319066
0.9,11,base,0.8,2.5,2.0,12,0.03626824368319925,191,1.1231598145964004,0.038780711262692336,0.7033990393701219,-0.061453401392659646,0.5026178010471204,1.081598248801151,0.2879581151832461
0.95,11,base,0.8,2.5,2.0,12,0.03626824368319925,191,1.1231598145964004,0.038780711262692336,0.7033990393701219,-0.061453401392659646,0.5026178010471204,1.081598248801151,0.2879581151832461
0.9,11,base,0.6,2.5,1.0,24,0.02585215857847287,221,1.1207910107390406,0.03870355941127035,0.5382715484713111,-0.08014557967429436,0.33031674208144796,2.2237053818558676,0.28054298642533937
0.95,11,base,0.6,2.5,1.0,24,0.02585215857847287,221,1.1207910107390406,0.03870355941127035,0.5382715484713111,-0.08014557967429436,0.33031674208144796,2.2237053818558676,0.28054298642533937
0.9,11,shallow,0.7,3.0,1.5,12,0.02962310272974487,193,1.2527433256142368,0.03866077417056579,0.5344757410406306,-0.0806253518650768,0.45595854922279794,1.3221060249778993,0.18652849740932642
0.95,11,shallow,0.7,3.0,1.5,12,0.02962310272974487,193,1.2527433256142368,0.03866077417056579,0.5344757410406306,-0.0806253518650768,0.45595854922279794,1.3221060249778993,0.18652849740932642
0.8,10,base,0.6,2.0,0.5,12,0.028890652717152483,374,1.0998764505095038,0.03859020814507108,0.9998277717927682,-0.04302088319116992,0.25133689839572193,3.3192585218455135,0.2192513368983957
0.85,10,base,0.6,2.0,0.5,12,0.028890652717152483,374,1.0998764505095038,0.03859020814507108,0.9998277717927682,-0.04302088319116992,0.25133689839572193,3.3192585218455135,0.2192513368983957
0.8,10,base,0.5,2.0,1.0,24,0.023983485622980496,239,1.0660598617289896,0.03852909991274345,0.9799914298979839,-0.043822033773216695,0.36401673640167365,1.9122737106449281,0.3598326359832636
0.85,10,base,0.5,2.0,1.0,24,0.023983485622980496,239,1.0660598617289896,0.03852909991274345,0.9799914298979839,-0.043822033773216695,0.36401673640167365,1.9122737106449281,0.3598326359832636
0.9,11,deep_slow,0.5,3.0,2.5,24,0.02227660444433337,111,1.6266417672075768,0.03849788692873446,0.5786690697590458,-0.07415352901290517,0.5045045045045045,1.1074765282951753,0.3333333333333333
0.95,11,deep_slow,0.5,3.0,2.5,24,0.02227660444433337,111,1.6266417672075768,0.03849788692873446,0.5786690697590458,-0.07415352901290517,0.5045045045045045,1.1074765282951753,0.3333333333333333
0.8,10,base,0.5,2.5,1.0,24,0.023983485622980496,219,1.0621714887271945,0.03839582182238899,0.7133711604836545,-0.05999170340744375,0.3242009132420091,2.2874242127073154,0.2876712328767123
0.85,10,base,0.5,2.5,1.0,24,0.023983485622980496,219,1.0621714887271945,0.03839582182238899,0.7133711604836545,-0.05999170340744375,0.3242009132420091,2.2874242127073154,0.2876712328767123
0.8,10,base,0.6,1.5,0.75,24,0.028890652717152483,360,0.9788554456910059,0.03838793645924632,1.1119521907450092,-0.03847966113794399,0.37222222222222223,1.8411653846924692,0.37222222222222223
0.85,10,base,0.6,1.5,0.75,24,0.028890652717152483,360,0.9788554456910059,0.03838793645924632,1.1119521907450092,-0.03847966113794399,0.37222222222222223,1.8411653846924692,0.37222222222222223
0.9,11,base,0.6,3.0,1.5,24,0.02585215857847287,162,1.2374345938840896,0.03838791857878676,0.551146481182048,-0.07763366907119984,0.3950617283950617,1.6729934398378006,0.2716049382716049
0.95,11,base,0.6,3.0,1.5,24,0.02585215857847287,162,1.2374345938840896,0.03838791857878676,0.551146481182048,-0.07763366907119984,0.3950617283950617,1.6729934398378006,0.2716049382716049
0.9,11,base,0.6,1.5,0.5,24,0.02585215857847287,419,1.0518753950146789,0.03831641494902249,0.8839423341765605,-0.048314981700402826,0.2840095465393795,2.748565765840072,0.2840095465393795
0.95,11,base,0.6,1.5,0.5,24,0.02585215857847287,419,1.0518753950146789,0.03831641494902249,0.8839423341765605,-0.048314981700402826,0.2840095465393795,2.748565765840072,0.2840095465393795
0.9,11,base,0.8,3.0,1.0,24,0.03626824368319925,211,1.2030301162614923,0.038293990338282624,0.553771709154093,-0.07707618500444158,0.2938388625592417,2.6389947880345264,0.23222748815165878
0.95,11,base,0.8,3.0,1.0,24,0.03626824368319925,211,1.2030301162614923,0.038293990338282624,0.553771709154093,-0.07707618500444158,0.2938388625592417,2.6389947880345264,0.23222748815165878
0.8,10,base,0.5,1.5,0.75,6,0.023983485622980496,362,0.976703903942955,0.03803407306643125,1.1827004673602666,-0.03584365080216878,0.38950276243093923,1.7032767286810584,0.32320441988950277
0.85,10,base,0.5,1.5,0.75,6,0.023983485622980496,362,0.976703903942955,0.03803407306643125,1.1827004673602666,-0.03584365080216878,0.38950276243093923,1.7032767286810584,0.32320441988950277
0.8,10,shallow,0.4,2.5,1.0,6,0.016624676068168656,265,1.0372996152555096,0.037869927741517984,0.7994058890671394,-0.05280042252260064,0.41132075471698115,1.5743297868049657,0.1509433962264151
0.85,10,shallow,0.4,2.5,1.0,6,0.016624676068168656,265,1.0372996152555096,0.037869927741517984,0.7994058890671394,-0.05280042252260064,0.41132075471698115,1.5743297868049657,0.1509433962264151
0.9,11,deep_slow,0.4,1.5,1.0,12,0.018002548129969136,259,1.0856070688563557,0.03741443601474126,1.0160060956123595,-0.041043304183271845,0.44015444015444016,1.3935402889047646,0.42084942084942084
0.95,11,deep_slow,0.4,1.5,1.0,12,0.018002548129969136,259,1.0856070688563557,0.03741443601474126,1.0160060956123595,-0.041043304183271845,0.44015444015444016,1.3935402889047646,0.42084942084942084
0.9,11,base,0.7,4.0,2.5,24,0.030935384207832782,107,1.5724753185015612,0.03737667581321813,0.6625643105586411,-0.06287401050006969,0.4766355140186916,1.2341526991355496,0.2336448598130841
0.95,11,base,0.7,4.0,2.5,24,0.030935384207832782,107,1.5724753185015612,0.03737667581321813,0.6625643105586411,-0.06287401050006969,0.4766355140186916,1.2341526991355496,0.2336448598130841
0.8,10,shallow,0.5,2.5,0.75,24,0.02225569419366929,264,1.035734847050486,0.037303798793891785,0.7427388600108753,-0.05597752686804647,0.26515151515151514,3.0280889281357175,0.2537878787878788
0.85,10,shallow,0.5,2.5,0.75,24,0.02225569419366929,264,1.035734847050486,0.037303798793891785,0.7427388600108753,-0.05597752686804647,0.26515151515151514,3.0280889281357175,0.2537878787878788
0.8,10,shallow,0.5,1.5,1.0,6,0.02225569419366929,325,0.9555011410338975,0.03727538448890799,1.010941662001247,-0.04109529995856254,0.4553846153846154,1.297834400601281,0.3446153846153846
0.85,10,shallow,0.5,1.5,1.0,6,0.02225569419366929,325,0.9555011410338975,0.03727538448890799,1.010941662001247,-0.04109529995856254,0.4553846153846154,1.297834400601281,0.3446153846153846
0.8,10,base,0.6,2.0,1.0,6,0.028890652717152483,314,0.9670802394760052,0.037233236298175765,0.6311620748238483,-0.06574837233037978,0.42356687898089174,1.486438387448479,0.2197452229299363
0.85,10,base,0.6,2.0,1.0,6,0.028890652717152483,314,0.9670802394760052,0.037233236298175765,0.6311620748238483,-0.06574837233037978,0.42356687898089174,1.486438387448479,0.2197452229299363
0.9,11,deep_slow,0.5,2.5,2.0,6,0.02227660444433337,239,1.0146546537786567,0.03708405518757463,0.5773264000640588,-0.07159082465297906,0.49372384937238495,1.1187383634774042,0.17154811715481172
0.95,11,deep_slow,0.5,2.5,2.0,6,0.02227660444433337,239,1.0146546537786567,0.03708405518757463,0.5773264000640588,-0.07159082465297906,0.49372384937238495,1.1187383634774042,0.17154811715481172
0.9,11,base,0.6,3.0,1.0,24,0.02585215857847287,198,1.2205767862638757,0.03699916246430668,0.4892650427973127,-0.08428246892323077,0.30303030303030304,2.5331348108778506,0.23232323232323232
0.95,11,base,0.6,3.0,1.0,24,0.02585215857847287,198,1.2205767862638757,0.03699916246430668,0.4892650427973127,-0.08428246892323077,0.30303030303030304,2.5331348108778506,0.23232323232323232
0.8,10,base,0.5,2.5,1.0,12,0.023983485622980496,241,1.0083861260682994,0.03696016260470203,0.7365049142113657,-0.05593026010375057,0.34854771784232363,2.0390753503449583,0.24481327800829875
0.85,10,base,0.5,2.5,1.0,12,0.023983485622980496,241,1.0083861260682994,0.03696016260470203,0.7365049142113657,-0.05593026010375057,0.34854771784232363,2.0390753503449583,0.24481327800829875
0.9,11,base,0.5,3.0,2.0,24,0.02143757519805179,129,1.3134674847353214,0.03693916671584163,0.5831118884009627,-0.07060302573427313,0.4806201550387597,1.1970465618326525,0.3023255813953488
0.95,11,base,0.5,3.0,2.0,24,0.02143757519805179,129,1.3134674847353214,0.03693916671584163,0.5831118884009627,-0.07060302573427313,0.4806201550387597,1.1970465618326525,0.3023255813953488
0.9,11,base,0.7,3.0,0.75,12,0.030935384207832782,279,1.0653620089663223,0.03653951401131539,0.5837214687008734,-0.0697646950974945,0.2724014336917563,2.9073909137993166,0.16129032258064516
0.95,11,base,0.7,3.0,0.75,12,0.030935384207832782,279,1.0653620089663223,0.03653951401131539,0.5837214687008734,-0.0697646950974945,0.2724014336917563,2.9073909137993166,0.16129032258064516
0.8,10,shallow,0.6,2.5,1.5,6,0.0281987593635591,274,0.8926519274222375,0.03651197107224302,0.5860889423624447,-0.06943040449090965,0.4781021897810219,1.1778713825398448,0.18248175182481752
0.85,10,shallow,0.6,2.5,1.5,6,0.0281987593635591,274,0.8926519274222375,0.03651197107224302,0.5860889423624447,-0.06943040449090965,0.4781021897810219,1.1778713825398448,0.18248175182481752
0.9,11,base,0.5,3.0,1.0,24,0.02143757519805179,187,1.2540254038395287,0.036506211244556,0.6653178099938656,-0.06115266956623411,0.31016042780748665,2.459678148502691,0.23529411764705882
0.95,11,base,0.5,3.0,1.0,24,0.02143757519805179,187,1.2540254038395287,0.036506211244556,0.6653178099938656,-0.06115266956623411,0.31016042780748665,2.459678148502691,0.23529411764705882
0.9,11,deep_slow,0.5,1.5,0.5,12,0.02227660444433337,393,1.0295015576578959,0.036438403524073903,0.8433579529280322,-0.048153026553859224,0.2900763358778626,2.6731206075135656,0.27735368956743
0.95,11,deep_slow,0.5,1.5,0.5,12,0.02227660444433337,393,1.0295015576578959,0.036438403524073903,0.8433579529280322,-0.048153026553859224,0.2900763358778626,2.6731206075135656,0.27735368956743
0.9,11,shallow,0.6,3.0,2.5,12,0.025504051782762147,157,1.2724574238030582,0.03639441460013604,0.5941627909144844,-0.06826599624657648,0.5031847133757962,1.0972649036619586,0.2229299363057325
0.95,11,shallow,0.6,3.0,2.5,12,0.025504051782762147,157,1.2724574238030582,0.03639441460013604,0.5941627909144844,-0.06826599624657648,0.5031847133757962,1.0972649036619586,0.2229299363057325
0.8,10,shallow,0.4,3.0,1.5,24,0.016624676068168656,153,1.1781149378906315,0.0363856064608814,0.5336882701801047,-0.07598308034091739,0.39215686274509803,1.6923230374994989,0.27450980392156865
0.85,10,shallow,0.4,3.0,1.5,24,0.016624676068168656,153,1.1781149378906315,0.0363856064608814,0.5336882701801047,-0.07598308034091739,0.39215686274509803,1.6923230374994989,0.27450980392156865
0.8,10,shallow,0.5,2.0,1.0,12,0.02225569419366929,263,0.9693905268525066,0.03633696977723977,0.6958812995150464,-0.05819522064592786,0.3840304182509506,1.7435222146047291,0.3041825095057034
0.85,10,shallow,0.5,2.0,1.0,12,0.02225569419366929,263,0.9693905268525066,0.03633696977723977,0.6958812995150464,-0.05819522064592786,0.3840304182509506,1.7435222146047291,0.3041825095057034
0.9,11,deep_slow,0.5,3.0,1.0,24,0.02227660444433337,192,1.262798971337947,0.036241434611752554,0.5623376642089148,-0.0718256740604375,0.3020833333333333,2.5453983384846106,0.23958333333333334
0.95,11,deep_slow,0.5,3.0,1.0,24,0.02227660444433337,192,1.262798971337947,0.036241434611752554,0.5623376642089148,-0.0718256740604375,0.3020833333333333,2.5453983384846106,0.23958333333333334
0.9,11,deep_slow,0.6,2.5,0.5,12,0.026270004931272684,346,1.0081664027012267,0.03616237480979456,0.8861982129277037,-0.04547740681108747,0.21098265895953758,4.0911344301708725,0.16473988439306358
0.95,11,deep_slow,0.6,2.5,0.5,12,0.026270004931272684,346,1.0081664027012267,0.03616237480979456,0.8861982129277037,-0.04547740681108747,0.21098265895953758,4.0911344301708725,0.16473988439306358
0.9,11,deep_slow,0.5,1.5,0.5,24,0.02227660444433337,390,1.0251918450222364,0.036159271736321275,0.8794854090610134,-0.045820579943358086,0.2846153846153846,2.7435910825670806,0.2846153846153846
0.95,11,deep_slow,0.5,1.5,0.5,24,0.02227660444433337,390,1.0251918450222364,0.036159271736321275,0.8794854090610134,-0.045820579943358086,0.2846153846153846,2.7435910825670806,0.2846153846153846
0.9,11,base,0.7,2.5,2.0,12,0.030935384207832782,190,1.0314235895510255,0.035310180104933364,0.6573284617358854,-0.059864149041375936,0.5052631578947369,1.06301530725787,0.29473684210526313
0.95,11,base,0.7,2.5,2.0,12,0.030935384207832782,190,1.0314235895510255,0.035310180104933364,0.6573284617358854,-0.059864149041375936,0.5052631578947369,1.06301530725787,0.29473684210526313
0.9,11,shallow,0.6,4.0,2.0,24,0.025504051782762147,119,1.2945045567463909,0.03528378814735533,0.5061854598827347,-0.07768089647938592,0.42857142857142855,1.479461322542611,0.20168067226890757
0.95,11,shallow,0.6,4.0,2.0,24,0.025504051782762147,119,1.2945045567463909,0.03528378814735533,0.5061854598827347,-0.07768089647938592,0.42857142857142855,1.479461322542611,0.20168067226890757
0.9,11,shallow,0.7,2.5,0.75,24,0.02962310272974487,274,1.0353620168511455,0.03517413756479937,0.4902386108700823,-0.0799580181013062,0.26277372262773724,3.0446524808550195,0.24452554744525548
0.95,11,shallow,0.7,2.5,0.75,24,0.02962310272974487,274,1.0353620168511455,0.03517413756479937,0.4902386108700823,-0.0799580181013062,0.26277372262773724,3.0446524808550195,0.24452554744525548
0.9,11,deep_slow,0.6,1.5,1.0,12,0.026270004931272684,315,0.9312474718995893,0.035039161483789716,0.7208589616074826,-0.05416843170943397,0.4380952380952381,1.3776151631410618,0.4126984126984127
0.95,11,deep_slow,0.6,1.5,1.0,12,0.026270004931272684,315,0.9312474718995893,0.035039161483789716,0.7208589616074826,-0.05416843170943397,0.4380952380952381,1.3776151631410618,0.4126984126984127
0.8,10,deep_slow,0.7,2.5,2.0,12,0.03201506443356151,195,0.8970008883234559,0.03498511931349113,0.4473359761568338,-0.08715475849696253,0.49743589743589745,1.0934435874508242,0.27692307692307694
0.85,10,deep_slow,0.7,2.5,2.0,12,0.03201506443356151,195,0.8970008883234559,0.03498511931349113,0.4473359761568338,-0.08715475849696253,0.49743589743589745,1.0934435874508242,0.27692307692307694
0.9,11,base,0.7,2.5,2.0,24,0.030935384207832782,148,1.0935598609383375,0.034963808354293135,0.6705550510182413,-0.058106585554448476,0.4864864864864865,1.1505944644652322,0.39864864864864863
0.95,11,base,0.7,2.5,2.0,24,0.030935384207832782,148,1.0935598609383375,0.034963808354293135,0.6705550510182413,-0.058106585554448476,0.4864864864864865,1.1505944644652322,0.39864864864864863
0.8,10,base,0.5,4.0,2.0,24,0.023983485622980496,114,1.478059305142425,0.03481238765584371,0.5230864730357317,-0.07416479077840976,0.4473684210526316,1.363156334471872,0.21052631578947367
0.85,10,base,0.5,4.0,2.0,24,0.023983485622980496,114,1.478059305142425,0.03481238765584371,0.5230864730357317,-0.07416479077840976,0.4473684210526316,1.363156334471872,0.21052631578947367
0.9,11,deep_slow,0.8,2.5,1.0,12,0.03592704925670819,272,0.901552279381517,0.03481179045637961,0.40227407161794215,-0.09643657094434765,0.34558823529411764,2.0383154541824013,0.22426470588235295
0.95,11,deep_slow,0.8,2.5,1.0,12,0.03592704925670819,272,0.901552279381517,0.03481179045637961,0.40227407161794215,-0.09643657094434765,0.34558823529411764,2.0383154541824013,0.22426470588235295
0.9,11,shallow,0.6,2.0,1.5,24,0.025504051782762147,195,0.996221300153245,0.034780096809537975,0.4765936936216263,-0.08132408389268575,0.4358974358974359,1.399769489929241,0.4205128205128205
0.95,11,shallow,0.6,2.0,1.5,24,0.025504051782762147,195,0.996221300153245,0.034780096809537975,0.4765936936216263,-0.08132408389268575,0.4358974358974359,1.399769489929241,0.4205128205128205
0.9,11,shallow,0.4,2.0,1.5,24,0.017780104391063124,172,1.0690700055859659,0.034557696746390976,0.6308542949098369,-0.06104457971565058,0.45348837209302323,1.3137437659952402,0.42441860465116277
0.95,11,shallow,0.4,2.0,1.5,24,0.017780104391063124,172,1.0690700055859659,0.034557696746390976,0.6308542949098369,-0.06104457971565058,0.45348837209302323,1.3137437659952402,0.42441860465116277
0.9,11,deep_slow,0.4,2.0,1.0,6,0.018002548129969136,271,0.9249361279301181,0.0345112181483358,0.837015138653827,-0.04594700956304232,0.42435424354243545,1.4782674079636402,0.2177121771217712
0.95,11,deep_slow,0.4,2.0,1.0,6,0.018002548129969136,271,0.9249361279301181,0.0345112181483358,0.837015138653827,-0.04594700956304232,0.42435424354243545,1.4782674079636402,0.2177121771217712
0.8,10,shallow,0.5,2.0,1.5,12,0.02225569419366929,216,0.9472254769267022,0.03450974653932226,0.7407425026647745,-0.05191642090858273,0.47685185185185186,1.1891049521567514,0.35185185185185186
0.85,10,shallow,0.5,2.0,1.5,12,0.02225569419366929,216,0.9472254769267022,0.03450974653932226,0.7407425026647745,-0.05191642090858273,0.47685185185185186,1.1891049521567514,0.35185185185185186
0.9,11,base,0.8,2.0,1.0,12,0.03626824368319925,289,0.9087183553763648,0.03439325617288058,0.4728660156178648,-0.08105179811742769,0.3771626297577855,1.7731587377949538,0.2975778546712803
0.95,11,base,0.8,2.0,1.0,12,0.03626824368319925,289,0.9087183553763648,0.03439325617288058,0.4728660156178648,-0.08105179811742769,0.3771626297577855,1.7731587377949538,0.2975778546712803
0.8,10,base,0.7,1.5,0.75,6,0.034786761033208866,422,0.8033299073779945,0.03399330114654142,0.8509643632048994,-0.04451433541395511,0.3862559241706161,1.70945068352465,0.31990521327014215
0.85,10,base,0.7,1.5,0.75,6,0.034786761033208866,422,0.8033299073779945,0.03399330114654142,0.8509643632048994,-0.04451433541395511,0.3862559241706161,1.70945068352465,0.31990521327014215
0.9,11,base,0.8,3.0,0.75,24,0.03626824368319925,255,1.0735107905044057,0.03398431725184592,0.46241483914740666,-0.08189634086594566,0.23921568627450981,3.4557690227721416,0.2
0.95,11,base,0.8,3.0,0.75,24,0.03626824368319925,255,1.0735107905044057,0.03398431725184592,0.46241483914740666,-0.08189634086594566,0.23921568627450981,3.4557690227721416,0.2
0.8,10,deep_slow,0.8,2.0,1.5,12,0.03652372924092767,247,0.8558140001100546,0.033882332217291644,0.41318832174634257,-0.0913777661251407,0.46153846153846156,1.248875333058218,0.3522267206477733
0.85,10,deep_slow,0.8,2.0,1.5,12,0.03652372924092767,247,0.8558140001100546,0.033882332217291644,0.41318832174634257,-0.0913777661251407,0.46153846153846156,1.248875333058218,0.3522267206477733
0.8,10,base,0.7,3.0,0.75,12,0.034786761033208866,287,1.0237451675345117,0.03387949417642244,0.5148255549996336,-0.07333174714181434,0.27177700348432055,2.8937772010643683,0.16376306620209058
0.85,10,base,0.7,3.0,0.75,12,0.034786761033208866,287,1.0237451675345117,0.03387949417642244,0.5148255549996336,-0.07333174714181434,0.27177700348432055,2.8937772010643683,0.16376306620209058
0.8,10,base,0.5,1.5,0.5,6,0.023983485622980496,419,0.9187035369331444,0.03387671064600983,1.2894664630776693,-0.029275635272656197,0.3054892601431981,2.4610923583070177,0.2577565632458234
0.85,10,base,0.5,1.5,0.5,6,0.023983485622980496,419,0.9187035369331444,0.03387671064600983,1.2894664630776693,-0.029275635272656197,0.3054892601431981,2.4610923583070177,0.2577565632458234
0.8,10,shallow,0.5,2.5,2.0,24,0.02225569419366929,145,0.9747385072495057,0.03380740548196037,0.6163174124944364,-0.061125284892419085,0.47586206896551725,1.198869103131825,0.4068965517241379
0.85,10,shallow,0.5,2.5,2.0,24,0.02225569419366929,145,0.9747385072495057,0.03380740548196037,0.6163174124944364,-0.061125284892419085,0.47586206896551725,1.198869103131825,0.4068965517241379
0.8,10,base,0.6,2.5,0.75,12,0.028890652717152483,295,0.9139443474496712,0.0337546866489542,0.709985808885108,-0.052978132681120726,0.29152542372881357,2.6214742768381107,0.21694915254237288
0.85,10,base,0.6,2.5,0.75,12,0.028890652717152483,295,0.9139443474496712,0.0337546866489542,0.709985808885108,-0.052978132681120726,0.29152542372881357,2.6214742768381107,0.21694915254237288
0.8,10,deep_slow,0.4,2.5,1.0,24,0.02012685895493155,201,0.9917968498633999,0.033664877009008,0.45523787500126256,-0.08240408409235711,0.32338308457711445,2.286781708239788,0.2736318407960199
0.85,10,deep_slow,0.4,2.5,1.0,24,0.02012685895493155,201,0.9917968498633999,0.033664877009008,0.45523787500126256,-0.08240408409235711,0.32338308457711445,2.286781708239788,0.2736318407960199
0.9,11,base,0.8,4.0,2.5,24,0.03626824368319925,111,1.2818731499254101,0.03364076893704682,0.5170110993359768,-0.07250627003384058,0.46846846846846846,1.2539024386808397,0.22522522522522523
0.95,11,base,0.8,4.0,2.5,24,0.03626824368319925,111,1.2818731499254101,0.03364076893704682,0.5170110993359768,-0.07250627003384058,0.46846846846846846,1.2539024386808397,0.22522522522522523
0.8,10,shallow,0.8,2.0,1.5,12,0.04189406605295098,244,0.8698670263754353,0.03354285009658087,0.3958204634851291,-0.09442976292498151,0.46311475409836067,1.2422330670001378,0.35655737704918034
0.85,10,shallow,0.8,2.0,1.5,12,0.04189406605295098,244,0.8698670263754353,0.03354285009658087,0.3958204634851291,-0.09442976292498151,0.46311475409836067,1.2422330670001378,0.35655737704918034
0.8,10,shallow,0.5,2.5,0.75,6,0.02225569419366929,314,0.9016288149665886,0.033453032223632384,0.7913940606431805,-0.047102910226116346,0.34076433121019106,2.095986049030549,0.1592356687898089
0.85,10,shallow,0.5,2.5,0.75,6,0.02225569419366929,314,0.9016288149665886,0.033453032223632384,0.7913940606431805,-0.047102910226116346,0.34076433121019106,2.095986049030549,0.1592356687898089
0.8,10,base,0.7,2.5,0.5,12,0.034786761033208866,375,0.9422113961887023,0.033432729142841566,0.5684138734478241,-0.0655407964302136,0.22933333333333333,3.6355088308987447,0.15733333333333333
0.85,10,base,0.7,2.5,0.5,12,0.034786761033208866,375,0.9422113961887023,0.033432729142841566,0.5684138734478241,-0.0655407964302136,0.22933333333333333,3.6355088308987447,0.15733333333333333
0.9,11,base,0.6,4.0,2.0,24,0.02585215857847287,120,1.21553060624161,0.03337245620959228,0.4789698561989537,-0.0776395671971275,0.43333333333333335,1.4385087503013572,0.20833333333333334
0.95,11,base,0.6,4.0,2.0,24,0.02585215857847287,120,1.21553060624161,0.03337245620959228,0.4789698561989537,-0.0776395671971275,0.43333333333333335,1.4385087503013572,0.20833333333333334
0.9,11,deep_slow,0.7,2.5,0.75,6,0.03059831863119774,360,0.877526701543527,0.03333733119096838,0.6002802378565828,-0.061884097484611766,0.3416666666666667,2.0843486220814946,0.15
0.95,11,deep_slow,0.7,2.5,0.75,6,0.03059831863119774,360,0.877526701543527,0.03333733119096838,0.6002802378565828,-0.061884097484611766,0.3416666666666667,2.0843486220814946,0.15
0.9,11,deep_slow,0.5,2.0,1.5,24,0.02227660444433337,192,0.9649889961822893,0.03332380212660846,0.5462754124158646,-0.06797431638620532,0.4427083333333333,1.3553427387323491,0.4270833333333333
0.95,11,deep_slow,0.5,2.0,1.5,24,0.02227660444433337,192,0.9649889961822893,0.03332380212660846,0.5462754124158646,-0.06797431638620532,0.4427083333333333,1.3553427387323491,0.4270833333333333
0.9,11,base,0.7,3.0,1.5,24,0.030935384207832782,168,1.0302127107770802,0.03331573661853504,0.4690503387626662,-0.07914650264230583,0.39880952380952384,1.620161345101186,0.2916666666666667
0.95,11,base,0.7,3.0,1.5,24,0.030935384207832782,168,1.0302127107770802,0.03331573661853504,0.4690503387626662,-0.07914650264230583,0.39880952380952384,1.620161345101186,0.2916666666666667
0.8,10,shallow,0.7,2.5,1.0,24,0.034650808039162956,239,0.8544217485002719,0.033315407224195015,0.3967493207011029,-0.09356872015576112,0.32217573221757323,2.266887624964136,0.2803347280334728
0.85,10,shallow,0.7,2.5,1.0,24,0.034650808039162956,239,0.8544217485002719,0.033315407224195015,0.3967493207011029,-0.09356872015576112,0.32217573221757323,2.266887624964136,0.2803347280334728
0.9,11,shallow,0.6,4.0,1.5,24,0.025504051782762147,146,1.1168743929156382,0.033256305169160116,0.42371141238106047,-0.08745893405560234,0.3561643835616438,1.9706532689106222,0.1917808219178082
0.95,11,shallow,0.6,4.0,1.5,24,0.025504051782762147,146,1.1168743929156382,0.033256305169160116,0.42371141238106047,-0.08745893405560234,0.3561643835616438,1.9706532689106222,0.1917808219178082
0.9,11,shallow,0.6,3.0,0.5,24,0.025504051782762147,297,1.1033565368726275,0.03323411651947272,0.6155437722221805,-0.06016238046842426,0.1750841750841751,5.1640020078759745,0.15151515151515152
0.95,11,shallow,0.6,3.0,0.5,24,0.025504051782762147,297,1.1033565368726275,0.03323411651947272,0.6155437722221805,-0.06016238046842426,0.1750841750841751,5.1640020078759745,0.15151515151515152
0.9,11,deep_slow,0.5,2.5,0.75,24,0.02227660444433337,253,0.9445984082138859,0.03315296739362639,0.5491562014400452,-0.06727045935157216,0.26877470355731226,2.9528652236768385,0.2450592885375494
0.95,11,deep_slow,0.5,2.5,0.75,24,0.02227660444433337,253,0.9445984082138859,0.03315296739362639,0.5491562014400452,-0.06727045935157216,0.26877470355731226,2.9528652236768385,0.2450592885375494
0.9,11,deep_slow,0.7,2.5,1.0,6,0.03059831863119774,324,0.8432324337032266,0.033137446901185585,0.5534972593201504,-0.06671155728820133,0.4074074074074074,1.5659030143414645,0.16049382716049382
0.95,11,deep_slow,0.7,2.5,1.0,6,0.03059831863119774,324,0.8432324337032266,0.033137446901185585,0.5534972593201504,-0.06671155728820133,0.4074074074074074,1.5659030143414645,0.16049382716049382
0.8,10,shallow,0.6,3.0,2.0,12,0.0281987593635591,179,1.0208201548923295,0.033034582007789526,0.516742565313239,-0.07123437745884575,0.49162011173184356,1.1229034918801308,0.22346368715083798
0.85,10,shallow,0.6,3.0,2.0,12,0.0281987593635591,179,1.0208201548923295,0.033034582007789526,0.516742565313239,-0.07123437745884575,0.49162011173184356,1.1229034918801308,0.22346368715083798
0.9,11,shallow,0.7,1.0,0.75,24,0.02962310272974487,459,0.8107443817994459,0.032999936564657606,0.6140692136559245,-0.059881132843222384,0.46187363834422657,1.2402400487317686,0.46187363834422657
0.95,11,shallow,0.7,1.0,0.75,24,0.02962310272974487,459,0.8107443817994459,0.032999936564657606,0.6140692136559245,-0.059881132843222384,0.46187363834422657,1.2402400487317686,0.46187363834422657
0.9,11,shallow,0.5,2.5,2.0,6,0.02146249546792225,235,0.8963627063971329,0.03295042124047565,0.5379152579001943,-0.0682558930981344,0.48936170212765956,1.127663642299837,0.1829787234042553
0.95,11,shallow,0.5,2.5,2.0,6,0.02146249546792225,235,0.8963627063971329,0.03295042124047565,0.5379152579001943,-0.0682558930981344,0.48936170212765956,1.127663642299837,0.1829787234042553
0.8,10,base,0.6,2.5,0.5,12,0.028890652717152483,352,0.9342071301453804,0.03286843372614179,0.7916981200684059,-0.046260517273200796,0.23011363636363635,3.6292919273405673,0.16193181818181818
0.85,10,base,0.6,2.5,0.5,12,0.028890652717152483,352,0.9342071301453804,0.03286843372614179,0.7916981200684059,-0.046260517273200796,0.23011363636363635,3.6292919273405673,0.16193181818181818
0.9,11,deep_slow,0.5,4.0,1.0,24,0.02227660444433337,169,1.1627226593478195,0.032826951722543685,0.48376014035063314,-0.07561197358720406,0.28994082840236685,2.6989153720726766,0.15384615384615385
0.95,11,deep_slow,0.5,4.0,1.0,24,0.02227660444433337,169,1.1627226593478195,0.032826951722543685,0.48376014035063314,-0.07561197358720406,0.28994082840236685,2.6989153720726766,0.15384615384615385
0.9,11,deep_slow,0.8,2.5,2.0,24,0.03592704925670819,157,0.9067554807942257,0.03269283709218507,0.4516677877994791,-0.08065297471285204,0.4840764331210191,1.149002730695803,0.3885350318471338
0.95,11,deep_slow,0.8,2.5,2.0,24,0.03592704925670819,157,0.9067554807942257,0.03269283709218507,0.4516677877994791,-0.08065297471285204,0.4840764331210191,1.149002730695803,0.3885350318471338
0.8,10,deep_slow,0.6,4.0,1.5,24,0.027441884318986948,145,1.2071787255183746,0.032658031554383626,0.42695118247418423,-0.08523105240649365,0.3793103448275862,1.7977709664063255,0.18620689655172415
0.85,10,deep_slow,0.6,4.0,1.5,24,0.027441884318986948,145,1.2071787255183746,0.032658031554383626,0.42695118247418423,-0.08523105240649365,0.3793103448275862,1.7977709664063255,0.18620689655172415
0.8,10,shallow,0.5,3.0,2.0,12,0.02225569419366929,169,1.0440818221788122,0.03263160758339656,0.5476668443273695,-0.06639073195442358,0.48520710059171596,1.1577897837842483,0.21893491124260356
0.85,10,shallow,0.5,3.0,2.0,12,0.02225569419366929,169,1.0440818221788122,0.03263160758339656,0.5476668443273695,-0.06639073195442358,0.48520710059171596,1.1577897837842483,0.21893491124260356
0.9,11,deep_slow,0.4,2.5,0.5,24,0.018002548129969136,287,1.0420747898369764,0.0326068981277321,0.7045340027001591,-0.05156943524803159,0.1986062717770035,4.435715453488469,0.18466898954703834
0.95,11,deep_slow,0.4,2.5,0.5,24,0.018002548129969136,287,1.0420747898369764,0.0326068981277321,0.7045340027001591,-0.05156943524803159,0.1986062717770035,4.435715453488469,0.18466898954703834
0.8,10,base,0.7,2.0,0.75,12,0.034786761033208866,340,0.837995200175351,0.03257616328292956,0.5661293095938004,-0.0641162932668854,0.3176470588235294,2.3270814267523923,0.27058823529411763
0.85,10,base,0.7,2.0,0.75,12,0.034786761033208866,340,0.837995200175351,0.03257616328292956,0.5661293095938004,-0.0641162932668854,0.3176470588235294,2.3270814267523923,0.27058823529411763
0.9,11,base,0.5,1.5,0.5,24,0.02143757519805179,396,0.9392562792916038,0.0325667070879041,1.0186628732138006,-0.03562273479679068,0.2828282828282828,2.7415435397598373,0.2828282828282828
0.95,11,base,0.5,1.5,0.5,24,0.02143757519805179,396,0.9392562792916038,0.0325667070879041,1.0186628732138006,-0.03562273479679068,0.2828282828282828,2.7415435397598373,0.2828282828282828
0.9,11,shallow,0.8,3.0,2.0,24,0.03483165271979253,138,1.1280466545672228,0.03231093969402643,0.43276920190702495,-0.08318998078746609,0.4492753623188406,1.3370746888450697,0.30434782608695654
0.95,11,shallow,0.8,3.0,2.0,24,0.03483165271979253,138,1.1280466545672228,0.03231093969402643,0.43276920190702495,-0.08318998078746609,0.4492753623188406,1.3370746888450697,0.30434782608695654
0.8,10,deep_slow,0.5,4.0,1.0,24,0.02386910511055699,171,1.2039809503037397,0.032207997615869566,0.4946409458094664,-0.07255193262824022,0.28654970760233917,2.732297979219056,0.15204678362573099
0.85,10,deep_slow,0.5,4.0,1.0,24,0.02386910511055699,171,1.2039809503037397,0.032207997615869566,0.4946409458094664,-0.07255193262824022,0.28654970760233917,2.732297979219056,0.15204678362573099
0.8,10,shallow,0.4,2.5,1.5,12,0.016624676068168656,190,0.8922378977180453,0.03219760475668232,0.5280049310653327,-0.06794549429168284,0.4368421052631579,1.3977365802101438,0.2578947368421053
0.85,10,shallow,0.4,2.5,1.5,12,0.016624676068168656,190,0.8922378977180453,0.03219760475668232,0.5280049310653327,-0.06794549429168284,0.4368421052631579,1.3977365802101438,0.2578947368421053
0.8,10,base,0.5,1.5,1.0,24,0.023983485622980496,297,0.836312807293688,0.03213814036415252,0.9567378143869207,-0.03742841704373201,0.43097643097643096,1.4115349075755816,0.43097643097643096
0.85,10,base,0.5,1.5,1.0,24,0.023983485622980496,297,0.836312807293688,0.03213814036415252,0.9567378143869207,-0.03742841704373201,0.43097643097643096,1.4115349075755816,0.43097643097643096
0.8,10,shallow,0.6,4.0,2.5,24,0.0281987593635591,107,1.1894515784542703,0.032115206820688025,0.49075039181480523,-0.07291605717593952,0.48598130841121495,1.1734313665976785,0.2336448598130841
0.85,10,shallow,0.6,4.0,2.5,24,0.0281987593635591,107,1.1894515784542703,0.032115206820688025,0.49075039181480523,-0.07291605717593952,0.48598130841121495,1.1734313665976785,0.2336448598130841
0.8,10,shallow,0.6,3.0,1.0,24,0.0281987593635591,211,0.989204743262111,0.0319388895238204,0.4158239823338299,-0.08558135874120054,0.2938388625592417,2.594691191859161,0.23696682464454977
0.85,10,shallow,0.6,3.0,1.0,24,0.0281987593635591,211,0.989204743262111,0.0319388895238204,0.4158239823338299,-0.08558135874120054,0.2938388625592417,2.594691191859161,0.23696682464454977
0.9,11,shallow,0.8,1.5,0.5,24,0.03483165271979253,460,0.8347036866368238,0.03191263928738475,0.6043522669175599,-0.058835688436319034,0.2826086956521739,2.7353422706791384,0.2826086956521739
0.95,11,shallow,0.8,1.5,0.5,24,0.03483165271979253,460,0.8347036866368238,0.03191263928738475,0.6043522669175599,-0.058835688436319034,0.2826086956521739,2.7353422706791384,0.2826086956521739
0.9,11,shallow,0.7,4.0,1.5,24,0.02962310272974487,148,1.0902399086174361,0.03190550778568513,0.36002507701456987,-0.09874179327732002,0.3581081081081081,1.9458028415396704,0.19594594594594594
0.95,11,shallow,0.7,4.0,1.5,24,0.02962310272974487,148,1.0902399086174361,0.03190550778568513,0.36002507701456987,-0.09874179327732002,0.3581081081081081,1.9458028415396704,0.19594594594594594
0.9,11,shallow,0.4,2.5,2.0,24,0.017780104391063124,125,1.0765828103762645,0.031699846848166624,0.5200386936754058,-0.06791796973754671,0.472,1.2277431271531114,0.376
0.95,11,shallow,0.4,2.5,2.0,24,0.017780104391063124,125,1.0765828103762645,0.031699846848166624,0.5200386936754058,-0.06791796973754671,0.472,1.2277431271531114,0.376
0.9,11,base,0.5,1.5,0.5,12,0.02143757519805179,399,0.9101599508302054,0.031638962535959214,0.9269550363900835,-0.03802991033582692,0.2857142857142857,2.6973197539197296,0.2756892230576441
0.95,11,base,0.5,1.5,0.5,12,0.02143757519805179,399,0.9101599508302054,0.031638962535959214,0.9269550363900835,-0.03802991033582692,0.2857142857142857,2.6973197539197296,0.2756892230576441
0.9,11,deep_slow,0.6,1.5,0.5,24,0.026270004931272684,425,0.8597176648330819,0.0315696211725951,0.6995201158997464,-0.05028393334998782,0.2823529411764706,2.7270772021136245,0.2823529411764706
0.95,11,deep_slow,0.6,1.5,0.5,24,0.026270004931272684,425,0.8597176648330819,0.0315696211725951,0.6995201158997464,-0.05028393334998782,0.2823529411764706,2.7270772021136245,0.2823529411764706
0.9,11,base,0.6,3.0,1.5,12,0.02585215857847287,195,0.9500057167771945,0.03156079261978606,0.5839890565964871,-0.060214774077498534,0.4256410256410256,1.4552320615036682,0.21025641025641026
0.95,11,base,0.6,3.0,1.5,12,0.02585215857847287,195,0.9500057167771945,0.03156079261978606,0.5839890565964871,-0.060214774077498534,0.4256410256410256,1.4552320615036682,0.21025641025641026
0.9,11,deep_slow,0.6,2.5,1.0,24,0.026270004931272684,223,0.8765297569926545,0.03150618074044087,0.4259892812980635,-0.08240539636666078,0.32286995515695066,2.258424101556775,0.27802690582959644
0.95,11,deep_slow,0.6,2.5,1.0,24,0.026270004931272684,223,0.8765297569926545,0.03150618074044087,0.4259892812980635,-0.08240539636666078,0.32286995515695066,2.258424101556775,0.27802690582959644
0.8,10,base,0.7,3.0,0.5,24,0.034786761033208866,314,1.0109565214158722,0.03147078614391852,0.5447195085714736,-0.06437131499510906,0.18152866242038215,4.87167853998925,0.15605095541401273
0.85,10,base,0.7,3.0,0.5,24,0.034786761033208866,314,1.0109565214158722,0.03147078614391852,0.5447195085714736,-0.06437131499510906,0.18152866242038215,4.87167853998925,0.15605095541401273
0.9,11,base,0.5,2.5,1.5,24,0.02143757519805179,165,0.9810082103086639,0.031248590723001124,0.5337824106952254,-0.0652256758762344,0.4121212121212121,1.5402382113569102,0.3393939393939394
0.95,11,base,0.5,2.5,1.5,24,0.02143757519805179,165,0.9810082103086639,0.031248590723001124,0.5337824106952254,-0.0652256758762344,0.4121212121212121,1.5402382113569102,0.3393939393939394
0.9,11,shallow,0.6,2.5,1.5,6,0.025504051782762147,267,0.8063743447877624,0.031239188599401002,0.4609385145740815,-0.07551077599149025,0.4681647940074906,1.213588697603958,0.18726591760299627
0.95,11,shallow,0.6,2.5,1.5,6,0.025504051782762147,267,0.8063743447877624,0.031239188599401002,0.4609385145740815,-0.07551077599149025,0.4681647940074906,1.213588697603958,0.18726591760299627
0.8,10,shallow,0.7,2.5,1.5,12,0.034650808039162956,219,0.8264778716091075,0.031201323186780705,0.403073514701062,-0.08624621232404373,0.4383561643835616,1.3703269830715927,0.2557077625570776
0.85,10,shallow,0.7,2.5,1.5,12,0.034650808039162956,219,0.8264778716091075,0.031201323186780705,0.403073514701062,-0.08624621232404373,0.4383561643835616,1.3703269830715927,0.2557077625570776
0.9,11,base,0.6,2.5,0.5,12,0.02585215857847287,349,0.8901586416874637,0.03115426502273877,0.5625921605849431,-0.06169841269097942,0.21203438395415472,4.015275777547702,0.16332378223495703
0.95,11,base,0.6,2.5,0.5,12,0.02585215857847287,349,0.8901586416874637,0.03115426502273877,0.5625921605849431,-0.06169841269097942,0.21203438395415472,4.015275777547702,0.16332378223495703
0.9,11,deep_slow,0.8,2.5,1.0,24,0.03592704925670819,249,0.8140528432442947,0.031144751446032348,0.3503965040279426,-0.09903188254078543,0.3092369477911647,2.3695799901883685,0.27710843373493976
0.95,11,deep_slow,0.8,2.5,1.0,24,0.03592704925670819,249,0.8140528432442947,0.031144751446032348,0.3503965040279426,-0.09903188254078543,0.3092369477911647,2.3695799901883685,0.27710843373493976
0.8,10,base,0.8,2.5,1.0,12,0.041557390516231536,278,0.7897475109341073,0.031081412686236654,0.38255338220648044,-0.0905226210926825,0.35251798561151076,1.9592831177111116,0.22661870503597123
0.85,10,base,0.8,2.5,1.0,12,0.041557390516231536,278,0.7897475109341073,0.031081412686236654,0.38255338220648044,-0.0905226210926825,0.35251798561151076,1.9592831177111116,0.22661870503597123
0.9,11,deep_slow,0.6,4.0,2.0,24,0.026270004931272684,116,1.2442761373171503,0.030950179753788776,0.4434794438883605,-0.07775618824670039,0.41379310344827586,1.555312782307722,0.20689655172413793
0.95,11,deep_slow,0.6,4.0,2.0,24,0.026270004931272684,116,1.2442761373171503,0.030950179753788776,0.4434794438883605,-0.07775618824670039,0.41379310344827586,1.555312782307722,0.20689655172413793
0.9,11,deep_slow,0.5,2.0,1.0,6,0.02227660444433337,299,0.8121737396294322,0.030948373480590208,0.533782123571032,-0.06459799552358836,0.4080267558528428,1.556608271902174,0.21739130434782608
0.95,11,deep_slow,0.5,2.0,1.0,6,0.02227660444433337,299,0.8121737396294322,0.030948373480590208,0.533782123571032,-0.06459799552358836,0.4080267558528428,1.556608271902174,0.21739130434782608
0.9,11,base,0.7,3.0,1.5,12,0.030935384207832782,200,0.9504197496672994,0.03091725733640205,0.4648000512660886,-0.07411042228785836,0.435,1.397983321413726,0.2
0.95,11,base,0.7,3.0,1.5,12,0.030935384207832782,200,0.9504197496672994,0.03091725733640205,0.4648000512660886,-0.07411042228785836,0.435,1.397983321413726,0.2
0.8,10,shallow,0.8,2.5,1.0,24,0.04189406605295098,250,0.7922418165538072,0.030858620492880462,0.3328052612397405,-0.10330692088075943,0.316,2.2949586323198226,0.276
0.85,10,shallow,0.8,2.5,1.0,24,0.04189406605295098,250,0.7922418165538072,0.030858620492880462,0.3328052612397405,-0.10330692088075943,0.316,2.2949586323198226,0.276
0.9,11,shallow,0.7,1.5,0.75,12,0.02962310272974487,371,0.7825251823308128,0.030843089967189652,0.675537392865406,-0.0508687668176514,0.3692722371967655,1.8169428087349258,0.3504043126684636
0.95,11,shallow,0.7,1.5,0.75,12,0.02962310272974487,371,0.7825251823308128,0.030843089967189652,0.675537392865406,-0.0508687668176514,0.3692722371967655,1.8169428087349258,0.3504043126684636
0.9,11,shallow,0.7,3.0,0.75,12,0.02962310272974487,270,0.9908596015403708,0.030770677353322062,0.45489308849984733,-0.07536482756854124,0.27037037037037037,2.9107221609538443,0.15555555555555556
0.95,11,shallow,0.7,3.0,0.75,12,0.02962310272974487,270,0.9908596015403708,0.030770677353322062,0.45489308849984733,-0.07536482756854124,0.27037037037037037,2.9107221609538443,0.15555555555555556
0.9,11,shallow,0.8,2.5,1.5,6,0.03483165271979253,291,0.7583474212426007,0.030631944697751434,0.3413820693807559,-0.09997042510622234,0.4742268041237113,1.1781541726861093,0.16494845360824742
0.95,11,shallow,0.8,2.5,1.5,6,0.03483165271979253,291,0.7583474212426007,0.030631944697751434,0.3413820693807559,-0.09997042510622234,0.4742268041237113,1.1781541726861093,0.16494845360824742
0.9,11,deep_slow,0.4,2.0,0.75,6,0.018002548129969136,296,0.8296058370469271,0.030542459882980655,0.7851105543196126,-0.043341978665145,0.3581081081081081,1.9388640784260311,0.20945945945945946
0.95,11,deep_slow,0.4,2.0,0.75,6,0.018002548129969136,296,0.8296058370469271,0.030542459882980655,0.7851105543196126,-0.043341978665145,0.3581081081081081,1.9388640784260311,0.20945945945945946
0.9,11,deep_slow,0.5,1.5,1.0,6,0.02227660444433337,326,0.7968929868651343,0.030511577007210855,0.720753261327464,-0.047164239734807656,0.4447852760736196,1.3331020164428709,0.34049079754601225
0.95,11,deep_slow,0.5,1.5,1.0,6,0.02227660444433337,326,0.7968929868651343,0.030511577007210855,0.720753261327464,-0.047164239734807656,0.4447852760736196,1.3331020164428709,0.34049079754601225
0.9,11,shallow,0.6,1.5,1.0,6,0.025504051782762147,342,0.7587999363401123,0.030297214376718173,0.6724110926337173,-0.050199282082423524,0.4502923976608187,1.300236673247594,0.3304093567251462
0.95,11,shallow,0.6,1.5,1.0,6,0.025504051782762147,342,0.7587999363401123,0.030297214376718173,0.6724110926337173,-0.050199282082423524,0.4502923976608187,1.300236673247594,0.3304093567251462
0.9,11,shallow,0.8,1.5,0.5,12,0.03483165271979253,464,0.7883092242809863,0.030274381415258622,0.5475816832531978,-0.06159642338560756,0.28879310344827586,2.6452604392414907,0.27586206896551724
0.95,11,shallow,0.8,1.5,0.5,12,0.03483165271979253,464,0.7883092242809863,0.030274381415258622,0.5475816832531978,-0.06159642338560756,0.28879310344827586,2.6452604392414907,0.27586206896551724
0.8,10,deep_slow,0.8,4.0,2.0,24,0.03652372924092767,133,0.9839473781659307,0.03013972033347101,0.3132185424095022,-0.10720564758789841,0.42857142857142855,1.4493526258086757,0.19548872180451127
0.85,10,deep_slow,0.8,4.0,2.0,24,0.03652372924092767,133,0.9839473781659307,0.03013972033347101,0.3132185424095022,-0.10720564758789841,0.42857142857142855,1.4493526258086757,0.19548872180451127
0.9,11,shallow,0.7,2.0,0.5,12,0.02962310272974487,386,0.8533943328789931,0.029977371805360642,0.5531802561059684,-0.06037385572239562,0.24093264248704663,3.3826707665664464,0.20466321243523317
0.95,11,shallow,0.7,2.0,0.5,12,0.02962310272974487,386,0.8533943328789931,0.029977371805360642,0.5531802561059684,-0.06037385572239562,0.24093264248704663,3.3826707665664464,0.20466321243523317
0.9,11,shallow,0.7,1.0,0.75,12,0.02962310272974487,459,0.736999188355276,0.029877848829316545,0.5542390143474106,-0.06005814048497693,0.4596949891067538,1.2438832868656886,0.4596949891067538
0.95,11,shallow,0.7,1.0,0.75,12,0.02962310272974487,459,0.736999188355276,0.029877848829316545,0.5542390143474106,-0.06005814048497693,0.4596949891067538,1.2438832868656886,0.4596949891067538
0.8,10,shallow,0.6,4.0,1.0,24,0.0281987593635591,179,1.1054639916499114,0.0298715762661812,0.39588990159397114,-0.08406267694423775,0.2681564245810056,2.9610907951394627,0.15083798882681565
0.85,10,shallow,0.6,4.0,1.0,24,0.0281987593635591,179,1.1054639916499114,0.0298715762661812,0.39588990159397114,-0.08406267694423775,0.2681564245810056,2.9610907951394627,0.15083798882681565
0.9,11,deep_slow,0.4,1.5,1.0,24,0.018002548129969136,254,0.8701490587082137,0.029757875862234773,0.7771666856521295,-0.04265839711827668,0.4330708661417323,1.4084454053608109,0.42913385826771655
0.95,11,deep_slow,0.4,1.5,1.0,24,0.018002548129969136,254,0.8701490587082137,0.029757875862234773,0.7771666856521295,-0.04265839711827668,0.4330708661417323,1.4084454053608109,0.42913385826771655
0.9,11,shallow,0.5,4.0,1.5,24,0.02146249546792225,136,1.0732179147072591,0.02975041578770976,0.4091859249134524,-0.08100073424766285,0.38235294117647056,1.7556542684488183,0.19117647058823528
0.95,11,shallow,0.5,4.0,1.5,24,0.02146249546792225,136,1.0732179147072591,0.02975041578770976,0.4091859249134524,-0.08100073424766285,0.38235294117647056,1.7556542684488183,0.19117647058823528
0.9,11,deep_slow,0.5,3.0,1.5,24,0.02227660444433337,156,1.0426346027266853,0.029741465560764846,0.4247280221667564,-0.07801315437074252,0.38461538461538464,1.7112944103540573,0.28205128205128205
0.95,11,deep_slow,0.5,3.0,1.5,24,0.02227660444433337,156,1.0426346027266853,0.029741465560764846,0.4247280221667564,-0.07801315437074252,0.38461538461538464,1.7112944103540573,0.28205128205128205
0.9,11,deep_slow,0.4,2.5,1.0,24,0.018002548129969136,196,0.9287267809259239,0.02970671872338615,0.453829738468853,-0.07292514323455779,0.32653061224489793,2.234579265360631,0.28061224489795916
0.95,11,deep_slow,0.4,2.5,1.0,24,0.018002548129969136,196,0.9287267809259239,0.02970671872338615,0.453829738468853,-0.07292514323455779,0.32653061224489793,2.234579265360631,0.28061224489795916
0.8,10,shallow,0.7,2.0,1.0,12,0.034650808039162956,288,0.7610632631021053,0.029646360432206142,0.33569679716291817,-0.09838713193627513,0.3715277777777778,1.798982552697715,0.2951388888888889
0.85,10,shallow,0.7,2.0,1.0,12,0.034650808039162956,288,0.7610632631021053,0.029646360432206142,0.33569679716291817,-0.09838713193627513,0.3715277777777778,1.798982552697715,0.2951388888888889
0.9,11,deep_slow,0.4,2.5,0.75,24,0.018002548129969136,231,0.9313923088559126,0.029601042602307004,0.5836274825942159,-0.05650466494089823,0.2683982683982684,2.9523417582326994,0.24242424242424243
0.95,11,deep_slow,0.4,2.5,0.75,24,0.018002548129969136,231,0.9313923088559126,0.029601042602307004,0.5836274825942159,-0.05650466494089823,0.2683982683982684,2.9523417582326994,0.24242424242424243
0.8,10,shallow,0.4,2.5,0.5,24,0.016624676068168656,296,0.9244825846179604,0.029548950606959723,0.7810325585469305,-0.04214875085500169,0.19932432432432431,4.3682368874281305,0.19594594594594594
0.85,10,shallow,0.4,2.5,0.5,24,0.016624676068168656,296,0.9244825846179604,0.029548950606959723,0.7810325585469305,-0.04214875085500169,0.19932432432432431,4.3682368874281305,0.19594594594594594
0.9,11,deep_slow,0.5,1.5,1.0,12,0.02227660444433337,297,0.8063550055818209,0.029528162087722798,0.592951378151246,-0.05547899953356383,0.43097643097643096,1.406617817623617,0.41414141414141414
0.95,11,deep_slow,0.5,1.5,1.0,12,0.02227660444433337,297,0.8063550055818209,0.029528162087722798,0.592951378151246,-0.05547899953356383,0.43097643097643096,1.406617817623617,0.41414141414141414
0.8,10,base,0.7,2.5,1.0,24,0.034786761033208866,245,0.7721445166716804,0.02942745634466304,0.3711056766750446,-0.08834134462441412,0.31020408163265306,2.3515606631120898,0.27755102040816326
0.85,10,base,0.7,2.5,1.0,24,0.034786761033208866,245,0.7721445166716804,0.02942745634466304,0.3711056766750446,-0.08834134462441412,0.31020408163265306,2.3515606631120898,0.27755102040816326
0.9,11,shallow,0.5,2.0,1.5,24,0.02146249546792225,179,0.8860855805212482,0.029368975846350898,0.4278339379645833,-0.07647527548809818,0.44692737430167595,1.3273991204508355,0.41899441340782123
0.95,11,shallow,0.5,2.0,1.5,24,0.02146249546792225,179,0.8860855805212482,0.029368975846350898,0.4278339379645833,-0.07647527548809818,0.44692737430167595,1.3273991204508355,0.41899441340782123
0.8,10,shallow,0.5,3.0,1.5,24,0.02225569419366929,158,0.9750176701689377,0.02932408174549228,0.3913059669335871,-0.08348613530003202,0.3860759493670886,1.7012689673380268,0.26582278481012656
0.85,10,shallow,0.5,3.0,1.5,24,0.02225569419366929,158,0.9750176701689377,0.02932408174549228,0.3913059669335871,-0.08348613530003202,0.3860759493670886,1.7012689673380268,0.26582278481012656
0.9,11,base,0.7,2.5,1.0,12,0.030935384207832782,254,0.8185374354051391,0.02920827239128787,0.4580763018495638,-0.0710348849976915,0.35039370078740156,1.9797259395360658,0.23622047244094488
0.95,11,base,0.7,2.5,1.0,12,0.030935384207832782,254,0.8185374354051391,0.02920827239128787,0.4580763018495638,-0.0710348849976915,0.35039370078740156,1.9797259395360658,0.23622047244094488
0.8,10,base,0.5,1.5,0.75,12,0.023983485622980496,341,0.769140378583218,0.02918476506775236,0.8004384800944637,-0.040619195431273125,0.3724340175953079,1.7947548948676575,0.36070381231671556
0.85,10,base,0.5,1.5,0.75,12,0.023983485622980496,341,0.769140378583218,0.02918476506775236,0.8004384800944637,-0.040619195431273125,0.3724340175953079,1.7947548948676575,0.36070381231671556
0.9,11,deep_slow,0.4,3.0,2.0,24,0.018002548129969136,124,1.1289928174982566,0.029138486869292546,0.5904320356556857,-0.054979280104288764,0.45161290322580644,1.3213405606810735,0.31451612903225806
0.95,11,deep_slow,0.4,3.0,2.0,24,0.018002548129969136,124,1.1289928174982566,0.029138486869292546,0.5904320356556857,-0.054979280104288764,0.45161290322580644,1.3213405606810735,0.31451612903225806
0.9,11,base,0.4,2.0,0.5,24,0.016682884199823906,310,0.9472004743691536,0.029051130737788755,0.9042146625628281,-0.03579244551984273,0.22903225806451613,3.656617726079983,0.22903225806451613
0.95,11,base,0.4,2.0,0.5,24,0.016682884199823906,310,0.9472004743691536,0.029051130737788755,0.9042146625628281,-0.03579244551984273,0.22903225806451613,3.656617726079983,0.22903225806451613
0.8,10,base,0.5,2.0,1.5,12,0.023983485622980496,209,0.809761041141016,0.029026658197973676,0.5212986821419953,-0.062031131540681406,0.45933014354066987,1.2647132156405507,0.36363636363636365
0.85,10,base,0.5,2.0,1.5,12,0.023983485622980496,209,0.809761041141016,0.029026658197973676,0.5212986821419953,-0.062031131540681406,0.45933014354066987,1.2647132156405507,0.36363636363636365
0.8,10,base,0.5,2.5,0.5,12,0.023983485622980496,332,0.8519987020323226,0.02887653866428841,0.696069532632534,-0.04621555891738294,0.22289156626506024,3.762012704186877,0.16265060240963855
0.85,10,base,0.5,2.5,0.5,12,0.023983485622980496,332,0.8519987020323226,0.02887653866428841,0.696069532632534,-0.04621555891738294,0.22289156626506024,3.762012704186877,0.16265060240963855
0.8,10,shallow,0.8,2.0,1.5,24,0.04189406605295098,213,0.7774385547316577,0.028842754173486584,0.337352679234536,-0.09524615583413576,0.43661971830985913,1.368726655639012,0.41784037558685444
0.85,10,shallow,0.8,2.0,1.5,24,0.04189406605295098,213,0.7774385547316577,0.028842754173486584,0.337352679234536,-0.09524615583413576,0.43661971830985913,1.368726655639012,0.41784037558685444
0.9,11,deep_slow,0.4,2.0,0.5,24,0.018002548129969136,322,0.864974993649773,0.028821281447582336,0.6107272290164395,-0.05257271200270619,0.2236024844720497,3.7545879646956974,0.2236024844720497
0.95,11,deep_slow,0.4,2.0,0.5,24,0.018002548129969136,322,0.864974993649773,0.028821281447582336,0.6107272290164395,-0.05257271200270619,0.2236024844720497,3.7545879646956974,0.2236024844720497
0.9,11,base,0.6,2.5,1.5,24,0.02585215857847287,180,0.8344391793058749,0.028779538073041344,0.4114492822599941,-0.07792214318581037,0.40555555555555556,1.553103086045755,0.3333333333333333
0.95,11,base,0.6,2.5,1.5,24,0.02585215857847287,180,0.8344391793058749,0.028779538073041344,0.4114492822599941,-0.07792214318581037,0.40555555555555556,1.553103086045755,0.3333333333333333
0.8,10,base,0.4,1.5,1.0,24,0.018576634829056745,265,0.8072089287709187,0.028688026821636514,0.9429215088796871,-0.033893492717700036,0.43018867924528303,1.4172688513500138,0.42641509433962266
0.85,10,base,0.4,1.5,1.0,24,0.018576634829056745,265,0.8072089287709187,0.028688026821636514,0.9429215088796871,-0.033893492717700036,0.43018867924528303,1.4172688513500138,0.42641509433962266
0.8,10,base,0.4,1.5,1.0,12,0.018576634829056745,269,0.7983765033407287,0.02864154431203003,1.0034226923605374,-0.031798203875986086,0.43866171003717475,1.3690142002897088,0.4163568773234201
0.85,10,base,0.4,1.5,1.0,12,0.018576634829056745,269,0.7983765033407287,0.02864154431203003,1.0034226923605374,-0.031798203875986086,0.43866171003717475,1.3690142002897088,0.4163568773234201
0.9,11,deep_slow,0.6,2.5,1.0,12,0.026270004931272684,245,0.7555653973796667,0.02847645733761328,0.4585525353376312,-0.06918038690790607,0.3551020408163265,1.9386333274335343,0.23673469387755103
0.95,11,deep_slow,0.6,2.5,1.0,12,0.026270004931272684,245,0.7555653973796667,0.02847645733761328,0.4585525353376312,-0.06918038690790607,0.3551020408163265,1.9386333274335343,0.23673469387755103
0.8,10,shallow,0.7,2.0,1.5,24,0.034650808039162956,213,0.7330118224438115,0.028413961140433486,0.35018356228272246,-0.09039005623379492,0.43661971830985913,1.367527296112068,0.41784037558685444
0.85,10,shallow,0.7,2.0,1.5,24,0.034650808039162956,213,0.7330118224438115,0.028413961140433486,0.35018356228272246,-0.09039005623379492,0.43661971830985913,1.367527296112068,0.41784037558685444
0.8,10,shallow,0.6,2.0,1.5,6,0.0281987593635591,281,0.7145134822345499,0.028409748738769558,0.44483218415380005,-0.07114685730523318,0.49110320284697506,1.1012377156392579,0.2277580071174377
0.85,10,shallow,0.6,2.0,1.5,6,0.0281987593635591,281,0.7145134822345499,0.028409748738769558,0.44483218415380005,-0.07114685730523318,0.49110320284697506,1.1012377156392579,0.2277580071174377
0.9,11,deep_slow,0.4,2.0,0.5,12,0.018002548129969136,329,0.8407535165867285,0.0283588210443928,0.5901087143626126,-0.05353520314657778,0.23100303951367782,3.593092841157066,0.2127659574468085
0.95,11,deep_slow,0.4,2.0,0.5,12,0.018002548129969136,329,0.8407535165867285,0.0283588210443928,0.5901087143626126,-0.05353520314657778,0.23100303951367782,3.593092841157066,0.2127659574468085
0.9,11,shallow,0.6,2.0,1.0,6,0.025504051782762147,305,0.7502899879300655,0.0282340867641091,0.5920958654020645,-0.05312048629038135,0.42295081967213116,1.4541670694321815,0.2098360655737705
0.95,11,shallow,0.6,2.0,1.0,6,0.025504051782762147,305,0.7502899879300655,0.0282340867641091,0.5920958654020645,-0.05312048629038135,0.42295081967213116,1.4541670694321815,0.2098360655737705
0.8,10,shallow,0.4,3.0,0.5,24,0.016624676068168656,266,0.9561178748607093,0.028193207236520523,0.7407902287933682,-0.04239636139217895,0.18045112781954886,4.952943275642063,0.16165413533834586
0.85,10,shallow,0.4,3.0,0.5,24,0.016624676068168656,266,0.9561178748607093,0.028193207236520523,0.7407902287933682,-0.04239636139217895,0.18045112781954886,4.952943275642063,0.16165413533834586
0.8,10,base,0.6,2.0,0.75,12,0.028890652717152483,313,0.7752762336844075,0.028177547700552585,0.6172142722811541,-0.05085646927724774,0.3226837060702875,2.26729621380584,0.2779552715654952
0.85,10,base,0.6,2.0,0.75,12,0.028890652717152483,313,0.7752762336844075,0.028177547700552585,0.6172142722811541,-0.05085646927724774,0.3226837060702875,2.26729621380584,0.2779552715654952
0.8,10,shallow,0.6,2.0,0.75,6,0.0281987593635591,350,0.7406670900047051,0.028164513517028755,0.5690047339872915,-0.055139780725418364,0.3657142857142857,1.8487395197040373,0.19714285714285715
0.85,10,shallow,0.6,2.0,0.75,6,0.0281987593635591,350,0.7406670900047051,0.028164513517028755,0.5690047339872915,-0.055139780725418364,0.3657142857142857,1.8487395197040373,0.19714285714285715
0.8,10,deep_slow,0.5,2.5,2.0,12,0.02386910511055699,177,0.7941189790111467,0.02809068283501248,0.4267614678693748,-0.07332532371403777,0.4915254237288136,1.1104154030921582,0.2711864406779661
0.85,10,deep_slow,0.5,2.5,2.0,12,0.02386910511055699,177,0.7941189790111467,0.02809068283501248,0.4267614678693748,-0.07332532371403777,0.4915254237288136,1.1104154030921582,0.2711864406779661
0.8,10,base,0.7,2.5,2.0,24,0.034786761033208866,157,0.8130453328941272,0.028071649144873367,0.39755325961905114,-0.07865911318949359,0.4713375796178344,1.1960021117726738,0.39490445859872614
0.85,10,base,0.7,2.5,2.0,24,0.034786761033208866,157,0.8130453328941272,0.028071649144873367,0.39755325961905114,-0.07865911318949359,0.4713375796178344,1.1960021117726738,0.39490445859872614
0.8,10,deep_slow,0.4,3.0,1.0,24,0.02012685895493155,187,0.8978234229362361,0.028001515982605474,0.4432622180415932,-0.07037130218628407,0.2994652406417112,2.5259085722670456,0.23529411764705882
0.85,10,deep_slow,0.4,3.0,1.0,24,0.02012685895493155,187,0.8978234229362361,0.028001515982605474,0.4432622180415932,-0.07037130218628407,0.2994652406417112,2.5259085722670456,0.23529411764705882
0.9,11,shallow,0.7,4.0,2.0,24,0.02962310272974487,120,1.0764890570511925,0.027952243151404987,0.35430034056747195,-0.0878857927589255,0.425,1.4682706393563842,0.2
0.95,11,shallow,0.7,4.0,2.0,24,0.02962310272974487,120,1.0764890570511925,0.027952243151404987,0.35430034056747195,-0.0878857927589255,0.425,1.4682706393563842,0.2
0.8,10,base,0.7,2.5,1.5,24,0.034786761033208866,186,0.7893666638632637,0.027865972873222455,0.35378885264799886,-0.08774079773441967,0.3978494623655914,1.5984298547399396,0.3387096774193548
0.85,10,base,0.7,2.5,1.5,24,0.034786761033208866,186,0.7893666638632637,0.027865972873222455,0.35378885264799886,-0.08774079773441967,0.3978494623655914,1.5984298547399396,0.3387096774193548
0.8,10,shallow,0.6,1.5,1.0,24,0.0281987593635591,314,0.7049911922640377,0.027761502130155158,0.47348434326584865,-0.06531401037811735,0.42038216560509556,1.456573224071402,0.42038216560509556
0.85,10,shallow,0.6,1.5,1.0,24,0.0281987593635591,314,0.7049911922640377,0.027761502130155158,0.47348434326584865,-0.06531401037811735,0.42038216560509556,1.456573224071402,0.42038216560509556
0.9,11,base,0.5,3.0,2.5,24,0.02143757519805179,117,1.0319942739670724,0.027705026093718832,0.41637615764512853,-0.07412084647465844,0.5042735042735043,1.0658570308039832,0.3418803418803419
0.95,11,base,0.5,3.0,2.5,24,0.02143757519805179,117,1.0319942739670724,0.027705026093718832,0.41637615764512853,-0.07412084647465844,0.5042735042735043,1.0658570308039832,0.3418803418803419
0.8,10,shallow,0.5,4.0,2.5,24,0.02225569419366929,104,1.2482963128815145,0.027598851299339255,0.41759605039571307,-0.07362066597857475,0.47115384615384615,1.233651991865841,0.2403846153846154
0.85,10,shallow,0.5,4.0,2.5,24,0.02225569419366929,104,1.2482963128815145,0.027598851299339255,0.41759605039571307,-0.07362066597857475,0.47115384615384615,1.233651991865841,0.2403846153846154
0.8,10,shallow,0.4,2.5,0.75,6,0.016624676068168656,288,0.7676682752059703,0.027470535131818297,0.628412529005971,-0.0486949954372522,0.3368055555555556,2.1142519066011642,0.1527777777777778
0.85,10,shallow,0.4,2.5,0.75,6,0.016624676068168656,288,0.7676682752059703,0.027470535131818297,0.628412529005971,-0.0486949954372522,0.3368055555555556,2.1142519066011642,0.1527777777777778
0.9,11,base,0.7,3.0,1.0,24,0.030935384207832782,210,0.8694038540155632,0.027355965997788,0.4150055021949269,-0.07342729034205442,0.29523809523809524,2.5506984986015047,0.23809523809523808
0.95,11,base,0.7,3.0,1.0,24,0.030935384207832782,210,0.8694038540155632,0.027355965997788,0.4150055021949269,-0.07342729034205442,0.29523809523809524,2.5506984986015047,0.23809523809523808
0.8,10,base,0.5,1.5,0.75,24,0.023983485622980496,337,0.7211979609553966,0.027305062488247822,0.7284491984015914,-0.04175437499296841,0.36795252225519287,1.8224004094868531,0.36795252225519287
0.85,10,base,0.5,1.5,0.75,24,0.023983485622980496,337,0.7211979609553966,0.027305062488247822,0.7284491984015914,-0.04175437499296841,0.36795252225519287,1.8224004094868531,0.36795252225519287
0.9,11,shallow,0.8,2.5,0.5,24,0.03483165271979253,359,0.7678620978447599,0.027267471198410886,0.3861732808430018,-0.07865382057848347,0.1977715877437326,4.303350909502644,0.18384401114206128
0.95,11,shallow,0.8,2.5,0.5,24,0.03483165271979253,359,0.7678620978447599,0.027267471198410886,0.3861732808430018,-0.07865382057848347,0.1977715877437326,4.303350909502644,0.18384401114206128
0.9,11,base,0.8,3.0,0.5,24,0.03626824368319925,326,0.8587094664183204,0.02714675908200359,0.38419780416769017,-0.07870773252492191,0.17484662576687116,5.053478998879697,0.15337423312883436
0.95,11,base,0.8,3.0,0.5,24,0.03626824368319925,326,0.8587094664183204,0.02714675908200359,0.38419780416769017,-0.07870773252492191,0.17484662576687116,5.053478998879697,0.15337423312883436
0.9,11,deep_slow,0.5,3.0,2.0,12,0.02227660444433337,161,0.9649302373450511,0.026960170869532396,0.5446851525186304,-0.05513494231859539,0.4782608695652174,1.1729961871767542,0.21739130434782608
0.95,11,deep_slow,0.5,3.0,2.0,12,0.02227660444433337,161,0.9649302373450511,0.026960170869532396,0.5446851525186304,-0.05513494231859539,0.4782608695652174,1.1729961871767542,0.21739130434782608
0.9,11,deep_slow,0.4,4.0,2.0,24,0.018002548129969136,110,1.053308463022723,0.026907160638998784,0.4402318897054398,-0.06808241052181241,0.44545454545454544,1.3530305942607173,0.2
0.95,11,deep_slow,0.4,4.0,2.0,24,0.018002548129969136,110,1.053308463022723,0.026907160638998784,0.4402318897054398,-0.06808241052181241,0.44545454545454544,1.3530305942607173,0.2
0.8,10,base,0.5,3.0,2.5,24,0.023983485622980496,119,1.0460457178601006,0.026855966722430624,0.3581224700367955,-0.08353270474052044,0.5042016806722689,1.0566649433039719,0.33613445378151263
0.85,10,base,0.5,3.0,2.5,24,0.023983485622980496,119,1.0460457178601006,0.026855966722430624,0.3581224700367955,-0.08353270474052044,0.5042016806722689,1.0566649433039719,0.33613445378151263
0.8,10,base,0.5,3.0,2.0,24,0.023983485622980496,128,1.0089003085102115,0.02684567784352887,0.4100349580033758,-0.07292905198236799,0.46875,1.2148445192704784,0.296875
0.85,10,base,0.5,3.0,2.0,24,0.023983485622980496,128,1.0089003085102115,0.02684567784352887,0.4100349580033758,-0.07292905198236799,0.46875,1.2148445192704784,0.296875
0.9,11,deep_slow,0.4,2.0,1.0,12,0.018002548129969136,234,0.7700842225886337,0.026836360802543036,0.4392666090583005,-0.06805221820629503,0.37606837606837606,1.7747855971496722,0.31196581196581197
0.95,11,deep_slow,0.4,2.0,1.0,12,0.018002548129969136,234,0.7700842225886337,0.026836360802543036,0.4392666090583005,-0.06805221820629503,0.37606837606837606,1.7747855971496722,0.31196581196581197
0.9,11,shallow,0.5,3.0,1.0,24,0.02146249546792225,187,0.8846436724727177,0.02681425142211835,0.49466712534269175,-0.06038081266413564,0.3048128342245989,2.453975618343112,0.23529411764705882
0.95,11,shallow,0.5,3.0,1.0,24,0.02146249546792225,187,0.8846436724727177,0.02681425142211835,0.49466712534269175,-0.06038081266413564,0.3048128342245989,2.453975618343112,0.23529411764705882
0.9,11,base,0.5,2.0,0.5,12,0.02143757519805179,348,0.8078390920871875,0.02672452583753282,0.6723424579608078,-0.04427551759122306,0.23563218390804597,3.4758443308175933,0.20977011494252873
0.95,11,base,0.5,2.0,0.5,12,0.02143757519805179,348,0.8078390920871875,0.02672452583753282,0.6723424579608078,-0.04427551759122306,0.23563218390804597,3.4758443308175933,0.20977011494252873
0.9,11,base,0.6,2.5,0.75,24,0.02585215857847287,270,0.7591305035167005,0.026717413808733603,0.44076757351636986,-0.06751943288172202,0.26666666666666666,2.926323914203292,0.24444444444444444
0.95,11,base,0.6,2.5,0.75,24,0.02585215857847287,270,0.7591305035167005,0.026717413808733603,0.44076757351636986,-0.06751943288172202,0.26666666666666666,2.926323914203292,0.24444444444444444
0.9,11,base,0.8,2.0,1.0,24,0.03626824368319925,268,0.7150018814016796,0.02667600533554948,0.3495890606606817,-0.08499746529889496,0.34701492537313433,1.9890281339106295,0.33955223880597013
0.95,11,base,0.8,2.0,1.0,24,0.03626824368319925,268,0.7150018814016796,0.02667600533554948,0.3495890606606817,-0.08499746529889496,0.34701492537313433,1.9890281339106295,0.33955223880597013
0.8,10,shallow,0.4,2.5,1.5,24,0.016624676068168656,166,0.7734697265316224,0.02662087061825935,0.3771770334392525,-0.07861740540153583,0.39759036144578314,1.6157700260896974,0.3433734939759036
0.85,10,shallow,0.4,2.5,1.5,24,0.016624676068168656,166,0.7734697265316224,0.02662087061825935,0.3771770334392525,-0.07861740540153583,0.39759036144578314,1.6157700260896974,0.3433734939759036
0.9,11,base,0.6,3.0,0.75,24,0.02585215857847287,244,0.8505103684205146,0.02656108630518328,0.42320909855977085,-0.0699086791996757,0.24180327868852458,3.3508036025898766,0.20081967213114754
0.95,11,base,0.6,3.0,0.75,24,0.02585215857847287,244,0.8505103684205146,0.02656108630518328,0.42320909855977085,-0.0699086791996757,0.24180327868852458,3.3508036025898766,0.20081967213114754
0.8,10,base,0.6,2.0,0.5,24,0.028890652717152483,359,0.7855045340277813,0.026492119960028537,0.6547442699365671,-0.045069590700507534,0.23119777158774374,3.6045255003498,0.23119777158774374
0.85,10,base,0.6,2.0,0.5,24,0.028890652717152483,359,0.7855045340277813,0.026492119960028537,0.6547442699365671,-0.045069590700507534,0.23119777158774374,3.6045255003498,0.23119777158774374
0.8,10,base,0.8,3.0,2.0,12,0.041557390516231536,187,0.7984875729774941,0.026473019207867265,0.44436228924601145,-0.06635970229872801,0.48663101604278075,1.1250299850434813,0.20855614973262032
0.85,10,base,0.8,3.0,2.0,12,0.041557390516231536,187,0.7984875729774941,0.026473019207867265,0.44436228924601145,-0.06635970229872801,0.48663101604278075,1.1250299850434813,0.20855614973262032
0.9,11,base,0.4,2.5,1.5,24,0.016682884199823906,149,0.8753807910880921,0.02632149990037358,0.6664603350612365,-0.04399171013896219,0.42953020134228187,1.4199397476546374,0.33557046979865773
0.95,11,base,0.4,2.5,1.5,24,0.016682884199823906,149,0.8753807910880921,0.02632149990037358,0.6664603350612365,-0.04399171013896219,0.42953020134228187,1.4199397476546374,0.33557046979865773
0.8,10,shallow,0.8,2.5,0.75,6,0.04189406605295098,379,0.6690789587902427,0.026292428965108083,0.3811959341764361,-0.07682742398248876,0.33773087071240104,2.0827640545322113,0.15303430079155672
0.85,10,shallow,0.8,2.5,0.75,6,0.04189406605295098,379,0.6690789587902427,0.026292428965108083,0.3811959341764361,-0.07682742398248876,0.33773087071240104,2.0827640545322113,0.15303430079155672
0.8,10,shallow,0.7,2.0,1.5,12,0.034650808039162956,237,0.6703650909228758,0.02628005450617188,0.36609403208040836,-0.07995896022549664,0.4641350210970464,1.219529625327166,0.350210970464135
0.85,10,shallow,0.7,2.0,1.5,12,0.034650808039162956,237,0.6703650909228758,0.02628005450617188,0.36609403208040836,-0.07995896022549664,0.4641350210970464,1.219529625327166,0.350210970464135
0.9,11,shallow,0.7,2.5,1.5,6,0.02962310272974487,278,0.6802425208668891,0.026204552414090587,0.36712593811476224,-0.079504807974911,0.48201438848920863,1.1355614512060346,0.17266187050359713
0.95,11,shallow,0.7,2.5,1.5,6,0.02962310272974487,278,0.6802425208668891,0.026204552414090587,0.36712593811476224,-0.079504807974911,0.48201438848920863,1.1355614512060346,0.17266187050359713
0.9,11,base,0.6,3.0,0.75,12,0.02585215857847287,268,0.7770574922338362,0.026158371123471635,0.4570894185251913,-0.0637441212847818,0.27238805970149255,2.8463363743909396,0.16791044776119404
0.95,11,base,0.6,3.0,0.75,12,0.02585215857847287,268,0.7770574922338362,0.026158371123471635,0.4570894185251913,-0.0637441212847818,0.27238805970149255,2.8463363743909396,0.16791044776119404
0.9,11,deep_slow,0.5,1.5,0.5,6,0.02227660444433337,415,0.7268970751397135,0.0260734560377609,0.5989765207033312,-0.04848611374806011,0.3036144578313253,2.4430039295063373,0.25060240963855424
0.95,11,deep_slow,0.5,1.5,0.5,6,0.02227660444433337,415,0.7268970751397135,0.0260734560377609,0.5989765207033312,-0.04848611374806011,0.3036144578313253,2.4430039295063373,0.25060240963855424
0.8,10,base,0.5,4.0,2.5,24,0.023983485622980496,105,1.1696711344157396,0.026032390239505654,0.36634062036817244,-0.07915102789422235,0.4666666666666667,1.2298034770019555,0.21904761904761905
0.85,10,base,0.5,4.0,2.5,24,0.023983485622980496,105,1.1696711344157396,0.026032390239505654,0.36634062036817244,-0.07915102789422235,0.4666666666666667,1.2298034770019555,0.21904761904761905
0.8,10,shallow,0.4,2.0,1.0,6,0.016624676068168656,277,0.7123561987813005,0.02594435372613968,0.5546071828446665,-0.05210541347449027,0.4151624548736462,1.5006267088926426,0.21299638989169675
0.85,10,shallow,0.4,2.0,1.0,6,0.016624676068168656,277,0.7123561987813005,0.02594435372613968,0.5546071828446665,-0.05210541347449027,0.4151624548736462,1.5006267088926426,0.21299638989169675
0.9,11,deep_slow,0.7,2.5,0.5,12,0.03059831863119774,364,0.7439476520844973,0.025938485989957405,0.40693382573985115,-0.07099800909683929,0.21153846153846154,3.9712130548518254,0.1565934065934066
0.95,11,deep_slow,0.7,2.5,0.5,12,0.03059831863119774,364,0.7439476520844973,0.025938485989957405,0.40693382573985115,-0.07099800909683929,0.21153846153846154,3.9712130548518254,0.1565934065934066
0.9,11,deep_slow,0.6,1.5,0.5,6,0.026270004931272684,453,0.6973391012256894,0.025862417763247825,0.5632874614287318,-0.05114021553622239,0.3090507726269316,2.3688073369171434,0.24724061810154527
0.95,11,deep_slow,0.6,1.5,0.5,6,0.026270004931272684,453,0.6973391012256894,0.025862417763247825,0.5632874614287318,-0.05114021553622239,0.3090507726269316,2.3688073369171434,0.24724061810154527
0.9,11,deep_slow,0.4,1.5,0.75,6,0.018002548129969136,318,0.7273833913936415,0.025828186725835867,0.6131815334761305,-0.04691670948664817,0.39308176100628933,1.646669019048827,0.32075471698113206
0.95,11,deep_slow,0.4,1.5,0.75,6,0.018002548129969136,318,0.7273833913936415,0.025828186725835867,0.6131815334761305,-0.04691670948664817,0.39308176100628933,1.646669019048827,0.32075471698113206
0.8,10,shallow,0.8,3.0,2.5,24,0.04189406605295098,128,0.9042888206004013,0.025826556706533665,0.3500823730946464,-0.08217106575782207,0.5,1.0740244806203612,0.3203125
0.85,10,shallow,0.8,3.0,2.5,24,0.04189406605295098,128,0.9042888206004013,0.025826556706533665,0.3500823730946464,-0.08217106575782207,0.5,1.0740244806203612,0.3203125
0.9,11,base,0.4,2.5,0.5,12,0.016682884199823906,288,0.8709188335042979,0.02572316638057215,0.8487864537122515,-0.03375562583249969,0.2222222222222222,3.7881937944062374,0.1597222222222222
0.95,11,base,0.4,2.5,0.5,12,0.016682884199823906,288,0.8709188335042979,0.02572316638057215,0.8487864537122515,-0.03375562583249969,0.2222222222222222,3.7881937944062374,0.1597222222222222
0.8,10,base,0.5,2.0,0.5,12,0.023983485622980496,354,0.7585613002119547,0.025692234459558705,0.6429347288516959,-0.0445096753891997,0.24293785310734464,3.327236480463867,0.21468926553672316
0.85,10,base,0.5,2.0,0.5,12,0.023983485622980496,354,0.7585613002119547,0.025692234459558705,0.6429347288516959,-0.0445096753891997,0.24293785310734464,3.327236480463867,0.21468926553672316
0.8,10,base,0.7,3.0,0.75,24,0.034786761033208866,256,0.8215911987564064,0.025639957907357402,0.3191789867332868,-0.08947489523531704,0.234375,3.452858588573531,0.19921875
0.85,10,base,0.7,3.0,0.75,24,0.034786761033208866,256,0.8215911987564064,0.025639957907357402,0.3191789867332868,-0.08947489523531704,0.234375,3.452858588573531,0.19921875
0.8,10,shallow,0.6,3.0,1.5,12,0.0281987593635591,203,0.7674541359953909,0.025630850637302194,0.3888565512787355,-0.07341614283908338,0.43842364532019706,1.3596525090779448,0.2019704433497537
0.85,10,shallow,0.6,3.0,1.5,12,0.0281987593635591,203,0.7674541359953909,0.025630850637302194,0.3888565512787355,-0.07341614283908338,0.43842364532019706,1.3596525090779448,0.2019704433497537
0.9,11,base,0.6,2.0,0.5,12,0.02585215857847287,379,0.7101772656240406,0.025596826554285634,0.5577323600224862,-0.05111842102564568,0.23482849604221637,3.4613059893363807,0.21108179419525067
0.95,11,base,0.6,2.0,0.5,12,0.02585215857847287,379,0.7101772656240406,0.025596826554285634,0.5577323600224862,-0.05111842102564568,0.23482849604221637,3.4613059893363807,0.21108179419525067
0.8,10,deep_slow,0.8,3.0,2.0,12,0.03652372924092767,189,0.7858133257700046,0.025567845195307637,0.30959974819232716,-0.09198351105133185,0.48677248677248675,1.1211446033763017,0.20634920634920634
0.85,10,deep_slow,0.8,3.0,2.0,12,0.03652372924092767,189,0.7858133257700046,0.025567845195307637,0.30959974819232716,-0.09198351105133185,0.48677248677248675,1.1211446033763017,0.20634920634920634
0.9,11,deep_slow,0.6,1.5,0.5,12,0.026270004931272684,427,0.7000056663995546,0.02553325117373051,0.537520198810197,-0.05290868318231101,0.2857142857142857,2.6475001532857174,0.27400468384074944
0.95,11,deep_slow,0.6,1.5,0.5,12,0.026270004931272684,427,0.7000056663995546,0.02553325117373051,0.537520198810197,-0.05290868318231101,0.2857142857142857,2.6475001532857174,0.27400468384074944
0.8,10,deep_slow,0.8,4.0,2.5,24,0.03652372924092767,109,0.9450288481950418,0.02549500801547655,0.31975657102731486,-0.08880765077318054,0.4954128440366973,1.0946079270283477,0.22018348623853212
0.85,10,deep_slow,0.8,4.0,2.5,24,0.03652372924092767,109,0.9450288481950418,0.02549500801547655,0.31975657102731486,-0.08880765077318054,0.4954128440366973,1.0946079270283477,0.22018348623853212
0.9,11,base,0.7,1.5,0.5,12,0.030935384207832782,451,0.6907816458258487,0.02548191243155329,0.45241503992810267,-0.06273492424826044,0.2838137472283814,2.663509020794102,0.2727272727272727
0.95,11,base,0.7,1.5,0.5,12,0.030935384207832782,451,0.6907816458258487,0.02548191243155329,0.45241503992810267,-0.06273492424826044,0.2838137472283814,2.663509020794102,0.2727272727272727
0.9,11,base,0.5,4.0,2.5,24,0.02143757519805179,105,0.9699761349455969,0.025454529212635357,0.3472457653214066,-0.08164730370620288,0.49523809523809526,1.1026513232444093,0.22857142857142856
0.95,11,base,0.5,4.0,2.5,24,0.02143757519805179,105,0.9699761349455969,0.025454529212635357,0.3472457653214066,-0.08164730370620288,0.49523809523809526,1.1026513232444093,0.22857142857142856
0.9,11,base,0.8,2.5,0.75,12,0.03626824368319925,309,0.6939929512340278,0.02543606666091547,0.3628523389219808,-0.07807883440404473,0.2815533980582524,2.6955113464817426,0.20388349514563106
0.95,11,base,0.8,2.5,0.75,12,0.03626824368319925,309,0.6939929512340278,0.02543606666091547,0.3628523389219808,-0.07807883440404473,0.2815533980582524,2.6955113464817426,0.20388349514563106
0.9,11,deep_slow,0.4,3.0,1.0,24,0.018002548129969136,180,0.9223200223356706,0.02530026293815757,0.4025793282935404,-0.06999767275619617,0.3055555555555556,2.445793091748047,0.22777777777777777
0.95,11,deep_slow,0.4,3.0,1.0,24,0.018002548129969136,180,0.9223200223356706,0.02530026293815757,0.4025793282935404,-0.06999767275619617,0.3055555555555556,2.445793091748047,0.22777777777777777
0.9,11,shallow,0.5,3.0,2.0,24,0.02146249546792225,128,0.8656848512497437,0.025224400150845483,0.39960909542976286,-0.07030621222130107,0.453125,1.2950523899948072,0.3046875
0.95,11,shallow,0.5,3.0,2.0,24,0.02146249546792225,128,0.8656848512497437,0.025224400150845483,0.39960909542976286,-0.07030621222130107,0.453125,1.2950523899948072,0.3046875
0.8,10,shallow,0.5,3.0,1.0,12,0.02225569419366929,225,0.7915513219363179,0.025217683226395726,0.46899891543117556,-0.05988821977873704,0.3422222222222222,2.0501759940204445,0.17333333333333334
0.85,10,shallow,0.5,3.0,1.0,12,0.02225569419366929,225,0.7915513219363179,0.025217683226395726,0.46899891543117556,-0.05988821977873704,0.3422222222222222,2.0501759940204445,0.17333333333333334
0.9,11,base,0.7,2.5,0.5,12,0.030935384207832782,373,0.7008615626460349,0.025182137351764,0.36604404199556617,-0.07662428773532537,0.21179624664879357,3.9499629883054643,0.15281501340482573
0.95,11,base,0.7,2.5,0.5,12,0.030935384207832782,373,0.7008615626460349,0.025182137351764,0.36604404199556617,-0.07662428773532537,0.21179624664879357,3.9499629883054643,0.15281501340482573
0.9,11,base,0.5,2.5,0.5,12,0.02143757519805179,315,0.7673101162635535,0.025181291550845142,0.6869999259691612,-0.04082521638573633,0.21904761904761905,3.8258145034493056,0.1523809523809524
0.95,11,base,0.5,2.5,0.5,12,0.02143757519805179,315,0.7673101162635535,0.025181291550845142,0.6869999259691612,-0.04082521638573633,0.21904761904761905,3.8258145034493056,0.1523809523809524
0.8,10,shallow,0.4,1.5,0.5,24,0.016624676068168656,360,0.7355944285387592,0.0251384963760668,0.9539426789912202,-0.029351018484472857,0.2833333333333333,2.7036947488302134,0.2833333333333333
0.85,10,shallow,0.4,1.5,0.5,24,0.016624676068168656,360,0.7355944285387592,0.0251384963760668,0.9539426789912202,-0.029351018484472857,0.2833333333333333,2.7036947488302134,0.2833333333333333
0.9,11,deep_slow,0.4,1.5,1.0,6,0.018002548129969136,289,0.70344686163341,0.025137360624887473,0.6791276277513323,-0.04122630461128862,0.45674740484429066,1.2648448083121981,0.3356401384083045
0.95,11,deep_slow,0.4,1.5,1.0,6,0.018002548129969136,289,0.70344686163341,0.025137360624887473,0.6791276277513323,-0.04122630461128862,0.45674740484429066,1.2648448083121981,0.3356401384083045
0.9,11,deep_slow,0.4,2.5,1.5,6,0.018002548129969136,240,0.6892830407045055,0.025096777982427376,0.4989514218655512,-0.056022806525149016,0.4666666666666667,1.2131207913940378,0.17083333333333334
0.95,11,deep_slow,0.4,2.5,1.5,6,0.018002548129969136,240,0.6892830407045055,0.025096777982427376,0.4989514218655512,-0.056022806525149016,0.4666666666666667,1.2131207913940378,0.17083333333333334
0.9,11,deep_slow,0.5,2.5,1.5,12,0.02227660444433337,201,0.6953124383111029,0.02508207190272005,0.36648821139837257,-0.07622689042087294,0.4228855721393035,1.4464860150042471,0.263681592039801
0.95,11,deep_slow,0.5,2.5,1.5,12,0.02227660444433337,201,0.6953124383111029,0.02508207190272005,0.36648821139837257,-0.07622689042087294,0.4228855721393035,1.4464860150042471,0.263681592039801
0.8,10,shallow,0.6,3.0,2.5,12,0.0281987593635591,163,0.8234118157515392,0.024954459931081807,0.3398028637380151,-0.08179427071259338,0.5214723926380368,0.981674122458604,0.20245398773006135
0.85,10,shallow,0.6,3.0,2.5,12,0.0281987593635591,163,0.8234118157515392,0.024954459931081807,0.3398028637380151,-0.08179427071259338,0.5214723926380368,0.981674122458604,0.20245398773006135
0.9,11,shallow,0.8,3.0,0.75,24,0.03483165271979253,248,0.8458898065264182,0.024943359875370108,0.2892568587745572,-0.09604455854761662,0.23387096774193547,3.4761817618488813,0.1975806451612903
0.95,11,shallow,0.8,3.0,0.75,24,0.03483165271979253,248,0.8458898065264182,0.024943359875370108,0.2892568587745572,-0.09604455854761662,0.23387096774193547,3.4761817618488813,0.1975806451612903
0.9,11,deep_slow,0.4,2.5,2.0,24,0.018002548129969136,130,0.8303703474639131,0.024920983234061556,0.4588475409086778,-0.06049196684377134,0.47692307692307695,1.1757201637561787,0.38461538461538464
0.95,11,deep_slow,0.4,2.5,2.0,24,0.018002548129969136,130,0.8303703474639131,0.024920983234061556,0.4588475409086778,-0.06049196684377134,0.47692307692307695,1.1757201637561787,0.38461538461538464
0.8,10,base,0.7,2.5,0.75,12,0.034786761033208866,312,0.6696118112162616,0.02481126751107099,0.3643754775658918,-0.07583996417730199,0.28525641025641024,2.6428285028279728,0.20192307692307693
0.85,10,base,0.7,2.5,0.75,12,0.034786761033208866,312,0.6696118112162616,0.02481126751107099,0.3643754775658918,-0.07583996417730199,0.28525641025641024,2.6428285028279728,0.20192307692307693
0.8,10,deep_slow,0.5,4.0,1.5,24,0.02386910511055699,138,0.9266778443495371,0.02478442237677836,0.3414938582789591,-0.08083390687175174,0.38405797101449274,1.7350651932014167,0.18115942028985507
0.85,10,deep_slow,0.5,4.0,1.5,24,0.02386910511055699,138,0.9266778443495371,0.02478442237677836,0.3414938582789591,-0.08083390687175174,0.38405797101449274,1.7350651932014167,0.18115942028985507
0.9,11,shallow,0.7,1.0,0.75,6,0.02962310272974487,477,0.6079693756874381,0.024760365815388097,0.4641772214151756,-0.05941147305844374,0.4612159329140461,1.224296490767714,0.4360587002096436
0.95,11,shallow,0.7,1.0,0.75,6,0.02962310272974487,477,0.6079693756874381,0.024760365815388097,0.4641772214151756,-0.05941147305844374,0.4612159329140461,1.224296490767714,0.4360587002096436
0.8,10,deep_slow,0.8,3.0,2.5,24,0.03652372924092767,126,0.8613227265654715,0.024724109076327716,0.34968863305689635,-0.07874724231494878,0.5238095238095238,0.9725898813047867,0.3253968253968254
0.85,10,deep_slow,0.8,3.0,2.5,24,0.03652372924092767,126,0.8613227265654715,0.024724109076327716,0.34968863305689635,-0.07874724231494878,0.5238095238095238,0.9725898813047867,0.3253968253968254
0.8,10,base,0.7,1.5,0.75,12,0.034786761033208866,393,0.604507347994324,0.02464845727125886,0.5483301256773446,-0.05006590130365296,0.3638676844783715,1.848772486535637,0.3486005089058524
0.85,10,base,0.7,1.5,0.75,12,0.034786761033208866,393,0.604507347994324,0.02464845727125886,0.5483301256773446,-0.05006590130365296,0.3638676844783715,1.848772486535637,0.3486005089058524
0.8,10,shallow,0.4,3.0,2.5,12,0.016624676068168656,152,0.8192330564729527,0.02462406179265253,0.44012782115556015,-0.06231243014992727,0.4868421052631579,1.1302840951743487,0.23026315789473684
0.85,10,shallow,0.4,3.0,2.5,12,0.016624676068168656,152,0.8192330564729527,0.02462406179265253,0.44012782115556015,-0.06231243014992727,0.4868421052631579,1.1302840951743487,0.23026315789473684
0.8,10,shallow,0.6,2.0,1.0,24,0.0281987593635591,253,0.6606082358309947,0.024612598006450215,0.30438329324693614,-0.09005963661693905,0.34782608695652173,1.9796739406400539,0.3438735177865613
0.85,10,shallow,0.6,2.0,1.0,24,0.0281987593635591,253,0.6606082358309947,0.024612598006450215,0.30438329324693614,-0.09005963661693905,0.34782608695652173,1.9796739406400539,0.3438735177865613
0.9,11,deep_slow,0.4,1.5,0.75,24,0.018002548129969136,296,0.7245761845158716,0.02455929699471615,0.5518928919839312,-0.04956252171653808,0.36486486486486486,1.850303887617988,0.36486486486486486
0.95,11,deep_slow,0.4,1.5,0.75,24,0.018002548129969136,296,0.7245761845158716,0.02455929699471615,0.5518928919839312,-0.04956252171653808,0.36486486486486486,1.850303887617988,0.36486486486486486
0.8,10,base,0.6,3.0,1.0,12,0.028890652717152483,239,0.7040387694211714,0.02452432118115322,0.30765228118058285,-0.08878268623043095,0.33472803347280333,2.104261821425092,0.17154811715481172
0.85,10,base,0.6,3.0,1.0,12,0.028890652717152483,239,0.7040387694211714,0.02452432118115322,0.30765228118058285,-0.08878268623043095,0.33472803347280333,2.104261821425092,0.17154811715481172
0.9,11,shallow,0.6,3.0,2.0,12,0.025504051782762147,168,0.8286760540263762,0.024491529775326315,0.3820459458293304,-0.07139880711033364,0.4642857142857143,1.238773912797601,0.20833333333333334
0.95,11,shallow,0.6,3.0,2.0,12,0.025504051782762147,168,0.8286760540263762,0.024491529775326315,0.3820459458293304,-0.07139880711033364,0.4642857142857143,1.238773912797601,0.20833333333333334
0.9,11,deep_slow,0.6,3.0,2.0,24,0.026270004931272684,133,0.883240449299744,0.024404751334242247,0.3566222913768393,-0.07621745752094411,0.44360902255639095,1.3403693406550823,0.3082706766917293
0.95,11,deep_slow,0.6,3.0,2.0,24,0.026270004931272684,133,0.883240449299744,0.024404751334242247,0.3566222913768393,-0.07621745752094411,0.44360902255639095,1.3403693406550823,0.3082706766917293
0.9,11,deep_slow,0.7,2.5,2.0,24,0.03059831863119774,150,0.7476913088150757,0.024402523492424777,0.3732539331960501,-0.0728146640076458,0.4666666666666667,1.2116232618643512,0.38666666666666666
0.95,11,deep_slow,0.7,2.5,2.0,24,0.03059831863119774,150,0.7476913088150757,0.024402523492424777,0.3732539331960501,-0.0728146640076458,0.4666666666666667,1.2116232618643512,0.38666666666666666
0.9,11,deep_slow,0.4,1.5,0.75,12,0.018002548129969136,299,0.7162706386497987,0.024400076920037206,0.5320408276943625,-0.05107809358307702,0.3712374581939799,1.7995961965730511,0.35451505016722407
0.95,11,deep_slow,0.4,1.5,0.75,12,0.018002548129969136,299,0.7162706386497987,0.024400076920037206,0.5320408276943625,-0.05107809358307702,0.3712374581939799,1.7995961965730511,0.35451505016722407
0.8,10,shallow,0.4,2.5,2.0,6,0.016624676068168656,225,0.6875837612643548,0.02436977484022984,0.39162047825744756,-0.06930647975912085,0.5111111111111111,1.0165908341441519,0.1688888888888889
0.85,10,shallow,0.4,2.5,2.0,6,0.016624676068168656,225,0.6875837612643548,0.02436977484022984,0.39162047825744756,-0.06930647975912085,0.5111111111111111,1.0165908341441519,0.1688888888888889
0.9,11,shallow,0.7,1.5,0.5,6,0.02962310272974487,471,0.6374649862005463,0.024322771129789533,0.5902624949777984,-0.045893845954178,0.3036093418259023,2.415833804588481,0.2484076433121019
0.95,11,shallow,0.7,1.5,0.5,6,0.02962310272974487,471,0.6374649862005463,0.024322771129789533,0.5902624949777984,-0.045893845954178,0.3036093418259023,2.415833804588481,0.2484076433121019
0.9,11,deep_slow,0.5,1.5,1.0,24,0.02227660444433337,293,0.6633787364790664,0.024319750953240682,0.4562620600709836,-0.05936511087543128,0.42662116040955633,1.4159663292664504,0.4232081911262799
0.95,11,deep_slow,0.5,1.5,1.0,24,0.02227660444433337,293,0.6633787364790664,0.024319750953240682,0.4562620600709836,-0.05936511087543128,0.42662116040955633,1.4159663292664504,0.4232081911262799
0.9,11,deep_slow,0.4,2.0,1.0,24,0.018002548129969136,216,0.7192773981250661,0.024272571995475944,0.3803834858553083,-0.07106888942859102,0.35648148148148145,1.9215870008300036,0.35185185185185186
0.95,11,deep_slow,0.4,2.0,1.0,24,0.018002548129969136,216,0.7192773981250661,0.024272571995475944,0.3803834858553083,-0.07106888942859102,0.35648148148148145,1.9215870008300036,0.35185185185185186
0.9,11,base,0.7,1.5,0.5,24,0.030935384207832782,445,0.6631320385670251,0.02426553692124256,0.4515817254115481,-0.05984650086361254,0.2786516853932584,2.7258423179391205,0.2786516853932584
0.95,11,base,0.7,1.5,0.5,24,0.030935384207832782,445,0.6631320385670251,0.02426553692124256,0.4515817254115481,-0.05984650086361254,0.2786516853932584,2.7258423179391205,0.2786516853932584
0.8,10,shallow,0.4,2.5,1.5,6,0.016624676068168656,241,0.6655634151756484,0.024261431144407375,0.3238165094517109,-0.08344542794650112,0.47717842323651455,1.160888481018662,0.17012448132780084
0.85,10,shallow,0.4,2.5,1.5,6,0.016624676068168656,241,0.6655634151756484,0.024261431144407375,0.3238165094517109,-0.08344542794650112,0.47717842323651455,1.160888481018662,0.17012448132780084
0.8,10,base,0.7,1.5,0.75,24,0.034786761033208866,387,0.5972790778386616,0.02425794031320838,0.5351325361430216,-0.05048677155954373,0.36175710594315247,1.8648163667690907,0.36175710594315247
0.85,10,base,0.7,1.5,0.75,24,0.034786761033208866,387,0.5972790778386616,0.02425794031320838,0.5351325361430216,-0.05048677155954373,0.36175710594315247,1.8648163667690907,0.36175710594315247
0.9,11,shallow,0.7,1.5,1.0,6,0.02962310272974487,365,0.5967236586387554,0.02413586852630445,0.4567681658048776,-0.058850371349266406,0.4465753424657534,1.2991521636249779,0.3315068493150685
0.95,11,shallow,0.7,1.5,1.0,6,0.02962310272974487,365,0.5967236586387554,0.02413586852630445,0.4567681658048776,-0.058850371349266406,0.4465753424657534,1.2991521636249779,0.3315068493150685
0.8,10,base,0.5,2.0,1.5,24,0.023983485622980496,190,0.6938763793032682,0.02412938750917859,0.3580417363297008,-0.07505758599523471,0.4421052631578947,1.3270158775482532,0.43157894736842106
0.85,10,base,0.5,2.0,1.5,24,0.023983485622980496,190,0.6938763793032682,0.02412938750917859,0.3580417363297008,-0.07505758599523471,0.4421052631578947,1.3270158775482532,0.43157894736842106
0.8,10,shallow,0.6,2.5,0.5,24,0.0281987593635591,339,0.7124597907995053,0.024082915223403667,0.3905710372561642,-0.06867360648060816,0.19469026548672566,4.392737322378229,0.18584070796460178
0.85,10,shallow,0.6,2.5,0.5,24,0.0281987593635591,339,0.7124597907995053,0.024082915223403667,0.3905710372561642,-0.06867360648060816,0.19469026548672566,4.392737322378229,0.18584070796460178
0.9,11,shallow,0.7,1.5,0.75,24,0.02962310272974487,367,0.6148137589610648,0.02400767002319215,0.5330694481893948,-0.05015858180079358,0.35967302452316074,1.8676787196845521,0.35967302452316074
0.95,11,shallow,0.7,1.5,0.75,24,0.02962310272974487,367,0.6148137589610648,0.02400767002319215,0.5330694481893948,-0.05015858180079358,0.35967302452316074,1.8676787196845521,0.35967302452316074
0.8,10,shallow,0.6,1.5,0.75,6,0.0281987593635591,391,0.6009844544738959,0.024003103600318987,0.5001994462649786,-0.05344451143313711,0.3887468030690537,1.653079919800288,0.30434782608695654
0.85,10,shallow,0.6,1.5,0.75,6,0.0281987593635591,391,0.6009844544738959,0.024003103600318987,0.5001994462649786,-0.05344451143313711,0.3887468030690537,1.653079919800288,0.30434782608695654
0.8,10,deep_slow,0.8,2.5,1.5,12,0.03652372924092767,229,0.6084374108656827,0.023890805835936613,0.26178256636973146,-0.1016403848592029,0.43231441048034935,1.378645410073246,0.25327510917030566
0.85,10,deep_slow,0.8,2.5,1.5,12,0.03652372924092767,229,0.6084374108656827,0.023890805835936613,0.26178256636973146,-0.1016403848592029,0.43231441048034935,1.378645410073246,0.25327510917030566
0.8,10,shallow,0.4,4.0,1.5,24,0.016624676068168656,133,0.9704720095583387,0.023797099187087944,0.33801633595677444,-0.07840798712703256,0.3609022556390977,1.8987280984244757,0.18045112781954886
0.85,10,shallow,0.4,4.0,1.5,24,0.016624676068168656,133,0.9704720095583387,0.023797099187087944,0.33801633595677444,-0.07840798712703256,0.3609022556390977,1.8987280984244757,0.18045112781954886
0.8,10,base,0.7,2.0,1.5,12,0.034786761033208866,233,0.6210705472905992,0.02378518446401201,0.2644042231533037,-0.10018710425826305,0.4592274678111588,1.2392875370439251,0.34334763948497854
0.85,10,base,0.7,2.0,1.5,12,0.034786761033208866,233,0.6210705472905992,0.02378518446401201,0.2644042231533037,-0.10018710425826305,0.4592274678111588,1.2392875370439251,0.34334763948497854
0.9,11,shallow,0.8,2.0,1.5,12,0.03483165271979253,241,0.6266810148347812,0.023682537580056007,0.26199215385401387,-0.10067257423337717,0.45643153526970953,1.2508560726524969,0.34854771784232363
0.95,11,shallow,0.8,2.0,1.5,12,0.03483165271979253,241,0.6266810148347812,0.023682537580056007,0.26199215385401387,-0.10067257423337717,0.45643153526970953,1.2508560726524969,0.34854771784232363
0.8,10,deep_slow,0.8,2.5,1.0,24,0.03652372924092767,249,0.6111096922310258,0.023585677209666533,0.26963629346224083,-0.09741793081539152,0.3172690763052209,2.2638030350632894,0.27309236947791166
0.85,10,deep_slow,0.8,2.5,1.0,24,0.03652372924092767,249,0.6111096922310258,0.023585677209666533,0.26963629346224083,-0.09741793081539152,0.3172690763052209,2.2638030350632894,0.27309236947791166
0.8,10,deep_slow,0.5,3.0,1.0,24,0.02386910511055699,196,0.7596672319304211,0.023523332390244178,0.3204424195433791,-0.0817553618516772,0.29591836734693877,2.531733058523284,0.22959183673469388
0.85,10,deep_slow,0.5,3.0,1.0,24,0.02386910511055699,196,0.7596672319304211,0.023523332390244178,0.3204424195433791,-0.0817553618516772,0.29591836734693877,2.531733058523284,0.22959183673469388
0.9,11,shallow,0.5,2.0,1.0,6,0.02146249546792225,286,0.6319030472462172,0.02344033367973042,0.4968811174168942,-0.052538383490201235,0.4160839160839161,1.4843516070007754,0.21328671328671328
0.95,11,shallow,0.5,2.0,1.0,6,0.02146249546792225,286,0.6319030472462172,0.02344033367973042,0.4968811174168942,-0.052538383490201235,0.4160839160839161,1.4843516070007754,0.21328671328671328
0.8,10,shallow,0.4,1.5,0.5,12,0.016624676068168656,360,0.6874254347728422,0.02342493745463825,0.888833273032889,-0.029351018484472857,0.2833333333333333,2.6918147955572813,0.28055555555555556
0.85,10,shallow,0.4,1.5,0.5,12,0.016624676068168656,360,0.6874254347728422,0.02342493745463825,0.888833273032889,-0.029351018484472857,0.2833333333333333,2.6918147955572813,0.28055555555555556
0.8,10,base,0.5,3.0,0.75,12,0.023983485622980496,257,0.7493777910207131,0.023364270843184265,0.5747436805547125,-0.04527324358160778,0.26848249027237353,2.8899918913677816,0.17120622568093385
0.85,10,base,0.5,3.0,0.75,12,0.023983485622980496,257,0.7493777910207131,0.023364270843184265,0.5747436805547125,-0.04527324358160778,0.26848249027237353,2.8899918913677816,0.17120622568093385
0.9,11,shallow,0.8,1.5,0.5,6,0.03483165271979253,493,0.6043584711603559,0.023300930968872757,0.43493489096626203,-0.059663824286915634,0.30831643002028397,2.3751722425114927,0.24949290060851928
0.95,11,shallow,0.8,1.5,0.5,6,0.03483165271979253,493,0.6043584711603559,0.023300930968872757,0.43493489096626203,-0.059663824286915634,0.30831643002028397,2.3751722425114927,0.24949290060851928
0.9,11,shallow,0.7,2.5,0.75,12,0.02962310272974487,293,0.6693773440800713,0.023298679034419623,0.35170575293882683,-0.07377578421649611,0.28668941979522183,2.625387238192421,0.20477815699658702
0.95,11,shallow,0.7,2.5,0.75,12,0.02962310272974487,293,0.6693773440800713,0.023298679034419623,0.35170575293882683,-0.07377578421649611,0.28668941979522183,2.625387238192421,0.20477815699658702
0.8,10,shallow,0.5,2.5,1.5,6,0.02225569419366929,258,0.605920279265185,0.023249422315822388,0.33572838690983736,-0.07712317995883733,0.4689922480620155,1.191368443278931,0.17829457364341086
0.85,10,shallow,0.5,2.5,1.5,6,0.02225569419366929,258,0.605920279265185,0.023249422315822388,0.33572838690983736,-0.07712317995883733,0.4689922480620155,1.191368443278931,0.17829457364341086
0.8,10,shallow,0.8,3.0,1.0,24,0.04189406605295098,223,0.7210736444828771,0.023226064016758308,0.24032095173562174,-0.10763270332469776,0.28699551569506726,2.6024923943960836,0.2242152466367713
0.85,10,shallow,0.8,3.0,1.0,24,0.04189406605295098,223,0.7210736444828771,0.023226064016758308,0.24032095173562174,-0.10763270332469776,0.28699551569506726,2.6024923943960836,0.2242152466367713
0.8,10,base,0.6,1.5,1.0,6,0.028890652717152483,352,0.5693683416092821,0.023104629114471198,0.4843389180194574,-0.05312598348732356,0.45170454545454547,1.2835583056876625,0.3465909090909091
0.85,10,base,0.6,1.5,1.0,6,0.028890652717152483,352,0.5693683416092821,0.023104629114471198,0.4843389180194574,-0.05312598348732356,0.45170454545454547,1.2835583056876625,0.3465909090909091
0.9,11,shallow,0.4,2.5,2.0,6,0.017780104391063124,223,0.6435988951827756,0.023018019030293768,0.35653210279780273,-0.0718992852455842,0.5112107623318386,1.0111390034442025,0.17488789237668162
0.95,11,shallow,0.4,2.5,2.0,6,0.017780104391063124,223,0.6435988951827756,0.023018019030293768,0.35653210279780273,-0.0718992852455842,0.5112107623318386,1.0111390034442025,0.17488789237668162
0.9,11,base,0.5,2.0,0.5,24,0.02143757519805179,337,0.7131436180525996,0.022936256262834576,0.49490441366513505,-0.051612454212900394,0.22255192878338279,3.70935870469697,0.22255192878338279
0.95,11,base,0.5,2.0,0.5,24,0.02143757519805179,337,0.7131436180525996,0.022936256262834576,0.49490441366513505,-0.051612454212900394,0.22255192878338279,3.70935870469697,0.22255192878338279
0.9,11,deep_slow,0.8,2.5,1.5,24,0.03592704925670819,188,0.6344663091503927,0.022866661457018767,0.24697664170426786,-0.10310946060513282,0.40425531914893614,1.5384163151144798,0.3351063829787234
0.95,11,deep_slow,0.8,2.5,1.5,24,0.03592704925670819,188,0.6344663091503927,0.022866661457018767,0.24697664170426786,-0.10310946060513282,0.40425531914893614,1.5384163151144798,0.3351063829787234
0.9,11,base,0.8,2.5,0.5,12,0.03626824368319925,385,0.6410539478247802,0.022860571573543487,0.3056584081797093,-0.08329179570582679,0.21298701298701297,3.8933560404962892,0.15584415584415584
0.95,11,base,0.8,2.5,0.5,12,0.03626824368319925,385,0.6410539478247802,0.022860571573543487,0.3056584081797093,-0.08329179570582679,0.21298701298701297,3.8933560404962892,0.15584415584415584
0.9,11,deep_slow,0.5,3.0,0.75,24,0.02227660444433337,230,0.7886015673102361,0.022715757595886066,0.4055922409453779,-0.062371414977588135,0.2391304347826087,3.379565642254728,0.2
0.95,11,deep_slow,0.5,3.0,0.75,24,0.02227660444433337,230,0.7886015673102361,0.022715757595886066,0.4055922409453779,-0.062371414977588135,0.2391304347826087,3.379565642254728,0.2
0.9,11,base,0.6,1.5,0.5,6,0.02585215857847287,447,0.6228740909422321,0.02269015331758939,0.5130433733785574,-0.04925277928056626,0.29977628635346754,2.4573429624407375,0.2483221476510067
0.95,11,base,0.6,1.5,0.5,6,0.02585215857847287,447,0.6228740909422321,0.02269015331758939,0.5130433733785574,-0.04925277928056626,0.29977628635346754,2.4573429624407375,0.2483221476510067
0.9,11,shallow,0.4,4.0,2.5,24,0.017780104391063124,101,0.9063075025142842,0.022585477231990447,0.35629556220551134,-0.07059334134357842,0.48514851485148514,1.139024083056065,0.24752475247524752
0.95,11,shallow,0.4,4.0,2.5,24,0.017780104391063124,101,0.9063075025142842,0.022585477231990447,0.35629556220551134,-0.07059334134357842,0.48514851485148514,1.139024083056065,0.24752475247524752
0.9,11,base,0.7,3.0,2.5,12,0.030935384207832782,167,0.7719853330602765,0.022573834284538963,0.3519630445320685,-0.07142543056524853,0.48502994011976047,1.122891243408275,0.23353293413173654
0.95,11,base,0.7,3.0,2.5,12,0.030935384207832782,167,0.7719853330602765,0.022573834284538963,0.3519630445320685,-0.07142543056524853,0.48502994011976047,1.122891243408275,0.23353293413173654
0.9,11,shallow,0.5,2.5,1.5,24,0.02146249546792225,167,0.6713679954523862,0.022494824236471977,0.26878145247405416,-0.09320216697079498,0.40119760479041916,1.5632185120420243,0.32335329341317365
0.95,11,shallow,0.5,2.5,1.5,24,0.02146249546792225,167,0.6713679954523862,0.022494824236471977,0.26878145247405416,-0.09320216697079498,0.40119760479041916,1.5632185120420243,0.32335329341317365
0.8,10,deep_slow,0.8,2.0,1.5,6,0.03652372924092767,310,0.544509858199339,0.0224639727507725,0.24897872868344698,-0.10047691210798204,0.4838709677419355,1.112965206854746,0.23870967741935484
0.85,10,deep_slow,0.8,2.0,1.5,6,0.03652372924092767,310,0.544509858199339,0.0224639727507725,0.24897872868344698,-0.10047691210798204,0.4838709677419355,1.112965206854746,0.23870967741935484
0.9,11,base,0.8,3.0,0.75,12,0.03626824368319925,285,0.7032665263043727,0.02245886604069547,0.318932944748236,-0.07842062159521523,0.27017543859649124,2.845837550564895,0.15087719298245614
0.95,11,base,0.8,3.0,0.75,12,0.03626824368319925,285,0.7032665263043727,0.02245886604069547,0.318932944748236,-0.07842062159521523,0.27017543859649124,2.845837550564895,0.15087719298245614
0.8,10,deep_slow,0.7,2.0,1.5,12,0.03201506443356151,238,0.5769032365992341,0.022431433114441957,0.29802215492522505,-0.08382038469173625,0.46218487394957986,1.2185254478397565,0.3487394957983193
0.85,10,deep_slow,0.7,2.0,1.5,12,0.03201506443356151,238,0.5769032365992341,0.022431433114441957,0.29802215492522505,-0.08382038469173625,0.46218487394957986,1.2185254478397565,0.3487394957983193
0.9,11,shallow,0.8,3.0,1.5,12,0.03483165271979253,207,0.6858995469029433,0.022413677866905957,0.24007944392637587,-0.10396781149003087,0.42995169082125606,1.3974210801819,0.1932367149758454
0.95,11,shallow,0.8,3.0,1.5,12,0.03483165271979253,207,0.6858995469029433,0.022413677866905957,0.24007944392637587,-0.10396781149003087,0.42995169082125606,1.3974210801819,0.1932367149758454
0.9,11,deep_slow,0.4,1.5,0.5,6,0.018002548129969136,369,0.667000281213788,0.022380190901650998,0.8219679514033034,-0.030321372119973544,0.3062330623306233,2.4060490698285024,0.25474254742547425
0.95,11,deep_slow,0.4,1.5,0.5,6,0.018002548129969136,369,0.667000281213788,0.022380190901650998,0.8219679514033034,-0.030321372119973544,0.3062330623306233,2.4060490698285024,0.25474254742547425
0.8,10,base,0.4,2.0,1.0,24,0.018576634829056745,223,0.6751190765798958,0.022352878635515605,0.4577043092591038,-0.054386079222623174,0.35874439461883406,1.8936546936098861,0.34977578475336324
0.85,10,base,0.4,2.0,1.0,24,0.018576634829056745,223,0.6751190765798958,0.022352878635515605,0.4577043092591038,-0.054386079222623174,0.35874439461883406,1.8936546936098861,0.34977578475336324
0.9,11,deep_slow,0.6,2.0,0.5,24,0.026270004931272684,370,0.6215796127536343,0.022227093532878106,0.4340460381120827,-0.057027344719497663,0.22162162162162163,3.7027949590826474,0.22162162162162163
0.95,11,deep_slow,0.6,2.0,0.5,24,0.026270004931272684,370,0.6215796127536343,0.022227093532878106,0.4340460381120827,-0.057027344719497663,0.22162162162162163,3.7027949590826474,0.22162162162162163
0.8,10,base,0.4,2.5,1.0,6,0.018576634829056745,265,0.6099206185379876,0.02221354738335868,0.6855439461878076,-0.036084323114642713,0.4037735849056604,1.562777407100743,0.15849056603773584
0.85,10,base,0.4,2.5,1.0,6,0.018576634829056745,265,0.6099206185379876,0.02221354738335868,0.6855439461878076,-0.036084323114642713,0.4037735849056604,1.562777407100743,0.15849056603773584
0.8,10,shallow,0.7,4.0,2.5,24,0.034650808039162956,109,0.8233915589604663,0.022203753812664706,0.31443625764883837,-0.07863746300036256,0.48623853211009177,1.136945711187113,0.22018348623853212
0.85,10,shallow,0.7,4.0,2.5,24,0.034650808039162956,109,0.8233915589604663,0.022203753812664706,0.31443625764883837,-0.07863746300036256,0.48623853211009177,1.136945711187113,0.22018348623853212
0.9,11,base,0.4,2.0,0.5,12,0.016682884199823906,316,0.714269307950253,0.022167686992498492,0.8557109628516012,-0.02884882486950624,0.23734177215189872,3.4245195472894965,0.2120253164556962
0.95,11,base,0.4,2.0,0.5,12,0.016682884199823906,316,0.714269307950253,0.022167686992498492,0.8557109628516012,-0.02884882486950624,0.23734177215189872,3.4245195472894965,0.2120253164556962
0.8,10,shallow,0.5,2.0,1.5,24,0.02225569419366929,194,0.6340376857483098,0.022048541276887157,0.30951313060230806,-0.07932914319855555,0.42783505154639173,1.4043602812659963,0.422680412371134
0.85,10,shallow,0.5,2.0,1.5,24,0.02225569419366929,194,0.6340376857483098,0.022048541276887157,0.30951313060230806,-0.07932914319855555,0.42783505154639173,1.4043602812659963,0.422680412371134
0.8,10,shallow,0.5,4.0,1.5,24,0.02225569419366929,140,0.8609444539347703,0.02203080829885784,0.3272049159734139,-0.07497943527114226,0.35714285714285715,1.9100973132832326,0.18571428571428572
0.85,10,shallow,0.5,4.0,1.5,24,0.02225569419366929,140,0.8609444539347703,0.02203080829885784,0.3272049159734139,-0.07497943527114226,0.35714285714285715,1.9100973132832326,0.18571428571428572
0.8,10,shallow,0.5,3.0,2.0,24,0.02225569419366929,134,0.7724673464393887,0.02199218910696188,0.3356459749836807,-0.07296551350687352,0.44776119402985076,1.309221311364731,0.29850746268656714
0.85,10,shallow,0.5,3.0,2.0,24,0.02225569419366929,134,0.7724673464393887,0.02199218910696188,0.3356459749836807,-0.07296551350687352,0.44776119402985076,1.309221311364731,0.29850746268656714
0.9,11,shallow,0.8,2.5,1.0,24,0.03483165271979253,238,0.6005320841110421,0.021966756583477354,0.23613613229917232,-0.10359373852937293,0.3067226890756303,2.373442124267034,0.27310924369747897
0.95,11,shallow,0.8,2.5,1.0,24,0.03483165271979253,238,0.6005320841110421,0.021966756583477354,0.23613613229917232,-0.10359373852937293,0.3067226890756303,2.373442124267034,0.27310924369747897
0.9,11,shallow,0.5,2.5,2.0,12,0.02146249546792225,170,0.6717187338841575,0.021950017322914794,0.3850187540857489,-0.06348667687469678,0.5058823529411764,1.0337576943014057,0.27647058823529413
0.95,11,shallow,0.5,2.5,2.0,12,0.02146249546792225,170,0.6717187338841575,0.021950017322914794,0.3850187540857489,-0.06348667687469678,0.5058823529411764,1.0337576943014057,0.27647058823529413
0.8,10,shallow,0.5,3.0,1.5,12,0.02225569419366929,189,0.7131951074296755,0.02191586888901953,0.3959244123720761,-0.061641784699269286,0.43386243386243384,1.378707303463215,0.20105820105820105
0.85,10,shallow,0.5,3.0,1.5,12,0.02225569419366929,189,0.7131951074296755,0.02191586888901953,0.3959244123720761,-0.061641784699269286,0.43386243386243384,1.378707303463215,0.20105820105820105
0.8,10,base,0.7,1.5,1.0,12,0.034786761033208866,339,0.5373890520377114,0.021810784377335857,0.36378218938215073,-0.06676611680885758,0.4218289085545723,1.4407944538031667,0.39823008849557523
0.85,10,base,0.7,1.5,1.0,12,0.034786761033208866,339,0.5373890520377114,0.021810784377335857,0.36378218938215073,-0.06676611680885758,0.4218289085545723,1.4407944538031667,0.39823008849557523
0.8,10,deep_slow,0.7,2.5,0.75,6,0.03201506443356151,364,0.5567473268206046,0.021798836784792996,0.3842163616463472,-0.06318055599404715,0.3324175824175824,2.1181555601006212,0.1510989010989011
0.85,10,deep_slow,0.7,2.5,0.75,6,0.03201506443356151,364,0.5567473268206046,0.021798836784792996,0.3842163616463472,-0.06318055599404715,0.3324175824175824,2.1181555601006212,0.1510989010989011
0.9,11,shallow,0.8,2.5,0.75,12,0.03483165271979253,303,0.6052782312683839,0.021739223280936137,0.26762997185869336,-0.09045525886111128,0.2871287128712871,2.606728571577071,0.20462046204620463
0.95,11,shallow,0.8,2.5,0.75,12,0.03483165271979253,303,0.6052782312683839,0.021739223280936137,0.26762997185869336,-0.09045525886111128,0.2871287128712871,2.606728571577071,0.20462046204620463
0.9,11,deep_slow,0.4,2.5,0.5,12,0.018002548129969136,307,0.6770036687925559,0.021733843880571424,0.4792877787487026,-0.05049688687177256,0.21172638436482086,3.960181870764244,0.15309446254071662
0.95,11,deep_slow,0.4,2.5,0.5,12,0.018002548129969136,307,0.6770036687925559,0.021733843880571424,0.4792877787487026,-0.05049688687177256,0.21172638436482086,3.960181870764244,0.15309446254071662
0.8,10,shallow,0.8,3.0,1.0,12,0.04189406605295098,262,0.6090100405503122,0.021701773671983116,0.23451089564970987,-0.10305186372747788,0.3282442748091603,2.1449670193406893,0.16793893129770993
0.85,10,shallow,0.8,3.0,1.0,12,0.04189406605295098,262,0.6090100405503122,0.021701773671983116,0.23451089564970987,-0.10305186372747788,0.3282442748091603,2.1449670193406893,0.16793893129770993
0.8,10,shallow,0.4,3.0,1.5,12,0.016624676068168656,182,0.6854984239814655,0.021696069445306998,0.3388287673592362,-0.07130570782683732,0.4230769230769231,1.4403831221625087,0.2032967032967033
0.85,10,shallow,0.4,3.0,1.5,12,0.016624676068168656,182,0.6854984239814655,0.021696069445306998,0.3388287673592362,-0.07130570782683732,0.4230769230769231,1.4403831221625087,0.2032967032967033
0.8,10,base,0.5,2.5,0.75,12,0.023983485622980496,279,0.6220877816864563,0.021671557177688427,0.4769937136008965,-0.05059415912513565,0.2831541218637993,2.6659588041470386,0.21505376344086022
0.85,10,base,0.5,2.5,0.75,12,0.023983485622980496,279,0.6220877816864563,0.021671557177688427,0.4769937136008965,-0.05059415912513565,0.2831541218637993,2.6659588041470386,0.21505376344086022
0.8,10,shallow,0.4,2.5,0.75,12,0.016624676068168656,257,0.6125494053567672,0.021669937901617198,0.39110065917682757,-0.06170097114169415,0.2801556420233463,2.7168784651478575,0.2178988326848249
0.85,10,shallow,0.4,2.5,0.75,12,0.016624676068168656,257,0.6125494053567672,0.021669937901617198,0.39110065917682757,-0.06170097114169415,0.2801556420233463,2.7168784651478575,0.2178988326848249
0.8,10,deep_slow,0.8,2.5,0.75,6,0.03652372924092767,378,0.560027142796637,0.02164744617787462,0.3315572124818941,-0.0727060463556718,0.3386243386243386,2.056710344396357,0.15079365079365079
0.85,10,deep_slow,0.8,2.5,0.75,6,0.03652372924092767,378,0.560027142796637,0.02164744617787462,0.3315572124818941,-0.0727060463556718,0.3386243386243386,2.056710344396357,0.15079365079365079
0.9,11,shallow,0.8,2.5,2.0,6,0.03483165271979253,272,0.5352648929278474,0.0216187514691335,0.26620500797639557,-0.09043489485489908,0.49264705882352944,1.0759453365887126,0.17647058823529413
0.95,11,shallow,0.8,2.5,2.0,6,0.03483165271979253,272,0.5352648929278474,0.0216187514691335,0.26620500797639557,-0.09043489485489908,0.49264705882352944,1.0759453365887126,0.17647058823529413
0.8,10,deep_slow,0.6,2.5,1.0,6,0.027441884318986948,302,0.5546432654097968,0.021592429301938054,0.3173616117903123,-0.07576491336408853,0.40066225165562913,1.56988784183512,0.152317880794702
0.85,10,deep_slow,0.6,2.5,1.0,6,0.027441884318986948,302,0.5546432654097968,0.021592429301938054,0.3173616117903123,-0.07576491336408853,0.40066225165562913,1.56988784183512,0.152317880794702
0.9,11,base,0.7,2.0,1.5,12,0.030935384207832782,230,0.583968099741698,0.021396204266891816,0.3060071426400158,-0.07786126809483573,0.45652173913043476,1.246666889839529,0.3521739130434783
0.95,11,base,0.7,2.0,1.5,12,0.030935384207832782,230,0.583968099741698,0.021396204266891816,0.3060071426400158,-0.07786126809483573,0.45652173913043476,1.246666889839529,0.3521739130434783
0.9,11,shallow,0.4,4.0,2.0,24,0.017780104391063124,109,0.8287359474230718,0.02139610191812058,0.3437725720154156,-0.06930742009218915,0.44954128440366975,1.307199565704892,0.21100917431192662
0.95,11,shallow,0.4,4.0,2.0,24,0.017780104391063124,109,0.8287359474230718,0.02139610191812058,0.3437725720154156,-0.06930742009218915,0.44954128440366975,1.307199565704892,0.21100917431192662
0.9,11,shallow,0.7,2.5,2.0,6,0.02962310272974487,264,0.5516464874400646,0.02127636224772722,0.30907971392121164,-0.07665496578207798,0.49242424242424243,1.078363525863662,0.17803030303030304
0.95,11,shallow,0.7,2.5,2.0,6,0.02962310272974487,264,0.5516464874400646,0.02127636224772722,0.30907971392121164,-0.07665496578207798,0.49242424242424243,1.078363525863662,0.17803030303030304
0.9,11,shallow,0.5,2.5,0.5,24,0.02146249546792225,311,0.6489717503379139,0.02126312428559829,0.3844973929212123,-0.06158100606270278,0.18971061093247588,4.5210835476358815,0.1832797427652733
0.95,11,shallow,0.5,2.5,0.5,24,0.02146249546792225,311,0.6489717503379139,0.02126312428559829,0.3844973929212123,-0.06158100606270278,0.18971061093247588,4.5210835476358815,0.1832797427652733
0.8,10,base,0.5,3.0,1.5,24,0.023983485622980496,156,0.7585293958058402,0.021252461623047836,0.2676919213639513,-0.08840703408032746,0.38461538461538464,1.6799773533073692,0.27564102564102566
0.85,10,base,0.5,3.0,1.5,24,0.023983485622980496,156,0.7585293958058402,0.021252461623047836,0.2676919213639513,-0.08840703408032746,0.38461538461538464,1.6799773533073692,0.27564102564102566
0.8,10,base,0.7,2.0,0.75,24,0.034786761033208866,324,0.5634684693609555,0.021241632784771092,0.3533719410006487,-0.06693733528665768,0.2962962962962963,2.5172377185851236,0.29012345679012347
0.85,10,base,0.7,2.0,0.75,24,0.034786761033208866,324,0.5634684693609555,0.021241632784771092,0.3533719410006487,-0.06693733528665768,0.2962962962962963,2.5172377185851236,0.29012345679012347
0.8,10,base,0.4,3.0,1.0,24,0.018576634829056745,183,0.7809224018701153,0.021199454108463023,0.4203020144692113,-0.05616616572452848,0.30601092896174864,2.413673359127126,0.22404371584699453
0.85,10,base,0.4,3.0,1.0,24,0.018576634829056745,183,0.7809224018701153,0.021199454108463023,0.4203020144692113,-0.05616616572452848,0.30601092896174864,2.413673359127126,0.22404371584699453
0.9,11,deep_slow,0.6,1.5,1.0,24,0.026270004931272684,304,0.5834061568285418,0.02118897840782008,0.4545507488197947,-0.05190855742812006,0.4243421052631579,1.4173565783275928,0.4243421052631579
0.95,11,deep_slow,0.6,1.5,1.0,24,0.026270004931272684,304,0.5834061568285418,0.02118897840782008,0.4545507488197947,-0.05190855742812006,0.4243421052631579,1.4173565783275928,0.4243421052631579
0.8,10,shallow,0.7,2.0,1.0,6,0.034650808039162956,336,0.5281194769589492,0.02100562763172298,0.2632757919873883,-0.08884472447461844,0.4226190476190476,1.4267978468298588,0.20833333333333334
0.85,10,shallow,0.7,2.0,1.0,6,0.034650808039162956,336,0.5281194769589492,0.02100562763172298,0.2632757919873883,-0.08884472447461844,0.4226190476190476,1.4267978468298588,0.20833333333333334
0.8,10,shallow,0.4,3.0,2.0,12,0.016624676068168656,162,0.6679124672291802,0.020912648926226574,0.39724651817530243,-0.058621053884615915,0.4691358024691358,1.1979298143888566,0.21604938271604937
0.85,10,shallow,0.4,3.0,2.0,12,0.016624676068168656,162,0.6679124672291802,0.020912648926226574,0.39724651817530243,-0.058621053884615915,0.4691358024691358,1.1979298143888566,0.21604938271604937
0.9,11,base,0.8,3.0,1.5,24,0.03626824368319925,173,0.6605838833477453,0.020858402172463153,0.23919833019942183,-0.09710157253597496,0.3815028901734104,1.6885420127425725,0.2832369942196532
0.95,11,base,0.8,3.0,1.5,24,0.03626824368319925,173,0.6605838833477453,0.020858402172463153,0.23919833019942183,-0.09710157253597496,0.3815028901734104,1.6885420127425725,0.2832369942196532
0.9,11,deep_slow,0.5,4.0,2.5,24,0.02227660444433337,102,0.9176439704496472,0.02083658824813428,0.285910607036183,-0.08115199252185512,0.4803921568627451,1.1544461302318625,0.21568627450980393
0.95,11,deep_slow,0.5,4.0,2.5,24,0.02227660444433337,102,0.9176439704496472,0.02083658824813428,0.285910607036183,-0.08115199252185512,0.4803921568627451,1.1544461302318625,0.21568627450980393
0.8,10,shallow,0.8,3.0,0.75,12,0.04189406605295098,295,0.6275035703933955,0.020815558646103183,0.2521609745188889,-0.09192053351768081,0.2745762711864407,2.7717450473457075,0.15254237288135594
0.85,10,shallow,0.8,3.0,0.75,12,0.04189406605295098,295,0.6275035703933955,0.020815558646103183,0.2521609745188889,-0.09192053351768081,0.2745762711864407,2.7717450473457075,0.15254237288135594
0.8,10,shallow,0.8,4.0,1.5,24,0.04189406605295098,155,0.6829689518628255,0.020760097900816676,0.22581343597227055,-0.10237186707593482,0.34838709677419355,1.9645548596662332,0.18064516129032257
0.85,10,shallow,0.8,4.0,1.5,24,0.04189406605295098,155,0.6829689518628255,0.020760097900816676,0.22581343597227055,-0.10237186707593482,0.34838709677419355,1.9645548596662332,0.18064516129032257
0.9,11,shallow,0.5,2.0,0.5,24,0.02146249546792225,333,0.603192802391416,0.020713074334793413,0.38526777494631675,-0.059866208516533126,0.2222222222222222,3.6957739987202967,0.2222222222222222
0.95,11,shallow,0.5,2.0,0.5,24,0.02146249546792225,333,0.603192802391416,0.020713074334793413,0.38526777494631675,-0.059866208516533126,0.2222222222222222,3.6957739987202967,0.2222222222222222
0.9,11,deep_slow,0.8,2.5,1.0,6,0.03592704925670819,336,0.5202948812348311,0.02071175769059974,0.2730535704746735,-0.08446347400640408,0.40476190476190477,1.5413756835798413,0.16071428571428573
0.95,11,deep_slow,0.8,2.5,1.0,6,0.03592704925670819,336,0.5202948812348311,0.02071175769059974,0.2730535704746735,-0.08446347400640408,0.40476190476190477,1.5413756835798413,0.16071428571428573
0.9,11,deep_slow,0.4,4.0,1.0,24,0.018002548129969136,159,0.8156625360573877,0.020671644128025024,0.34149898233483206,-0.06740381602161494,0.29559748427672955,2.544842415923714,0.1509433962264151
0.95,11,deep_slow,0.4,4.0,1.0,24,0.018002548129969136,159,0.8156625360573877,0.020671644128025024,0.34149898233483206,-0.06740381602161494,0.29559748427672955,2.544842415923714,0.1509433962264151
0.9,11,base,0.8,1.0,0.75,24,0.03626824368319925,491,0.4983179902057927,0.020654125219168762,0.36594333639148113,-0.0628479938903983,0.45417515274949083,1.2463916193381943,0.45417515274949083
0.95,11,base,0.8,1.0,0.75,24,0.03626824368319925,491,0.4983179902057927,0.020654125219168762,0.36594333639148113,-0.0628479938903983,0.45417515274949083,1.2463916193381943,0.45417515274949083
0.8,10,shallow,0.7,2.5,2.0,24,0.034650808039162956,161,0.5626723874754311,0.02056741602306511,0.26144778687857856,-0.08759738356994407,0.4782608695652174,1.1429639946935242,0.38509316770186336
0.85,10,shallow,0.7,2.5,2.0,24,0.034650808039162956,161,0.5626723874754311,0.02056741602306511,0.26144778687857856,-0.08759738356994407,0.4782608695652174,1.1429639946935242,0.38509316770186336
0.8,10,shallow,0.6,1.5,0.5,24,0.0281987593635591,435,0.5531844297350418,0.02052796498961107,0.49230757660265073,-0.04643065405727298,0.27586206896551724,2.7458250191864253,0.27586206896551724
0.85,10,shallow,0.6,1.5,0.5,24,0.0281987593635591,435,0.5531844297350418,0.02052796498961107,0.49230757660265073,-0.04643065405727298,0.27586206896551724,2.7458250191864253,0.27586206896551724
0.9,11,deep_slow,0.8,3.0,1.0,12,0.03592704925670819,252,0.62402141397148,0.020439236203507072,0.24401445407338498,-0.09327009062693636,0.32936507936507936,2.133117971318563,0.16666666666666666
0.95,11,deep_slow,0.8,3.0,1.0,12,0.03592704925670819,252,0.62402141397148,0.020439236203507072,0.24401445407338498,-0.09327009062693636,0.32936507936507936,2.133117971318563,0.16666666666666666
0.9,11,shallow,0.8,3.0,0.75,12,0.03483165271979253,284,0.6444467229931756,0.020343844661627752,0.24099794236037075,-0.09399628520142511,0.2711267605633803,2.8214239486351933,0.15492957746478872
0.95,11,shallow,0.8,3.0,0.75,12,0.03483165271979253,284,0.6444467229931756,0.020343844661627752,0.24099794236037075,-0.09399628520142511,0.2711267605633803,2.8214239486351933,0.15492957746478872
0.9,11,shallow,0.4,2.0,0.5,24,0.017780104391063124,303,0.6297362800153877,0.020343130883080596,0.35589729247172547,-0.06364790098942052,0.22442244224422442,3.665587031718605,0.22442244224422442
0.95,11,shallow,0.4,2.0,0.5,24,0.017780104391063124,303,0.6297362800153877,0.020343130883080596,0.35589729247172547,-0.06364790098942052,0.22442244224422442,3.665587031718605,0.22442244224422442
0.9,11,deep_slow,0.7,3.0,0.5,24,0.03059831863119774,322,0.667079897089293,0.020270930820603716,0.29514941530359323,-0.0764752673818353,0.17391304347826086,4.980596180670886,0.15217391304347827
0.95,11,deep_slow,0.7,3.0,0.5,24,0.03059831863119774,322,0.667079897089293,0.020270930820603716,0.29514941530359323,-0.0764752673818353,0.17391304347826086,4.980596180670886,0.15217391304347827
0.9,11,base,0.7,3.0,2.0,24,0.030935384207832782,139,0.6893790725891422,0.020269690076964775,0.3486429867202169,-0.06473741964267599,0.4676258992805755,1.1988059983221218,0.31654676258992803
0.95,11,base,0.7,3.0,2.0,24,0.030935384207832782,139,0.6893790725891422,0.020269690076964775,0.3486429867202169,-0.06473741964267599,0.4676258992805755,1.1988059983221218,0.31654676258992803
0.8,10,deep_slow,0.6,4.0,1.0,24,0.027441884318986948,182,0.7414498873132754,0.020222056501063124,0.2899035777574414,-0.0776711630577831,0.27472527472527475,2.787136575374526,0.15384615384615385
0.85,10,deep_slow,0.6,4.0,1.0,24,0.027441884318986948,182,0.7414498873132754,0.020222056501063124,0.2899035777574414,-0.0776711630577831,0.27472527472527475,2.787136575374526,0.15384615384615385
0.9,11,shallow,0.8,3.0,1.0,24,0.03483165271979253,214,0.6702913867866851,0.020219095704432144,0.22674011844137698,-0.09929362166049838,0.2850467289719626,2.6363965537826024,0.21962616822429906
0.95,11,shallow,0.8,3.0,1.0,24,0.03483165271979253,214,0.6702913867866851,0.020219095704432144,0.22674011844137698,-0.09929362166049838,0.2850467289719626,2.6363965537826024,0.21962616822429906
0.8,10,deep_slow,0.8,2.5,1.0,12,0.03652372924092767,275,0.5256343816317307,0.020219066254378637,0.25766062878842,-0.08737778376325755,0.3490909090909091,1.945996998539279,0.2290909090909091
0.85,10,deep_slow,0.8,2.5,1.0,12,0.03652372924092767,275,0.5256343816317307,0.020219066254378637,0.25766062878842,-0.08737778376325755,0.3490909090909091,1.945996998539279,0.2290909090909091
0.8,10,shallow,0.7,2.5,2.0,12,0.034650808039162956,196,0.5475598479460891,0.020154450850331518,0.2356165085299867,-0.09524708448421337,0.4897959183673469,1.0883071001415687,0.28061224489795916
0.85,10,shallow,0.7,2.5,2.0,12,0.034650808039162956,196,0.5475598479460891,0.020154450850331518,0.2356165085299867,-0.09524708448421337,0.4897959183673469,1.0883071001415687,0.28061224489795916
0.9,11,deep_slow,0.5,4.0,1.5,24,0.02227660444433337,137,0.7859113332248523,0.020146954812906737,0.2962878568697649,-0.07571498086390349,0.3795620437956204,1.7309365681176272,0.1678832116788321
0.95,11,deep_slow,0.5,4.0,1.5,24,0.02227660444433337,137,0.7859113332248523,0.020146954812906737,0.2962878568697649,-0.07571498086390349,0.3795620437956204,1.7309365681176272,0.1678832116788321
0.8,10,shallow,0.7,2.5,1.5,24,0.034650808039162956,190,0.541147257866191,0.02007869041434751,0.2514498132312658,-0.08891369956141992,0.4052631578947368,1.5218231630814272,0.3368421052631579
0.85,10,shallow,0.7,2.5,1.5,24,0.034650808039162956,190,0.541147257866191,0.02007869041434751,0.2514498132312658,-0.08891369956141992,0.4052631578947368,1.5218231630814272,0.3368421052631579
0.8,10,shallow,0.7,1.5,0.5,24,0.034650808039162956,464,0.5257106342992592,0.0200106272887679,0.4423957910796469,-0.050365447110413686,0.27801724137931033,2.7052339771573464,0.27801724137931033
0.85,10,shallow,0.7,1.5,0.5,24,0.034650808039162956,464,0.5257106342992592,0.0200106272887679,0.4423957910796469,-0.050365447110413686,0.27801724137931033,2.7052339771573464,0.27801724137931033
0.9,11,base,0.8,4.0,1.5,24,0.03626824368319925,153,0.6672286539309695,0.019989105754957714,0.22302127456910778,-0.09979976795234669,0.33986928104575165,2.037427033781744,0.1895424836601307
0.95,11,base,0.8,4.0,1.5,24,0.03626824368319925,153,0.6672286539309695,0.019989105754957714,0.22302127456910778,-0.09979976795234669,0.33986928104575165,2.037427033781744,0.1895424836601307
0.9,11,shallow,0.8,4.0,1.0,24,0.03483165271979253,191,0.6992981074503749,0.019885532550381724,0.21806167840471494,-0.1015401598670308,0.25654450261780104,3.0523397120176203,0.1518324607329843
0.95,11,shallow,0.8,4.0,1.0,24,0.03483165271979253,191,0.6992981074503749,0.019885532550381724,0.21806167840471494,-0.1015401598670308,0.25654450261780104,3.0523397120176203,0.1518324607329843
0.8,10,base,0.7,3.0,1.5,12,0.034786761033208866,206,0.5955614544378073,0.019849930396022675,0.21759380706939252,-0.10157610789141014,0.42718446601941745,1.4038849133916091,0.20388349514563106
0.85,10,base,0.7,3.0,1.5,12,0.034786761033208866,206,0.5955614544378073,0.019849930396022675,0.21759380706939252,-0.10157610789141014,0.42718446601941745,1.4038849133916091,0.20388349514563106
0.9,11,deep_slow,0.5,3.0,2.0,24,0.02227660444433337,130,0.7361341495176326,0.019845442144037273,0.30679127386612065,-0.07202724089532875,0.4461538461538462,1.3101453464861892,0.3076923076923077
0.95,11,deep_slow,0.5,3.0,2.0,24,0.02227660444433337,130,0.7361341495176326,0.019845442144037273,0.30679127386612065,-0.07202724089532875,0.4461538461538462,1.3101453464861892,0.3076923076923077
0.9,11,shallow,0.5,1.5,0.5,24,0.02146249546792225,386,0.5623652905281477,0.01983382294413394,0.5377316920297784,-0.04106951003961701,0.2772020725388601,2.7370742688302028,0.2772020725388601
0.95,11,shallow,0.5,1.5,0.5,24,0.02146249546792225,386,0.5623652905281477,0.01983382294413394,0.5377316920297784,-0.04106951003961701,0.2772020725388601,2.7370742688302028,0.2772020725388601
0.9,11,shallow,0.8,2.0,1.0,12,0.03483165271979253,286,0.5342762775337269,0.01974617972356607,0.22152842319531985,-0.09924993772695156,0.3706293706293706,1.770145471659472,0.2867132867132867
0.95,11,shallow,0.8,2.0,1.0,12,0.03483165271979253,286,0.5342762775337269,0.01974617972356607,0.22152842319531985,-0.09924993772695156,0.3706293706293706,1.770145471659472,0.2867132867132867
0.9,11,shallow,0.7,2.0,1.0,6,0.02962310272974487,324,0.5196743814266649,0.01974127541661641,0.28804057795917315,-0.07631291262631801,0.4166666666666667,1.46069591024839,0.20987654320987653
0.95,11,shallow,0.7,2.0,1.0,6,0.02962310272974487,324,0.5196743814266649,0.01974127541661641,0.28804057795917315,-0.07631291262631801,0.4166666666666667,1.46069591024839,0.20987654320987653
0.9,11,deep_slow,0.8,3.0,2.5,12,0.03592704925670819,168,0.6811153241786623,0.019674745390209303,0.26385040041194713,-0.08302832141803129,0.5119047619047619,1.0030625356390588,0.21428571428571427
0.95,11,deep_slow,0.8,3.0,2.5,12,0.03592704925670819,168,0.6811153241786623,0.019674745390209303,0.26385040041194713,-0.08302832141803129,0.5119047619047619,1.0030625356390588,0.21428571428571427
0.9,11,deep_slow,0.4,2.5,1.5,24,0.018002548129969136,165,0.6091354452106696,0.019661279148242228,0.2756617005516481,-0.07941634742924497,0.4,1.5607961125465204,0.3333333333333333
0.95,11,deep_slow,0.4,2.5,1.5,24,0.018002548129969136,165,0.6091354452106696,0.019661279148242228,0.2756617005516481,-0.07941634742924497,0.4,1.5607961125465204,0.3333333333333333
0.8,10,base,0.6,2.0,0.75,24,0.028890652717152483,298,0.5591425931676451,0.01960151526030618,0.4318353884851381,-0.050541083458101155,0.30201342281879195,2.4525275319597704,0.2986577181208054
0.85,10,base,0.6,2.0,0.75,24,0.028890652717152483,298,0.5591425931676451,0.01960151526030618,0.4318353884851381,-0.050541083458101155,0.30201342281879195,2.4525275319597704,0.2986577181208054
0.9,11,base,0.8,2.0,1.5,12,0.03626824368319925,240,0.5245964275801726,0.019545196553172328,0.25508866723699236,-0.08531406867075586,0.45416666666666666,1.2521734040395345,0.3375
0.95,11,base,0.8,2.0,1.5,12,0.03626824368319925,240,0.5245964275801726,0.019545196553172328,0.25508866723699236,-0.08531406867075586,0.45416666666666666,1.2521734040395345,0.3375
0.8,10,base,0.5,2.5,2.0,6,0.023983485622980496,243,0.5343772916400076,0.01945942612166407,0.3126964838656208,-0.06929098624024232,0.49382716049382713,1.0721214422463328,0.18106995884773663
0.85,10,base,0.5,2.5,2.0,6,0.023983485622980496,243,0.5343772916400076,0.01945942612166407,0.3126964838656208,-0.06929098624024232,0.49382716049382713,1.0721214422463328,0.18106995884773663
0.8,10,base,0.4,2.5,1.0,12,0.018576634829056745,224,0.5590787763062296,0.019437929196406856,0.45836405653185314,-0.04721811400935938,0.3482142857142857,1.9682730342901211,0.23214285714285715
0.85,10,base,0.4,2.5,1.0,12,0.018576634829056745,224,0.5590787763062296,0.019437929196406856,0.45836405653185314,-0.04721811400935938,0.3482142857142857,1.9682730342901211,0.23214285714285715
0.8,10,base,0.4,2.0,1.0,12,0.018576634829056745,235,0.5756576081671394,0.019417187467219543,0.4482042377286647,-0.048236863483543835,0.37872340425531914,1.7239770513536345,0.3148936170212766
0.85,10,base,0.4,2.0,1.0,12,0.018576634829056745,235,0.5756576081671394,0.019417187467219543,0.4482042377286647,-0.048236863483543835,0.37872340425531914,1.7239770513536345,0.3148936170212766
0.8,10,deep_slow,0.5,3.0,2.5,12,0.02386910511055699,160,0.6236127686912527,0.01940627340282397,0.28349803396133266,-0.07621852274326735,0.5125,1.0010305901283483,0.21875
0.85,10,deep_slow,0.5,3.0,2.5,12,0.02386910511055699,160,0.6236127686912527,0.01940627340282397,0.28349803396133266,-0.07621852274326735,0.5125,1.0010305901283483,0.21875
0.8,10,shallow,0.4,3.0,1.0,12,0.016624676068168656,215,0.6090668587258447,0.019391077285511704,0.29395695503983943,-0.07344906377171156,0.32558139534883723,2.1803461415936476,0.17674418604651163
0.85,10,shallow,0.4,3.0,1.0,12,0.016624676068168656,215,0.6090668587258447,0.019391077285511704,0.29395695503983943,-0.07344906377171156,0.32558139534883723,2.1803461415936476,0.17674418604651163
0.8,10,base,0.6,2.5,0.75,24,0.028890652717152483,271,0.5694572607079076,0.019383249335013453,0.34017154084184187,-0.06344486590952125,0.26199261992619927,2.9300940737505483,0.24354243542435425
0.85,10,base,0.6,2.5,0.75,24,0.028890652717152483,271,0.5694572607079076,0.019383249335013453,0.34017154084184187,-0.06344486590952125,0.26199261992619927,2.9300940737505483,0.24354243542435425
0.9,11,deep_slow,0.6,2.0,1.5,24,0.026270004931272684,194,0.5657858242456344,0.019373026998417364,0.28532274503274496,-0.07560120587244779,0.4381443298969072,1.3373319957818237,0.42783505154639173
0.95,11,deep_slow,0.6,2.0,1.5,24,0.026270004931272684,194,0.5657858242456344,0.019373026998417364,0.28532274503274496,-0.07560120587244779,0.4381443298969072,1.3373319957818237,0.42783505154639173
0.8,10,shallow,0.6,2.5,0.75,12,0.0281987593635591,298,0.532882247870552,0.019345770590239564,0.2555733119467125,-0.08428251936840203,0.28187919463087246,2.6623036941956673,0.19798657718120805
0.85,10,shallow,0.6,2.5,0.75,12,0.0281987593635591,298,0.532882247870552,0.019345770590239564,0.2555733119467125,-0.08428251936840203,0.28187919463087246,2.6623036941956673,0.19798657718120805
0.9,11,deep_slow,0.6,2.5,1.5,24,0.026270004931272684,182,0.5517872195482246,0.019242483900223206,0.2670209487051939,-0.08023803557378817,0.3956043956043956,1.582207539064814,0.33516483516483514
0.95,11,deep_slow,0.6,2.5,1.5,24,0.026270004931272684,182,0.5517872195482246,0.019242483900223206,0.2670209487051939,-0.08023803557378817,0.3956043956043956,1.582207539064814,0.33516483516483514
0.8,10,base,0.7,2.0,1.0,24,0.034786761033208866,269,0.5097872392919267,0.019235525924498065,0.26915769095900344,-0.0795722418244883,0.34572490706319703,1.9976082233233083,0.3382899628252788
0.85,10,base,0.7,2.0,1.0,24,0.034786761033208866,269,0.5097872392919267,0.019235525924498065,0.26915769095900344,-0.0795722418244883,0.34572490706319703,1.9976082233233083,0.3382899628252788
0.9,11,base,0.7,3.0,0.75,24,0.030935384207832782,253,0.6267898156456254,0.01917390555740095,0.285668366826659,-0.07473280294551332,0.23715415019762845,3.3700732798914013,0.2015810276679842
0.95,11,base,0.7,3.0,0.75,24,0.030935384207832782,253,0.6267898156456254,0.01917390555740095,0.285668366826659,-0.07473280294551332,0.23715415019762845,3.3700732798914013,0.2015810276679842
0.8,10,base,0.6,2.0,0.75,6,0.028890652717152483,345,0.5273341171246247,0.019132028050431016,0.449735001256655,-0.047365939034212934,0.3536231884057971,1.9236563045833823,0.2028985507246377
0.85,10,base,0.6,2.0,0.75,6,0.028890652717152483,345,0.5273341171246247,0.019132028050431016,0.449735001256655,-0.047365939034212934,0.3536231884057971,1.9236563045833823,0.2028985507246377
0.8,10,shallow,0.7,1.5,0.5,12,0.034650808039162956,467,0.502625932109629,0.019120903703478298,0.4230386964589292,-0.05032570672616676,0.2826552462526767,2.6390890182509623,0.27194860813704497
0.85,10,shallow,0.7,1.5,0.5,12,0.034650808039162956,467,0.502625932109629,0.019120903703478298,0.4230386964589292,-0.05032570672616676,0.2826552462526767,2.6390890182509623,0.27194860813704497
0.9,11,base,0.4,1.5,0.5,24,0.016682884199823906,350,0.6009369426900557,0.01911619669935094,0.7991502824482853,-0.02663388274057621,0.28,2.709419164833904,0.28
0.95,11,base,0.4,1.5,0.5,24,0.016682884199823906,350,0.6009369426900557,0.01911619669935094,0.7991502824482853,-0.02663388274057621,0.28,2.709419164833904,0.28
0.8,10,base,0.8,2.5,1.5,24,0.041557390516231536,187,0.5315634025627268,0.019098949337203353,0.19495435051888174,-0.10907810398184514,0.39572192513368987,1.5799478694189377,0.3315508021390374
0.85,10,base,0.8,2.5,1.5,24,0.041557390516231536,187,0.5315634025627268,0.019098949337203353,0.19495435051888174,-0.10907810398184514,0.39572192513368987,1.5799478694189377,0.3315508021390374
0.9,11,deep_slow,0.5,2.0,0.5,12,0.02227660444433337,363,0.5447857137754367,0.018963671955919414,0.3203131541934524,-0.06591821488834637,0.22589531680440772,3.5911362507524283,0.2066115702479339
0.95,11,deep_slow,0.5,2.0,0.5,12,0.02227660444433337,363,0.5447857137754367,0.018963671955919414,0.3203131541934524,-0.06591821488834637,0.22589531680440772,3.5911362507524283,0.2066115702479339
0.9,11,shallow,0.8,2.5,0.5,12,0.03483165271979253,379,0.5371580654223307,0.018922269322606544,0.2618560335770875,-0.08045766329582404,0.21372031662269128,3.8468415007895382,0.158311345646438
0.95,11,shallow,0.8,2.5,0.5,12,0.03483165271979253,379,0.5371580654223307,0.018922269322606544,0.2618560335770875,-0.08045766329582404,0.21372031662269128,3.8468415007895382,0.158311345646438
0.9,11,deep_slow,0.4,3.0,0.75,24,0.018002548129969136,212,0.6993103098364721,0.018908161799400025,0.39624064668777015,-0.05313084554508418,0.24528301886792453,3.2493177029433284,0.19339622641509435
0.95,11,deep_slow,0.4,3.0,0.75,24,0.018002548129969136,212,0.6993103098364721,0.018908161799400025,0.39624064668777015,-0.05313084554508418,0.24528301886792453,3.2493177029433284,0.19339622641509435
0.8,10,deep_slow,0.6,3.0,2.5,12,0.027441884318986948,160,0.6368015874626999,0.0188587952253636,0.2874870906570351,-0.07303833251973813,0.50625,1.02695699412753,0.21875
0.85,10,deep_slow,0.6,3.0,2.5,12,0.027441884318986948,160,0.6368015874626999,0.0188587952253636,0.2874870906570351,-0.07303833251973813,0.50625,1.02695699412753,0.21875
0.8,10,deep_slow,0.8,3.0,0.5,24,0.03652372924092767,336,0.587041771921658,0.01880643082933786,0.28122528787308176,-0.07445708039819243,0.17261904761904762,4.994774410804158,0.15178571428571427
0.85,10,deep_slow,0.8,3.0,0.5,24,0.03652372924092767,336,0.587041771921658,0.01880643082933786,0.28122528787308176,-0.07445708039819243,0.17261904761904762,4.994774410804158,0.15178571428571427
0.9,11,shallow,0.6,2.0,0.5,12,0.025504051782762147,368,0.5463208513595993,0.01871089036562079,0.3242009700750641,-0.06425868519860423,0.23097826086956522,3.48873862406687,0.20108695652173914
0.95,11,shallow,0.6,2.0,0.5,12,0.025504051782762147,368,0.5463208513595993,0.01871089036562079,0.3242009700750641,-0.06425868519860423,0.23097826086956522,3.48873862406687,0.20108695652173914
0.9,11,deep_slow,0.4,2.5,2.0,6,0.018002548129969136,224,0.5347461637654393,0.01869312295702419,0.3636579874513971,-0.05723214128776899,0.5,1.0477465548847373,0.16517857142857142
0.95,11,deep_slow,0.4,2.5,2.0,6,0.018002548129969136,224,0.5347461637654393,0.01869312295702419,0.3636579874513971,-0.05723214128776899,0.5,1.0477465548847373,0.16517857142857142
0.8,10,base,0.6,1.5,1.0,12,0.028890652717152483,323,0.48051762110231183,0.01867632518197393,0.3183300597912775,-0.06532277636242256,0.4241486068111455,1.4214642506800035,0.4086687306501548
0.85,10,base,0.6,1.5,1.0,12,0.028890652717152483,323,0.48051762110231183,0.01867632518197393,0.3183300597912775,-0.06532277636242256,0.4241486068111455,1.4214642506800035,0.4086687306501548
0.9,11,deep_slow,0.7,2.5,0.5,24,0.03059831863119774,347,0.5546337579253038,0.018622312707567534,0.26074915786364805,-0.07951704978270768,0.1930835734870317,4.354857293741572,0.1786743515850144
0.95,11,deep_slow,0.7,2.5,0.5,24,0.03059831863119774,347,0.5546337579253038,0.018622312707567534,0.26074915786364805,-0.07951704978270768,0.1930835734870317,4.354857293741572,0.1786743515850144
0.8,10,base,0.5,2.5,1.5,24,0.023983485622980496,171,0.5434685435764729,0.018559295920214325,0.25673828344777766,-0.08048573300897943,0.4093567251461988,1.4966469352058864,0.3333333333333333
0.85,10,base,0.5,2.5,1.5,24,0.023983485622980496,171,0.5434685435764729,0.018559295920214325,0.25673828344777766,-0.08048573300897943,0.4093567251461988,1.4966469352058864,0.3333333333333333
0.9,11,deep_slow,0.8,2.5,1.5,12,0.03592704925670819,225,0.48265158292821264,0.018526944864628137,0.18331874060132133,-0.11252375212076293,0.4177777777777778,1.4482317083625105,0.24444444444444444
0.95,11,deep_slow,0.8,2.5,1.5,12,0.03592704925670819,225,0.48265158292821264,0.018526944864628137,0.18331874060132133,-0.11252375212076293,0.4177777777777778,1.4482317083625105,0.24444444444444444
0.9,11,base,0.6,2.5,1.5,12,0.02585215857847287,207,0.529341588816431,0.018346970171823296,0.2939529059299207,-0.06949115395903205,0.43478260869565216,1.3541556960949885,0.2560386473429952
0.95,11,base,0.6,2.5,1.5,12,0.02585215857847287,207,0.529341588816431,0.018346970171823296,0.2939529059299207,-0.06949115395903205,0.43478260869565216,1.3541556960949885,0.2560386473429952
0.9,11,base,0.8,2.5,1.5,6,0.03626824368319925,290,0.4804331997629198,0.018311437198433644,0.24424830068587616,-0.0834704878177226,0.46551724137931033,1.189789928884412,0.15517241379310345
0.95,11,base,0.8,2.5,1.5,6,0.03626824368319925,290,0.4804331997629198,0.018311437198433644,0.24424830068587616,-0.0834704878177226,0.46551724137931033,1.189789928884412,0.15517241379310345
0.8,10,shallow,0.8,3.0,0.5,24,0.04189406605295098,331,0.5850658205172631,0.018268116890425956,0.24211102310156543,-0.08400792273767865,0.17220543806646527,5.007806090468167,0.1510574018126888
0.85,10,shallow,0.8,3.0,0.5,24,0.04189406605295098,331,0.5850658205172631,0.018268116890425956,0.24211102310156543,-0.08400792273767865,0.17220543806646527,5.007806090468167,0.1510574018126888
0.8,10,deep_slow,0.8,4.0,1.5,24,0.03652372924092767,161,0.5760004878593067,0.018095147844819248,0.17836115813682532,-0.11295324513128568,0.35403726708074534,1.9155620743074782,0.18012422360248448
0.85,10,deep_slow,0.8,4.0,1.5,24,0.03652372924092767,161,0.5760004878593067,0.018095147844819248,0.17836115813682532,-0.11295324513128568,0.35403726708074534,1.9155620743074782,0.18012422360248448
0.9,11,deep_slow,0.4,2.0,0.75,24,0.018002548129969136,259,0.5364210837512121,0.018066291323580286,0.3557925959123508,-0.05653381172733596,0.2972972972972973,2.475621090540581,0.29343629343629346
0.95,11,deep_slow,0.4,2.0,0.75,24,0.018002548129969136,259,0.5364210837512121,0.018066291323580286,0.3557925959123508,-0.05653381172733596,0.2972972972972973,2.475621090540581,0.29343629343629346
0.8,10,shallow,0.4,1.5,0.75,12,0.016624676068168656,309,0.500554062472806,0.018066262892230567,0.4203243965937546,-0.047854181456516987,0.3656957928802589,1.8111793041927424,0.3559870550161812
0.85,10,shallow,0.4,1.5,0.75,12,0.016624676068168656,309,0.500554062472806,0.018066262892230567,0.4203243965937546,-0.047854181456516987,0.3656957928802589,1.8111793041927424,0.3559870550161812
0.9,11,shallow,0.4,1.5,0.5,12,0.017780104391063124,348,0.5408800530676795,0.01800835534735712,0.6191024300582912,-0.03238517980308031,0.28160919540229884,2.6801547440992337,0.27298850574712646
0.95,11,shallow,0.4,1.5,0.5,12,0.017780104391063124,348,0.5408800530676795,0.01800835534735712,0.6191024300582912,-0.03238517980308031,0.28160919540229884,2.6801547440992337,0.27298850574712646
0.9,11,shallow,0.4,1.5,0.5,24,0.017780104391063124,346,0.5422336718526086,0.017953611342031994,0.6161650634643924,-0.03244054934013818,0.2774566473988439,2.7355905645899425,0.2774566473988439
0.95,11,shallow,0.4,1.5,0.5,24,0.017780104391063124,346,0.5422336718526086,0.017953611342031994,0.6161650634643924,-0.03244054934013818,0.2774566473988439,2.7355905645899425,0.2774566473988439
0.9,11,deep_slow,0.5,3.0,2.5,12,0.02227660444433337,153,0.6831667435817275,0.017901232417445012,0.2856618972195607,-0.06976904905577674,0.47058823529411764,1.179697640268609,0.24183006535947713
0.95,11,deep_slow,0.5,3.0,2.5,12,0.02227660444433337,153,0.6831667435817275,0.017901232417445012,0.2856618972195607,-0.06976904905577674,0.47058823529411764,1.179697640268609,0.24183006535947713
0.9,11,deep_slow,0.7,2.5,1.0,12,0.03059831863119774,266,0.48067507944163346,0.017888316769081758,0.2216712885814434,-0.08984458530798589,0.34210526315789475,1.9978079670522422,0.22556390977443608
0.95,11,deep_slow,0.7,2.5,1.0,12,0.03059831863119774,266,0.48067507944163346,0.017888316769081758,0.2216712885814434,-0.08984458530798589,0.34210526315789475,1.9978079670522422,0.22556390977443608
0.9,11,base,0.7,2.5,1.5,24,0.030935384207832782,181,0.5263332900082552,0.017726846224047632,0.23076310933285166,-0.08552499985633721,0.40331491712707185,1.5275512037115766,0.3370165745856354
0.95,11,base,0.7,2.5,1.5,24,0.030935384207832782,181,0.5263332900082552,0.017726846224047632,0.23076310933285166,-0.08552499985633721,0.40331491712707185,1.5275512037115766,0.3370165745856354
0.9,11,shallow,0.8,2.5,0.75,24,0.03483165271979253,279,0.5229632153029588,0.017712007445348954,0.19871400154630364,-0.09923547355156026,0.25448028673835127,3.0416530190672257,0.23655913978494625
0.95,11,shallow,0.8,2.5,0.75,24,0.03483165271979253,279,0.5229632153029588,0.017712007445348954,0.19871400154630364,-0.09923547355156026,0.25448028673835127,3.0416530190672257,0.23655913978494625
0.8,10,shallow,0.4,2.5,1.0,12,0.016624676068168656,228,0.4943184436984581,0.01770992036441066,0.27444459384637593,-0.07184383505422454,0.3333333333333333,2.091611081526544,0.23684210526315788
0.85,10,shallow,0.4,2.5,1.0,12,0.016624676068168656,228,0.4943184436984581,0.01770992036441066,0.27444459384637593,-0.07184383505422454,0.3333333333333333,2.091611081526544,0.23684210526315788
0.9,11,base,0.4,1.5,0.5,12,0.016682884199823906,351,0.5556705888441664,0.017653463186911855,0.7381209217047114,-0.02662739123919544,0.28205128205128205,2.672200282328776,0.27350427350427353
0.95,11,base,0.4,1.5,0.5,12,0.016682884199823906,351,0.5556705888441664,0.017653463186911855,0.7381209217047114,-0.02662739123919544,0.28205128205128205,2.672200282328776,0.27350427350427353
0.9,11,base,0.7,1.0,0.75,24,0.030935384207832782,469,0.44035532459275883,0.017586224992397925,0.4235481870180081,-0.046226860177061235,0.4584221748400853,1.2208142740455523,0.4584221748400853
0.95,11,base,0.7,1.0,0.75,24,0.030935384207832782,469,0.44035532459275883,0.017586224992397925,0.4235481870180081,-0.046226860177061235,0.4584221748400853,1.2208142740455523,0.4584221748400853
0.9,11,shallow,0.5,2.0,0.5,12,0.02146249546792225,344,0.507062218610503,0.017484612275496803,0.33746785134421065,-0.0576827224195362,0.22965116279069767,3.510189295169819,0.2063953488372093
0.95,11,shallow,0.5,2.0,0.5,12,0.02146249546792225,344,0.507062218610503,0.017484612275496803,0.33746785134421065,-0.0576827224195362,0.22965116279069767,3.510189295169819,0.2063953488372093
0.9,11,shallow,0.6,1.5,0.5,24,0.025504051782762147,414,0.4871793664931048,0.017427450238125086,0.3852726721473146,-0.050360080789998984,0.27294685990338163,2.7725893627702125,0.27294685990338163
0.95,11,shallow,0.6,1.5,0.5,24,0.025504051782762147,414,0.4871793664931048,0.017427450238125086,0.3852726721473146,-0.050360080789998984,0.27294685990338163,2.7725893627702125,0.27294685990338163
0.8,10,base,0.8,2.5,2.0,24,0.041557390516231536,162,0.4697737285935484,0.01732850840869249,0.2247436942697476,-0.08584046336494267,0.4691358024691358,1.1753759730148923,0.38271604938271603
0.85,10,base,0.8,2.5,2.0,24,0.041557390516231536,162,0.4697737285935484,0.01732850840869249,0.2247436942697476,-0.08584046336494267,0.4691358024691358,1.1753759730148923,0.38271604938271603
0.9,11,shallow,0.6,1.5,0.5,12,0.025504051782762147,418,0.4831029014626391,0.01732463578386456,0.3659182317292091,-0.0527106483965013,0.27751196172248804,2.7093371242008852,0.26555023923444976
0.95,11,shallow,0.6,1.5,0.5,12,0.025504051782762147,418,0.4831029014626391,0.01732463578386456,0.3659182317292091,-0.0527106483965013,0.27751196172248804,2.7093371242008852,0.26555023923444976
0.9,11,base,0.8,1.5,0.5,12,0.03626824368319925,475,0.45223235643247184,0.017309600392420688,0.25456762365839963,-0.07570103283902008,0.27789473684210525,2.6891422064391537,0.2694736842105263
0.95,11,base,0.8,1.5,0.5,12,0.03626824368319925,475,0.45223235643247184,0.017309600392420688,0.25456762365839963,-0.07570103283902008,0.27789473684210525,2.6891422064391537,0.2694736842105263
0.8,10,base,0.5,2.0,0.5,24,0.023983485622980496,345,0.5268527115076895,0.017302330500132523,0.4049370160319523,-0.04757018950103442,0.22608695652173913,3.5781628167911994,0.22608695652173913
0.85,10,base,0.5,2.0,0.5,24,0.023983485622980496,345,0.5268527115076895,0.017302330500132523,0.4049370160319523,-0.04757018950103442,0.22608695652173913,3.5781628167911994,0.22608695652173913
0.9,11,base,0.6,2.0,0.5,24,0.02585215857847287,366,0.5008036929609334,0.0172661996193475,0.32100035832498225,-0.05988363103267069,0.22131147540983606,3.6675402090651286,0.22131147540983606
0.95,11,base,0.6,2.0,0.5,24,0.02585215857847287,366,0.5008036929609334,0.0172661996193475,0.32100035832498225,-0.05988363103267069,0.22131147540983606,3.6675402090651286,0.22131147540983606
0.9,11,shallow,0.6,3.0,1.0,12,0.025504051782762147,223,0.5642531870937261,0.017245967311857013,0.27873109739484225,-0.06888402753951961,0.33183856502242154,2.1122919157363564,0.17488789237668162
0.95,11,shallow,0.6,3.0,1.0,12,0.025504051782762147,223,0.5642531870937261,0.017245967311857013,0.27873109739484225,-0.06888402753951961,0.33183856502242154,2.1122919157363564,0.17488789237668162
0.8,10,shallow,0.4,1.5,0.75,24,0.016624676068168656,308,0.47664593020238033,0.017159521905965036,0.39093749729315413,-0.04886660518503383,0.36038961038961037,1.8490049032339497,0.36038961038961037
0.85,10,shallow,0.4,1.5,0.75,24,0.016624676068168656,308,0.47664593020238033,0.017159521905965036,0.39093749729315413,-0.04886660518503383,0.36038961038961037,1.8490049032339497,0.36038961038961037
0.8,10,shallow,0.6,1.5,0.5,12,0.0281987593635591,437,0.46503750712099734,0.01715574451547197,0.4107016131692546,-0.04650475753247618,0.2791762013729977,2.681324867446779,0.2700228832951945
0.85,10,shallow,0.6,1.5,0.5,12,0.0281987593635591,437,0.46503750712099734,0.01715574451547197,0.4107016131692546,-0.04650475753247618,0.2791762013729977,2.681324867446779,0.2700228832951945
0.9,11,shallow,0.8,2.0,1.5,24,0.03483165271979253,209,0.4767232753006347,0.017008963598564186,0.16670619359577454,-0.1135891372733625,0.430622009569378,1.3685424489772144,0.40669856459330145
0.95,11,shallow,0.8,2.0,1.5,24,0.03483165271979253,209,0.4767232753006347,0.017008963598564186,0.16670619359577454,-0.1135891372733625,0.430622009569378,1.3685424489772144,0.40669856459330145
0.9,11,deep_slow,0.6,2.5,2.0,6,0.026270004931272684,254,0.44861362253049974,0.01692523926689371,0.27418609529308585,-0.06872235860167653,0.5078740157480315,1.004550649364416,0.17716535433070865
0.95,11,deep_slow,0.6,2.5,2.0,6,0.026270004931272684,254,0.44861362253049974,0.01692523926689371,0.27418609529308585,-0.06872235860167653,0.5078740157480315,1.004550649364416,0.17716535433070865
0.9,11,deep_slow,0.4,2.0,0.5,6,0.018002548129969136,344,0.4976418400314996,0.016914148716929978,0.408661708830282,-0.04607810361430431,0.25872093023255816,3.002653477806034,0.16279069767441862
0.95,11,deep_slow,0.4,2.0,0.5,6,0.018002548129969136,344,0.4976418400314996,0.016914148716929978,0.408661708830282,-0.04607810361430431,0.25872093023255816,3.002653477806034,0.16279069767441862
0.8,10,shallow,0.8,2.5,1.5,24,0.04189406605295098,191,0.47302016408327135,0.016910027029073404,0.19152234313983876,-0.09829539108489249,0.4031413612565445,1.5240597891070273,0.3298429319371728
0.85,10,shallow,0.8,2.5,1.5,24,0.04189406605295098,191,0.47302016408327135,0.016910027029073404,0.19152234313983876,-0.09829539108489249,0.4031413612565445,1.5240597891070273,0.3298429319371728
0.8,10,shallow,0.6,1.5,0.5,6,0.0281987593635591,456,0.4500979876067556,0.016848755892711065,0.4142965146134559,-0.04527551310561306,0.3026315789473684,2.3916772936947157,0.25219298245614036
0.85,10,shallow,0.6,1.5,0.5,6,0.0281987593635591,456,0.4500979876067556,0.016848755892711065,0.4142965146134559,-0.04527551310561306,0.3026315789473684,2.3916772936947157,0.25219298245614036
0.9,11,deep_slow,0.5,2.0,1.5,12,0.02227660444433337,216,0.4730266765414481,0.016747207600966263,0.25294843811061546,-0.07370802522365993,0.44907407407407407,1.2739442787084807,0.35185185185185186
0.95,11,deep_slow,0.5,2.0,1.5,12,0.02227660444433337,216,0.4730266765414481,0.016747207600966263,0.25294843811061546,-0.07370802522365993,0.44907407407407407,1.2739442787084807,0.35185185185185186
0.9,11,base,0.8,1.0,0.75,12,0.03626824368319925,492,0.4085192359622366,0.01673484829687788,0.2798804369992165,-0.0665661305504941,0.4532520325203252,1.2424221818428114,0.45121951219512196
0.95,11,base,0.8,1.0,0.75,12,0.03626824368319925,492,0.4085192359622366,0.01673484829687788,0.2798804369992165,-0.0665661305504941,0.4532520325203252,1.2424221818428114,0.45121951219512196
0.8,10,shallow,0.6,4.0,1.5,24,0.0281987593635591,147,0.6030511934435469,0.016663342588884467,0.19664016982407706,-0.0943392098550051,0.35374149659863946,1.9061287654130787,0.17687074829931973
0.85,10,shallow,0.6,4.0,1.5,24,0.0281987593635591,147,0.6030511934435469,0.016663342588884467,0.19664016982407706,-0.0943392098550051,0.35374149659863946,1.9061287654130787,0.17687074829931973
0.9,11,base,0.6,2.5,1.0,12,0.02585215857847287,249,0.4704795896679684,0.016607567317931338,0.23891266655164617,-0.07738697181150223,0.3373493975903614,2.0414656973816196,0.2248995983935743
0.95,11,base,0.6,2.5,1.0,12,0.02585215857847287,249,0.4704795896679684,0.016607567317931338,0.23891266655164617,-0.07738697181150223,0.3373493975903614,2.0414656973816196,0.2248995983935743
0.8,10,shallow,0.8,3.0,1.5,12,0.04189406605295098,210,0.520780111777092,0.016589910903239247,0.17749846132164235,-0.10405190652812935,0.4238095238095238,1.4119558816547184,0.18095238095238095
0.85,10,shallow,0.8,3.0,1.5,12,0.04189406605295098,210,0.520780111777092,0.016589910903239247,0.17749846132164235,-0.10405190652812935,0.4238095238095238,1.4119558816547184,0.18095238095238095
0.9,11,deep_slow,0.7,3.0,1.0,12,0.03059831863119774,246,0.5151263815684828,0.01655971814090229,0.22180248110066034,-0.08311633669177898,0.32926829268292684,2.1152625142695096,0.17479674796747968
0.95,11,deep_slow,0.7,3.0,1.0,12,0.03059831863119774,246,0.5151263815684828,0.01655971814090229,0.22180248110066034,-0.08311633669177898,0.32926829268292684,2.1152625142695096,0.17479674796747968
0.8,10,deep_slow,0.8,2.5,1.5,6,0.03652372924092767,296,0.40654551326802846,0.01651019068465409,0.18845175655136798,-0.09753276987009274,0.46283783783783783,1.1973293115124757,0.16891891891891891
0.85,10,deep_slow,0.8,2.5,1.5,6,0.03652372924092767,296,0.40654551326802846,0.01651019068465409,0.18845175655136798,-0.09753276987009274,0.46283783783783783,1.1973293115124757,0.16891891891891891
0.9,11,deep_slow,0.6,2.0,0.5,6,0.026270004931272684,409,0.4571511060364414,0.016508276434765934,0.40474085589808245,-0.04540705123827893,0.2665036674816626,2.8623265149527217,0.1687041564792176
0.95,11,deep_slow,0.6,2.0,0.5,6,0.026270004931272684,409,0.4571511060364414,0.016508276434765934,0.40474085589808245,-0.04540705123827893,0.2665036674816626,2.8623265149527217,0.1687041564792176
0.9,11,shallow,0.5,2.0,0.5,6,0.02146249546792225,369,0.4712200102444156,0.01643669492663613,0.36181619806169807,-0.05057354245059409,0.26287262872628725,2.927653685415537,0.16260162601626016
0.95,11,shallow,0.5,2.0,0.5,6,0.02146249546792225,369,0.4712200102444156,0.01643669492663613,0.36181619806169807,-0.05057354245059409,0.26287262872628725,2.927653685415537,0.16260162601626016
0.9,11,base,0.8,3.0,2.5,12,0.03626824368319925,169,0.5781781313376827,0.01643409895597614,0.2184119235305214,-0.08376573003318222,0.4970414201183432,1.05423351752496,0.21301775147928995
0.95,11,base,0.8,3.0,2.5,12,0.03626824368319925,169,0.5781781313376827,0.01643409895597614,0.2184119235305214,-0.08376573003318222,0.4970414201183432,1.05423351752496,0.21301775147928995
0.8,10,deep_slow,0.8,2.5,1.5,24,0.03652372924092767,193,0.45659464500022096,0.016409219670807218,0.18407526812666455,-0.09924044682279498,0.38860103626943004,1.6168690397566152,0.34196891191709844
0.85,10,deep_slow,0.8,2.5,1.5,24,0.03652372924092767,193,0.45659464500022096,0.016409219670807218,0.18407526812666455,-0.09924044682279498,0.38860103626943004,1.6168690397566152,0.34196891191709844
0.9,11,shallow,0.7,2.0,0.5,24,0.02962310272974487,371,0.4778021278386689,0.01635654635755812,0.26962432015854426,-0.06753478152245573,0.2210242587601078,3.6647181294091196,0.2210242587601078
0.95,11,shallow,0.7,2.0,0.5,24,0.02962310272974487,371,0.4778021278386689,0.01635654635755812,0.26962432015854426,-0.06753478152245573,0.2210242587601078,3.6647181294091196,0.2210242587601078
0.8,10,deep_slow,0.8,2.5,2.0,6,0.03652372924092767,276,0.39935918616301175,0.0163451427219119,0.19162184843929547,-0.09495948931151443,0.5144927536231884,0.973837420336124,0.17391304347826086
0.85,10,deep_slow,0.8,2.5,2.0,6,0.03652372924092767,276,0.39935918616301175,0.0163451427219119,0.19162184843929547,-0.09495948931151443,0.5144927536231884,0.973837420336124,0.17391304347826086
0.8,10,base,0.5,2.5,0.75,24,0.023983485622980496,260,0.49394822929920845,0.016327716389503477,0.30649723865924833,-0.05930524987791275,0.26153846153846155,2.939377721838531,0.2423076923076923
0.85,10,base,0.5,2.5,0.75,24,0.023983485622980496,260,0.49394822929920845,0.016327716389503477,0.30649723865924833,-0.05930524987791275,0.26153846153846155,2.939377721838531,0.2423076923076923
0.9,11,base,0.6,2.5,1.5,6,0.02585215857847287,273,0.43683917019913904,0.016311648287554048,0.2276548495713074,-0.07976544878217684,0.46153846153846156,1.2051785262267476,0.17216117216117216
0.95,11,base,0.6,2.5,1.5,6,0.02585215857847287,273,0.43683917019913904,0.016311648287554048,0.2276548495713074,-0.07976544878217684,0.46153846153846156,1.2051785262267476,0.17216117216117216
0.9,11,deep_slow,0.8,3.0,0.75,12,0.03592704925670819,289,0.5049419739797857,0.016228898906224698,0.22510280953905842,-0.08026015871656,0.2698961937716263,2.8111074364151887,0.1522491349480969
0.95,11,deep_slow,0.8,3.0,0.75,12,0.03592704925670819,289,0.5049419739797857,0.016228898906224698,0.22510280953905842,-0.08026015871656,0.2698961937716263,2.8111074364151887,0.1522491349480969
0.9,11,deep_slow,0.5,2.0,0.5,24,0.02227660444433337,355,0.47138554434269614,0.01611141536840832,0.2634000534008338,-0.06809369117754371,0.21690140845070421,3.7583009457894607,0.21690140845070421
0.95,11,deep_slow,0.5,2.0,0.5,24,0.02227660444433337,355,0.47138554434269614,0.01611141536840832,0.2634000534008338,-0.06809369117754371,0.21690140845070421,3.7583009457894607,0.21690140845070421
0.9,11,base,0.8,2.5,0.75,24,0.03626824368319925,286,0.4653952176810106,0.01608635782362633,0.20712342947601753,-0.08646033883396109,0.25524475524475526,3.026146710621365,0.23426573426573427
0.95,11,base,0.8,2.5,0.75,24,0.03626824368319925,286,0.4653952176810106,0.01608635782362633,0.20712342947601753,-0.08646033883396109,0.25524475524475526,3.026146710621365,0.23426573426573427
0.8,10,deep_slow,0.5,3.0,2.0,12,0.02386910511055699,171,0.4883465830974671,0.016075255118605414,0.27430424818582927,-0.06523993343448142,0.47368421052631576,1.1573428661266476,0.21052631578947367
0.85,10,deep_slow,0.5,3.0,2.0,12,0.02386910511055699,171,0.4883465830974671,0.016075255118605414,0.27430424818582927,-0.06523993343448142,0.47368421052631576,1.1573428661266476,0.21052631578947367
0.8,10,base,0.6,3.0,2.5,12,0.028890652717152483,164,0.5342863867001904,0.01605546757352916,0.23394954333071433,-0.07639913606817605,0.4878048780487805,1.0939978995915345,0.21951219512195122
0.85,10,base,0.6,3.0,2.5,12,0.028890652717152483,164,0.5342863867001904,0.01605546757352916,0.23394954333071433,-0.07639913606817605,0.4878048780487805,1.0939978995915345,0.21951219512195122
0.9,11,shallow,0.6,2.5,0.75,24,0.025504051782762147,258,0.4938068802972006,0.01604095545957218,0.22559203992468235,-0.07915781594811633,0.2558139534883721,3.027123843090123,0.2364341085271318
0.95,11,shallow,0.6,2.5,0.75,24,0.025504051782762147,258,0.4938068802972006,0.01604095545957218,0.22559203992468235,-0.07915781594811633,0.2558139534883721,3.027123843090123,0.2364341085271318
0.8,10,shallow,0.5,4.0,2.0,24,0.02225569419366929,117,0.6758430080979863,0.015897537918594606,0.21907535668362788,-0.08078304585992147,0.4188034188034188,1.4681562827337367,0.20512820512820512
0.85,10,shallow,0.5,4.0,2.0,24,0.02225569419366929,117,0.6758430080979863,0.015897537918594606,0.21907535668362788,-0.08078304585992147,0.4188034188034188,1.4681562827337367,0.20512820512820512
0.8,10,base,0.7,1.5,0.5,6,0.034786761033208866,486,0.4151725364832745,0.015799396066564775,0.3593862689778969,-0.048939611829763585,0.29835390946502055,2.4534537407206796,0.25925925925925924
0.85,10,base,0.7,1.5,0.5,6,0.034786761033208866,486,0.4151725364832745,0.015799396066564775,0.3593862689778969,-0.048939611829763585,0.29835390946502055,2.4534537407206796,0.25925925925925924
0.8,10,base,0.5,2.0,0.75,6,0.023983485622980496,325,0.44131783082976134,0.01576840895934195,0.43671403938938613,-0.04019494953684577,0.3507692307692308,1.9231961618732267,0.20615384615384616
0.85,10,base,0.5,2.0,0.75,6,0.023983485622980496,325,0.44131783082976134,0.01576840895934195,0.43671403938938613,-0.04019494953684577,0.3507692307692308,1.9231961618732267,0.20615384615384616
0.9,11,base,0.5,2.0,0.5,6,0.02143757519805179,375,0.4781462415784302,0.01575265038124085,0.42609213237018334,-0.041155748572541784,0.264,2.903235824237984,0.16533333333333333
0.95,11,base,0.5,2.0,0.5,6,0.02143757519805179,375,0.4781462415784302,0.01575265038124085,0.42609213237018334,-0.041155748572541784,0.264,2.903235824237984,0.16533333333333333
0.9,11,deep_slow,0.6,2.0,0.5,12,0.026270004931272684,380,0.4429540543264534,0.015715682348785398,0.30595629403140995,-0.057181210470303556,0.22631578947368422,3.547909123543417,0.20526315789473684
0.95,11,deep_slow,0.6,2.0,0.5,12,0.026270004931272684,380,0.4429540543264534,0.015715682348785398,0.30595629403140995,-0.057181210470303556,0.22631578947368422,3.547909123543417,0.20526315789473684
0.9,11,shallow,0.7,2.0,0.5,6,0.02962310272974487,430,0.4408755957294852,0.015707788349616614,0.2903456198319235,-0.060225313052729934,0.2627906976744186,2.907849806763072,0.16511627906976745
0.95,11,shallow,0.7,2.0,0.5,6,0.02962310272974487,430,0.4408755957294852,0.015707788349616614,0.2903456198319235,-0.060225313052729934,0.2627906976744186,2.907849806763072,0.16511627906976745
0.9,11,base,0.5,2.5,1.0,12,0.02143757519805179,227,0.4768414256700189,0.015697308533406007,0.266367237690202,-0.06560296052228887,0.3436123348017621,1.9884624604757237,0.22026431718061673
0.95,11,base,0.5,2.5,1.0,12,0.02143757519805179,227,0.4768414256700189,0.015697308533406007,0.266367237690202,-0.06560296052228887,0.3436123348017621,1.9884624604757237,0.22026431718061673
0.9,11,deep_slow,0.7,2.5,1.0,24,0.03059831863119774,238,0.437868733272511,0.01556278456596738,0.1828213592804925,-0.09476242746286667,0.31932773109243695,2.190617216889186,0.2605042016806723
0.95,11,deep_slow,0.7,2.5,1.0,24,0.03059831863119774,238,0.437868733272511,0.01556278456596738,0.1828213592804925,-0.09476242746286667,0.31932773109243695,2.190617216889186,0.2605042016806723
0.8,10,base,0.6,2.5,2.0,24,0.028890652717152483,148,0.46197901356728094,0.015549552225823993,0.20974312469552533,-0.08252882075150403,0.4797297297297297,1.1260315914718417,0.38513513513513514
0.85,10,base,0.6,2.5,2.0,24,0.028890652717152483,148,0.46197901356728094,0.015549552225823993,0.20974312469552533,-0.08252882075150403,0.4797297297297297,1.1260315914718417,0.38513513513513514
0.9,11,base,0.7,2.5,0.5,24,0.030935384207832782,349,0.46798223507021547,0.015538167622574095,0.20375831327643854,-0.08489061435316114,0.19197707736389685,4.372320277508823,0.17765042979942694
0.95,11,base,0.7,2.5,0.5,24,0.030935384207832782,349,0.46798223507021547,0.015538167622574095,0.20375831327643854,-0.08489061435316114,0.19197707736389685,4.372320277508823,0.17765042979942694
0.8,10,shallow,0.4,1.5,1.0,6,0.016624676068168656,306,0.41483096322619173,0.01552666566654115,0.2956816729621704,-0.05845595074529708,0.4477124183006536,1.2779364165863034,0.33986928104575165
0.85,10,shallow,0.4,1.5,1.0,6,0.016624676068168656,306,0.41483096322619173,0.01552666566654115,0.2956816729621704,-0.05845595074529708,0.4477124183006536,1.2779364165863034,0.33986928104575165
0.9,11,shallow,0.4,2.5,0.5,24,0.017780104391063124,280,0.5024535353749559,0.015505382280948332,0.2337937260716153,-0.07382850014807452,0.18928571428571428,4.486632083133502,0.18214285714285713
0.95,11,shallow,0.4,2.5,0.5,24,0.017780104391063124,280,0.5024535353749559,0.015505382280948332,0.2337937260716153,-0.07382850014807452,0.18928571428571428,4.486632083133502,0.18214285714285713
0.9,11,base,0.7,2.0,1.0,12,0.030935384207832782,275,0.43198284622706573,0.015488310589662824,0.21247280071363894,-0.08114741965674954,0.37454545454545457,1.7277128358431548,0.2909090909090909
0.95,11,base,0.7,2.0,1.0,12,0.030935384207832782,275,0.43198284622706573,0.015488310589662824,0.21247280071363894,-0.08114741965674954,0.37454545454545457,1.7277128358431548,0.2909090909090909
0.9,11,base,0.4,4.0,1.0,24,0.016682884199823906,158,0.5866265676172353,0.015401334881819606,0.21905044240703264,-0.07826834286027518,0.2911392405063291,2.558503845279914,0.1518987341772152
0.95,11,base,0.4,4.0,1.0,24,0.016682884199823906,158,0.5866265676172353,0.015401334881819606,0.21905044240703264,-0.07826834286027518,0.2911392405063291,2.558503845279914,0.1518987341772152
0.9,11,base,0.5,3.0,1.5,24,0.02143757519805179,152,0.5370906535714568,0.0151965109622616,0.2318861815294927,-0.07295179541441854,0.3815789473684211,1.670417835764745,0.26973684210526316
0.95,11,base,0.5,3.0,1.5,24,0.02143757519805179,152,0.5370906535714568,0.0151965109622616,0.2318861815294927,-0.07295179541441854,0.3815789473684211,1.670417835764745,0.26973684210526316
0.8,10,base,0.7,3.0,2.5,24,0.034786761033208866,129,0.530189647039253,0.015148318381016157,0.18536359599561153,-0.09097158915698089,0.5038759689922481,1.0246917216309996,0.32558139534883723
0.85,10,base,0.7,3.0,2.5,24,0.034786761033208866,129,0.530189647039253,0.015148318381016157,0.18536359599561153,-0.09097158915698089,0.5038759689922481,1.0246917216309996,0.32558139534883723
0.9,11,deep_slow,0.5,1.5,0.75,12,0.02227660444433337,331,0.4259100705376261,0.015143511675446142,0.307437496921065,-0.05483217184525413,0.3685800604229607,1.7730319793059093,0.34441087613293053
0.95,11,deep_slow,0.5,1.5,0.75,12,0.02227660444433337,331,0.4259100705376261,0.015143511675446142,0.307437496921065,-0.05483217184525413,0.3685800604229607,1.7730319793059093,0.34441087613293053
0.8,10,shallow,0.7,3.0,1.0,12,0.034650808039162956,250,0.46613625760301924,0.015016623214711755,0.16722384574631446,-0.09996240615036767,0.332,2.0839123467711205,0.16
0.85,10,shallow,0.7,3.0,1.0,12,0.034650808039162956,250,0.46613625760301924,0.015016623214711755,0.16722384574631446,-0.09996240615036767,0.332,2.0839123467711205,0.16
0.9,11,deep_slow,0.5,1.5,0.75,6,0.02227660444433337,358,0.4033758191824936,0.014990895836585194,0.29579543042266176,-0.056415459429808856,0.37988826815642457,1.6880752825907448,0.3128491620111732
0.95,11,deep_slow,0.5,1.5,0.75,6,0.02227660444433337,358,0.4033758191824936,0.014990895836585194,0.29579543042266176,-0.056415459429808856,0.37988826815642457,1.6880752825907448,0.3128491620111732
0.8,10,shallow,0.6,2.5,2.0,24,0.0281987593635591,154,0.4267930350200579,0.014990139133602476,0.18718349475062387,-0.0891456380003488,0.461038961038961,1.2100864868280958,0.38961038961038963
0.85,10,shallow,0.6,2.5,2.0,24,0.0281987593635591,154,0.4267930350200579,0.014990139133602476,0.18718349475062387,-0.0891456380003488,0.461038961038961,1.2100864868280958,0.38961038961038963
0.8,10,deep_slow,0.8,2.5,0.5,24,0.03652372924092767,370,0.43340055748065903,0.014959064831095326,0.22152908693672438,-0.07516833347730811,0.1918918918918919,4.339544725977177,0.1810810810810811
0.85,10,deep_slow,0.8,2.5,0.5,24,0.03652372924092767,370,0.43340055748065903,0.014959064831095326,0.22152908693672438,-0.07516833347730811,0.1918918918918919,4.339544725977177,0.1810810810810811
0.9,11,deep_slow,0.7,4.0,2.5,24,0.03059831863119774,109,0.6321852079269589,0.014925995178244778,0.20135931438591842,-0.08251483011253347,0.45871559633027525,1.2316812094867107,0.22018348623853212
0.95,11,deep_slow,0.7,4.0,2.5,24,0.03059831863119774,109,0.6321852079269589,0.014925995178244778,0.20135931438591842,-0.08251483011253347,0.45871559633027525,1.2316812094867107,0.22018348623853212
0.8,10,shallow,0.4,1.5,0.75,6,0.016624676068168656,329,0.40932708200169127,0.014897187903332831,0.3017499348007227,-0.05495621982488297,0.3799392097264438,1.6912710502704529,0.3069908814589666
0.85,10,shallow,0.4,1.5,0.75,6,0.016624676068168656,329,0.40932708200169127,0.014897187903332831,0.3017499348007227,-0.05495621982488297,0.3799392097264438,1.6912710502704529,0.3069908814589666
0.9,11,base,0.7,2.0,1.5,24,0.030935384207832782,198,0.4410329757620939,0.014879087905417032,0.17701201286766438,-0.0935691907223607,0.4393939393939394,1.3164083144140337,0.41414141414141414
0.95,11,base,0.7,2.0,1.5,24,0.030935384207832782,198,0.4410329757620939,0.014879087905417032,0.17701201286766438,-0.0935691907223607,0.4393939393939394,1.3164083144140337,0.41414141414141414
0.9,11,shallow,0.7,2.0,1.5,12,0.02962310272974487,231,0.4201123763488338,0.01485243261435154,0.1579665649906802,-0.10466249345983414,0.45021645021645024,1.261358377485571,0.3333333333333333
0.95,11,shallow,0.7,2.0,1.5,12,0.02962310272974487,231,0.4201123763488338,0.01485243261435154,0.1579665649906802,-0.10466249345983414,0.45021645021645024,1.261358377485571,0.3333333333333333
0.9,11,shallow,0.7,2.0,0.75,12,0.02962310272974487,306,0.43532286999202624,0.014848909830770696,0.22425126502008186,-0.07370861388726191,0.3202614379084967,2.196802000864566,0.25163398692810457
0.95,11,shallow,0.7,2.0,0.75,12,0.02962310272974487,306,0.43532286999202624,0.014848909830770696,0.22425126502008186,-0.07370861388726191,0.3202614379084967,2.196802000864566,0.25163398692810457
0.9,11,base,0.6,2.0,1.0,6,0.02585215857847287,322,0.3962320655665406,0.014799909838162373,0.23329308589863348,-0.07061786685858629,0.41304347826086957,1.4659703904712185,0.21739130434782608
0.95,11,base,0.6,2.0,1.0,6,0.02585215857847287,322,0.3962320655665406,0.014799909838162373,0.23329308589863348,-0.07061786685858629,0.41304347826086957,1.4659703904712185,0.21739130434782608
0.8,10,shallow,0.4,4.0,2.0,24,0.016624676068168656,110,0.6586702434711363,0.014777194606776956,0.21887129321174426,-0.07515537278469075,0.44545454545454544,1.3012110942206385,0.2
0.85,10,shallow,0.4,4.0,2.0,24,0.016624676068168656,110,0.6586702434711363,0.014777194606776956,0.21887129321174426,-0.07515537278469075,0.44545454545454544,1.3012110942206385,0.2
0.8,10,base,0.6,1.0,0.75,24,0.028890652717152483,437,0.38264608805246564,0.014760213067284367,0.3674069228773753,-0.044719992907503725,0.459954233409611,1.2171684037139918,0.459954233409611
0.85,10,base,0.6,1.0,0.75,24,0.028890652717152483,437,0.38264608805246564,0.014760213067284367,0.3674069228773753,-0.044719992907503725,0.459954233409611,1.2171684037139918,0.459954233409611
0.8,10,base,0.7,3.0,1.0,24,0.034786761033208866,217,0.4750770241657835,0.014752783013882276,0.17071523162309044,-0.09619620481476909,0.2903225806451613,2.510457908877996,0.22119815668202766
0.85,10,base,0.7,3.0,1.0,24,0.034786761033208866,217,0.4750770241657835,0.014752783013882276,0.17071523162309044,-0.09619620481476909,0.2903225806451613,2.510457908877996,0.22119815668202766
0.8,10,deep_slow,0.8,2.5,2.0,24,0.03652372924092767,162,0.415978297383049,0.014737642888653646,0.16803435301635847,-0.09763057347868953,0.4691358024691358,1.168494715811353,0.3950617283950617
0.85,10,deep_slow,0.8,2.5,2.0,24,0.03652372924092767,162,0.415978297383049,0.014737642888653646,0.16803435301635847,-0.09763057347868953,0.4691358024691358,1.168494715811353,0.3950617283950617
0.9,11,shallow,0.4,2.0,0.5,12,0.017780104391063124,311,0.4530453759128159,0.014673586388431081,0.2565873488723659,-0.06365834988439578,0.2315112540192926,3.463309090600093,0.2090032154340836
0.95,11,shallow,0.4,2.0,0.5,12,0.017780104391063124,311,0.4530453759128159,0.014673586388431081,0.2565873488723659,-0.06365834988439578,0.2315112540192926,3.463309090600093,0.2090032154340836
0.8,10,base,0.7,2.0,0.5,24,0.034786761033208866,387,0.42616585796382406,0.014651823730198021,0.2902152517818558,-0.05619857074644019,0.2248062015503876,3.619862964701574,0.2248062015503876
0.85,10,base,0.7,2.0,0.5,24,0.034786761033208866,387,0.42616585796382406,0.014651823730198021,0.2902152517818558,-0.05619857074644019,0.2248062015503876,3.619862964701574,0.2248062015503876
0.8,10,base,0.4,4.0,1.5,24,0.018576634829056745,132,0.5885674608830803,0.014612223171789118,0.17110557269867827,-0.09506157466856757,0.3560606060606061,1.8732173237609153,0.18181818181818182
0.85,10,base,0.4,4.0,1.5,24,0.018576634829056745,132,0.5885674608830803,0.014612223171789118,0.17110557269867827,-0.09506157466856757,0.3560606060606061,1.8732173237609153,0.18181818181818182
0.8,10,deep_slow,0.7,4.0,1.5,24,0.03201506443356151,151,0.526452399745445,0.014536474991100778,0.16377037023059318,-0.09880406378115869,0.3708609271523179,1.772439440328091,0.17880794701986755
0.85,10,deep_slow,0.7,4.0,1.5,24,0.03201506443356151,151,0.526452399745445,0.014536474991100778,0.16377037023059318,-0.09880406378115869,0.3708609271523179,1.772439440328091,0.17880794701986755
0.9,11,shallow,0.7,3.0,1.5,24,0.02962310272974487,169,0.4762405611877621,0.01451624542723673,0.15593297024252203,-0.10362556107063903,0.378698224852071,1.68418149575968,0.27218934911242604
0.95,11,shallow,0.7,3.0,1.5,24,0.02962310272974487,169,0.4762405611877621,0.01451624542723673,0.15593297024252203,-0.10362556107063903,0.378698224852071,1.68418149575968,0.27218934911242604
0.9,11,base,0.7,1.0,0.75,12,0.030935384207832782,469,0.3666627771143814,0.014464137257056864,0.34724365126908857,-0.0463668407958403,0.4562899786780384,1.22423961606904,0.4562899786780384
0.95,11,base,0.7,1.0,0.75,12,0.030935384207832782,469,0.3666627771143814,0.014464137257056864,0.34724365126908857,-0.0463668407958403,0.4562899786780384,1.22423961606904,0.4562899786780384
0.8,10,base,0.5,2.5,1.5,12,0.023983485622980496,196,0.4258347649544833,0.014411319630775132,0.2203482109034517,-0.07280181933890684,0.42857142857142855,1.379366007075842,0.23979591836734693
0.85,10,base,0.5,2.5,1.5,12,0.023983485622980496,196,0.4258347649544833,0.014411319630775132,0.2203482109034517,-0.07280181933890684,0.42857142857142855,1.379366007075842,0.23979591836734693
0.9,11,base,0.6,4.0,1.5,24,0.02585215857847287,143,0.5134462996850715,0.014334966405237237,0.17080520133598356,-0.09342040694490672,0.3706293706293706,1.7619621285712277,0.17482517482517482
0.95,11,base,0.6,4.0,1.5,24,0.02585215857847287,143,0.5134462996850715,0.014334966405237237,0.17080520133598356,-0.09342040694490672,0.3706293706293706,1.7619621285712277,0.17482517482517482
0.9,11,deep_slow,0.6,2.0,1.0,12,0.026270004931272684,264,0.399178683366119,0.014277377816479309,0.24458088039503462,-0.06497865603001629,0.38257575757575757,1.6666903378877682,0.29924242424242425
0.95,11,deep_slow,0.6,2.0,1.0,12,0.026270004931272684,264,0.399178683366119,0.014277377816479309,0.24458088039503462,-0.06497865603001629,0.38257575757575757,1.6666903378877682,0.29924242424242425
0.9,11,shallow,0.5,1.5,0.5,12,0.02146249546792225,391,0.4067787744477191,0.014176548695719271,0.36123829622513914,-0.04368366519693312,0.27877237851662406,2.6782141981175447,0.26854219948849106
0.95,11,shallow,0.5,1.5,0.5,12,0.02146249546792225,391,0.4067787744477191,0.014176548695719271,0.36123829622513914,-0.04368366519693312,0.27877237851662406,2.6782141981175447,0.26854219948849106
0.8,10,shallow,0.4,3.0,0.75,12,0.016624676068168656,237,0.4659335444144011,0.014164564963155435,0.2820627172819661,-0.05589842957620483,0.270042194092827,2.8112777764264165,0.16033755274261605
0.85,10,shallow,0.4,3.0,0.75,12,0.016624676068168656,237,0.4659335444144011,0.014164564963155435,0.2820627172819661,-0.05589842957620483,0.270042194092827,2.8112777764264165,0.16033755274261605
0.8,10,deep_slow,0.8,2.0,1.5,24,0.03652372924092767,215,0.38889530231906505,0.0139995885212294,0.1472211451788508,-0.10584811944978534,0.42790697674418604,1.3736265812604864,0.40930232558139534
0.85,10,deep_slow,0.8,2.0,1.5,24,0.03652372924092767,215,0.38889530231906505,0.0139995885212294,0.1472211451788508,-0.10584811944978534,0.42790697674418604,1.3736265812604864,0.40930232558139534
0.8,10,shallow,0.5,2.5,0.5,24,0.02225569419366929,319,0.44222597366499466,0.013993159168242064,0.24851099170346522,-0.06267698304721003,0.19122257053291536,4.38939791451352,0.18495297805642633
0.85,10,shallow,0.5,2.5,0.5,24,0.02225569419366929,319,0.44222597366499466,0.013993159168242064,0.24851099170346522,-0.06267698304721003,0.19122257053291536,4.38939791451352,0.18495297805642633
0.8,10,shallow,0.8,2.0,1.0,6,0.04189406605295098,348,0.3579469893856073,0.013977934110128709,0.1564128539602673,-0.09947365889463144,0.4109195402298851,1.482823285085983,0.20689655172413793
0.85,10,shallow,0.8,2.0,1.0,6,0.04189406605295098,348,0.3579469893856073,0.013977934110128709,0.1564128539602673,-0.09947365889463144,0.4109195402298851,1.482823285085983,0.20689655172413793
0.9,11,base,0.7,2.5,0.75,12,0.030935384207832782,303,0.38096993564813997,0.0139011982462649,0.2026997840943396,-0.07633692142375159,0.27722772277227725,2.6882524845009432,0.20462046204620463
0.95,11,base,0.7,2.5,0.75,12,0.030935384207832782,303,0.38096993564813997,0.0139011982462649,0.2026997840943396,-0.07633692142375159,0.27722772277227725,2.6882524845009432,0.20462046204620463
0.9,11,deep_slow,0.7,2.0,1.0,12,0.03059831863119774,288,0.37366335839585446,0.01384998487912692,0.19451507472473975,-0.07925569677374988,0.3715277777777778,1.7641930249784674,0.3020833333333333
0.95,11,deep_slow,0.7,2.0,1.0,12,0.03059831863119774,288,0.37366335839585446,0.01384998487912692,0.19451507472473975,-0.07925569677374988,0.3715277777777778,1.7641930249784674,0.3020833333333333
0.8,10,deep_slow,0.4,2.5,1.5,24,0.02012685895493155,164,0.42354594808858126,0.013754278716287205,0.17022282824868049,-0.08993985025476825,0.39634146341463417,1.5737415728220157,0.31097560975609756
0.85,10,deep_slow,0.4,2.5,1.5,24,0.02012685895493155,164,0.42354594808858126,0.013754278716287205,0.17022282824868049,-0.08993985025476825,0.39634146341463417,1.5737415728220157,0.31097560975609756
0.8,10,shallow,0.8,2.5,2.0,24,0.04189406605295098,163,0.38140393496290914,0.013745597187087233,0.16703874203402866,-0.09159638502429945,0.4723926380368098,1.151168669431291,0.3803680981595092
0.85,10,shallow,0.8,2.5,2.0,24,0.04189406605295098,163,0.38140393496290914,0.013745597187087233,0.16703874203402866,-0.09159638502429945,0.4723926380368098,1.151168669431291,0.3803680981595092
0.8,10,base,0.6,2.5,1.0,12,0.028890652717152483,255,0.37361469241444206,0.013631450658866173,0.19750776582711682,-0.07682225901625084,0.34509803921568627,1.956260881825049,0.23529411764705882
0.85,10,base,0.6,2.5,1.0,12,0.028890652717152483,255,0.37361469241444206,0.013631450658866173,0.19750776582711682,-0.07682225901625084,0.34509803921568627,1.956260881825049,0.23529411764705882
0.9,11,base,0.5,3.0,1.5,12,0.02143757519805179,183,0.45048261304848647,0.013570173582294842,0.2020530939364038,-0.07475626446791583,0.4262295081967213,1.392393660676104,0.20765027322404372
0.95,11,base,0.5,3.0,1.5,12,0.02143757519805179,183,0.45048261304848647,0.013570173582294842,0.2020530939364038,-0.07475626446791583,0.4262295081967213,1.392393660676104,0.20765027322404372
0.9,11,base,0.7,2.5,1.5,12,0.030935384207832782,216,0.3759050916306444,0.013446499914562704,0.17614118839707196,-0.08497145148949847,0.4351851851851852,1.3344183667614176,0.25925925925925924
0.95,11,base,0.7,2.5,1.5,12,0.030935384207832782,216,0.3759050916306444,0.013446499914562704,0.17614118839707196,-0.08497145148949847,0.4351851851851852,1.3344183667614176,0.25925925925925924
0.9,11,deep_slow,0.5,1.5,0.75,24,0.02227660444433337,326,0.3806143296870231,0.013411549295089253,0.2799853055448072,-0.05331722928318938,0.3588957055214724,1.841562317050275,0.3588957055214724
0.95,11,deep_slow,0.5,1.5,0.75,24,0.02227660444433337,326,0.3806143296870231,0.013411549295089253,0.2799853055448072,-0.05331722928318938,0.3588957055214724,1.841562317050275,0.3588957055214724
0.8,10,base,0.4,3.0,0.5,24,0.018576634829056745,272,0.4840776075500437,0.013321140649052765,0.36102412759737007,-0.04107020429198427,0.17647058823529413,4.859527722050308,0.15073529411764705
0.85,10,base,0.4,3.0,0.5,24,0.018576634829056745,272,0.4840776075500437,0.013321140649052765,0.36102412759737007,-0.04107020429198427,0.17647058823529413,4.859527722050308,0.15073529411764705
0.8,10,deep_slow,0.5,1.5,0.5,12,0.02386910511055699,388,0.3924592188236706,0.013245755230172795,0.4915085905464944,-0.02999614660441341,0.28350515463917525,2.6112544762707666,0.2706185567010309
0.85,10,deep_slow,0.5,1.5,0.5,12,0.02386910511055699,388,0.3924592188236706,0.013245755230172795,0.4915085905464944,-0.02999614660441341,0.28350515463917525,2.6112544762707666,0.2706185567010309
0.8,10,deep_slow,0.6,2.0,0.75,6,0.027441884318986948,354,0.3586087118417845,0.013244088977810708,0.23516837344967034,-0.06268490746456978,0.3502824858757062,1.9098403343270012,0.20903954802259886
0.85,10,deep_slow,0.6,2.0,0.75,6,0.027441884318986948,354,0.3586087118417845,0.013244088977810708,0.23516837344967034,-0.06268490746456978,0.3502824858757062,1.9098403343270012,0.20903954802259886
0.8,10,shallow,0.5,2.5,2.0,6,0.02225569419366929,242,0.3557448872070558,0.013068420990599572,0.19694690106886983,-0.07385663796849473,0.4793388429752066,1.11865386064079,0.17768595041322313
0.85,10,shallow,0.5,2.5,2.0,6,0.02225569419366929,242,0.3557448872070558,0.013068420990599572,0.19694690106886983,-0.07385663796849473,0.4793388429752066,1.11865386064079,0.17768595041322313
0.8,10,shallow,0.6,1.5,0.75,12,0.0281987593635591,367,0.3443199808424325,0.013067400052129807,0.22788559836967276,-0.06382456325042607,0.3569482288828338,1.849966317348796,0.34332425068119893
0.85,10,shallow,0.6,1.5,0.75,12,0.0281987593635591,367,0.3443199808424325,0.013067400052129807,0.22788559836967276,-0.06382456325042607,0.3569482288828338,1.849966317348796,0.34332425068119893
0.8,10,base,0.5,2.0,0.75,24,0.023983485622980496,285,0.3812345405351778,0.012971554816000763,0.2871133479137175,-0.050286554518126136,0.2982456140350877,2.426938923999059,0.29473684210526313
0.85,10,base,0.5,2.0,0.75,24,0.023983485622980496,285,0.3812345405351778,0.012971554816000763,0.2871133479137175,-0.050286554518126136,0.2982456140350877,2.426938923999059,0.29473684210526313
0.8,10,deep_slow,0.7,4.0,2.5,24,0.03201506443356151,109,0.5014194413623406,0.012895880097594237,0.1531348284763465,-0.09373211338495513,0.48623853211009177,1.0933321263538276,0.22018348623853212
0.85,10,deep_slow,0.7,4.0,2.5,24,0.03201506443356151,109,0.5014194413623406,0.012895880097594237,0.1531348284763465,-0.09373211338495513,0.48623853211009177,1.0933321263538276,0.22018348623853212
0.8,10,shallow,0.6,2.5,2.0,6,0.0281987593635591,256,0.3345583317584651,0.012848482347814105,0.19411921504045515,-0.07367049011616811,0.5,1.0271474016279263,0.1796875
0.85,10,shallow,0.6,2.5,2.0,6,0.0281987593635591,256,0.3345583317584651,0.012848482347814105,0.19411921504045515,-0.07367049011616811,0.5,1.0271474016279263,0.1796875
0.8,10,base,0.4,3.0,2.0,12,0.018576634829056745,159,0.46238491076467364,0.012830861288684492,0.2276032014426207,-0.06274617710146924,0.4779874213836478,1.1321652009368017,0.20125786163522014
0.85,10,base,0.4,3.0,2.0,12,0.018576634829056745,159,0.46238491076467364,0.012830861288684492,0.2276032014426207,-0.06274617710146924,0.4779874213836478,1.1321652009368017,0.20125786163522014
0.8,10,base,0.6,1.0,0.75,12,0.028890652717152483,437,0.3345452217215921,0.012777872149987823,0.30502300474137123,-0.04662667968398615,0.459954233409611,1.212442005399732,0.4576659038901602
0.85,10,base,0.6,1.0,0.75,12,0.028890652717152483,437,0.3345452217215921,0.012777872149987823,0.30502300474137123,-0.04662667968398615,0.459954233409611,1.212442005399732,0.4576659038901602
0.9,11,deep_slow,0.6,2.0,1.5,12,0.026270004931272684,219,0.36579934835674316,0.012718617827821799,0.19518162666728647,-0.07252840033245544,0.4657534246575342,1.1803174018791938,0.3470319634703196
0.95,11,deep_slow,0.6,2.0,1.5,12,0.026270004931272684,219,0.36579934835674316,0.012718617827821799,0.19518162666728647,-0.07252840033245544,0.4657534246575342,1.1803174018791938,0.3470319634703196
0.9,11,base,0.5,4.0,2.0,24,0.02143757519805179,114,0.4820933636799877,0.012575513110456127,0.1665126252126792,-0.08405860942457388,0.43859649122807015,1.326190506907954,0.21052631578947367
0.95,11,base,0.5,4.0,2.0,24,0.02143757519805179,114,0.4820933636799877,0.012575513110456127,0.1665126252126792,-0.08405860942457388,0.43859649122807015,1.326190506907954,0.21052631578947367
0.9,11,base,0.6,2.5,0.75,12,0.02585215857847287,293,0.3554284643844128,0.012571188322478832,0.20662191305827182,-0.06771790352850648,0.27986348122866894,2.6480671355011753,0.20819112627986347
0.95,11,base,0.6,2.5,0.75,12,0.02585215857847287,293,0.3554284643844128,0.012571188322478832,0.20662191305827182,-0.06771790352850648,0.27986348122866894,2.6480671355011753,0.20819112627986347
0.9,11,shallow,0.5,2.5,1.0,12,0.02146249546792225,234,0.3641306303646095,0.012560462478759415,0.18748329771407585,-0.0745669427841047,0.33760683760683763,2.023218714472581,0.2222222222222222
0.95,11,shallow,0.5,2.5,1.0,12,0.02146249546792225,234,0.3641306303646095,0.012560462478759415,0.18748329771407585,-0.0745669427841047,0.33760683760683763,2.023218714472581,0.2222222222222222
0.9,11,shallow,0.7,2.0,0.75,24,0.02962310272974487,294,0.3690457144994148,0.012506176084426057,0.17513449930467076,-0.07947944257658368,0.2891156462585034,2.5308640490393994,0.2857142857142857
0.95,11,shallow,0.7,2.0,0.75,24,0.02962310272974487,294,0.3690457144994148,0.012506176084426057,0.17513449930467076,-0.07947944257658368,0.2891156462585034,2.5308640490393994,0.2857142857142857
0.9,11,shallow,0.7,1.5,0.75,6,0.02962310272974487,406,0.3215442890964075,0.012488011099528906,0.21707008232462854,-0.06403167230999363,0.3842364532019704,1.6431838125150107,0.29802955665024633
0.95,11,shallow,0.7,1.5,0.75,6,0.02962310272974487,406,0.3215442890964075,0.012488011099528906,0.21707008232462854,-0.06403167230999363,0.3842364532019704,1.6431838125150107,0.29802955665024633
0.8,10,shallow,0.7,2.0,0.5,12,0.034650808039162956,398,0.36731117759834264,0.012480117005883473,0.20742334928320044,-0.06696723424874829,0.23618090452261306,3.3286043822509512,0.20100502512562815
0.85,10,shallow,0.7,2.0,0.5,12,0.034650808039162956,398,0.36731117759834264,0.012480117005883473,0.20742334928320044,-0.06696723424874829,0.23618090452261306,3.3286043822509512,0.20100502512562815
0.8,10,base,0.7,1.5,1.0,6,0.034786761033208866,375,0.306966590418382,0.012403575191654692,0.2185126046521096,-0.06317858396530707,0.44,1.3150697043103052,0.3333333333333333
0.85,10,base,0.7,1.5,1.0,6,0.034786761033208866,375,0.306966590418382,0.012403575191654692,0.2185126046521096,-0.06317858396530707,0.44,1.3150697043103052,0.3333333333333333
0.9,11,shallow,0.4,2.0,1.0,24,0.017780104391063124,213,0.380133353780986,0.012380302560365486,0.16819020611562976,-0.08192746003567897,0.3568075117370892,1.862938855724654,0.3380281690140845
0.95,11,shallow,0.4,2.0,1.0,24,0.017780104391063124,213,0.380133353780986,0.012380302560365486,0.16819020611562976,-0.08192746003567897,0.3568075117370892,1.862938855724654,0.3380281690140845
0.9,11,deep_slow,0.6,2.5,0.75,12,0.026270004931272684,281,0.35136677852143805,0.012371925540803463,0.21482089888150346,-0.06410021713811065,0.28113879003558717,2.6327914139632513,0.20284697508896798
0.95,11,deep_slow,0.6,2.5,0.75,12,0.026270004931272684,281,0.35136677852143805,0.012371925540803463,0.21482089888150346,-0.06410021713811065,0.28113879003558717,2.6327914139632513,0.20284697508896798
0.8,10,deep_slow,0.5,1.5,0.5,24,0.02386910511055699,384,0.3687140776698217,0.012327455223684058,0.4452497729082142,-0.030815369841724394,0.2760416666666667,2.703719085152345,0.2760416666666667
0.85,10,deep_slow,0.5,1.5,0.5,24,0.02386910511055699,384,0.3687140776698217,0.012327455223684058,0.4452497729082142,-0.030815369841724394,0.2760416666666667,2.703719085152345,0.2760416666666667
0.8,10,shallow,0.7,3.0,2.5,24,0.034650808039162956,127,0.4256174079653807,0.012316099882835552,0.16272382680463693,-0.08424020907082497,0.5039370078740157,1.0171166545316033,0.33070866141732286
0.85,10,shallow,0.7,3.0,2.5,24,0.034650808039162956,127,0.4256174079653807,0.012316099882835552,0.16272382680463693,-0.08424020907082497,0.5039370078740157,1.0171166545316033,0.33070866141732286
0.8,10,base,0.4,3.0,2.5,12,0.018576634829056745,149,0.4846433068802039,0.01230308371808797,0.20051316895883944,-0.06829173501713603,0.4697986577181208,1.1679907846079431,0.2214765100671141
0.85,10,base,0.4,3.0,2.5,12,0.018576634829056745,149,0.4846433068802039,0.01230308371808797,0.20051316895883944,-0.06829173501713603,0.4697986577181208,1.1679907846079431,0.2214765100671141
0.9,11,shallow,0.7,2.0,1.5,6,0.02962310272974487,286,0.3296916779003375,0.012271694097432562,0.16023508568606468,-0.08523995523190797,0.4825174825174825,1.1007588347251982,0.2202797202797203
0.95,11,shallow,0.7,2.0,1.5,6,0.02962310272974487,286,0.3296916779003375,0.012271694097432562,0.16023508568606468,-0.08523995523190797,0.4825174825174825,1.1007588347251982,0.2202797202797203
0.9,11,base,0.5,1.5,0.5,6,0.02143757519805179,418,0.3603166008023275,0.012253211597454294,0.3715051329140881,-0.0367097119561407,0.2966507177033493,2.441969742086975,0.24401913875598086
0.95,11,base,0.5,1.5,0.5,6,0.02143757519805179,418,0.3603166008023275,0.012253211597454294,0.3715051329140881,-0.0367097119561407,0.2966507177033493,2.441969742086975,0.24401913875598086
0.9,11,base,0.8,2.0,1.5,24,0.03626824368319925,203,0.3589712763151067,0.012030503285270333,0.13211774135567178,-0.10134752142942438,0.42857142857142855,1.3662032607641903,0.4088669950738916
0.95,11,base,0.8,2.0,1.5,24,0.03626824368319925,203,0.3589712763151067,0.012030503285270333,0.13211774135567178,-0.10134752142942438,0.42857142857142855,1.3662032607641903,0.4088669950738916
0.8,10,base,0.8,2.0,0.75,12,0.041557390516231536,340,0.32820913659071793,0.012005222601066734,0.15413325780315218,-0.08668894634033197,0.3176470588235294,2.2326786552769184,0.25588235294117645
0.85,10,base,0.8,2.0,0.75,12,0.041557390516231536,340,0.32820913659071793,0.012005222601066734,0.15413325780315218,-0.08668894634033197,0.3176470588235294,2.2326786552769184,0.25588235294117645
0.8,10,base,0.7,2.5,2.0,6,0.034786761033208866,263,0.31894387275835184,0.011996806992361497,0.16247140060538395,-0.08218232223990252,0.4752851711026616,1.1304003937801714,0.18250950570342206
0.85,10,base,0.7,2.5,2.0,6,0.034786761033208866,263,0.31894387275835184,0.011996806992361497,0.16247140060538395,-0.08218232223990252,0.4752851711026616,1.1304003937801714,0.18250950570342206
0.8,10,base,0.6,2.0,1.0,12,0.028890652717152483,269,0.3415794837139566,0.011988785327502471,0.16252629308937272,-0.08209959622690943,0.379182156133829,1.7072073677372748,0.29739776951672864
0.85,10,base,0.6,2.0,1.0,12,0.028890652717152483,269,0.3415794837139566,0.011988785327502471,0.16252629308937272,-0.08209959622690943,0.379182156133829,1.7072073677372748,0.29739776951672864
0.9,11,shallow,0.4,2.0,0.5,6,0.017780104391063124,334,0.36561423595865833,0.01195504318363505,0.2563098298487858,-0.05191281009833992,0.2634730538922156,2.8938083572677322,0.16467065868263472
0.95,11,shallow,0.4,2.0,0.5,6,0.017780104391063124,334,0.36561423595865833,0.01195504318363505,0.2563098298487858,-0.05191281009833992,0.2634730538922156,2.8938083572677322,0.16467065868263472
0.9,11,deep_slow,0.4,4.0,1.5,24,0.018002548129969136,134,0.4634806188140465,0.011826704557379664,0.1536134313479141,-0.08568801946172422,0.373134328358209,1.7349583439442082,0.17164179104477612
0.95,11,deep_slow,0.4,4.0,1.5,24,0.018002548129969136,134,0.4634806188140465,0.011826704557379664,0.1536134313479141,-0.08568801946172422,0.373134328358209,1.7349583439442082,0.17164179104477612
0.8,10,shallow,0.5,2.0,1.5,6,0.02225569419366929,269,0.3162588417937276,0.011808757124338376,0.1638687238032816,-0.08020348363107033,0.483271375464684,1.0968380326540024,0.22676579925650558
0.85,10,shallow,0.5,2.0,1.5,6,0.02225569419366929,269,0.3162588417937276,0.011808757124338376,0.1638687238032816,-0.08020348363107033,0.483271375464684,1.0968380326540024,0.22676579925650558
0.9,11,base,0.8,2.0,0.75,12,0.03626824368319925,335,0.3343570001341615,0.011800227022594312,0.15724256202740694,-0.08352282177919823,0.31044776119402984,2.276762470866422,0.2507462686567164
0.95,11,base,0.8,2.0,0.75,12,0.03626824368319925,335,0.3343570001341615,0.011800227022594312,0.15724256202740694,-0.08352282177919823,0.31044776119402984,2.276762470866422,0.2507462686567164
0.8,10,shallow,0.6,1.0,0.5,12,0.0281987593635591,518,0.33051483799709225,0.011796151292906343,0.2892221783491076,-0.04539348745339389,0.361003861003861,1.8148203646462742,0.361003861003861
0.8,10,shallow,0.6,1.0,0.5,24,0.0281987593635591,518,0.33051483799709225,0.011796151292906343,0.2892221783491076,-0.04539348745339389,0.361003861003861,1.8148203646462742,0.361003861003861
0.85,10,shallow,0.6,1.0,0.5,12,0.0281987593635591,518,0.33051483799709225,0.011796151292906343,0.2892221783491076,-0.04539348745339389,0.361003861003861,1.8148203646462742,0.361003861003861
0.85,10,shallow,0.6,1.0,0.5,24,0.0281987593635591,518,0.33051483799709225,0.011796151292906343,0.2892221783491076,-0.04539348745339389,0.361003861003861,1.8148203646462742,0.361003861003861
0.9,11,deep_slow,0.7,2.0,0.5,12,0.03059831863119774,404,0.33871910036369907,0.0117842179641785,0.18408914317512945,-0.07124544610759243,0.22772277227722773,3.535509195941233,0.20297029702970298
0.95,11,deep_slow,0.7,2.0,0.5,12,0.03059831863119774,404,0.33871910036369907,0.0117842179641785,0.18408914317512945,-0.07124544610759243,0.22772277227722773,3.535509195941233,0.20297029702970298
0.8,10,shallow,0.8,2.0,1.0,12,0.04189406605295098,296,0.3180604910179405,0.011731919211421582,0.11931212961828312,-0.10943789245974589,0.36824324324324326,1.7803903495806557,0.2939189189189189
0.85,10,shallow,0.8,2.0,1.0,12,0.04189406605295098,296,0.3180604910179405,0.011731919211421582,0.11931212961828312,-0.10943789245974589,0.36824324324324326,1.7803903495806557,0.2939189189189189
0.8,10,base,0.4,2.5,1.5,24,0.018576634829056745,165,0.35950368047262343,0.011721502567914044,0.14867828612501285,-0.08774426565729743,0.3939393939393939,1.5736713812831373,0.3393939393939394
0.85,10,base,0.4,2.5,1.5,24,0.018576634829056745,165,0.35950368047262343,0.011721502567914044,0.14867828612501285,-0.08774426565729743,0.3939393939393939,1.5736713812831373,0.3393939393939394
0.8,10,base,0.6,2.5,1.5,24,0.028890652717152483,178,0.3361066145581671,0.011672683372282222,0.15264139949861572,-0.08510992109311322,0.4044943820224719,1.4995211257231984,0.33707865168539325
0.85,10,base,0.6,2.5,1.5,24,0.028890652717152483,178,0.3361066145581671,0.011672683372282222,0.15264139949861572,-0.08510992109311322,0.4044943820224719,1.4995211257231984,0.33707865168539325
0.8,10,base,0.6,2.0,1.5,12,0.028890652717152483,220,0.333457798871493,0.01162564758953466,0.17900790908253056,-0.07228124397847346,0.45454545454545453,1.231472753213187,0.35
0.85,10,base,0.6,2.0,1.5,12,0.028890652717152483,220,0.333457798871493,0.01162564758953466,0.17900790908253056,-0.07228124397847346,0.45454545454545453,1.231472753213187,0.35
0.9,11,base,0.8,1.5,0.5,24,0.03626824368319925,472,0.31188972881726434,0.011589740518379577,0.16964526517445455,-0.07603469098121918,0.2711864406779661,2.7501072875763994,0.2711864406779661
0.95,11,base,0.8,1.5,0.5,24,0.03626824368319925,472,0.31188972881726434,0.011589740518379577,0.16964526517445455,-0.07603469098121918,0.2711864406779661,2.7501072875763994,0.2711864406779661
0.9,11,shallow,0.8,4.0,2.0,24,0.03483165271979253,127,0.4093927574708876,0.011574894342073483,0.12300241333975924,-0.1047328349147153,0.41732283464566927,1.4375858148818752,0.1968503937007874
0.95,11,shallow,0.8,4.0,2.0,24,0.03483165271979253,127,0.4093927574708876,0.011574894342073483,0.12300241333975924,-0.1047328349147153,0.41732283464566927,1.4375858148818752,0.1968503937007874
0.9,11,shallow,0.7,2.0,1.0,24,0.02962310272974487,249,0.3362234281039707,0.011524183879764616,0.15204787242402773,-0.08435446226761167,0.3413654618473896,1.9805008591851865,0.3333333333333333
0.95,11,shallow,0.7,2.0,1.0,24,0.02962310272974487,249,0.3362234281039707,0.011524183879764616,0.15204787242402773,-0.08435446226761167,0.3413654618473896,1.9805008591851865,0.3333333333333333
0.9,11,shallow,0.8,1.0,0.75,24,0.03483165271979253,486,0.2897379380089403,0.011462240978831417,0.1814646753092708,-0.07029981298840582,0.4547325102880658,1.223877680060363,0.4547325102880658
0.95,11,shallow,0.8,1.0,0.75,24,0.03483165271979253,486,0.2897379380089403,0.011462240978831417,0.1814646753092708,-0.07029981298840582,0.4547325102880658,1.223877680060363,0.4547325102880658
0.8,10,shallow,0.8,2.5,0.5,12,0.04189406605295098,393,0.32871915846883,0.011317397904867965,0.15311469104589392,-0.08226269809723197,0.21628498727735368,3.7209593028441126,0.15267175572519084
0.85,10,shallow,0.8,2.5,0.5,12,0.04189406605295098,393,0.32871915846883,0.011317397904867965,0.15311469104589392,-0.08226269809723197,0.21628498727735368,3.7209593028441126,0.15267175572519084
0.8,10,base,0.8,2.0,1.5,12,0.041557390516231536,240,0.3011890532400727,0.011210072937296145,0.1172892849314945,-0.10637038460370796,0.45416666666666666,1.2294020582397998,0.3458333333333333
0.85,10,base,0.8,2.0,1.5,12,0.041557390516231536,240,0.3011890532400727,0.011210072937296145,0.1172892849314945,-0.10637038460370796,0.45416666666666666,1.2294020582397998,0.3458333333333333
0.9,11,base,0.6,2.0,0.5,6,0.02585215857847287,411,0.3211980494135355,0.011130115784137473,0.23360973533134116,-0.05302460474177939,0.26034063260340634,2.9160739240881055,0.1654501216545012
0.95,11,base,0.6,2.0,0.5,6,0.02585215857847287,411,0.3211980494135355,0.011130115784137473,0.23360973533134116,-0.05302460474177939,0.26034063260340634,2.9160739240881055,0.1654501216545012
0.8,10,base,0.6,2.5,1.5,12,0.028890652717152483,207,0.31407297326850886,0.011096713392967139,0.15554021129395817,-0.0793998297707369,0.4396135265700483,1.3065113916953126,0.24154589371980675
0.85,10,base,0.6,2.5,1.5,12,0.028890652717152483,207,0.31407297326850886,0.011096713392967139,0.15554021129395817,-0.0793998297707369,0.4396135265700483,1.3065113916953126,0.24154589371980675
0.8,10,shallow,0.7,3.0,1.0,24,0.034650808039162956,218,0.3602573928857228,0.01098310856932283,0.12344478373162678,-0.09901880278312725,0.2889908256880734,2.5251944919549403,0.22935779816513763
0.85,10,shallow,0.7,3.0,1.0,24,0.034650808039162956,218,0.3602573928857228,0.01098310856932283,0.12344478373162678,-0.09901880278312725,0.2889908256880734,2.5251944919549403,0.22935779816513763
0.8,10,base,0.7,2.0,0.75,6,0.034786761033208866,379,0.2865566233093484,0.010957076804226862,0.17757258698461298,-0.06867256856170867,0.34300791556728233,1.971685264426838,0.20052770448548812
0.85,10,base,0.7,2.0,0.75,6,0.034786761033208866,379,0.2865566233093484,0.010957076804226862,0.17757258698461298,-0.06867256856170867,0.34300791556728233,1.971685264426838,0.20052770448548812
0.8,10,deep_slow,0.7,2.5,2.0,24,0.03201506443356151,153,0.316449479466494,0.010955527567374945,0.14310053023920447,-0.08520332106735906,0.47058823529411764,1.1535664735607258,0.3790849673202614
0.85,10,deep_slow,0.7,2.5,2.0,24,0.03201506443356151,153,0.316449479466494,0.010955527567374945,0.14310053023920447,-0.08520332106735906,0.47058823529411764,1.1535664735607258,0.3790849673202614
0.9,11,deep_slow,0.5,2.0,0.75,6,0.02227660444433337,327,0.30153728008085995,0.01091199420659561,0.21440001206886747,-0.056642542314905286,0.3394495412844037,1.996492322831389,0.20795107033639143
0.95,11,deep_slow,0.5,2.0,0.75,6,0.02227660444433337,327,0.30153728008085995,0.01091199420659561,0.21440001206886747,-0.056642542314905286,0.3394495412844037,1.996492322831389,0.20795107033639143
0.9,11,base,0.6,2.0,1.5,24,0.02585215857847287,199,0.3255950450444611,0.010778273908989666,0.14569651518190332,-0.08233040124321656,0.4321608040201005,1.3422251423686322,0.4120603015075377
0.95,11,base,0.6,2.0,1.5,24,0.02585215857847287,199,0.3255950450444611,0.010778273908989666,0.14569651518190332,-0.08233040124321656,0.4321608040201005,1.3422251423686322,0.4120603015075377
0.8,10,shallow,0.4,4.0,2.5,24,0.016624676068168656,103,0.47373419078280066,0.010700922207501629,0.1446437371269121,-0.08233412619212843,0.46601941747572817,1.1807326012530748,0.23300970873786409
0.85,10,shallow,0.4,4.0,2.5,24,0.016624676068168656,103,0.47373419078280066,0.010700922207501629,0.1446437371269121,-0.08233412619212843,0.46601941747572817,1.1807326012530748,0.23300970873786409
0.9,11,shallow,0.4,2.5,1.0,24,0.017780104391063124,197,0.3301928342100527,0.010615325952722188,0.1494534747109512,-0.07904666533072624,0.3197969543147208,2.189999260349509,0.2639593908629442
0.95,11,shallow,0.4,2.5,1.0,24,0.017780104391063124,197,0.3301928342100527,0.010615325952722188,0.1494534747109512,-0.07904666533072624,0.3197969543147208,2.189999260349509,0.2639593908629442
0.9,11,shallow,0.6,3.0,1.5,24,0.025504051782762147,166,0.3521983083524753,0.010602421667260442,0.1266413080287205,-0.09317204088122233,0.3674698795180723,1.7499694882762231,0.26506024096385544
0.95,11,shallow,0.6,3.0,1.5,24,0.025504051782762147,166,0.3521983083524753,0.010602421667260442,0.1266413080287205,-0.09317204088122233,0.3674698795180723,1.7499694882762231,0.26506024096385544
0.9,11,deep_slow,0.5,2.0,0.75,24,0.02227660444433337,282,0.3087052896915307,0.01057278216718549,0.1775383563839841,-0.06627539055174136,0.2907801418439716,2.5010093269170306,0.2872340425531915
0.95,11,deep_slow,0.5,2.0,0.75,24,0.02227660444433337,282,0.3087052896915307,0.01057278216718549,0.1775383563839841,-0.06627539055174136,0.2907801418439716,2.5010093269170306,0.2872340425531915
0.8,10,deep_slow,0.8,2.5,0.5,12,0.03652372924092767,389,0.30873299843684165,0.010568585677752207,0.15921048591976375,-0.07387547889922408,0.2185089974293059,3.6676250412595772,0.15681233933161953
0.85,10,deep_slow,0.8,2.5,0.5,12,0.03652372924092767,389,0.30873299843684165,0.010568585677752207,0.15921048591976375,-0.07387547889922408,0.2185089974293059,3.6676250412595772,0.15681233933161953
0.8,10,deep_slow,0.7,2.5,1.5,12,0.03201506443356151,221,0.2846558717945476,0.01055226616708671,0.11844757793190304,-0.09914578648053785,0.4253393665158371,1.3799827091163797,0.25339366515837103
0.85,10,deep_slow,0.7,2.5,1.5,12,0.03201506443356151,221,0.2846558717945476,0.01055226616708671,0.11844757793190304,-0.09914578648053785,0.4253393665158371,1.3799827091163797,0.25339366515837103
0.8,10,base,0.7,4.0,1.0,24,0.034786761033208866,192,0.38601365615692407,0.010493992275731445,0.12857151472529035,-0.0908341755272728,0.2552083333333333,2.9708027409089777,0.15104166666666666
0.85,10,base,0.7,4.0,1.0,24,0.034786761033208866,192,0.38601365615692407,0.010493992275731445,0.12857151472529035,-0.0908341755272728,0.2552083333333333,2.9708027409089777,0.15104166666666666
0.9,11,base,0.8,1.0,0.75,6,0.03626824368319925,506,0.26305765024560734,0.010467688101723605,0.16792781440960755,-0.06937145447254423,0.45454545454545453,1.222528367125064,0.4308300395256917
0.95,11,base,0.8,1.0,0.75,6,0.03626824368319925,506,0.26305765024560734,0.010467688101723605,0.16792781440960755,-0.06937145447254423,0.45454545454545453,1.222528367125064,0.4308300395256917
0.8,10,shallow,0.8,2.0,1.5,6,0.04189406605295098,301,0.2769043354945516,0.010466815726294598,0.1113611663380852,-0.10460042481372012,0.4850498338870432,1.083271075535017,0.23588039867109634
0.85,10,shallow,0.8,2.0,1.5,6,0.04189406605295098,301,0.2769043354945516,0.010466815726294598,0.1113611663380852,-0.10460042481372012,0.4850498338870432,1.083271075535017,0.23588039867109634
0.8,10,shallow,0.4,3.0,2.0,24,0.016624676068168656,129,0.37100007337538543,0.010443036027720343,0.17719491931133047,-0.0655884815057377,0.4496124031007752,1.2591857873627457,0.3023255813953488
0.85,10,shallow,0.4,3.0,2.0,24,0.016624676068168656,129,0.37100007337538543,0.010443036027720343,0.17719491931133047,-0.0655884815057377,0.4496124031007752,1.2591857873627457,0.3023255813953488
0.8,10,base,0.4,1.5,0.5,24,0.018576634829056745,365,0.3157589994055594,0.010404353773105779,0.29304684350227733,-0.039512016254202975,0.27945205479452057,2.649551566503827,0.27945205479452057
0.85,10,base,0.4,1.5,0.5,24,0.018576634829056745,365,0.3157589994055594,0.010404353773105779,0.29304684350227733,-0.039512016254202975,0.27945205479452057,2.649551566503827,0.27945205479452057
0.8,10,shallow,0.6,1.5,0.75,24,0.0281987593635591,363,0.2787402744081795,0.010372078038804355,0.17624359896269776,-0.06549418925531203,0.349862258953168,1.8978863765993226,0.349862258953168
0.85,10,shallow,0.6,1.5,0.75,24,0.0281987593635591,363,0.2787402744081795,0.010372078038804355,0.17624359896269776,-0.06549418925531203,0.349862258953168,1.8978863765993226,0.349862258953168
0.9,11,base,0.8,2.5,0.5,24,0.03626824368319925,366,0.305272728307802,0.010326092725795766,0.1333348763086259,-0.08618694607479849,0.1912568306010929,4.331725100330985,0.17759562841530055
0.95,11,base,0.8,2.5,0.5,24,0.03626824368319925,366,0.305272728307802,0.010326092725795766,0.1333348763086259,-0.08618694607479849,0.1912568306010929,4.331725100330985,0.17759562841530055
0.9,11,deep_slow,0.4,2.0,0.75,12,0.018002548129969136,269,0.3086859675258484,0.01031591241816332,0.20296149950551795,-0.05656437217262844,0.3048327137546468,2.3411201919866484,0.27137546468401486
0.95,11,deep_slow,0.4,2.0,0.75,12,0.018002548129969136,269,0.3086859675258484,0.01031591241816332,0.20296149950551795,-0.05656437217262844,0.3048327137546468,2.3411201919866484,0.27137546468401486
0.9,11,base,0.8,3.0,1.5,12,0.03626824368319925,205,0.32936781136793947,0.010260136053855895,0.11123931031448316,-0.10264610383337958,0.4195121951219512,1.4159994583916984,0.18536585365853658
0.95,11,base,0.8,3.0,1.5,12,0.03626824368319925,205,0.32936781136793947,0.010260136053855895,0.11123931031448316,-0.10264610383337958,0.4195121951219512,1.4159994583916984,0.18536585365853658
0.9,11,shallow,0.8,1.0,0.75,6,0.03483165271979253,503,0.26017615602365796,0.01024153779887449,0.16320418853660254,-0.06983627374326151,0.4572564612326044,1.2089703283000013,0.43339960238568587
0.95,11,shallow,0.8,1.0,0.75,6,0.03483165271979253,503,0.26017615602365796,0.01024153779887449,0.16320418853660254,-0.06983627374326151,0.4572564612326044,1.2089703283000013,0.43339960238568587
0.8,10,base,0.7,1.5,1.0,24,0.034786761033208866,330,0.26735828472176265,0.010199284796007735,0.16491730297927884,-0.06882554496442472,0.4121212121212121,1.4677053012571708,0.4121212121212121
0.85,10,base,0.7,1.5,1.0,24,0.034786761033208866,330,0.26735828472176265,0.010199284796007735,0.16491730297927884,-0.06882554496442472,0.4121212121212121,1.4677053012571708,0.4121212121212121
0.9,11,base,0.8,3.0,2.0,12,0.03626824368319925,182,0.3580755571968243,0.010181216702826568,0.13018863666001532,-0.08703067034037126,0.4835164835164835,1.0939509062882466,0.21428571428571427
0.95,11,base,0.8,3.0,2.0,12,0.03626824368319925,182,0.3580755571968243,0.010181216702826568,0.13018863666001532,-0.08703067034037126,0.4835164835164835,1.0939509062882466,0.21428571428571427
0.8,10,base,0.8,2.5,1.0,24,0.041557390516231536,250,0.2751318355758077,0.01007813991662676,0.10189730741454572,-0.11006795708033423,0.304,2.3215864484535853,0.272
0.85,10,base,0.8,2.5,1.0,24,0.041557390516231536,250,0.2751318355758077,0.01007813991662676,0.10189730741454572,-0.11006795708033423,0.304,2.3215864484535853,0.272
0.9,11,base,0.5,2.5,1.5,12,0.02143757519805179,192,0.31660383802613606,0.01004240583545113,0.18275768863873082,-0.06115112857256988,0.4322916666666667,1.345590194673266,0.25
0.95,11,base,0.5,2.5,1.5,12,0.02143757519805179,192,0.31660383802613606,0.01004240583545113,0.18275768863873082,-0.06115112857256988,0.4322916666666667,1.345590194673266,0.25
0.8,10,shallow,0.7,3.0,2.0,12,0.034650808039162956,186,0.32312380248234057,0.010029705858454419,0.12205099020828368,-0.09145110282732072,0.4838709677419355,1.0913093695233238,0.20430107526881722
0.85,10,shallow,0.7,3.0,2.0,12,0.034650808039162956,186,0.32312380248234057,0.010029705858454419,0.12205099020828368,-0.09145110282732072,0.4838709677419355,1.0913093695233238,0.20430107526881722
0.9,11,shallow,0.5,3.0,0.75,24,0.02146249546792225,226,0.3399973243308774,0.010027578045850083,0.17305232752309244,-0.06448528329910785,0.23893805309734514,3.2718462199576903,0.19911504424778761
0.95,11,shallow,0.5,3.0,0.75,24,0.02146249546792225,226,0.3399973243308774,0.010027578045850083,0.17305232752309244,-0.06448528329910785,0.23893805309734514,3.2718462199576903,0.19911504424778761
0.8,10,shallow,0.7,2.5,0.5,24,0.034650808039162956,355,0.30333797552677355,0.010022335742009947,0.14316493898903107,-0.0779065825365135,0.19154929577464788,4.32355544112144,0.18028169014084508
0.85,10,shallow,0.7,2.5,0.5,24,0.034650808039162956,355,0.30333797552677355,0.010022335742009947,0.14316493898903107,-0.0779065825365135,0.19154929577464788,4.32355544112144,0.18028169014084508
0.9,11,shallow,0.5,1.5,1.0,6,0.02146249546792225,320,0.2755455586758381,0.010018611783011444,0.20749153323999026,-0.0537339735682949,0.440625,1.2983520526354644,0.328125
0.95,11,shallow,0.5,1.5,1.0,6,0.02146249546792225,320,0.2755455586758381,0.010018611783011444,0.20749153323999026,-0.0537339735682949,0.440625,1.2983520526354644,0.328125
0.8,10,base,0.7,3.0,2.5,12,0.034786761033208866,167,0.35732337808325493,0.010008049326021284,0.11741400414174115,-0.09485736829139968,0.47305389221556887,1.1428229871235855,0.20359281437125748
0.85,10,base,0.7,3.0,2.5,12,0.034786761033208866,167,0.35732337808325493,0.010008049326021284,0.11741400414174115,-0.09485736829139968,0.47305389221556887,1.1428229871235855,0.20359281437125748
0.8,10,shallow,0.7,1.5,1.0,12,0.034650808039162956,340,0.2597138591149793,0.009995452275759709,0.12799960185879744,-0.08690305808069443,0.4176470588235294,1.420475299949128,0.3911764705882353
0.85,10,shallow,0.7,1.5,1.0,12,0.034650808039162956,340,0.2597138591149793,0.009995452275759709,0.12799960185879744,-0.08690305808069443,0.4176470588235294,1.420475299949128,0.3911764705882353
0.9,11,base,0.6,2.0,1.5,12,0.02585215857847287,229,0.2811621633053304,0.009902238620078219,0.1592597139504807,-0.06919367973971902,0.4497816593886463,1.2488226092224415,0.35807860262008734
0.95,11,base,0.6,2.0,1.5,12,0.02585215857847287,229,0.2811621633053304,0.009902238620078219,0.1592597139504807,-0.06919367973971902,0.4497816593886463,1.2488226092224415,0.35807860262008734
0.9,11,deep_slow,0.5,2.0,0.5,6,0.02227660444433337,385,0.2894607298069698,0.009871370475974084,0.18625107779248865,-0.058981644907869724,0.2545454545454545,3.002029653687772,0.16363636363636364
0.95,11,deep_slow,0.5,2.0,0.5,6,0.02227660444433337,385,0.2894607298069698,0.009871370475974084,0.18625107779248865,-0.058981644907869724,0.2545454545454545,3.002029653687772,0.16363636363636364
0.8,10,shallow,0.7,3.0,0.75,24,0.034650808039162956,258,0.3247767918300708,0.009815686326713369,0.11354348472808265,-0.09620448683652216,0.23255813953488372,3.379471562703414,0.1937984496124031
0.85,10,shallow,0.7,3.0,0.75,24,0.034650808039162956,258,0.3247767918300708,0.009815686326713369,0.11354348472808265,-0.09620448683652216,0.23255813953488372,3.379471562703414,0.1937984496124031
0.9,11,shallow,0.5,2.5,1.5,6,0.02146249546792225,252,0.2706567283151481,0.009580409668881407,0.12565496713780694,-0.08484682504703611,0.4603174603174603,1.1962964028883256,0.1746031746031746
0.95,11,shallow,0.5,2.5,1.5,6,0.02146249546792225,252,0.2706567283151481,0.009580409668881407,0.12565496713780694,-0.08484682504703611,0.4603174603174603,1.1962964028883256,0.1746031746031746
0.8,10,shallow,0.7,2.5,1.5,6,0.034650808039162956,288,0.24807613666464157,0.009548905561245213,0.12554570389728503,-0.08464126692844542,0.4791666666666667,1.1067952656296627,0.16319444444444445
0.85,10,shallow,0.7,2.5,1.5,6,0.034650808039162956,288,0.24807613666464157,0.009548905561245213,0.12554570389728503,-0.08464126692844542,0.4791666666666667,1.1067952656296627,0.16319444444444445
0.8,10,shallow,0.6,3.0,1.5,24,0.0281987593635591,170,0.3082113479664339,0.009545310606508428,0.10738703567536456,-0.09891645346666278,0.3764705882352941,1.6788186217054226,0.2647058823529412
0.85,10,shallow,0.6,3.0,1.5,24,0.0281987593635591,170,0.3082113479664339,0.009545310606508428,0.10738703567536456,-0.09891645346666278,0.3764705882352941,1.6788186217054226,0.2647058823529412
0.9,11,shallow,0.8,2.0,0.75,12,0.03483165271979253,318,0.28077880824144674,0.00952151669494472,0.12164145507858636,-0.08710724463436659,0.31446540880503143,2.226135546308594,0.25471698113207547
0.95,11,shallow,0.8,2.0,0.75,12,0.03483165271979253,318,0.28077880824144674,0.00952151669494472,0.12164145507858636,-0.08710724463436659,0.31446540880503143,2.226135546308594,0.25471698113207547
0.9,11,shallow,0.8,1.0,0.75,12,0.03483165271979253,486,0.24392089168593373,0.009479900061534874,0.1461353617845956,-0.07219002321969925,0.4547325102880658,1.219591635475773,0.45267489711934156
0.95,11,shallow,0.8,1.0,0.75,12,0.03483165271979253,486,0.24392089168593373,0.009479900061534874,0.1461353617845956,-0.07219002321969925,0.4547325102880658,1.219591635475773,0.45267489711934156
0.9,11,base,0.8,1.5,1.0,12,0.03626824368319925,350,0.24729576322467103,0.00945215690892387,0.12468502041560922,-0.08436158122006687,0.41714285714285715,1.4215722400582873,0.3914285714285714
0.95,11,base,0.8,1.5,1.0,12,0.03626824368319925,350,0.24729576322467103,0.00945215690892387,0.12468502041560922,-0.08436158122006687,0.41714285714285715,1.4215722400582873,0.3914285714285714
0.8,10,shallow,0.6,2.0,0.75,24,0.0281987593635591,300,0.27613750251224767,0.009402903424760911,0.11795359244231274,-0.08871104180140066,0.2866666666666667,2.541997620859345,0.28
0.85,10,shallow,0.6,2.0,0.75,24,0.0281987593635591,300,0.27613750251224767,0.009402903424760911,0.11795359244231274,-0.08871104180140066,0.2866666666666667,2.541997620859345,0.28
0.8,10,base,0.6,3.0,2.0,24,0.028890652717152483,140,0.3287151134232359,0.009385811609099681,0.12986619084931375,-0.08042705991175492,0.45714285714285713,1.2153385300448185,0.30714285714285716
0.85,10,base,0.6,3.0,2.0,24,0.028890652717152483,140,0.3287151134232359,0.009385811609099681,0.12986619084931375,-0.08042705991175492,0.45714285714285713,1.2153385300448185,0.30714285714285716
0.8,10,base,0.5,2.5,2.0,24,0.023983485622980496,134,0.30726548575052137,0.009348444010028656,0.12447164777424684,-0.0835784763384928,0.47761194029850745,1.1212973992333255,0.3582089552238806
0.85,10,base,0.5,2.5,2.0,24,0.023983485622980496,134,0.30726548575052137,0.009348444010028656,0.12447164777424684,-0.0835784763384928,0.47761194029850745,1.1212973992333255,0.3582089552238806
0.9,11,base,0.7,4.0,1.5,24,0.030935384207832782,147,0.33409829644039246,0.009323646083872816,0.11094267569689771,-0.09352163702726757,0.36054421768707484,1.8124223211136918,0.19047619047619047
0.95,11,base,0.7,4.0,1.5,24,0.030935384207832782,147,0.33409829644039246,0.009323646083872816,0.11094267569689771,-0.09352163702726757,0.36054421768707484,1.8124223211136918,0.19047619047619047
0.9,11,base,0.5,1.0,0.5,12,0.02143757519805179,465,0.278420377821019,0.009252385147415332,0.2414824159404691,-0.04263746938146118,0.36129032258064514,1.8066098751461657,0.36129032258064514
0.9,11,base,0.5,1.0,0.5,24,0.02143757519805179,465,0.278420377821019,0.009252385147415332,0.2414824159404691,-0.04263746938146118,0.36129032258064514,1.8066098751461657,0.36129032258064514
0.95,11,base,0.5,1.0,0.5,12,0.02143757519805179,465,0.278420377821019,0.009252385147415332,0.2414824159404691,-0.04263746938146118,0.36129032258064514,1.8066098751461657,0.36129032258064514
0.95,11,base,0.5,1.0,0.5,24,0.02143757519805179,465,0.278420377821019,0.009252385147415332,0.2414824159404691,-0.04263746938146118,0.36129032258064514,1.8066098751461657,0.36129032258064514
0.8,10,base,0.7,4.0,2.5,24,0.034786761033208866,108,0.4082902981304548,0.009169123035760451,0.11511273148443442,-0.08863916447227593,0.46296296296296297,1.199887383085588,0.23148148148148148
0.85,10,base,0.7,4.0,2.5,24,0.034786761033208866,108,0.4082902981304548,0.009169123035760451,0.11511273148443442,-0.08863916447227593,0.46296296296296297,1.199887383085588,0.23148148148148148
0.8,10,deep_slow,0.4,3.0,2.0,12,0.02012685895493155,164,0.29104513930624953,0.009099764803304655,0.15171476066610798,-0.0667454804128017,0.4817073170731707,1.1013989914778777,0.20121951219512196
0.85,10,deep_slow,0.4,3.0,2.0,12,0.02012685895493155,164,0.29104513930624953,0.009099764803304655,0.15171476066610798,-0.0667454804128017,0.4817073170731707,1.1013989914778777,0.20121951219512196
0.9,11,base,0.4,2.0,0.5,6,0.016682884199823906,337,0.2935201418205315,0.008903299185699654,0.2637692379088894,-0.03756138473711135,0.26112759643916916,2.9028506974093435,0.1661721068249258
0.95,11,base,0.4,2.0,0.5,6,0.016682884199823906,337,0.2935201418205315,0.008903299185699654,0.2637692379088894,-0.03756138473711135,0.26112759643916916,2.9028506974093435,0.1661721068249258
0.8,10,base,0.5,2.0,0.75,12,0.023983485622980496,296,0.26213624171196903,0.008778612434756194,0.18562233554323324,-0.052626852067079954,0.3108108108108108,2.2639216978931818,0.2702702702702703
0.85,10,base,0.5,2.0,0.75,12,0.023983485622980496,296,0.26213624171196903,0.008778612434756194,0.18562233554323324,-0.052626852067079954,0.3108108108108108,2.2639216978931818,0.2702702702702703
0.9,11,base,0.7,1.5,1.0,12,0.030935384207832782,333,0.24331761236267624,0.00874354457792581,0.1271554490580033,-0.07651797226302748,0.42042042042042044,1.4023720958193309,0.39039039039039036
0.95,11,base,0.7,1.5,1.0,12,0.030935384207832782,333,0.24331761236267624,0.00874354457792581,0.1271554490580033,-0.07651797226302748,0.42042042042042044,1.4023720958193309,0.39039039039039036
0.8,10,deep_slow,0.8,1.5,0.5,24,0.03652372924092767,488,0.23519253969984869,0.008741853066871474,0.1914461160186571,-0.05081217692801576,0.27459016393442626,2.713577336247756,0.27459016393442626
0.85,10,deep_slow,0.8,1.5,0.5,24,0.03652372924092767,488,0.23519253969984869,0.008741853066871474,0.1914461160186571,-0.05081217692801576,0.27459016393442626,2.713577336247756,0.27459016393442626
0.9,11,deep_slow,0.8,3.0,1.0,24,0.03592704925670819,214,0.30122668142958453,0.008555655007652652,0.10124555665336278,-0.09403372443500035,0.2850467289719626,2.5405352767648837,0.2102803738317757
0.95,11,deep_slow,0.8,3.0,1.0,24,0.03592704925670819,214,0.30122668142958453,0.008555655007652652,0.10124555665336278,-0.09403372443500035,0.2850467289719626,2.5405352767648837,0.2102803738317757
0.8,10,base,0.5,2.5,1.5,6,0.023983485622980496,259,0.24153881051491444,0.008545716055915031,0.10885613184793883,-0.08735779553327006,0.46332046332046334,1.1791963041278941,0.1776061776061776
0.85,10,base,0.5,2.5,1.5,6,0.023983485622980496,259,0.24153881051491444,0.008545716055915031,0.10885613184793883,-0.08735779553327006,0.46332046332046334,1.1791963041278941,0.1776061776061776
0.8,10,deep_slow,0.6,4.0,2.0,24,0.027441884318986948,123,0.3308852286187603,0.0085425198275757,0.10016824545947495,-0.09489907002455866,0.44715447154471544,1.2739360095405596,0.1951219512195122
0.85,10,deep_slow,0.6,4.0,2.0,24,0.027441884318986948,123,0.3308852286187603,0.0085425198275757,0.10016824545947495,-0.09489907002455866,0.44715447154471544,1.2739360095405596,0.1951219512195122
0.9,11,shallow,0.8,4.0,1.5,24,0.03483165271979253,156,0.2911138727274887,0.008449662697038063,0.07777131789230966,-0.12089927352133889,0.33974358974358976,1.9789819103879214,0.1858974358974359
0.95,11,shallow,0.8,4.0,1.5,24,0.03483165271979253,156,0.2911138727274887,0.008449662697038063,0.07777131789230966,-0.12089927352133889,0.33974358974358976,1.9789819103879214,0.1858974358974359
0.8,10,shallow,0.8,2.5,1.5,6,0.04189406605295098,290,0.22810619635396762,0.008433812333340729,0.1033156219375694,-0.09083669644915449,0.46551724137931033,1.1661592225213608,0.15862068965517243
0.85,10,shallow,0.8,2.5,1.5,6,0.04189406605295098,290,0.22810619635396762,0.008433812333340729,0.1033156219375694,-0.09083669644915449,0.46551724137931033,1.1661592225213608,0.15862068965517243
0.9,11,deep_slow,0.6,2.0,1.0,6,0.026270004931272684,311,0.23470348529263707,0.008354283401968976,0.16021543641923683,-0.058023819248229636,0.4180064308681672,1.4188644696956019,0.21221864951768488
0.95,11,deep_slow,0.6,2.0,1.0,6,0.026270004931272684,311,0.23470348529263707,0.008354283401968976,0.16021543641923683,-0.058023819248229636,0.4180064308681672,1.4188644696956019,0.21221864951768488
0.9,11,shallow,0.8,2.0,0.75,24,0.03483165271979253,308,0.2464958435457333,0.008279272748384248,0.10365244578030375,-0.08888168564413912,0.2857142857142857,2.545731345931834,0.2824675324675325
0.95,11,shallow,0.8,2.0,0.75,24,0.03483165271979253,308,0.2464958435457333,0.008279272748384248,0.10365244578030375,-0.08888168564413912,0.2857142857142857,2.545731345931834,0.2824675324675325
0.9,11,shallow,0.6,1.5,0.75,12,0.025504051782762147,352,0.23265704831005501,0.008256894237245849,0.14443181600145782,-0.06361403652998254,0.35795454545454547,1.8255520141459007,0.3409090909090909
0.95,11,shallow,0.6,1.5,0.75,12,0.025504051782762147,352,0.23265704831005501,0.008256894237245849,0.14443181600145782,-0.06361403652998254,0.35795454545454547,1.8255520141459007,0.3409090909090909
0.8,10,shallow,0.4,1.5,0.5,6,0.016624676068168656,373,0.25164696275915954,0.008186380041808716,0.28810475476450254,-0.031618325866232255,0.2949061662198391,2.4441790917482,0.24664879356568364
0.85,10,shallow,0.4,1.5,0.5,6,0.016624676068168656,373,0.25164696275915954,0.008186380041808716,0.28810475476450254,-0.031618325866232255,0.2949061662198391,2.4441790917482,0.24664879356568364
0.8,10,shallow,0.6,2.0,0.5,6,0.0281987593635591,412,0.24604692333642453,0.008183147617878639,0.21843177909192843,-0.041687118680699964,0.26941747572815533,2.7652802876763976,0.15776699029126215
0.85,10,shallow,0.6,2.0,0.5,6,0.0281987593635591,412,0.24604692333642453,0.008183147617878639,0.21843177909192843,-0.041687118680699964,0.26941747572815533,2.7652802876763976,0.15776699029126215
0.8,10,base,0.6,3.0,2.5,24,0.028890652717152483,128,0.2907579773783501,0.008007307931090057,0.09917516927952384,-0.08984142516761995,0.5,1.0208189831738776,0.3359375
0.85,10,base,0.6,3.0,2.5,24,0.028890652717152483,128,0.2907579773783501,0.008007307931090057,0.09917516927952384,-0.08984142516761995,0.5,1.0208189831738776,0.3359375
0.9,11,deep_slow,0.7,3.0,2.5,24,0.03059831863119774,125,0.3102523043048313,0.008001533660230153,0.0959881420211142,-0.0927573993923465,0.488,1.0720645247586293,0.328
0.95,11,deep_slow,0.7,3.0,2.5,24,0.03059831863119774,125,0.3102523043048313,0.008001533660230153,0.0959881420211142,-0.0927573993923465,0.488,1.0720645247586293,0.328
0.8,10,deep_slow,0.8,3.0,1.0,24,0.03652372924092767,229,0.2547498652044031,0.00799844784860504,0.08310498999573229,-0.10709555700190265,0.2838427947598253,2.5701237332391007,0.2183406113537118
0.85,10,deep_slow,0.8,3.0,1.0,24,0.03652372924092767,229,0.2547498652044031,0.00799844784860504,0.08310498999573229,-0.10709555700190265,0.2838427947598253,2.5701237332391007,0.2183406113537118
0.9,11,deep_slow,0.7,1.5,0.5,12,0.03059831863119774,451,0.2333734139795603,0.007934630823028366,0.12294289674842397,-0.07181490230184562,0.2771618625277162,2.6816865418102815,0.2682926829268293
0.95,11,deep_slow,0.7,1.5,0.5,12,0.03059831863119774,451,0.2333734139795603,0.007934630823028366,0.12294289674842397,-0.07181490230184562,0.2771618625277162,2.6816865418102815,0.2682926829268293
0.8,10,base,0.4,4.0,2.5,24,0.018576634829056745,104,0.35550730342854603,0.007892943124962137,0.09872021578960471,-0.08896581408515913,0.4423076923076923,1.2807118686001524,0.23076923076923078
0.85,10,base,0.4,4.0,2.5,24,0.018576634829056745,104,0.35550730342854603,0.007892943124962137,0.09872021578960471,-0.08896581408515913,0.4423076923076923,1.2807118686001524,0.23076923076923078
0.9,11,base,0.4,2.5,1.0,24,0.016682884199823906,188,0.26520948850685283,0.007735383057450251,0.14703022300019497,-0.05854120639075877,0.32978723404255317,2.077741679149516,0.2712765957446808
0.95,11,base,0.4,2.5,1.0,24,0.016682884199823906,188,0.26520948850685283,0.007735383057450251,0.14703022300019497,-0.05854120639075877,0.32978723404255317,2.077741679149516,0.2712765957446808
0.9,11,deep_slow,0.8,3.0,2.5,24,0.03592704925670819,130,0.2826291624209441,0.007712253087014842,0.09159762430938588,-0.09368778281059531,0.47692307692307695,1.1187703514704754,0.33076923076923076
0.95,11,deep_slow,0.8,3.0,2.5,24,0.03592704925670819,130,0.2826291624209441,0.007712253087014842,0.09159762430938588,-0.09368778281059531,0.47692307692307695,1.1187703514704754,0.33076923076923076
0.8,10,base,0.5,3.0,1.5,12,0.023983485622980496,188,0.2598250501688056,0.007666906449779409,0.1092923322379342,-0.07805761341295536,0.425531914893617,1.379962344379048,0.20212765957446807
0.85,10,base,0.5,3.0,1.5,12,0.023983485622980496,188,0.2598250501688056,0.007666906449779409,0.1092923322379342,-0.07805761341295536,0.425531914893617,1.379962344379048,0.20212765957446807
0.8,10,deep_slow,0.8,1.5,0.5,12,0.03652372924092767,493,0.2079779855651728,0.0076462630673455045,0.15865927996519816,-0.05362509250067038,0.2799188640973631,2.636719470544368,0.26774847870182555
0.85,10,deep_slow,0.8,1.5,0.5,12,0.03652372924092767,493,0.2079779855651728,0.0076462630673455045,0.15865927996519816,-0.05362509250067038,0.2799188640973631,2.636719470544368,0.26774847870182555
0.8,10,base,0.8,3.0,2.5,24,0.041557390516231536,129,0.27272083444809736,0.0075948571288146915,0.08903428047878982,-0.094917306602321,0.4883720930232558,1.0681987995616669,0.3178294573643411
0.85,10,base,0.8,3.0,2.5,24,0.041557390516231536,129,0.27272083444809736,0.0075948571288146915,0.08903428047878982,-0.094917306602321,0.4883720930232558,1.0681987995616669,0.3178294573643411
0.8,10,shallow,0.7,4.0,1.5,24,0.034650808039162956,150,0.2757706218004045,0.007547189065575388,0.08521075550461105,-0.09855364892421448,0.36,1.8076770984689254,0.17333333333333334
0.85,10,shallow,0.7,4.0,1.5,24,0.034650808039162956,150,0.2757706218004045,0.007547189065575388,0.08521075550461105,-0.09855364892421448,0.36,1.8076770984689254,0.17333333333333334
0.8,10,base,0.4,4.0,2.0,24,0.018576634829056745,114,0.32250627513277313,0.007527597550061493,0.08366522046413383,-0.10011354779472248,0.40350877192982454,1.4982575181094024,0.21052631578947367
0.85,10,base,0.4,4.0,2.0,24,0.018576634829056745,114,0.32250627513277313,0.007527597550061493,0.08366522046413383,-0.10011354779472248,0.40350877192982454,1.4982575181094024,0.21052631578947367
0.9,11,base,0.4,3.0,2.5,24,0.016682884199823906,111,0.2977574093230908,0.007478404623036283,0.12612671017643126,-0.06597541301751397,0.4864864864864865,1.0783990829633077,0.34234234234234234
0.95,11,base,0.4,3.0,2.5,24,0.016682884199823906,111,0.2977574093230908,0.007478404623036283,0.12612671017643126,-0.06597541301751397,0.4864864864864865,1.0783990829633077,0.34234234234234234
0.9,11,deep_slow,0.4,3.0,2.5,12,0.018002548129969136,148,0.2912143009344052,0.007441419306102759,0.11462332894071589,-0.07223739708597043,0.4527027027027027,1.2325754385590468,0.25675675675675674
0.95,11,deep_slow,0.4,3.0,2.5,12,0.018002548129969136,148,0.2912143009344052,0.007441419306102759,0.11462332894071589,-0.07223739708597043,0.4527027027027027,1.2325754385590468,0.25675675675675674
0.9,11,deep_slow,0.6,2.0,0.75,6,0.026270004931272684,348,0.21040158789422042,0.007418446987721872,0.14934661325915086,-0.055270881510775416,0.35344827586206895,1.8599068774840373,0.20689655172413793
0.95,11,deep_slow,0.6,2.0,0.75,6,0.026270004931272684,348,0.21040158789422042,0.007418446987721872,0.14934661325915086,-0.055270881510775416,0.35344827586206895,1.8599068774840373,0.20689655172413793
0.9,11,base,0.8,2.0,1.0,6,0.03626824368319925,342,0.20433855034478404,0.0073493642202038245,0.10041157538862296,-0.08144099785522552,0.41228070175438597,1.4468713558796031,0.195906432748538
0.95,11,base,0.8,2.0,1.0,6,0.03626824368319925,342,0.20433855034478404,0.0073493642202038245,0.10041157538862296,-0.08144099785522552,0.41228070175438597,1.4468713558796031,0.195906432748538
0.9,11,deep_slow,0.4,3.0,1.5,24,0.018002548129969136,153,0.2662398936524426,0.007252994776012489,0.0863056110133049,-0.0935089309294479,0.37254901960784315,1.6986723186317043,0.2679738562091503
0.95,11,deep_slow,0.4,3.0,1.5,24,0.018002548129969136,153,0.2662398936524426,0.007252994776012489,0.0863056110133049,-0.0935089309294479,0.37254901960784315,1.6986723186317043,0.2679738562091503
0.9,11,base,0.7,2.0,0.75,6,0.030935384207832782,368,0.20676669956967117,0.0072251356455947935,0.11462370291527019,-0.07013675258572072,0.34782608695652173,1.9038449838074505,0.20108695652173914
0.95,11,base,0.7,2.0,0.75,6,0.030935384207832782,368,0.20676669956967117,0.0072251356455947935,0.11462370291527019,-0.07013675258572072,0.34782608695652173,1.9038449838074505,0.20108695652173914
0.9,11,shallow,0.6,2.0,0.5,24,0.025504051782762147,357,0.22380241065172357,0.007178577146674581,0.11376955399878683,-0.07020778471690514,0.21288515406162464,3.764600961493319,0.21288515406162464
0.95,11,shallow,0.6,2.0,0.5,24,0.025504051782762147,357,0.22380241065172357,0.007178577146674581,0.11376955399878683,-0.07020778471690514,0.21288515406162464,3.764600961493319,0.21288515406162464
0.9,11,shallow,0.7,2.0,0.75,6,0.02962310272974487,359,0.2081697799475187,0.007162951660690586,0.10481114183165204,-0.07604263235580855,0.362116991643454,1.7897293326005608,0.19220055710306408
0.95,11,shallow,0.7,2.0,0.75,6,0.02962310272974487,359,0.2081697799475187,0.007162951660690586,0.10481114183165204,-0.07604263235580855,0.362116991643454,1.7897293326005608,0.19220055710306408
0.9,11,deep_slow,0.5,2.5,0.75,12,0.02227660444433337,274,0.2110174781089218,0.007128125018795561,0.12391187420321524,-0.06400797852081785,0.28102189781021897,2.6034489619790233,0.20072992700729927
0.95,11,deep_slow,0.5,2.5,0.75,12,0.02227660444433337,274,0.2110174781089218,0.007128125018795561,0.12391187420321524,-0.06400797852081785,0.28102189781021897,2.6034489619790233,0.20072992700729927
0.9,11,base,0.7,3.0,1.0,12,0.030935384207832782,239,0.23128898489398245,0.007110377676476043,0.09706464809306434,-0.08150849681747874,0.3263598326359833,2.0996113135360983,0.16736401673640167
0.95,11,base,0.7,3.0,1.0,12,0.030935384207832782,239,0.23128898489398245,0.007110377676476043,0.09706464809306434,-0.08150849681747874,0.3263598326359833,2.0996113135360983,0.16736401673640167
0.9,11,shallow,0.4,2.5,1.0,6,0.017780104391063124,264,0.20884121403289993,0.007089031085392827,0.10655236126011042,-0.07402775574548481,0.3939393939393939,1.565771119151982,0.16666666666666666
0.95,11,shallow,0.4,2.5,1.0,6,0.017780104391063124,264,0.20884121403289993,0.007089031085392827,0.10655236126011042,-0.07402775574548481,0.3939393939393939,1.565771119151982,0.16666666666666666
0.8,10,deep_slow,0.4,1.5,1.0,12,0.02012685895493155,276,0.20285211648209112,0.006885236977960618,0.13028391111295656,-0.05880224961176839,0.42391304347826086,1.3805873449117718,0.39855072463768115
0.85,10,deep_slow,0.4,1.5,1.0,12,0.02012685895493155,276,0.20285211648209112,0.006885236977960618,0.13028391111295656,-0.05880224961176839,0.42391304347826086,1.3805873449117718,0.39855072463768115
0.9,11,shallow,0.7,1.0,0.5,12,0.02962310272974487,538,0.19547207501903252,0.006861022599988331,0.1142784670902825,-0.0668020349743933,0.3587360594795539,1.8126064674462945,0.3587360594795539
0.9,11,shallow,0.7,1.0,0.5,24,0.02962310272974487,538,0.19547207501903252,0.006861022599988331,0.1142784670902825,-0.0668020349743933,0.3587360594795539,1.8126064674462945,0.3587360594795539
0.95,11,shallow,0.7,1.0,0.5,12,0.02962310272974487,538,0.19547207501903252,0.006861022599988331,0.1142784670902825,-0.0668020349743933,0.3587360594795539,1.8126064674462945,0.3587360594795539
0.95,11,shallow,0.7,1.0,0.5,24,0.02962310272974487,538,0.19547207501903252,0.006861022599988331,0.1142784670902825,-0.0668020349743933,0.3587360594795539,1.8126064674462945,0.3587360594795539
0.9,11,shallow,0.4,1.5,1.0,12,0.017780104391063124,270,0.2051293556307904,0.006832280306349636,0.13514931470835,-0.05624920377179898,0.42592592592592593,1.36991263498194,0.3962962962962963
0.95,11,shallow,0.4,1.5,1.0,12,0.017780104391063124,270,0.2051293556307904,0.006832280306349636,0.13514931470835,-0.05624920377179898,0.42592592592592593,1.36991263498194,0.3962962962962963
0.8,10,base,0.6,3.0,1.5,24,0.028890652717152483,164,0.23674550489430776,0.006777658334015779,0.07570096089379746,-0.09961884583773839,0.3780487804878049,1.656659948225905,0.2682926829268293
0.85,10,base,0.6,3.0,1.5,24,0.028890652717152483,164,0.23674550489430776,0.006777658334015779,0.07570096089379746,-0.09961884583773839,0.3780487804878049,1.656659948225905,0.2682926829268293
0.8,10,deep_slow,0.6,3.0,2.0,12,0.027441884318986948,174,0.23200980510651112,0.006763567632294354,0.10472944467622175,-0.07185713878317224,0.46551724137931033,1.1667032412014613,0.21264367816091953
0.85,10,deep_slow,0.6,3.0,2.0,12,0.027441884318986948,174,0.23200980510651112,0.006763567632294354,0.10472944467622175,-0.07185713878317224,0.46551724137931033,1.1667032412014613,0.21264367816091953
0.9,11,deep_slow,0.8,1.5,0.5,12,0.03592704925670819,481,0.18969403888751088,0.006725232794341673,0.09808295158934127,-0.07629142894174856,0.2765072765072765,2.6784561109814278,0.26403326403326405
0.95,11,deep_slow,0.8,1.5,0.5,12,0.03592704925670819,481,0.18969403888751088,0.006725232794341673,0.09808295158934127,-0.07629142894174856,0.2765072765072765,2.6784561109814278,0.26403326403326405
0.8,10,deep_slow,0.6,2.5,0.75,12,0.027441884318986948,295,0.19546112085916584,0.006712101920619995,0.11327904641994928,-0.06592810504366342,0.2847457627118644,2.5509974308087036,0.2033898305084746
0.85,10,deep_slow,0.6,2.5,0.75,12,0.027441884318986948,295,0.19546112085916584,0.006712101920619995,0.11327904641994928,-0.06592810504366342,0.2847457627118644,2.5509974308087036,0.2033898305084746
0.8,10,deep_slow,0.6,4.0,2.5,24,0.027441884318986948,108,0.26318062446823864,0.0066554486780410205,0.08332744163565937,-0.08886884811119367,0.48148148148148145,1.0940210788642366,0.2222222222222222
0.85,10,deep_slow,0.6,4.0,2.5,24,0.027441884318986948,108,0.26318062446823864,0.0066554486780410205,0.08332744163565937,-0.08886884811119367,0.48148148148148145,1.0940210788642366,0.2222222222222222
0.8,10,base,0.6,4.0,1.5,24,0.028890652717152483,142,0.26496978407252664,0.006586975955783503,0.07404073170116522,-0.09898604555195478,0.3591549295774648,1.8288279809199381,0.176056338028169
0.85,10,base,0.6,4.0,1.5,24,0.028890652717152483,142,0.26496978407252664,0.006586975955783503,0.07404073170116522,-0.09898604555195478,0.3591549295774648,1.8288279809199381,0.176056338028169
0.9,11,shallow,0.4,2.5,1.5,24,0.017780104391063124,159,0.21568183193286142,0.006561040513497707,0.09320700654895592,-0.07832170412184047,0.39622641509433965,1.5340355992175307,0.31446540880503143
0.95,11,shallow,0.4,2.5,1.5,24,0.017780104391063124,159,0.21568183193286142,0.006561040513497707,0.09320700654895592,-0.07832170412184047,0.39622641509433965,1.5340355992175307,0.31446540880503143
0.8,10,shallow,0.6,1.0,0.5,6,0.0281987593635591,523,0.18997414213675617,0.006465255497116518,0.15782320474929534,-0.04557959676431689,0.361376673040153,1.791695770952372,0.35181644359464626
0.85,10,shallow,0.6,1.0,0.5,6,0.0281987593635591,523,0.18997414213675617,0.006465255497116518,0.15782320474929534,-0.04557959676431689,0.361376673040153,1.791695770952372,0.35181644359464626
0.8,10,shallow,0.8,2.0,0.75,12,0.04189406605295098,341,0.19061294990191002,0.006457545393913522,0.0757191261338543,-0.09488931944927315,0.31085043988269795,2.2778581299861775,0.25513196480938416
0.85,10,shallow,0.8,2.0,0.75,12,0.04189406605295098,341,0.19061294990191002,0.006457545393913522,0.0757191261338543,-0.09488931944927315,0.31085043988269795,2.2778581299861775,0.25513196480938416
0.9,11,deep_slow,0.7,4.0,2.0,24,0.03059831863119774,121,0.2664622843666277,0.006412825024004309,0.0844019333448833,-0.08453788284054609,0.4132231404958678,1.4416609684344175,0.19834710743801653
0.95,11,deep_slow,0.7,4.0,2.0,24,0.03059831863119774,121,0.2664622843666277,0.006412825024004309,0.0844019333448833,-0.08453788284054609,0.4132231404958678,1.4416609684344175,0.19834710743801653
0.8,10,deep_slow,0.6,2.0,1.0,12,0.027441884318986948,277,0.18608712459843413,0.0064031072000396705,0.07545863475983978,-0.09441390602606514,0.37184115523465705,1.7129838031844755,0.296028880866426
0.85,10,deep_slow,0.6,2.0,1.0,12,0.027441884318986948,277,0.18608712459843413,0.0064031072000396705,0.07545863475983978,-0.09441390602606514,0.37184115523465705,1.7129838031844755,0.296028880866426
0.8,10,shallow,0.8,1.0,0.75,24,0.04189406605295098,502,0.1702443290717307,0.0063909037998854945,0.1049117492869146,-0.06777850598415291,0.45219123505976094,1.231912677048085,0.45219123505976094
0.85,10,shallow,0.8,1.0,0.75,24,0.04189406605295098,502,0.1702443290717307,0.0063909037998854945,0.1049117492869146,-0.06777850598415291,0.45219123505976094,1.231912677048085,0.45219123505976094
0.9,11,deep_slow,0.8,1.0,0.75,24,0.03592704925670819,495,0.17065731955925342,0.00635102051523373,0.09740297365333687,-0.07254778737664869,0.4505050505050505,1.2404863901953531,0.4505050505050505
0.95,11,deep_slow,0.8,1.0,0.75,24,0.03592704925670819,495,0.17065731955925342,0.00635102051523373,0.09740297365333687,-0.07254778737664869,0.4505050505050505,1.2404863901953531,0.4505050505050505
0.8,10,deep_slow,0.6,2.0,0.75,12,0.027441884318986948,319,0.18878433895439306,0.006311064970563329,0.10386673873777696,-0.06760488173231227,0.31347962382445144,2.2208426827837005,0.26332288401253917
0.85,10,deep_slow,0.6,2.0,0.75,12,0.027441884318986948,319,0.18878433895439306,0.006311064970563329,0.10386673873777696,-0.06760488173231227,0.31347962382445144,2.2208426827837005,0.26332288401253917
0.8,10,shallow,0.8,3.0,2.5,12,0.04189406605295098,168,0.21840528476337098,0.0062806603952378914,0.07247688149085361,-0.09641774643283485,0.48214285714285715,1.090701543830405,0.22023809523809523
0.85,10,shallow,0.8,3.0,2.5,12,0.04189406605295098,168,0.21840528476337098,0.0062806603952378914,0.07247688149085361,-0.09641774643283485,0.48214285714285715,1.090701543830405,0.22023809523809523
0.8,10,shallow,0.7,1.5,0.5,6,0.034650808039162956,493,0.17398362609944065,0.006113645321647265,0.12510919054369696,-0.0543698500435128,0.2961460446247465,2.406580454374982,0.2515212981744422
0.85,10,shallow,0.7,1.5,0.5,6,0.034650808039162956,493,0.17398362609944065,0.006113645321647265,0.12510919054369696,-0.0543698500435128,0.2961460446247465,2.406580454374982,0.2515212981744422
0.9,11,base,0.5,2.5,2.0,24,0.02143757519805179,136,0.21417293991165412,0.00610712677682046,0.08569954333207938,-0.07928761952916785,0.4852941176470588,1.074268924481712,0.375
0.95,11,base,0.5,2.5,2.0,24,0.02143757519805179,136,0.21417293991165412,0.00610712677682046,0.08569954333207938,-0.07928761952916785,0.4852941176470588,1.074268924481712,0.375
0.8,10,deep_slow,0.7,2.0,1.5,24,0.03201506443356151,209,0.17968325282627623,0.006096799274058151,0.06404068068493182,-0.10592358183057737,0.4258373205741627,1.3624802237126357,0.40669856459330145
0.85,10,deep_slow,0.7,2.0,1.5,24,0.03201506443356151,209,0.17968325282627623,0.006096799274058151,0.06404068068493182,-0.10592358183057737,0.4258373205741627,1.3624802237126357,0.40669856459330145
0.8,10,base,0.8,2.0,1.0,12,0.041557390516231536,297,0.17399206338383344,0.006086092903998974,0.06088550030427821,-0.11121699054053324,0.37037037037037035,1.7444996169971865,0.2895622895622896
0.85,10,base,0.8,2.0,1.0,12,0.041557390516231536,297,0.17399206338383344,0.006086092903998974,0.06088550030427821,-0.11121699054053324,0.37037037037037035,1.7444996169971865,0.2895622895622896
0.9,11,deep_slow,0.4,2.5,0.75,12,0.018002548129969136,253,0.1970061437113899,0.006049280406626778,0.12110034937975545,-0.055578121900924704,0.2766798418972332,2.6563300503260283,0.2015810276679842
0.95,11,deep_slow,0.4,2.5,0.75,12,0.018002548129969136,253,0.1970061437113899,0.006049280406626778,0.12110034937975545,-0.055578121900924704,0.2766798418972332,2.6563300503260283,0.2015810276679842
0.8,10,deep_slow,0.6,2.5,0.5,24,0.027441884318986948,345,0.19457110577554398,0.006016533888080211,0.09815038872352158,-0.06820231169709123,0.18840579710144928,4.372498098678729,0.17971014492753623
0.85,10,deep_slow,0.6,2.5,0.5,24,0.027441884318986948,345,0.19457110577554398,0.006016533888080211,0.09815038872352158,-0.06820231169709123,0.18840579710144928,4.372498098678729,0.17971014492753623
0.9,11,shallow,0.5,3.0,2.0,12,0.02146249546792225,160,0.223483031205658,0.006012378967902965,0.09547342878727381,-0.07006618607195259,0.4875,1.0672522063995242,0.2125
0.95,11,shallow,0.5,3.0,2.0,12,0.02146249546792225,160,0.223483031205658,0.006012378967902965,0.09547342878727381,-0.07006618607195259,0.4875,1.0672522063995242,0.2125
0.9,11,base,0.7,1.5,0.5,6,0.030935384207832782,474,0.17807070772181963,0.005979157958531767,0.08968035721268718,-0.07417995096365382,0.29324894514767935,2.440901094801623,0.24261603375527427
0.95,11,base,0.7,1.5,0.5,6,0.030935384207832782,474,0.17807070772181963,0.005979157958531767,0.08968035721268718,-0.07417995096365382,0.29324894514767935,2.440901094801623,0.24261603375527427
0.8,10,deep_slow,0.5,2.5,1.0,24,0.02386910511055699,208,0.18801717319339634,0.005923962782259817,0.06862263694127048,-0.09604780035002147,0.3125,2.234090426001008,0.25961538461538464
0.85,10,deep_slow,0.5,2.5,1.0,24,0.02386910511055699,208,0.18801717319339634,0.005923962782259817,0.06862263694127048,-0.09604780035002147,0.3125,2.234090426001008,0.25961538461538464
0.8,10,deep_slow,0.7,3.0,2.5,12,0.03201506443356151,166,0.21637668444362626,0.005885262821143433,0.07069905681281104,-0.09261766057377896,0.4939759036144578,1.0386737168966058,0.20481927710843373
0.85,10,deep_slow,0.7,3.0,2.5,12,0.03201506443356151,166,0.21637668444362626,0.005885262821143433,0.07069905681281104,-0.09261766057377896,0.4939759036144578,1.0386737168966058,0.20481927710843373
0.8,10,base,0.4,2.5,2.0,6,0.018576634829056745,234,0.17313894700288043,0.005762978996011414,0.08672643092786174,-0.07393228997882217,0.5042735042735043,0.9987823580741867,0.1794871794871795
0.85,10,base,0.4,2.5,2.0,6,0.018576634829056745,234,0.17313894700288043,0.005762978996011414,0.08672643092786174,-0.07393228997882217,0.5042735042735043,0.9987823580741867,0.1794871794871795
0.8,10,deep_slow,0.7,2.0,1.5,6,0.03201506443356151,305,0.1547507062341005,0.005736000455961232,0.05744886485544821,-0.11108762092825619,0.4786885245901639,1.1002922612666741,0.2360655737704918
0.85,10,deep_slow,0.7,2.0,1.5,6,0.03201506443356151,305,0.1547507062341005,0.005736000455961232,0.05744886485544821,-0.11108762092825619,0.4786885245901639,1.1002922612666741,0.2360655737704918
0.8,10,base,0.7,2.0,1.5,24,0.034786761033208866,202,0.17535853691035572,0.0057099853466424655,0.062243891251619055,-0.10206470092073794,0.42574257425742573,1.3622038964535323,0.40594059405940597
0.85,10,base,0.7,2.0,1.5,24,0.034786761033208866,202,0.17535853691035572,0.0057099853466424655,0.062243891251619055,-0.10206470092073794,0.42574257425742573,1.3622038964535323,0.40594059405940597
0.9,11,base,0.7,1.5,0.75,12,0.030935384207832782,384,0.16291879711900065,0.005683817066503671,0.09330961086990194,-0.0677720132115539,0.359375,1.8025569887219233,0.3385416666666667
0.95,11,base,0.7,1.5,0.75,12,0.030935384207832782,384,0.16291879711900065,0.005683817066503671,0.09330961086990194,-0.0677720132115539,0.359375,1.8025569887219233,0.3385416666666667
0.8,10,shallow,0.7,2.0,0.5,24,0.034650808039162956,387,0.17736339670432955,0.005618817603046722,0.08825545378893378,-0.07083346337549012,0.21705426356589147,3.6539147945273047,0.21705426356589147
0.85,10,shallow,0.7,2.0,0.5,24,0.034650808039162956,387,0.17736339670432955,0.005618817603046722,0.08825545378893378,-0.07083346337549012,0.21705426356589147,3.6539147945273047,0.21705426356589147
0.8,10,deep_slow,0.6,3.0,0.75,24,0.027441884318986948,246,0.19555178615553975,0.005617383002959331,0.07703009816855762,-0.08113507550153898,0.22764227642276422,3.441640439939073,0.1910569105691057
0.85,10,deep_slow,0.6,3.0,0.75,24,0.027441884318986948,246,0.19555178615553975,0.005617383002959331,0.07703009816855762,-0.08113507550153898,0.22764227642276422,3.441640439939073,0.1910569105691057
0.8,10,shallow,0.8,2.5,0.75,12,0.04189406605295098,321,0.1647761893496055,0.005568114476376618,0.0677879647621186,-0.09138805283669138,0.2834890965732087,2.559366399247697,0.19314641744548286
0.85,10,shallow,0.8,2.5,0.75,12,0.04189406605295098,321,0.1647761893496055,0.005568114476376618,0.0677879647621186,-0.09138805283669138,0.2834890965732087,2.559366399247697,0.19314641744548286
0.9,11,shallow,0.5,2.5,0.75,24,0.02146249546792225,245,0.17811948762215368,0.0055031567345580346,0.0813977009310948,-0.0752197749520338,0.2571428571428571,2.9299541810588567,0.23265306122448978
0.95,11,shallow,0.5,2.5,0.75,24,0.02146249546792225,245,0.17811948762215368,0.0055031567345580346,0.0813977009310948,-0.0752197749520338,0.2571428571428571,2.9299541810588567,0.23265306122448978
0.9,11,deep_slow,0.4,3.0,2.0,12,0.018002548129969136,156,0.21350847466450637,0.005490103837081817,0.09165038363550967,-0.06664663711649388,0.4423076923076923,1.2779726537493445,0.22435897435897437
0.95,11,deep_slow,0.4,3.0,2.0,12,0.018002548129969136,156,0.21350847466450637,0.005490103837081817,0.09165038363550967,-0.06664663711649388,0.4423076923076923,1.2779726537493445,0.22435897435897437
0.9,11,shallow,0.4,4.0,1.5,24,0.017780104391063124,126,0.22558293835820437,0.00547865682855897,0.0791576282885589,-0.0770039521872441,0.373015873015873,1.7035352115357687,0.1746031746031746
0.95,11,shallow,0.4,4.0,1.5,24,0.017780104391063124,126,0.22558293835820437,0.00547865682855897,0.0791576282885589,-0.0770039521872441,0.373015873015873,1.7035352115357687,0.1746031746031746
0.8,10,shallow,0.7,2.5,0.5,12,0.034650808039162956,375,0.16847136902470514,0.005401382674111943,0.08152786518655733,-0.07371038692930265,0.21066666666666667,3.79563049361134,0.152
0.85,10,shallow,0.7,2.5,0.5,12,0.034650808039162956,375,0.16847136902470514,0.005401382674111943,0.08152786518655733,-0.07371038692930265,0.21066666666666667,3.79563049361134,0.152
0.8,10,shallow,0.8,3.0,0.75,24,0.04189406605295098,261,0.18269067243858042,0.0053674676788482145,0.057373121206556923,-0.1040854326126488,0.2260536398467433,3.4572848920697123,0.18773946360153257
0.85,10,shallow,0.8,3.0,0.75,24,0.04189406605295098,261,0.18269067243858042,0.0053674676788482145,0.057373121206556923,-0.1040854326126488,0.2260536398467433,3.4572848920697123,0.18773946360153257
0.8,10,shallow,0.7,1.0,0.75,24,0.034650808039162956,474,0.14961988954422176,0.005361234060476283,0.08413578155367686,-0.0708945538803698,0.44936708860759494,1.237457298091332,0.44936708860759494
0.85,10,shallow,0.7,1.0,0.75,24,0.034650808039162956,474,0.14961988954422176,0.005361234060476283,0.08413578155367686,-0.0708945538803698,0.44936708860759494,1.237457298091332,0.44936708860759494
0.9,11,shallow,0.8,2.0,0.75,6,0.03483165271979253,374,0.1580306271955455,0.005344603326025155,0.06928640912292933,-0.08582145219322135,0.3609625668449198,1.7902590141292063,0.19518716577540107
0.95,11,shallow,0.8,2.0,0.75,6,0.03483165271979253,374,0.1580306271955455,0.005344603326025155,0.06928640912292933,-0.08582145219322135,0.3609625668449198,1.7902590141292063,0.19518716577540107
0.8,10,shallow,0.6,2.0,0.5,24,0.0281987593635591,373,0.17169896634092705,0.005270762076967639,0.09339912021466566,-0.06278519811218919,0.21715817694369974,3.650794593886902,0.21715817694369974
0.85,10,shallow,0.6,2.0,0.5,24,0.0281987593635591,373,0.17169896634092705,0.005270762076967639,0.09339912021466566,-0.06278519811218919,0.21715817694369974,3.650794593886902,0.21715817694369974
0.8,10,base,0.7,2.5,0.5,24,0.034786761033208866,352,0.17149415089956382,0.005265298737043178,0.07705321822548365,-0.07602540520523415,0.19318181818181818,4.211973487479288,0.17897727272727273
0.85,10,base,0.7,2.5,0.5,24,0.034786761033208866,352,0.17149415089956382,0.005265298737043178,0.07705321822548365,-0.07602540520523415,0.19318181818181818,4.211973487479288,0.17897727272727273
0.9,11,shallow,0.6,2.0,0.75,6,0.025504051782762147,338,0.16147229700371024,0.005236835149839303,0.0969132709485454,-0.06011896134979944,0.35798816568047337,1.8157287170299985,0.1834319526627219
0.95,11,shallow,0.6,2.0,0.75,6,0.025504051782762147,338,0.16147229700371024,0.005236835149839303,0.0969132709485454,-0.06011896134979944,0.35798816568047337,1.8157287170299985,0.1834319526627219
0.9,11,shallow,0.8,3.0,1.5,24,0.03483165271979253,172,0.18267591143222395,0.005230595159624096,0.05252158002233913,-0.11079980372787324,0.37209302325581395,1.6924519672387317,0.26744186046511625
0.95,11,shallow,0.8,3.0,1.5,24,0.03483165271979253,172,0.18267591143222395,0.005230595159624096,0.05252158002233913,-0.11079980372787324,0.37209302325581395,1.6924519672387317,0.26744186046511625
0.9,11,shallow,0.4,1.5,0.5,6,0.017780104391063124,361,0.1678130757897234,0.005151580067887185,0.16842435241438924,-0.03402979358459668,0.29362880886426596,2.440429252947499,0.24376731301939059
0.95,11,shallow,0.4,1.5,0.5,6,0.017780104391063124,361,0.1678130757897234,0.005151580067887185,0.16842435241438924,-0.03402979358459668,0.29362880886426596,2.440429252947499,0.24376731301939059
0.8,10,shallow,0.7,2.0,0.75,24,0.034650808039162956,315,0.15578608153492776,0.005097887223995956,0.05984216826389471,-0.09477752103285542,0.2857142857142857,2.5275878197656283,0.27936507936507937
0.85,10,shallow,0.7,2.0,0.75,24,0.034650808039162956,315,0.15578608153492776,0.005097887223995956,0.05984216826389471,-0.09477752103285542,0.2857142857142857,2.5275878197656283,0.27936507936507937
0.8,10,base,0.6,2.5,1.0,24,0.028890652717152483,231,0.15569621043414658,0.005078017266814561,0.058720380333786154,-0.09621156370776329,0.30735930735930733,2.261736447714353,0.27705627705627706
0.85,10,base,0.6,2.5,1.0,24,0.028890652717152483,231,0.15569621043414658,0.005078017266814561,0.058720380333786154,-0.09621156370776329,0.30735930735930733,2.261736447714353,0.27705627705627706
0.8,10,deep_slow,0.4,2.0,1.0,24,0.02012685895493155,218,0.16705490122383737,0.0050776236361747,0.07331002093459696,-0.07705824498228453,0.3440366972477064,1.9320478471261249,0.3348623853211009
0.85,10,deep_slow,0.4,2.0,1.0,24,0.02012685895493155,218,0.16705490122383737,0.0050776236361747,0.07331002093459696,-0.07705824498228453,0.3440366972477064,1.9320478471261249,0.3348623853211009
0.8,10,deep_slow,0.4,1.5,1.0,24,0.02012685895493155,270,0.1556888200045897,0.005061933637047211,0.09071194989068597,-0.06208311707063141,0.4148148148148148,1.4272374712326656,0.4111111111111111
0.85,10,deep_slow,0.4,1.5,1.0,24,0.02012685895493155,270,0.1556888200045897,0.005061933637047211,0.09071194989068597,-0.06208311707063141,0.4148148148148148,1.4272374712326656,0.4111111111111111
0.8,10,shallow,0.8,4.0,2.0,24,0.04189406605295098,131,0.17880334737988884,0.005038461132988115,0.05184151948204543,-0.1081287517085312,0.4198473282442748,1.4080233208764363,0.183206106870229
0.85,10,shallow,0.8,4.0,2.0,24,0.04189406605295098,131,0.17880334737988884,0.005038461132988115,0.05184151948204543,-0.1081287517085312,0.4198473282442748,1.4080233208764363,0.183206106870229
0.9,11,shallow,0.5,1.5,0.5,6,0.02146249546792225,407,0.15642832439268536,0.005027772483703785,0.1240851782017209,-0.045079225642738696,0.28992628992628994,2.479709061815902,0.24324324324324326
0.95,11,shallow,0.5,1.5,0.5,6,0.02146249546792225,407,0.15642832439268536,0.005027772483703785,0.1240851782017209,-0.045079225642738696,0.28992628992628994,2.479709061815902,0.24324324324324326
0.9,11,deep_slow,0.6,2.0,0.75,12,0.026270004931272684,302,0.1550841694024403,0.004995019059145678,0.07921970609319061,-0.07014938474388843,0.31125827814569534,2.238214489369616,0.26158940397350994
0.95,11,deep_slow,0.6,2.0,0.75,12,0.026270004931272684,302,0.1550841694024403,0.004995019059145678,0.07921970609319061,-0.07014938474388843,0.31125827814569534,2.238214489369616,0.26158940397350994
0.9,11,base,0.4,2.5,1.5,12,0.016682884199823906,183,0.16544221952116256,0.004911007529285305,0.08909189568770266,-0.06132679978894229,0.4371584699453552,1.3083796334925304,0.25136612021857924
0.95,11,base,0.4,2.5,1.5,12,0.016682884199823906,183,0.16544221952116256,0.004911007529285305,0.08909189568770266,-0.06132679978894229,0.4371584699453552,1.3083796334925304,0.25136612021857924
0.8,10,shallow,0.8,2.5,0.5,24,0.04189406605295098,372,0.15491798492772355,0.004880510812733441,0.057934135972916946,-0.09372337225199556,0.1881720430107527,4.3443689246612,0.17473118279569894
0.85,10,shallow,0.8,2.5,0.5,24,0.04189406605295098,372,0.15491798492772355,0.004880510812733441,0.057934135972916946,-0.09372337225199556,0.1881720430107527,4.3443689246612,0.17473118279569894
0.8,10,base,0.7,2.0,1.0,6,0.034786761033208866,343,0.137393700707782,0.004874871498409927,0.0667664948483339,-0.0812309663458689,0.39941690962099125,1.5279885742481822,0.21282798833819241
0.85,10,base,0.7,2.0,1.0,6,0.034786761033208866,343,0.137393700707782,0.004874871498409927,0.0667664948483339,-0.0812309663458689,0.39941690962099125,1.5279885742481822,0.21282798833819241
0.8,10,shallow,0.6,2.0,0.5,12,0.0281987593635591,383,0.15739079221326452,0.004799575391987387,0.08259077114141054,-0.06465267403111874,0.2297650130548303,3.391485587135439,0.19843342036553524
0.85,10,shallow,0.6,2.0,0.5,12,0.0281987593635591,383,0.15739079221326452,0.004799575391987387,0.08259077114141054,-0.06465267403111874,0.2297650130548303,3.391485587135439,0.19843342036553524
0.8,10,base,0.8,3.0,0.75,24,0.041557390516231536,262,0.16375361165700453,0.004665342295816943,0.05060994297219134,-0.10255565175218617,0.22519083969465647,3.468144545692084,0.18702290076335878
0.85,10,base,0.8,3.0,0.75,24,0.041557390516231536,262,0.16375361165700453,0.004665342295816943,0.05060994297219134,-0.10255565175218617,0.22519083969465647,3.468144545692084,0.18702290076335878
0.9,11,base,0.5,4.0,1.5,24,0.02143757519805179,137,0.1798601339810024,0.004607127669655098,0.055694055333955696,-0.09203053023510088,0.36496350364963503,1.7566720698681106,0.18248175182481752
0.95,11,base,0.5,4.0,1.5,24,0.02143757519805179,137,0.1798601339810024,0.004607127669655098,0.055694055333955696,-0.09203053023510088,0.36496350364963503,1.7566720698681106,0.18248175182481752
0.9,11,deep_slow,0.6,2.5,0.75,24,0.026270004931272684,265,0.1501449217776058,0.004606910851783441,0.07035166408975024,-0.07285274956533438,0.25660377358490566,2.9293444680852994,0.2339622641509434
0.95,11,deep_slow,0.6,2.5,0.75,24,0.026270004931272684,265,0.1501449217776058,0.004606910851783441,0.07035166408975024,-0.07285274956533438,0.25660377358490566,2.9293444680852994,0.2339622641509434
0.9,11,shallow,0.4,1.5,1.0,24,0.017780104391063124,264,0.1432902467980164,0.004518065162213203,0.08300804550131995,-0.06055369607826222,0.4128787878787879,1.437400727828001,0.4090909090909091
0.95,11,shallow,0.4,1.5,1.0,24,0.017780104391063124,264,0.1432902467980164,0.004518065162213203,0.08300804550131995,-0.06055369607826222,0.4128787878787879,1.437400727828001,0.4090909090909091
0.9,11,deep_slow,0.8,2.5,0.5,24,0.03592704925670819,368,0.14572103005853854,0.004472331459750345,0.05090414241806666,-0.09774354835358035,0.1875,4.359794893186796,0.17391304347826086
0.95,11,deep_slow,0.8,2.5,0.5,24,0.03592704925670819,368,0.14572103005853854,0.004472331459750345,0.05090414241806666,-0.09774354835358035,0.1875,4.359794893186796,0.17391304347826086
0.8,10,shallow,0.7,2.5,0.75,24,0.034650808039162956,284,0.14084139308838606,0.004466572808303315,0.051739868274179125,-0.09604089581259234,0.2535211267605634,2.974538890331802,0.22887323943661972
0.85,10,shallow,0.7,2.5,0.75,24,0.034650808039162956,284,0.14084139308838606,0.004466572808303315,0.051739868274179125,-0.09604089581259234,0.2535211267605634,2.974538890331802,0.22887323943661972
0.8,10,base,0.4,3.0,2.5,24,0.018576634829056745,112,0.19857062747496937,0.0044229311296262175,0.06040753977764201,-0.0814563734961875,0.4732142857142857,1.1273825593910318,0.32142857142857145
0.85,10,base,0.4,3.0,2.5,24,0.018576634829056745,112,0.19857062747496937,0.0044229311296262175,0.06040753977764201,-0.0814563734961875,0.4732142857142857,1.1273825593910318,0.32142857142857145
0.9,11,deep_slow,0.8,1.0,0.75,12,0.03592704925670819,495,0.12496404408382343,0.004368679597937186,0.06529632072500742,-0.07443311731452007,0.4505050505050505,1.2362192752972678,0.4484848484848485
0.95,11,deep_slow,0.8,1.0,0.75,12,0.03592704925670819,495,0.12496404408382343,0.004368679597937186,0.06529632072500742,-0.07443311731452007,0.4505050505050505,1.2362192752972678,0.4484848484848485
0.8,10,base,0.4,1.5,0.5,12,0.018576634829056745,365,0.1415967100345883,0.004285142985146928,0.10867364693681118,-0.04386758942848645,0.27945205479452057,2.6077229755523224,0.273972602739726
0.85,10,base,0.4,1.5,0.5,12,0.018576634829056745,365,0.1415967100345883,0.004285142985146928,0.10867364693681118,-0.04386758942848645,0.27945205479452057,2.6077229755523224,0.273972602739726
0.9,11,deep_slow,0.6,3.0,1.0,12,0.026270004931272684,228,0.15074374858207737,0.004263366279819714,0.06441569255018542,-0.07363141221376135,0.32894736842105265,2.0615812110675984,0.17982456140350878
0.95,11,deep_slow,0.6,3.0,1.0,12,0.026270004931272684,228,0.15074374858207737,0.004263366279819714,0.06441569255018542,-0.07363141221376135,0.32894736842105265,2.0615812110675984,0.17982456140350878
0.9,11,shallow,0.6,2.0,0.75,24,0.025504051782762147,284,0.13933515690513149,0.004207426829824001,0.05462954084078869,-0.08568204563777404,0.2852112676056338,2.5317264060731506,0.28169014084507044
0.95,11,shallow,0.6,2.0,0.75,24,0.025504051782762147,284,0.13933515690513149,0.004207426829824001,0.05462954084078869,-0.08568204563777404,0.2852112676056338,2.5317264060731506,0.28169014084507044
0.9,11,base,0.7,2.0,1.0,6,0.030935384207832782,331,0.12690340201405131,0.004156317708240431,0.057727852192362684,-0.08009822656987509,0.4108761329305136,1.4463126184424835,0.2084592145015106
0.95,11,base,0.7,2.0,1.0,6,0.030935384207832782,331,0.12690340201405131,0.004156317708240431,0.057727852192362684,-0.08009822656987509,0.4108761329305136,1.4463126184424835,0.2084592145015106
0.8,10,shallow,0.6,2.5,0.5,12,0.0281987593635591,359,0.13496267427230277,0.004047443719259691,0.061811369703124515,-0.07284661352281774,0.20891364902506965,3.825570825203614,0.15041782729805014
0.85,10,shallow,0.6,2.5,0.5,12,0.0281987593635591,359,0.13496267427230277,0.004047443719259691,0.061811369703124515,-0.07284661352281774,0.20891364902506965,3.825570825203614,0.15041782729805014
0.9,11,base,0.5,3.0,1.0,12,0.02143757519805179,217,0.14402765614577284,0.0040220717256327365,0.06317634219253308,-0.07082582354490585,0.3225806451612903,2.122291205118176,0.17050691244239632
0.95,11,base,0.5,3.0,1.0,12,0.02143757519805179,217,0.14402765614577284,0.0040220717256327365,0.06317634219253308,-0.07082582354490585,0.3225806451612903,2.122291205118176,0.17050691244239632
0.8,10,shallow,0.4,2.5,0.5,12,0.016624676068168656,308,0.14035224389450218,0.0039926539056842625,0.08405934770626489,-0.05284102514639322,0.2077922077922078,3.8571532423002726,0.16233766233766234
0.85,10,shallow,0.4,2.5,0.5,12,0.016624676068168656,308,0.14035224389450218,0.0039926539056842625,0.08405934770626489,-0.05284102514639322,0.2077922077922078,3.8571532423002726,0.16233766233766234
0.9,11,shallow,0.6,1.5,0.75,24,0.025504051782762147,348,0.12276514398825844,0.003946681872410984,0.06917945554913262,-0.06346721592216431,0.3505747126436782,1.86807681030496,0.3505747126436782
0.95,11,shallow,0.6,1.5,0.75,24,0.025504051782762147,348,0.12276514398825844,0.003946681872410984,0.06917945554913262,-0.06346721592216431,0.3505747126436782,1.86807681030496,0.3505747126436782
0.9,11,deep_slow,0.6,2.0,1.0,24,0.026270004931272684,246,0.12741258929236257,0.0039059456663197434,0.06222264956018678,-0.06983468423427197,0.34552845528455284,1.9109091343736022,0.34146341463414637
0.95,11,deep_slow,0.6,2.0,1.0,24,0.026270004931272684,246,0.12741258929236257,0.0039059456663197434,0.06222264956018678,-0.06983468423427197,0.34552845528455284,1.9109091343736022,0.34146341463414637
0.9,11,shallow,0.6,2.0,0.5,6,0.025504051782762147,404,0.12233218608170007,0.0037068820596570795,0.06387137558565326,-0.06456410504710597,0.25495049504950495,2.9488467238999623,0.15346534653465346
0.95,11,shallow,0.6,2.0,0.5,6,0.025504051782762147,404,0.12233218608170007,0.0037068820596570795,0.06387137558565326,-0.06456410504710597,0.25495049504950495,2.9488467238999623,0.15346534653465346
0.8,10,base,0.6,2.0,1.0,24,0.028890652717152483,242,0.12356305350181206,0.0037065326106824337,0.052327078349789495,-0.07880068026703668,0.34710743801652894,1.9265275163305668,0.34297520661157027
0.85,10,base,0.6,2.0,1.0,24,0.028890652717152483,242,0.12356305350181206,0.0037065326106824337,0.052327078349789495,-0.07880068026703668,0.34710743801652894,1.9265275163305668,0.34297520661157027
0.9,11,base,0.8,2.5,2.0,6,0.03626824368319925,270,0.11366756121637099,0.0036901233412223178,0.050388912739072346,-0.08146932613577318,0.4925925925925926,1.0365438593063978,0.15555555555555556
0.95,11,base,0.8,2.5,2.0,6,0.03626824368319925,270,0.11366756121637099,0.0036901233412223178,0.050388912739072346,-0.08146932613577318,0.4925925925925926,1.0365438593063978,0.15555555555555556
0.9,11,shallow,0.6,2.5,0.5,24,0.025504051782762147,333,0.1268646316428672,0.0036540786972876216,0.05231993977474637,-0.07769588424577678,0.1831831831831832,4.501388589721135,0.17417417417417416
0.95,11,shallow,0.6,2.5,0.5,24,0.025504051782762147,333,0.1268646316428672,0.0036540786972876216,0.05231993977474637,-0.07769588424577678,0.1831831831831832,4.501388589721135,0.17417417417417416
0.9,11,deep_slow,0.8,2.5,0.5,12,0.03592704925670819,393,0.11823924234568194,0.003652821857432098,0.04521838755907085,-0.08986710328118874,0.20865139949109415,3.8272678571778185,0.15267175572519084
0.95,11,deep_slow,0.8,2.5,0.5,12,0.03592704925670819,393,0.11823924234568194,0.003652821857432098,0.04521838755907085,-0.08986710328118874,0.20865139949109415,3.8272678571778185,0.15267175572519084
0.8,10,shallow,0.4,2.5,2.0,24,0.016624676068168656,134,0.12835462563560132,0.0036384004158489525,0.055535065336885917,-0.07288366057754803,0.4626865671641791,1.1687538010568703,0.3805970149253731
0.85,10,shallow,0.4,2.5,2.0,24,0.016624676068168656,134,0.12835462563560132,0.0036384004158489525,0.055535065336885917,-0.07288366057754803,0.4626865671641791,1.1687538010568703,0.3805970149253731
0.9,11,base,0.4,3.0,1.5,12,0.016682884199823906,172,0.13259875269660037,0.003582792900245879,0.05477940036845031,-0.0727595576748098,0.4186046511627907,1.4069867458683398,0.20348837209302326
0.95,11,base,0.4,3.0,1.5,12,0.016682884199823906,172,0.13259875269660037,0.003582792900245879,0.05477940036845031,-0.0727595576748098,0.4186046511627907,1.4069867458683398,0.20348837209302326
0.9,11,base,0.7,2.5,0.75,24,0.030935384207832782,280,0.12071053571861572,0.0035745713728514428,0.0482546691077169,-0.08240812832342603,0.25357142857142856,2.9678578111441403,0.2357142857142857
0.95,11,base,0.7,2.5,0.75,24,0.030935384207832782,280,0.12071053571861572,0.0035745713728514428,0.0482546691077169,-0.08240812832342603,0.25357142857142856,2.9678578111441403,0.2357142857142857
0.8,10,base,0.8,2.0,1.5,24,0.041557390516231536,209,0.11383127118866956,0.0035405951234652733,0.032849078154060816,-0.11990510497312767,0.42105263157894735,1.3816146458579353,0.40669856459330145
0.85,10,base,0.8,2.0,1.5,24,0.041557390516231536,209,0.11383127118866956,0.0035405951234652733,0.032849078154060816,-0.11990510497312767,0.42105263157894735,1.3816146458579353,0.40669856459330145
0.8,10,shallow,0.8,1.5,1.0,12,0.04189406605295098,357,0.10488829135798272,0.0035103986351288086,0.043015410056414356,-0.09078544541277866,0.4173669467787115,1.4170426747302585,0.39215686274509803
0.85,10,shallow,0.8,1.5,1.0,12,0.04189406605295098,357,0.10488829135798272,0.0035103986351288086,0.043015410056414356,-0.09078544541277866,0.4173669467787115,1.4170426747302585,0.39215686274509803
0.8,10,base,0.4,1.5,1.0,6,0.018576634829056745,294,0.11388712970995203,0.003496926080514662,0.09291268434624665,-0.041869230181547645,0.445578231292517,1.2548637786072805,0.3333333333333333
0.85,10,base,0.4,1.5,1.0,6,0.018576634829056745,294,0.11388712970995203,0.003496926080514662,0.09291268434624665,-0.041869230181547645,0.445578231292517,1.2548637786072805,0.3333333333333333
0.9,11,base,0.5,1.5,1.0,24,0.02143757519805179,284,0.11524483155997585,0.00348569369053231,0.08144397067868588,-0.04761168367775237,0.4154929577464789,1.4177435063913075,0.4119718309859155
0.95,11,base,0.5,1.5,1.0,24,0.02143757519805179,284,0.11524483155997585,0.00348569369053231,0.08144397067868588,-0.04761168367775237,0.4154929577464789,1.4177435063913075,0.4119718309859155
0.9,11,base,0.8,1.5,1.0,24,0.03626824368319925,342,0.10541013945564726,0.003452415396419717,0.04586698411828606,-0.08373466913607897,0.4093567251461988,1.4519889891403732,0.4064327485380117
0.95,11,base,0.8,1.5,1.0,24,0.03626824368319925,342,0.10541013945564726,0.003452415396419717,0.04586698411828606,-0.08373466913607897,0.4093567251461988,1.4519889891403732,0.4064327485380117
0.8,10,deep_slow,0.5,3.0,0.75,24,0.02386910511055699,226,0.1277638571230368,0.0034138375121253173,0.05153394999912473,-0.0736937955609196,0.2345132743362832,3.2953363688996347,0.1902654867256637
0.85,10,deep_slow,0.5,3.0,0.75,24,0.02386910511055699,226,0.1277638571230368,0.0034138375121253173,0.05153394999912473,-0.0736937955609196,0.2345132743362832,3.2953363688996347,0.1902654867256637
0.9,11,shallow,0.5,2.5,0.5,12,0.02146249546792225,324,0.11795092435708976,0.0033837317481206775,0.05876227588376316,-0.06405869647082074,0.19753086419753085,4.0995655514677605,0.1574074074074074
0.95,11,shallow,0.5,2.5,0.5,12,0.02146249546792225,324,0.11795092435708976,0.0033837317481206775,0.05876227588376316,-0.06405869647082074,0.19753086419753085,4.0995655514677605,0.1574074074074074
0.8,10,shallow,0.7,1.0,0.75,12,0.034650808039162956,474,0.10308442660907134,0.0033788931431797398,0.05237125224659355,-0.07177317527379634,0.44936708860759494,1.2329813501865259,0.4472573839662447
0.85,10,shallow,0.7,1.0,0.75,12,0.034650808039162956,474,0.10308442660907134,0.0033788931431797398,0.05237125224659355,-0.07177317527379634,0.44936708860759494,1.2329813501865259,0.4472573839662447
0.9,11,deep_slow,0.7,1.5,0.5,24,0.03059831863119774,449,0.10955143855794176,0.00331424779794931,0.051030299112925934,-0.07224968387747532,0.2717149220489978,2.7290365900541715,0.2717149220489978
0.95,11,deep_slow,0.7,1.5,0.5,24,0.03059831863119774,449,0.10955143855794176,0.00331424779794931,0.051030299112925934,-0.07224968387747532,0.2717149220489978,2.7290365900541715,0.2717149220489978
0.9,11,shallow,0.7,1.0,0.5,6,0.02962310272974487,546,0.10463415492469845,0.0032823510592006055,0.055429394620748355,-0.06587539102842599,0.3608058608058608,1.7834328166654023,0.3498168498168498
0.95,11,shallow,0.7,1.0,0.5,6,0.02962310272974487,546,0.10463415492469845,0.0032823510592006055,0.055429394620748355,-0.06587539102842599,0.3608058608058608,1.7834328166654023,0.3498168498168498
0.8,10,shallow,0.4,2.0,1.5,12,0.016624676068168656,201,0.11218196724782105,0.0032678513302362155,0.047560715863889824,-0.0764349292261215,0.4577114427860697,1.193437567807946,0.3383084577114428
0.85,10,shallow,0.4,2.0,1.5,12,0.016624676068168656,201,0.11218196724782105,0.0032678513302362155,0.047560715863889824,-0.0764349292261215,0.4577114427860697,1.193437567807946,0.3383084577114428
0.9,11,base,0.6,3.0,1.0,12,0.02585215857847287,232,0.1135633948285819,0.0032141304359818434,0.043759396337909526,-0.08170879934291009,0.31896551724137934,2.152169813887379,0.16810344827586207
0.95,11,base,0.6,3.0,1.0,12,0.02585215857847287,232,0.1135633948285819,0.0032141304359818434,0.043759396337909526,-0.08170879934291009,0.31896551724137934,2.152169813887379,0.16810344827586207
0.8,10,deep_slow,0.6,2.5,1.5,24,0.027441884318986948,175,0.1073456731891569,0.003206842793191722,0.03753423100158586,-0.0950444199107976,0.3942857142857143,1.5330668987030265,0.32571428571428573
0.85,10,deep_slow,0.6,2.5,1.5,24,0.027441884318986948,175,0.1073456731891569,0.003206842793191722,0.03753423100158586,-0.0950444199107976,0.3942857142857143,1.5330668987030265,0.32571428571428573
0.9,11,shallow,0.5,2.0,0.75,24,0.02146249546792225,270,0.1069836785382688,0.0031709483240709435,0.050674468930231684,-0.0696106296427057,0.29259259259259257,2.4367133557032536,0.2851851851851852
0.95,11,shallow,0.5,2.0,0.75,24,0.02146249546792225,270,0.1069836785382688,0.0031709483240709435,0.050674468930231684,-0.0696106296427057,0.29259259259259257,2.4367133557032536,0.2851851851851852
0.8,10,shallow,0.6,1.0,0.75,12,0.0281987593635591,445,0.09978079233762159,0.0031487604035416172,0.05320866149896047,-0.06583128693276452,0.4449438202247191,1.2552119699827051,0.4449438202247191
0.8,10,shallow,0.6,1.0,0.75,24,0.0281987593635591,445,0.09978079233762159,0.0031487604035416172,0.05320866149896047,-0.06583128693276452,0.4449438202247191,1.2552119699827051,0.4449438202247191
0.85,10,shallow,0.6,1.0,0.75,12,0.0281987593635591,445,0.09978079233762159,0.0031487604035416172,0.05320866149896047,-0.06583128693276452,0.4449438202247191,1.2552119699827051,0.4449438202247191
0.85,10,shallow,0.6,1.0,0.75,24,0.0281987593635591,445,0.09978079233762159,0.0031487604035416172,0.05320866149896047,-0.06583128693276452,0.4449438202247191,1.2552119699827051,0.4449438202247191
0.8,10,shallow,0.8,2.0,0.5,12,0.04189406605295098,419,0.10587579486272294,0.0031323600356041315,0.044121192266431464,-0.07897672120595745,0.2315035799522673,3.393307237704367,0.19809069212410502
0.85,10,shallow,0.8,2.0,0.5,12,0.04189406605295098,419,0.10587579486272294,0.0031323600356041315,0.044121192266431464,-0.07897672120595745,0.2315035799522673,3.393307237704367,0.19809069212410502
0.9,11,base,0.4,3.0,1.0,24,0.016682884199823906,179,0.12336538148900204,0.0031086888788660616,0.06097692936218428,-0.05671341485846115,0.29608938547486036,2.3990751723890016,0.21787709497206703
0.95,11,base,0.4,3.0,1.0,24,0.016682884199823906,179,0.12336538148900204,0.0031086888788660616,0.06097692936218428,-0.05671341485846115,0.29608938547486036,2.3990751723890016,0.21787709497206703
0.9,11,shallow,0.8,1.5,1.0,12,0.03483165271979253,345,0.09036706494330844,0.0028101872637351644,0.03329932989547994,-0.09387859796814713,0.41739130434782606,1.4031070948518558,0.3884057971014493
0.95,11,shallow,0.8,1.5,1.0,12,0.03483165271979253,345,0.09036706494330844,0.0028101872637351644,0.03329932989547994,-0.09387859796814713,0.41739130434782606,1.4031070948518558,0.3884057971014493
0.8,10,shallow,0.4,2.0,0.75,6,0.016624676068168656,299,0.09728965954306901,0.002780515130934802,0.054494892789266634,-0.05675910859358946,0.3411371237458194,1.9454169343464498,0.18729096989966554
0.85,10,shallow,0.4,2.0,0.75,6,0.016624676068168656,299,0.09728965954306901,0.002780515130934802,0.054494892789266634,-0.05675910859358946,0.3411371237458194,1.9454169343464498,0.18729096989966554
0.8,10,shallow,0.5,2.0,0.75,6,0.02225569419366929,328,0.0926092744950973,0.002743418513686091,0.05381800153344891,-0.05670608986773984,0.3445121951219512,1.9151781118922653,0.20121951219512196
0.85,10,shallow,0.5,2.0,0.75,6,0.02225569419366929,328,0.0926092744950973,0.002743418513686091,0.05381800153344891,-0.05670608986773984,0.3445121951219512,1.9151781118922653,0.20121951219512196
0.9,11,base,0.8,3.0,1.0,12,0.03626824368319925,251,0.0991323531538382,0.002695756905109592,0.03157598536565781,-0.09497031053317839,0.32669322709163345,2.073786443049223,0.16334661354581673
0.95,11,base,0.8,3.0,1.0,12,0.03626824368319925,251,0.0991323531538382,0.002695756905109592,0.03157598536565781,-0.09497031053317839,0.32669322709163345,2.073786443049223,0.16334661354581673
0.9,11,base,0.6,2.0,1.0,12,0.02585215857847287,271,0.09243147061672399,0.0026864913649502498,0.03820049761728377,-0.07823124595604092,0.36162361623616235,1.7758688546517105,0.2878228782287823
0.95,11,base,0.6,2.0,1.0,12,0.02585215857847287,271,0.09243147061672399,0.0026864913649502498,0.03820049761728377,-0.07823124595604092,0.36162361623616235,1.7758688546517105,0.2878228782287823
0.8,10,deep_slow,0.4,1.5,0.5,12,0.02012685895493155,361,0.09315647096943694,0.002610622353686143,0.07976036947462616,-0.03640984815565529,0.27146814404432135,2.702239455786303,0.2659279778393352
0.85,10,deep_slow,0.4,1.5,0.5,12,0.02012685895493155,361,0.09315647096943694,0.002610622353686143,0.07976036947462616,-0.03640984815565529,0.27146814404432135,2.702239455786303,0.2659279778393352
0.9,11,base,0.5,1.5,1.0,12,0.02143757519805179,290,0.09014292489244115,0.002564441359773628,0.06297579696230153,-0.04529809614416236,0.4206896551724138,1.3849969403695221,0.3931034482758621
0.95,11,base,0.5,1.5,1.0,12,0.02143757519805179,290,0.09014292489244115,0.002564441359773628,0.06297579696230153,-0.04529809614416236,0.4206896551724138,1.3849969403695221,0.3931034482758621
0.9,11,base,0.4,2.0,1.5,24,0.016682884199823906,172,0.09711690184927645,0.0025518384803642213,0.055603039354523785,-0.051052285905740624,0.4418604651162791,1.2615566228287027,0.4186046511627907
0.95,11,base,0.4,2.0,1.5,24,0.016682884199823906,172,0.09711690184927645,0.0025518384803642213,0.055603039354523785,-0.051052285905740624,0.4418604651162791,1.2615566228287027,0.4186046511627907
0.8,10,deep_slow,0.6,2.5,1.0,24,0.027441884318986948,225,0.07781956592954534,0.0021653504349581354,0.025845229648045153,-0.0931963562626269,0.30666666666666664,2.2724744511220054,0.27111111111111114
0.85,10,deep_slow,0.6,2.5,1.0,24,0.027441884318986948,225,0.07781956592954534,0.0021653504349581354,0.025845229648045153,-0.0931963562626269,0.30666666666666664,2.2724744511220054,0.27111111111111114
0.9,11,deep_slow,0.6,1.5,1.0,6,0.026270004931272684,347,0.07580654214925844,0.0021336618778546868,0.04664184128620623,-0.05088622999452019,0.4495677233429395,1.2298547941302143,0.3285302593659942
0.95,11,deep_slow,0.6,1.5,1.0,6,0.026270004931272684,347,0.07580654214925844,0.0021336618778546868,0.04664184128620623,-0.05088622999452019,0.4495677233429395,1.2298547941302143,0.3285302593659942
0.9,11,deep_slow,0.8,2.5,0.75,24,0.03592704925670819,287,0.07718185677545278,0.0020353849437524385,0.023778338808418207,-0.09521667688505098,0.2508710801393728,2.990837285435278,0.22996515679442509
0.95,11,deep_slow,0.8,2.5,0.75,24,0.03592704925670819,287,0.07718185677545278,0.0020353849437524385,0.023778338808418207,-0.09521667688505098,0.2508710801393728,2.990837285435278,0.22996515679442509
0.8,10,base,0.6,2.0,1.5,24,0.028890652717152483,194,0.07502297193895863,0.0019771842060247735,0.025146648095953007,-0.08746082813318623,0.4329896907216495,1.3115194837305262,0.4175257731958763
0.85,10,base,0.6,2.0,1.5,24,0.028890652717152483,194,0.07502297193895863,0.0019771842060247735,0.025146648095953007,-0.08746082813318623,0.4329896907216495,1.3115194837305262,0.4175257731958763
0.9,11,deep_slow,0.7,2.5,1.5,24,0.03059831863119774,186,0.07189263134429785,0.001861441839575928,0.02324486270805214,-0.08907713192340005,0.3870967741935484,1.5755520382991903,0.3279569892473118
0.95,11,deep_slow,0.7,2.5,1.5,24,0.03059831863119774,186,0.07189263134429785,0.001861441839575928,0.02324486270805214,-0.08907713192340005,0.3870967741935484,1.5755520382991903,0.3279569892473118
0.8,10,base,0.6,1.0,0.75,6,0.028890652717152483,452,0.06754147257892126,0.0018454858634147087,0.03914239205710475,-0.0524453165692198,0.45353982300884954,1.2173561329135973,0.4314159292035398
0.85,10,base,0.6,1.0,0.75,6,0.028890652717152483,452,0.06754147257892126,0.0018454858634147087,0.03914239205710475,-0.0524453165692198,0.45353982300884954,1.2173561329135973,0.4314159292035398
0.9,11,deep_slow,0.6,3.0,1.5,12,0.026270004931272684,190,0.07636606784014544,0.001841650697108177,0.022448092748765563,-0.09125802621310442,0.4263157894736842,1.3494157583034314,0.2
0.95,11,deep_slow,0.6,3.0,1.5,12,0.026270004931272684,190,0.07636606784014544,0.001841650697108177,0.022448092748765563,-0.09125802621310442,0.4263157894736842,1.3494157583034314,0.2
0.9,11,shallow,0.4,2.5,1.5,6,0.017780104391063124,237,0.06928908622084343,0.0018230642247569762,0.026121552757122343,-0.0776328955055352,0.4767932489451477,1.1000474030993335,0.1729957805907173
0.95,11,shallow,0.4,2.5,1.5,6,0.017780104391063124,237,0.06928908622084343,0.0018230642247569762,0.026121552757122343,-0.0776328955055352,0.4767932489451477,1.1000474030993335,0.1729957805907173
0.9,11,shallow,0.8,1.5,0.75,12,0.03483165271979253,391,0.06652392656208515,0.0018121385592397843,0.027767417868541328,-0.07259361849862223,0.3631713554987212,1.7768177031196546,0.34271099744245526
0.95,11,shallow,0.8,1.5,0.75,12,0.03483165271979253,391,0.06652392656208515,0.0018121385592397843,0.027767417868541328,-0.07259361849862223,0.3631713554987212,1.7768177031196546,0.34271099744245526
0.9,11,deep_slow,0.8,1.5,0.5,24,0.03592704925670819,477,0.06669990436323701,0.001778846975172721,0.02633807945244782,-0.0751270290920385,0.26834381551362685,2.7641411236783644,0.26834381551362685
0.95,11,deep_slow,0.8,1.5,0.5,24,0.03592704925670819,477,0.06669990436323701,0.001778846975172721,0.02633807945244782,-0.0751270290920385,0.26834381551362685,2.7641411236783644,0.26834381551362685
0.8,10,base,0.4,2.5,2.0,24,0.018576634829056745,133,0.07255050911203173,0.0017472034061585262,0.02408541104221911,-0.08069197841820375,0.45112781954887216,1.212296562425585,0.38345864661654133
0.85,10,base,0.4,2.5,2.0,24,0.018576634829056745,133,0.07255050911203173,0.0017472034061585262,0.02408541104221911,-0.08069197841820375,0.45112781954887216,1.212296562425585,0.38345864661654133
0.8,10,deep_slow,0.7,2.5,1.5,6,0.03201506443356151,288,0.06398305694728847,0.0017340701470192066,0.018548990712477495,-0.10398890774654079,0.4583333333333333,1.1840198055877653,0.16319444444444445
0.85,10,deep_slow,0.7,2.5,1.5,6,0.03201506443356151,288,0.06398305694728847,0.0017340701470192066,0.018548990712477495,-0.10398890774654079,0.4583333333333333,1.1840198055877653,0.16319444444444445
0.9,11,base,0.8,2.0,0.75,24,0.03626824368319925,320,0.06653206161248436,0.0017092339287478886,0.022702012057287942,-0.08374852929141541,0.284375,2.525651691454407,0.278125
0.95,11,base,0.8,2.0,0.75,24,0.03626824368319925,320,0.06653206161248436,0.0017092339287478886,0.022702012057287942,-0.08374852929141541,0.284375,2.525651691454407,0.278125
0.8,10,deep_slow,0.7,2.0,0.75,6,0.03201506443356151,383,0.06386158288633964,0.0016944237094493886,0.025460149927031443,-0.07402880458162131,0.34464751958224543,1.9079935706947406,0.20365535248041775
0.85,10,deep_slow,0.7,2.0,0.75,6,0.03201506443356151,383,0.06386158288633964,0.0016944237094493886,0.025460149927031443,-0.07402880458162131,0.34464751958224543,1.9079935706947406,0.20365535248041775
0.8,10,shallow,0.8,4.0,2.5,24,0.04189406605295098,113,0.07613457037784012,0.001672413761400815,0.019411190036198452,-0.09583644793132107,0.4778761061946903,1.1045221410911255,0.22123893805309736
0.85,10,shallow,0.8,4.0,2.5,24,0.04189406605295098,113,0.07613457037784012,0.001672413761400815,0.019411190036198452,-0.09583644793132107,0.4778761061946903,1.1045221410911255,0.22123893805309736
0.8,10,base,0.8,2.0,0.75,6,0.041557390516231536,395,0.0610810154225202,0.001572895172142541,0.019688194907286634,-0.08886496904544905,0.3493670886075949,1.8802761820387734,0.19240506329113924
0.85,10,base,0.8,2.0,0.75,6,0.041557390516231536,395,0.0610810154225202,0.001572895172142541,0.019688194907286634,-0.08886496904544905,0.3493670886075949,1.8802761820387734,0.19240506329113924
0.9,11,deep_slow,0.7,2.0,0.5,24,0.03059831863119774,392,0.06277972917890894,0.0015491943620491444,0.02337948124350383,-0.07370673520206983,0.21428571428571427,3.737313935235699,0.21428571428571427
0.95,11,deep_slow,0.7,2.0,0.5,24,0.03059831863119774,392,0.06277972917890894,0.0015491943620491444,0.02337948124350383,-0.07370673520206983,0.21428571428571427,3.737313935235699,0.21428571428571427
0.9,11,shallow,0.5,1.0,0.75,24,0.02146249546792225,384,0.06177313772037108,0.0015403479789251051,0.04003655574807757,-0.04279549520925441,0.453125,1.2111322996011815,0.453125
0.95,11,shallow,0.5,1.0,0.75,24,0.02146249546792225,384,0.06177313772037108,0.0015403479789251051,0.04003655574807757,-0.04279549520925441,0.453125,1.2111322996011815,0.453125
0.8,10,shallow,0.7,2.0,1.0,24,0.034650808039162956,267,0.059133706714573436,0.0014632059292105648,0.015539782825513373,-0.10473565452916733,0.33707865168539325,1.9727494431070478,0.3295880149812734
0.85,10,shallow,0.7,2.0,1.0,24,0.034650808039162956,267,0.059133706714573436,0.0014632059292105648,0.015539782825513373,-0.10473565452916733,0.33707865168539325,1.9727494431070478,0.3295880149812734
0.9,11,base,0.7,2.0,0.75,12,0.030935384207832782,322,0.05704873456080965,0.0013537573584518903,0.018790420294481438,-0.0801374861340981,0.30434782608695654,2.2924823468559796,0.2546583850931677
0.95,11,base,0.7,2.0,0.75,12,0.030935384207832782,322,0.05704873456080965,0.0013537573584518903,0.018790420294481438,-0.0801374861340981,0.30434782608695654,2.2924823468559796,0.2546583850931677
0.8,10,shallow,0.8,1.0,0.75,12,0.04189406605295098,502,0.053717096512273445,0.0012864751472478897,0.020479530127590954,-0.06987328360663603,0.450199203187251,1.230976331471999,0.448207171314741
0.85,10,shallow,0.8,1.0,0.75,12,0.04189406605295098,502,0.053717096512273445,0.0012864751472478897,0.020479530127590954,-0.06987328360663603,0.450199203187251,1.230976331471999,0.448207171314741
0.9,11,deep_slow,0.8,2.0,1.0,12,0.03592704925670819,297,0.05431472149492668,0.001282934142922132,0.013758484860175366,-0.10372021469036652,0.36363636363636365,1.778333182897638,0.28619528619528617
0.95,11,deep_slow,0.8,2.0,1.0,12,0.03592704925670819,297,0.05431472149492668,0.001282934142922132,0.013758484860175366,-0.10372021469036652,0.36363636363636365,1.778333182897638,0.28619528619528617
0.9,11,base,0.7,3.0,2.0,12,0.030935384207832782,178,0.05839073662921676,0.0012614401782204965,0.018363965782564995,-0.07640632569594996,0.47191011235955055,1.1204895702221285,0.21348314606741572
0.95,11,base,0.7,3.0,2.0,12,0.030935384207832782,178,0.05839073662921676,0.0012614401782204965,0.018363965782564995,-0.07640632569594996,0.47191011235955055,1.1204895702221285,0.21348314606741572
0.9,11,deep_slow,0.5,2.0,0.75,12,0.02227660444433337,294,0.05428773169126735,0.001254565975975508,0.020866689104777486,-0.06687578963446816,0.30272108843537415,2.3102042307089463,0.2619047619047619
0.95,11,deep_slow,0.5,2.0,0.75,12,0.02227660444433337,294,0.05428773169126735,0.001254565975975508,0.020866689104777486,-0.06687578963446816,0.30272108843537415,2.3102042307089463,0.2619047619047619
0.8,10,deep_slow,0.6,2.5,1.0,12,0.027441884318986948,254,0.053567049628926236,0.0012530164890685036,0.015352536155725603,-0.09078322001876471,0.3425196850393701,1.925084553594959,0.2283464566929134
0.85,10,deep_slow,0.6,2.5,1.0,12,0.027441884318986948,254,0.053567049628926236,0.0012530164890685036,0.015352536155725603,-0.09078322001876471,0.3425196850393701,1.925084553594959,0.2283464566929134
0.8,10,deep_slow,0.5,2.5,0.5,24,0.02386910511055699,307,0.05516770739795763,0.0012023374514738006,0.020661677554748976,-0.0647274483363186,0.19218241042345277,4.217528969015923,0.1791530944625407
0.85,10,deep_slow,0.5,2.5,0.5,24,0.02386910511055699,307,0.05516770739795763,0.0012023374514738006,0.020661677554748976,-0.0647274483363186,0.19218241042345277,4.217528969015923,0.1791530944625407
0.8,10,shallow,0.8,1.5,0.5,24,0.04189406605295098,483,0.05027325340459124,0.0011268465200673372,0.020400904665758113,-0.061438583502474664,0.2712215320910973,2.7202874489766757,0.2712215320910973
0.85,10,shallow,0.8,1.5,0.5,24,0.04189406605295098,483,0.05027325340459124,0.0011268465200673372,0.020400904665758113,-0.061438583502474664,0.2712215320910973,2.7202874489766757,0.2712215320910973
0.9,11,deep_slow,0.5,3.0,1.0,12,0.02227660444433337,221,0.05198105265225686,0.001080627533253109,0.015557891205465234,-0.07725916777014818,0.3212669683257919,2.118507687504541,0.167420814479638
0.95,11,deep_slow,0.5,3.0,1.0,12,0.02227660444433337,221,0.05198105265225686,0.001080627533253109,0.015557891205465234,-0.07725916777014818,0.3212669683257919,2.118507687504541,0.167420814479638
0.8,10,deep_slow,0.4,2.0,1.5,12,0.02012685895493155,203,0.04996129640128834,0.0010806167615475815,0.019634710614645848,-0.061216982934544584,0.46798029556650245,1.1386812717884285,0.35960591133004927
0.85,10,deep_slow,0.4,2.0,1.5,12,0.02012685895493155,203,0.04996129640128834,0.0010806167615475815,0.019634710614645848,-0.061216982934544584,0.46798029556650245,1.1386812717884285,0.35960591133004927
0.9,11,base,0.5,1.0,0.5,6,0.02143757519805179,469,0.050008805255828105,0.0010783106350908955,0.02801535382383418,-0.0428126832204323,0.3603411513859275,1.7796563738690823,0.34968017057569295
0.95,11,base,0.5,1.0,0.5,6,0.02143757519805179,469,0.050008805255828105,0.0010783106350908955,0.02801535382383418,-0.0428126832204323,0.3603411513859275,1.7796563738690823,0.34968017057569295
0.8,10,shallow,0.7,2.0,0.75,12,0.034650808039162956,331,0.04935540186940303,0.0010738612242602308,0.012240132936198387,-0.09758579142297885,0.3081570996978852,2.250272052882576,0.24773413897280966
0.85,10,shallow,0.7,2.0,0.75,12,0.034650808039162956,331,0.04935540186940303,0.0010738612242602308,0.012240132936198387,-0.09758579142297885,0.3081570996978852,2.250272052882576,0.24773413897280966
0.9,11,shallow,0.6,1.5,0.75,6,0.025504051782762147,379,0.046350646601925255,0.000965622618018136,0.01795426290797202,-0.059822116665637304,0.37730870712401055,1.653779375186226,0.2928759894459103
0.95,11,shallow,0.6,1.5,0.75,6,0.025504051782762147,379,0.046350646601925255,0.000965622618018136,0.01795426290797202,-0.059822116665637304,0.37730870712401055,1.653779375186226,0.2928759894459103
0.9,11,base,0.4,2.5,0.75,24,0.016682884199823906,234,0.047237103545946874,0.0009433848128177491,0.015399984100545699,-0.0681380957705725,0.2564102564102564,2.9074843887430064,0.23504273504273504
0.95,11,base,0.4,2.5,0.75,24,0.016682884199823906,234,0.047237103545946874,0.0009433848128177491,0.015399984100545699,-0.0681380957705725,0.2564102564102564,2.9074843887430064,0.23504273504273504
0.9,11,shallow,0.6,2.5,2.0,6,0.025504051782762147,251,0.04542179809731046,0.0009270862525005974,0.010165013729602818,-0.10144558686686977,0.4860557768924303,1.057641993656589,0.18326693227091634
0.95,11,shallow,0.6,2.5,2.0,6,0.025504051782762147,251,0.04542179809731046,0.0009270862525005974,0.010165013729602818,-0.10144558686686977,0.4860557768924303,1.057641993656589,0.18326693227091634
0.8,10,base,0.7,1.0,0.75,24,0.034786761033208866,469,0.045426223861760796,0.0009266283536928377,0.01683713653774302,-0.06121506675432864,0.44989339019189767,1.2322872695233036,0.44989339019189767
0.85,10,base,0.7,1.0,0.75,24,0.034786761033208866,469,0.045426223861760796,0.0009266283536928377,0.01683713653774302,-0.06121506675432864,0.44989339019189767,1.2322872695233036,0.44989339019189767
0.9,11,base,0.7,2.5,2.0,6,0.030935384207832782,263,0.04383562424694368,0.0008648320309943003,0.014780385357291918,-0.06508268777253334,0.5209125475285171,0.9198094974140926,0.1634980988593156
0.95,11,base,0.7,2.5,2.0,6,0.030935384207832782,263,0.04383562424694368,0.0008648320309943003,0.014780385357291918,-0.06508268777253334,0.5209125475285171,0.9198094974140926,0.1634980988593156
0.8,10,shallow,0.8,1.5,0.75,12,0.04189406605295098,412,0.04382371670464581,0.0008538333083845107,0.014142755335022053,-0.06715189418909917,0.3567961165048544,1.8223185463848364,0.33980582524271846
0.85,10,shallow,0.8,1.5,0.75,12,0.04189406605295098,412,0.04382371670464581,0.0008538333083845107,0.014142755335022053,-0.06715189418909917,0.3567961165048544,1.8223185463848364,0.33980582524271846
0.8,10,deep_slow,0.8,1.5,0.5,6,0.03652372924092767,516,0.04351272384801482,0.0008506114038540069,0.016880955781326232,-0.056047118968296505,0.29844961240310075,2.378203451331376,0.24612403100775193
0.85,10,deep_slow,0.8,1.5,0.5,6,0.03652372924092767,516,0.04351272384801482,0.0008506114038540069,0.016880955781326232,-0.056047118968296505,0.29844961240310075,2.378203451331376,0.24612403100775193
0.8,10,deep_slow,0.6,2.0,1.5,12,0.027441884318986948,227,0.042904305591861265,0.000828726659074297,0.010553685277418177,-0.08734252891600791,0.45374449339207046,1.2049417495133536,0.34801762114537443
0.85,10,deep_slow,0.6,2.0,1.5,12,0.027441884318986948,227,0.042904305591861265,0.000828726659074297,0.010553685277418177,-0.08734252891600791,0.45374449339207046,1.2049417495133536,0.34801762114537443
0.9,11,base,0.7,1.5,1.0,24,0.030935384207832782,325,0.04061262375854386,0.0007380565532524308,0.010397766855199523,-0.07895251125446301,0.4123076923076923,1.4274342881581967,0.40923076923076923
0.95,11,base,0.7,1.5,1.0,24,0.030935384207832782,325,0.04061262375854386,0.0007380565532524308,0.010397766855199523,-0.07895251125446301,0.4123076923076923,1.4274342881581967,0.40923076923076923
0.8,10,base,0.6,1.5,1.0,24,0.028890652717152483,316,0.039328298452115565,0.0006824918614016795,0.010958836633397962,-0.06927045704640444,0.41455696202531644,1.4279711766143204,0.41455696202531644
0.85,10,base,0.6,1.5,1.0,24,0.028890652717152483,316,0.039328298452115565,0.0006824918614016795,0.010958836633397962,-0.06927045704640444,0.41455696202531644,1.4279711766143204,0.41455696202531644
0.9,11,shallow,0.6,2.0,1.5,12,0.025504051782762147,226,0.03738181930225766,0.0006182640079344104,0.0077355990183745164,-0.08889830482855066,0.4557522123893805,1.1946955584225305,0.33185840707964603
0.95,11,shallow,0.6,2.0,1.5,12,0.025504051782762147,226,0.03738181930225766,0.0006182640079344104,0.0077355990183745164,-0.08889830482855066,0.4557522123893805,1.1946955584225305,0.33185840707964603
0.8,10,deep_slow,0.8,2.0,0.75,6,0.03652372924092767,391,0.03742593022260049,0.0006076091254394456,0.007610617083187538,-0.08880095183362968,0.35294117647058826,1.8355603293988958,0.1969309462915601
0.85,10,deep_slow,0.8,2.0,0.75,6,0.03652372924092767,391,0.03742593022260049,0.0006076091254394456,0.007610617083187538,-0.08880095183362968,0.35294117647058826,1.8355603293988958,0.1969309462915601
0.9,11,deep_slow,0.8,4.0,2.5,24,0.03592704925670819,112,0.035613388340476206,0.000557421740480013,0.00682773627828043,-0.09080696211960282,0.4375,1.2827463209090801,0.21428571428571427
0.95,11,deep_slow,0.8,4.0,2.5,24,0.03592704925670819,112,0.035613388340476206,0.000557421740480013,0.00682773627828043,-0.09080696211960282,0.4375,1.2827463209090801,0.21428571428571427
0.9,11,deep_slow,0.7,3.0,0.75,12,0.03059831863119774,278,0.0333089600911639,0.0004976368855729163,0.006350893685658902,-0.08715418502142891,0.26258992805755393,2.8138971863660234,0.15467625899280577
0.95,11,deep_slow,0.7,3.0,0.75,12,0.03059831863119774,278,0.0333089600911639,0.0004976368855729163,0.006350893685658902,-0.08715418502142891,0.26258992805755393,2.8138971863660234,0.15467625899280577
0.8,10,deep_slow,0.6,3.0,1.0,24,0.027441884318986948,204,0.033242334173892975,0.0004939092116065247,0.0058863010065420066,-0.09332867364917596,0.28431372549019607,2.52039175976319,0.22058823529411764
0.85,10,deep_slow,0.6,3.0,1.0,24,0.027441884318986948,204,0.033242334173892975,0.0004939092116065247,0.0058863010065420066,-0.09332867364917596,0.28431372549019607,2.52039175976319,0.22058823529411764
0.8,10,shallow,0.4,2.0,0.5,6,0.016624676068168656,343,0.03090169000234676,0.0004154444640576127,0.011077835241775181,-0.0417125362711922,0.2565597667638484,2.901191652904785,0.16034985422740525
0.85,10,shallow,0.4,2.0,0.5,6,0.016624676068168656,343,0.03090169000234676,0.0004154444640576127,0.011077835241775181,-0.0417125362711922,0.2565597667638484,2.901191652904785,0.16034985422740525
0.8,10,deep_slow,0.7,2.5,1.0,6,0.03201506443356151,322,0.029591115750942372,0.0002722017474146021,0.003067459548802725,-0.09869998732805663,0.3944099378881988,1.5363053307920762,0.15217391304347827
0.85,10,deep_slow,0.7,2.5,1.0,6,0.03201506443356151,322,0.029591115750942372,0.0002722017474146021,0.003067459548802725,-0.09869998732805663,0.3944099378881988,1.5363053307920762,0.15217391304347827
0.8,10,deep_slow,0.6,2.5,0.75,24,0.027441884318986948,278,0.021373717618517033,2.953713488751397e-05,0.00041743789599649965,-0.07870015942031139,0.24820143884892087,3.0291938895239796,0.23381294964028776
0.85,10,deep_slow,0.6,2.5,0.75,24,0.027441884318986948,278,0.021373717618517033,2.953713488751397e-05,0.00041743789599649965,-0.07870015942031139,0.24820143884892087,3.0291938895239796,0.23381294964028776
0.8,10,shallow,0.8,1.5,0.5,12,0.04189406605295098,488,0.023244648124629133,2.173831664298298e-05,0.00038477027962806196,-0.06283813978545716,0.2766393442622951,2.641444718876981,0.26434426229508196
0.85,10,shallow,0.8,1.5,0.5,12,0.04189406605295098,488,0.023244648124629133,2.173831664298298e-05,0.00038477027962806196,-0.06283813978545716,0.2766393442622951,2.641444718876981,0.26434426229508196
0.8,10,deep_slow,0.6,1.0,0.75,24,0.027441884318986948,455,0.022458920520226185,-4.299948966013378e-05,-0.00084734409259773,-0.05644179874144173,0.45054945054945056,1.2194116888291013,0.45054945054945056
0.85,10,deep_slow,0.6,1.0,0.75,24,0.027441884318986948,455,0.022458920520226185,-4.299948966013378e-05,-0.00084734409259773,-0.05644179874144173,0.45054945054945056,1.2194116888291013,0.45054945054945056
0.8,10,base,0.4,2.5,0.5,24,0.018576634829056745,304,0.01598363526592858,-5.5450289892289284e-05,-0.0013973510809565026,-0.04413624004413741,0.1875,4.332653881712272,0.18092105263157895
0.85,10,base,0.4,2.5,0.5,24,0.018576634829056745,304,0.01598363526592858,-5.5450289892289284e-05,-0.0013973510809565026,-0.04413624004413741,0.1875,4.332653881712272,0.18092105263157895
0.8,10,shallow,0.4,3.0,2.5,24,0.016624676068168656,119,0.014231427571033689,-7.187989063128786e-05,-0.0009578703434205082,-0.08346364114380933,0.46218487394957986,1.161680668169435,0.33613445378151263
0.85,10,shallow,0.4,3.0,2.5,24,0.016624676068168656,119,0.014231427571033689,-7.187989063128786e-05,-0.0009578703434205082,-0.08346364114380933,0.46218487394957986,1.161680668169435,0.33613445378151263
0.9,11,deep_slow,0.6,1.0,0.75,12,0.026270004931272684,435,0.018394084705277144,-0.00016524514612703545,-0.003493863385581128,-0.05260380546160004,0.4482758620689655,1.230361890016138,0.4482758620689655
0.9,11,deep_slow,0.6,1.0,0.75,24,0.026270004931272684,435,0.018394084705277144,-0.00016524514612703545,-0.003493863385581128,-0.05260380546160004,0.4482758620689655,1.230361890016138,0.4482758620689655
0.95,11,deep_slow,0.6,1.0,0.75,12,0.026270004931272684,435,0.018394084705277144,-0.00016524514612703545,-0.003493863385581128,-0.05260380546160004,0.4482758620689655,1.230361890016138,0.4482758620689655
0.95,11,deep_slow,0.6,1.0,0.75,24,0.026270004931272684,435,0.018394084705277144,-0.00016524514612703545,-0.003493863385581128,-0.05260380546160004,0.4482758620689655,1.230361890016138,0.4482758620689655
0.8,10,deep_slow,0.6,2.5,1.5,12,0.027441884318986948,211,0.017168227109095668,-0.00019292841589224619,-0.002295963525627316,-0.09345981353044452,0.4265402843601896,1.3415378019620536,0.24644549763033174
0.85,10,deep_slow,0.6,2.5,1.5,12,0.027441884318986948,211,0.017168227109095668,-0.00019292841589224619,-0.002295963525627316,-0.09345981353044452,0.4265402843601896,1.3415378019620536,0.24644549763033174
0.8,10,base,0.8,2.5,0.75,12,0.041557390516231536,321,0.016527839608430624,-0.00020357108964963455,-0.0024770264325328193,-0.09140688246942874,0.2803738317757009,2.5674633174904087,0.19314641744548286
0.85,10,base,0.8,2.5,0.75,12,0.041557390516231536,321,0.016527839608430624,-0.00020357108964963455,-0.0024770264325328193,-0.09140688246942874,0.2803738317757009,2.5674633174904087,0.19314641744548286
0.9,11,base,0.8,2.0,0.75,6,0.03626824368319925,383,0.014705272635983785,-0.0002828961984099321,-0.0038807522994640424,-0.08107793725952539,0.34986945169712796,1.857129077599742,0.195822454308094
0.95,11,base,0.8,2.0,0.75,6,0.03626824368319925,383,0.014705272635983785,-0.0002828961984099321,-0.0038807522994640424,-0.08107793725952539,0.34986945169712796,1.857129077599742,0.195822454308094
0.8,10,deep_slow,0.4,1.5,0.5,24,0.02012685895493155,359,0.01141537512075046,-0.000289960566163594,-0.008841372814027242,-0.03647628213261822,0.26740947075208915,2.737478257442812,0.26740947075208915
0.85,10,deep_slow,0.4,1.5,0.5,24,0.02012685895493155,359,0.01141537512075046,-0.000289960566163594,-0.008841372814027242,-0.03647628213261822,0.26740947075208915,2.737478257442812,0.26740947075208915
0.8,10,base,0.8,3.0,1.0,12,0.041557390516231536,263,0.011091387033357887,-0.00033163675837344364,-0.003495558125367891,-0.10552040472919366,0.33460076045627374,1.9863492355619794,0.1634980988593156
0.85,10,base,0.8,3.0,1.0,12,0.041557390516231536,263,0.011091387033357887,-0.00033163675837344364,-0.003495558125367891,-0.10552040472919366,0.33460076045627374,1.9863492355619794,0.1634980988593156
0.8,10,base,0.6,1.0,0.5,12,0.028890652717152483,514,0.009422144373067081,-0.00045751000850813295,-0.014600989168769113,-0.03485022342594002,0.3638132295719844,1.759274276719111,0.3638132295719844
0.8,10,base,0.6,1.0,0.5,24,0.028890652717152483,514,0.009422144373067081,-0.00045751000850813295,-0.014600989168769113,-0.03485022342594002,0.3638132295719844,1.759274276719111,0.3638132295719844
0.85,10,base,0.6,1.0,0.5,12,0.028890652717152483,514,0.009422144373067081,-0.00045751000850813295,-0.014600989168769113,-0.03485022342594002,0.3638132295719844,1.759274276719111,0.3638132295719844
0.85,10,base,0.6,1.0,0.5,24,0.028890652717152483,514,0.009422144373067081,-0.00045751000850813295,-0.014600989168769113,-0.03485022342594002,0.3638132295719844,1.759274276719111,0.3638132295719844
0.9,11,base,0.7,1.5,0.75,24,0.030935384207832782,375,0.009765573330958536,-0.000502074150416143,-0.008201524522214962,-0.06808625298820725,0.34933333333333333,1.8607562714345547,0.34933333333333333
0.95,11,base,0.7,1.5,0.75,24,0.030935384207832782,375,0.009765573330958536,-0.000502074150416143,-0.008201524522214962,-0.06808625298820725,0.34933333333333333,1.8607562714345547,0.34933333333333333
0.9,11,deep_slow,0.7,3.0,2.0,24,0.03059831863119774,138,-0.0055915846002868455,-0.0006035471687128036,-0.007354917559185457,-0.0912676973725236,0.43478260869565216,1.2961420688093643,0.2971014492753623
0.95,11,deep_slow,0.7,3.0,2.0,24,0.03059831863119774,138,-0.0055915846002868455,-0.0006035471687128036,-0.007354917559185457,-0.0912676973725236,0.43478260869565216,1.2961420688093643,0.2971014492753623
0.9,11,deep_slow,0.6,2.5,1.5,6,0.026270004931272684,270,0.0027962624131877044,-0.0007985224688284998,-0.010227288822861565,-0.0868371480488831,0.45185185185185184,1.2088923851129312,0.17037037037037037
0.95,11,deep_slow,0.6,2.5,1.5,6,0.026270004931272684,270,0.0027962624131877044,-0.0007985224688284998,-0.010227288822861565,-0.0868371480488831,0.45185185185185184,1.2088923851129312,0.17037037037037037
0.9,11,shallow,0.5,3.0,2.5,12,0.02146249546792225,153,-0.01331969651777286,-0.0008080291140327711,-0.010390818537842758,-0.0864880187329452,0.49673202614379086,1.0085957327703927,0.2222222222222222
0.95,11,shallow,0.5,3.0,2.5,12,0.02146249546792225,153,-0.01331969651777286,-0.0008080291140327711,-0.010390818537842758,-0.0864880187329452,0.49673202614379086,1.0085957327703927,0.2222222222222222
0.8,10,deep_slow,0.4,4.0,2.0,24,0.02012685895493155,115,-0.013279218723612067,-0.0008121829430317584,-0.010430330121977664,-0.08660329358111185,0.4260869565217391,1.3379613794403733,0.19130434782608696
0.85,10,deep_slow,0.4,4.0,2.0,24,0.02012685895493155,115,-0.013279218723612067,-0.0008121829430317584,-0.010430330121977664,-0.08660329358111185,0.4260869565217391,1.3379613794403733,0.19130434782608696
0.8,10,shallow,0.6,3.0,2.0,24,0.0281987593635591,140,-0.009890266709372281,-0.0008158291051876265,-0.009383552526544763,-0.09669642439180226,0.44285714285714284,1.2536308135841676,0.29285714285714287
0.85,10,shallow,0.6,3.0,2.0,24,0.0281987593635591,140,-0.009890266709372281,-0.0008158291051876265,-0.009383552526544763,-0.09669642439180226,0.44285714285714284,1.2536308135841676,0.29285714285714287
0.8,10,shallow,0.6,2.0,0.75,12,0.0281987593635591,317,-0.0018491598925172682,-0.0008304597430095484,-0.010070406704686292,-0.09171697598334894,0.3028391167192429,2.297803802896919,0.24605678233438485
0.85,10,shallow,0.6,2.0,0.75,12,0.0281987593635591,317,-0.0018491598925172682,-0.0008304597430095484,-0.010070406704686292,-0.09171697598334894,0.3028391167192429,2.297803802896919,0.24605678233438485
0.9,11,shallow,0.8,2.0,0.5,6,0.03483165271979253,446,-0.0041726687088941405,-0.0008883651234505852,-0.013228671807143662,-0.0746882009996156,0.2623318385650224,2.833357374148158,0.1591928251121076
0.95,11,shallow,0.8,2.0,0.5,6,0.03483165271979253,446,-0.0041726687088941405,-0.0008883651234505852,-0.013228671807143662,-0.0746882009996156,0.2623318385650224,2.833357374148158,0.1591928251121076
0.9,11,deep_slow,0.4,1.0,0.75,12,0.018002548129969136,349,-0.007991973025554338,-0.0009840336194016919,-0.024585747739259176,-0.044514440867531646,0.4498567335243553,1.219918368164092,0.4498567335243553
0.9,11,deep_slow,0.4,1.0,0.75,24,0.018002548129969136,349,-0.007991973025554338,-0.0009840336194016919,-0.024585747739259176,-0.044514440867531646,0.4498567335243553,1.219918368164092,0.4498567335243553
0.95,11,deep_slow,0.4,1.0,0.75,12,0.018002548129969136,349,-0.007991973025554338,-0.0009840336194016919,-0.024585747739259176,-0.044514440867531646,0.4498567335243553,1.219918368164092,0.4498567335243553
0.95,11,deep_slow,0.4,1.0,0.75,24,0.018002548129969136,349,-0.007991973025554338,-0.0009840336194016919,-0.024585747739259176,-0.044514440867531646,0.4498567335243553,1.219918368164092,0.4498567335243553
0.9,11,base,0.4,1.5,0.5,6,0.016682884199823906,365,-0.011742784787311734,-0.0010053887365703007,-0.03314694594335843,-0.03373373137571256,0.29041095890410956,2.436572367438029,0.23835616438356164
0.95,11,base,0.4,1.5,0.5,6,0.016682884199823906,365,-0.011742784787311734,-0.0010053887365703007,-0.03314694594335843,-0.03373373137571256,0.29041095890410956,2.436572367438029,0.23835616438356164
0.9,11,base,0.7,1.0,0.75,6,0.030935384207832782,484,-0.0003664937559527443,-0.0010167682295312286,-0.021261536230449653,-0.053186441711738364,0.44834710743801653,1.228072924746075,0.4318181818181818
0.95,11,base,0.7,1.0,0.75,6,0.030935384207832782,484,-0.0003664937559527443,-0.0010167682295312286,-0.021261536230449653,-0.053186441711738364,0.44834710743801653,1.228072924746075,0.4318181818181818
0.9,11,base,0.8,1.5,1.0,6,0.03626824368319925,386,-3.96744978096694e-05,-0.0010455539640079614,-0.015268573054756361,-0.07615894315506966,0.43523316062176165,1.2951380382571416,0.32642487046632124
0.95,11,base,0.8,1.5,1.0,6,0.03626824368319925,386,-3.96744978096694e-05,-0.0010455539640079614,-0.015268573054756361,-0.07615894315506966,0.43523316062176165,1.2951380382571416,0.32642487046632124
0.8,10,base,0.7,1.0,0.75,12,0.034786761033208866,469,-0.0009984950062354374,-0.0010557125636038167,-0.018603819938564414,-0.06311262182344712,0.44989339019189767,1.2278042609137236,0.44776119402985076
0.85,10,base,0.7,1.0,0.75,12,0.034786761033208866,469,-0.0009984950062354374,-0.0010557125636038167,-0.018603819938564414,-0.06311262182344712,0.44989339019189767,1.2278042609137236,0.44776119402985076
0.8,10,deep_slow,0.7,2.5,1.0,24,0.03201506443356151,243,-0.005189275609723738,-0.0011077736277150807,-0.010984759659317668,-0.1121584121812802,0.3045267489711934,2.2782170720055905,0.2674897119341564
0.85,10,deep_slow,0.7,2.5,1.0,24,0.03201506443356151,243,-0.005189275609723738,-0.0011077736277150807,-0.010984759659317668,-0.1121584121812802,0.3045267489711934,2.2782170720055905,0.2674897119341564
0.9,11,base,0.8,4.0,2.0,24,0.03626824368319925,126,-0.02676003062700882,-0.0011481653873168796,-0.012938493560500983,-0.098694088635082,0.40476190476190477,1.4601929952852941,0.19047619047619047
0.95,11,base,0.8,4.0,2.0,24,0.03626824368319925,126,-0.02676003062700882,-0.0011481653873168796,-0.012938493560500983,-0.098694088635082,0.40476190476190477,1.4601929952852941,0.19047619047619047
0.9,11,deep_slow,0.4,1.0,0.75,6,0.018002548129969136,357,-0.015188105947699034,-0.0012705914477988411,-0.030971155512388833,-0.045626372031460694,0.453781512605042,1.1998435479513063,0.43137254901960786
0.95,11,deep_slow,0.4,1.0,0.75,6,0.018002548129969136,357,-0.015188105947699034,-0.0012705914477988411,-0.030971155512388833,-0.045626372031460694,0.453781512605042,1.1998435479513063,0.43137254901960786
0.9,11,deep_slow,0.6,2.5,1.5,12,0.026270004931272684,206,-0.013846655961813161,-0.001324795716386551,-0.01697134347586038,-0.08681580334692451,0.42718446601941745,1.3343701786480515,0.2524271844660194
0.95,11,deep_slow,0.6,2.5,1.5,12,0.026270004931272684,206,-0.013846655961813161,-0.001324795716386551,-0.01697134347586038,-0.08681580334692451,0.42718446601941745,1.3343701786480515,0.2524271844660194
0.9,11,deep_slow,0.7,2.5,0.75,12,0.03059831863119774,298,-0.017585874326208062,-0.0014014706494607232,-0.0195645404800747,-0.07966702153785865,0.2785234899328859,2.584147013987631,0.19463087248322147
0.95,11,deep_slow,0.7,2.5,0.75,12,0.03059831863119774,298,-0.017585874326208062,-0.0014014706494607232,-0.0195645404800747,-0.07966702153785865,0.2785234899328859,2.584147013987631,0.19463087248322147
0.8,10,deep_slow,0.8,3.0,0.75,24,0.03652372924092767,267,-0.023953401025623895,-0.0014273456248315997,-0.01652671923162182,-0.09605192955476693,0.2247191011235955,3.427451004084427,0.18352059925093633
0.85,10,deep_slow,0.8,3.0,0.75,24,0.03652372924092767,267,-0.023953401025623895,-0.0014273456248315997,-0.01652671923162182,-0.09605192955476693,0.2247191011235955,3.427451004084427,0.18352059925093633
0.9,11,shallow,0.4,1.0,0.5,12,0.017780104391063124,395,-0.02472625689723387,-0.0014364886644958608,-0.03769177192500963,-0.042385666850583426,0.3518987341772152,1.8343748735179315,0.3518987341772152
0.9,11,shallow,0.4,1.0,0.5,24,0.017780104391063124,395,-0.02472625689723387,-0.0014364886644958608,-0.03769177192500963,-0.042385666850583426,0.3518987341772152,1.8343748735179315,0.3518987341772152
0.95,11,shallow,0.4,1.0,0.5,12,0.017780104391063124,395,-0.02472625689723387,-0.0014364886644958608,-0.03769177192500963,-0.042385666850583426,0.3518987341772152,1.8343748735179315,0.3518987341772152
0.95,11,shallow,0.4,1.0,0.5,24,0.017780104391063124,395,-0.02472625689723387,-0.0014364886644958608,-0.03769177192500963,-0.042385666850583426,0.3518987341772152,1.8343748735179315,0.3518987341772152
0.8,10,shallow,0.8,2.5,0.75,24,0.04189406605295098,294,-0.018754071421196207,-0.001454158470171163,-0.015892003213987795,-0.10176443683432745,0.24829931972789115,3.0087435690378177,0.22789115646258504
0.85,10,shallow,0.8,2.5,0.75,24,0.04189406605295098,294,-0.018754071421196207,-0.001454158470171163,-0.015892003213987795,-0.10176443683432745,0.24829931972789115,3.0087435690378177,0.22789115646258504
0.9,11,base,0.8,1.5,0.5,6,0.03626824368319925,501,-0.01494696379372101,-0.001483347358357756,-0.021021040527253704,-0.0784785339414712,0.2934131736526946,2.40101795767062,0.2375249500998004
0.95,11,base,0.8,1.5,0.5,6,0.03626824368319925,501,-0.01494696379372101,-0.001483347358357756,-0.021021040527253704,-0.0784785339414712,0.2934131736526946,2.40101795767062,0.2375249500998004
0.8,10,deep_slow,0.8,2.0,0.75,12,0.03652372924092767,346,-0.017244615894869215,-0.0015168797279214719,-0.01967433211426497,-0.08574574130836765,0.3092485549132948,2.2267645570839583,0.24855491329479767
0.85,10,deep_slow,0.8,2.0,0.75,12,0.03652372924092767,346,-0.017244615894869215,-0.0015168797279214719,-0.01967433211426497,-0.08574574130836765,0.3092485549132948,2.2267645570839583,0.24855491329479767
0.8,10,deep_slow,0.6,2.5,2.0,24,0.027441884318986948,147,-0.02247920527735036,-0.0015614809119212092,-0.01980480636699855,-0.08768522105440169,0.46938775510204084,1.1245023499500437,0.3741496598639456
0.85,10,deep_slow,0.6,2.5,2.0,24,0.027441884318986948,147,-0.02247920527735036,-0.0015614809119212092,-0.01980480636699855,-0.08768522105440169,0.46938775510204084,1.1245023499500437,0.3741496598639456
0.9,11,shallow,0.5,1.0,0.75,12,0.02146249546792225,384,-0.020975725716509096,-0.0015817397564160673,-0.04098049013992675,-0.04292573202969696,0.4505208333333333,1.2152656683059462,0.4505208333333333
0.95,11,shallow,0.5,1.0,0.75,12,0.02146249546792225,384,-0.020975725716509096,-0.0015817397564160673,-0.04098049013992675,-0.04292573202969696,0.4505208333333333,1.2152656683059462,0.4505208333333333
0.8,10,shallow,0.4,2.0,1.0,24,0.016624676068168656,223,-0.030050458501049135,-0.001702020892791145,-0.02434422536370336,-0.07775455143981569,0.34080717488789236,1.9257143794251765,0.3273542600896861
0.85,10,shallow,0.4,2.0,1.0,24,0.016624676068168656,223,-0.030050458501049135,-0.001702020892791145,-0.02434422536370336,-0.07775455143981569,0.34080717488789236,1.9257143794251765,0.3273542600896861
0.9,11,base,0.7,2.0,1.0,24,0.030935384207832782,256,-0.025859578455196288,-0.0017043155409700583,-0.021345096879684833,-0.08879913005646256,0.34375,1.9019666442528815,0.3359375
0.95,11,base,0.7,2.0,1.0,24,0.030935384207832782,256,-0.025859578455196288,-0.0017043155409700583,-0.021345096879684833,-0.08879913005646256,0.34375,1.9019666442528815,0.3359375
0.9,11,deep_slow,0.4,2.5,1.0,12,0.018002548129969136,219,-0.033350545911554,-0.001728196593845377,-0.02557390323499041,-0.0751540486875868,0.3242009132420091,2.0749955245628895,0.2191780821917808
0.95,11,deep_slow,0.4,2.5,1.0,12,0.018002548129969136,219,-0.033350545911554,-0.001728196593845377,-0.02557390323499041,-0.0751540486875868,0.3242009132420091,2.0749955245628895,0.2191780821917808
0.8,10,base,0.8,3.0,1.0,24,0.041557390516231536,226,-0.03487211283533331,-0.0017340472514063565,-0.017452845402924647,-0.11049707899669425,0.27876106194690264,2.5563158651458258,0.2168141592920354
0.85,10,base,0.8,3.0,1.0,24,0.041557390516231536,226,-0.03487211283533331,-0.0017340472514063565,-0.017452845402924647,-0.11049707899669425,0.27876106194690264,2.5563158651458258,0.2168141592920354
0.9,11,base,0.6,2.0,1.0,24,0.02585215857847287,250,-0.027388804644242936,-0.001746480038008591,-0.02241171861577249,-0.08666510616275025,0.344,1.8995077899319754,0.336
0.95,11,base,0.6,2.0,1.0,24,0.02585215857847287,250,-0.027388804644242936,-0.001746480038008591,-0.02241171861577249,-0.08666510616275025,0.344,1.8995077899319754,0.336
0.9,11,shallow,0.8,2.0,0.5,12,0.03483165271979253,408,-0.03203659078652642,-0.0018500182252733088,-0.027542666613118875,-0.07470046470925173,0.22794117647058823,3.425760533028827,0.19852941176470587
0.95,11,shallow,0.8,2.0,0.5,12,0.03483165271979253,408,-0.03203659078652642,-0.0018500182252733088,-0.027542666613118875,-0.07470046470925173,0.22794117647058823,3.425760533028827,0.19852941176470587
0.9,11,deep_slow,0.6,1.5,0.75,6,0.026270004931272684,385,-0.027419564904780782,-0.0019805728773610864,-0.04188741686328934,-0.052584451061885584,0.38441558441558443,1.594639447391966,0.2987012987012987
0.95,11,deep_slow,0.6,1.5,0.75,6,0.026270004931272684,385,-0.027419564904780782,-0.0019805728773610864,-0.04188741686328934,-0.052584451061885584,0.38441558441558443,1.594639447391966,0.2987012987012987
0.8,10,deep_slow,0.6,1.0,0.75,12,0.027441884318986948,455,-0.02451337049383445,-0.002025340406956677,-0.03859309987813069,-0.05836296772830296,0.45054945054945056,1.2147781980984647,0.44835164835164837
0.85,10,deep_slow,0.6,1.0,0.75,12,0.027441884318986948,455,-0.02451337049383445,-0.002025340406956677,-0.03859309987813069,-0.05836296772830296,0.45054945054945056,1.2147781980984647,0.44835164835164837
0.8,10,base,0.7,4.0,2.0,24,0.034786761033208866,124,-0.06809524295122744,-0.0020882395619125083,-0.024179576258748215,-0.09604596007215016,0.4274193548387097,1.339309503683692,0.18548387096774194
0.85,10,base,0.7,4.0,2.0,24,0.034786761033208866,124,-0.06809524295122744,-0.0020882395619125083,-0.024179576258748215,-0.09604596007215016,0.4274193548387097,1.339309503683692,0.18548387096774194
0.9,11,base,0.5,2.5,0.75,24,0.02143757519805179,246,-0.04548047868611448,-0.0021133923213231265,-0.034407672767958745,-0.06830801742962112,0.25609756097560976,2.888863460181125,0.23170731707317074
0.95,11,base,0.5,2.5,0.75,24,0.02143757519805179,246,-0.04548047868611448,-0.0021133923213231265,-0.034407672767958745,-0.06830801742962112,0.25609756097560976,2.888863460181125,0.23170731707317074
0.9,11,base,0.5,2.0,1.0,24,0.02143757519805179,232,-0.04237085611358624,-0.0021305494347255705,-0.033859340913432456,-0.06997768181324227,0.34913793103448276,1.854652083364271,0.34051724137931033
0.95,11,base,0.5,2.0,1.0,24,0.02143757519805179,232,-0.04237085611358624,-0.0021305494347255705,-0.033859340913432456,-0.06997768181324227,0.34913793103448276,1.854652083364271,0.34051724137931033
0.8,10,shallow,0.7,4.0,2.0,24,0.034650808039162956,126,-0.06384283213767705,-0.002182181965771135,-0.023483486864891955,-0.10334121324911905,0.4365079365079365,1.2902519665813232,0.18253968253968253
0.85,10,shallow,0.7,4.0,2.0,24,0.034650808039162956,126,-0.06384283213767705,-0.002182181965771135,-0.023483486864891955,-0.10334121324911905,0.4365079365079365,1.2902519665813232,0.18253968253968253
0.8,10,deep_slow,0.8,3.0,2.0,24,0.03652372924092767,147,-0.0540620550419215,-0.0023508469639144103,-0.02737522206360665,-0.09550096639400263,0.4489795918367347,1.2185464888806519,0.2925170068027211
0.85,10,deep_slow,0.8,3.0,2.0,24,0.03652372924092767,147,-0.0540620550419215,-0.0023508469639144103,-0.02737522206360665,-0.09550096639400263,0.4489795918367347,1.2185464888806519,0.2925170068027211
0.8,10,base,0.4,2.5,0.75,24,0.018576634829056745,249,-0.05114811277543503,-0.002352885223780521,-0.04138702934417218,-0.06322334891634995,0.2570281124497992,2.8729097056585147,0.23694779116465864
0.85,10,base,0.4,2.5,0.75,24,0.018576634829056745,249,-0.05114811277543503,-0.002352885223780521,-0.04138702934417218,-0.06322334891634995,0.2570281124497992,2.8729097056585147,0.23694779116465864
0.8,10,shallow,0.4,2.0,1.5,24,0.016624676068168656,177,-0.051993949099658446,-0.0023535845116025023,-0.03040103363911192,-0.08609589390778738,0.4180790960451977,1.37868705136307,0.4067796610169492
0.85,10,shallow,0.4,2.0,1.5,24,0.016624676068168656,177,-0.051993949099658446,-0.0023535845116025023,-0.03040103363911192,-0.08609589390778738,0.4180790960451977,1.37868705136307,0.4067796610169492
0.9,11,deep_slow,0.4,1.0,0.5,12,0.018002548129969136,403,-0.051444037454355294,-0.002372718113682115,-0.07344935148090605,-0.03592515951853992,0.3523573200992556,1.826195998393941,0.3523573200992556
0.9,11,deep_slow,0.4,1.0,0.5,24,0.018002548129969136,403,-0.051444037454355294,-0.002372718113682115,-0.07344935148090605,-0.03592515951853992,0.3523573200992556,1.826195998393941,0.3523573200992556
0.95,11,deep_slow,0.4,1.0,0.5,12,0.018002548129969136,403,-0.051444037454355294,-0.002372718113682115,-0.07344935148090605,-0.03592515951853992,0.3523573200992556,1.826195998393941,0.3523573200992556
0.95,11,deep_slow,0.4,1.0,0.5,24,0.018002548129969136,403,-0.051444037454355294,-0.002372718113682115,-0.07344935148090605,-0.03592515951853992,0.3523573200992556,1.826195998393941,0.3523573200992556
0.9,11,base,0.5,2.0,1.5,24,0.02143757519805179,185,-0.054024629411405165,-0.002374623877735682,-0.03846762819625438,-0.06864989845912084,0.43243243243243246,1.3006877264031635,0.41621621621621624
0.95,11,base,0.5,2.0,1.5,24,0.02143757519805179,185,-0.054024629411405165,-0.002374623877735682,-0.03846762819625438,-0.06864989845912084,0.43243243243243246,1.3006877264031635,0.41621621621621624
0.9,11,shallow,0.4,2.5,0.5,12,0.017780104391063124,295,-0.05591403341900251,-0.0024160573211904346,-0.03574274259904193,-0.075172471183232,0.2,3.9710733909179274,0.15254237288135594
0.95,11,shallow,0.4,2.5,0.5,12,0.017780104391063124,295,-0.05591403341900251,-0.0024160573211904346,-0.03574274259904193,-0.075172471183232,0.2,3.9710733909179274,0.15254237288135594
0.8,10,shallow,0.5,1.5,0.75,6,0.02225569419366929,362,-0.03933333959157581,-0.0024333073509462677,-0.051856841773330394,-0.052183109048434595,0.3756906077348066,1.652688329424996,0.3011049723756906
0.85,10,shallow,0.5,1.5,0.75,6,0.02225569419366929,362,-0.03933333959157581,-0.0024333073509462677,-0.051856841773330394,-0.052183109048434595,0.3756906077348066,1.652688329424996,0.3011049723756906
0.8,10,deep_slow,0.4,3.0,2.0,24,0.02012685895493155,132,-0.06147004110516316,-0.0026551949894031424,-0.03357214391913865,-0.08795306385310409,0.44696969696969696,1.2263937420553792,0.29545454545454547
0.85,10,deep_slow,0.4,3.0,2.0,24,0.02012685895493155,132,-0.06147004110516316,-0.0026551949894031424,-0.03357214391913865,-0.08795306385310409,0.44696969696969696,1.2263937420553792,0.29545454545454547
0.8,10,deep_slow,0.4,2.0,1.0,12,0.02012685895493155,244,-0.05592324621777232,-0.0027390651299546986,-0.044520434519072304,-0.06841865715814544,0.3770491803278688,1.6408166159713817,0.28688524590163933
0.85,10,deep_slow,0.4,2.0,1.0,12,0.02012685895493155,244,-0.05592324621777232,-0.0027390651299546986,-0.044520434519072304,-0.06841865715814544,0.3770491803278688,1.6408166159713817,0.28688524590163933
0.8,10,deep_slow,0.7,3.0,2.0,12,0.03201506443356151,182,-0.07178085423455213,-0.0029102498783109,-0.034053571635280354,-0.09503750199365579,0.4835164835164835,1.0581763939645175,0.2032967032967033
0.85,10,deep_slow,0.7,3.0,2.0,12,0.03201506443356151,182,-0.07178085423455213,-0.0029102498783109,-0.034053571635280354,-0.09503750199365579,0.4835164835164835,1.0581763939645175,0.2032967032967033
0.8,10,deep_slow,0.4,2.5,2.0,24,0.02012685895493155,138,-0.0697863610496417,-0.003002091823336328,-0.037031296916378104,-0.09015300518743374,0.45652173913043476,1.1766571327490745,0.36231884057971014
0.85,10,deep_slow,0.4,2.5,2.0,24,0.02012685895493155,138,-0.0697863610496417,-0.003002091823336328,-0.037031296916378104,-0.09015300518743374,0.45652173913043476,1.1766571327490745,0.36231884057971014
0.8,10,deep_slow,0.7,2.5,1.5,24,0.03201506443356151,187,-0.060350543741518735,-0.0030277831271222633,-0.032410298214922764,-0.10388821128711667,0.3850267379679144,1.5715843351710712,0.32620320855614976
0.85,10,deep_slow,0.7,2.5,1.5,24,0.03201506443356151,187,-0.060350543741518735,-0.0030277831271222633,-0.032410298214922764,-0.10388821128711667,0.3850267379679144,1.5715843351710712,0.32620320855614976
0.9,11,deep_slow,0.6,4.0,1.5,24,0.026270004931272684,148,-0.08647490814656342,-0.0030598898808240627,-0.034865078435067885,-0.09759754607115434,0.34459459459459457,1.8797646852726988,0.18243243243243243
0.95,11,deep_slow,0.6,4.0,1.5,24,0.026270004931272684,148,-0.08647490814656342,-0.0030598898808240627,-0.034865078435067885,-0.09759754607115434,0.34459459459459457,1.8797646852726988,0.18243243243243243
0.9,11,deep_slow,0.4,2.0,1.5,24,0.018002548129969136,183,-0.0705683094079773,-0.0031129216350875843,-0.04369349769030779,-0.07922711259056436,0.4262295081967213,1.3316045922906228,0.41530054644808745
0.95,11,deep_slow,0.4,2.0,1.5,24,0.018002548129969136,183,-0.0705683094079773,-0.0031129216350875843,-0.04369349769030779,-0.07922711259056436,0.4262295081967213,1.3316045922906228,0.41530054644808745
0.9,11,base,0.7,1.5,1.0,6,0.030935384207832782,376,-0.05129336572290601,-0.0031370528665733977,-0.05001184756836946,-0.06975427058977668,0.4308510638297872,1.3131780923282872,0.3324468085106383
0.95,11,base,0.7,1.5,1.0,6,0.030935384207832782,376,-0.05129336572290601,-0.0031370528665733977,-0.05001184756836946,-0.06975427058977668,0.4308510638297872,1.3131780923282872,0.3324468085106383
0.9,11,base,0.4,3.0,0.75,24,0.016682884199823906,210,-0.09241273051015332,-0.0032193795541364256,-0.06217122597790368,-0.05758410250203483,0.23333333333333334,3.254480124854753,0.18095238095238095
0.95,11,base,0.4,3.0,0.75,24,0.016682884199823906,210,-0.09241273051015332,-0.0032193795541364256,-0.06217122597790368,-0.05758410250203483,0.23333333333333334,3.254480124854753,0.18095238095238095
0.9,11,base,0.7,4.0,2.0,24,0.030935384207832782,120,-0.11448820642733833,-0.003274141026406885,-0.04229347129227126,-0.08608798934338602,0.425,1.334083684213434,0.2
0.95,11,base,0.7,4.0,2.0,24,0.030935384207832782,120,-0.11448820642733833,-0.003274141026406885,-0.04229347129227126,-0.08608798934338602,0.425,1.334083684213434,0.2
0.8,10,deep_slow,0.5,2.0,1.0,24,0.02386910511055699,233,-0.07386375713351517,-0.0033166492674218118,-0.04147372904219749,-0.08892910842429269,0.33905579399141633,1.9338133501666028,0.33047210300429186
0.85,10,deep_slow,0.5,2.0,1.0,24,0.02386910511055699,233,-0.07386375713351517,-0.0033166492674218118,-0.04147372904219749,-0.08892910842429269,0.33905579399141633,1.9338133501666028,0.33047210300429186
0.9,11,deep_slow,0.6,1.0,0.75,6,0.026270004931272684,448,-0.058349060651232146,-0.0033299610776407196,-0.07049310192516622,-0.0525302765626845,0.4486607142857143,1.220656567123482,0.4263392857142857
0.95,11,deep_slow,0.6,1.0,0.75,6,0.026270004931272684,448,-0.058349060651232146,-0.0033299610776407196,-0.07049310192516622,-0.0525302765626845,0.4486607142857143,1.220656567123482,0.4263392857142857
0.9,11,shallow,0.6,2.5,1.5,12,0.025504051782762147,208,-0.07046069153805007,-0.003360848477106826,-0.03688994044770082,-0.10131118045116982,0.4182692307692308,1.3773156933728716,0.25
0.95,11,shallow,0.6,2.5,1.5,12,0.025504051782762147,208,-0.07046069153805007,-0.003360848477106826,-0.03688994044770082,-0.10131118045116982,0.4182692307692308,1.3773156933728716,0.25
0.8,10,base,0.7,2.5,0.75,24,0.034786761033208866,284,-0.07497456564509515,-0.0034318093542732298,-0.03998453462786685,-0.09544337136320236,0.25,2.9585180180526947,0.22887323943661972
0.85,10,base,0.7,2.5,0.75,24,0.034786761033208866,284,-0.07497456564509515,-0.0034318093542732298,-0.03998453462786685,-0.09544337136320236,0.25,2.9585180180526947,0.22887323943661972
0.8,10,shallow,0.7,3.0,2.0,24,0.034650808039162956,143,-0.09217029111544944,-0.0034501750859644575,-0.04067621361603848,-0.09432239731883907,0.44755244755244755,1.22168558208552,0.2867132867132867
0.85,10,shallow,0.7,3.0,2.0,24,0.034650808039162956,143,-0.09217029111544944,-0.0034501750859644575,-0.04067621361603848,-0.09432239731883907,0.44755244755244755,1.22168558208552,0.2867132867132867
0.8,10,deep_slow,0.5,2.0,1.0,12,0.02386910511055699,260,-0.07255294947345764,-0.0034661555382788922,-0.04980760746081994,-0.07738667570762925,0.3730769230769231,1.6668696674526553,0.29615384615384616
0.85,10,deep_slow,0.5,2.0,1.0,12,0.02386910511055699,260,-0.07255294947345764,-0.0034661555382788922,-0.04980760746081994,-0.07738667570762925,0.3730769230769231,1.6668696674526553,0.29615384615384616
0.9,11,base,0.7,2.0,0.5,12,0.030935384207832782,403,-0.07694269988344049,-0.0035403998048781915,-0.04948882155214949,-0.07955311814294608,0.22332506203473945,3.449837077792083,0.19602977667493796
0.95,11,base,0.7,2.0,0.5,12,0.030935384207832782,403,-0.07694269988344049,-0.0035403998048781915,-0.04948882155214949,-0.07955311814294608,0.22332506203473945,3.449837077792083,0.19602977667493796
0.8,10,deep_slow,0.8,2.0,1.0,12,0.03652372924092767,300,-0.07014016908378404,-0.0037099164232390347,-0.03576944255105784,-0.11533465576821333,0.36333333333333334,1.7393147531403579,0.2833333333333333
0.85,10,deep_slow,0.8,2.0,1.0,12,0.03652372924092767,300,-0.07014016908378404,-0.0037099164232390347,-0.03576944255105784,-0.11533465576821333,0.36333333333333334,1.7393147531403579,0.2833333333333333
0.8,10,shallow,0.4,2.0,0.75,24,0.016624676068168656,265,-0.09111400555192083,-0.0038115246221116506,-0.056948515854421025,-0.07442549066554094,0.28679245283018867,2.4624808507637628,0.2792452830188679
0.85,10,shallow,0.4,2.0,0.75,24,0.016624676068168656,265,-0.09111400555192083,-0.0038115246221116506,-0.056948515854421025,-0.07442549066554094,0.28679245283018867,2.4624808507637628,0.2792452830188679
0.8,10,shallow,0.4,2.0,1.5,6,0.016624676068168656,249,-0.08406131463573958,-0.003883450151962231,-0.0526071381903255,-0.08208743544731611,0.4859437751004016,1.0468492937375562,0.21686746987951808
0.85,10,shallow,0.4,2.0,1.5,6,0.016624676068168656,249,-0.08406131463573958,-0.003883450151962231,-0.0526071381903255,-0.08208743544731611,0.4859437751004016,1.0468492937375562,0.21686746987951808
0.9,11,shallow,0.8,2.0,1.0,24,0.03483165271979253,262,-0.08528970298503655,-0.003929505745301487,-0.04063880325220347,-0.10752254179312426,0.3320610687022901,1.9946065390844483,0.3244274809160305
0.95,11,shallow,0.8,2.0,1.0,24,0.03483165271979253,262,-0.08528970298503655,-0.003929505745301487,-0.04063880325220347,-0.10752254179312426,0.3320610687022901,1.9946065390844483,0.3244274809160305
0.8,10,deep_slow,0.5,4.0,2.5,24,0.02386910511055699,105,-0.1380513010682325,-0.004053292830468624,-0.04763730549296506,-0.09461506055278113,0.4666666666666667,1.1357825993977477,0.22857142857142856
0.85,10,deep_slow,0.5,4.0,2.5,24,0.02386910511055699,105,-0.1380513010682325,-0.004053292830468624,-0.04763730549296506,-0.09461506055278113,0.4666666666666667,1.1357825993977477,0.22857142857142856
0.8,10,shallow,0.6,1.0,0.75,6,0.0281987593635591,456,-0.0782557890367339,-0.004146915884803981,-0.06569425987098666,-0.07019319228317633,0.43859649122807015,1.2695145287810912,0.4232456140350877
0.85,10,shallow,0.6,1.0,0.75,6,0.0281987593635591,456,-0.0782557890367339,-0.004146915884803981,-0.06569425987098666,-0.07019319228317633,0.43859649122807015,1.2695145287810912,0.4232456140350877
0.8,10,shallow,0.8,1.5,0.5,6,0.04189406605295098,513,-0.07810807443953445,-0.004158067288055012,-0.07106309725897965,-0.06506453047401928,0.2962962962962963,2.379699343162021,0.2475633528265107
0.85,10,shallow,0.8,1.5,0.5,6,0.04189406605295098,513,-0.07810807443953445,-0.004158067288055012,-0.07106309725897965,-0.06506453047401928,0.2962962962962963,2.379699343162021,0.2475633528265107
0.9,11,base,0.4,3.0,1.5,24,0.016682884199823906,138,-0.13188367367965476,-0.004164146000679825,-0.0911661013897465,-0.05079130080908445,0.38405797101449274,1.5646365500120838,0.2536231884057971
0.95,11,base,0.4,3.0,1.5,24,0.016682884199823906,138,-0.13188367367965476,-0.004164146000679825,-0.0911661013897465,-0.05079130080908445,0.38405797101449274,1.5646365500120838,0.2536231884057971
0.9,11,deep_slow,0.8,3.0,0.75,24,0.03592704925670819,258,-0.12237159792517519,-0.004169028283919962,-0.0476952503689133,-0.09719778318664674,0.2248062015503876,3.400901803802832,0.18604651162790697
0.95,11,deep_slow,0.8,3.0,0.75,24,0.03592704925670819,258,-0.12237159792517519,-0.004169028283919962,-0.0476952503689133,-0.09719778318664674,0.2248062015503876,3.400901803802832,0.18604651162790697
0.8,10,shallow,0.4,1.0,0.5,12,0.016624676068168656,410,-0.10513725133706305,-0.004228664344019584,-0.11991514942776761,-0.03921248402143873,0.35853658536585364,1.7687012385045082,0.35853658536585364
0.8,10,shallow,0.4,1.0,0.5,24,0.016624676068168656,410,-0.10513725133706305,-0.004228664344019584,-0.11991514942776761,-0.03921248402143873,0.35853658536585364,1.7687012385045082,0.35853658536585364
0.85,10,shallow,0.4,1.0,0.5,12,0.016624676068168656,410,-0.10513725133706305,-0.004228664344019584,-0.11991514942776761,-0.03921248402143873,0.35853658536585364,1.7687012385045082,0.35853658536585364
0.85,10,shallow,0.4,1.0,0.5,24,0.016624676068168656,410,-0.10513725133706305,-0.004228664344019584,-0.11991514942776761,-0.03921248402143873,0.35853658536585364,1.7687012385045082,0.35853658536585364
0.8,10,shallow,0.8,2.0,0.75,24,0.04189406605295098,329,-0.0908460294315599,-0.004262675961563711,-0.0493045456865583,-0.09613681306312583,0.2826747720364742,2.550305251036662,0.2796352583586626
0.85,10,shallow,0.8,2.0,0.75,24,0.04189406605295098,329,-0.0908460294315599,-0.004262675961563711,-0.0493045456865583,-0.09613681306312583,0.2826747720364742,2.550305251036662,0.2796352583586626
0.9,11,shallow,0.4,2.5,2.0,12,0.017780104391063124,158,-0.11317231112622105,-0.004277160477629716,-0.07145764333150373,-0.06655809215835806,0.47468354430379744,1.0906144866872745,0.25949367088607594
0.95,11,shallow,0.4,2.5,2.0,12,0.017780104391063124,158,-0.11317231112622105,-0.004277160477629716,-0.07145764333150373,-0.06655809215835806,0.47468354430379744,1.0906144866872745,0.25949367088607594
0.8,10,deep_slow,0.5,1.5,0.5,6,0.02386910511055699,411,-0.10115555786039228,-0.0043421066805847675,-0.12069225205057063,-0.040004930442697706,0.29927007299270075,2.3163114525302335,0.2384428223844282
0.85,10,deep_slow,0.5,1.5,0.5,6,0.02386910511055699,411,-0.10115555786039228,-0.0043421066805847675,-0.12069225205057063,-0.040004930442697706,0.29927007299270075,2.3163114525302335,0.2384428223844282
0.8,10,base,0.8,2.0,1.0,6,0.041557390516231536,355,-0.0760339032995528,-0.004372762468730862,-0.0525861726678806,-0.09246470656550565,0.4056338028169014,1.4622065077108795,0.2056338028169014
0.85,10,base,0.8,2.0,1.0,6,0.041557390516231536,355,-0.0760339032995528,-0.004372762468730862,-0.0525861726678806,-0.09246470656550565,0.4056338028169014,1.4622065077108795,0.2056338028169014
0.8,10,base,0.6,1.0,0.5,6,0.028890652717152483,519,-0.09494435598810659,-0.004489165962100583,-0.1432349238296725,-0.03485022342594002,0.3622350674373796,1.756122818997235,0.35645472061657035
0.85,10,base,0.6,1.0,0.5,6,0.028890652717152483,519,-0.09494435598810659,-0.004489165962100583,-0.1432349238296725,-0.03485022342594002,0.3622350674373796,1.756122818997235,0.35645472061657035
0.9,11,deep_slow,0.5,4.0,2.0,24,0.02227660444433337,116,-0.1688838061692469,-0.004506756104523335,-0.0653593522963298,-0.07667339837239706,0.43103448275862066,1.2957480828071788,0.19827586206896552
0.95,11,deep_slow,0.5,4.0,2.0,24,0.02227660444433337,116,-0.1688838061692469,-0.004506756104523335,-0.0653593522963298,-0.07667339837239706,0.43103448275862066,1.2957480828071788,0.19827586206896552
0.8,10,deep_slow,0.8,2.0,0.5,12,0.03652372924092767,422,-0.10468040724045075,-0.004634268410609099,-0.0715053640653131,-0.07206557258336166,0.22985781990521326,3.3671532781070477,0.1966824644549763
0.85,10,deep_slow,0.8,2.0,0.5,12,0.03652372924092767,422,-0.10468040724045075,-0.004634268410609099,-0.0715053640653131,-0.07206557258336166,0.22985781990521326,3.3671532781070477,0.1966824644549763
0.9,11,shallow,0.6,1.5,0.5,6,0.025504051782762147,444,-0.10197925899898028,-0.004667159597255055,-0.08428690787722026,-0.06157111327628506,0.2882882882882883,2.442480089214437,0.23423423423423423
0.95,11,shallow,0.6,1.5,0.5,6,0.025504051782762147,444,-0.10197925899898028,-0.004667159597255055,-0.08428690787722026,-0.06157111327628506,0.2882882882882883,2.442480089214437,0.23423423423423423
0.9,11,shallow,0.4,2.5,0.75,24,0.017780104391063124,239,-0.1174506845152477,-0.00478325171659022,-0.0740440870560047,-0.07183142645247642,0.25523012552301255,2.8812829080376168,0.2301255230125523
0.95,11,shallow,0.4,2.5,0.75,24,0.017780104391063124,239,-0.1174506845152477,-0.00478325171659022,-0.0740440870560047,-0.07183142645247642,0.25523012552301255,2.8812829080376168,0.2301255230125523
0.8,10,deep_slow,0.4,2.5,0.75,24,0.02012685895493155,247,-0.11481547125958137,-0.004809011083318215,-0.07806377115562829,-0.06849947740354068,0.25101214574898784,2.9466268016585557,0.22672064777327935
0.85,10,deep_slow,0.4,2.5,0.75,24,0.02012685895493155,247,-0.11481547125958137,-0.004809011083318215,-0.07806377115562829,-0.06849947740354068,0.25101214574898784,2.9466268016585557,0.22672064777327935
0.8,10,deep_slow,0.7,4.0,2.0,24,0.03201506443356151,127,-0.16371901022331845,-0.00488073416785173,-0.04901340307164939,-0.11072598469176154,0.4330708661417323,1.298441363425261,0.18110236220472442
0.85,10,deep_slow,0.7,4.0,2.0,24,0.03201506443356151,127,-0.16371901022331845,-0.00488073416785173,-0.04901340307164939,-0.11072598469176154,0.4330708661417323,1.298441363425261,0.18110236220472442
0.8,10,base,0.4,2.5,1.5,6,0.018576634829056745,247,-0.10412864459865093,-0.004881073739839814,-0.06288263615403275,-0.08631054816152794,0.46558704453441296,1.1360838037291843,0.17813765182186234
0.85,10,base,0.4,2.5,1.5,6,0.018576634829056745,247,-0.10412864459865093,-0.004881073739839814,-0.06288263615403275,-0.08631054816152794,0.46558704453441296,1.1360838037291843,0.17813765182186234
0.8,10,base,0.8,2.0,1.0,24,0.041557390516231536,276,-0.10287199725820258,-0.004883809822318397,-0.04793269587953719,-0.11329378005865531,0.3333333333333333,2.007360999144426,0.32971014492753625
0.85,10,base,0.8,2.0,1.0,24,0.041557390516231536,276,-0.10287199725820258,-0.004883809822318397,-0.04793269587953719,-0.11329378005865531,0.3333333333333333,2.007360999144426,0.32971014492753625
0.8,10,base,0.8,2.0,0.75,24,0.041557390516231536,323,-0.10956080069932662,-0.005045810175046572,-0.0648710630697595,-0.08648785200142894,0.2848297213622291,2.519494873427267,0.2786377708978328
0.85,10,base,0.8,2.0,0.75,24,0.041557390516231536,323,-0.10956080069932662,-0.005045810175046572,-0.0648710630697595,-0.08648785200142894,0.2848297213622291,2.519494873427267,0.2786377708978328
0.8,10,shallow,0.7,1.0,0.75,6,0.034650808039162956,488,-0.09510211471320527,-0.005079633720725951,-0.07416033152849494,-0.07616143632457573,0.444672131147541,1.2371830822893477,0.4262295081967213
0.85,10,shallow,0.7,1.0,0.75,6,0.034650808039162956,488,-0.09510211471320527,-0.005079633720725951,-0.07416033152849494,-0.07616143632457573,0.444672131147541,1.2371830822893477,0.4262295081967213
0.8,10,deep_slow,0.6,1.5,1.0,12,0.027441884318986948,324,-0.1052056578804623,-0.005203518910126936,-0.07277119158974096,-0.07950766738529413,0.4166666666666667,1.3857606016333237,0.39197530864197533
0.85,10,deep_slow,0.6,1.5,1.0,12,0.027441884318986948,324,-0.1052056578804623,-0.005203518910126936,-0.07277119158974096,-0.07950766738529413,0.4166666666666667,1.3857606016333237,0.39197530864197533
0.9,11,deep_slow,0.8,2.0,1.0,24,0.03592704925670819,275,-0.11107191006106175,-0.005223211837575237,-0.056566450591644446,-0.10267142528927087,0.33454545454545453,1.9950428522799808,0.32727272727272727
0.95,11,deep_slow,0.8,2.0,1.0,24,0.03592704925670819,275,-0.11107191006106175,-0.005223211837575237,-0.056566450591644446,-0.10267142528927087,0.33454545454545453,1.9950428522799808,0.32727272727272727
0.9,11,shallow,0.5,2.0,1.5,6,0.02146249546792225,261,-0.11236335935647328,-0.005229213272860078,-0.06514279523403296,-0.08925667366547685,0.47509578544061304,1.0904157271318264,0.2260536398467433
0.95,11,shallow,0.5,2.0,1.5,6,0.02146249546792225,261,-0.11236335935647328,-0.005229213272860078,-0.06514279523403296,-0.08925667366547685,0.47509578544061304,1.0904157271318264,0.2260536398467433
0.8,10,shallow,0.5,2.5,0.75,12,0.02225569419366929,278,-0.12599806600874888,-0.005472246689306792,-0.0927615054736689,-0.06559378134735949,0.27697841726618705,2.575973250766529,0.20503597122302158
0.85,10,shallow,0.5,2.5,0.75,12,0.02225569419366929,278,-0.12599806600874888,-0.005472246689306792,-0.0927615054736689,-0.06559378134735949,0.27697841726618705,2.575973250766529,0.20503597122302158
0.8,10,base,0.7,3.0,2.0,24,0.034786761033208866,142,-0.16306016474498616,-0.0055280856312669435,-0.06341679463103389,-0.09692457333631832,0.44366197183098594,1.2346613539040996,0.2887323943661972
0.85,10,base,0.7,3.0,2.0,24,0.034786761033208866,142,-0.16306016474498616,-0.0055280856312669435,-0.06341679463103389,-0.09692457333631832,0.44366197183098594,1.2346613539040996,0.2887323943661972
0.8,10,base,0.7,2.5,1.5,6,0.034786761033208866,283,-0.11661054466635841,-0.005613018588376706,-0.0654982505250111,-0.0952857871761037,0.4558303886925795,1.178071865279015,0.16607773851590105
0.85,10,base,0.7,2.5,1.5,6,0.034786761033208866,283,-0.11661054466635841,-0.005613018588376706,-0.0654982505250111,-0.0952857871761037,0.4558303886925795,1.178071865279015,0.16607773851590105
0.9,11,shallow,0.4,1.0,0.5,6,0.017780104391063124,398,-0.1534487227139467,-0.005721709279396303,-0.14445770967678193,-0.044039638899801226,0.35175879396984927,1.8135634329360713,0.3442211055276382
0.95,11,shallow,0.4,1.0,0.5,6,0.017780104391063124,398,-0.1534487227139467,-0.005721709279396303,-0.14445770967678193,-0.044039638899801226,0.35175879396984927,1.8135634329360713,0.3442211055276382
0.8,10,base,0.4,1.5,0.75,24,0.018576634829056745,315,-0.13472792104854747,-0.005741059873480725,-0.14012061783410643,-0.04555627921038263,0.3523809523809524,1.8130990501417128,0.3523809523809524
0.85,10,base,0.4,1.5,0.75,24,0.018576634829056745,315,-0.13472792104854747,-0.005741059873480725,-0.14012061783410643,-0.04555627921038263,0.3523809523809524,1.8130990501417128,0.3523809523809524
0.9,11,shallow,0.5,2.0,0.75,12,0.02146249546792225,281,-0.13796520426501196,-0.005876228441305198,-0.09288637704548629,-0.07033986874206222,0.29537366548042704,2.3516451594200585,0.2597864768683274
0.95,11,shallow,0.5,2.0,0.75,12,0.02146249546792225,281,-0.13796520426501196,-0.005876228441305198,-0.09288637704548629,-0.07033986874206222,0.29537366548042704,2.3516451594200585,0.2597864768683274
0.9,11,deep_slow,0.6,1.0,0.5,12,0.026270004931272684,511,-0.1314675657561645,-0.00587700333920238,-0.14939723794368154,-0.0437389403009909,0.3522504892367906,1.815912665230379,0.3522504892367906
0.9,11,deep_slow,0.6,1.0,0.5,24,0.026270004931272684,511,-0.1314675657561645,-0.00587700333920238,-0.14939723794368154,-0.0437389403009909,0.3522504892367906,1.815912665230379,0.3522504892367906
0.95,11,deep_slow,0.6,1.0,0.5,12,0.026270004931272684,511,-0.1314675657561645,-0.00587700333920238,-0.14939723794368154,-0.0437389403009909,0.3522504892367906,1.815912665230379,0.3522504892367906
0.95,11,deep_slow,0.6,1.0,0.5,24,0.026270004931272684,511,-0.1314675657561645,-0.00587700333920238,-0.14939723794368154,-0.0437389403009909,0.3522504892367906,1.815912665230379,0.3522504892367906
0.9,11,deep_slow,0.8,2.5,2.0,6,0.03592704925670819,273,-0.11877155110328799,-0.00595570696126535,-0.06744535593194437,-0.09818253298391444,0.4945054945054945,1.007657128725779,0.16117216117216118
0.95,11,deep_slow,0.8,2.5,2.0,6,0.03592704925670819,273,-0.11877155110328799,-0.00595570696126535,-0.06744535593194437,-0.09818253298391444,0.4945054945054945,1.007657128725779,0.16117216117216118
0.8,10,base,0.6,4.0,2.0,24,0.028890652717152483,119,-0.22581657078633594,-0.005956798968997812,-0.06772421018683475,-0.09779618876862517,0.42857142857142855,1.3173837030593334,0.19327731092436976
0.85,10,base,0.6,4.0,2.0,24,0.028890652717152483,119,-0.22581657078633594,-0.005956798968997812,-0.06772421018683475,-0.09779618876862517,0.42857142857142855,1.3173837030593334,0.19327731092436976
0.9,11,deep_slow,0.6,2.0,0.75,24,0.026270004931272684,296,-0.14162070355900105,-0.00599265926779835,-0.08893844925320224,-0.07491729538572223,0.28378378378378377,2.489686654211128,0.28040540540540543
0.95,11,deep_slow,0.6,2.0,0.75,24,0.026270004931272684,296,-0.14162070355900105,-0.00599265926779835,-0.08893844925320224,-0.07491729538572223,0.28378378378378377,2.489686654211128,0.28040540540540543
0.8,10,deep_slow,0.4,4.0,1.5,24,0.02012685895493155,134,-0.2118740114966079,-0.00599432368128805,-0.07091741269200791,-0.09398084051545574,0.35074626865671643,1.8100500462960503,0.16417910447761194
0.85,10,deep_slow,0.4,4.0,1.5,24,0.02012685895493155,134,-0.2118740114966079,-0.00599432368128805,-0.07091741269200791,-0.09398084051545574,0.35074626865671643,1.8100500462960503,0.16417910447761194
0.9,11,shallow,0.6,2.5,0.75,12,0.025504051782762147,278,-0.15202739894983167,-0.0060604621514903645,-0.0817216344578492,-0.08245539912150746,0.26618705035971224,2.716225966643802,0.2014388489208633
0.95,11,shallow,0.6,2.5,0.75,12,0.025504051782762147,278,-0.15202739894983167,-0.0060604621514903645,-0.0817216344578492,-0.08245539912150746,0.26618705035971224,2.716225966643802,0.2014388489208633
0.8,10,shallow,0.8,2.0,1.0,24,0.04189406605295098,281,-0.13303419902484426,-0.006194276604859161,-0.06012823485337649,-0.11454055012410425,0.3309608540925267,2.023480884851168,0.3274021352313167
0.85,10,shallow,0.8,2.0,1.0,24,0.04189406605295098,281,-0.13303419902484426,-0.006194276604859161,-0.06012823485337649,-0.11454055012410425,0.3309608540925267,2.023480884851168,0.3274021352313167
0.8,10,base,0.4,3.0,1.5,24,0.018576634829056745,148,-0.2090283527308886,-0.006242420061647325,-0.06881488613517975,-0.10085943719568169,0.3716216216216216,1.642093547494046,0.2635135135135135
0.85,10,base,0.4,3.0,1.5,24,0.018576634829056745,148,-0.2090283527308886,-0.006242420061647325,-0.06881488613517975,-0.10085943719568169,0.3716216216216216,1.642093547494046,0.2635135135135135
0.8,10,base,0.5,1.0,0.75,24,0.023983485622980496,404,-0.13827883050151513,-0.006268310850114145,-0.14052305980742566,-0.04959618146979006,0.44554455445544555,1.2276917528102071,0.44554455445544555
0.85,10,base,0.5,1.0,0.75,24,0.023983485622980496,404,-0.13827883050151513,-0.006268310850114145,-0.14052305980742566,-0.04959618146979006,0.44554455445544555,1.2276917528102071,0.44554455445544555
0.8,10,shallow,0.7,3.0,1.5,12,0.034650808039162956,206,-0.1736466206355538,-0.006281028171019054,-0.06936260645430799,-0.100681653296534,0.4174757281553398,1.3719697540773177,0.18446601941747573
0.85,10,shallow,0.7,3.0,1.5,12,0.034650808039162956,206,-0.1736466206355538,-0.006281028171019054,-0.06936260645430799,-0.100681653296534,0.4174757281553398,1.3719697540773177,0.18446601941747573
0.8,10,base,0.6,4.0,2.5,24,0.028890652717152483,107,-0.23779557156715161,-0.006313872616636074,-0.07544137028897113,-0.09305301416659806,0.45794392523364486,1.155624785925088,0.205607476635514
0.85,10,base,0.6,4.0,2.5,24,0.028890652717152483,107,-0.23779557156715161,-0.006313872616636074,-0.07544137028897113,-0.09305301416659806,0.45794392523364486,1.155624785925088,0.205607476635514
0.9,11,deep_slow,0.8,2.5,0.75,12,0.03592704925670819,313,-0.1491497674243066,-0.0063465148993344656,-0.08019961100626773,-0.08798455484698531,0.2779552715654952,2.563794400635516,0.19488817891373802
0.95,11,deep_slow,0.8,2.5,0.75,12,0.03592704925670819,313,-0.1491497674243066,-0.0063465148993344656,-0.08019961100626773,-0.08798455484698531,0.2779552715654952,2.563794400635516,0.19488817891373802
0.9,11,deep_slow,0.4,2.5,1.5,12,0.018002548129969136,189,-0.16355472472824278,-0.0064445322104716984,-0.098434295814605,-0.07279238684112888,0.4074074074074074,1.42772230318331,0.25396825396825395
0.95,11,deep_slow,0.4,2.5,1.5,12,0.018002548129969136,189,-0.16355472472824278,-0.0064445322104716984,-0.098434295814605,-0.07279238684112888,0.4074074074074074,1.42772230318331,0.25396825396825395
0.8,10,shallow,0.8,1.0,0.75,6,0.04189406605295098,520,-0.12311713235782282,-0.006533890515383778,-0.09804003654028995,-0.0740981220849144,0.4480769230769231,1.2248500130350697,0.4288461538461538
0.85,10,shallow,0.8,1.0,0.75,6,0.04189406605295098,520,-0.12311713235782282,-0.006533890515383778,-0.09804003654028995,-0.0740981220849144,0.4480769230769231,1.2248500130350697,0.4288461538461538
0.8,10,shallow,0.4,1.0,0.75,12,0.016624676068168656,363,-0.15659459072830034,-0.006622511178285384,-0.17124998154388937,-0.0429960748730539,0.4490358126721763,1.207442239543015,0.4490358126721763
0.8,10,shallow,0.4,1.0,0.75,24,0.016624676068168656,363,-0.15659459072830034,-0.006622511178285384,-0.17124998154388937,-0.0429960748730539,0.4490358126721763,1.207442239543015,0.4490358126721763
0.85,10,shallow,0.4,1.0,0.75,12,0.016624676068168656,363,-0.15659459072830034,-0.006622511178285384,-0.17124998154388937,-0.0429960748730539,0.4490358126721763,1.207442239543015,0.4490358126721763
0.85,10,shallow,0.4,1.0,0.75,24,0.016624676068168656,363,-0.15659459072830034,-0.006622511178285384,-0.17124998154388937,-0.0429960748730539,0.4490358126721763,1.207442239543015,0.4490358126721763
0.8,10,shallow,0.8,3.0,1.5,24,0.04189406605295098,173,-0.18075021114780315,-0.00665315473824335,-0.06590596277636056,-0.11223771314983455,0.3699421965317919,1.659485808558929,0.2543352601156069
0.85,10,shallow,0.8,3.0,1.5,24,0.04189406605295098,173,-0.18075021114780315,-0.00665315473824335,-0.06590596277636056,-0.11223771314983455,0.3699421965317919,1.659485808558929,0.2543352601156069
0.9,11,deep_slow,0.8,2.0,0.75,12,0.03592704925670819,345,-0.1524086791856084,-0.0067077181926218366,-0.08156963727102104,-0.09142834019765,0.30434782608695654,2.285595657396972,0.25217391304347825
0.95,11,deep_slow,0.8,2.0,0.75,12,0.03592704925670819,345,-0.1524086791856084,-0.0067077181926218366,-0.08156963727102104,-0.09142834019765,0.30434782608695654,2.285595657396972,0.25217391304347825
0.8,10,shallow,0.5,2.0,0.5,24,0.02225569419366929,348,-0.18403283917771002,-0.006740332580981279,-0.13059621253861217,-0.057383165711020534,0.21551724137931033,3.5770023710143435,0.21551724137931033
0.85,10,shallow,0.5,2.0,0.5,24,0.02225569419366929,348,-0.18403283917771002,-0.006740332580981279,-0.13059621253861217,-0.057383165711020534,0.21551724137931033,3.5770023710143435,0.21551724137931033
0.9,11,deep_slow,0.4,1.0,0.5,6,0.018002548129969136,407,-0.17976448023537211,-0.006751897250029448,-0.21211916783945187,-0.03538990416249288,0.35626535626535627,1.7738708640533123,0.343980343980344
0.95,11,deep_slow,0.4,1.0,0.5,6,0.018002548129969136,407,-0.17976448023537211,-0.006751897250029448,-0.21211916783945187,-0.03538990416249288,0.35626535626535627,1.7738708640533123,0.343980343980344
0.8,10,deep_slow,0.4,2.5,1.5,6,0.02012685895493155,240,-0.1572761315212548,-0.00676330316645124,-0.09237764389679176,-0.08140014364804826,0.4791666666666667,1.0674594745863089,0.15416666666666667
0.85,10,deep_slow,0.4,2.5,1.5,6,0.02012685895493155,240,-0.1572761315212548,-0.00676330316645124,-0.09237764389679176,-0.08140014364804826,0.4791666666666667,1.0674594745863089,0.15416666666666667
0.8,10,base,0.8,4.0,2.5,24,0.041557390516231536,112,-0.23330718223519198,-0.006811192739561989,-0.07516504834287685,-0.10074865426753343,0.44642857142857145,1.2227616947987583,0.22321428571428573
0.85,10,base,0.8,4.0,2.5,24,0.041557390516231536,112,-0.23330718223519198,-0.006811192739561989,-0.07516504834287685,-0.10074865426753343,0.44642857142857145,1.2227616947987583,0.22321428571428573
0.9,11,shallow,0.6,1.0,0.75,24,0.025504051782762147,421,-0.1506318414549293,-0.006829058932865006,-0.12936909984858258,-0.05868970031861387,0.44418052256532065,1.2337430181552274,0.44418052256532065
0.95,11,shallow,0.6,1.0,0.75,24,0.025504051782762147,421,-0.1506318414549293,-0.006829058932865006,-0.12936909984858258,-0.05868970031861387,0.44418052256532065,1.2337430181552274,0.44418052256532065
0.9,11,deep_slow,0.8,1.0,0.75,6,0.03592704925670819,511,-0.13319906353890007,-0.006894607255510388,-0.09482833345962693,-0.08083536372843447,0.4500978473581213,1.2140100125643378,0.4246575342465753
0.95,11,deep_slow,0.8,1.0,0.75,6,0.03592704925670819,511,-0.13319906353890007,-0.006894607255510388,-0.09482833345962693,-0.08083536372843447,0.4500978473581213,1.2140100125643378,0.4246575342465753
0.8,10,base,0.7,4.0,1.5,24,0.034786761033208866,152,-0.23660678962478102,-0.006940681871026255,-0.0694002361474559,-0.1111911048248645,0.3355263157894737,1.9380847616191115,0.17763157894736842
0.85,10,base,0.7,4.0,1.5,24,0.034786761033208866,152,-0.23660678962478102,-0.006940681871026255,-0.0694002361474559,-0.1111911048248645,0.3355263157894737,1.9380847616191115,0.17763157894736842
0.9,11,shallow,0.8,2.0,1.5,6,0.03483165271979253,302,-0.14600642381090406,-0.006954116860469095,-0.06615749297953805,-0.1168668857414249,0.4768211920529801,1.080738075962019,0.2251655629139073
0.95,11,shallow,0.8,2.0,1.5,6,0.03483165271979253,302,-0.14600642381090406,-0.006954116860469095,-0.06615749297953805,-0.1168668857414249,0.4768211920529801,1.080738075962019,0.2251655629139073
0.8,10,deep_slow,0.5,2.0,1.0,6,0.02386910511055699,296,-0.16144442112768742,-0.006971679974700384,-0.1094158161244747,-0.07084112267234033,0.41216216216216217,1.4028022301606262,0.20608108108108109
0.85,10,deep_slow,0.5,2.0,1.0,6,0.02386910511055699,296,-0.16144442112768742,-0.006971679974700384,-0.1094158161244747,-0.07084112267234033,0.41216216216216217,1.4028022301606262,0.20608108108108109
0.9,11,deep_slow,0.4,2.0,1.5,12,0.018002548129969136,205,-0.16990793890726047,-0.006998781159369916,-0.10784086892007078,-0.07215500614827508,0.43902439024390244,1.2549248405224023,0.35609756097560974
0.95,11,deep_slow,0.4,2.0,1.5,12,0.018002548129969136,205,-0.16990793890726047,-0.006998781159369916,-0.10784086892007078,-0.07215500614827508,0.43902439024390244,1.2549248405224023,0.35609756097560974
0.8,10,deep_slow,0.5,4.0,2.0,24,0.02386910511055699,122,-0.23939431803825736,-0.0070237242589121784,-0.08158153830603437,-0.09571993281729618,0.4180327868852459,1.35875877661122,0.19672131147540983
0.85,10,deep_slow,0.5,4.0,2.0,24,0.02386910511055699,122,-0.23939431803825736,-0.0070237242589121784,-0.08158153830603437,-0.09571993281729618,0.4180327868852459,1.35875877661122,0.19672131147540983
0.8,10,base,0.7,2.0,1.5,6,0.034786761033208866,298,-0.14258649190037426,-0.007054590481168743,-0.08123904643476539,-0.09654572695544561,0.47651006711409394,1.0820610732785532,0.23825503355704697
0.85,10,base,0.7,2.0,1.5,6,0.034786761033208866,298,-0.14258649190037426,-0.007054590481168743,-0.08123904643476539,-0.09654572695544561,0.47651006711409394,1.0820610732785532,0.23825503355704697
0.8,10,deep_slow,0.6,2.0,0.75,24,0.027441884318986948,302,-0.17437361630381637,-0.0071204143998780944,-0.09477736697543028,-0.08352665409843163,0.2847682119205298,2.47146869711937,0.2814569536423841
0.85,10,deep_slow,0.6,2.0,0.75,24,0.027441884318986948,302,-0.17437361630381637,-0.0071204143998780944,-0.09477736697543028,-0.08352665409843163,0.2847682119205298,2.47146869711937,0.2814569536423841
0.8,10,shallow,0.6,4.0,2.0,24,0.0281987593635591,125,-0.2409980102971913,-0.007165651060069167,-0.07430439520044545,-0.10721720928437473,0.424,1.338707200632475,0.192
0.85,10,shallow,0.6,4.0,2.0,24,0.0281987593635591,125,-0.2409980102971913,-0.007165651060069167,-0.07430439520044545,-0.10721720928437473,0.424,1.338707200632475,0.192
0.8,10,base,0.5,2.0,0.5,6,0.023983485622980496,386,-0.18393191499413727,-0.0072772691696658676,-0.14964414299527734,-0.05406663351298535,0.2538860103626943,2.8845876082384243,0.15284974093264247
0.85,10,base,0.5,2.0,0.5,6,0.023983485622980496,386,-0.18393191499413727,-0.0072772691696658676,-0.14964414299527734,-0.05406663351298535,0.2538860103626943,2.8845876082384243,0.15284974093264247
0.9,11,base,0.5,3.0,0.75,24,0.02143757519805179,224,-0.22677543113753165,-0.007342167581401049,-0.12416936699258532,-0.06573987136142756,0.23214285714285715,3.2408450464493677,0.17857142857142858
0.95,11,base,0.5,3.0,0.75,24,0.02143757519805179,224,-0.22677543113753165,-0.007342167581401049,-0.12416936699258532,-0.06573987136142756,0.23214285714285715,3.2408450464493677,0.17857142857142858
0.8,10,deep_slow,0.8,2.0,0.75,24,0.03652372924092767,330,-0.16890605915356768,-0.007364831211082001,-0.10472318067033967,-0.07818770091281724,0.28484848484848485,2.4728986315023906,0.27575757575757576
0.85,10,deep_slow,0.8,2.0,0.75,24,0.03652372924092767,330,-0.16890605915356768,-0.007364831211082001,-0.10472318067033967,-0.07818770091281724,0.28484848484848485,2.4728986315023906,0.27575757575757576
0.8,10,deep_slow,0.5,1.5,1.0,24,0.02386910511055699,297,-0.17116562660250065,-0.007502281575072933,-0.12596832472844469,-0.0662135860399663,0.4074074074074074,1.431787060604663,0.40404040404040403
0.85,10,deep_slow,0.5,1.5,1.0,24,0.02386910511055699,297,-0.17116562660250065,-0.007502281575072933,-0.12596832472844469,-0.0662135860399663,0.4074074074074074,1.431787060604663,0.40404040404040403
0.8,10,base,0.4,3.0,0.75,24,0.018576634829056745,222,-0.24688280098058055,-0.007572123859847624,-0.13239171859421722,-0.06358728493576449,0.23423423423423423,3.1995017249538464,0.1891891891891892
0.85,10,base,0.4,3.0,0.75,24,0.018576634829056745,222,-0.24688280098058055,-0.007572123859847624,-0.13239171859421722,-0.06358728493576449,0.23423423423423423,3.1995017249538464,0.1891891891891892
0.9,11,base,0.6,1.0,0.5,12,0.02585215857847287,501,-0.1839713549276296,-0.0076346937269328174,-0.15410740562521566,-0.05507822935569329,0.35528942115768464,1.7845875684228714,0.35528942115768464
0.9,11,base,0.6,1.0,0.5,24,0.02585215857847287,501,-0.1839713549276296,-0.0076346937269328174,-0.15410740562521566,-0.05507822935569329,0.35528942115768464,1.7845875684228714,0.35528942115768464
0.95,11,base,0.6,1.0,0.5,12,0.02585215857847287,501,-0.1839713549276296,-0.0076346937269328174,-0.15410740562521566,-0.05507822935569329,0.35528942115768464,1.7845875684228714,0.35528942115768464
0.95,11,base,0.6,1.0,0.5,24,0.02585215857847287,501,-0.1839713549276296,-0.0076346937269328174,-0.15410740562521566,-0.05507822935569329,0.35528942115768464,1.7845875684228714,0.35528942115768464
0.9,11,deep_slow,0.7,2.5,0.75,24,0.03059831863119774,277,-0.20156855714502797,-0.007744485660035383,-0.09497883798614616,-0.09065147992227263,0.2527075812274368,2.894701552570006,0.22743682310469315
0.95,11,deep_slow,0.7,2.5,0.75,24,0.03059831863119774,277,-0.20156855714502797,-0.007744485660035383,-0.09497883798614616,-0.09065147992227263,0.2527075812274368,2.894701552570006,0.22743682310469315
0.8,10,shallow,0.4,2.0,0.5,24,0.016624676068168656,318,-0.22250684695081982,-0.007757930601247409,-0.18679319089291194,-0.04617359512004804,0.2169811320754717,3.5294491314728353,0.2169811320754717
0.85,10,shallow,0.4,2.0,0.5,24,0.016624676068168656,318,-0.22250684695081982,-0.007757930601247409,-0.18679319089291194,-0.04617359512004804,0.2169811320754717,3.5294491314728353,0.2169811320754717
0.8,10,deep_slow,0.6,2.5,1.5,6,0.027441884318986948,273,-0.16376570519802397,-0.007790126132910413,-0.09189119833274868,-0.09424940712272756,0.45787545787545786,1.161934588142107,0.15384615384615385
0.85,10,deep_slow,0.6,2.5,1.5,6,0.027441884318986948,273,-0.16376570519802397,-0.007790126132910413,-0.09189119833274868,-0.09424940712272756,0.45787545787545786,1.161934588142107,0.15384615384615385
0.8,10,shallow,0.8,1.5,0.75,24,0.04189406605295098,404,-0.15496815662305094,-0.007813870865680639,-0.12461067577079259,-0.0697137507386335,0.3465346534653465,1.8767205775174096,0.3465346534653465
0.85,10,shallow,0.8,1.5,0.75,24,0.04189406605295098,404,-0.15496815662305094,-0.007813870865680639,-0.12461067577079259,-0.0697137507386335,0.3465346534653465,1.8767205775174096,0.3465346534653465
0.8,10,base,0.5,2.0,1.5,6,0.023983485622980496,268,-0.1817410207928887,-0.007820857482198962,-0.0969213754284002,-0.08971025743268934,0.47761194029850745,1.0756229666399166,0.22761194029850745
0.85,10,base,0.5,2.0,1.5,6,0.023983485622980496,268,-0.1817410207928887,-0.007820857482198962,-0.0969213754284002,-0.08971025743268934,0.47761194029850745,1.0756229666399166,0.22761194029850745
0.8,10,deep_slow,0.4,2.0,1.5,24,0.02012685895493155,186,-0.20285781359348765,-0.007859201161474871,-0.10825101342203866,-0.08071472929260948,0.42473118279569894,1.3240497885952336,0.40860215053763443
0.85,10,deep_slow,0.4,2.0,1.5,24,0.02012685895493155,186,-0.20285781359348765,-0.007859201161474871,-0.10825101342203866,-0.08071472929260948,0.42473118279569894,1.3240497885952336,0.40860215053763443
0.9,11,deep_slow,0.4,2.0,1.5,6,0.018002548129969136,247,-0.18785721948297252,-0.007924983783217154,-0.13801438674020217,-0.06383792630241303,0.46153846153846156,1.1428750685535474,0.22672064777327935
0.95,11,deep_slow,0.4,2.0,1.5,6,0.018002548129969136,247,-0.18785721948297252,-0.007924983783217154,-0.13801438674020217,-0.06383792630241303,0.46153846153846156,1.1428750685535474,0.22672064777327935
0.9,11,shallow,0.8,2.0,0.5,24,0.03483165271979253,394,-0.20594755612745133,-0.00795776038621765,-0.115968600347718,-0.07628767660602676,0.2131979695431472,3.681952045345056,0.2131979695431472
0.95,11,shallow,0.8,2.0,0.5,24,0.03483165271979253,394,-0.20594755612745133,-0.00795776038621765,-0.115968600347718,-0.07628767660602676,0.2131979695431472,3.681952045345056,0.2131979695431472
0.9,11,base,0.6,2.0,0.75,6,0.02585215857847287,355,-0.18984490981555488,-0.008029415313922983,-0.1156948691038699,-0.07715641018427788,0.3436619718309859,1.876445739213184,0.19718309859154928
0.95,11,base,0.6,2.0,0.75,6,0.02585215857847287,355,-0.18984490981555488,-0.008029415313922983,-0.1156948691038699,-0.07715641018427788,0.3436619718309859,1.876445739213184,0.19718309859154928
0.9,11,base,0.4,1.0,0.5,12,0.016682884199823906,401,-0.2281857794373033,-0.008106231978549872,-0.23908927585901027,-0.03769287285666589,0.3491271820448878,1.8233665483186652,0.3491271820448878
0.9,11,base,0.4,1.0,0.5,24,0.016682884199823906,401,-0.2281857794373033,-0.008106231978549872,-0.23908927585901027,-0.03769287285666589,0.3491271820448878,1.8233665483186652,0.3491271820448878
0.95,11,base,0.4,1.0,0.5,12,0.016682884199823906,401,-0.2281857794373033,-0.008106231978549872,-0.23908927585901027,-0.03769287285666589,0.3491271820448878,1.8233665483186652,0.3491271820448878
0.95,11,base,0.4,1.0,0.5,24,0.016682884199823906,401,-0.2281857794373033,-0.008106231978549872,-0.23908927585901027,-0.03769287285666589,0.3491271820448878,1.8233665483186652,0.3491271820448878
0.9,11,shallow,0.5,1.0,0.5,12,0.02146249546792225,450,-0.20676996588146443,-0.008124038230864383,-0.2110188644399315,-0.04280066816292516,0.3488888888888889,1.8296744875162945,0.3488888888888889
0.9,11,shallow,0.5,1.0,0.5,24,0.02146249546792225,450,-0.20676996588146443,-0.008124038230864383,-0.2110188644399315,-0.04280066816292516,0.3488888888888889,1.8296744875162945,0.3488888888888889
0.95,11,shallow,0.5,1.0,0.5,12,0.02146249546792225,450,-0.20676996588146443,-0.008124038230864383,-0.2110188644399315,-0.04280066816292516,0.3488888888888889,1.8296744875162945,0.3488888888888889
0.95,11,shallow,0.5,1.0,0.5,24,0.02146249546792225,450,-0.20676996588146443,-0.008124038230864383,-0.2110188644399315,-0.04280066816292516,0.3488888888888889,1.8296744875162945,0.3488888888888889
0.8,10,shallow,0.4,2.0,0.5,12,0.016624676068168656,326,-0.23236868053087462,-0.008144557598271707,-0.2043346394965284,-0.04431235916908516,0.22392638036809817,3.385965795834073,0.19938650306748465
0.85,10,shallow,0.4,2.0,0.5,12,0.016624676068168656,326,-0.23236868053087462,-0.008144557598271707,-0.2043346394965284,-0.04431235916908516,0.22392638036809817,3.385965795834073,0.19938650306748465
0.8,10,shallow,0.5,2.0,0.5,6,0.02225569419366929,384,-0.21460705094542126,-0.008177992582549254,-0.22417884869332677,-0.04055558103606993,0.2552083333333333,2.857773120502231,0.16145833333333334
0.85,10,shallow,0.5,2.0,0.5,6,0.02225569419366929,384,-0.21460705094542126,-0.008177992582549254,-0.22417884869332677,-0.04055558103606993,0.2552083333333333,2.857773120502231,0.16145833333333334
0.9,11,deep_slow,0.6,3.0,0.75,24,0.026270004931272684,245,-0.25284083381919625,-0.00823430992159857,-0.13531658482187214,-0.06765086447656832,0.22857142857142856,3.304687411445954,0.18775510204081633
0.95,11,deep_slow,0.6,3.0,0.75,24,0.026270004931272684,245,-0.25284083381919625,-0.00823430992159857,-0.13531658482187214,-0.06765086447656832,0.22857142857142856,3.304687411445954,0.18775510204081633
0.8,10,base,0.5,1.0,0.75,12,0.023983485622980496,404,-0.1890853339361258,-0.0082506517674108,-0.1780451391921346,-0.0515175149159095,0.44554455445544555,1.2223937471918682,0.4430693069306931
0.85,10,base,0.5,1.0,0.75,12,0.023983485622980496,404,-0.1890853339361258,-0.0082506517674108,-0.1780451391921346,-0.0515175149159095,0.44554455445544555,1.2223937471918682,0.4430693069306931
0.8,10,shallow,0.8,2.0,0.5,24,0.04189406605295098,405,-0.20891933605009072,-0.008314636878337667,-0.1129273262193439,-0.0818539126087603,0.2123456790123457,3.6980572892395878,0.2123456790123457
0.85,10,shallow,0.8,2.0,0.5,24,0.04189406605295098,405,-0.20891933605009072,-0.008314636878337667,-0.1129273262193439,-0.0818539126087603,0.2123456790123457,3.6980572892395878,0.2123456790123457
0.9,11,shallow,0.5,2.0,0.75,6,0.02146249546792225,316,-0.19492752638604874,-0.008339155994487757,-0.16627285909653047,-0.05575647820160967,0.34177215189873417,1.8865950346840952,0.1962025316455696
0.95,11,shallow,0.5,2.0,0.75,6,0.02146249546792225,316,-0.19492752638604874,-0.008339155994487757,-0.16627285909653047,-0.05575647820160967,0.34177215189873417,1.8865950346840952,0.1962025316455696
0.8,10,shallow,0.5,1.5,0.5,24,0.02225569419366929,397,-0.2168554206002264,-0.008342794526408182,-0.20712300927734895,-0.04477934244496329,0.26700251889168763,2.689877656102928,0.26700251889168763
0.85,10,shallow,0.5,1.5,0.5,24,0.02225569419366929,397,-0.2168554206002264,-0.008342794526408182,-0.20712300927734895,-0.04477934244496329,0.26700251889168763,2.689877656102928,0.26700251889168763
0.8,10,base,0.4,3.0,2.0,24,0.018576634829056745,123,-0.3137118232924639,-0.008398735623344922,-0.10762370140679714,-0.08675592153390177,0.43089430894308944,1.2857419138990427,0.2926829268292683
0.85,10,base,0.4,3.0,2.0,24,0.018576634829056745,123,-0.3137118232924639,-0.008398735623344922,-0.10762370140679714,-0.08675592153390177,0.43089430894308944,1.2857419138990427,0.2926829268292683
0.8,10,deep_slow,0.7,2.5,2.0,6,0.03201506443356151,269,-0.16757620601156373,-0.008483522760155626,-0.09338312598783942,-0.10099477001834822,0.49814126394052044,0.9884461504579569,0.17843866171003717
0.85,10,deep_slow,0.7,2.5,2.0,6,0.03201506443356151,269,-0.16757620601156373,-0.008483522760155626,-0.09338312598783942,-0.10099477001834822,0.49814126394052044,0.9884461504579569,0.17843866171003717
0.9,11,base,0.8,3.0,2.0,24,0.03626824368319925,140,-0.28304643057029394,-0.00852050447645425,-0.10833971253728031,-0.08743147128887319,0.42857142857142855,1.301436739955199,0.29285714285714287
0.95,11,base,0.8,3.0,2.0,24,0.03626824368319925,140,-0.28304643057029394,-0.00852050447645425,-0.10833971253728031,-0.08743147128887319,0.42857142857142855,1.301436739955199,0.29285714285714287
0.8,10,deep_slow,0.5,2.0,1.5,12,0.02386910511055699,214,-0.21105358165223814,-0.008541474158539564,-0.11975628387295555,-0.07929104891059413,0.4485981308411215,1.2036781990320458,0.35514018691588783
0.85,10,deep_slow,0.5,2.0,1.5,12,0.02386910511055699,214,-0.21105358165223814,-0.008541474158539564,-0.11975628387295555,-0.07929104891059413,0.4485981308411215,1.2036781990320458,0.35514018691588783
0.8,10,base,0.5,1.0,0.5,12,0.023983485622980496,472,-0.2147113694792923,-0.008623624569378596,-0.26211306767156184,-0.036575375816367495,0.3580508474576271,1.7571796384689122,0.3580508474576271
0.8,10,base,0.5,1.0,0.5,24,0.023983485622980496,472,-0.2147113694792923,-0.008623624569378596,-0.26211306767156184,-0.036575375816367495,0.3580508474576271,1.7571796384689122,0.3580508474576271
0.85,10,base,0.5,1.0,0.5,12,0.023983485622980496,472,-0.2147113694792923,-0.008623624569378596,-0.26211306767156184,-0.036575375816367495,0.3580508474576271,1.7571796384689122,0.3580508474576271
0.85,10,base,0.5,1.0,0.5,24,0.023983485622980496,472,-0.2147113694792923,-0.008623624569378596,-0.26211306767156184,-0.036575375816367495,0.3580508474576271,1.7571796384689122,0.3580508474576271
0.9,11,base,0.4,2.5,1.0,12,0.016682884199823906,216,-0.24020643792169022,-0.008635812807949561,-0.1300758638631067,-0.07380636755534353,0.3333333333333333,1.953747602840205,0.2175925925925926
0.95,11,base,0.4,2.5,1.0,12,0.016682884199823906,216,-0.24020643792169022,-0.008635812807949561,-0.1300758638631067,-0.07380636755534353,0.3333333333333333,1.953747602840205,0.2175925925925926
0.9,11,shallow,0.5,1.5,0.75,24,0.02146249546792225,324,-0.20499037775201095,-0.008673753364984993,-0.17139825065726697,-0.05625836217618008,0.3487654320987654,1.830819065553596,0.3487654320987654
0.95,11,shallow,0.5,1.5,0.75,24,0.02146249546792225,324,-0.20499037775201095,-0.008673753364984993,-0.17139825065726697,-0.05625836217618008,0.3487654320987654,1.830819065553596,0.3487654320987654
0.9,11,shallow,0.6,2.0,1.5,6,0.025504051782762147,273,-0.20131800480502,-0.008675054617079181,-0.0986143074981455,-0.09779545175746096,0.47619047619047616,1.0778232774085894,0.2271062271062271
0.95,11,shallow,0.6,2.0,1.5,6,0.025504051782762147,273,-0.20131800480502,-0.008675054617079181,-0.0986143074981455,-0.09779545175746096,0.47619047619047616,1.0778232774085894,0.2271062271062271
0.9,11,base,0.8,2.0,0.5,12,0.03626824368319925,422,-0.22098623042437746,-0.008729541200970026,-0.1093426932342195,-0.08875374462066876,0.22274881516587677,3.4234598446996407,0.1943127962085308
0.95,11,base,0.8,2.0,0.5,12,0.03626824368319925,422,-0.22098623042437746,-0.008729541200970026,-0.1093426932342195,-0.08875374462066876,0.22274881516587677,3.4234598446996407,0.1943127962085308
0.9,11,deep_slow,0.7,1.5,1.0,12,0.03059831863119774,333,-0.2076713689836103,-0.00902746042784952,-0.11277330525350006,-0.08898914092905397,0.4174174174174174,1.3847126630097752,0.38738738738738737
0.95,11,deep_slow,0.7,1.5,1.0,12,0.03059831863119774,333,-0.2076713689836103,-0.00902746042784952,-0.11277330525350006,-0.08898914092905397,0.4174174174174174,1.3847126630097752,0.38738738738738737
0.9,11,shallow,0.5,1.0,0.5,6,0.02146249546792225,454,-0.23296579003696602,-0.009077762785609123,-0.24000037518334183,-0.042047812424996,0.3502202643171806,1.814547908198682,0.34140969162995594
0.95,11,shallow,0.5,1.0,0.5,6,0.02146249546792225,454,-0.23296579003696602,-0.009077762785609123,-0.24000037518334183,-0.042047812424996,0.3502202643171806,1.814547908198682,0.34140969162995594
0.8,10,shallow,0.4,2.0,1.0,12,0.016624676068168656,245,-0.2339329286295505,-0.009145568006980298,-0.12361940883140703,-0.08224298330854773,0.3551020408163265,1.7750763968546244,0.2897959183673469
0.85,10,shallow,0.4,2.0,1.0,12,0.016624676068168656,245,-0.2339329286295505,-0.009145568006980298,-0.12361940883140703,-0.08224298330854773,0.3551020408163265,1.7750763968546244,0.2897959183673469
0.9,11,shallow,0.5,1.5,0.75,6,0.02146249546792225,351,-0.20984532279731266,-0.009149830475515208,-0.21846789025949295,-0.04655862682762546,0.37606837606837606,1.6244091949494472,0.2962962962962963
0.95,11,shallow,0.5,1.5,0.75,6,0.02146249546792225,351,-0.20984532279731266,-0.009149830475515208,-0.21846789025949295,-0.04655862682762546,0.37606837606837606,1.6244091949494472,0.2962962962962963
0.8,10,shallow,0.5,1.0,0.75,12,0.02225569419366929,404,-0.21790129666379335,-0.009316682171196855,-0.2332638663655898,-0.04440015123132324,0.44801980198019803,1.2072132241244014,0.44801980198019803
0.8,10,shallow,0.5,1.0,0.75,24,0.02225569419366929,404,-0.21790129666379335,-0.009316682171196855,-0.2332638663655898,-0.04440015123132324,0.44801980198019803,1.2072132241244014,0.44801980198019803
0.85,10,shallow,0.5,1.0,0.75,12,0.02225569419366929,404,-0.21790129666379335,-0.009316682171196855,-0.2332638663655898,-0.04440015123132324,0.44801980198019803,1.2072132241244014,0.44801980198019803
0.85,10,shallow,0.5,1.0,0.75,24,0.02225569419366929,404,-0.21790129666379335,-0.009316682171196855,-0.2332638663655898,-0.04440015123132324,0.44801980198019803,1.2072132241244014,0.44801980198019803
0.8,10,shallow,0.4,1.0,0.5,6,0.016624676068168656,413,-0.2557088997735212,-0.009379741864959712,-0.23395385433848087,-0.04456868030871852,0.3583535108958838,1.7452230057665474,0.35108958837772397
0.85,10,shallow,0.4,1.0,0.5,6,0.016624676068168656,413,-0.2557088997735212,-0.009379741864959712,-0.23395385433848087,-0.04456868030871852,0.3583535108958838,1.7452230057665474,0.35108958837772397
0.8,10,base,0.8,1.0,0.75,24,0.041557390516231536,503,-0.18982746057727296,-0.009414657032554175,-0.14752420135948272,-0.07094298663535448,0.44731610337972166,1.2225399216942303,0.44731610337972166
0.85,10,base,0.8,1.0,0.75,24,0.041557390516231536,503,-0.18982746057727296,-0.009414657032554175,-0.14752420135948272,-0.07094298663535448,0.44731610337972166,1.2225399216942303,0.44731610337972166
0.8,10,base,0.8,1.5,0.75,12,0.041557390516231536,416,-0.19132421353932877,-0.009432989832708127,-0.17382989585115122,-0.060324354474298625,0.3581730769230769,1.7783362868890833,0.3389423076923077
0.85,10,base,0.8,1.5,0.75,12,0.041557390516231536,416,-0.19132421353932877,-0.009432989832708127,-0.17382989585115122,-0.060324354474298625,0.3581730769230769,1.7783362868890833,0.3389423076923077
0.8,10,base,0.4,2.0,1.0,6,0.018576634829056745,274,-0.23956822901468566,-0.009487772154453733,-0.2235389361821291,-0.047182126469157204,0.4051094890510949,1.4331028637823306,0.2116788321167883
0.85,10,base,0.4,2.0,1.0,6,0.018576634829056745,274,-0.23956822901468566,-0.009487772154453733,-0.2235389361821291,-0.047182126469157204,0.4051094890510949,1.4331028637823306,0.2116788321167883
0.9,11,base,0.7,2.0,0.75,24,0.030935384207832782,310,-0.24042082919168492,-0.009583910677284146,-0.12950102942534542,-0.08226850824835197,0.2838709677419355,2.470389326198775,0.2806451612903226
0.95,11,base,0.7,2.0,0.75,24,0.030935384207832782,310,-0.24042082919168492,-0.009583910677284146,-0.12950102942534542,-0.08226850824835197,0.2838709677419355,2.470389326198775,0.2806451612903226
0.8,10,shallow,0.8,2.0,0.75,6,0.04189406605295098,387,-0.22040757638302008,-0.00968509482412927,-0.11641996463303896,-0.09247791257741389,0.35142118863049093,1.8217163866384085,0.18863049095607234
0.85,10,shallow,0.8,2.0,0.75,6,0.04189406605295098,387,-0.22040757638302008,-0.00968509482412927,-0.11641996463303896,-0.09247791257741389,0.35142118863049093,1.8217163866384085,0.18863049095607234
0.9,11,deep_slow,0.6,2.0,1.5,6,0.026270004931272684,279,-0.21916830894826234,-0.009768430790903504,-0.12757708149826733,-0.08511609706509249,0.46953405017921146,1.1047029541606181,0.23297491039426524
0.95,11,deep_slow,0.6,2.0,1.5,6,0.026270004931272684,279,-0.21916830894826234,-0.009768430790903504,-0.12757708149826733,-0.08511609706509249,0.46953405017921146,1.1047029541606181,0.23297491039426524
0.9,11,shallow,0.6,1.0,0.75,12,0.025504051782762147,421,-0.22990011210716385,-0.009951146668206068,-0.17926129167351312,-0.06170803029515315,0.4418052256532066,1.2375982321024832,0.4418052256532066
0.95,11,shallow,0.6,1.0,0.75,12,0.025504051782762147,421,-0.22990011210716385,-0.009951146668206068,-0.17926129167351312,-0.06170803029515315,0.4418052256532066,1.2375982321024832,0.4418052256532066
0.8,10,deep_slow,0.6,2.0,1.0,24,0.027441884318986948,254,-0.24454255612386483,-0.010001763615526404,-0.10774100013061878,-0.10319280554182653,0.3346456692913386,1.9447319863643404,0.33070866141732286
0.85,10,deep_slow,0.6,2.0,1.0,24,0.027441884318986948,254,-0.24454255612386483,-0.010001763615526404,-0.10774100013061878,-0.10319280554182653,0.3346456692913386,1.9447319863643404,0.33070866141732286
0.9,11,deep_slow,0.6,1.0,0.5,6,0.026270004931272684,516,-0.2381532474203079,-0.01002156126022824,-0.24978651683727196,-0.04459844786166045,0.3546511627906977,1.78088762838956,0.3430232558139535
0.95,11,deep_slow,0.6,1.0,0.5,6,0.026270004931272684,516,-0.2381532474203079,-0.01002156126022824,-0.24978651683727196,-0.04459844786166045,0.3546511627906977,1.78088762838956,0.3430232558139535
0.8,10,shallow,0.7,1.5,1.0,24,0.034650808039162956,331,-0.21852587668753817,-0.010030614317326103,-0.11800777459572966,-0.09448656051454052,0.40181268882175225,1.460967684163154,0.40181268882175225
0.85,10,shallow,0.7,1.5,1.0,24,0.034650808039162956,331,-0.21852587668753817,-0.010030614317326103,-0.11800777459572966,-0.09448656051454052,0.40181268882175225,1.460967684163154,0.40181268882175225
0.8,10,shallow,0.7,1.0,0.5,12,0.034650808039162956,559,-0.2321100633881131,-0.010055354843545361,-0.17536442160429386,-0.06373946819857867,0.3542039355992844,1.7875926668655655,0.3542039355992844
0.8,10,shallow,0.7,1.0,0.5,24,0.034650808039162956,559,-0.2321100633881131,-0.010055354843545361,-0.17536442160429386,-0.06373946819857867,0.3542039355992844,1.7875926668655655,0.3542039355992844
0.85,10,shallow,0.7,1.0,0.5,12,0.034650808039162956,559,-0.2321100633881131,-0.010055354843545361,-0.17536442160429386,-0.06373946819857867,0.3542039355992844,1.7875926668655655,0.3542039355992844
0.85,10,shallow,0.7,1.0,0.5,24,0.034650808039162956,559,-0.2321100633881131,-0.010055354843545361,-0.17536442160429386,-0.06373946819857867,0.3542039355992844,1.7875926668655655,0.3542039355992844
0.8,10,deep_slow,0.6,2.0,1.5,24,0.027441884318986948,201,-0.2533373352490667,-0.010074848632189215,-0.1025810263037207,-0.10917508373016571,0.4228855721393035,1.329705992948033,0.4079601990049751
0.85,10,deep_slow,0.6,2.0,1.5,24,0.027441884318986948,201,-0.2533373352490667,-0.010074848632189215,-0.1025810263037207,-0.10917508373016571,0.4228855721393035,1.329705992948033,0.4079601990049751
0.9,11,deep_slow,0.6,3.0,0.75,12,0.026270004931272684,265,-0.30378718436275887,-0.01009034322315483,-0.19057755927543976,-0.05885533578698887,0.25660377358490566,2.8251572035395625,0.1509433962264151
0.95,11,deep_slow,0.6,3.0,0.75,12,0.026270004931272684,265,-0.30378718436275887,-0.01009034322315483,-0.19057755927543976,-0.05885533578698887,0.25660377358490566,2.8251572035395625,0.1509433962264151
0.9,11,deep_slow,0.8,2.0,0.75,24,0.03592704925670819,330,-0.24139212496449747,-0.010104699743537227,-0.1267792728215477,-0.08859852015280623,0.2818181818181818,2.5304529228079717,0.2787878787878788
0.95,11,deep_slow,0.8,2.0,0.75,24,0.03592704925670819,330,-0.24139212496449747,-0.010104699743537227,-0.1267792728215477,-0.08859852015280623,0.2818181818181818,2.5304529228079717,0.2787878787878788
0.8,10,deep_slow,0.4,3.0,0.75,24,0.02012685895493155,222,-0.30058795324163906,-0.01020108143120535,-0.15504257219431572,-0.07313818794606897,0.22972972972972974,3.2570988489685,0.18468468468468469
0.85,10,deep_slow,0.4,3.0,0.75,24,0.02012685895493155,222,-0.30058795324163906,-0.01020108143120535,-0.15504257219431572,-0.07313818794606897,0.22972972972972974,3.2570988489685,0.18468468468468469
0.8,10,base,0.4,1.5,0.75,12,0.018576634829056745,315,-0.2558851699043863,-0.010206368713278846,-0.23506271750109417,-0.048265445345100244,0.35555555555555557,1.7689696973704483,0.346031746031746
0.85,10,base,0.4,1.5,0.75,12,0.018576634829056745,315,-0.2558851699043863,-0.010206368713278846,-0.23506271750109417,-0.048265445345100244,0.35555555555555557,1.7689696973704483,0.346031746031746
0.9,11,shallow,0.6,2.0,0.75,12,0.025504051782762147,294,-0.26955256359844443,-0.010209011475943552,-0.13711655124427813,-0.08276420784943062,0.29931972789115646,2.28391221313396,0.25170068027210885
0.95,11,shallow,0.6,2.0,0.75,12,0.025504051782762147,294,-0.26955256359844443,-0.010209011475943552,-0.13711655124427813,-0.08276420784943062,0.29931972789115646,2.28391221313396,0.25170068027210885
0.8,10,deep_slow,0.8,3.0,2.5,12,0.03652372924092767,169,-0.3079463754876994,-0.010231778030118432,-0.11171546096705023,-0.1018089647919308,0.47928994082840237,1.0552843314350455,0.21301775147928995
0.85,10,deep_slow,0.8,3.0,2.5,12,0.03652372924092767,169,-0.3079463754876994,-0.010231778030118432,-0.11171546096705023,-0.1018089647919308,0.47928994082840237,1.0552843314350455,0.21301775147928995
0.8,10,deep_slow,0.5,2.5,0.5,12,0.02386910511055699,322,-0.29656383472872855,-0.010267025620941617,-0.1743461132023209,-0.06546055823636021,0.21428571428571427,3.5616401543815903,0.15217391304347827
0.85,10,deep_slow,0.5,2.5,0.5,12,0.02386910511055699,322,-0.29656383472872855,-0.010267025620941617,-0.1743461132023209,-0.06546055823636021,0.21428571428571427,3.5616401543815903,0.15217391304347827
0.8,10,shallow,0.7,1.5,1.0,6,0.034650808039162956,377,-0.2131118760102371,-0.010295583469213998,-0.1322095350881368,-0.08656350118648837,0.4350132625994695,1.2735163423950708,0.3183023872679045
0.85,10,shallow,0.7,1.5,1.0,6,0.034650808039162956,377,-0.2131118760102371,-0.010295583469213998,-0.1322095350881368,-0.08656350118648837,0.4350132625994695,1.2735163423950708,0.3183023872679045
0.9,11,base,0.4,4.0,2.5,24,0.016682884199823906,98,-0.4259876471608327,-0.010311686268035247,-0.1401526405782186,-0.08178518481353747,0.46938775510204084,1.0798768493317836,0.22448979591836735
0.95,11,base,0.4,4.0,2.5,24,0.016682884199823906,98,-0.4259876471608327,-0.010311686268035247,-0.1401526405782186,-0.08178518481353747,0.46938775510204084,1.0798768493317836,0.22448979591836735
0.8,10,deep_slow,0.4,2.5,0.75,12,0.02012685895493155,257,-0.27087957308310256,-0.010547758929274065,-0.18026429602344263,-0.06504155540615575,0.2723735408560311,2.5987294113231845,0.19455252918287938
0.85,10,deep_slow,0.4,2.5,0.75,12,0.02012685895493155,257,-0.27087957308310256,-0.010547758929274065,-0.18026429602344263,-0.06504155540615575,0.2723735408560311,2.5987294113231845,0.19455252918287938
0.8,10,base,0.6,2.5,2.0,6,0.028890652717152483,253,-0.2396429852050404,-0.010548552060232863,-0.13177438888391116,-0.08898201994562605,0.4782608695652174,1.0633815034815624,0.18181818181818182
0.85,10,base,0.6,2.5,2.0,6,0.028890652717152483,253,-0.2396429852050404,-0.010548552060232863,-0.13177438888391116,-0.08898201994562605,0.4782608695652174,1.0633815034815624,0.18181818181818182
0.8,10,deep_slow,0.4,2.0,0.75,12,0.02012685895493155,278,-0.26811114943681486,-0.01056088644417097,-0.1647869571761972,-0.07123897403108959,0.3057553956834532,2.21102147746833,0.25539568345323743
0.85,10,deep_slow,0.4,2.0,0.75,12,0.02012685895493155,278,-0.26811114943681486,-0.01056088644417097,-0.1647869571761972,-0.07123897403108959,0.3057553956834532,2.21102147746833,0.25539568345323743
0.8,10,shallow,0.4,1.0,0.75,6,0.016624676068168656,371,-0.2629188956075306,-0.010592308135979,-0.26920350729754794,-0.04373702501429344,0.4474393530997305,1.2033360776670938,0.42857142857142855
0.85,10,shallow,0.4,1.0,0.75,6,0.016624676068168656,371,-0.2629188956075306,-0.010592308135979,-0.26920350729754794,-0.04373702501429344,0.4474393530997305,1.2033360776670938,0.42857142857142855
0.8,10,shallow,0.5,1.0,0.75,6,0.02225569419366929,413,-0.2513978720520377,-0.010653711214093309,-0.261884507361602,-0.045219832886748246,0.44552058111380144,1.2155007687993558,0.42857142857142855
0.85,10,shallow,0.5,1.0,0.75,6,0.02225569419366929,413,-0.2513978720520377,-0.010653711214093309,-0.261884507361602,-0.045219832886748246,0.44552058111380144,1.2155007687993558,0.42857142857142855
0.9,11,shallow,0.8,1.5,0.75,24,0.03483165271979253,385,-0.23446116813513804,-0.010711135878838984,-0.15378853784008692,-0.0774190773468667,0.34805194805194806,1.85358270392777,0.34805194805194806
0.95,11,shallow,0.8,1.5,0.75,24,0.03483165271979253,385,-0.23446116813513804,-0.010711135878838984,-0.15378853784008692,-0.0774190773468667,0.34805194805194806,1.85358270392777,0.34805194805194806
0.8,10,deep_slow,0.5,2.0,0.5,6,0.02386910511055699,376,-0.298832124230477,-0.01071754516717549,-0.22790593607420276,-0.05227282344002626,0.2632978723404255,2.7191626160651103,0.15691489361702127
0.85,10,deep_slow,0.5,2.0,0.5,6,0.02386910511055699,376,-0.298832124230477,-0.01071754516717549,-0.22790593607420276,-0.05227282344002626,0.2632978723404255,2.7191626160651103,0.15691489361702127
0.9,11,shallow,0.5,2.0,1.5,12,0.02146249546792225,210,-0.2741390408521812,-0.010793434113841593,-0.15054324193866178,-0.07969531490305237,0.45714285714285713,1.1556434501368371,0.3333333333333333
0.95,11,shallow,0.5,2.0,1.5,12,0.02146249546792225,210,-0.2741390408521812,-0.010793434113841593,-0.15054324193866178,-0.07969531490305237,0.45714285714285713,1.1556434501368371,0.3333333333333333
0.8,10,base,0.7,1.0,0.75,6,0.034786761033208866,486,-0.2266719013176527,-0.010805368512402769,-0.16766049728010157,-0.07163791717479073,0.4444444444444444,1.232795411095683,0.42386831275720166
0.85,10,base,0.7,1.0,0.75,6,0.034786761033208866,486,-0.2266719013176527,-0.010805368512402769,-0.16766049728010157,-0.07163791717479073,0.4444444444444444,1.232795411095683,0.42386831275720166
0.9,11,shallow,0.5,3.0,1.5,24,0.02146249546792225,151,-0.3445340816045365,-0.010822302537860429,-0.11935788350666054,-0.10078647667778085,0.3708609271523179,1.6297425259583607,0.2582781456953642
0.95,11,shallow,0.5,3.0,1.5,24,0.02146249546792225,151,-0.3445340816045365,-0.010822302537860429,-0.11935788350666054,-0.10078647667778085,0.3708609271523179,1.6297425259583607,0.2582781456953642
0.8,10,deep_slow,0.4,2.0,0.5,12,0.02012685895493155,327,-0.300346284763712,-0.010889395658212453,-0.23178257613115344,-0.05222218602714168,0.22018348623853212,3.43467464664664,0.19571865443425077
0.85,10,deep_slow,0.4,2.0,0.5,12,0.02012685895493155,327,-0.300346284763712,-0.010889395658212453,-0.23178257613115344,-0.05222218602714168,0.22018348623853212,3.43467464664664,0.19571865443425077
0.8,10,base,0.6,2.0,1.5,6,0.028890652717152483,282,-0.24953592902889765,-0.010928669109470657,-0.15167046666217196,-0.08009351340838111,0.48226950354609927,1.0471263821151733,0.22695035460992907
0.85,10,base,0.6,2.0,1.5,6,0.028890652717152483,282,-0.24953592902889765,-0.010928669109470657,-0.15167046666217196,-0.08009351340838111,0.48226950354609927,1.0471263821151733,0.22695035460992907
0.9,11,base,0.5,2.0,1.5,12,0.02143757519805179,212,-0.2923624362289324,-0.01103115792878806,-0.1790939836036578,-0.0684650107861774,0.4528301886792453,1.175853597264323,0.3443396226415094
0.95,11,base,0.5,2.0,1.5,12,0.02143757519805179,212,-0.2923624362289324,-0.01103115792878806,-0.1790939836036578,-0.0684650107861774,0.4528301886792453,1.175853597264323,0.3443396226415094
0.8,10,deep_slow,0.5,1.0,0.5,12,0.02386910511055699,463,-0.2874975439306609,-0.011156179163344548,-0.31115232503560414,-0.039853634707395225,0.3563714902807775,1.7588841257994048,0.3563714902807775
0.8,10,deep_slow,0.5,1.0,0.5,24,0.02386910511055699,463,-0.2874975439306609,-0.011156179163344548,-0.31115232503560414,-0.039853634707395225,0.3563714902807775,1.7588841257994048,0.3563714902807775
0.85,10,deep_slow,0.5,1.0,0.5,12,0.02386910511055699,463,-0.2874975439306609,-0.011156179163344548,-0.31115232503560414,-0.039853634707395225,0.3563714902807775,1.7588841257994048,0.3563714902807775
0.85,10,deep_slow,0.5,1.0,0.5,24,0.02386910511055699,463,-0.2874975439306609,-0.011156179163344548,-0.31115232503560414,-0.039853634707395225,0.3563714902807775,1.7588841257994048,0.3563714902807775
0.8,10,shallow,0.8,1.5,1.0,24,0.04189406605295098,348,-0.23581115720663046,-0.011161773889420634,-0.12710286434573903,-0.09761200904535983,0.40229885057471265,1.469474393060374,0.40229885057471265
0.85,10,shallow,0.8,1.5,1.0,24,0.04189406605295098,348,-0.23581115720663046,-0.011161773889420634,-0.12710286434573903,-0.09761200904535983,0.40229885057471265,1.469474393060374,0.40229885057471265
0.9,11,shallow,0.4,3.0,2.0,24,0.017780104391063124,118,-0.40963143879608255,-0.011223567895426445,-0.18116762189287827,-0.06886113968339602,0.4406779661016949,1.222872558954546,0.288135593220339
0.95,11,shallow,0.4,3.0,2.0,24,0.017780104391063124,118,-0.40963143879608255,-0.011223567895426445,-0.18116762189287827,-0.06886113968339602,0.4406779661016949,1.222872558954546,0.288135593220339
0.8,10,deep_slow,0.5,2.0,0.5,12,0.02386910511055699,345,-0.3235899174942485,-0.011263753817275957,-0.22558880520918298,-0.055499423361273004,0.23768115942028986,3.1109324745233224,0.2
0.85,10,deep_slow,0.5,2.0,0.5,12,0.02386910511055699,345,-0.3235899174942485,-0.011263753817275957,-0.22558880520918298,-0.055499423361273004,0.23768115942028986,3.1109324745233224,0.2
0.8,10,deep_slow,0.4,2.0,0.75,24,0.02012685895493155,263,-0.29867031498437197,-0.011344177104841702,-0.16674161436845628,-0.0756223007950384,0.2813688212927757,2.4805855008552773,0.27756653992395436
0.85,10,deep_slow,0.4,2.0,0.75,24,0.02012685895493155,263,-0.29867031498437197,-0.011344177104841702,-0.16674161436845628,-0.0756223007950384,0.2813688212927757,2.4805855008552773,0.27756653992395436
0.8,10,deep_slow,0.4,2.0,1.0,6,0.02012685895493155,276,-0.2819824447166803,-0.011364982745967978,-0.2089705879524912,-0.06045107045798337,0.40942028985507245,1.4009878850782975,0.20652173913043478
0.85,10,deep_slow,0.4,2.0,1.0,6,0.02012685895493155,276,-0.2819824447166803,-0.011364982745967978,-0.2089705879524912,-0.06045107045798337,0.40942028985507245,1.4009878850782975,0.20652173913043478
0.9,11,deep_slow,0.6,3.0,1.0,24,0.026270004931272684,201,-0.368556895221441,-0.011369653650988187,-0.15277429496865308,-0.08272127351405723,0.27860696517412936,2.514754434503231,0.21890547263681592
0.95,11,deep_slow,0.6,3.0,1.0,24,0.026270004931272684,201,-0.368556895221441,-0.011369653650988187,-0.15277429496865308,-0.08272127351405723,0.27860696517412936,2.514754434503231,0.21890547263681592
0.8,10,base,0.8,1.0,0.75,12,0.041557390516231536,503,-0.2351679936404163,-0.011396997949850718,-0.1738752908311396,-0.07285715261122683,0.44731610337972166,1.2183263971237137,0.44532803180914515
0.85,10,base,0.8,1.0,0.75,12,0.041557390516231536,503,-0.2351679936404163,-0.011396997949850718,-0.1738752908311396,-0.07285715261122683,0.44731610337972166,1.2183263971237137,0.44532803180914515
0.9,11,deep_slow,0.5,2.0,1.5,6,0.02227660444433337,266,-0.274760886934099,-0.011487542602166112,-0.13333221181962068,-0.09576557521740237,0.45864661654135336,1.1490699277862617,0.23308270676691728
0.95,11,deep_slow,0.5,2.0,1.5,6,0.02227660444433337,266,-0.274760886934099,-0.011487542602166112,-0.13333221181962068,-0.09576557521740237,0.45864661654135336,1.1490699277862617,0.23308270676691728
0.9,11,base,0.5,2.0,1.0,12,0.02143757519805179,248,-0.3063308751561539,-0.01153183639752009,-0.19146184141937836,-0.06694721628391154,0.3629032258064516,1.707414283501824,0.2862903225806452
0.95,11,base,0.5,2.0,1.0,12,0.02143757519805179,248,-0.3063308751561539,-0.01153183639752009,-0.19146184141937836,-0.06694721628391154,0.3629032258064516,1.707414283501824,0.2862903225806452
0.8,10,shallow,0.8,3.0,2.0,24,0.04189406605295098,145,-0.3368333116650031,-0.011558349425975445,-0.1435539351160019,-0.08949450066301479,0.42758620689655175,1.297831497100341,0.2827586206896552
0.85,10,shallow,0.8,3.0,2.0,24,0.04189406605295098,145,-0.3368333116650031,-0.011558349425975445,-0.1435539351160019,-0.08949450066301479,0.42758620689655175,1.297831497100341,0.2827586206896552
0.9,11,deep_slow,0.6,1.5,0.75,12,0.026270004931272684,354,-0.28290553592895457,-0.011667813083494072,-0.2302487002727892,-0.056325521206412654,0.3559322033898305,1.7650920855645607,0.3333333333333333
0.95,11,deep_slow,0.6,1.5,0.75,12,0.026270004931272684,354,-0.28290553592895457,-0.011667813083494072,-0.2302487002727892,-0.056325521206412654,0.3559322033898305,1.7650920855645607,0.3333333333333333
0.8,10,deep_slow,0.6,3.0,2.5,24,0.027441884318986948,121,-0.36870774788133337,-0.011686327097755855,-0.1431377880590902,-0.09074782500545242,0.5206611570247934,0.8885655993114969,0.3140495867768595
0.85,10,deep_slow,0.6,3.0,2.5,24,0.027441884318986948,121,-0.36870774788133337,-0.011686327097755855,-0.1431377880590902,-0.09074782500545242,0.5206611570247934,0.8885655993114969,0.3140495867768595
0.8,10,shallow,0.5,1.5,0.5,12,0.02225569419366929,399,-0.31162438945615806,-0.01171501500054728,-0.2903138152709805,-0.044852528399246694,0.2706766917293233,2.6180543306323814,0.2606516290726817
0.85,10,shallow,0.5,1.5,0.5,12,0.02225569419366929,399,-0.31162438945615806,-0.01171501500054728,-0.2903138152709805,-0.044852528399246694,0.2706766917293233,2.6180543306323814,0.2606516290726817
0.9,11,base,0.6,1.5,1.0,6,0.02585215857847287,360,-0.2621666733783687,-0.011760215684741837,-0.17098118728065484,-0.07645002510635679,0.42777777777777776,1.3073579474977166,0.3277777777777778
0.95,11,base,0.6,1.5,1.0,6,0.02585215857847287,360,-0.2621666733783687,-0.011760215684741837,-0.17098118728065484,-0.07645002510635679,0.42777777777777776,1.3073579474977166,0.3277777777777778
0.9,11,base,0.6,1.5,1.0,24,0.02585215857847287,312,-0.28711337603614395,-0.01194397970479999,-0.1521572782839822,-0.08724940742628295,0.40384615384615385,1.4408730546992923,0.40064102564102566
0.95,11,base,0.6,1.5,1.0,24,0.02585215857847287,312,-0.28711337603614395,-0.01194397970479999,-0.1521572782839822,-0.08724940742628295,0.40384615384615385,1.4408730546992923,0.40064102564102566
0.8,10,base,0.4,1.5,0.75,6,0.018576634829056745,334,-0.3005139744393505,-0.012076047573664095,-0.279945408052525,-0.04794622106926916,0.36826347305389223,1.6662349582459546,0.2994011976047904
0.85,10,base,0.4,1.5,0.75,6,0.018576634829056745,334,-0.3005139744393505,-0.012076047573664095,-0.279945408052525,-0.04794622106926916,0.36826347305389223,1.6662349582459546,0.2994011976047904
0.8,10,shallow,0.7,2.5,0.75,12,0.034650808039162956,311,-0.2942039362286189,-0.012086511571089864,-0.139764268542462,-0.09611860862856125,0.27009646302250806,2.6313145630368044,0.18971061093247588
0.85,10,shallow,0.7,2.5,0.75,12,0.034650808039162956,311,-0.2942039362286189,-0.012086511571089864,-0.139764268542462,-0.09611860862856125,0.27009646302250806,2.6313145630368044,0.18971061093247588
0.8,10,deep_slow,0.7,3.0,2.5,24,0.03201506443356151,121,-0.4148049080121631,-0.01215353919111728,-0.13552090798080357,-0.09967757776846531,0.5041322314049587,0.9477154911848507,0.2975206611570248
0.85,10,deep_slow,0.7,3.0,2.5,24,0.03201506443356151,121,-0.4148049080121631,-0.01215353919111728,-0.13552090798080357,-0.09967757776846531,0.5041322314049587,0.9477154911848507,0.2975206611570248
0.9,11,shallow,0.5,1.5,0.75,12,0.02146249546792225,329,-0.29870627236744873,-0.012322388222449021,-0.23080277481973982,-0.05934043505933817,0.3525835866261398,1.7857106438833188,0.3373860182370821
0.95,11,shallow,0.5,1.5,0.75,12,0.02146249546792225,329,-0.29870627236744873,-0.012322388222449021,-0.23080277481973982,-0.05934043505933817,0.3525835866261398,1.7857106438833188,0.3373860182370821
0.8,10,deep_slow,0.8,2.5,0.75,12,0.03652372924092767,317,-0.3033379887360159,-0.01232377701977716,-0.15114387531434065,-0.09062543599258899,0.28391167192429023,2.4568272473877664,0.1892744479495268
0.85,10,deep_slow,0.8,2.5,0.75,12,0.03652372924092767,317,-0.3033379887360159,-0.01232377701977716,-0.15114387531434065,-0.09062543599258899,0.28391167192429023,2.4568272473877664,0.1892744479495268
0.9,11,base,0.6,1.0,0.75,12,0.02585215857847287,434,-0.29309871831741924,-0.012382805629557958,-0.24480850533398865,-0.05621962361597643,0.4470046082949309,1.2062496775449154,0.4470046082949309
0.9,11,base,0.6,1.0,0.75,24,0.02585215857847287,434,-0.29309871831741924,-0.012382805629557958,-0.24480850533398865,-0.05621962361597643,0.4470046082949309,1.2062496775449154,0.4470046082949309
0.95,11,base,0.6,1.0,0.75,12,0.02585215857847287,434,-0.29309871831741924,-0.012382805629557958,-0.24480850533398865,-0.05621962361597643,0.4470046082949309,1.2062496775449154,0.4470046082949309
0.95,11,base,0.6,1.0,0.75,24,0.02585215857847287,434,-0.29309871831741924,-0.012382805629557958,-0.24480850533398865,-0.05621962361597643,0.4470046082949309,1.2062496775449154,0.4470046082949309
0.8,10,deep_slow,0.5,3.0,0.75,12,0.02386910511055699,257,-0.3472989285056177,-0.012383403800606763,-0.1904819341533643,-0.07225727977206253,0.26848249027237353,2.6375900177502483,0.1556420233463035
0.85,10,deep_slow,0.5,3.0,0.75,12,0.02386910511055699,257,-0.3472989285056177,-0.012383403800606763,-0.1904819341533643,-0.07225727977206253,0.26848249027237353,2.6375900177502483,0.1556420233463035
0.9,11,base,0.4,1.0,0.5,6,0.016682884199823906,406,-0.3572975581277717,-0.01239471065559783,-0.3749975541981077,-0.03673694562079455,0.3497536945812808,1.7970454921355843,0.3399014778325123
0.95,11,base,0.4,1.0,0.5,6,0.016682884199823906,406,-0.3572975581277717,-0.01239471065559783,-0.3749975541981077,-0.03673694562079455,0.3497536945812808,1.7970454921355843,0.3399014778325123
0.9,11,deep_slow,0.6,1.5,0.75,24,0.026270004931272684,350,-0.30213855260393213,-0.012419128348929998,-0.26372490820448213,-0.052340088577703114,0.3457142857142857,1.843282391394033,0.3457142857142857
0.95,11,deep_slow,0.6,1.5,0.75,24,0.026270004931272684,350,-0.30213855260393213,-0.012419128348929998,-0.26372490820448213,-0.052340088577703114,0.3457142857142857,1.843282391394033,0.3457142857142857
0.8,10,base,0.8,3.0,1.5,12,0.041557390516231536,209,-0.3736313490957014,-0.012474882195139703,-0.12866988479034006,-0.10775877824497704,0.42105263157894735,1.3336452819151867,0.17703349282296652
0.85,10,base,0.8,3.0,1.5,12,0.041557390516231536,209,-0.3736313490957014,-0.012474882195139703,-0.12866988479034006,-0.10775877824497704,0.42105263157894735,1.3336452819151867,0.17703349282296652
0.8,10,shallow,0.7,1.5,0.75,24,0.034650808039162956,388,-0.2748837381022367,-0.012550983720455933,-0.19579836794026656,-0.07124591141969538,0.34536082474226804,1.850859539772579,0.34536082474226804
0.85,10,shallow,0.7,1.5,0.75,24,0.034650808039162956,388,-0.2748837381022367,-0.012550983720455933,-0.19579836794026656,-0.07124591141969538,0.34536082474226804,1.850859539772579,0.34536082474226804
0.8,10,deep_slow,0.5,3.0,1.5,24,0.02386910511055699,160,-0.3684403078043508,-0.012640509254281063,-0.13883529157322638,-0.10119376210672415,0.375,1.595716976710042,0.2625
0.85,10,deep_slow,0.5,3.0,1.5,24,0.02386910511055699,160,-0.3684403078043508,-0.012640509254281063,-0.13883529157322638,-0.10119376210672415,0.375,1.595716976710042,0.2625
0.8,10,base,0.5,1.0,0.75,6,0.023983485622980496,416,-0.298696381488049,-0.012646230086819532,-0.2848520496233189,-0.049343577982218556,0.4423076923076923,1.226447626298778,0.4230769230769231
0.85,10,base,0.5,1.0,0.75,6,0.023983485622980496,416,-0.298696381488049,-0.012646230086819532,-0.2848520496233189,-0.049343577982218556,0.4423076923076923,1.226447626298778,0.4230769230769231
0.8,10,base,0.4,1.5,0.5,6,0.018576634829056745,378,-0.344936218886778,-0.012842963483943648,-0.30542334314004965,-0.04673552154323812,0.2857142857142857,2.4157441877233725,0.24074074074074073
0.85,10,base,0.4,1.5,0.5,6,0.018576634829056745,378,-0.344936218886778,-0.012842963483943648,-0.30542334314004965,-0.04673552154323812,0.2857142857142857,2.4157441877233725,0.24074074074074073
0.8,10,deep_slow,0.8,2.5,0.75,24,0.03652372924092767,294,-0.33240301112774434,-0.012925042885400195,-0.143219415319311,-0.10030259090935967,0.24489795918367346,2.9867678000664637,0.22448979591836735
0.85,10,deep_slow,0.8,2.5,0.75,24,0.03652372924092767,294,-0.33240301112774434,-0.012925042885400195,-0.143219415319311,-0.10030259090935967,0.24489795918367346,2.9867678000664637,0.22448979591836735
0.8,10,deep_slow,0.6,1.5,0.5,12,0.027441884318986948,442,-0.3185185185175751,-0.012937141454556489,-0.250383621611208,-0.05742674060739983,0.27149321266968324,2.608139094031894,0.26018099547511314
0.85,10,deep_slow,0.6,1.5,0.5,12,0.027441884318986948,442,-0.3185185185175751,-0.012937141454556489,-0.250383621611208,-0.05742674060739983,0.27149321266968324,2.608139094031894,0.26018099547511314
0.9,11,base,0.4,3.0,2.0,24,0.016682884199823906,122,-0.4442257806920334,-0.013057627806740246,-0.19270831639185332,-0.07530826191009554,0.45081967213114754,1.169865493807004,0.2786885245901639
0.95,11,base,0.4,3.0,2.0,24,0.016682884199823906,122,-0.4442257806920334,-0.013057627806740246,-0.19270831639185332,-0.07530826191009554,0.45081967213114754,1.169865493807004,0.2786885245901639
0.8,10,deep_slow,0.8,3.0,1.0,12,0.03652372924092767,263,-0.3358210048633447,-0.013190770438655575,-0.12420747444541988,-0.11803150760782621,0.3193916349809886,2.0701496664984944,0.155893536121673
0.85,10,deep_slow,0.8,3.0,1.0,12,0.03652372924092767,263,-0.3358210048633447,-0.013190770438655575,-0.12420747444541988,-0.11803150760782621,0.3193916349809886,2.0701496664984944,0.155893536121673
0.8,10,shallow,0.7,3.0,1.5,24,0.034650808039162956,170,-0.3815819918674474,-0.013280583198077012,-0.1362871368233173,-0.10830177997299806,0.3764705882352941,1.5863693545553539,0.2529411764705882
0.85,10,shallow,0.7,3.0,1.5,24,0.034650808039162956,170,-0.3815819918674474,-0.013280583198077012,-0.1362871368233173,-0.10830177997299806,0.3764705882352941,1.5863693545553539,0.2529411764705882
0.8,10,deep_slow,0.6,1.0,0.75,6,0.027441884318986948,465,-0.2904556756935984,-0.013303062611252026,-0.24934047200820256,-0.05929684964502646,0.44731182795698926,1.2039344241490404,0.4258064516129032
0.85,10,deep_slow,0.6,1.0,0.75,6,0.027441884318986948,465,-0.2904556756935984,-0.013303062611252026,-0.24934047200820256,-0.05929684964502646,0.44731182795698926,1.2039344241490404,0.4258064516129032
0.8,10,deep_slow,0.4,2.5,1.0,12,0.02012685895493155,231,-0.3493467530270011,-0.013414323462705657,-0.1981174336220459,-0.07525166407043427,0.33766233766233766,1.8952600716189472,0.21212121212121213
0.85,10,deep_slow,0.4,2.5,1.0,12,0.02012685895493155,231,-0.3493467530270011,-0.013414323462705657,-0.1981174336220459,-0.07525166407043427,0.33766233766233766,1.8952600716189472,0.21212121212121213
0.8,10,deep_slow,0.6,2.0,1.0,6,0.027441884318986948,324,-0.3092210232662692,-0.01343072594976591,-0.14835189617518124,-0.10061807630436004,0.39814814814814814,1.4690436533594824,0.21296296296296297
0.85,10,deep_slow,0.6,2.0,1.0,6,0.027441884318986948,324,-0.3092210232662692,-0.01343072594976591,-0.14835189617518124,-0.10061807630436004,0.39814814814814814,1.4690436533594824,0.21296296296296297
0.8,10,base,0.4,3.0,1.0,12,0.018576634829056745,210,-0.4315988948412691,-0.013525291699718944,-0.25038486280537964,-0.06003518723535495,0.32857142857142857,1.9690777697610962,0.1619047619047619
0.85,10,base,0.4,3.0,1.0,12,0.018576634829056745,210,-0.4315988948412691,-0.013525291699718944,-0.25038486280537964,-0.06003518723535495,0.32857142857142857,1.9690777697610962,0.1619047619047619
0.8,10,deep_slow,0.5,2.5,0.75,24,0.02386910511055699,255,-0.37797807578090004,-0.01365201644271774,-0.19082397310119595,-0.07951115305185108,0.25098039215686274,2.8816063982463618,0.22745098039215686
0.85,10,deep_slow,0.5,2.5,0.75,24,0.02386910511055699,255,-0.37797807578090004,-0.01365201644271774,-0.19082397310119595,-0.07951115305185108,0.25098039215686274,2.8816063982463618,0.22745098039215686
0.9,11,deep_slow,0.5,1.0,0.75,24,0.02227660444433337,394,-0.3440716343572285,-0.013789751690280405,-0.2846708518743833,-0.05383618052022254,0.44416243654822335,1.2134491578723197,0.44416243654822335
0.95,11,deep_slow,0.5,1.0,0.75,24,0.02227660444433337,394,-0.3440716343572285,-0.013789751690280405,-0.2846708518743833,-0.05383618052022254,0.44416243654822335,1.2134491578723197,0.44416243654822335
0.8,10,shallow,0.5,2.0,0.75,24,0.02225569419366929,286,-0.3613242850150136,-0.013820548604078331,-0.18341661939408047,-0.08374263776231017,0.28321678321678323,2.4485705928960737,0.27972027972027974
0.85,10,shallow,0.5,2.0,0.75,24,0.02225569419366929,286,-0.3613242850150136,-0.013820548604078331,-0.18341661939408047,-0.08374263776231017,0.28321678321678323,2.4485705928960737,0.27972027972027974
0.9,11,shallow,0.5,1.0,0.75,6,0.02146249546792225,399,-0.3435902425262094,-0.013870161812508663,-0.31031926672766114,-0.04967428280180186,0.44360902255639095,1.2151433354345276,0.42355889724310775
0.95,11,shallow,0.5,1.0,0.75,6,0.02146249546792225,399,-0.3435902425262094,-0.013870161812508663,-0.31031926672766114,-0.04967428280180186,0.44360902255639095,1.2151433354345276,0.42355889724310775
0.9,11,base,0.6,2.0,0.75,12,0.02585215857847287,312,-0.3548643022782195,-0.013923966572042756,-0.18629206006491164,-0.08306654010877657,0.2980769230769231,2.282042418846764,0.2564102564102564
0.95,11,base,0.6,2.0,0.75,12,0.02585215857847287,312,-0.3548643022782195,-0.013923966572042756,-0.18629206006491164,-0.08306654010877657,0.2980769230769231,2.282042418846764,0.2564102564102564
0.8,10,base,0.4,2.0,0.75,24,0.018576634829056745,267,-0.39714729834728574,-0.013951627856628734,-0.23781159350557823,-0.06520016202807155,0.2883895131086142,2.3802198743275014,0.2846441947565543
0.85,10,base,0.4,2.0,0.75,24,0.018576634829056745,267,-0.39714729834728574,-0.013951627856628734,-0.23781159350557823,-0.06520016202807155,0.2883895131086142,2.3802198743275014,0.2846441947565543
0.8,10,base,0.8,3.0,2.0,24,0.041557390516231536,146,-0.42843945175799,-0.013973765926408865,-0.1609109737660954,-0.09651261238583964,0.4246575342465753,1.305430034760104,0.2808219178082192
0.85,10,base,0.8,3.0,2.0,24,0.041557390516231536,146,-0.42843945175799,-0.013973765926408865,-0.1609109737660954,-0.09651261238583964,0.4246575342465753,1.305430034760104,0.2808219178082192
0.8,10,deep_slow,0.5,2.5,1.5,24,0.02386910511055699,172,-0.3806350376643246,-0.013987464869002708,-0.15612581226331734,-0.09956810256969861,0.38953488372093026,1.4978957256051093,0.313953488372093
0.85,10,deep_slow,0.5,2.5,1.5,24,0.02386910511055699,172,-0.3806350376643246,-0.013987464869002708,-0.15612581226331734,-0.09956810256969861,0.38953488372093026,1.4978957256051093,0.313953488372093
0.9,11,base,0.6,1.5,1.0,12,0.02585215857847287,319,-0.33969894040543464,-0.013999393829632223,-0.18284050970050855,-0.08509272813301527,0.40752351097178685,1.413024205485036,0.3824451410658307
0.95,11,base,0.6,1.5,1.0,12,0.02585215857847287,319,-0.33969894040543464,-0.013999393829632223,-0.18284050970050855,-0.08509272813301527,0.40752351097178685,1.413024205485036,0.3824451410658307
0.9,11,base,0.7,2.5,1.5,6,0.030935384207832782,279,-0.343377769023167,-0.014051843362361871,-0.18441370607292906,-0.08468265270328168,0.4731182795698925,1.0786430318025622,0.15053763440860216
0.95,11,base,0.7,2.5,1.5,6,0.030935384207832782,279,-0.343377769023167,-0.014051843362361871,-0.18441370607292906,-0.08468265270328168,0.4731182795698925,1.0786430318025622,0.15053763440860216
0.9,11,shallow,0.8,1.5,1.0,24,0.03483165271979253,334,-0.3237090899383669,-0.0142481532428127,-0.16380129837457108,-0.09666978625063949,0.40119760479041916,1.4534219633734797,0.40119760479041916
0.95,11,shallow,0.8,1.5,1.0,24,0.03483165271979253,334,-0.3237090899383669,-0.0142481532428127,-0.16380129837457108,-0.09666978625063949,0.40119760479041916,1.4534219633734797,0.40119760479041916
0.9,11,base,0.7,1.0,0.5,12,0.030935384207832782,550,-0.34191858113932155,-0.014344723711099738,-0.24741412564433465,-0.06443396275013236,0.3527272727272727,1.7834045133707204,0.3527272727272727
0.9,11,base,0.7,1.0,0.5,24,0.030935384207832782,550,-0.34191858113932155,-0.014344723711099738,-0.24741412564433465,-0.06443396275013236,0.3527272727272727,1.7834045133707204,0.3527272727272727
0.95,11,base,0.7,1.0,0.5,12,0.030935384207832782,550,-0.34191858113932155,-0.014344723711099738,-0.24741412564433465,-0.06443396275013236,0.3527272727272727,1.7834045133707204,0.3527272727272727
0.95,11,base,0.7,1.0,0.5,24,0.030935384207832782,550,-0.34191858113932155,-0.014344723711099738,-0.24741412564433465,-0.06443396275013236,0.3527272727272727,1.7834045133707204,0.3527272727272727
0.8,10,base,0.8,2.5,1.5,6,0.041557390516231536,295,-0.31681702450538357,-0.014391828104572513,-0.145618599504721,-0.10983609890713786,0.4576271186440678,1.1498879229960466,0.16271186440677965
0.85,10,base,0.8,2.5,1.5,6,0.041557390516231536,295,-0.31681702450538357,-0.014391828104572513,-0.145618599504721,-0.10983609890713786,0.4576271186440678,1.1498879229960466,0.16271186440677965
0.8,10,shallow,0.5,1.5,0.75,24,0.02225569419366929,337,-0.35535186296987564,-0.014439221622967513,-0.2620842792431454,-0.061227655690251015,0.34421364985163205,1.8453757531207196,0.34421364985163205
0.85,10,shallow,0.5,1.5,0.75,24,0.02225569419366929,337,-0.35535186296987564,-0.014439221622967513,-0.2620842792431454,-0.061227655690251015,0.34421364985163205,1.8453757531207196,0.34421364985163205
0.9,11,shallow,0.8,1.5,1.0,6,0.03483165271979253,383,-0.3108275050511112,-0.014470845732268645,-0.168981413781528,-0.09516976929949639,0.4308093994778068,1.2859968587075965,0.31592689295039167
0.95,11,shallow,0.8,1.5,1.0,6,0.03483165271979253,383,-0.3108275050511112,-0.014470845732268645,-0.168981413781528,-0.09516976929949639,0.4308093994778068,1.2859968587075965,0.31592689295039167
0.9,11,base,0.7,1.5,0.75,6,0.030935384207832782,419,-0.3239065513033869,-0.014475997677324548,-0.2234296296119098,-0.0720031762229556,0.36515513126491644,1.6905074788571892,0.29594272076372313
0.95,11,base,0.7,1.5,0.75,6,0.030935384207832782,419,-0.3239065513033869,-0.014475997677324548,-0.2234296296119098,-0.0720031762229556,0.36515513126491644,1.6905074788571892,0.29594272076372313
0.9,11,base,0.4,2.0,1.5,12,0.016682884199823906,195,-0.4068165805392525,-0.014487386648056266,-0.26302189646032015,-0.061212734579917605,0.4564102564102564,1.1508143952911936,0.358974358974359
0.95,11,base,0.4,2.0,1.5,12,0.016682884199823906,195,-0.4068165805392525,-0.014487386648056266,-0.26302189646032015,-0.061212734579917605,0.4564102564102564,1.1508143952911936,0.358974358974359
0.8,10,shallow,0.7,1.5,0.75,12,0.034650808039162956,393,-0.32232443018778467,-0.014540852137515659,-0.21188482080605162,-0.0762662394207031,0.3486005089058524,1.8177723435688098,0.33078880407124683
0.85,10,shallow,0.7,1.5,0.75,12,0.034650808039162956,393,-0.32232443018778467,-0.014540852137515659,-0.21188482080605162,-0.0762662394207031,0.3486005089058524,1.8177723435688098,0.33078880407124683
0.9,11,base,0.6,1.0,0.5,6,0.02585215857847287,506,-0.36931756451682324,-0.01455534767796185,-0.2915641065321766,-0.055479238112536744,0.35375494071146246,1.7695066620752686,0.3458498023715415
0.95,11,base,0.6,1.0,0.5,6,0.02585215857847287,506,-0.36931756451682324,-0.01455534767796185,-0.2915641065321766,-0.055479238112536744,0.35375494071146246,1.7695066620752686,0.3458498023715415
0.8,10,deep_slow,0.4,2.5,2.0,6,0.02012685895493155,229,-0.36067750059383125,-0.014671976067165526,-0.2060193500754437,-0.07914430877419942,0.519650655021834,0.8889569857161058,0.15283842794759825
0.85,10,deep_slow,0.4,2.5,2.0,6,0.02012685895493155,229,-0.36067750059383125,-0.014671976067165526,-0.2060193500754437,-0.07914430877419942,0.519650655021834,0.8889569857161058,0.15283842794759825
0.8,10,base,0.8,1.5,0.5,12,0.041557390516231536,491,-0.33988326976743477,-0.014673874307444601,-0.21752259353837794,-0.07496861171462121,0.2729124236252546,2.6152876635428015,0.2606924643584521
0.85,10,base,0.8,1.5,0.5,12,0.041557390516231536,491,-0.33988326976743477,-0.014673874307444601,-0.21752259353837794,-0.07496861171462121,0.2729124236252546,2.6152876635428015,0.2606924643584521
0.8,10,deep_slow,0.8,3.0,1.5,24,0.03652372924092767,177,-0.4114500269115577,-0.014794975221985363,-0.13841752610736469,-0.11878435006531185,0.3672316384180791,1.6485464984267213,0.2542372881355932
0.85,10,deep_slow,0.8,3.0,1.5,24,0.03652372924092767,177,-0.4114500269115577,-0.014794975221985363,-0.13841752610736469,-0.11878435006531185,0.3672316384180791,1.6485464984267213,0.2542372881355932
0.8,10,deep_slow,0.6,1.5,0.5,24,0.027441884318986948,438,-0.3698499867410609,-0.014807427916902816,-0.27939536654743596,-0.05889740871339,0.2648401826484018,2.686873146749795,0.2648401826484018
0.85,10,deep_slow,0.6,1.5,0.5,24,0.027441884318986948,438,-0.3698499867410609,-0.014807427916902816,-0.27939536654743596,-0.05889740871339,0.2648401826484018,2.686873146749795,0.2648401826484018
0.8,10,deep_slow,0.8,2.0,1.0,6,0.03652372924092767,347,-0.33413936777477155,-0.014866501606663585,-0.15003887280119346,-0.11011317765450734,0.4034582132564842,1.4353803363349904,0.19596541786743515
0.85,10,deep_slow,0.8,2.0,1.0,6,0.03652372924092767,347,-0.33413936777477155,-0.014866501606663585,-0.15003887280119346,-0.11011317765450734,0.4034582132564842,1.4353803363349904,0.19596541786743515
0.8,10,deep_slow,0.7,2.5,0.75,12,0.03201506443356151,310,-0.36032949591199964,-0.014931488450843466,-0.22255753989038526,-0.07455787089345078,0.2806451612903226,2.4815440616723947,0.1935483870967742
0.85,10,deep_slow,0.7,2.5,0.75,12,0.03201506443356151,310,-0.36032949591199964,-0.014931488450843466,-0.22255753989038526,-0.07455787089345078,0.2806451612903226,2.4815440616723947,0.1935483870967742
0.9,11,base,0.8,1.5,0.75,12,0.03626824368319925,410,-0.32523555409933136,-0.015063661478434631,-0.19270768487966006,-0.08686822895146196,0.348780487804878,1.816803380071698,0.32926829268292684
0.95,11,base,0.8,1.5,0.75,12,0.03626824368319925,410,-0.32523555409933136,-0.015063661478434631,-0.19270768487966006,-0.08686822895146196,0.348780487804878,1.816803380071698,0.32926829268292684
0.9,11,base,0.8,2.0,1.5,6,0.03626824368319925,299,-0.3611071303546203,-0.0151264693816614,-0.1614045392455363,-0.10414771267332823,0.47157190635451507,1.0851464694538968,0.2140468227424749
0.95,11,base,0.8,2.0,1.5,6,0.03626824368319925,299,-0.3611071303546203,-0.0151264693816614,-0.1614045392455363,-0.10414771267332823,0.47157190635451507,1.0851464694538968,0.2140468227424749
0.8,10,shallow,0.7,2.0,0.5,6,0.034650808039162956,444,-0.38659033519709657,-0.015128776068034644,-0.24591173836890573,-0.0683679229447488,0.25675675675675674,2.7983199827826213,0.15090090090090091
0.85,10,shallow,0.7,2.0,0.5,6,0.034650808039162956,444,-0.38659033519709657,-0.015128776068034644,-0.24591173836890573,-0.0683679229447488,0.25675675675675674,2.7983199827826213,0.15090090090090091
0.8,10,base,0.8,1.5,1.0,12,0.041557390516231536,359,-0.3256768818092642,-0.015233566746778893,-0.17274809255278178,-0.09799718732794394,0.41225626740947074,1.4000046983185062,0.38440111420612816
0.85,10,base,0.8,1.5,1.0,12,0.041557390516231536,359,-0.3256768818092642,-0.015233566746778893,-0.17274809255278178,-0.09799718732794394,0.41225626740947074,1.4000046983185062,0.38440111420612816
0.8,10,deep_slow,0.6,3.0,0.75,12,0.027441884318986948,275,-0.4458613379777367,-0.015260186959795585,-0.19819924532398242,-0.08556230475152748,0.2581818181818182,2.768438181666392,0.15272727272727274
0.85,10,deep_slow,0.6,3.0,0.75,12,0.027441884318986948,275,-0.4458613379777367,-0.015260186959795585,-0.19819924532398242,-0.08556230475152748,0.2581818181818182,2.768438181666392,0.15272727272727274
0.9,11,base,0.8,1.0,0.5,12,0.03626824368319925,584,-0.35008744633770317,-0.0153213750518717,-0.23533492853386218,-0.07234932171786779,0.351027397260274,1.7967717039239919,0.351027397260274
0.9,11,base,0.8,1.0,0.5,24,0.03626824368319925,584,-0.35008744633770317,-0.0153213750518717,-0.23533492853386218,-0.07234932171786779,0.351027397260274,1.7967717039239919,0.351027397260274
0.95,11,base,0.8,1.0,0.5,12,0.03626824368319925,584,-0.35008744633770317,-0.0153213750518717,-0.23533492853386218,-0.07234932171786779,0.351027397260274,1.7967717039239919,0.351027397260274
0.95,11,base,0.8,1.0,0.5,24,0.03626824368319925,584,-0.35008744633770317,-0.0153213750518717,-0.23533492853386218,-0.07234932171786779,0.351027397260274,1.7967717039239919,0.351027397260274
0.8,10,base,0.5,1.0,0.5,6,0.023983485622980496,478,-0.39571221998562245,-0.01536065365716166,-0.46411264394421115,-0.036779721824955924,0.35564853556485354,1.7476330726467462,0.3472803347280335
0.85,10,base,0.5,1.0,0.5,6,0.023983485622980496,478,-0.39571221998562245,-0.01536065365716166,-0.46411264394421115,-0.036779721824955924,0.35564853556485354,1.7476330726467462,0.3472803347280335
0.9,11,deep_slow,0.7,3.0,1.0,24,0.03059831863119774,213,-0.4906273463021174,-0.015443222041592541,-0.17324059571687497,-0.0990622887878102,0.27699530516431925,2.4911099316710974,0.20657276995305165
0.95,11,deep_slow,0.7,3.0,1.0,24,0.03059831863119774,213,-0.4906273463021174,-0.015443222041592541,-0.17324059571687497,-0.0990622887878102,0.27699530516431925,2.4911099316710974,0.20657276995305165
0.8,10,deep_slow,0.7,2.0,1.0,12,0.03201506443356151,294,-0.35803523127431963,-0.015455873840277579,-0.1437546836050433,-0.119478939778769,0.35374149659863946,1.7703878725045363,0.2857142857142857
0.85,10,deep_slow,0.7,2.0,1.0,12,0.03201506443356151,294,-0.35803523127431963,-0.015455873840277579,-0.1437546836050433,-0.119478939778769,0.35374149659863946,1.7703878725045363,0.2857142857142857
0.9,11,base,0.4,4.0,1.5,24,0.016682884199823906,125,-0.58412843988665,-0.015501311514068639,-0.24223995337913062,-0.07111174734664483,0.368,1.6182297038365636,0.176
0.95,11,base,0.4,4.0,1.5,24,0.016682884199823906,125,-0.58412843988665,-0.015501311514068639,-0.24223995337913062,-0.07111174734664483,0.368,1.6182297038365636,0.176
0.9,11,base,0.4,3.0,2.0,12,0.016682884199823906,155,-0.49523653269002194,-0.01558821186035042,-0.24539845815423333,-0.07058964712935445,0.44516129032258067,1.1933533375702814,0.2064516129032258
0.95,11,base,0.4,3.0,2.0,12,0.016682884199823906,155,-0.49523653269002194,-0.01558821186035042,-0.24539845815423333,-0.07058964712935445,0.44516129032258067,1.1933533375702814,0.2064516129032258
0.9,11,deep_slow,0.8,2.5,1.5,6,0.03592704925670819,294,-0.35164771744505646,-0.015666347064712927,-0.155097239064955,-0.11224791782316734,0.4421768707482993,1.2203089548892274,0.1598639455782313
0.95,11,deep_slow,0.8,2.5,1.5,6,0.03592704925670819,294,-0.35164771744505646,-0.015666347064712927,-0.155097239064955,-0.11224791782316734,0.4421768707482993,1.2203089548892274,0.1598639455782313
0.8,10,shallow,0.7,2.0,0.75,6,0.034650808039162956,375,-0.3708303518827419,-0.015687953390095655,-0.1898617519939305,-0.09182118458529176,0.3466666666666667,1.8226520517435063,0.184
0.85,10,shallow,0.7,2.0,0.75,6,0.034650808039162956,375,-0.3708303518827419,-0.015687953390095655,-0.1898617519939305,-0.09182118458529176,0.3466666666666667,1.8226520517435063,0.184
0.8,10,base,0.4,2.0,0.5,24,0.018576634829056745,324,-0.469863196980336,-0.01578742709422387,-0.3511598647895426,-0.04995950428496854,0.21296296296296297,3.5354147478184315,0.21296296296296297
0.85,10,base,0.4,2.0,0.5,24,0.018576634829056745,324,-0.469863196980336,-0.01578742709422387,-0.3511598647895426,-0.04995950428496854,0.21296296296296297,3.5354147478184315,0.21296296296296297
0.9,11,shallow,0.8,1.5,0.75,6,0.03483165271979253,428,-0.34048937480604075,-0.01581422153449008,-0.20029414967580464,-0.0877385655613846,0.37383177570093457,1.6418182249490187,0.29439252336448596
0.95,11,shallow,0.8,1.5,0.75,6,0.03483165271979253,428,-0.34048937480604075,-0.01581422153449008,-0.20029414967580464,-0.0877385655613846,0.37383177570093457,1.6418182249490187,0.29439252336448596
0.8,10,shallow,0.5,2.0,0.5,12,0.02225569419366929,358,-0.44988988879095315,-0.015826985593726972,-0.31283226155896005,-0.056220840526421734,0.22625698324022347,3.281130009312745,0.19553072625698323
0.85,10,shallow,0.5,2.0,0.5,12,0.02225569419366929,358,-0.44988988879095315,-0.015826985593726972,-0.31283226155896005,-0.056220840526421734,0.22625698324022347,3.281130009312745,0.19553072625698323
0.8,10,base,0.7,1.0,0.5,12,0.034786761033208866,564,-0.37109345633388435,-0.01583226774655222,-0.38213849549254914,-0.046039740575727905,0.35638297872340424,1.7625347489813348,0.35638297872340424
0.8,10,base,0.7,1.0,0.5,24,0.034786761033208866,564,-0.37109345633388435,-0.01583226774655222,-0.38213849549254914,-0.046039740575727905,0.35638297872340424,1.7625347489813348,0.35638297872340424
0.85,10,base,0.7,1.0,0.5,12,0.034786761033208866,564,-0.37109345633388435,-0.01583226774655222,-0.38213849549254914,-0.046039740575727905,0.35638297872340424,1.7625347489813348,0.35638297872340424
0.85,10,base,0.7,1.0,0.5,24,0.034786761033208866,564,-0.37109345633388435,-0.01583226774655222,-0.38213849549254914,-0.046039740575727905,0.35638297872340424,1.7625347489813348,0.35638297872340424
0.8,10,deep_slow,0.5,1.5,1.0,12,0.02386910511055699,302,-0.38606037672941845,-0.01591320539929375,-0.2525705646933143,-0.0700137712780513,0.4105960264900662,1.3883172382121185,0.39072847682119205
0.85,10,deep_slow,0.5,1.5,1.0,12,0.02386910511055699,302,-0.38606037672941845,-0.01591320539929375,-0.2525705646933143,-0.0700137712780513,0.4105960264900662,1.3883172382121185,0.39072847682119205
0.8,10,deep_slow,0.5,1.5,1.0,6,0.02386910511055699,325,-0.3782853397640608,-0.015944968409747684,-0.29415530035011483,-0.06023580807576878,0.44,1.2290306893786211,0.3230769230769231
0.85,10,deep_slow,0.5,1.5,1.0,6,0.02386910511055699,325,-0.3782853397640608,-0.015944968409747684,-0.29415530035011483,-0.06023580807576878,0.44,1.2290306893786211,0.3230769230769231
0.9,11,deep_slow,0.7,2.0,0.75,12,0.03059831863119774,324,-0.4109625729883518,-0.016031129245258513,-0.1922804896440988,-0.09264767606221203,0.2993827160493827,2.2934658724628476,0.25308641975308643
0.95,11,deep_slow,0.7,2.0,0.75,12,0.03059831863119774,324,-0.4109625729883518,-0.016031129245258513,-0.1922804896440988,-0.09264767606221203,0.2993827160493827,2.2934658724628476,0.25308641975308643
0.9,11,deep_slow,0.4,3.0,1.0,12,0.018002548129969136,205,-0.5508350802982701,-0.016186548946207302,-0.23623218382946268,-0.07614072471120592,0.3073170731707317,2.1543040038102443,0.16097560975609757
0.95,11,deep_slow,0.4,3.0,1.0,12,0.018002548129969136,205,-0.5508350802982701,-0.016186548946207302,-0.23623218382946268,-0.07614072471120592,0.3073170731707317,2.1543040038102443,0.16097560975609757
0.9,11,deep_slow,0.7,2.0,0.75,6,0.03059831863119774,376,-0.3944064995768758,-0.016364173717252295,-0.2136955805143416,-0.08509341854492425,0.3484042553191489,1.8195911247838819,0.19414893617021275
0.95,11,deep_slow,0.7,2.0,0.75,6,0.03059831863119774,376,-0.3944064995768758,-0.016364173717252295,-0.2136955805143416,-0.08509341854492425,0.3484042553191489,1.8195911247838819,0.19414893617021275
0.9,11,base,0.6,2.0,0.75,24,0.02585215857847287,301,-0.42938302748002993,-0.01639647880292716,-0.21681519161667426,-0.08403448020433435,0.2823920265780731,2.4489512303502856,0.27906976744186046
0.95,11,base,0.6,2.0,0.75,24,0.02585215857847287,301,-0.42938302748002993,-0.01639647880292716,-0.21681519161667426,-0.08403448020433435,0.2823920265780731,2.4489512303502856,0.27906976744186046
0.9,11,shallow,0.8,1.0,0.5,12,0.03483165271979253,579,-0.385597628857765,-0.016555873518066977,-0.25354463941170163,-0.07255884735032603,0.35233160621761656,1.7932979658293433,0.35233160621761656
0.9,11,shallow,0.8,1.0,0.5,24,0.03483165271979253,579,-0.385597628857765,-0.016555873518066977,-0.25354463941170163,-0.07255884735032603,0.35233160621761656,1.7932979658293433,0.35233160621761656
0.95,11,shallow,0.8,1.0,0.5,12,0.03483165271979253,579,-0.385597628857765,-0.016555873518066977,-0.25354463941170163,-0.07255884735032603,0.35233160621761656,1.7932979658293433,0.35233160621761656
0.95,11,shallow,0.8,1.0,0.5,24,0.03483165271979253,579,-0.385597628857765,-0.016555873518066977,-0.25354463941170163,-0.07255884735032603,0.35233160621761656,1.7932979658293433,0.35233160621761656
0.8,10,shallow,0.4,2.0,0.75,12,0.016624676068168656,273,-0.4564792814964108,-0.016644351233483068,-0.24904255494298183,-0.07426494039029985,0.2967032967032967,2.2705168300829595,0.2564102564102564
0.85,10,shallow,0.4,2.0,0.75,12,0.016624676068168656,273,-0.4564792814964108,-0.016644351233483068,-0.24904255494298183,-0.07426494039029985,0.2967032967032967,2.2705168300829595,0.2564102564102564
0.9,11,shallow,0.4,2.0,1.0,12,0.017780104391063124,235,-0.4525639611614883,-0.01671394484695954,-0.2063496529255651,-0.09000446099230286,0.3617021276595745,1.690211961454906,0.28936170212765955
0.95,11,shallow,0.4,2.0,1.0,12,0.017780104391063124,235,-0.4525639611614883,-0.01671394484695954,-0.2063496529255651,-0.09000446099230286,0.3617021276595745,1.690211961454906,0.28936170212765955
0.8,10,shallow,0.5,1.5,0.75,12,0.02225569419366929,340,-0.41409517422737047,-0.016763229460637574,-0.3085095076815364,-0.06037772376480943,0.35,1.7894358473713272,0.3352941176470588
0.85,10,shallow,0.5,1.5,0.75,12,0.02225569419366929,340,-0.41409517422737047,-0.016763229460637574,-0.3085095076815364,-0.06037772376480943,0.35,1.7894358473713272,0.3352941176470588
0.8,10,shallow,0.7,2.0,1.5,6,0.034650808039162956,300,-0.36968129152640095,-0.016766521407600155,-0.1878962443035578,-0.0991544902631728,0.49,1.0046997900548735,0.22
0.85,10,shallow,0.7,2.0,1.5,6,0.034650808039162956,300,-0.36968129152640095,-0.016766521407600155,-0.1878962443035578,-0.0991544902631728,0.49,1.0046997900548735,0.22
0.9,11,base,0.5,1.5,1.0,6,0.02143757519805179,328,-0.4050882579428968,-0.016832770439805023,-0.3534610496910548,-0.052917573693234576,0.4268292682926829,1.2950557211491376,0.3231707317073171
0.95,11,base,0.5,1.5,1.0,6,0.02143757519805179,328,-0.4050882579428968,-0.016832770439805023,-0.3534610496910548,-0.052917573693234576,0.4268292682926829,1.2950557211491376,0.3231707317073171
0.9,11,shallow,0.4,2.0,1.5,12,0.017780104391063124,198,-0.4589898530183273,-0.016837376395468895,-0.24878668643310287,-0.07520263478147493,0.4595959595959596,1.1249934415487999,0.3434343434343434
0.95,11,shallow,0.4,2.0,1.5,12,0.017780104391063124,198,-0.4589898530183273,-0.016837376395468895,-0.24878668643310287,-0.07520263478147493,0.4595959595959596,1.1249934415487999,0.3434343434343434
0.9,11,deep_slow,0.8,2.0,1.5,12,0.03592704925670819,244,-0.3968783578244573,-0.01685676622938237,-0.14277720410120986,-0.1311899857664155,0.430327868852459,1.2763544437390226,0.32786885245901637
0.95,11,deep_slow,0.8,2.0,1.5,12,0.03592704925670819,244,-0.3968783578244573,-0.01685676622938237,-0.14277720410120986,-0.1311899857664155,0.430327868852459,1.2763544437390226,0.32786885245901637
0.9,11,deep_slow,0.7,2.0,1.5,24,0.03059831863119774,204,-0.4452713048784358,-0.016873321178590195,-0.16363668438721612,-0.1145789368543857,0.4117647058823529,1.3712015254935617,0.39705882352941174
0.95,11,deep_slow,0.7,2.0,1.5,24,0.03059831863119774,204,-0.4452713048784358,-0.016873321178590195,-0.16363668438721612,-0.1145789368543857,0.4117647058823529,1.3712015254935617,0.39705882352941174
0.8,10,shallow,0.8,1.5,1.0,6,0.04189406605295098,397,-0.34454201146712204,-0.016902981427567187,-0.2201650098451129,-0.08530984847150669,0.4282115869017632,1.3073784416560192,0.3249370277078086
0.85,10,shallow,0.8,1.5,1.0,6,0.04189406605295098,397,-0.34454201146712204,-0.016902981427567187,-0.2201650098451129,-0.08530984847150669,0.4282115869017632,1.3073784416560192,0.3249370277078086
0.9,11,deep_slow,0.5,1.0,0.75,12,0.02227660444433337,394,-0.4273083211755859,-0.016911839425621356,-0.3479918070687164,-0.0540014926383896,0.4416243654822335,1.2173910976298175,0.4416243654822335
0.95,11,deep_slow,0.5,1.0,0.75,12,0.02227660444433337,394,-0.4273083211755859,-0.016911839425621356,-0.3479918070687164,-0.0540014926383896,0.4416243654822335,1.2173910976298175,0.4416243654822335
0.8,10,base,0.8,2.5,0.75,24,0.041557390516231536,295,-0.44616862600791074,-0.01710918961249619,-0.179370761726751,-0.10598803984981497,0.24067796610169492,3.0284569155314935,0.22372881355932203
0.85,10,base,0.8,2.5,0.75,24,0.041557390516231536,295,-0.44616862600791074,-0.01710918961249619,-0.179370761726751,-0.10598803984981497,0.24067796610169492,3.0284569155314935,0.22372881355932203
0.9,11,deep_slow,0.7,2.0,1.0,24,0.03059831863119774,269,-0.4332947961939378,-0.017114741582912596,-0.21697270124765958,-0.08764843919608378,0.3345724907063197,1.9462571141076663,0.3271375464684015
0.95,11,deep_slow,0.7,2.0,1.0,24,0.03059831863119774,269,-0.4332947961939378,-0.017114741582912596,-0.21697270124765958,-0.08764843919608378,0.3345724907063197,1.9462571141076663,0.3271375464684015
0.8,10,deep_slow,0.8,1.0,0.75,24,0.03652372924092767,499,-0.3675378129918357,-0.017127892789761345,-0.2707246215129031,-0.07029991389633339,0.4408817635270541,1.2308367965046463,0.4408817635270541
0.85,10,deep_slow,0.8,1.0,0.75,24,0.03652372924092767,499,-0.3675378129918357,-0.017127892789761345,-0.2707246215129031,-0.07029991389633339,0.4408817635270541,1.2308367965046463,0.4408817635270541
0.8,10,deep_slow,0.4,2.5,0.5,24,0.02012685895493155,291,-0.5173907348192668,-0.01720256248666774,-0.35360349965640264,-0.05405717693277212,0.17869415807560138,4.365162302449297,0.16494845360824742
0.85,10,deep_slow,0.4,2.5,0.5,24,0.02012685895493155,291,-0.5173907348192668,-0.01720256248666774,-0.35360349965640264,-0.05405717693277212,0.17869415807560138,4.365162302449297,0.16494845360824742
0.9,11,deep_slow,0.5,1.0,0.5,12,0.02227660444433337,455,-0.46622206661557064,-0.01723837611037915,-0.41824034133675364,-0.04579797977582545,0.34725274725274724,1.8028745934984538,0.34725274725274724
0.9,11,deep_slow,0.5,1.0,0.5,24,0.02227660444433337,455,-0.46622206661557064,-0.01723837611037915,-0.41824034133675364,-0.04579797977582545,0.34725274725274724,1.8028745934984538,0.34725274725274724
0.95,11,deep_slow,0.5,1.0,0.5,12,0.02227660444433337,455,-0.46622206661557064,-0.01723837611037915,-0.41824034133675364,-0.04579797977582545,0.34725274725274724,1.8028745934984538,0.34725274725274724
0.95,11,deep_slow,0.5,1.0,0.5,24,0.02227660444433337,455,-0.46622206661557064,-0.01723837611037915,-0.41824034133675364,-0.04579797977582545,0.34725274725274724,1.8028745934984538,0.34725274725274724
0.8,10,base,0.7,3.0,1.5,24,0.034786761033208866,169,-0.5219541227996911,-0.01735632320580416,-0.16399354935643884,-0.11759908573563405,0.3668639053254438,1.6357133548814546,0.24260355029585798
0.85,10,base,0.7,3.0,1.5,24,0.034786761033208866,169,-0.5219541227996911,-0.01735632320580416,-0.16399354935643884,-0.11759908573563405,0.3668639053254438,1.6357133548814546,0.24260355029585798
0.8,10,base,0.7,1.0,0.5,6,0.034786761033208866,570,-0.4099736822064457,-0.017474883481171655,-0.4275064818984341,-0.04541942628000828,0.356140350877193,1.7586976016485367,0.3508771929824561
0.85,10,base,0.7,1.0,0.5,6,0.034786761033208866,570,-0.4099736822064457,-0.017474883481171655,-0.4275064818984341,-0.04541942628000828,0.356140350877193,1.7586976016485367,0.3508771929824561
0.8,10,deep_slow,0.4,4.0,2.5,24,0.02012685895493155,105,-0.6001332824618841,-0.017545299538627157,-0.2269369221535209,-0.08590608948191936,0.45714285714285713,1.1198821965070085,0.20952380952380953
0.85,10,deep_slow,0.4,4.0,2.5,24,0.02012685895493155,105,-0.6001332824618841,-0.017545299538627157,-0.2269369221535209,-0.08590608948191936,0.45714285714285713,1.1198821965070085,0.20952380952380953
0.8,10,shallow,0.7,1.0,0.5,6,0.034650808039162956,567,-0.4204491903178724,-0.017581943118641252,-0.3022665136424219,-0.0646315027517862,0.3544973544973545,1.758788893997633,0.3439153439153439
0.85,10,shallow,0.7,1.0,0.5,6,0.034650808039162956,567,-0.4204491903178724,-0.017581943118641252,-0.3022665136424219,-0.0646315027517862,0.3544973544973545,1.758788893997633,0.3439153439153439
0.9,11,shallow,0.8,2.0,1.0,6,0.03483165271979253,341,-0.41589784303682736,-0.017612697656912868,-0.19112800043007777,-0.10239251856213805,0.40762463343108507,1.401821750387117,0.19648093841642228
0.95,11,shallow,0.8,2.0,1.0,6,0.03483165271979253,341,-0.41589784303682736,-0.017612697656912868,-0.19112800043007777,-0.10239251856213805,0.40762463343108507,1.401821750387117,0.19648093841642228
0.9,11,base,0.6,2.0,1.5,6,0.02585215857847287,284,-0.41836467037944725,-0.017779628570050998,-0.2144371981361812,-0.09212661325072469,0.47183098591549294,1.0774672411923543,0.22535211267605634
0.95,11,base,0.6,2.0,1.5,6,0.02585215857847287,284,-0.41836467037944725,-0.017779628570050998,-0.2144371981361812,-0.09212661325072469,0.47183098591549294,1.0774672411923543,0.22535211267605634
0.9,11,deep_slow,0.5,3.0,1.5,12,0.02227660444433337,186,-0.5641588051595915,-0.017814352356165908,-0.21901980706674623,-0.0903750053251885,0.3978494623655914,1.4418753282563657,0.1881720430107527
0.95,11,deep_slow,0.5,3.0,1.5,12,0.02227660444433337,186,-0.5641588051595915,-0.017814352356165908,-0.21901980706674623,-0.0903750053251885,0.3978494623655914,1.4418753282563657,0.1881720430107527
0.9,11,shallow,0.4,2.5,0.75,6,0.017780104391063124,293,-0.4597005934180293,-0.01794757966349536,-0.2974260738073036,-0.06704791176465486,0.3242320819112628,1.9920228253551222,0.15358361774744028
0.95,11,shallow,0.4,2.5,0.75,6,0.017780104391063124,293,-0.4597005934180293,-0.01794757966349536,-0.2974260738073036,-0.06704791176465486,0.3242320819112628,1.9920228253551222,0.15358361774744028
0.8,10,deep_slow,0.6,1.5,0.75,12,0.027441884318986948,370,-0.420997542563427,-0.017952253006723318,-0.3024582076521303,-0.06594955590525997,0.35405405405405405,1.7589065216044766,0.32972972972972975
0.85,10,deep_slow,0.6,1.5,0.75,12,0.027441884318986948,370,-0.420997542563427,-0.017952253006723318,-0.3024582076521303,-0.06594955590525997,0.35405405405405405,1.7589065216044766,0.32972972972972975
0.9,11,shallow,0.4,2.0,1.5,6,0.017780104391063124,245,-0.45602060445657416,-0.018011018894788622,-0.23974885021363818,-0.08347157131207006,0.4816326530612245,1.0279288379986946,0.22857142857142856
0.95,11,shallow,0.4,2.0,1.5,6,0.017780104391063124,245,-0.45602060445657416,-0.018011018894788622,-0.23974885021363818,-0.08347157131207006,0.4816326530612245,1.0279288379986946,0.22857142857142856
0.9,11,shallow,0.5,2.5,0.75,12,0.02146249546792225,267,-0.48468170458817744,-0.0180133485961107,-0.2446699012932932,-0.08180327472735494,0.25842696629213485,2.74415460218678,0.19850187265917604
0.95,11,shallow,0.5,2.5,0.75,12,0.02146249546792225,267,-0.48468170458817744,-0.0180133485961107,-0.2446699012932932,-0.08180327472735494,0.25842696629213485,2.74415460218678,0.19850187265917604
0.9,11,base,0.5,1.0,0.75,12,0.02143757519805179,400,-0.4514307237746163,-0.018130216431310964,-0.368812767250793,-0.05461990525327132,0.4425,1.2108255068858929,0.4425
0.9,11,base,0.5,1.0,0.75,24,0.02143757519805179,400,-0.4514307237746163,-0.018130216431310964,-0.368812767250793,-0.05461990525327132,0.4425,1.2108255068858929,0.4425
0.95,11,base,0.5,1.0,0.75,12,0.02143757519805179,400,-0.4514307237746163,-0.018130216431310964,-0.368812767250793,-0.05461990525327132,0.4425,1.2108255068858929,0.4425
0.95,11,base,0.5,1.0,0.75,24,0.02143757519805179,400,-0.4514307237746163,-0.018130216431310964,-0.368812767250793,-0.05461990525327132,0.4425,1.2108255068858929,0.4425
0.9,11,shallow,0.8,1.0,0.5,6,0.03483165271979253,586,-0.42314793423655994,-0.018171525587238335,-0.2811049515105752,-0.0718250234054214,0.35494880546075086,1.7672784170881075,0.3447098976109215
0.95,11,shallow,0.8,1.0,0.5,6,0.03483165271979253,586,-0.42314793423655994,-0.018171525587238335,-0.2811049515105752,-0.0718250234054214,0.35494880546075086,1.7672784170881075,0.3447098976109215
0.8,10,shallow,0.8,1.5,0.75,6,0.04189406605295098,445,-0.388432923200956,-0.018360481086890146,-0.26943650334327257,-0.07571393955064165,0.3685393258426966,1.6730184820670182,0.2966292134831461
0.85,10,shallow,0.8,1.5,0.75,6,0.04189406605295098,445,-0.388432923200956,-0.018360481086890146,-0.26943650334327257,-0.07571393955064165,0.3685393258426966,1.6730184820670182,0.2966292134831461
0.8,10,deep_slow,0.7,2.0,1.0,24,0.03201506443356151,265,-0.442989122625118,-0.018373188617270664,-0.16858505103977028,-0.12109142206802315,0.3283018867924528,1.9680707682716418,0.32075471698113206
0.85,10,deep_slow,0.7,2.0,1.0,24,0.03201506443356151,265,-0.442989122625118,-0.018373188617270664,-0.16858505103977028,-0.12109142206802315,0.3283018867924528,1.9680707682716418,0.32075471698113206
0.8,10,deep_slow,0.7,2.0,0.75,12,0.03201506443356151,340,-0.45129573004164686,-0.018502902400524213,-0.24370438124678206,-0.08435701994297673,0.3,2.2449061161827517,0.24705882352941178
0.85,10,deep_slow,0.7,2.0,0.75,12,0.03201506443356151,340,-0.45129573004164686,-0.018502902400524213,-0.24370438124678206,-0.08435701994297673,0.3,2.2449061161827517,0.24705882352941178
0.8,10,base,0.4,2.5,1.5,12,0.018576634829056745,189,-0.5114083266501777,-0.018734215936981657,-0.21858308948360955,-0.09522653085137167,0.41798941798941797,1.329365647206975,0.2275132275132275
0.85,10,base,0.4,2.5,1.5,12,0.018576634829056745,189,-0.5114083266501777,-0.018734215936981657,-0.21858308948360955,-0.09522653085137167,0.41798941798941797,1.329365647206975,0.2275132275132275
0.8,10,deep_slow,0.7,1.5,0.5,24,0.03201506443356151,472,-0.4495443923726841,-0.01879396065533312,-0.3122283526962553,-0.06687803478845045,0.2648305084745763,2.7005577690576077,0.2648305084745763
0.85,10,deep_slow,0.7,1.5,0.5,24,0.03201506443356151,472,-0.4495443923726841,-0.01879396065533312,-0.3122283526962553,-0.06687803478845045,0.2648305084745763,2.7005577690576077,0.2648305084745763
0.9,11,base,0.5,1.5,0.75,12,0.02143757519805179,338,-0.48559543718510484,-0.019109001904261014,-0.3551268299190213,-0.059783904076447514,0.34615384615384615,1.8098208578324766,0.32840236686390534
0.95,11,base,0.5,1.5,0.75,12,0.02143757519805179,338,-0.48559543718510484,-0.019109001904261014,-0.3551268299190213,-0.059783904076447514,0.34615384615384615,1.8098208578324766,0.32840236686390534
0.8,10,deep_slow,0.8,1.0,0.75,12,0.03652372924092767,499,-0.41325792441046005,-0.019110233707058,-0.2940049242350316,-0.07221727828632074,0.4408817635270541,1.2265145739500862,0.43887775551102204
0.85,10,deep_slow,0.8,1.0,0.75,12,0.03652372924092767,499,-0.41325792441046005,-0.019110233707058,-0.2940049242350316,-0.07221727828632074,0.4408817635270541,1.2265145739500862,0.43887775551102204
0.8,10,base,0.8,1.5,0.75,24,0.041557390516231536,407,-0.4178199894680429,-0.01917557810192394,-0.3382880283823428,-0.06297815699856735,0.3464373464373464,1.839533147142306,0.3464373464373464
0.85,10,base,0.8,1.5,0.75,24,0.041557390516231536,407,-0.4178199894680429,-0.01917557810192394,-0.3382880283823428,-0.06297815699856735,0.3464373464373464,1.839533147142306,0.3464373464373464
0.8,10,base,0.8,1.5,0.5,24,0.041557390516231536,486,-0.45528491083406064,-0.019249773909514767,-0.28914839694482886,-0.07396582799717621,0.2654320987654321,2.6922370495109154,0.2654320987654321
0.85,10,base,0.8,1.5,0.5,24,0.041557390516231536,486,-0.45528491083406064,-0.019249773909514767,-0.28914839694482886,-0.07396582799717621,0.2654320987654321,2.6922370495109154,0.2654320987654321
0.9,11,deep_slow,0.6,3.0,1.5,24,0.026270004931272684,166,-0.5984389806600671,-0.019264971777926854,-0.20163123382380954,-0.10615402687643971,0.3614457831325301,1.6670114512470213,0.2710843373493976
0.95,11,deep_slow,0.6,3.0,1.5,24,0.026270004931272684,166,-0.5984389806600671,-0.019264971777926854,-0.20163123382380954,-0.10615402687643971,0.3614457831325301,1.6670114512470213,0.2710843373493976
0.8,10,deep_slow,0.7,1.5,0.5,6,0.03201506443356151,500,-0.4630665932225201,-0.019421886583324444,-0.32029507124315487,-0.06736947902491774,0.29,2.3787858736775425,0.238
0.85,10,deep_slow,0.7,1.5,0.5,6,0.03201506443356151,500,-0.4630665932225201,-0.019421886583324444,-0.32029507124315487,-0.06736947902491774,0.29,2.3787858736775425,0.238
0.8,10,deep_slow,0.8,3.0,1.5,12,0.03652372924092767,215,-0.5406625687630294,-0.019447647171048632,-0.16969061116978681,-0.12732997328403817,0.40930232558139534,1.3790222485086987,0.1813953488372093
0.85,10,deep_slow,0.8,3.0,1.5,12,0.03652372924092767,215,-0.5406625687630294,-0.019447647171048632,-0.16969061116978681,-0.12732997328403817,0.40930232558139534,1.3790222485086987,0.1813953488372093
0.9,11,base,0.4,2.5,2.0,12,0.016682884199823906,162,-0.5920031070923883,-0.019474930047707062,-0.27157634849195433,-0.0796718099441559,0.4567901234567901,1.1270545923834794,0.25308641975308643
0.95,11,base,0.4,2.5,2.0,12,0.016682884199823906,162,-0.5920031070923883,-0.019474930047707062,-0.27157634849195433,-0.0796718099441559,0.4567901234567901,1.1270545923834794,0.25308641975308643
0.8,10,deep_slow,0.8,1.0,0.75,6,0.03652372924092767,519,-0.4169728663445329,-0.019567169536217843,-0.29668667059035264,-0.07327374986467317,0.44315992292870904,1.2142391483653021,0.42003853564547206
0.85,10,deep_slow,0.8,1.0,0.75,6,0.03652372924092767,519,-0.4169728663445329,-0.019567169536217843,-0.29668667059035264,-0.07327374986467317,0.44315992292870904,1.2142391483653021,0.42003853564547206
0.9,11,deep_slow,0.7,1.5,0.5,6,0.03059831863119774,479,-0.5007735992837661,-0.019569341226735038,-0.2897345833966137,-0.0750402479497192,0.29227557411273486,2.347985216507195,0.23173277661795408
0.95,11,deep_slow,0.7,1.5,0.5,6,0.03059831863119774,479,-0.5007735992837661,-0.019569341226735038,-0.2897345833966137,-0.0750402479497192,0.29227557411273486,2.347985216507195,0.23173277661795408
0.9,11,base,0.8,2.0,0.5,6,0.03626824368319925,457,-0.520092002387431,-0.019645601797961598,-0.24831578324506934,-0.08789770193803781,0.24945295404814005,2.884097641658463,0.15317286652078774
0.95,11,base,0.8,2.0,0.5,6,0.03626824368319925,457,-0.520092002387431,-0.019645601797961598,-0.24831578324506934,-0.08789770193803781,0.24945295404814005,2.884097641658463,0.15317286652078774
0.8,10,deep_slow,0.6,3.0,1.0,12,0.027441884318986948,239,-0.566032897676225,-0.019759851839259435,-0.20629914950944972,-0.10641428568879019,0.32217573221757323,2.004598209910023,0.1589958158995816
0.85,10,deep_slow,0.6,3.0,1.0,12,0.027441884318986948,239,-0.566032897676225,-0.019759851839259435,-0.20629914950944972,-0.10641428568879019,0.32217573221757323,2.004598209910023,0.1589958158995816
0.8,10,base,0.6,3.0,1.5,12,0.028890652717152483,194,-0.6174929779688043,-0.01980377655102805,-0.23094371510941328,-0.09526962876936584,0.41237113402061853,1.3535383829038252,0.19072164948453607
0.85,10,base,0.6,3.0,1.5,12,0.028890652717152483,194,-0.6174929779688043,-0.01980377655102805,-0.23094371510941328,-0.09526962876936584,0.41237113402061853,1.3535383829038252,0.19072164948453607
0.9,11,base,0.5,1.5,0.75,24,0.02143757519805179,334,-0.5072238117608252,-0.01983564887551137,-0.3798501359335254,-0.058015754170071654,0.3413173652694611,1.8463108986283983,0.3413173652694611
0.95,11,base,0.5,1.5,0.75,24,0.02143757519805179,334,-0.5072238117608252,-0.01983564887551137,-0.3798501359335254,-0.058015754170071654,0.3413173652694611,1.8463108986283983,0.3413173652694611
0.8,10,base,0.7,2.0,0.5,6,0.034786761033208866,442,-0.5150213537312738,-0.01986204759423882,-0.3181651905848365,-0.06935575753637613,0.248868778280543,2.9083496897472148,0.1515837104072398
0.85,10,base,0.7,2.0,0.5,6,0.034786761033208866,442,-0.5150213537312738,-0.01986204759423882,-0.3181651905848365,-0.06935575753637613,0.248868778280543,2.9083496897472148,0.1515837104072398
0.8,10,deep_slow,0.7,1.5,0.5,12,0.03201506443356151,477,-0.47488252407982634,-0.019889550654858867,-0.32274506880391407,-0.06846613967306092,0.27044025157232704,2.618643257021874,0.2578616352201258
0.85,10,deep_slow,0.7,1.5,0.5,12,0.03201506443356151,477,-0.47488252407982634,-0.019889550654858867,-0.32274506880391407,-0.06846613967306092,0.27044025157232704,2.618643257021874,0.2578616352201258
0.8,10,base,0.4,1.0,0.75,12,0.018576634829056745,365,-0.5148610016062924,-0.02000777061544512,-0.4473666873118068,-0.049686982686075076,0.4410958904109589,1.2075727417578435,0.4410958904109589
0.8,10,base,0.4,1.0,0.75,24,0.018576634829056745,365,-0.5148610016062924,-0.02000777061544512,-0.4473666873118068,-0.049686982686075076,0.4410958904109589,1.2075727417578435,0.4410958904109589
0.85,10,base,0.4,1.0,0.75,12,0.018576634829056745,365,-0.5148610016062924,-0.02000777061544512,-0.4473666873118068,-0.049686982686075076,0.4410958904109589,1.2075727417578435,0.4410958904109589
0.85,10,base,0.4,1.0,0.75,24,0.018576634829056745,365,-0.5148610016062924,-0.02000777061544512,-0.4473666873118068,-0.049686982686075076,0.4410958904109589,1.2075727417578435,0.4410958904109589
0.8,10,shallow,0.7,1.5,0.75,6,0.034650808039162956,425,-0.4403832590333396,-0.020050779299884414,-0.3179713409178771,-0.07005671719354645,0.36941176470588233,1.6427751781957936,0.29411764705882354
0.85,10,shallow,0.7,1.5,0.75,6,0.034650808039162956,425,-0.4403832590333396,-0.020050779299884414,-0.3179713409178771,-0.07005671719354645,0.36941176470588233,1.6427751781957936,0.29411764705882354
0.8,10,deep_slow,0.6,3.0,2.0,24,0.027441884318986948,137,-0.6284415305432165,-0.020065969404331252,-0.24642305285994615,-0.09046590692503464,0.45985401459854014,1.1118917392395131,0.2846715328467153
0.85,10,deep_slow,0.6,3.0,2.0,24,0.027441884318986948,137,-0.6284415305432165,-0.020065969404331252,-0.24642305285994615,-0.09046590692503464,0.45985401459854014,1.1118917392395131,0.2846715328467153
0.9,11,base,0.6,1.5,0.75,6,0.02585215857847287,394,-0.4774555408992567,-0.02008244468281184,-0.2965676736185297,-0.07523128698135817,0.3629441624365482,1.6844421068296311,0.2918781725888325
0.95,11,base,0.6,1.5,0.75,6,0.02585215857847287,394,-0.4774555408992567,-0.02008244468281184,-0.2965676736185297,-0.07523128698135817,0.3629441624365482,1.6844421068296311,0.2918781725888325
0.9,11,deep_slow,0.5,1.0,0.75,6,0.02227660444433337,405,-0.5037593654483564,-0.020115259295701904,-0.4074202069181139,-0.0548514335343272,0.4419753086419753,1.2067336292483795,0.4222222222222222
0.95,11,deep_slow,0.5,1.0,0.75,6,0.02227660444433337,405,-0.5037593654483564,-0.020115259295701904,-0.4074202069181139,-0.0548514335343272,0.4419753086419753,1.2067336292483795,0.4222222222222222
0.9,11,base,0.4,2.0,1.0,24,0.016682884199823906,217,-0.5874031874440663,-0.020263363109566335,-0.29983142980545496,-0.07508196419614432,0.34101382488479265,1.8323602839065338,0.3271889400921659
0.95,11,base,0.4,2.0,1.0,24,0.016682884199823906,217,-0.5874031874440663,-0.020263363109566335,-0.29983142980545496,-0.07508196419614432,0.34101382488479265,1.8323602839065338,0.3271889400921659
0.8,10,deep_slow,0.8,1.5,0.75,12,0.03652372924092767,416,-0.443475114472245,-0.0204744914600562,-0.33119840424853875,-0.06867852002556651,0.3485576923076923,1.8185137830939722,0.3317307692307692
0.85,10,deep_slow,0.8,1.5,0.75,12,0.03652372924092767,416,-0.443475114472245,-0.0204744914600562,-0.33119840424853875,-0.06867852002556651,0.3485576923076923,1.8185137830939722,0.3317307692307692
0.8,10,deep_slow,0.7,3.0,2.0,24,0.03201506443356151,141,-0.64606408374293,-0.020539214899995994,-0.22799018973342594,-0.10008341597590731,0.45390070921985815,1.138492425831483,0.2765957446808511
0.85,10,deep_slow,0.7,3.0,2.0,24,0.03201506443356151,141,-0.64606408374293,-0.020539214899995994,-0.22799018973342594,-0.10008341597590731,0.45390070921985815,1.138492425831483,0.2765957446808511
0.9,11,deep_slow,0.8,2.0,0.5,12,0.03592704925670819,431,-0.5282037171135077,-0.020541211910214185,-0.2561629666388038,-0.08908490279846148,0.22041763341067286,3.4354029438810567,0.1902552204176334
0.95,11,deep_slow,0.8,2.0,0.5,12,0.03592704925670819,431,-0.5282037171135077,-0.020541211910214185,-0.2561629666388038,-0.08908490279846148,0.22041763341067286,3.4354029438810567,0.1902552204176334
0.8,10,deep_slow,0.5,2.0,0.75,6,0.02386910511055699,327,-0.5455778690363094,-0.02092317713135916,-0.31409887289974453,-0.07400246888670758,0.3363914373088685,1.8751862792673304,0.19877675840978593
0.85,10,deep_slow,0.5,2.0,0.75,6,0.02386910511055699,327,-0.5455778690363094,-0.02092317713135916,-0.31409887289974453,-0.07400246888670758,0.3363914373088685,1.8751862792673304,0.19877675840978593
0.9,11,shallow,0.6,1.0,0.75,6,0.025504051782762147,435,-0.5040373789367385,-0.02096020184460612,-0.37452783448094795,-0.06217208062020785,0.43908045977011495,1.2226763590555012,0.41379310344827586
0.95,11,shallow,0.6,1.0,0.75,6,0.025504051782762147,435,-0.5040373789367385,-0.02096020184460612,-0.37452783448094795,-0.06217208062020785,0.43908045977011495,1.2226763590555012,0.41379310344827586
0.8,10,deep_slow,0.6,1.5,1.0,24,0.027441884318986948,313,-0.5016844301905835,-0.020973184690021296,-0.28463615355621974,-0.08185741748854258,0.402555910543131,1.4235807119610333,0.402555910543131
0.85,10,deep_slow,0.6,1.5,1.0,24,0.027441884318986948,313,-0.5016844301905835,-0.020973184690021296,-0.28463615355621974,-0.08185741748854258,0.402555910543131,1.4235807119610333,0.402555910543131
0.8,10,shallow,0.5,1.0,0.5,12,0.02225569419366929,461,-0.576994154044416,-0.021014229988649546,-0.5246120794731349,-0.04449978372830776,0.351409978308026,1.7538661562514806,0.351409978308026
0.8,10,shallow,0.5,1.0,0.5,24,0.02225569419366929,461,-0.576994154044416,-0.021014229988649546,-0.5246120794731349,-0.04449978372830776,0.351409978308026,1.7538661562514806,0.351409978308026
0.85,10,shallow,0.5,1.0,0.5,12,0.02225569419366929,461,-0.576994154044416,-0.021014229988649546,-0.5246120794731349,-0.04449978372830776,0.351409978308026,1.7538661562514806,0.351409978308026
0.85,10,shallow,0.5,1.0,0.5,24,0.02225569419366929,461,-0.576994154044416,-0.021014229988649546,-0.5246120794731349,-0.04449978372830776,0.351409978308026,1.7538661562514806,0.351409978308026
0.9,11,deep_slow,0.8,1.5,1.0,12,0.03592704925670819,348,-0.4802658543335469,-0.021063196843914778,-0.23379252082642898,-0.10008642300270121,0.40804597701149425,1.4082882756738397,0.3793103448275862
0.95,11,deep_slow,0.8,1.5,1.0,12,0.03592704925670819,348,-0.4802658543335469,-0.021063196843914778,-0.23379252082642898,-0.10008642300270121,0.40804597701149425,1.4082882756738397,0.3793103448275862
0.9,11,shallow,0.4,2.0,0.75,24,0.017780104391063124,260,-0.5804556506154782,-0.021250682077548766,-0.28500579836810713,-0.08283159815399654,0.2846153846153846,2.37819170502498,0.27307692307692305
0.95,11,shallow,0.4,2.0,0.75,24,0.017780104391063124,260,-0.5804556506154782,-0.021250682077548766,-0.28500579836810713,-0.08283159815399654,0.2846153846153846,2.37819170502498,0.27307692307692305
0.8,10,base,0.6,2.5,1.5,6,0.028890652717152483,272,-0.5093507616243649,-0.021316555714820606,-0.24462706451540148,-0.09680276539577626,0.45955882352941174,1.1205521250637993,0.16911764705882354
0.85,10,base,0.6,2.5,1.5,6,0.028890652717152483,272,-0.5093507616243649,-0.021316555714820606,-0.24462706451540148,-0.09680276539577626,0.45955882352941174,1.1205521250637993,0.16911764705882354
0.9,11,base,0.4,1.5,1.0,24,0.016682884199823906,260,-0.5845103121502913,-0.021336496308962616,-0.39748859363509903,-0.05963114876200881,0.40384615384615385,1.4011758802209389,0.4
0.95,11,base,0.4,1.5,1.0,24,0.016682884199823906,260,-0.5845103121502913,-0.021336496308962616,-0.39748859363509903,-0.05963114876200881,0.40384615384615385,1.4011758802209389,0.4
0.9,11,deep_slow,0.5,1.0,0.5,6,0.02227660444433337,460,-0.5801243015011411,-0.02138293403140501,-0.5069188772671221,-0.046860015254570286,0.35,1.7628958120535756,0.33695652173913043
0.95,11,deep_slow,0.5,1.0,0.5,6,0.02227660444433337,460,-0.5801243015011411,-0.02138293403140501,-0.5069188772671221,-0.046860015254570286,0.35,1.7628958120535756,0.33695652173913043
0.8,10,base,0.4,2.0,0.5,12,0.018576634829056745,328,-0.6496363107071276,-0.021720305733320178,-0.4176764407132552,-0.05776851574766517,0.21951219512195122,3.3422571385307727,0.19817073170731708
0.85,10,base,0.4,2.0,0.5,12,0.018576634829056745,328,-0.6496363107071276,-0.021720305733320178,-0.4176764407132552,-0.05776851574766517,0.21951219512195122,3.3422571385307727,0.19817073170731708
0.8,10,deep_slow,0.4,3.0,2.5,12,0.02012685895493155,156,-0.6336492645759789,-0.021725463855564064,-0.26716230583026684,-0.09033561419335301,0.5064102564102564,0.9147045663304403,0.1987179487179487
0.85,10,deep_slow,0.4,3.0,2.5,12,0.02012685895493155,156,-0.6336492645759789,-0.021725463855564064,-0.26716230583026684,-0.09033561419335301,0.5064102564102564,0.9147045663304403,0.1987179487179487
0.8,10,base,0.4,2.0,1.5,12,0.018576634829056745,201,-0.5996719731305523,-0.0217536342471929,-0.25988976660574886,-0.0929837535758411,0.4427860696517413,1.194399338733367,0.34328358208955223
0.85,10,base,0.4,2.0,1.5,12,0.018576634829056745,201,-0.5996719731305523,-0.0217536342471929,-0.25988976660574886,-0.0929837535758411,0.4427860696517413,1.194399338733367,0.34328358208955223
0.9,11,deep_slow,0.8,2.0,1.0,6,0.03592704925670819,352,-0.49229567306092353,-0.021857756249149984,-0.25692794345479153,-0.09450528461427976,0.4090909090909091,1.3931725420578365,0.20738636363636365
0.95,11,deep_slow,0.8,2.0,1.0,6,0.03592704925670819,352,-0.49229567306092353,-0.021857756249149984,-0.25692794345479153,-0.09450528461427976,0.4090909090909091,1.3931725420578365,0.20738636363636365
0.9,11,base,0.7,2.0,0.5,6,0.030935384207832782,441,-0.5818427287029779,-0.022136185779528694,-0.2947309945717082,-0.08343186534600666,0.24489795918367346,2.934475914207357,0.15419501133786848
0.95,11,base,0.7,2.0,0.5,6,0.030935384207832782,441,-0.5818427287029779,-0.022136185779528694,-0.2947309945717082,-0.08343186534600666,0.24489795918367346,2.934475914207357,0.15419501133786848
0.8,10,deep_slow,0.4,2.0,0.5,24,0.02012685895493155,319,-0.642540855248323,-0.022140179475040767,-0.43664691208601225,-0.05632557283960948,0.20376175548589343,3.6693625174965696,0.20376175548589343
0.85,10,deep_slow,0.4,2.0,0.5,24,0.02012685895493155,319,-0.642540855248323,-0.022140179475040767,-0.43664691208601225,-0.05632557283960948,0.20376175548589343,3.6693625174965696,0.20376175548589343
0.9,11,shallow,0.4,3.0,0.75,24,0.017780104391063124,218,-0.7291498344717091,-0.02214668968029887,-0.34312159684015414,-0.07169939290194949,0.23394495412844038,3.070738552254273,0.1834862385321101
0.95,11,shallow,0.4,3.0,0.75,24,0.017780104391063124,218,-0.7291498344717091,-0.02214668968029887,-0.34312159684015414,-0.07169939290194949,0.23394495412844038,3.070738552254273,0.1834862385321101
0.9,11,base,0.8,1.0,0.5,6,0.03626824368319925,592,-0.5150228309720739,-0.022167072774199825,-0.33726964344568094,-0.07301049652084257,0.35135135135135137,1.7711365392281833,0.34121621621621623
0.95,11,base,0.8,1.0,0.5,6,0.03626824368319925,592,-0.5150228309720739,-0.022167072774199825,-0.33726964344568094,-0.07301049652084257,0.35135135135135137,1.7711365392281833,0.34121621621621623
0.8,10,deep_slow,0.5,3.0,2.0,24,0.02386910511055699,137,-0.6679745748539497,-0.02216839210185817,-0.2628151044958165,-0.09369966729173962,0.43795620437956206,1.2075715801725035,0.291970802919708
0.85,10,deep_slow,0.5,3.0,2.0,24,0.02386910511055699,137,-0.6679745748539497,-0.02216839210185817,-0.2628151044958165,-0.09369966729173962,0.43795620437956206,1.2075715801725035,0.291970802919708
0.9,11,shallow,0.5,3.0,1.0,12,0.02146249546792225,215,-0.6734000941470558,-0.022309635990084953,-0.2911887734409075,-0.08510763847001757,0.3116279069767442,2.0823438291629173,0.16279069767441862
0.95,11,shallow,0.5,3.0,1.0,12,0.02146249546792225,215,-0.6734000941470558,-0.022309635990084953,-0.2911887734409075,-0.08510763847001757,0.3116279069767442,2.0823438291629173,0.16279069767441862
0.8,10,deep_slow,0.4,1.5,0.5,6,0.02012685895493155,374,-0.6076266284753615,-0.02237461021209175,-0.49564747229758477,-0.05014546449073909,0.2807486631016043,2.4101633899669297,0.232620320855615
0.85,10,deep_slow,0.4,1.5,0.5,6,0.02012685895493155,374,-0.6076266284753615,-0.02237461021209175,-0.49564747229758477,-0.05014546449073909,0.2807486631016043,2.4101633899669297,0.232620320855615
0.9,11,deep_slow,0.8,2.0,1.5,24,0.03592704925670819,215,-0.5594722205382135,-0.02240223792463647,-0.18220976374087286,-0.13657403892535303,0.413953488372093,1.3453111441793413,0.39069767441860465
0.95,11,deep_slow,0.8,2.0,1.5,24,0.03592704925670819,215,-0.5594722205382135,-0.02240223792463647,-0.18220976374087286,-0.13657403892535303,0.413953488372093,1.3453111441793413,0.39069767441860465
0.8,10,deep_slow,0.8,2.0,1.0,24,0.03652372924092767,275,-0.5492633644555299,-0.022494631118763264,-0.2062151434858122,-0.12117260053268453,0.32727272727272727,1.962937982085244,0.31636363636363635
0.85,10,deep_slow,0.8,2.0,1.0,24,0.03652372924092767,275,-0.5492633644555299,-0.022494631118763264,-0.2062151434858122,-0.12117260053268453,0.32727272727272727,1.962937982085244,0.31636363636363635
0.8,10,deep_slow,0.8,2.0,0.5,24,0.03652372924092767,414,-0.5923169082741143,-0.022495559590263836,-0.3313640287692548,-0.0754114903398383,0.21014492753623187,3.634377728856255,0.20772946859903382
0.85,10,deep_slow,0.8,2.0,0.5,24,0.03652372924092767,414,-0.5923169082741143,-0.022495559590263836,-0.3313640287692548,-0.0754114903398383,0.21014492753623187,3.634377728856255,0.20772946859903382
0.8,10,deep_slow,0.7,2.0,0.5,12,0.03201506443356151,415,-0.598802716060641,-0.022546130405960207,-0.31668059356334577,-0.07908523292672742,0.22650602409638554,3.2984473190112444,0.19518072289156627
0.85,10,deep_slow,0.7,2.0,0.5,12,0.03201506443356151,415,-0.598802716060641,-0.022546130405960207,-0.31668059356334577,-0.07908523292672742,0.22650602409638554,3.2984473190112444,0.19518072289156627
0.9,11,base,0.7,2.0,0.5,24,0.030935384207832782,385,-0.6232915856201396,-0.0226125748232886,-0.2876640416582683,-0.0873187739627792,0.2051948051948052,3.6731617096144977,0.2051948051948052
0.95,11,base,0.7,2.0,0.5,24,0.030935384207832782,385,-0.6232915856201396,-0.0226125748232886,-0.2876640416582683,-0.0873187739627792,0.2051948051948052,3.6731617096144977,0.2051948051948052
0.8,10,shallow,0.7,2.5,2.0,6,0.034650808039162956,269,-0.5142274163287014,-0.022707981931707533,-0.22928719958655558,-0.11001187333948759,0.4944237918215613,0.9727722514752062,0.16728624535315986
0.85,10,shallow,0.7,2.5,2.0,6,0.034650808039162956,269,-0.5142274163287014,-0.022707981931707533,-0.22928719958655558,-0.11001187333948759,0.4944237918215613,0.9727722514752062,0.16728624535315986
0.8,10,deep_slow,0.4,3.0,1.0,12,0.02012685895493155,218,-0.6603280583642905,-0.022745696802150106,-0.33370288349912947,-0.07571452177103011,0.3302752293577982,1.9077751195887223,0.16055045871559634
0.85,10,deep_slow,0.4,3.0,1.0,12,0.02012685895493155,218,-0.6603280583642905,-0.022745696802150106,-0.33370288349912947,-0.07571452177103011,0.3302752293577982,1.9077751195887223,0.16055045871559634
0.8,10,deep_slow,0.7,1.5,0.75,12,0.03201506443356151,394,-0.5209242751841419,-0.022834601832433354,-0.3388561598049878,-0.07485412813894232,0.350253807106599,1.7941350174584783,0.33248730964467005
0.85,10,deep_slow,0.7,1.5,0.75,12,0.03201506443356151,394,-0.5209242751841419,-0.022834601832433354,-0.3388561598049878,-0.07485412813894232,0.350253807106599,1.7941350174584783,0.33248730964467005
0.9,11,deep_slow,0.7,3.0,0.75,24,0.03059831863119774,261,-0.7229689477439858,-0.022835718758419832,-0.2523515186166567,-0.10051860047626548,0.2222222222222222,3.298366265090124,0.1839080459770115
0.95,11,deep_slow,0.7,3.0,0.75,24,0.03059831863119774,261,-0.7229689477439858,-0.022835718758419832,-0.2523515186166567,-0.10051860047626548,0.2222222222222222,3.298366265090124,0.1839080459770115
0.9,11,base,0.5,2.5,0.75,12,0.02143757519805179,269,-0.6372278110961156,-0.02287722507254364,-0.3552196088872429,-0.07153903152786412,0.26394052044609667,2.631776421748836,0.18587360594795538
0.95,11,base,0.5,2.5,0.75,12,0.02143757519805179,269,-0.6372278110961156,-0.02287722507254364,-0.3552196088872429,-0.07153903152786412,0.26394052044609667,2.631776421748836,0.18587360594795538
0.8,10,base,0.4,1.0,0.5,12,0.018576634829056745,416,-0.6531889823353508,-0.023163636743116056,-0.48134368107749176,-0.053454100714268704,0.35096153846153844,1.738454002586681,0.35096153846153844
0.8,10,base,0.4,1.0,0.5,24,0.018576634829056745,416,-0.6531889823353508,-0.023163636743116056,-0.48134368107749176,-0.053454100714268704,0.35096153846153844,1.738454002586681,0.35096153846153844
0.85,10,base,0.4,1.0,0.5,12,0.018576634829056745,416,-0.6531889823353508,-0.023163636743116056,-0.48134368107749176,-0.053454100714268704,0.35096153846153844,1.738454002586681,0.35096153846153844
0.85,10,base,0.4,1.0,0.5,24,0.018576634829056745,416,-0.6531889823353508,-0.023163636743116056,-0.48134368107749176,-0.053454100714268704,0.35096153846153844,1.738454002586681,0.35096153846153844
0.9,11,base,0.6,1.5,0.75,12,0.02585215857847287,363,-0.5773860238877249,-0.023270415672403066,-0.31837312998332257,-0.0811885244642564,0.3443526170798898,1.8131360622925226,0.32231404958677684
0.95,11,base,0.6,1.5,0.75,12,0.02585215857847287,363,-0.5773860238877249,-0.023270415672403066,-0.31837312998332257,-0.0811885244642564,0.3443526170798898,1.8131360622925226,0.32231404958677684
0.9,11,deep_slow,0.8,4.0,2.0,24,0.03592704925670819,128,-0.8243289715081595,-0.023275979040009442,-0.2364680664388306,-0.10933576151355018,0.3984375,1.4082495482850093,0.1796875
0.95,11,deep_slow,0.8,4.0,2.0,24,0.03592704925670819,128,-0.8243289715081595,-0.023275979040009442,-0.2364680664388306,-0.10933576151355018,0.3984375,1.4082495482850093,0.1796875
0.8,10,deep_slow,0.5,2.5,1.5,12,0.02386910511055699,204,-0.6033839859930362,-0.023315016715990344,-0.2768317111798988,-0.09355041206116388,0.4117647058823529,1.3494258412749494,0.24509803921568626
0.85,10,deep_slow,0.5,2.5,1.5,12,0.02386910511055699,204,-0.6033839859930362,-0.023315016715990344,-0.2768317111798988,-0.09355041206116388,0.4117647058823529,1.3494258412749494,0.24509803921568626
0.9,11,base,0.7,1.0,0.5,6,0.030935384207832782,556,-0.5680058666085491,-0.02332980293121245,-0.3942149830511262,-0.06573601735067114,0.35071942446043164,1.7669703556482617,0.3435251798561151
0.95,11,base,0.7,1.0,0.5,6,0.030935384207832782,556,-0.5680058666085491,-0.02332980293121245,-0.3942149830511262,-0.06573601735067114,0.35071942446043164,1.7669703556482617,0.3435251798561151
0.9,11,base,0.4,1.5,1.0,12,0.016682884199823906,265,-0.6427560516542269,-0.023391477350299894,-0.4716226595511602,-0.0550917930360445,0.4075471698113208,1.3726740330492517,0.3849056603773585
0.95,11,base,0.4,1.5,1.0,12,0.016682884199823906,265,-0.6427560516542269,-0.023391477350299894,-0.4716226595511602,-0.0550917930360445,0.4075471698113208,1.3726740330492517,0.3849056603773585
0.8,10,deep_slow,0.7,1.5,0.75,6,0.03201506443356151,427,-0.5216333676363686,-0.023442745855905556,-0.32749210880636004,-0.07951156276095184,0.36533957845433257,1.6784042970304933,0.2927400468384075
0.85,10,deep_slow,0.7,1.5,0.75,6,0.03201506443356151,427,-0.5216333676363686,-0.023442745855905556,-0.32749210880636004,-0.07951156276095184,0.36533957845433257,1.6784042970304933,0.2927400468384075
0.9,11,deep_slow,0.8,1.5,0.75,12,0.03592704925670819,407,-0.5256761279782594,-0.023457155320133705,-0.3249661042519686,-0.08017880379568032,0.3488943488943489,1.8046161641899596,0.32923832923832924
0.95,11,deep_slow,0.8,1.5,0.75,12,0.03592704925670819,407,-0.5256761279782594,-0.023457155320133705,-0.3249661042519686,-0.08017880379568032,0.3488943488943489,1.8046161641899596,0.32923832923832924
0.8,10,deep_slow,0.4,3.0,2.5,24,0.02012685895493155,120,-0.689967129868464,-0.0235452498867027,-0.2650163260896507,-0.0986849187119726,0.48333333333333334,0.996902675939331,0.325
0.85,10,deep_slow,0.4,3.0,2.5,24,0.02012685895493155,120,-0.689967129868464,-0.0235452498867027,-0.2650163260896507,-0.0986849187119726,0.48333333333333334,0.996902675939331,0.325
0.8,10,base,0.8,1.0,0.75,6,0.041557390516231536,520,-0.5064962929416271,-0.02359015206482218,-0.3226644217237062,-0.08120797121770718,0.4442307692307692,1.2078293483206515,0.42115384615384616
0.85,10,base,0.8,1.0,0.75,6,0.041557390516231536,520,-0.5064962929416271,-0.02359015206482218,-0.3226644217237062,-0.08120797121770718,0.4442307692307692,1.2078293483206515,0.42115384615384616
0.9,11,shallow,0.6,3.0,1.5,12,0.025504051782762147,194,-0.7006389649470081,-0.023757167084923037,-0.23698686517842718,-0.11134872363509885,0.4072164948453608,1.3749158542314326,0.19072164948453607
0.95,11,shallow,0.6,3.0,1.5,12,0.025504051782762147,194,-0.7006389649470081,-0.023757167084923037,-0.23698686517842718,-0.11134872363509885,0.4072164948453608,1.3749158542314326,0.19072164948453607
0.8,10,deep_slow,0.5,2.0,0.5,24,0.02386910511055699,330,-0.7290545289543708,-0.02380611024526491,-0.40540216801270385,-0.06522529159291945,0.20909090909090908,3.543409378678835,0.20909090909090908
0.85,10,deep_slow,0.5,2.0,0.5,24,0.02386910511055699,330,-0.7290545289543708,-0.02380611024526491,-0.40540216801270385,-0.06522529159291945,0.20909090909090908,3.543409378678835,0.20909090909090908
0.8,10,deep_slow,0.4,3.0,1.5,24,0.02012685895493155,156,-0.7112967851347899,-0.023817971526468806,-0.27019550088300803,-0.09791292410489782,0.36538461538461536,1.611098517984303,0.25
0.85,10,deep_slow,0.4,3.0,1.5,24,0.02012685895493155,156,-0.7112967851347899,-0.023817971526468806,-0.27019550088300803,-0.09791292410489782,0.36538461538461536,1.611098517984303,0.25
0.8,10,deep_slow,0.8,1.5,1.0,12,0.03652372924092767,361,-0.5261841322069731,-0.023919144256997815,-0.2397242475444437,-0.11082673307538415,0.40166204986149584,1.4284593556279104,0.38227146814404434
0.85,10,deep_slow,0.8,1.5,1.0,12,0.03652372924092767,361,-0.5261841322069731,-0.023919144256997815,-0.2397242475444437,-0.11082673307538415,0.40166204986149584,1.4284593556279104,0.38227146814404434
0.8,10,deep_slow,0.4,2.5,1.5,12,0.02012685895493155,191,-0.6463760495472575,-0.023995508857327486,-0.31504100788771694,-0.08460028825851851,0.418848167539267,1.3025905975212873,0.2356020942408377
0.85,10,deep_slow,0.4,2.5,1.5,12,0.02012685895493155,191,-0.6463760495472575,-0.023995508857327486,-0.31504100788771694,-0.08460028825851851,0.418848167539267,1.3025905975212873,0.2356020942408377
0.9,11,deep_slow,0.4,3.0,1.5,12,0.018002548129969136,177,-0.785152978813957,-0.024398924984350367,-0.3091203986984312,-0.08766818279981503,0.3954802259887006,1.4280504827104967,0.1977401129943503
0.95,11,deep_slow,0.4,3.0,1.5,12,0.018002548129969136,177,-0.785152978813957,-0.024398924984350367,-0.3091203986984312,-0.08766818279981503,0.3954802259887006,1.4280504827104967,0.1977401129943503
0.9,11,shallow,0.4,3.0,1.0,24,0.017780104391063124,182,-0.8146993197758914,-0.024585789900516075,-0.33192548892881363,-0.08226932083198002,0.2802197802197802,2.3898157851536737,0.21428571428571427
0.95,11,shallow,0.4,3.0,1.0,24,0.017780104391063124,182,-0.8146993197758914,-0.024585789900516075,-0.33192548892881363,-0.08226932083198002,0.2802197802197802,2.3898157851536737,0.21428571428571427
0.9,11,base,0.8,1.5,0.75,24,0.03626824368319925,401,-0.5517818158220988,-0.024602613616821145,-0.30245071212919755,-0.09034842116191766,0.33665835411471323,1.8836828996094481,0.33665835411471323
0.95,11,base,0.8,1.5,0.75,24,0.03626824368319925,401,-0.5517818158220988,-0.024602613616821145,-0.30245071212919755,-0.09034842116191766,0.33665835411471323,1.8836828996094481,0.33665835411471323
0.9,11,deep_slow,0.7,2.0,0.5,6,0.03059831863119774,445,-0.6424137889185058,-0.024608719311352223,-0.3446570295453222,-0.0793041023686355,0.251685393258427,2.842256578257935,0.15280898876404495
0.95,11,deep_slow,0.7,2.0,0.5,6,0.03059831863119774,445,-0.6424137889185058,-0.024608719311352223,-0.3446570295453222,-0.0793041023686355,0.251685393258427,2.842256578257935,0.15280898876404495
0.8,10,deep_slow,0.7,1.0,0.75,6,0.03201506443356151,501,-0.5368159985873011,-0.024719976932407794,-0.3816097578909101,-0.07194814743181988,0.437125748502994,1.2314232246465924,0.42115768463073855
0.85,10,deep_slow,0.7,1.0,0.75,6,0.03201506443356151,501,-0.5368159985873011,-0.024719976932407794,-0.3816097578909101,-0.07194814743181988,0.437125748502994,1.2314232246465924,0.42115768463073855
0.8,10,base,0.4,2.0,1.5,24,0.018576634829056745,184,-0.7095454004346845,-0.02483010650430073,-0.266205201534836,-0.10359775476579947,0.41304347826086957,1.325553351049884,0.40217391304347827
0.85,10,base,0.4,2.0,1.5,24,0.018576634829056745,184,-0.7095454004346845,-0.02483010650430073,-0.266205201534836,-0.10359775476579947,0.41304347826086957,1.325553351049884,0.40217391304347827
0.9,11,deep_slow,0.7,2.0,0.75,24,0.03059831863119774,318,-0.6414888483008144,-0.024832926716750747,-0.2992634936576366,-0.09216422879013919,0.27672955974842767,2.514468657587405,0.27358490566037735
0.95,11,deep_slow,0.7,2.0,0.75,24,0.03059831863119774,318,-0.6414888483008144,-0.024832926716750747,-0.2992634936576366,-0.09216422879013919,0.27672955974842767,2.514468657587405,0.27358490566037735
0.8,10,deep_slow,0.7,3.0,0.75,24,0.03201506443356151,267,-0.7450593638500129,-0.02489288197804862,-0.3171993597085872,-0.08716248850334596,0.21722846441947566,3.383979344457322,0.1797752808988764
0.85,10,deep_slow,0.7,3.0,0.75,24,0.03201506443356151,267,-0.7450593638500129,-0.02489288197804862,-0.3171993597085872,-0.08716248850334596,0.21722846441947566,3.383979344457322,0.1797752808988764
0.8,10,deep_slow,0.4,1.5,0.75,12,0.02012685895493155,312,-0.6365744648789899,-0.024990715403160224,-0.37776650121742616,-0.0734749948124549,0.34935897435897434,1.7540539241442679,0.3301282051282051
0.85,10,deep_slow,0.4,1.5,0.75,12,0.02012685895493155,312,-0.6365744648789899,-0.024990715403160224,-0.37776650121742616,-0.0734749948124549,0.34935897435897434,1.7540539241442679,0.3301282051282051
0.9,11,base,0.7,2.0,1.5,6,0.030935384207832782,288,-0.610746732726559,-0.025089242037348414,-0.2877214289727389,-0.0968494616028005,0.4826388888888889,1.0145420709354094,0.2152777777777778
0.95,11,base,0.7,2.0,1.5,6,0.030935384207832782,288,-0.610746732726559,-0.025089242037348414,-0.2877214289727389,-0.0968494616028005,0.4826388888888889,1.0145420709354094,0.2152777777777778
0.9,11,deep_slow,0.8,3.0,1.5,12,0.03592704925670819,208,-0.7483346383606392,-0.0251921100421455,-0.2194841080910466,-0.12747962984376382,0.40384615384615385,1.386951312341972,0.17307692307692307
0.95,11,deep_slow,0.8,3.0,1.5,12,0.03592704925670819,208,-0.7483346383606392,-0.0251921100421455,-0.2194841080910466,-0.12747962984376382,0.40384615384615385,1.386951312341972,0.17307692307692307
0.8,10,shallow,0.5,1.5,0.5,6,0.02225569419366929,415,-0.6837047708016404,-0.02531415964752437,-0.5652503047122944,-0.04973922506767592,0.2819277108433735,2.3928123620658384,0.2385542168674699
0.85,10,shallow,0.5,1.5,0.5,6,0.02225569419366929,415,-0.6837047708016404,-0.02531415964752437,-0.5652503047122944,-0.04973922506767592,0.2819277108433735,2.3928123620658384,0.2385542168674699
0.8,10,base,0.8,2.0,0.5,12,0.041557390516231536,426,-0.6949036166848126,-0.025455794555772515,-0.2701317847144091,-0.1046607312253921,0.22535211267605634,3.300644446040825,0.19248826291079812
0.85,10,base,0.8,2.0,0.5,12,0.041557390516231536,426,-0.6949036166848126,-0.025455794555772515,-0.2701317847144091,-0.1046607312253921,0.22535211267605634,3.300644446040825,0.19248826291079812
0.8,10,deep_slow,0.7,2.0,1.0,6,0.03201506443356151,342,-0.5776859519663214,-0.025485899862942918,-0.25062956417754395,-0.11293790379565705,0.39766081871345027,1.4393358428265108,0.20175438596491227
0.85,10,deep_slow,0.7,2.0,1.0,6,0.03201506443356151,342,-0.5776859519663214,-0.025485899862942918,-0.25062956417754395,-0.11293790379565705,0.39766081871345027,1.4393358428265108,0.20175438596491227
0.8,10,deep_slow,0.6,1.5,0.75,6,0.027441884318986948,397,-0.5961273153273946,-0.02563617370646787,-0.3736858043644667,-0.07619297485199139,0.3602015113350126,1.685654824475356,0.2947103274559194
0.85,10,deep_slow,0.6,1.5,0.75,6,0.027441884318986948,397,-0.5961273153273946,-0.02563617370646787,-0.3736858043644667,-0.07619297485199139,0.3602015113350126,1.685654824475356,0.2947103274559194
0.9,11,deep_slow,0.8,3.0,2.0,24,0.03592704925670819,141,-0.8736795199866634,-0.025692034256345142,-0.28575577138803704,-0.09985513936363255,0.41843971631205673,1.2957476206288074,0.28368794326241137
0.95,11,deep_slow,0.8,3.0,2.0,24,0.03592704925670819,141,-0.8736795199866634,-0.025692034256345142,-0.28575577138803704,-0.09985513936363255,0.41843971631205673,1.2957476206288074,0.28368794326241137
0.8,10,base,0.8,4.0,1.5,24,0.041557390516231536,156,-0.9007086760470931,-0.025999710852679825,-0.23282543035790587,-0.12402162493500457,0.3333333333333333,1.863195124010261,0.16666666666666666
0.85,10,base,0.8,4.0,1.5,24,0.041557390516231536,156,-0.9007086760470931,-0.025999710852679825,-0.23282543035790587,-0.12402162493500457,0.3333333333333333,1.863195124010261,0.16666666666666666
0.8,10,deep_slow,0.5,2.0,0.75,24,0.02386910511055699,281,-0.7243130631430916,-0.026015997122678325,-0.3225288526710485,-0.0895840750310073,0.2775800711743772,2.4427446486995117,0.27402135231316727
0.85,10,deep_slow,0.5,2.0,0.75,24,0.02386910511055699,281,-0.7243130631430916,-0.026015997122678325,-0.3225288526710485,-0.0895840750310073,0.2775800711743772,2.4427446486995117,0.27402135231316727
0.8,10,deep_slow,0.5,1.0,0.5,6,0.02386910511055699,469,-0.6970824058876979,-0.026066040326955364,-0.6513532539641491,-0.04444430760629592,0.35394456289978676,1.7141170493873175,0.3390191897654584
0.85,10,deep_slow,0.5,1.0,0.5,6,0.02386910511055699,469,-0.6970824058876979,-0.026066040326955364,-0.6513532539641491,-0.04444430760629592,0.35394456289978676,1.7141170493873175,0.3390191897654584
0.9,11,deep_slow,0.7,2.5,1.5,12,0.03059831863119774,219,-0.6620728934338888,-0.02619684765962027,-0.2590885433589489,-0.11229366363628135,0.4018264840182648,1.4030801854241641,0.2465753424657534
0.95,11,deep_slow,0.7,2.5,1.5,12,0.03059831863119774,219,-0.6620728934338888,-0.02619684765962027,-0.2590885433589489,-0.11229366363628135,0.4018264840182648,1.4030801854241641,0.2465753424657534
0.8,10,deep_slow,0.7,1.0,0.75,24,0.03201506443356151,483,-0.5787001598940632,-0.026258853501768376,-0.407319993559725,-0.07159668598962088,0.4389233954451346,1.2191277830657856,0.4389233954451346
0.85,10,deep_slow,0.7,1.0,0.75,24,0.03201506443356151,483,-0.5787001598940632,-0.026258853501768376,-0.407319993559725,-0.07159668598962088,0.4389233954451346,1.2191277830657856,0.4389233954451346
0.8,10,deep_slow,0.6,2.5,2.0,6,0.027441884318986948,256,-0.592159609870015,-0.026264426109230632,-0.28921056234430315,-0.10085710919094404,0.48046875,1.0166454897714343,0.1640625
0.85,10,deep_slow,0.6,2.5,2.0,6,0.027441884318986948,256,-0.592159609870015,-0.026264426109230632,-0.28921056234430315,-0.10085710919094404,0.48046875,1.0166454897714343,0.1640625
0.8,10,deep_slow,0.5,3.0,2.5,24,0.02386910511055699,120,-0.8566531831032341,-0.026281187418056517,-0.2797363502090203,-0.10433941892399046,0.48333333333333334,0.9890233064499789,0.325
0.85,10,deep_slow,0.5,3.0,2.5,24,0.02386910511055699,120,-0.8566531831032341,-0.026281187418056517,-0.2797363502090203,-0.10433941892399046,0.48333333333333334,0.9890233064499789,0.325
0.8,10,shallow,0.5,1.0,0.5,6,0.02225569419366929,465,-0.7294584965140726,-0.026539258331322313,-0.6024728237694678,-0.048921217338610434,0.35053763440860214,1.7364022811856403,0.34408602150537637
0.85,10,shallow,0.5,1.0,0.5,6,0.02225569419366929,465,-0.7294584965140726,-0.026539258331322313,-0.6024728237694678,-0.048921217338610434,0.35053763440860214,1.7364022811856403,0.34408602150537637
0.9,11,base,0.6,1.0,0.75,6,0.02585215857847287,447,-0.6483553524494656,-0.026549113871516816,-0.47377041365661227,-0.062234009925079325,0.4407158836689038,1.2019945466505584,0.4228187919463087
0.95,11,base,0.6,1.0,0.75,6,0.02585215857847287,447,-0.6483553524494656,-0.026549113871516816,-0.47377041365661227,-0.062234009925079325,0.4407158836689038,1.2019945466505584,0.4228187919463087
0.8,10,deep_slow,0.6,2.0,0.5,12,0.027441884318986948,388,-0.7502705194755227,-0.026739947541561393,-0.38512154652096026,-0.07710875511238358,0.22422680412371135,3.242455295786502,0.19329896907216496
0.85,10,deep_slow,0.6,2.0,0.5,12,0.027441884318986948,388,-0.7502705194755227,-0.026739947541561393,-0.38512154652096026,-0.07710875511238358,0.22422680412371135,3.242455295786502,0.19329896907216496
0.9,11,base,0.8,1.5,0.75,6,0.03626824368319925,442,-0.5852281913817123,-0.02690985586145822,-0.342679579583582,-0.08720871539648944,0.36199095022624433,1.6784070411552847,0.2918552036199095
0.95,11,base,0.8,1.5,0.75,6,0.03626824368319925,442,-0.5852281913817123,-0.02690985586145822,-0.342679579583582,-0.08720871539648944,0.36199095022624433,1.6784070411552847,0.2918552036199095
0.9,11,shallow,0.4,1.5,0.75,12,0.017780104391063124,312,-0.6918444445825264,-0.026922096872353585,-0.5010841935010925,-0.059667057199454865,0.34615384615384615,1.770803521343492,0.3333333333333333
0.95,11,shallow,0.4,1.5,0.75,12,0.017780104391063124,312,-0.6918444445825264,-0.026922096872353585,-0.5010841935010925,-0.059667057199454865,0.34615384615384615,1.770803521343492,0.3333333333333333
0.8,10,deep_slow,0.6,3.0,1.5,24,0.027441884318986948,163,-0.8193249373931397,-0.02694869644520248,-0.2578453756876887,-0.11606845275669986,0.36809815950920244,1.5856002787508778,0.24539877300613497
0.85,10,deep_slow,0.6,3.0,1.5,24,0.027441884318986948,163,-0.8193249373931397,-0.02694869644520248,-0.2578453756876887,-0.11606845275669986,0.36809815950920244,1.5856002787508778,0.24539877300613497
0.8,10,shallow,0.8,2.5,2.0,6,0.04189406605295098,275,-0.6121923736592537,-0.027051940878897396,-0.2689032044636723,-0.11172122021376163,0.48727272727272725,0.994141827573977,0.16363636363636364
0.85,10,shallow,0.8,2.5,2.0,6,0.04189406605295098,275,-0.6121923736592537,-0.027051940878897396,-0.2689032044636723,-0.11172122021376163,0.48727272727272725,0.994141827573977,0.16363636363636364
0.8,10,base,0.8,2.5,0.5,24,0.041557390516231536,375,-0.7447901216080305,-0.027057335458539278,-0.2951102523121417,-0.10182016893667933,0.18133333333333335,4.220760375670223,0.168
0.85,10,base,0.8,2.5,0.5,24,0.041557390516231536,375,-0.7447901216080305,-0.027057335458539278,-0.2951102523121417,-0.10182016893667933,0.18133333333333335,4.220760375670223,0.168
0.8,10,deep_slow,0.5,2.0,1.5,24,0.02386910511055699,191,-0.7497279119576586,-0.027105364037102286,-0.29103255553244595,-0.10342977136568066,0.41361256544502617,1.324206881960306,0.39790575916230364
0.85,10,deep_slow,0.5,2.0,1.5,24,0.02386910511055699,191,-0.7497279119576586,-0.027105364037102286,-0.29103255553244595,-0.10342977136568066,0.41361256544502617,1.324206881960306,0.39790575916230364
0.8,10,base,0.4,2.5,0.75,12,0.018576634829056745,262,-0.7687750283525542,-0.027148262084663588,-0.4257303928514819,-0.07081711112404832,0.27099236641221375,2.5052883334032696,0.1946564885496183
0.85,10,base,0.4,2.5,0.75,12,0.018576634829056745,262,-0.7687750283525542,-0.027148262084663588,-0.4257303928514819,-0.07081711112404832,0.27099236641221375,2.5052883334032696,0.1946564885496183
0.8,10,deep_slow,0.7,1.0,0.75,12,0.03201506443356151,483,-0.600536627053125,-0.027183808646493945,-0.41094222454386176,-0.07346144787465303,0.4389233954451346,1.2169290027856032,0.43685300207039335
0.85,10,deep_slow,0.7,1.0,0.75,12,0.03201506443356151,483,-0.600536627053125,-0.027183808646493945,-0.41094222454386176,-0.07346144787465303,0.4389233954451346,1.2169290027856032,0.43685300207039335
0.8,10,deep_slow,0.7,2.5,0.5,24,0.03201506443356151,373,-0.74983993510321,-0.027185603447310025,-0.31228029417168235,-0.09667725262943505,0.1769436997319035,4.346947676485231,0.17158176943699732
0.85,10,deep_slow,0.7,2.5,0.5,24,0.03201506443356151,373,-0.74983993510321,-0.027185603447310025,-0.31228029417168235,-0.09667725262943505,0.1769436997319035,4.346947676485231,0.17158176943699732
0.9,11,deep_slow,0.7,3.0,1.5,24,0.03059831863119774,169,-0.8563071679924376,-0.027320728170228015,-0.2652283399037582,-0.1143928533544265,0.35502958579881655,1.6826056697710727,0.26627218934911245
0.95,11,deep_slow,0.7,3.0,1.5,24,0.03059831863119774,169,-0.8563071679924376,-0.027320728170228015,-0.2652283399037582,-0.1143928533544265,0.35502958579881655,1.6826056697710727,0.26627218934911245
0.8,10,deep_slow,0.7,3.0,1.5,12,0.03201506443356151,206,-0.8259921163834626,-0.027643359889402697,-0.2792054122271736,-0.10994754555975284,0.4077669902912621,1.3588868585061018,0.18932038834951456
0.85,10,deep_slow,0.7,3.0,1.5,12,0.03201506443356151,206,-0.8259921163834626,-0.027643359889402697,-0.2792054122271736,-0.10994754555975284,0.4077669902912621,1.3588868585061018,0.18932038834951456
0.9,11,shallow,0.6,1.0,0.5,12,0.025504051782762147,497,-0.7187197180462401,-0.027808131608426878,-0.5012613011261138,-0.061605868851905554,0.3380281690140845,1.8413709695443583,0.3380281690140845
0.9,11,shallow,0.6,1.0,0.5,24,0.025504051782762147,497,-0.7187197180462401,-0.027808131608426878,-0.5012613011261138,-0.061605868851905554,0.3380281690140845,1.8413709695443583,0.3380281690140845
0.95,11,shallow,0.6,1.0,0.5,12,0.025504051782762147,497,-0.7187197180462401,-0.027808131608426878,-0.5012613011261138,-0.061605868851905554,0.3380281690140845,1.8413709695443583,0.3380281690140845
0.95,11,shallow,0.6,1.0,0.5,24,0.025504051782762147,497,-0.7187197180462401,-0.027808131608426878,-0.5012613011261138,-0.061605868851905554,0.3380281690140845,1.8413709695443583,0.3380281690140845
0.9,11,shallow,0.4,2.5,0.75,12,0.017780104391063124,256,-0.7639842737531981,-0.027820306270173067,-0.3708155095326051,-0.08331403493392042,0.26171875,2.622055335234332,0.19921875
0.95,11,shallow,0.4,2.5,0.75,12,0.017780104391063124,256,-0.7639842737531981,-0.027820306270173067,-0.3708155095326051,-0.08331403493392042,0.26171875,2.622055335234332,0.19921875
0.8,10,shallow,0.5,2.0,0.75,12,0.02225569419366929,297,-0.7336400464417991,-0.027869619529060086,-0.38873099744349465,-0.07961498082138863,0.2996632996632997,2.185889267859642,0.24915824915824916
0.85,10,shallow,0.5,2.0,0.75,12,0.02225569419366929,297,-0.7336400464417991,-0.027869619529060086,-0.38873099744349465,-0.07961498082138863,0.2996632996632997,2.185889267859642,0.24915824915824916
0.9,11,shallow,0.4,1.5,0.75,24,0.017780104391063124,309,-0.7239374805165962,-0.027943238837211837,-0.511031348218377,-0.06072119377060414,0.33980582524271846,1.8167910182911917,0.33980582524271846
0.95,11,shallow,0.4,1.5,0.75,24,0.017780104391063124,309,-0.7239374805165962,-0.027943238837211837,-0.511031348218377,-0.06072119377060414,0.33980582524271846,1.8167910182911917,0.33980582524271846
0.9,11,base,0.6,1.5,0.75,24,0.02585215857847287,355,-0.7050765826547875,-0.027963855746982014,-0.38466712440682205,-0.0807276984151768,0.3352112676056338,1.8696080585763803,0.3352112676056338
0.95,11,base,0.6,1.5,0.75,24,0.02585215857847287,355,-0.7050765826547875,-0.027963855746982014,-0.38466712440682205,-0.0807276984151768,0.3352112676056338,1.8696080585763803,0.3352112676056338
0.9,11,base,0.5,2.0,1.5,6,0.02143757519805179,259,-0.742420990828742,-0.02801785921164124,-0.30566542694062265,-0.10178830372631043,0.46332046332046334,1.0819057987185832,0.1969111969111969
0.95,11,base,0.5,2.0,1.5,6,0.02143757519805179,259,-0.742420990828742,-0.02801785921164124,-0.30566542694062265,-0.10178830372631043,0.46332046332046334,1.0819057987185832,0.1969111969111969
0.8,10,deep_slow,0.8,1.5,1.0,24,0.03652372924092767,348,-0.6302236972871853,-0.028063626341802816,-0.2795876002375867,-0.11146383841758845,0.3936781609195402,1.4650505284522428,0.3936781609195402
0.85,10,deep_slow,0.8,1.5,1.0,24,0.03652372924092767,348,-0.6302236972871853,-0.028063626341802816,-0.2795876002375867,-0.11146383841758845,0.3936781609195402,1.4650505284522428,0.3936781609195402
0.9,11,deep_slow,0.7,4.0,1.5,24,0.03059831863119774,155,-0.9138779868059368,-0.028182136691440207,-0.26676553636919453,-0.11731387077747801,0.32903225806451614,1.8909845492970618,0.17419354838709677
0.95,11,deep_slow,0.7,4.0,1.5,24,0.03059831863119774,155,-0.9138779868059368,-0.028182136691440207,-0.26676553636919453,-0.11731387077747801,0.32903225806451614,1.8909845492970618,0.17419354838709677
0.8,10,deep_slow,0.7,3.0,1.0,24,0.03201506443356151,216,-0.8747403709582192,-0.02831163868589559,-0.2623771842101156,-0.11982319472264014,0.2777777777777778,2.422912199358092,0.2037037037037037
0.85,10,deep_slow,0.7,3.0,1.0,24,0.03201506443356151,216,-0.8747403709582192,-0.02831163868589559,-0.2623771842101156,-0.11982319472264014,0.2777777777777778,2.422912199358092,0.2037037037037037
0.9,11,shallow,0.4,3.0,1.5,24,0.017780104391063124,146,-0.9958487500343945,-0.028766409080892008,-0.37039364355505927,-0.08624080233237319,0.363013698630137,1.5977878825963097,0.2534246575342466
0.95,11,shallow,0.4,3.0,1.5,24,0.017780104391063124,146,-0.9958487500343945,-0.028766409080892008,-0.37039364355505927,-0.08624080233237319,0.363013698630137,1.5977878825963097,0.2534246575342466
0.9,11,base,0.5,2.0,0.75,12,0.02143757519805179,285,-0.8239549174951384,-0.028799349042858968,-0.4133930983777361,-0.07735872311126624,0.2912280701754386,2.266599105211545,0.24561403508771928
0.95,11,base,0.5,2.0,0.75,12,0.02143757519805179,285,-0.8239549174951384,-0.028799349042858968,-0.4133930983777361,-0.07735872311126624,0.2912280701754386,2.266599105211545,0.24561403508771928
0.9,11,deep_slow,0.8,2.0,0.75,6,0.03592704925670819,389,-0.6983402279699888,-0.028930854274455298,-0.3734393866517927,-0.08602560058461728,0.34704370179948585,1.785587163994813,0.18766066838046272
0.95,11,deep_slow,0.8,2.0,0.75,6,0.03592704925670819,389,-0.6983402279699888,-0.028930854274455298,-0.3734393866517927,-0.08602560058461728,0.34704370179948585,1.785587163994813,0.18766066838046272
0.9,11,shallow,0.4,1.5,1.0,6,0.017780104391063124,299,-0.7346464428435877,-0.02893433425107783,-0.44899199166931214,-0.07155852654247619,0.431438127090301,1.2281423619964018,0.3110367892976589
0.95,11,shallow,0.4,1.5,1.0,6,0.017780104391063124,299,-0.7346464428435877,-0.02893433425107783,-0.44899199166931214,-0.07155852654247619,0.431438127090301,1.2281423619964018,0.3110367892976589
0.8,10,deep_slow,0.5,3.0,1.0,12,0.02386910511055699,234,-0.7994997055056408,-0.02899800786053841,-0.34375057506804785,-0.09367196666009237,0.32051282051282054,1.972353411090225,0.1623931623931624
0.85,10,deep_slow,0.5,3.0,1.0,12,0.02386910511055699,234,-0.7994997055056408,-0.02899800786053841,-0.34375057506804785,-0.09367196666009237,0.32051282051282054,1.972353411090225,0.1623931623931624
0.8,10,base,0.4,1.0,0.75,6,0.018576634829056745,375,-0.7557739170837476,-0.029013097097373652,-0.5980996871168545,-0.05386479979040082,0.43466666666666665,1.2116827305967839,0.41333333333333333
0.85,10,base,0.4,1.0,0.75,6,0.018576634829056745,375,-0.7557739170837476,-0.029013097097373652,-0.5980996871168545,-0.05386479979040082,0.43466666666666665,1.2116827305967839,0.41333333333333333
0.8,10,deep_slow,0.5,2.0,0.75,12,0.02386910511055699,299,-0.7808056577122623,-0.029018082007438273,-0.4399040567982536,-0.07324789468259296,0.30434782608695654,2.1324611942999385,0.25418060200668896
0.85,10,deep_slow,0.5,2.0,0.75,12,0.02386910511055699,299,-0.7808056577122623,-0.029018082007438273,-0.4399040567982536,-0.07324789468259296,0.30434782608695654,2.1324611942999385,0.25418060200668896
0.8,10,deep_slow,0.6,1.5,1.0,6,0.027441884318986948,352,-0.6874536657821126,-0.029180077219403633,-0.36808734597842474,-0.0880270068213439,0.42613636363636365,1.2688300283024392,0.3181818181818182
0.85,10,deep_slow,0.6,1.5,1.0,6,0.027441884318986948,352,-0.6874536657821126,-0.029180077219403633,-0.36808734597842474,-0.0880270068213439,0.42613636363636365,1.2688300283024392,0.3181818181818182
0.9,11,deep_slow,0.7,2.0,1.5,12,0.03059831863119774,232,-0.7488984394620342,-0.029268134558804726,-0.26424317674674597,-0.12298990302622392,0.43103448275862066,1.2360106928825625,0.3232758620689655
0.95,11,deep_slow,0.7,2.0,1.5,12,0.03059831863119774,232,-0.7488984394620342,-0.029268134558804726,-0.26424317674674597,-0.12298990302622392,0.43103448275862066,1.2360106928825625,0.3232758620689655
0.9,11,deep_slow,0.8,3.0,1.5,24,0.03592704925670819,176,-0.8851929416789351,-0.02928744442958542,-0.25659612461544434,-0.12673865759264102,0.35795454545454547,1.6539757167546147,0.2556818181818182
0.95,11,deep_slow,0.8,3.0,1.5,24,0.03592704925670819,176,-0.8851929416789351,-0.02928744442958542,-0.25659612461544434,-0.12673865759264102,0.35795454545454547,1.6539757167546147,0.2556818181818182
0.8,10,deep_slow,0.5,2.5,0.75,12,0.02386910511055699,273,-0.8159531542493984,-0.029366368793451558,-0.41224564982386636,-0.0790988053387327,0.2783882783882784,2.4053023705385503,0.19047619047619047
0.85,10,deep_slow,0.5,2.5,0.75,12,0.02386910511055699,273,-0.8159531542493984,-0.029366368793451558,-0.41224564982386636,-0.0790988053387327,0.2783882783882784,2.4053023705385503,0.19047619047619047
0.8,10,deep_slow,0.4,2.0,1.5,6,0.02012685895493155,252,-0.7386556853955714,-0.029420880304065533,-0.402558657448256,-0.08115231155691283,0.4801587301587302,1.0072979698243636,0.2222222222222222
0.85,10,deep_slow,0.4,2.0,1.5,6,0.02012685895493155,252,-0.7386556853955714,-0.029420880304065533,-0.402558657448256,-0.08115231155691283,0.4801587301587302,1.0072979698243636,0.2222222222222222
0.8,10,base,0.8,2.5,2.0,6,0.041557390516231536,274,-0.6787096315189226,-0.029731202088229325,-0.3261464558625229,-0.10122003814880665,0.4781021897810219,1.0254268581660004,0.16423357664233576
0.85,10,base,0.8,2.5,2.0,6,0.041557390516231536,274,-0.6787096315189226,-0.029731202088229325,-0.3261464558625229,-0.10122003814880665,0.4781021897810219,1.0254268581660004,0.16423357664233576
0.9,11,deep_slow,0.8,1.5,1.0,24,0.03592704925670819,337,-0.7011633714525178,-0.02996974651083939,-0.32621670626024046,-0.10200879880303382,0.39465875370919884,1.4644488885949964,0.39465875370919884
0.95,11,deep_slow,0.8,1.5,1.0,24,0.03592704925670819,337,-0.7011633714525178,-0.02996974651083939,-0.32621670626024046,-0.10200879880303382,0.39465875370919884,1.4644488885949964,0.39465875370919884
0.9,11,deep_slow,0.7,1.5,1.0,24,0.03059831863119774,323,-0.7591081277210833,-0.030084826451044155,-0.3475999542240102,-0.0961005120620444,0.3993808049535604,1.431570463799242,0.3993808049535604
0.95,11,deep_slow,0.7,1.5,1.0,24,0.03059831863119774,323,-0.7591081277210833,-0.030084826451044155,-0.3475999542240102,-0.0961005120620444,0.3993808049535604,1.431570463799242,0.3993808049535604
0.9,11,base,0.4,2.5,2.0,24,0.016682884199823906,129,-0.9744325353724627,-0.030188446886187936,-0.3894974073904944,-0.08605805472923667,0.46511627906976744,1.0460071815106875,0.35658914728682173
0.95,11,base,0.4,2.5,2.0,24,0.016682884199823906,129,-0.9744325353724627,-0.030188446886187936,-0.3894974073904944,-0.08605805472923667,0.46511627906976744,1.0460071815106875,0.35658914728682173
0.9,11,deep_slow,0.7,2.5,1.5,6,0.03059831863119774,282,-0.7288629134373636,-0.03044320169763215,-0.3198422448948238,-0.10568260072294278,0.43617021276595747,1.212620054798077,0.16312056737588654
0.95,11,deep_slow,0.7,2.5,1.5,6,0.03059831863119774,282,-0.7288629134373636,-0.03044320169763215,-0.3198422448948238,-0.10568260072294278,0.43617021276595747,1.212620054798077,0.16312056737588654
0.9,11,shallow,0.4,2.0,0.75,12,0.017780104391063124,271,-0.8303106223358508,-0.030499679868023377,-0.39587846342614763,-0.08554231373967047,0.2915129151291513,2.246743064469707,0.25092250922509224
0.95,11,shallow,0.4,2.0,0.75,12,0.017780104391063124,271,-0.8303106223358508,-0.030499679868023377,-0.39587846342614763,-0.08554231373967047,0.2915129151291513,2.246743064469707,0.25092250922509224
0.8,10,base,0.8,4.0,2.0,24,0.041557390516231536,132,-1.0400751946650886,-0.03054718684168445,-0.2972575135752597,-0.11409977474239963,0.4090909090909091,1.3352563587896447,0.16666666666666666
0.85,10,base,0.8,4.0,2.0,24,0.041557390516231536,132,-1.0400751946650886,-0.03054718684168445,-0.2972575135752597,-0.11409977474239963,0.4090909090909091,1.3352563587896447,0.16666666666666666
0.8,10,deep_slow,0.7,2.5,0.75,24,0.03201506443356151,292,-0.7849932086815421,-0.03056894217263717,-0.3985612712802667,-0.08515912304677387,0.23972602739726026,2.949440237095311,0.2191780821917808
0.85,10,deep_slow,0.7,2.5,0.75,24,0.03201506443356151,292,-0.7849932086815421,-0.03056894217263717,-0.3985612712802667,-0.08515912304677387,0.23972602739726026,2.949440237095311,0.2191780821917808
0.9,11,base,0.4,2.0,0.75,24,0.016682884199823906,258,-0.9180287699510986,-0.03069416382580814,-0.4327230133342564,-0.07875689137401243,0.2751937984496124,2.428427630820856,0.2713178294573643
0.95,11,base,0.4,2.0,0.75,24,0.016682884199823906,258,-0.9180287699510986,-0.03069416382580814,-0.4327230133342564,-0.07875689137401243,0.2751937984496124,2.428427630820856,0.2713178294573643
0.8,10,deep_slow,0.7,1.5,1.0,12,0.03201506443356151,345,-0.7027624301484202,-0.030768374857768066,-0.303774267220105,-0.11245906857487253,0.4028985507246377,1.4004171589370975,0.37971014492753624
0.85,10,deep_slow,0.7,1.5,1.0,12,0.03201506443356151,345,-0.7027624301484202,-0.030768374857768066,-0.303774267220105,-0.11245906857487253,0.4028985507246377,1.4004171589370975,0.37971014492753624
0.8,10,base,0.8,1.5,1.0,24,0.041557390516231536,347,-0.6973213740334276,-0.0307684233202572,-0.33369492605889517,-0.10237561974713305,0.3976945244956772,1.4459603337371811,0.3976945244956772
0.85,10,base,0.8,1.5,1.0,24,0.041557390516231536,347,-0.6973213740334276,-0.0307684233202572,-0.33369492605889517,-0.10237561974713305,0.3976945244956772,1.4459603337371811,0.3976945244956772
0.9,11,shallow,0.4,2.0,1.0,6,0.017780104391063124,271,-0.7997082113266988,-0.030838551489105193,-0.37346477206392154,-0.0916818755724298,0.3948339483394834,1.4165972190041138,0.2066420664206642
0.95,11,shallow,0.4,2.0,1.0,6,0.017780104391063124,271,-0.7997082113266988,-0.030838551489105193,-0.37346477206392154,-0.0916818755724298,0.3948339483394834,1.4165972190041138,0.2066420664206642
0.8,10,deep_slow,0.7,2.5,1.0,12,0.03201506443356151,272,-0.7387680351450502,-0.031001235757481926,-0.31246700782236514,-0.11015645511599226,0.3235294117647059,1.9561742209520965,0.21691176470588236
0.85,10,deep_slow,0.7,2.5,1.0,12,0.03201506443356151,272,-0.7387680351450502,-0.031001235757481926,-0.31246700782236514,-0.11015645511599226,0.3235294117647059,1.9561742209520965,0.21691176470588236
0.8,10,deep_slow,0.6,1.5,0.75,24,0.027441884318986948,362,-0.75367856672403,-0.03107727987172848,-0.4492467653494617,-0.07680531295140802,0.3370165745856354,1.8457089755960019,0.3370165745856354
0.85,10,deep_slow,0.6,1.5,0.75,24,0.027441884318986948,362,-0.75367856672403,-0.03107727987172848,-0.4492467653494617,-0.07680531295140802,0.3370165745856354,1.8457089755960019,0.3370165745856354
0.9,11,base,0.5,2.0,0.75,24,0.02143757519805179,276,-0.9008695038447604,-0.03109742223546208,-0.41840012660735765,-0.08252115636740609,0.2753623188405797,2.4375493543043993,0.2717391304347826
0.95,11,base,0.5,2.0,0.75,24,0.02143757519805179,276,-0.9008695038447604,-0.03109742223546208,-0.41840012660735765,-0.08252115636740609,0.2753623188405797,2.4375493543043993,0.2717391304347826
0.9,11,base,0.4,1.5,0.75,24,0.016682884199823906,300,-0.8663256257960092,-0.031217161836781138,-0.46756899016779374,-0.07412717659122836,0.33666666666666667,1.8227212169699702,0.33666666666666667
0.95,11,base,0.4,1.5,0.75,24,0.016682884199823906,300,-0.8663256257960092,-0.031217161836781138,-0.46756899016779374,-0.07412717659122836,0.33666666666666667,1.8227212169699702,0.33666666666666667
0.8,10,deep_slow,0.8,1.5,0.75,24,0.03652372924092767,409,-0.6969918020489396,-0.031358862907249985,-0.47406150354317955,-0.07344324119713441,0.3374083129584352,1.8733928702268707,0.3374083129584352
0.85,10,deep_slow,0.8,1.5,0.75,24,0.03652372924092767,409,-0.6969918020489396,-0.031358862907249985,-0.47406150354317955,-0.07344324119713441,0.3374083129584352,1.8733928702268707,0.3374083129584352
0.9,11,deep_slow,0.7,3.0,1.5,12,0.03059831863119774,203,-0.9349702171731805,-0.03142677278942463,-0.29038108512125566,-0.12015891282356295,0.39901477832512317,1.3958374696897136,0.1921182266009852
0.95,11,deep_slow,0.7,3.0,1.5,12,0.03059831863119774,203,-0.9349702171731805,-0.03142677278942463,-0.29038108512125566,-0.12015891282356295,0.39901477832512317,1.3958374696897136,0.1921182266009852
0.8,10,deep_slow,0.7,2.0,0.5,24,0.03201506443356151,403,-0.8564839314367817,-0.03154916432429444,-0.4459414801604181,-0.07854733818232162,0.20843672456575682,3.594910081485978,0.20843672456575682
0.85,10,deep_slow,0.7,2.0,0.5,24,0.03201506443356151,403,-0.8564839314367817,-0.03154916432429444,-0.4459414801604181,-0.07854733818232162,0.20843672456575682,3.594910081485978,0.20843672456575682
0.8,10,deep_slow,0.5,1.5,0.75,12,0.02386910511055699,337,-0.8168983202077714,-0.0317711806133526,-0.45701341337471874,-0.07718277074286084,0.34718100890207715,1.7509283415551646,0.3264094955489614
0.85,10,deep_slow,0.5,1.5,0.75,12,0.02386910511055699,337,-0.8168983202077714,-0.0317711806133526,-0.45701341337471874,-0.07718277074286084,0.34718100890207715,1.7509283415551646,0.3264094955489614
0.8,10,deep_slow,0.4,1.5,1.0,6,0.02012685895493155,298,-0.7899076066275508,-0.03186766803001306,-0.5533492414343059,-0.06393880609471181,0.436241610738255,1.197181027719642,0.3187919463087248
0.85,10,deep_slow,0.4,1.5,1.0,6,0.02012685895493155,298,-0.7899076066275508,-0.03186766803001306,-0.5533492414343059,-0.06393880609471181,0.436241610738255,1.197181027719642,0.3187919463087248
0.8,10,deep_slow,0.8,1.0,0.5,12,0.03652372924092767,591,-0.7587144428545863,-0.0319791576976588,-0.5782338654283152,-0.06140083532176477,0.34856175972927245,1.7722948756188641,0.34856175972927245
0.8,10,deep_slow,0.8,1.0,0.5,24,0.03652372924092767,591,-0.7587144428545863,-0.0319791576976588,-0.5782338654283152,-0.06140083532176477,0.34856175972927245,1.7722948756188641,0.34856175972927245
0.85,10,deep_slow,0.8,1.0,0.5,12,0.03652372924092767,591,-0.7587144428545863,-0.0319791576976588,-0.5782338654283152,-0.06140083532176477,0.34856175972927245,1.7722948756188641,0.34856175972927245
0.85,10,deep_slow,0.8,1.0,0.5,24,0.03652372924092767,591,-0.7587144428545863,-0.0319791576976588,-0.5782338654283152,-0.06140083532176477,0.34856175972927245,1.7722948756188641,0.34856175972927245
0.8,10,base,0.8,1.5,1.0,6,0.041557390516231536,396,-0.6855425466444571,-0.03207317237553897,-0.3684875282572267,-0.09663346828907915,0.4292929292929293,1.266381050702513,0.3181818181818182
0.85,10,base,0.8,1.5,1.0,6,0.041557390516231536,396,-0.6855425466444571,-0.03207317237553897,-0.3684875282572267,-0.09663346828907915,0.4292929292929293,1.266381050702513,0.3181818181818182
0.9,11,shallow,0.4,2.5,1.5,12,0.017780104391063124,184,-0.9297696735764924,-0.03215229057454372,-0.3914291986120133,-0.0911937704625817,0.41847826086956524,1.2723545713941102,0.23369565217391305
0.95,11,shallow,0.4,2.5,1.5,12,0.017780104391063124,184,-0.9297696735764924,-0.03215229057454372,-0.3914291986120133,-0.0911937704625817,0.41847826086956524,1.2723545713941102,0.23369565217391305
0.8,10,deep_slow,0.6,1.0,0.5,12,0.027441884318986948,527,-0.8103116297318211,-0.032228382281691004,-0.6867141320337997,-0.05210352430703491,0.34724857685009486,1.756785998950317,0.34724857685009486
0.8,10,deep_slow,0.6,1.0,0.5,24,0.027441884318986948,527,-0.8103116297318211,-0.032228382281691004,-0.6867141320337997,-0.05210352430703491,0.34724857685009486,1.756785998950317,0.34724857685009486
0.85,10,deep_slow,0.6,1.0,0.5,12,0.027441884318986948,527,-0.8103116297318211,-0.032228382281691004,-0.6867141320337997,-0.05210352430703491,0.34724857685009486,1.756785998950317,0.34724857685009486
0.85,10,deep_slow,0.6,1.0,0.5,24,0.027441884318986948,527,-0.8103116297318211,-0.032228382281691004,-0.6867141320337997,-0.05210352430703491,0.34724857685009486,1.756785998950317,0.34724857685009486
0.8,10,deep_slow,0.6,2.0,1.5,6,0.027441884318986948,287,-0.7598650658320533,-0.03224736697909236,-0.3048839197276693,-0.1174258862749552,0.47038327526132406,1.0496306227383871,0.21951219512195122
0.85,10,deep_slow,0.6,2.0,1.5,6,0.027441884318986948,287,-0.7598650658320533,-0.03224736697909236,-0.3048839197276693,-0.1174258862749552,0.47038327526132406,1.0496306227383871,0.21951219512195122
0.9,11,deep_slow,0.8,1.5,0.75,24,0.03592704925670819,401,-0.7434899313183301,-0.03256835278074122,-0.4387691379964105,-0.0824054310623783,0.33665835411471323,1.873658951628471,0.33665835411471323
0.95,11,deep_slow,0.8,1.5,0.75,24,0.03592704925670819,401,-0.7434899313183301,-0.03256835278074122,-0.4387691379964105,-0.0824054310623783,0.33665835411471323,1.873658951628471,0.33665835411471323
0.8,10,deep_slow,0.7,2.0,0.75,24,0.03201506443356151,324,-0.8207722949437409,-0.03262453509639085,-0.398155626046348,-0.09096748554881906,0.2716049382716049,2.5012339118788742,0.2654320987654321
0.85,10,deep_slow,0.7,2.0,0.75,24,0.03201506443356151,324,-0.8207722949437409,-0.03262453509639085,-0.398155626046348,-0.09096748554881906,0.2716049382716049,2.5012339118788742,0.2654320987654321
0.8,10,deep_slow,0.7,1.5,0.75,24,0.03201506443356151,387,-0.7614383916295703,-0.03270995119047937,-0.4617119150952106,-0.0786504845362529,0.3385012919896641,1.8543016136893307,0.3385012919896641
0.85,10,deep_slow,0.7,1.5,0.75,24,0.03201506443356151,387,-0.7614383916295703,-0.03270995119047937,-0.4617119150952106,-0.0786504845362529,0.3385012919896641,1.8543016136893307,0.3385012919896641
0.8,10,base,0.4,1.0,0.5,6,0.018576634829056745,420,-0.9319918186137399,-0.03275107377345421,-0.5944680489667675,-0.06116297343866728,0.3476190476190476,1.7180132045494174,0.3380952380952381
0.85,10,base,0.4,1.0,0.5,6,0.018576634829056745,420,-0.9319918186137399,-0.03275107377345421,-0.5944680489667675,-0.06116297343866728,0.3476190476190476,1.7180132045494174,0.3380952380952381
0.9,11,shallow,0.4,3.0,2.0,12,0.017780104391063124,151,-1.1267501478934614,-0.032821570868466377,-0.47085893021174474,-0.0773852803678764,0.45695364238410596,1.0724522834868462,0.2052980132450331
0.95,11,shallow,0.4,3.0,2.0,12,0.017780104391063124,151,-1.1267501478934614,-0.032821570868466377,-0.47085893021174474,-0.0773852803678764,0.45695364238410596,1.0724522834868462,0.2052980132450331
0.8,10,deep_slow,0.7,2.0,0.5,6,0.03201506443356151,460,-0.8594226372717294,-0.032926157116300425,-0.46500679278085705,-0.0786083994211445,0.25217391304347825,2.7891474370299303,0.15
0.85,10,deep_slow,0.7,2.0,0.5,6,0.03201506443356151,460,-0.8594226372717294,-0.032926157116300425,-0.46500679278085705,-0.0786083994211445,0.25217391304347825,2.7891474370299303,0.15
0.9,11,base,0.4,2.5,0.75,12,0.016682884199823906,252,-0.9796571404247406,-0.03296196887209002,-0.45705998457427854,-0.08006196716349212,0.25793650793650796,2.629432247401449,0.18253968253968253
0.95,11,base,0.4,2.5,0.75,12,0.016682884199823906,252,-0.9796571404247406,-0.03296196887209002,-0.45705998457427854,-0.08006196716349212,0.25793650793650796,2.629432247401449,0.18253968253968253
0.9,11,base,0.4,2.0,1.0,12,0.016682884199823906,232,-0.9544806916151802,-0.033122911416527234,-0.45968255215473397,-0.07999314781973932,0.3448275862068966,1.7437348604271352,0.2801724137931034
0.95,11,base,0.4,2.0,1.0,12,0.016682884199823906,232,-0.9544806916151802,-0.033122911416527234,-0.45968255215473397,-0.07999314781973932,0.3448275862068966,1.7437348604271352,0.2801724137931034
0.9,11,base,0.4,1.0,0.75,12,0.016682884199823906,352,-0.9131072176413345,-0.033597342420276455,-0.567176571063811,-0.06575929181885654,0.4318181818181818,1.210084469686612,0.4318181818181818
0.9,11,base,0.4,1.0,0.75,24,0.016682884199823906,352,-0.9131072176413345,-0.033597342420276455,-0.567176571063811,-0.06575929181885654,0.4318181818181818,1.210084469686612,0.4318181818181818
0.95,11,base,0.4,1.0,0.75,12,0.016682884199823906,352,-0.9131072176413345,-0.033597342420276455,-0.567176571063811,-0.06575929181885654,0.4318181818181818,1.210084469686612,0.4318181818181818
0.95,11,base,0.4,1.0,0.75,24,0.016682884199823906,352,-0.9131072176413345,-0.033597342420276455,-0.567176571063811,-0.06575929181885654,0.4318181818181818,1.210084469686612,0.4318181818181818
0.9,11,deep_slow,0.8,2.0,0.5,24,0.03592704925670819,414,-0.8988986692062602,-0.033629263306967694,-0.40829623055736114,-0.0914348322249261,0.2028985507246377,3.7073630421217207,0.2028985507246377
0.95,11,deep_slow,0.8,2.0,0.5,24,0.03592704925670819,414,-0.8988986692062602,-0.033629263306967694,-0.40829623055736114,-0.0914348322249261,0.2028985507246377,3.7073630421217207,0.2028985507246377
0.9,11,base,0.5,1.0,0.75,6,0.02143757519805179,413,-0.8476600823843974,-0.03370747921798578,-0.6206486163224404,-0.0602904081804323,0.4358353510895884,1.2023849055720177,0.4188861985472155
0.95,11,base,0.5,1.0,0.75,6,0.02143757519805179,413,-0.8476600823843974,-0.03370747921798578,-0.6206486163224404,-0.0602904081804323,0.4358353510895884,1.2023849055720177,0.4188861985472155
0.8,10,deep_slow,0.5,2.0,1.5,6,0.02386910511055699,272,-0.8301089412140332,-0.03373265547985471,-0.41320716048234457,-0.09062537253317804,0.4742647058823529,1.0259029885840492,0.22058823529411764
0.85,10,deep_slow,0.5,2.0,1.5,6,0.02386910511055699,272,-0.8301089412140332,-0.03373265547985471,-0.41320716048234457,-0.09062537253317804,0.4742647058823529,1.0259029885840492,0.22058823529411764
0.9,11,base,0.4,3.0,2.5,12,0.016682884199823906,146,-1.1499821995706316,-0.033735255865687486,-0.4206237917414136,-0.08903427414553189,0.4726027397260274,1.010976581853857,0.21232876712328766
0.95,11,base,0.4,3.0,2.5,12,0.016682884199823906,146,-1.1499821995706316,-0.033735255865687486,-0.4206237917414136,-0.08903427414553189,0.4726027397260274,1.010976581853857,0.21232876712328766
0.8,10,base,0.8,3.0,2.5,12,0.041557390516231536,172,-1.070632587682579,-0.03387606158577361,-0.3146976622328773,-0.11949863272544015,0.47093023255813954,1.0283379857526036,0.20348837209302326
0.85,10,base,0.8,3.0,2.5,12,0.041557390516231536,172,-1.070632587682579,-0.03387606158577361,-0.3146976622328773,-0.11949863272544015,0.47093023255813954,1.0283379857526036,0.20348837209302326
0.8,10,shallow,0.8,1.0,0.5,12,0.04189406605295098,594,-0.8148641808248122,-0.03401767006262335,-0.559621176016476,-0.0674792791877451,0.3468013468013468,1.7796223970504672,0.3468013468013468
0.8,10,shallow,0.8,1.0,0.5,24,0.04189406605295098,594,-0.8148641808248122,-0.03401767006262335,-0.559621176016476,-0.0674792791877451,0.3468013468013468,1.7796223970504672,0.3468013468013468
0.85,10,shallow,0.8,1.0,0.5,12,0.04189406605295098,594,-0.8148641808248122,-0.03401767006262335,-0.559621176016476,-0.0674792791877451,0.3468013468013468,1.7796223970504672,0.3468013468013468
0.85,10,shallow,0.8,1.0,0.5,24,0.04189406605295098,594,-0.8148641808248122,-0.03401767006262335,-0.559621176016476,-0.0674792791877451,0.3468013468013468,1.7796223970504672,0.3468013468013468
0.8,10,deep_slow,0.6,1.5,0.5,6,0.027441884318986948,463,-0.8831726940947607,-0.034309522066808706,-0.47663173680774407,-0.07990693026555495,0.28077753779697623,2.373002126460879,0.2267818574514039
0.85,10,deep_slow,0.6,1.5,0.5,6,0.027441884318986948,463,-0.8831726940947607,-0.034309522066808706,-0.47663173680774407,-0.07990693026555495,0.28077753779697623,2.373002126460879,0.2267818574514039
0.9,11,shallow,0.6,1.0,0.5,6,0.025504051782762147,502,-0.891544836966354,-0.03433145971373486,-0.6085712607706844,-0.06262287735094096,0.3386454183266932,1.8088791048931527,0.32669322709163345
0.95,11,shallow,0.6,1.0,0.5,6,0.025504051782762147,502,-0.891544836966354,-0.03433145971373486,-0.6085712607706844,-0.06262287735094096,0.3386454183266932,1.8088791048931527,0.32669322709163345
0.8,10,base,0.8,3.0,1.5,24,0.041557390516231536,173,-1.0819400756962345,-0.034826224550169704,-0.2962317901945384,-0.13050122411088927,0.3583815028901734,1.6259871827543877,0.23121387283236994
0.85,10,base,0.8,3.0,1.5,24,0.041557390516231536,173,-1.0819400756962345,-0.034826224550169704,-0.2962317901945384,-0.13050122411088927,0.3583815028901734,1.6259871827543877,0.23121387283236994
0.9,11,deep_slow,0.8,4.0,1.5,24,0.03592704925670819,160,-1.099060008029745,-0.0348264056288512,-0.29072089440322146,-0.13297569107820417,0.325,1.8950061893606354,0.175
0.95,11,deep_slow,0.8,4.0,1.5,24,0.03592704925670819,160,-1.099060008029745,-0.0348264056288512,-0.29072089440322146,-0.13297569107820417,0.325,1.8950061893606354,0.175
0.9,11,deep_slow,0.7,1.0,0.75,24,0.03059831863119774,467,-0.821568721680566,-0.034946450641808235,-0.4481904176708392,-0.086552050323776,0.430406852248394,1.2471878187470764,0.430406852248394
0.95,11,deep_slow,0.7,1.0,0.75,24,0.03059831863119774,467,-0.821568721680566,-0.034946450641808235,-0.4481904176708392,-0.086552050323776,0.430406852248394,1.2471878187470764,0.430406852248394
0.9,11,base,0.5,2.0,1.0,6,0.02143757519805179,295,-0.9173799282959009,-0.03498566344757226,-0.47372919435126687,-0.0819777210365642,0.38305084745762713,1.4846513491395141,0.19661016949152543
0.95,11,base,0.5,2.0,1.0,6,0.02143757519805179,295,-0.9173799282959009,-0.03498566344757226,-0.47372919435126687,-0.0819777210365642,0.38305084745762713,1.4846513491395141,0.19661016949152543
0.9,11,base,0.4,3.0,1.0,12,0.016682884199823906,205,-1.1196720588565179,-0.035123505956202394,-0.488589124528332,-0.0797969886804123,0.2975609756097561,2.137988904595664,0.15609756097560976
0.95,11,base,0.4,3.0,1.0,12,0.016682884199823906,205,-1.1196720588565179,-0.035123505956202394,-0.488589124528332,-0.0797969886804123,0.2975609756097561,2.137988904595664,0.15609756097560976
0.8,10,base,0.8,1.5,0.5,6,0.041557390516231536,513,-0.8544207371978262,-0.035123595366725824,-0.4454339350590683,-0.08752822095117807,0.28654970760233917,2.346793266516488,0.2378167641325536
0.85,10,base,0.8,1.5,0.5,6,0.041557390516231536,513,-0.8544207371978262,-0.035123595366725824,-0.4454339350590683,-0.08752822095117807,0.28654970760233917,2.346793266516488,0.2378167641325536
0.8,10,deep_slow,0.5,2.5,2.0,24,0.02386910511055699,142,-1.0170986489024703,-0.035146507929151416,-0.39941774047093853,-0.09767573669011187,0.4507042253521127,1.1090185096032754,0.352112676056338
0.85,10,deep_slow,0.5,2.5,2.0,24,0.02386910511055699,142,-1.0170986489024703,-0.035146507929151416,-0.39941774047093853,-0.09767573669011187,0.4507042253521127,1.1090185096032754,0.352112676056338
0.8,10,deep_slow,0.6,2.0,0.5,24,0.027441884318986948,373,-1.0251229332003369,-0.035179092777066656,-0.4670451024212644,-0.08360973852064857,0.2037533512064343,3.5843603311555494,0.2037533512064343
0.85,10,deep_slow,0.6,2.0,0.5,24,0.027441884318986948,373,-1.0251229332003369,-0.035179092777066656,-0.4670451024212644,-0.08360973852064857,0.2037533512064343,3.5843603311555494,0.2037533512064343
0.9,11,base,0.8,2.0,0.5,24,0.03626824368319925,408,-0.9890627834399991,-0.03544443315412449,-0.3981564758370273,-0.0988140466130123,0.20098039215686275,3.6738990866090284,0.20098039215686275
0.95,11,base,0.8,2.0,0.5,24,0.03626824368319925,408,-0.9890627834399991,-0.03544443315412449,-0.3981564758370273,-0.0988140466130123,0.20098039215686275,3.6738990866090284,0.20098039215686275
0.9,11,deep_slow,0.8,1.5,0.5,6,0.03592704925670819,506,-0.8819097247103718,-0.03568246949143161,-0.4609885141584002,-0.08591782864470232,0.2865612648221344,2.340311176058941,0.22529644268774704
0.95,11,deep_slow,0.8,1.5,0.5,6,0.03592704925670819,506,-0.8819097247103718,-0.03568246949143161,-0.4609885141584002,-0.08591782864470232,0.2865612648221344,2.340311176058941,0.22529644268774704
0.8,10,deep_slow,0.5,2.5,1.0,12,0.02386910511055699,243,-0.9530604099863442,-0.03571512566561841,-0.4119599669480002,-0.09623096647260931,0.3292181069958848,1.864957946732325,0.205761316872428
0.85,10,deep_slow,0.5,2.5,1.0,12,0.02386910511055699,243,-0.9530604099863442,-0.03571512566561841,-0.4119599669480002,-0.09623096647260931,0.3292181069958848,1.864957946732325,0.205761316872428
0.8,10,deep_slow,0.4,1.5,0.75,24,0.02012685895493155,308,-0.9281905163629519,-0.03579114443048592,-0.5029357254385712,-0.0789912309694456,0.3344155844155844,1.826059080513572,0.3344155844155844
0.85,10,deep_slow,0.4,1.5,0.75,24,0.02012685895493155,308,-0.9281905163629519,-0.03579114443048592,-0.5029357254385712,-0.0789912309694456,0.3344155844155844,1.826059080513572,0.3344155844155844
0.9,11,deep_slow,0.7,1.0,0.5,12,0.03059831863119774,551,-0.8975913425507264,-0.03607361438543499,-0.5282145607484794,-0.07580328444611129,0.3411978221415608,1.8093153447986532,0.3411978221415608
0.9,11,deep_slow,0.7,1.0,0.5,24,0.03059831863119774,551,-0.8975913425507264,-0.03607361438543499,-0.5282145607484794,-0.07580328444611129,0.3411978221415608,1.8093153447986532,0.3411978221415608
0.95,11,deep_slow,0.7,1.0,0.5,12,0.03059831863119774,551,-0.8975913425507264,-0.03607361438543499,-0.5282145607484794,-0.07580328444611129,0.3411978221415608,1.8093153447986532,0.3411978221415608
0.95,11,deep_slow,0.7,1.0,0.5,24,0.03059831863119774,551,-0.8975913425507264,-0.03607361438543499,-0.5282145607484794,-0.07580328444611129,0.3411978221415608,1.8093153447986532,0.3411978221415608
0.9,11,deep_slow,0.7,2.0,1.0,6,0.03059831863119774,340,-0.8768559446360554,-0.036494155352824964,-0.40389103731195153,-0.10028993204696623,0.4,1.4022213530204426,0.21176470588235294
0.95,11,deep_slow,0.7,2.0,1.0,6,0.03059831863119774,340,-0.8768559446360554,-0.036494155352824964,-0.40389103731195153,-0.10028993204696623,0.4,1.4022213530204426,0.21176470588235294
0.8,10,deep_slow,0.4,3.0,1.5,12,0.02012685895493155,184,-1.0837719155624603,-0.03680291602148855,-0.45649485924695393,-0.08948224410153194,0.41304347826086957,1.287576740535332,0.19021739130434784
0.85,10,deep_slow,0.4,3.0,1.5,12,0.02012685895493155,184,-1.0837719155624603,-0.03680291602148855,-0.45649485924695393,-0.08948224410153194,0.41304347826086957,1.287576740535332,0.19021739130434784
0.9,11,deep_slow,0.7,1.5,0.75,12,0.03059831863119774,381,-0.9229747938559596,-0.03687729040207366,-0.4611293772220055,-0.08876155112139883,0.3438320209973753,1.790589374944134,0.3228346456692913
0.95,11,deep_slow,0.7,1.5,0.75,12,0.03059831863119774,381,-0.9229747938559596,-0.03687729040207366,-0.4611293772220055,-0.08876155112139883,0.3438320209973753,1.790589374944134,0.3228346456692913
0.9,11,deep_slow,0.7,1.0,0.75,12,0.03059831863119774,467,-0.8702249391387066,-0.03692879155910489,-0.4633592643745545,-0.08845749364375721,0.430406852248394,1.2424162597897943,0.4282655246252677
0.95,11,deep_slow,0.7,1.0,0.75,12,0.03059831863119774,467,-0.8702249391387066,-0.03692879155910489,-0.4633592643745545,-0.08845749364375721,0.430406852248394,1.2424162597897943,0.4282655246252677
0.9,11,base,0.5,2.0,0.75,6,0.02143757519805179,326,-1.0121426005008953,-0.0371142628601866,-0.5713058790971448,-0.0721032596130795,0.3282208588957055,1.87249055291012,0.18711656441717792
0.95,11,base,0.5,2.0,0.75,6,0.02143757519805179,326,-1.0121426005008953,-0.0371142628601866,-0.5713058790971448,-0.0721032596130795,0.3282208588957055,1.87249055291012,0.18711656441717792
0.9,11,base,0.4,1.5,0.75,12,0.016682884199823906,303,-1.0321610058124784,-0.03711774378796917,-0.5186211185112903,-0.07943539102791708,0.33663366336633666,1.795171726152214,0.3201320132013201
0.95,11,base,0.4,1.5,0.75,12,0.016682884199823906,303,-1.0321610058124784,-0.03711774378796917,-0.5186211185112903,-0.07943539102791708,0.33663366336633666,1.795171726152214,0.3201320132013201
0.8,10,deep_slow,0.7,1.0,0.5,12,0.03201506443356151,568,-0.8915765402020629,-0.03721235748912133,-0.6539639057622746,-0.06315586794916994,0.34683098591549294,1.7643162385340347,0.34683098591549294
0.8,10,deep_slow,0.7,1.0,0.5,24,0.03201506443356151,568,-0.8915765402020629,-0.03721235748912133,-0.6539639057622746,-0.06315586794916994,0.34683098591549294,1.7643162385340347,0.34683098591549294
0.85,10,deep_slow,0.7,1.0,0.5,12,0.03201506443356151,568,-0.8915765402020629,-0.03721235748912133,-0.6539639057622746,-0.06315586794916994,0.34683098591549294,1.7643162385340347,0.34683098591549294
0.85,10,deep_slow,0.7,1.0,0.5,24,0.03201506443356151,568,-0.8915765402020629,-0.03721235748912133,-0.6539639057622746,-0.06315586794916994,0.34683098591549294,1.7643162385340347,0.34683098591549294
0.8,10,deep_slow,0.4,2.0,0.75,6,0.02012685895493155,304,-1.0061686293040788,-0.037882698664982284,-0.5534071670239327,-0.07597307173137335,0.3256578947368421,1.8765782993836413,0.19078947368421054
0.85,10,deep_slow,0.4,2.0,0.75,6,0.02012685895493155,304,-1.0061686293040788,-0.037882698664982284,-0.5534071670239327,-0.07597307173137335,0.3256578947368421,1.8765782993836413,0.19078947368421054
0.8,10,deep_slow,0.5,1.5,0.75,6,0.02386910511055699,359,-0.968809531766204,-0.038216314278741836,-0.5284356786673671,-0.080262352724501,0.3565459610027855,1.655471502121221,0.28969359331476324
0.85,10,deep_slow,0.5,1.5,0.75,6,0.02386910511055699,359,-0.968809531766204,-0.038216314278741836,-0.5284356786673671,-0.080262352724501,0.3565459610027855,1.655471502121221,0.28969359331476324
0.8,10,deep_slow,0.7,1.0,0.5,6,0.03201506443356151,576,-0.9177466636737809,-0.03838207987483411,-0.7052489140186674,-0.06040002998122351,0.3489583333333333,1.7435282660106715,0.3385416666666667
0.85,10,deep_slow,0.7,1.0,0.5,6,0.03201506443356151,576,-0.9177466636737809,-0.03838207987483411,-0.7052489140186674,-0.06040002998122351,0.3489583333333333,1.7435282660106715,0.3385416666666667
0.8,10,shallow,0.8,1.0,0.5,6,0.04189406605295098,603,-0.9173636555261266,-0.038385505370457595,-0.6184815830939936,-0.06887973706418382,0.3482587064676617,1.7537199582249128,0.3383084577114428
0.85,10,shallow,0.8,1.0,0.5,6,0.04189406605295098,603,-0.9173636555261266,-0.038385505370457595,-0.6184815830939936,-0.06887973706418382,0.3482587064676617,1.7537199582249128,0.3383084577114428
0.9,11,deep_slow,0.7,1.0,0.75,6,0.03059831863119774,483,-0.8967412726974773,-0.03860496628385124,-0.4629029940655067,-0.09255474558091947,0.43478260869565216,1.2165982178028123,0.4078674948240166
0.95,11,deep_slow,0.7,1.0,0.75,6,0.03059831863119774,483,-0.8967412726974773,-0.03860496628385124,-0.4629029940655067,-0.09255474558091947,0.43478260869565216,1.2165982178028123,0.4078674948240166
0.8,10,shallow,0.7,3.0,2.5,12,0.034650808039162956,167,-1.2796312863738828,-0.0389919323477077,-0.37383393012030025,-0.11575289727052018,0.49101796407185627,0.9318421855417368,0.19161676646706588
0.85,10,shallow,0.7,3.0,2.5,12,0.034650808039162956,167,-1.2796312863738828,-0.0389919323477077,-0.37383393012030025,-0.11575289727052018,0.49101796407185627,0.9318421855417368,0.19161676646706588
0.8,10,deep_slow,0.7,3.0,1.5,24,0.03201506443356151,172,-1.1814104355600323,-0.03899491264346311,-0.33296013884730485,-0.12997249670043065,0.36046511627906974,1.5959824533552733,0.23837209302325582
0.85,10,deep_slow,0.7,3.0,1.5,24,0.03201506443356151,172,-1.1814104355600323,-0.03899491264346311,-0.33296013884730485,-0.12997249670043065,0.36046511627906974,1.5959824533552733,0.23837209302325582
0.8,10,deep_slow,0.6,2.0,0.5,6,0.027441884318986948,425,-1.0779854580067818,-0.03899728133766733,-0.4970472451491227,-0.08707076397663893,0.2447058823529412,2.8143031732407957,0.15058823529411763
0.85,10,deep_slow,0.6,2.0,0.5,6,0.027441884318986948,425,-1.0779854580067818,-0.03899728133766733,-0.4970472451491227,-0.08707076397663893,0.2447058823529412,2.8143031732407957,0.15058823529411763
0.9,11,shallow,0.4,2.0,0.75,6,0.017780104391063124,299,-1.0178115254612214,-0.039036693122172395,-0.5375797778940609,-0.08058696611408234,0.33444816053511706,1.7981550679644847,0.19732441471571907
0.95,11,shallow,0.4,2.0,0.75,6,0.017780104391063124,299,-1.0178115254612214,-0.039036693122172395,-0.5375797778940609,-0.08058696611408234,0.33444816053511706,1.7981550679644847,0.19732441471571907
0.8,10,deep_slow,0.8,1.0,0.5,6,0.03652372924092767,601,-0.9303662786244747,-0.03920895284044601,-0.7292275303982779,-0.059669526087777536,0.35108153078202997,1.7289474310539188,0.33777038269550747
0.85,10,deep_slow,0.8,1.0,0.5,6,0.03652372924092767,601,-0.9303662786244747,-0.03920895284044601,-0.7292275303982779,-0.059669526087777536,0.35108153078202997,1.7289474310539188,0.33777038269550747
0.9,11,base,0.5,1.5,0.75,6,0.02143757519805179,364,-0.9997102059683611,-0.03951291297304127,-0.654593323623156,-0.06698696085462541,0.35714285714285715,1.6492156987458495,0.28846153846153844
0.95,11,base,0.5,1.5,0.75,6,0.02143757519805179,364,-0.9997102059683611,-0.03951291297304127,-0.654593323623156,-0.06698696085462541,0.35714285714285715,1.6492156987458495,0.28846153846153844
0.9,11,deep_slow,0.7,1.0,0.5,6,0.03059831863119774,559,-0.9942535290731718,-0.040024974452568585,-0.5927495382744895,-0.0749324315747334,0.34525939177101966,1.7624524591990494,0.33094812164579607
0.95,11,deep_slow,0.7,1.0,0.5,6,0.03059831863119774,559,-0.9942535290731718,-0.040024974452568585,-0.5927495382744895,-0.0749324315747334,0.34525939177101966,1.7624524591990494,0.33094812164579607
0.8,10,base,0.4,2.0,0.75,12,0.018576634829056745,275,-1.1764443350725762,-0.04034050777670306,-0.5468144994990937,-0.08186597314621047,0.2909090909090909,2.194376019220607,0.2545454545454545
0.85,10,base,0.4,2.0,0.75,12,0.018576634829056745,275,-1.1764443350725762,-0.04034050777670306,-0.5468144994990937,-0.08186597314621047,0.2909090909090909,2.194376019220607,0.2545454545454545
0.9,11,shallow,0.5,2.5,1.5,12,0.02146249546792225,196,-1.1214031698996318,-0.04046084699761676,-0.3731866563913766,-0.12031172155157177,0.40816326530612246,1.3098068745555393,0.23979591836734693
0.95,11,shallow,0.5,2.5,1.5,12,0.02146249546792225,196,-1.1214031698996318,-0.04046084699761676,-0.3731866563913766,-0.12031172155157177,0.40816326530612246,1.3098068745555393,0.23979591836734693
0.9,11,deep_slow,0.7,2.5,2.0,6,0.03059831863119774,265,-1.0056776343706284,-0.04102026971171269,-0.41711223434009503,-0.10912660789184625,0.4830188679245283,0.9792760785559496,0.16981132075471697
0.95,11,deep_slow,0.7,2.5,2.0,6,0.03059831863119774,265,-1.0056776343706284,-0.04102026971171269,-0.41711223434009503,-0.10912660789184625,0.4830188679245283,0.9792760785559496,0.16981132075471697
0.8,10,deep_slow,0.5,1.5,0.75,24,0.02386910511055699,331,-1.0834220451872232,-0.041368061345870455,-0.5283762905663195,-0.08687567858139011,0.3323262839879154,1.830017374196936,0.3323262839879154
0.85,10,deep_slow,0.5,1.5,0.75,24,0.02386910511055699,331,-1.0834220451872232,-0.041368061345870455,-0.5283762905663195,-0.08687567858139011,0.3323262839879154,1.830017374196936,0.3323262839879154
0.8,10,base,0.8,1.5,0.75,6,0.041557390516231536,447,-0.919159461743513,-0.04167216508368243,-0.5398366866429369,-0.08565493991949003,0.3624161073825503,1.6468784250399924,0.28859060402684567
0.85,10,base,0.8,1.5,0.75,6,0.041557390516231536,447,-0.919159461743513,-0.04167216508368243,-0.5398366866429369,-0.08565493991949003,0.3624161073825503,1.6468784250399924,0.28859060402684567
0.8,10,deep_slow,0.5,1.0,0.75,12,0.02386910511055699,408,-1.0322351366478741,-0.04181618954572952,-0.57987235358996,-0.08001606486435275,0.43137254901960786,1.2047964765444361,0.43137254901960786
0.8,10,deep_slow,0.5,1.0,0.75,24,0.02386910511055699,408,-1.0322351366478741,-0.04181618954572952,-0.57987235358996,-0.08001606486435275,0.43137254901960786,1.2047964765444361,0.43137254901960786
0.85,10,deep_slow,0.5,1.0,0.75,12,0.02386910511055699,408,-1.0322351366478741,-0.04181618954572952,-0.57987235358996,-0.08001606486435275,0.43137254901960786,1.2047964765444361,0.43137254901960786
0.85,10,deep_slow,0.5,1.0,0.75,24,0.02386910511055699,408,-1.0322351366478741,-0.04181618954572952,-0.57987235358996,-0.08001606486435275,0.43137254901960786,1.2047964765444361,0.43137254901960786
0.8,10,base,0.8,2.0,1.5,6,0.041557390516231536,311,-0.9325665350408253,-0.041865209806546955,-0.35208373191817,-0.13193840270436508,0.4694533762057878,1.0405447701924868,0.22508038585209003
0.85,10,base,0.8,2.0,1.5,6,0.041557390516231536,311,-0.9325665350408253,-0.041865209806546955,-0.35208373191817,-0.13193840270436508,0.4694533762057878,1.0405447701924868,0.22508038585209003
0.9,11,shallow,0.4,1.0,0.75,12,0.017780104391063124,359,-1.1201007398045,-0.04197372287878709,-0.7878376136951525,-0.059115581981324716,0.42896935933147634,1.2005378815755237,0.42896935933147634
0.9,11,shallow,0.4,1.0,0.75,24,0.017780104391063124,359,-1.1201007398045,-0.04197372287878709,-0.7878376136951525,-0.059115581981324716,0.42896935933147634,1.2005378815755237,0.42896935933147634
0.95,11,shallow,0.4,1.0,0.75,12,0.017780104391063124,359,-1.1201007398045,-0.04197372287878709,-0.7878376136951525,-0.059115581981324716,0.42896935933147634,1.2005378815755237,0.42896935933147634
0.95,11,shallow,0.4,1.0,0.75,24,0.017780104391063124,359,-1.1201007398045,-0.04197372287878709,-0.7878376136951525,-0.059115581981324716,0.42896935933147634,1.2005378815755237,0.42896935933147634
0.9,11,deep_slow,0.8,1.0,0.5,12,0.03592704925670819,594,-1.0113684301069896,-0.042119693836020655,-0.5127320778482147,-0.09114907153812435,0.3400673400673401,1.8068152677370004,0.3400673400673401
0.9,11,deep_slow,0.8,1.0,0.5,24,0.03592704925670819,594,-1.0113684301069896,-0.042119693836020655,-0.5127320778482147,-0.09114907153812435,0.3400673400673401,1.8068152677370004,0.3400673400673401
0.95,11,deep_slow,0.8,1.0,0.5,12,0.03592704925670819,594,-1.0113684301069896,-0.042119693836020655,-0.5127320778482147,-0.09114907153812435,0.3400673400673401,1.8068152677370004,0.3400673400673401
0.95,11,deep_slow,0.8,1.0,0.5,24,0.03592704925670819,594,-1.0113684301069896,-0.042119693836020655,-0.5127320778482147,-0.09114907153812435,0.3400673400673401,1.8068152677370004,0.3400673400673401
0.8,10,deep_slow,0.6,1.0,0.5,6,0.027441884318986948,534,-1.0727977783447649,-0.04245785913474165,-0.7696373709755738,-0.061209805831076936,0.3464419475655431,1.7242166047787362,0.3352059925093633
0.85,10,deep_slow,0.6,1.0,0.5,6,0.027441884318986948,534,-1.0727977783447649,-0.04245785913474165,-0.7696373709755738,-0.061209805831076936,0.3464419475655431,1.7242166047787362,0.3352059925093633
0.8,10,deep_slow,0.4,1.0,0.5,12,0.02012685895493155,413,-1.2093919231248342,-0.04250951862145658,-0.7105926035972181,-0.06637633468699256,0.3365617433414044,1.7588591064325894,0.3365617433414044
0.8,10,deep_slow,0.4,1.0,0.5,24,0.02012685895493155,413,-1.2093919231248342,-0.04250951862145658,-0.7105926035972181,-0.06637633468699256,0.3365617433414044,1.7588591064325894,0.3365617433414044
0.85,10,deep_slow,0.4,1.0,0.5,12,0.02012685895493155,413,-1.2093919231248342,-0.04250951862145658,-0.7105926035972181,-0.06637633468699256,0.3365617433414044,1.7588591064325894,0.3365617433414044
0.85,10,deep_slow,0.4,1.0,0.5,24,0.02012685895493155,413,-1.2093919231248342,-0.04250951862145658,-0.7105926035972181,-0.06637633468699256,0.3365617433414044,1.7588591064325894,0.3365617433414044
0.9,11,shallow,0.4,3.0,2.5,12,0.017780104391063124,144,-1.5307253908785594,-0.04251825707518686,-0.5375360769434104,-0.08776379202088169,0.4583333333333333,1.0377833887295012,0.22916666666666666
0.95,11,shallow,0.4,3.0,2.5,12,0.017780104391063124,144,-1.5307253908785594,-0.04251825707518686,-0.5375360769434104,-0.08776379202088169,0.4583333333333333,1.0377833887295012,0.22916666666666666
0.9,11,base,0.4,1.0,0.75,6,0.016682884199823906,366,-1.1673440658974736,-0.043369834152830244,-0.6570292010341977,-0.07323678681280388,0.4262295081967213,1.2083658033915607,0.4098360655737705
0.95,11,base,0.4,1.0,0.75,6,0.016682884199823906,366,-1.1673440658974736,-0.043369834152830244,-0.6570292010341977,-0.07323678681280388,0.4262295081967213,1.2083658033915607,0.4098360655737705
0.9,11,deep_slow,0.8,1.5,0.75,6,0.03592704925670819,437,-0.9860486374897992,-0.043532977459818656,-0.5745113071792997,-0.08407016343991147,0.36155606407322655,1.6439047692743742,0.28604118993135014
0.95,11,deep_slow,0.8,1.5,0.75,6,0.03592704925670819,437,-0.9860486374897992,-0.043532977459818656,-0.5745113071792997,-0.08407016343991147,0.36155606407322655,1.6439047692743742,0.28604118993135014
0.8,10,deep_slow,0.7,1.5,1.0,24,0.03201506443356151,331,-1.0225978289273103,-0.04369847665492643,-0.41793083616503557,-0.11600583400866771,0.38972809667673713,1.4427746300388125,0.38972809667673713
0.85,10,deep_slow,0.7,1.5,1.0,24,0.03201506443356151,331,-1.0225978289273103,-0.04369847665492643,-0.41793083616503557,-0.11600583400866771,0.38972809667673713,1.4427746300388125,0.38972809667673713
0.8,10,base,0.4,2.0,1.5,6,0.018576634829056745,255,-1.1443437473770974,-0.04384066528210229,-0.489080131114377,-0.09945153666415285,0.4666666666666667,1.0294851579612807,0.2196078431372549
0.85,10,base,0.4,2.0,1.5,6,0.018576634829056745,255,-1.1443437473770974,-0.04384066528210229,-0.489080131114377,-0.09945153666415285,0.4666666666666667,1.0294851579612807,0.2196078431372549
0.8,10,base,0.8,2.0,0.5,24,0.041557390516231536,405,-1.2597292731140874,-0.044186628633098746,-0.4551651618245078,-0.10770293899420391,0.20246913580246914,3.621628916293507,0.20246913580246914
0.85,10,base,0.8,2.0,0.5,24,0.041557390516231536,405,-1.2597292731140874,-0.044186628633098746,-0.4551651618245078,-0.10770293899420391,0.20246913580246914,3.621628916293507,0.20246913580246914
0.9,11,shallow,0.4,1.5,0.75,6,0.017780104391063124,331,-1.1368023141106227,-0.0444221397194845,-0.7474508940746981,-0.06593508938279424,0.36253776435045315,1.5761551643598908,0.28700906344410876
0.95,11,shallow,0.4,1.5,0.75,6,0.017780104391063124,331,-1.1368023141106227,-0.0444221397194845,-0.7474508940746981,-0.06593508938279424,0.36253776435045315,1.5761551643598908,0.28700906344410876
0.9,11,base,0.4,4.0,2.0,24,0.016682884199823906,111,-1.7199419083630205,-0.0450732740803218,-0.5331923238502035,-0.09378182141373426,0.42342342342342343,1.1644145189479729,0.1891891891891892
0.95,11,base,0.4,4.0,2.0,24,0.016682884199823906,111,-1.7199419083630205,-0.0450732740803218,-0.5331923238502035,-0.09378182141373426,0.42342342342342343,1.1644145189479729,0.1891891891891892
0.8,10,base,0.4,2.0,0.75,6,0.018576634829056745,303,-1.279427250214306,-0.04545517068761429,-0.6035021234250474,-0.08355613560284592,0.3201320132013201,1.8800556062631364,0.1848184818481848
0.85,10,base,0.4,2.0,0.75,6,0.018576634829056745,303,-1.279427250214306,-0.04545517068761429,-0.6035021234250474,-0.08355613560284592,0.3201320132013201,1.8800556062631364,0.1848184818481848
0.9,11,deep_slow,0.7,1.5,0.75,6,0.03059831863119774,418,-1.1031864188156784,-0.04567778273995371,-0.5817955451159658,-0.087096938045648,0.3660287081339713,1.5990948004550238,0.2799043062200957
0.95,11,deep_slow,0.7,1.5,0.75,6,0.03059831863119774,418,-1.1031864188156784,-0.04567778273995371,-0.5817955451159658,-0.087096938045648,0.3660287081339713,1.5990948004550238,0.2799043062200957
0.8,10,deep_slow,0.8,1.5,0.75,6,0.03652372924092767,447,-1.0215982708085725,-0.046101897263224556,-0.5867031906576328,-0.0871681759268087,0.36017897091722595,1.6491618587733818,0.28187919463087246
0.85,10,deep_slow,0.8,1.5,0.75,6,0.03652372924092767,447,-1.0215982708085725,-0.046101897263224556,-0.5867031906576328,-0.0871681759268087,0.36017897091722595,1.6491618587733818,0.28187919463087246
0.9,11,base,0.4,2.0,0.75,12,0.016682884199823906,265,-1.3738757433103812,-0.046182759817761876,-0.616980636805914,-0.083035523012994,0.2792452830188679,2.279414323693153,0.23773584905660378
0.95,11,base,0.4,2.0,0.75,12,0.016682884199823906,265,-1.3738757433103812,-0.046182759817761876,-0.616980636805914,-0.083035523012994,0.2792452830188679,2.279414323693153,0.23773584905660378
0.9,11,deep_slow,0.7,1.5,0.75,24,0.03059831863119774,377,-1.1704924868199582,-0.04662992231611962,-0.5662555380708326,-0.09134747967920243,0.33156498673740054,1.8557801816174082,0.33156498673740054
0.95,11,deep_slow,0.7,1.5,0.75,24,0.03059831863119774,377,-1.1704924868199582,-0.04662992231611962,-0.5662555380708326,-0.09134747967920243,0.33156498673740054,1.8557801816174082,0.33156498673740054
0.9,11,shallow,0.4,2.5,1.0,12,0.017780104391063124,226,-1.3129071313775762,-0.04699643291552158,-0.4875552324866379,-0.10692424706260406,0.30973451327433627,1.9694931509699285,0.20353982300884957
0.95,11,shallow,0.4,2.5,1.0,12,0.017780104391063124,226,-1.3129071313775762,-0.04699643291552158,-0.4875552324866379,-0.10692424706260406,0.30973451327433627,1.9694931509699285,0.20353982300884957
0.8,10,base,0.4,3.0,1.5,12,0.018576634829056745,180,-1.5676003930757785,-0.04772628029415793,-0.5274411246430083,-0.10036917900665265,0.4,1.317658943310659,0.17777777777777778
0.85,10,base,0.4,3.0,1.5,12,0.018576634829056745,180,-1.5676003930757785,-0.04772628029415793,-0.5274411246430083,-0.10036917900665265,0.4,1.317658943310659,0.17777777777777778
0.9,11,deep_slow,0.8,2.0,1.5,6,0.03592704925670819,306,-1.0949966825226476,-0.04781592055516526,-0.38365725756581964,-0.1382431500980349,0.4477124183006536,1.1210675015406435,0.21568627450980393
0.95,11,deep_slow,0.8,2.0,1.5,6,0.03592704925670819,306,-1.0949966825226476,-0.04781592055516526,-0.38365725756581964,-0.1382431500980349,0.4477124183006536,1.1210675015406435,0.21568627450980393
0.8,10,deep_slow,0.7,1.5,1.0,6,0.03201506443356151,377,-1.0846948988792453,-0.04814272791429741,-0.49639605547886334,-0.10757433491980173,0.4244031830238727,1.2382295264699055,0.3103448275862069
0.85,10,deep_slow,0.7,1.5,1.0,6,0.03201506443356151,377,-1.0846948988792453,-0.04814272791429741,-0.49639605547886334,-0.10757433491980173,0.4244031830238727,1.2382295264699055,0.3103448275862069
0.8,10,base,0.8,1.0,0.5,12,0.041557390516231536,595,-1.1510550492806655,-0.04817981611861433,-0.7124859859316673,-0.07500568383203432,0.34285714285714286,1.764237943262947,0.34285714285714286
0.8,10,base,0.8,1.0,0.5,24,0.041557390516231536,595,-1.1510550492806655,-0.04817981611861433,-0.7124859859316673,-0.07500568383203432,0.34285714285714286,1.764237943262947,0.34285714285714286
0.85,10,base,0.8,1.0,0.5,12,0.041557390516231536,595,-1.1510550492806655,-0.04817981611861433,-0.7124859859316673,-0.07500568383203432,0.34285714285714286,1.764237943262947,0.34285714285714286
0.85,10,base,0.8,1.0,0.5,24,0.041557390516231536,595,-1.1510550492806655,-0.04817981611861433,-0.7124859859316673,-0.07500568383203432,0.34285714285714286,1.764237943262947,0.34285714285714286
0.9,11,deep_slow,0.8,1.0,0.5,6,0.03592704925670819,601,-1.1692496882223837,-0.04871702438382586,-0.5952390595094958,-0.09077811828235693,0.3427620632279534,1.762656238274045,0.32945091514143093
0.95,11,deep_slow,0.8,1.0,0.5,6,0.03592704925670819,601,-1.1692496882223837,-0.04871702438382586,-0.5952390595094958,-0.09077811828235693,0.3427620632279534,1.762656238274045,0.32945091514143093
0.8,10,deep_slow,0.6,3.0,1.5,12,0.027441884318986948,199,-1.5108360256518911,-0.04938125949100447,-0.5078097452998767,-0.10785399908627302,0.3969849246231156,1.3431406005616402,0.18090452261306533
0.85,10,deep_slow,0.6,3.0,1.5,12,0.027441884318986948,199,-1.5108360256518911,-0.04938125949100447,-0.5078097452998767,-0.10785399908627302,0.3969849246231156,1.3431406005616402,0.18090452261306533
0.9,11,base,0.4,1.5,1.0,6,0.016682884199823906,293,-1.3267718176750327,-0.05000619031626863,-0.7611996783206846,-0.0728592262090122,0.40955631399317405,1.2761101645516308,0.3037542662116041
0.95,11,base,0.4,1.5,1.0,6,0.016682884199823906,293,-1.3267718176750327,-0.05000619031626863,-0.7611996783206846,-0.0728592262090122,0.40955631399317405,1.2761101645516308,0.3037542662116041
0.8,10,deep_slow,0.4,1.5,0.75,6,0.02012685895493155,331,-1.2914481091934553,-0.05076439073287442,-0.6639703937870041,-0.08479119169157256,0.35347432024169184,1.6162920014478008,0.283987915407855
0.85,10,deep_slow,0.4,1.5,0.75,6,0.02012685895493155,331,-1.2914481091934553,-0.05076439073287442,-0.6639703937870041,-0.08479119169157256,0.35347432024169184,1.6162920014478008,0.283987915407855
0.9,11,shallow,0.4,3.0,1.5,12,0.017780104391063124,173,-1.7096595551450327,-0.05150048039766364,-0.5528394450843125,-0.10330800516462912,0.3988439306358382,1.2992801856564515,0.18497109826589594
0.95,11,shallow,0.4,3.0,1.5,12,0.017780104391063124,173,-1.7096595551450327,-0.05150048039766364,-0.5528394450843125,-0.10330800516462912,0.3988439306358382,1.2992801856564515,0.18497109826589594
0.8,10,base,0.8,1.0,0.5,6,0.041557390516231536,604,-1.232017679768061,-0.051774404883699776,-0.7689623345214087,-0.0746663389440384,0.34602649006622516,1.7278713758307596,0.3344370860927152
0.85,10,base,0.8,1.0,0.5,6,0.041557390516231536,604,-1.232017679768061,-0.051774404883699776,-0.7689623345214087,-0.0746663389440384,0.34602649006622516,1.7278713758307596,0.3344370860927152
0.9,11,shallow,0.4,1.0,0.75,6,0.017780104391063124,367,-1.4360165474182256,-0.053894000187727165,-0.8377528480106693,-0.07133223251738019,0.4223433242506812,1.1959768640520678,0.4087193460490463
0.95,11,shallow,0.4,1.0,0.75,6,0.017780104391063124,367,-1.4360165474182256,-0.053894000187727165,-0.8377528480106693,-0.07133223251738019,0.4223433242506812,1.1959768640520678,0.4087193460490463
0.8,10,deep_slow,0.8,1.5,1.0,6,0.03652372924092767,391,-1.2083907752094694,-0.05448602720395579,-0.5403269118544086,-0.11180851961043214,0.4194373401534527,1.253318091189571,0.30179028132992325
0.85,10,deep_slow,0.8,1.5,1.0,6,0.03652372924092767,391,-1.2083907752094694,-0.05448602720395579,-0.5403269118544086,-0.11180851961043214,0.4194373401534527,1.253318091189571,0.30179028132992325
0.9,11,base,0.4,1.5,0.75,6,0.016682884199823906,322,-1.55478782765323,-0.05663531548592482,-0.7182565740167407,-0.08741776894432052,0.3447204968944099,1.647249341012525,0.27639751552795033
0.95,11,base,0.4,1.5,0.75,6,0.016682884199823906,322,-1.55478782765323,-0.05663531548592482,-0.7182565740167407,-0.08741776894432052,0.3447204968944099,1.647249341012525,0.27639751552795033
0.9,11,deep_slow,0.8,1.5,1.0,6,0.03592704925670819,385,-1.3131962221704379,-0.05740313047060375,-0.6099177500436026,-0.10433664642071627,0.41818181818181815,1.2614412854540173,0.3038961038961039
0.95,11,deep_slow,0.8,1.5,1.0,6,0.03592704925670819,385,-1.3131962221704379,-0.05740313047060375,-0.6099177500436026,-0.10433664642071627,0.41818181818181815,1.2614412854540173,0.3038961038961039
0.8,10,deep_slow,0.5,1.0,0.75,6,0.02386910511055699,417,-1.437443805488305,-0.057872231401141394,-0.7679448766143788,-0.08354123102455702,0.42685851318944845,1.1827982771767165,0.4028776978417266
0.85,10,deep_slow,0.5,1.0,0.75,6,0.02386910511055699,417,-1.437443805488305,-0.057872231401141394,-0.7679448766143788,-0.08354123102455702,0.42685851318944845,1.1827982771767165,0.4028776978417266
0.8,10,deep_slow,0.4,1.0,0.5,6,0.02012685895493155,416,-1.6688243256574775,-0.05821554483722102,-0.8555059720897669,-0.07543413499228724,0.3317307692307692,1.7179841723212823,0.3173076923076923
0.85,10,deep_slow,0.4,1.0,0.5,6,0.02012685895493155,416,-1.6688243256574775,-0.05821554483722102,-0.8555059720897669,-0.07543413499228724,0.3317307692307692,1.7179841723212823,0.3173076923076923
0.9,11,shallow,0.5,3.0,1.5,12,0.02146249546792225,185,-1.848084935991895,-0.059144368356744526,-0.5241803942897578,-0.12507228424934325,0.3945945945945946,1.3135700049281518,0.1891891891891892
0.95,11,shallow,0.5,3.0,1.5,12,0.02146249546792225,185,-1.848084935991895,-0.059144368356744526,-0.5241803942897578,-0.12507228424934325,0.3945945945945946,1.3135700049281518,0.1891891891891892
0.9,11,base,0.4,2.0,0.75,6,0.016682884199823906,295,-1.7408904341016136,-0.059868868649851525,-0.7303126024311415,-0.09086619519182959,0.3152542372881356,1.8496559543639797,0.17627118644067796
0.95,11,base,0.4,2.0,0.75,6,0.016682884199823906,295,-1.7408904341016136,-0.059868868649851525,-0.7303126024311415,-0.09086619519182959,0.3152542372881356,1.8496559543639797,0.17627118644067796
0.8,10,deep_slow,0.5,3.0,1.5,12,0.02386910511055699,194,-1.7959588542159182,-0.061382617964893194,-0.6340976854069837,-0.10729041270292472,0.3865979381443299,1.3627112273313433,0.18556701030927836
0.85,10,deep_slow,0.5,3.0,1.5,12,0.02386910511055699,194,-1.7959588542159182,-0.061382617964893194,-0.6340976854069837,-0.10729041270292472,0.3865979381443299,1.3627112273313433,0.18556701030927836
0.9,11,shallow,0.4,3.0,1.0,12,0.017780104391063124,210,-2.0618794823246733,-0.06355061931792871,-0.6552919362887044,-0.10747354131267006,0.2904761904761905,2.042548915466188,0.15714285714285714
0.95,11,shallow,0.4,3.0,1.0,12,0.017780104391063124,210,-2.0618794823246733,-0.06355061931792871,-0.6552919362887044,-0.10747354131267006,0.2904761904761905,2.042548915466188,0.15714285714285714
0.8,10,deep_slow,0.4,1.0,0.75,12,0.02012685895493155,367,-1.6617738056001503,-0.06418426253282594,-0.7111054882179397,-0.10002187858923839,0.4196185286103542,1.186331434978692,0.4196185286103542
0.8,10,deep_slow,0.4,1.0,0.75,24,0.02012685895493155,367,-1.6617738056001503,-0.06418426253282594,-0.7111054882179397,-0.10002187858923839,0.4196185286103542,1.186331434978692,0.4196185286103542
0.85,10,deep_slow,0.4,1.0,0.75,12,0.02012685895493155,367,-1.6617738056001503,-0.06418426253282594,-0.7111054882179397,-0.10002187858923839,0.4196185286103542,1.186331434978692,0.4196185286103542
0.85,10,deep_slow,0.4,1.0,0.75,24,0.02012685895493155,367,-1.6617738056001503,-0.06418426253282594,-0.7111054882179397,-0.10002187858923839,0.4196185286103542,1.186331434978692,0.4196185286103542
0.9,11,deep_slow,0.7,2.0,1.5,6,0.03059831863119774,294,-1.5370786387039188,-0.06475132805361605,-0.5353861100832117,-0.13401938965787685,0.4489795918367347,1.0716729646286087,0.22108843537414966
0.95,11,deep_slow,0.7,2.0,1.5,6,0.03059831863119774,294,-1.5370786387039188,-0.06475132805361605,-0.5353861100832117,-0.13401938965787685,0.4489795918367347,1.0716729646286087,0.22108843537414966
0.9,11,base,0.4,2.0,1.0,6,0.016682884199823906,270,-1.7992771797502514,-0.0652192142911665,-0.7510567890884489,-0.09622256591941547,0.37407407407407406,1.416402490836447,0.18888888888888888
0.95,11,base,0.4,2.0,1.0,6,0.016682884199823906,270,-1.7992771797502514,-0.0652192142911665,-0.7510567890884489,-0.09622256591941547,0.37407407407407406,1.416402490836447,0.18888888888888888
0.9,11,base,0.4,2.0,1.5,6,0.016682884199823906,234,-1.9278676211632721,-0.0680813312690558,-0.7629565918440764,-0.09886200940768519,0.45726495726495725,0.9900488623215107,0.18803418803418803
0.95,11,base,0.4,2.0,1.5,6,0.016682884199823906,234,-1.9278676211632721,-0.0680813312690558,-0.7629565918440764,-0.09886200940768519,0.45726495726495725,0.9900488623215107,0.18803418803418803
0.8,10,deep_slow,0.4,1.0,0.75,6,0.02012685895493155,375,-1.9012479168336887,-0.07332774943628051,-0.7393054142154,-0.1098529304372089,0.4186666666666667,1.1616143669235663,0.392
0.85,10,deep_slow,0.4,1.0,0.75,6,0.02012685895493155,375,-1.9012479168336887,-0.07332774943628051,-0.7393054142154,-0.1098529304372089,0.4186666666666667,1.1616143669235663,0.392
0.9,11,deep_slow,0.7,1.5,1.0,6,0.03059831863119774,372,-1.9407339636005805,-0.08027733661721081,-0.7929479829271217,-0.11208232308741872,0.41397849462365593,1.2220996775916584,0.2956989247311828
0.95,11,deep_slow,0.7,1.5,1.0,6,0.03059831863119774,372,-1.9407339636005805,-0.08027733661721081,-0.7929479829271217,-0.11208232308741872,0.41397849462365593,1.2220996775916584,0.2956989247311828
