dedup,n_factors,model,thr_q,tp_mult,sl_mult,max_hold,thr_abs,n,sharpe,total_return,calmar,max_drawdown,win_rate,payoff,tp_rate
0.9,12,base,0.5,2.5,2.0,12,0.020354141462207622,175,3.105504685121511,0.10438528862843421,2.692359508943236,-0.0433677461408527,0.52,1.2159488919672679,0.30857142857142855
0.95,12,base,0.5,2.5,2.0,12,0.020354141462207622,175,3.105504685121511,0.10438528862843421,2.692359508943236,-0.0433677461408527,0.52,1.2159488919672679,0.30857142857142855
0.8,10,shallow,0.5,2.5,1.0,24,0.02225569419366929,216,2.6730600088804843,0.1019924095051099,2.324215506800804,-0.0490791882589211,0.35185185185185186,2.3524722689998003,0.3148148148148148
0.9,12,deep_slow,0.6,2.5,2.0,12,0.026488612559532297,185,2.494249472404229,0.09830823875978911,2.612607142181088,-0.04207628222353044,0.5297297297297298,1.126468129807788,0.31891891891891894
0.95,12,deep_slow,0.6,2.5,2.0,12,0.026488612559532297,185,2.494249472404229,0.09830823875978911,2.612607142181088,-0.04207628222353044,0.5297297297297298,1.126468129807788,0.31891891891891894
0.9,12,shallow,0.5,3.0,2.5,24,0.022171242241514764,118,3.2339875893399106,0.0914866346783676,2.345439906243726,-0.043601175788690605,0.5338983050847458,1.146190919259938,0.3813559322033898
0.95,12,shallow,0.5,3.0,2.5,24,0.022171242241514764,118,3.2339875893399106,0.0914866346783676,2.345439906243726,-0.043601175788690605,0.5338983050847458,1.146190919259938,0.3813559322033898
0.9,12,shallow,0.7,2.5,2.0,12,0.033289881212306936,190,2.385714020644246,0.0888862197491953,1.9250318870802532,-0.05160615054537088,0.5,1.2309433114196706,0.30526315789473685
0.95,12,shallow,0.7,2.5,2.0,12,0.033289881212306936,190,2.385714020644246,0.0888862197491953,1.9250318870802532,-0.05160615054537088,0.5,1.2309433114196706,0.30526315789473685
0.9,12,shallow,0.6,3.0,2.5,24,0.02729219059178709,118,3.22013009912309,0.08887245624181372,2.1334238358912403,-0.04655803894856436,0.5423728813559322,1.1007833269599412,0.3728813559322034
0.95,12,shallow,0.6,3.0,2.5,24,0.02729219059178709,118,3.22013009912309,0.08887245624181372,2.1334238358912403,-0.04655803894856436,0.5423728813559322,1.1007833269599412,0.3728813559322034
0.8,10,shallow,0.6,2.5,1.0,12,0.0281987593635591,255,2.255624150426046,0.08782583739885808,1.597877598469861,-0.061426998333052985,0.37254901960784315,2.050694979946795,0.24705882352941178
0.9,12,shallow,0.7,2.5,1.0,6,0.033289881212306936,316,2.106684819369322,0.085940560436218,2.1953909529891686,-0.043744484025528885,0.4177215189873418,1.6756011124486427,0.17088607594936708
0.95,12,shallow,0.7,2.5,1.0,6,0.033289881212306936,316,2.106684819369322,0.085940560436218,2.1953909529891686,-0.043744484025528885,0.4177215189873418,1.6756011124486427,0.17088607594936708
0.9,12,base,0.7,2.5,2.0,12,0.029700257367501218,195,2.2800432244437214,0.08535525928020049,1.309081867973085,-0.07285962732582008,0.5076923076923077,1.1763119686744519,0.30256410256410254
0.95,12,base,0.7,2.5,2.0,12,0.029700257367501218,195,2.2800432244437214,0.08535525928020049,1.309081867973085,-0.07285962732582008,0.5076923076923077,1.1763119686744519,0.30256410256410254
0.8,10,shallow,0.6,2.5,1.0,6,0.0281987593635591,303,2.089275577027866,0.08528730518769234,1.8352215513769468,-0.05192993617248298,0.43234323432343236,1.5830355238904914,0.1716171617161716
0.9,12,shallow,0.5,2.5,1.0,6,0.022171242241514764,287,2.172674900464156,0.0843885454322173,2.7245712972193434,-0.034608792776632535,0.4355400696864111,1.5667529251128944,0.17770034843205576
0.95,12,shallow,0.5,2.5,1.0,6,0.022171242241514764,287,2.172674900464156,0.0843885454322173,2.7245712972193434,-0.034608792776632535,0.4355400696864111,1.5667529251128944,0.17770034843205576
0.9,12,shallow,0.7,3.0,2.5,12,0.033289881212306936,161,2.776824258343631,0.08364999518609983,2.1211042375110667,-0.04406440989034133,0.5279503105590062,1.1214451148851887,0.2422360248447205
0.95,12,shallow,0.7,3.0,2.5,12,0.033289881212306936,161,2.776824258343631,0.08364999518609983,2.1211042375110667,-0.04406440989034133,0.5279503105590062,1.1214451148851887,0.2422360248447205
0.9,12,deep_slow,0.7,3.0,2.0,12,0.03039343375568873,184,2.422916186946615,0.08316184263517967,1.9672513111934224,-0.047232074255983414,0.5108695652173914,1.179117110682721,0.22282608695652173
0.95,12,deep_slow,0.7,3.0,2.0,12,0.03039343375568873,184,2.422916186946615,0.08316184263517967,1.9672513111934224,-0.047232074255983414,0.5108695652173914,1.179117110682721,0.22282608695652173
0.85,11,base,0.7,2.5,1.0,6,0.03218380161661132,324,1.957443832450822,0.08152676533008751,1.9455013624800779,-0.046817000560440025,0.4166666666666667,1.6587376587028761,0.16049382716049382
0.8,10,shallow,0.5,2.5,2.0,12,0.02225569419366929,179,2.133297824495137,0.07978048659850656,1.8217955926351663,-0.04892056765135899,0.5083798882681564,1.1845738975788782,0.3016759776536313
0.8,10,shallow,0.5,2.5,1.0,6,0.02225569419366929,284,2.002627533275207,0.07887693247571481,2.1856449375484095,-0.04031288722881521,0.4295774647887324,1.5977040072677584,0.16901408450704225
0.85,11,base,0.6,2.5,1.0,6,0.02743703889797145,314,1.9572538802156823,0.0786576238939849,2.08350415538596,-0.04217109398316432,0.4140127388535032,1.6826930475694741,0.16878980891719744
0.85,11,shallow,0.6,3.0,0.5,24,0.026722697488877702,288,2.5325291173763085,0.07785354568301761,1.9323967113237572,-0.04500200514614572,0.19444444444444445,5.1058100187304944,0.16666666666666666
0.9,12,shallow,0.7,2.5,1.0,24,0.033289881212306936,230,2.055168335244912,0.07747787272746387,1.4574909481373288,-0.059376262927537615,0.3391304347826087,2.3056032845592878,0.29130434782608694
0.95,12,shallow,0.7,2.5,1.0,24,0.033289881212306936,230,2.055168335244912,0.07747787272746387,1.4574909481373288,-0.059376262927537615,0.3391304347826087,2.3056032845592878,0.29130434782608694
0.85,11,shallow,0.6,2.5,1.0,24,0.026722697488877702,229,2.0225354144672902,0.07615258157370319,1.4060581132203231,-0.060491119258786474,0.33624454148471616,2.336139388017147,0.2925764192139738
0.9,12,shallow,0.7,2.5,1.0,12,0.033289881212306936,255,1.9983337061420658,0.07609629819637154,1.891742290479408,-0.04492731975865949,0.3686274509803922,2.029540392587357,0.24705882352941178
0.95,12,shallow,0.7,2.5,1.0,12,0.033289881212306936,255,1.9983337061420658,0.07609629819637154,1.891742290479408,-0.04492731975865949,0.3686274509803922,2.029540392587357,0.24705882352941178
0.85,11,shallow,0.6,2.0,0.5,12,0.026722697488877702,371,2.103881730229575,0.07605319495156282,2.4551534815900187,-0.03459766329336467,0.2587601078167116,3.4774404797529286,0.23180592991913745
0.85,11,shallow,0.6,3.0,1.0,24,0.026722697488877702,210,2.300889769833656,0.07461922060152015,1.5948804669718148,-0.05225131067209654,0.3142857142857143,2.59387084240261,0.24285714285714285
0.8,10,shallow,0.6,2.0,1.0,6,0.0281987593635591,315,1.83271793065684,0.07453608105816589,1.7752281841640078,-0.046890520807948755,0.44126984126984126,1.4899675272402748,0.2222222222222222
0.8,10,shallow,0.5,3.0,1.0,24,0.02225569419366929,199,2.334560457931248,0.07430092281812573,1.4162989652873146,-0.05858770506457489,0.3165829145728643,2.6016126834756066,0.25125628140703515
0.85,11,base,0.7,2.5,1.0,24,0.03218380161661132,247,1.8817571823694281,0.07378957597099634,1.0980636254249214,-0.07504518469272103,0.32388663967611336,2.4205595007562177,0.29959514170040485
0.85,11,base,0.4,4.0,1.5,24,0.018069504979977443,130,2.642626426000746,0.0733055813354695,1.4774575128144924,-0.05540718681391055,0.3923076923076923,1.918063265407434,0.2153846153846154
0.9,12,shallow,0.6,2.5,2.0,12,0.02729219059178709,183,2.1321874344617333,0.07289285172417537,1.2095347892518173,-0.06729782506086857,0.5191256830601093,1.1142859772780542,0.3005464480874317
0.95,12,shallow,0.6,2.5,2.0,12,0.02729219059178709,183,2.1321874344617333,0.07289285172417537,1.2095347892518173,-0.06729782506086857,0.5191256830601093,1.1142859772780542,0.3005464480874317
0.85,11,base,0.8,2.5,1.0,12,0.037861802141293005,275,1.8184114552543529,0.07283111243787976,1.39242604043973,-0.0584087378433813,0.36363636363636365,2.034343294829183,0.24363636363636362
0.9,12,shallow,0.6,2.5,1.0,6,0.02729219059178709,300,1.890068883740119,0.07281484553524686,1.900628117563253,-0.04278144199010703,0.4266666666666667,1.5780289090377744,0.16
0.95,12,shallow,0.6,2.5,1.0,6,0.02729219059178709,300,1.890068883740119,0.07281484553524686,1.900628117563253,-0.04278144199010703,0.4266666666666667,1.5780289090377744,0.16
0.85,11,shallow,0.8,2.5,1.0,6,0.04206355121771392,331,1.6980106896332643,0.07237405439177858,1.500053979383922,-0.0538763775912785,0.4169184290030212,1.623197538559636,0.16314199395770393
0.85,11,deep_slow,0.8,4.0,1.0,24,0.04023212551971341,191,2.445007142227905,0.07214733265090123,1.1079446533047035,-0.07271421273601641,0.28272251308900526,3.022871287499149,0.16230366492146597
0.9,12,shallow,0.7,3.0,2.0,12,0.033289881212306936,180,2.204982959612936,0.07193591888359396,1.556822453411386,-0.051596337840432605,0.4888888888888889,1.254934510912609,0.23333333333333334
0.95,12,shallow,0.7,3.0,2.0,12,0.033289881212306936,180,2.204982959612936,0.07193591888359396,1.556822453411386,-0.051596337840432605,0.4888888888888889,1.254934510912609,0.23333333333333334
0.8,10,base,0.6,1.5,0.5,12,0.028890652717152483,429,1.8767291840269564,0.07171999689229636,2.0799410541792915,-0.038503159996639114,0.31002331002331,2.6270975420558447,0.29836829836829837
0.8,10,shallow,0.6,2.5,2.0,12,0.0281987593635591,190,1.8410251392471164,0.07149976157082194,1.3189437883253519,-0.06053134372559066,0.5157894736842106,1.1056601595498476,0.3105263157894737
0.8,10,shallow,0.6,2.5,0.75,6,0.0281987593635591,335,1.8572752570365907,0.07120258881109365,1.5963890408592776,-0.04980261306761713,0.3641791044776119,2.0505937458416366,0.16119402985074627
0.9,12,deep_slow,0.5,3.0,2.5,12,0.02263787441816482,159,2.1864031922667295,0.07119818767281982,1.441418508076633,-0.055153595021363855,0.5157232704402516,1.1357950556184169,0.27672955974842767
0.95,12,deep_slow,0.5,3.0,2.5,12,0.02263787441816482,159,2.1864031922667295,0.07119818767281982,1.441418508076633,-0.055153595021363855,0.5157232704402516,1.1357950556184169,0.27672955974842767
0.9,12,deep_slow,0.7,2.5,2.0,12,0.03039343375568873,196,1.7795618460341756,0.07103301110755389,1.1629549515434434,-0.06820064225997513,0.4897959183673469,1.223760057653887,0.29591836734693877
0.95,12,deep_slow,0.7,2.5,2.0,12,0.03039343375568873,196,1.7795618460341756,0.07103301110755389,1.1629549515434434,-0.06820064225997513,0.4897959183673469,1.223760057653887,0.29591836734693877
0.85,11,base,0.6,3.0,0.5,24,0.02743703889797145,299,2.263885085615858,0.0709747175886426,1.642394493304814,-0.048252071870329094,0.1939799331103679,4.990505257152226,0.16722408026755853
0.85,11,shallow,0.6,1.5,0.5,24,0.026722697488877702,425,1.8434664384221386,0.07063410484244392,2.609173218142106,-0.03022688316660105,0.2988235294117647,2.766563082107302,0.2988235294117647
0.9,12,shallow,0.7,2.5,2.0,24,0.033289881212306936,155,1.9161031193016524,0.07005105936460754,1.3089141100219213,-0.059754662487266796,0.4838709677419355,1.254532972406466,0.4
0.95,12,shallow,0.7,2.5,2.0,24,0.033289881212306936,155,1.9161031193016524,0.07005105936460754,1.3089141100219213,-0.059754662487266796,0.4838709677419355,1.254532972406466,0.4
0.8,10,shallow,0.6,2.5,1.5,12,0.0281987593635591,216,1.75514790480635,0.07004735977676457,1.305400773154192,-0.05991230912432244,0.46296296296296297,1.352493768476044,0.27314814814814814
0.85,11,base,0.7,2.5,1.0,12,0.03218380161661132,272,1.72166685988693,0.06948584604597241,1.3856087813006153,-0.05599004022608656,0.3639705882352941,2.0227076451520247,0.2426470588235294
0.9,12,base,0.7,2.5,0.5,12,0.029700257367501218,368,1.8741420608856956,0.0692189428828589,1.4845549965724611,-0.052056804007602264,0.23369565217391305,3.8602256716285583,0.16576086956521738
0.95,12,base,0.7,2.5,0.5,12,0.029700257367501218,368,1.8741420608856956,0.0692189428828589,1.4845549965724611,-0.052056804007602264,0.23369565217391305,3.8602256716285583,0.16576086956521738
0.8,10,base,0.7,2.5,0.75,6,0.034786761033208866,361,1.741401713719323,0.06917860354884797,1.6739825127323993,-0.04613906219607744,0.34349030470914127,2.213344967157964,0.16066481994459833
0.8,10,base,0.6,1.5,0.5,24,0.028890652717152483,424,1.8150809942031674,0.06905287535334126,2.144961537671165,-0.03594241160673417,0.30424528301886794,2.6861641515698036,0.30424528301886794
0.8,10,base,0.7,2.5,2.0,12,0.034786761033208866,195,1.8242459797856732,0.06871079207630926,1.212358908792662,-0.06327479094222577,0.5025641025641026,1.1547278731689836,0.30256410256410254
0.85,11,deep_slow,0.5,2.5,2.0,12,0.02084289794941308,181,1.8487603286616079,0.06868672727214031,1.76580129733517,-0.04342775737889504,0.49171270718232046,1.2264516261305365,0.2983425414364641
0.85,11,shallow,0.6,2.0,0.5,6,0.026722697488877702,410,1.8408767508061272,0.06851091919669972,2.104571543674342,-0.03634363878769231,0.28780487804878047,2.925043209226546,0.17073170731707318
0.9,12,base,0.5,3.0,2.0,12,0.020354141462207622,164,2.4815984294909192,0.06845851230923339,1.3481599070648391,-0.056691393635433074,0.5060975609756098,1.1771347303461712,0.22560975609756098
0.95,12,base,0.5,3.0,2.0,12,0.020354141462207622,164,2.4815984294909192,0.06845851230923339,1.3481599070648391,-0.056691393635433074,0.5060975609756098,1.1771347303461712,0.22560975609756098
0.9,12,base,0.5,3.0,2.0,24,0.020354141462207622,126,2.6023640946364717,0.06838888397225151,1.2429432541085428,-0.061427617784781896,0.5,1.219353406407177,0.3253968253968254
0.95,12,base,0.5,3.0,2.0,24,0.020354141462207622,126,2.6023640946364717,0.06838888397225151,1.2429432541085428,-0.061427617784781896,0.5,1.219353406407177,0.3253968253968254
0.85,11,shallow,0.8,2.5,1.0,12,0.04206355121771392,276,1.6197772030008353,0.06831840464554606,1.1697750315148556,-0.06520233999929859,0.36231884057971014,2.0273781773261352,0.2427536231884058
0.85,11,shallow,0.6,2.5,2.0,12,0.026722697488877702,188,1.862697684161277,0.06814681760715802,1.6606018982969104,-0.04581459551859546,0.4787234042553192,1.2819156042914184,0.2978723404255319
0.85,11,shallow,0.6,1.5,0.5,12,0.026722697488877702,427,1.7743640136531698,0.06814094145782779,2.508462726959803,-0.030326629630956004,0.30210772833723654,2.7101897829984813,0.29508196721311475
0.9,12,deep_slow,0.5,3.0,2.0,12,0.02263787441816482,169,2.012518239579966,0.06764722417822067,1.3286535913364852,-0.05683951404019838,0.5029585798816568,1.1803898831609334,0.2485207100591716
0.95,12,deep_slow,0.5,3.0,2.0,12,0.02263787441816482,169,2.012518239579966,0.06764722417822067,1.3286535913364852,-0.05683951404019838,0.5029585798816568,1.1803898831609334,0.2485207100591716
0.85,11,deep_slow,0.4,2.5,0.5,24,0.015505342952291496,281,2.0173333678221876,0.0674489233751061,2.2928258465351554,-0.032840628725330334,0.21708185053380782,4.375713411153522,0.20640569395017794
0.9,12,base,0.5,2.5,2.0,24,0.020354141462207622,140,2.119915222647779,0.06734700951872163,1.0720586333488547,-0.07013017246806763,0.5071428571428571,1.1612203445742788,0.4
0.95,12,base,0.5,2.5,2.0,24,0.020354141462207622,140,2.119915222647779,0.06734700951872163,1.0720586333488547,-0.07013017246806763,0.5071428571428571,1.1612203445742788,0.4
0.85,11,shallow,0.6,2.5,0.5,12,0.026722697488877702,343,1.8922612770101754,0.06704780111679165,2.053607190181705,-0.036447295083578024,0.239067055393586,3.7687254123292715,0.16909620991253643
0.85,11,shallow,0.8,2.5,1.0,24,0.04206355121771392,246,1.6416710899972504,0.06699509580848861,0.9341482751898692,-0.08006157042980111,0.32926829268292684,2.3345870100468202,0.2926829268292683
0.9,12,shallow,0.7,2.5,0.75,6,0.033289881212306936,354,1.6635011147112664,0.06685072082357002,1.500846379410266,-0.049723694289868225,0.3418079096045198,2.2279852502627957,0.1638418079096045
0.95,12,shallow,0.7,2.5,0.75,6,0.033289881212306936,354,1.6635011147112664,0.06685072082357002,1.500846379410266,-0.049723694289868225,0.3418079096045198,2.2279852502627957,0.1638418079096045
0.85,11,base,0.7,4.0,1.0,24,0.03218380161661132,187,2.2434871731270603,0.06645555053387797,1.0693218090056198,-0.06937566136180096,0.26737967914438504,3.2134870275932,0.1657754010695187
0.85,11,shallow,0.8,2.5,1.5,12,0.04206355121771392,225,1.5781247983650124,0.06602002892867032,0.9729047425886463,-0.07574945461594107,0.4533333333333333,1.3854632485253293,0.26222222222222225
0.9,12,base,0.8,2.5,1.5,12,0.03553384163128094,221,1.6659621852525575,0.06540044031724723,1.0727709517916593,-0.06805081020090908,0.46153846153846156,1.3455895701307805,0.26244343891402716
0.95,12,base,0.8,2.5,1.5,12,0.03553384163128094,221,1.6659621852525575,0.06540044031724723,1.0727709517916593,-0.06805081020090908,0.46153846153846156,1.3455895701307805,0.26244343891402716
0.8,10,shallow,0.5,2.0,1.0,6,0.02225569419366929,297,1.6396613601397765,0.06494230677239887,1.7356676377841156,-0.04176476695901277,0.43434343434343436,1.5098007511457976,0.23232323232323232
0.9,12,shallow,0.5,3.0,0.5,24,0.022171242241514764,280,2.058979171985431,0.06470054379959977,1.6948652251795153,-0.04261044044918616,0.19642857142857142,4.9129780809375925,0.16785714285714284
0.95,12,shallow,0.5,3.0,0.5,24,0.022171242241514764,280,2.058979171985431,0.06470054379959977,1.6948652251795153,-0.04261044044918616,0.19642857142857142,4.9129780809375925,0.16785714285714284
0.9,12,deep_slow,0.5,2.5,2.0,12,0.02263787441816482,177,1.8269383452968653,0.06469498191921907,1.4759389833130478,-0.048926632291241945,0.5084745762711864,1.1395681150011545,0.2937853107344633
0.95,12,deep_slow,0.5,2.5,2.0,12,0.02263787441816482,177,1.8269383452968653,0.06469498191921907,1.4759389833130478,-0.048926632291241945,0.5084745762711864,1.1395681150011545,0.2937853107344633
0.85,11,shallow,0.6,2.0,0.5,24,0.026722697488877702,363,1.8017746156151389,0.064503733533668,2.053057344335988,-0.03506892307174525,0.2396694214876033,3.748244228178108,0.2396694214876033
0.9,12,shallow,0.4,2.5,1.0,24,0.01727300411761307,188,1.9675673428874443,0.064341808130423,2.3232660246454078,-0.030912148232701164,0.35638297872340424,2.1571127488657353,0.30319148936170215
0.95,12,shallow,0.4,2.5,1.0,24,0.01727300411761307,188,1.9675673428874443,0.064341808130423,2.3232660246454078,-0.030912148232701164,0.35638297872340424,2.1571127488657353,0.30319148936170215
0.85,11,base,0.4,4.0,1.0,24,0.018069504979977443,152,2.4173457295022587,0.06425529411504627,1.4390629222516187,-0.04983815712415518,0.3026315789473684,2.823279947740908,0.17105263157894737
0.85,11,deep_slow,0.5,2.5,0.5,24,0.02084289794941308,317,1.8404326431710518,0.06424499647903859,1.8980766887186804,-0.0377796696446383,0.2113564668769716,4.396828629541744,0.20189274447949526
0.85,11,base,0.7,2.0,0.5,12,0.03218380161661132,396,1.720746102272754,0.0636537421209693,1.4745856905642025,-0.04818065360309398,0.25252525252525254,3.4604249917492895,0.2196969696969697
0.8,10,shallow,0.5,2.5,1.0,12,0.02225569419366929,243,1.6277537837200224,0.06331907045917551,1.4316337456612296,-0.04936436216466067,0.3662551440329218,2.0083616480040734,0.24691358024691357
0.85,11,shallow,0.6,2.5,1.0,12,0.026722697488877702,256,1.6139887041874323,0.062996699338697,1.3356496266084668,-0.05264154473279559,0.3671875,1.9847891547779162,0.23828125
0.8,10,base,0.5,2.5,1.0,6,0.023983485622980496,281,1.6397603051985024,0.0629447851425804,1.916258268648383,-0.036661301118268264,0.4234875444839858,1.5816492402522342,0.1708185053380783
0.8,10,base,0.5,2.5,2.0,12,0.023983485622980496,172,1.8556368170694002,0.06283600696753378,1.3719636034971912,-0.051117028712941215,0.4883720930232558,1.240543581985038,0.28488372093023256
0.85,11,base,0.7,4.0,2.0,24,0.03218380161661132,129,1.988922485587814,0.06277913110207822,0.7584396250075918,-0.0923831073959297,0.4418604651162791,1.4986015148763392,0.20930232558139536
0.85,11,shallow,0.4,2.5,1.5,24,0.014641812176194218,160,1.8007455912400898,0.0625560441558759,1.015159538542094,-0.06877459351597448,0.4125,1.6638528973025442,0.3375
0.9,12,base,0.5,3.0,2.5,24,0.020354141462207622,117,2.460695612751011,0.06251080018316335,1.137734913691216,-0.061320539495759774,0.5470085470085471,0.9967868651595989,0.36752136752136755
0.95,12,base,0.5,3.0,2.5,24,0.020354141462207622,117,2.460695612751011,0.06251080018316335,1.137734913691216,-0.061320539495759774,0.5470085470085471,0.9967868651595989,0.36752136752136755
0.85,11,shallow,0.6,1.5,0.5,6,0.026722697488877702,447,1.6157531377096395,0.06245028572068745,2.3490359649140498,-0.029671215661978168,0.31767337807606266,2.4921596235645525,0.26174496644295303
0.8,10,base,0.6,3.0,0.75,24,0.028890652717152483,241,1.9768990476135258,0.062156403016083495,1.475838516771227,-0.047003556955214854,0.25311203319502074,3.4203192791364403,0.2157676348547718
0.85,11,deep_slow,0.6,4.0,1.0,24,0.02660926817449534,182,2.12611350476855,0.06206928249925392,1.2341724489470447,-0.056128382492027895,0.29120879120879123,2.8871193326237665,0.15934065934065933
0.8,10,base,0.6,2.5,1.0,6,0.028890652717152483,301,1.5683322623958738,0.06187281148342327,1.0706603363125227,-0.06449487139506394,0.4186046511627907,1.600066506039401,0.16943521594684385
0.85,11,deep_slow,0.7,2.5,2.0,12,0.032567944659426015,193,1.6359601230953318,0.06142664638610018,1.256063674783483,-0.05457726087854464,0.49740932642487046,1.166271036781319,0.3005181347150259
0.8,10,base,0.5,4.0,1.0,24,0.023983485622980496,173,2.307885857366789,0.06086201231150046,1.8512008675683724,-0.036689864595386035,0.28901734104046245,2.924458846902517,0.15606936416184972
0.8,10,deep_slow,0.8,2.5,2.0,12,0.03652372924092767,200,1.552589314028894,0.06071544118227035,0.7853659034870774,-0.08627342142675731,0.5,1.1450340979525795,0.29
0.9,12,shallow,0.7,2.0,1.0,12,0.033289881212306936,278,1.5702217148890558,0.06056867759230533,1.386523496022514,-0.04874918111419835,0.39568345323741005,1.7626766642386928,0.32014388489208634
0.95,12,shallow,0.7,2.0,1.0,12,0.033289881212306936,278,1.5702217148890558,0.06056867759230533,1.386523496022514,-0.04874918111419835,0.39568345323741005,1.7626766642386928,0.32014388489208634
0.8,10,base,0.6,2.5,0.75,6,0.028890652717152483,331,1.6331588504736418,0.06055058470246699,1.782659459790119,-0.037904955869924706,0.3504531722054381,2.1402295150416193,0.16314199395770393
0.85,11,base,0.8,2.5,1.0,6,0.037861802141293005,331,1.496472489620851,0.0604818359703998,1.166627129987113,-0.05785452388024659,0.4169184290030212,1.5886522479767207,0.1540785498489426
0.9,12,shallow,0.5,2.5,2.0,12,0.022171242241514764,176,1.8037587352939544,0.060350226099187276,1.1486445738271938,-0.05863198241126377,0.5,1.1764489603687154,0.29545454545454547
0.95,12,shallow,0.5,2.5,2.0,12,0.022171242241514764,176,1.8037587352939544,0.060350226099187276,1.1486445738271938,-0.05863198241126377,0.5,1.1764489603687154,0.29545454545454547
0.85,11,deep_slow,0.6,2.5,0.5,24,0.02660926817449534,332,1.7104553563780802,0.06028319826294015,1.5648053171813336,-0.042990821289499714,0.21084337349397592,4.3463699019419995,0.19578313253012047
0.8,10,shallow,0.8,2.5,1.5,12,0.04189406605295098,224,1.5377865423793664,0.06018996854901748,0.7578314136293162,-0.08863170322864744,0.44642857142857145,1.4096579882037894,0.25892857142857145
0.9,12,deep_slow,0.4,3.0,2.5,12,0.019103795708262847,149,2.111290185273986,0.06015362827265247,0.9843101417165162,-0.06819720843647525,0.5033557046979866,1.1702690815045391,0.2684563758389262
0.95,12,deep_slow,0.4,3.0,2.5,12,0.019103795708262847,149,2.111290185273986,0.06015362827265247,0.9843101417165162,-0.06819720843647525,0.5033557046979866,1.1702690815045391,0.2684563758389262
0.9,12,shallow,0.5,1.5,0.5,24,0.022171242241514764,386,1.6243940126939367,0.05998380106646728,2.4721570205637886,-0.027076384712348855,0.2979274611398964,2.7236625460679074,0.2979274611398964
0.95,12,shallow,0.5,1.5,0.5,24,0.022171242241514764,386,1.6243940126939367,0.05998380106646728,2.4721570205637886,-0.027076384712348855,0.2979274611398964,2.7236625460679074,0.2979274611398964
0.9,12,deep_slow,0.7,2.5,0.5,24,0.03039343375568873,349,1.6140650451620246,0.059859614986015774,1.007375056620206,-0.06630901199430483,0.20630372492836677,4.406778333497314,0.19484240687679083
0.95,12,deep_slow,0.7,2.5,0.5,24,0.03039343375568873,349,1.6140650451620246,0.059859614986015774,1.007375056620206,-0.06630901199430483,0.20630372492836677,4.406778333497314,0.19484240687679083
0.9,12,base,0.7,2.5,0.75,6,0.029700257367501218,351,1.5585353794771808,0.059754089305593894,1.447946414192239,-0.046051363847254945,0.3475783475783476,2.149841187787157,0.15384615384615385
0.95,12,base,0.7,2.5,0.75,6,0.029700257367501218,351,1.5585353794771808,0.059754089305593894,1.447946414192239,-0.046051363847254945,0.3475783475783476,2.149841187787157,0.15384615384615385
0.85,11,shallow,0.6,2.5,0.5,24,0.026722697488877702,317,1.7733675953324557,0.05968100795846221,1.3501585885438987,-0.04932612571631334,0.2082018927444795,4.42319086051034,0.19558359621451105
0.9,12,shallow,0.6,2.5,2.0,24,0.02729219059178709,148,1.7768726318385164,0.059529392203643505,0.8812992553137435,-0.0753754861573992,0.4797297297297297,1.2566530106024563,0.3918918918918919
0.95,12,shallow,0.6,2.5,2.0,24,0.02729219059178709,148,1.7768726318385164,0.059529392203643505,0.8812992553137435,-0.0753754861573992,0.4797297297297297,1.2566530106024563,0.3918918918918919
0.9,12,deep_slow,0.4,4.0,2.5,24,0.019103795708262847,101,2.335826972868377,0.05937546517459702,1.2502953206354386,-0.05299231438217744,0.49504950495049505,1.234769422493962,0.25742574257425743
0.95,12,deep_slow,0.4,4.0,2.5,24,0.019103795708262847,101,2.335826972868377,0.05937546517459702,1.2502953206354386,-0.05299231438217744,0.49504950495049505,1.234769422493962,0.25742574257425743
0.9,12,shallow,0.4,1.5,1.0,12,0.01727300411761307,266,1.612867634439589,0.05930580915040551,2.830884699025718,-0.023377167436592794,0.4548872180451128,1.379552928602446,0.44360902255639095
0.95,12,shallow,0.4,1.5,1.0,12,0.01727300411761307,266,1.612867634439589,0.05930580915040551,2.830884699025718,-0.023377167436592794,0.4548872180451128,1.379552928602446,0.44360902255639095
0.9,12,base,0.7,2.5,1.0,12,0.029700257367501218,268,1.5522530613552412,0.059197677289324124,0.9965706655528915,-0.06628432863398903,0.3582089552238806,2.0308577914782675,0.2462686567164179
0.95,12,base,0.7,2.5,1.0,12,0.029700257367501218,268,1.5522530613552412,0.059197677289324124,0.9965706655528915,-0.06628432863398903,0.3582089552238806,2.0308577914782675,0.2462686567164179
0.85,11,base,0.7,2.0,1.0,12,0.03218380161661132,290,1.494373939833067,0.05911566293122594,1.0490827645576664,-0.06287893554967772,0.3931034482758621,1.7643513395205517,0.31724137931034485
0.85,11,deep_slow,0.4,1.5,0.5,24,0.015505342952291496,358,1.7060611139103334,0.05901227457544911,3.088708681127117,-0.021319418129674972,0.30446927374301674,2.662647447454382,0.30446927374301674
0.85,11,deep_slow,0.6,2.5,0.5,12,0.02660926817449534,353,1.6107896298652087,0.05896416957763795,1.662779718623354,-0.03956965647973354,0.22946175637393768,3.876952702328126,0.16997167138810199
0.85,11,deep_slow,0.8,3.0,2.0,12,0.04023212551971341,185,1.800859918412193,0.05888030451312165,1.2559270127223812,-0.052313344820409946,0.4972972972972973,1.1684027818012335,0.21621621621621623
0.9,12,base,0.6,3.0,2.0,12,0.024507847669689414,180,1.7619526511735917,0.0588556208516231,0.7699455196516649,-0.08529708951354653,0.48333333333333334,1.232963680927779,0.22777777777777777
0.95,12,base,0.6,3.0,2.0,12,0.024507847669689414,180,1.7619526511735917,0.0588556208516231,0.7699455196516649,-0.08529708951354653,0.48333333333333334,1.232963680927779,0.22777777777777777
0.9,12,shallow,0.4,1.5,1.0,24,0.01727300411761307,260,1.6029256469195674,0.05884447036783902,2.878803626220667,-0.022808651985169237,0.45384615384615384,1.3851761263590532,0.45
0.95,12,shallow,0.4,1.5,1.0,24,0.01727300411761307,260,1.6029256469195674,0.05884447036783902,2.878803626220667,-0.022808651985169237,0.45384615384615384,1.3851761263590532,0.45
0.85,11,shallow,0.7,2.5,0.75,6,0.03422839379787348,350,1.511596733596033,0.05879119913714215,1.0435957908809872,-0.06286150148884162,0.3485714285714286,2.1336817397372756,0.15142857142857144
0.8,10,shallow,0.6,2.0,1.0,12,0.0281987593635591,274,1.5211367094015493,0.05878669521380031,0.7796042833037446,-0.08414134978734389,0.3905109489051095,1.7758107059515826,0.29927007299270075
0.9,12,base,0.5,2.5,0.75,6,0.020354141462207622,317,1.5600938781161477,0.05869315007810938,1.1491731780790844,-0.05699075180425284,0.33753943217665616,2.249583709575466,0.1640378548895899
0.95,12,base,0.5,2.5,0.75,6,0.020354141462207622,317,1.5600938781161477,0.05869315007810938,1.1491731780790844,-0.05699075180425284,0.33753943217665616,2.249583709575466,0.1640378548895899
0.8,10,shallow,0.4,4.0,1.0,24,0.016624676068168656,158,2.4540486683379887,0.0586487243206546,1.0708738799827573,-0.061111317857657,0.2911392405063291,2.9281955776709636,0.15822784810126583
0.9,12,base,0.8,2.5,1.0,12,0.03553384163128094,273,1.4851195492324474,0.05854511965328468,0.9872591861767344,-0.06616959648627263,0.3626373626373626,1.9886107887435043,0.24175824175824176
0.95,12,base,0.8,2.5,1.0,12,0.03553384163128094,273,1.4851195492324474,0.05854511965328468,0.9872591861767344,-0.06616959648627263,0.3626373626373626,1.9886107887435043,0.24175824175824176
0.85,11,base,0.7,1.5,0.5,12,0.03218380161661132,464,1.4617421803318928,0.058511704338810144,1.2378992193387597,-0.052741884868591216,0.2974137931034483,2.68120077282959,0.28879310344827586
0.85,11,base,0.4,1.5,1.0,12,0.018069504979977443,274,1.558808887362276,0.058342772209839966,2.5334598505865453,-0.02569610239541209,0.44525547445255476,1.4238414510797601,0.43795620437956206
0.9,12,base,0.5,2.5,1.5,24,0.020354141462207622,171,1.7004057871737202,0.05822407779642602,0.9313428619284366,-0.06975646423165982,0.42105263157894735,1.5732313421694506,0.3508771929824561
0.95,12,base,0.5,2.5,1.5,24,0.020354141462207622,171,1.7004057871737202,0.05822407779642602,0.9313428619284366,-0.06975646423165982,0.42105263157894735,1.5732313421694506,0.3508771929824561
0.85,11,deep_slow,0.8,2.5,1.0,24,0.04023212551971341,243,1.4609358063150495,0.057993105336825,0.8157106401780786,-0.07932795197380593,0.3292181069958848,2.2945276623426096,0.2839506172839506
0.8,10,shallow,0.5,2.5,1.5,12,0.02225569419366929,202,1.527522832248709,0.05793246900921889,1.3505578726180358,-0.04786228402402248,0.4603960396039604,1.344110895290466,0.26732673267326734
0.85,11,base,0.7,4.0,1.5,24,0.03218380161661132,153,1.8437820124797177,0.05782683433681601,0.7681446109454458,-0.08399791933470313,0.35947712418300654,2.0523094222433413,0.19607843137254902
0.9,12,deep_slow,0.4,1.5,1.0,12,0.019103795708262847,277,1.5426443307314597,0.05780493661968,1.6308829554890174,-0.03954792660349571,0.44404332129963897,1.4285630583849487,0.4368231046931408
0.95,12,deep_slow,0.4,1.5,1.0,12,0.019103795708262847,277,1.5426443307314597,0.05780493661968,1.6308829554890174,-0.03954792660349571,0.44404332129963897,1.4285630583849487,0.4368231046931408
0.9,12,deep_slow,0.6,1.5,1.0,12,0.026488612559532297,317,1.4411309872313487,0.05762947756756365,1.3355509063562787,-0.04814616471752253,0.444794952681388,1.413722160618994,0.4195583596214511
0.95,12,deep_slow,0.6,1.5,1.0,12,0.026488612559532297,317,1.4411309872313487,0.05762947756756365,1.3355509063562787,-0.04814616471752253,0.444794952681388,1.413722160618994,0.4195583596214511
0.9,12,shallow,0.5,1.5,0.5,12,0.022171242241514764,389,1.5553474752483487,0.05759073319574015,2.371710855866337,-0.02709364380142898,0.30077120822622105,2.671345274128524,0.2930591259640103
0.95,12,shallow,0.5,1.5,0.5,12,0.022171242241514764,389,1.5553474752483487,0.05759073319574015,2.371710855866337,-0.02709364380142898,0.30077120822622105,2.671345274128524,0.2930591259640103
0.85,11,shallow,0.5,2.5,2.0,12,0.021430229292638114,178,1.6344568023685717,0.05757537190353035,1.0120958111590093,-0.06347333452081405,0.4887640449438202,1.214122308478202,0.28651685393258425
0.85,11,base,0.6,2.5,0.75,6,0.02743703889797145,340,1.5273941366994845,0.05725434885103975,1.6999602455734646,-0.037578406454711444,0.34705882352941175,2.1470277041594734,0.16176470588235295
0.8,10,base,0.7,2.5,1.0,12,0.034786761033208866,268,1.4556645655729796,0.057209976676874774,0.8821783947913393,-0.07235740038078364,0.3656716417910448,1.9603213451195165,0.23880597014925373
0.9,12,deep_slow,0.6,3.0,2.0,12,0.026488612559532297,172,1.808198863495203,0.05713588093088173,1.4008808765087564,-0.04550651541374218,0.5,1.1627368819931112,0.23255813953488372
0.95,12,deep_slow,0.6,3.0,2.0,12,0.026488612559532297,172,1.808198863495203,0.05713588093088173,1.4008808765087564,-0.04550651541374218,0.5,1.1627368819931112,0.23255813953488372
0.8,10,deep_slow,0.6,2.5,2.0,12,0.027441884318986948,185,1.4821407362904029,0.057093401607159366,0.8934772544161456,-0.07129634719612099,0.4972972972972973,1.1596187191634673,0.2972972972972973
0.9,12,base,0.6,2.0,0.5,12,0.024507847669689414,373,1.5670648676605559,0.05707551834166025,1.3423407837313526,-0.04744074717312985,0.2520107238605898,3.4590399660878344,0.21983914209115282
0.95,12,base,0.6,2.0,0.5,12,0.024507847669689414,373,1.5670648676605559,0.05707551834166025,1.3423407837313526,-0.04744074717312985,0.2520107238605898,3.4590399660878344,0.21983914209115282
0.8,10,base,0.5,1.5,1.0,6,0.023983485622980496,327,1.4045109053096354,0.05696849950662353,1.9707798643883807,-0.032252143984662696,0.4648318042813456,1.3002307640668502,0.3577981651376147
0.8,10,shallow,0.4,2.5,2.0,12,0.016624676068168656,168,1.593342911387222,0.0569033162802679,1.2216332160229122,-0.05197052907810917,0.49404761904761907,1.1959879001012146,0.2916666666666667
0.85,11,deep_slow,0.7,2.5,1.0,12,0.032567944659426015,257,1.488783540148431,0.05685023471852135,1.0165868837616707,-0.06239458570488665,0.36186770428015563,2.002951253121634,0.24124513618677043
0.8,10,shallow,0.5,1.5,1.0,24,0.02225569419366929,291,1.4864992221204996,0.05680821331159125,1.588054463076447,-0.03991203714087688,0.43986254295532645,1.439363927118827,0.4329896907216495
0.85,11,deep_slow,0.4,2.5,0.75,24,0.015505342952291496,244,1.6010580583373433,0.05669532298387536,1.7934048758958578,-0.03527153746111189,0.28688524590163933,2.869816349233183,0.26229508196721313
0.9,12,base,0.7,2.5,1.5,12,0.029700257367501218,225,1.4153855708440548,0.05639835167102025,0.8204368510011737,-0.07669548039983742,0.4533333333333333,1.3557567110988507,0.27555555555555555
0.95,12,base,0.7,2.5,1.5,12,0.029700257367501218,225,1.4153855708440548,0.05639835167102025,0.8204368510011737,-0.07669548039983742,0.4533333333333333,1.3557567110988507,0.27555555555555555
0.85,11,shallow,0.5,1.5,1.0,24,0.021430229292638114,295,1.41994223922946,0.05634632938085549,1.745523142271405,-0.036015323081934225,0.43389830508474575,1.468135113786304,0.43050847457627117
0.85,11,deep_slow,0.8,2.5,0.75,6,0.04023212551971341,364,1.427045087649177,0.056136360534221774,1.2016846066368703,-0.052119004631901444,0.3516483516483517,2.087912354449031,0.15384615384615385
0.85,11,shallow,0.4,2.5,2.0,12,0.014641812176194218,165,1.6478971915188223,0.05607726933538415,1.0508909583242605,-0.059534700127624185,0.503030303030303,1.152333568847981,0.2727272727272727
0.9,12,deep_slow,0.4,1.5,1.0,24,0.019103795708262847,271,1.4883691266229868,0.05602018128106012,1.5516189144825272,-0.04028089116650568,0.44649446494464945,1.4099806495628209,0.44280442804428044
0.95,12,deep_slow,0.4,1.5,1.0,24,0.019103795708262847,271,1.4883691266229868,0.05602018128106012,1.5516189144825272,-0.04028089116650568,0.44649446494464945,1.4099806495628209,0.44280442804428044
0.85,11,deep_slow,0.8,2.0,0.75,6,0.04023212551971341,382,1.3589724370491556,0.0560012529981706,1.080867445667538,-0.057804877847542624,0.3743455497382199,1.8827035860323293,0.20680628272251309
0.8,10,base,0.5,2.0,1.0,6,0.023983485622980496,294,1.4488268655616354,0.055979331987388914,1.9616519454118309,-0.031837900628354676,0.43537414965986393,1.4790048877173667,0.23129251700680273
0.8,10,shallow,0.6,2.0,1.5,12,0.0281987593635591,226,1.4494451581402898,0.05590478556231626,0.9792151013177844,-0.06369535969130813,0.4823008849557522,1.2171482026356628,0.35398230088495575
0.9,12,base,0.8,2.0,1.5,24,0.03553384163128094,204,1.52613336673893,0.055798067426956255,0.9285949635352636,-0.06703895469690024,0.45588235294117646,1.3474376314622099,0.43137254901960786
0.95,12,base,0.8,2.0,1.5,24,0.03553384163128094,204,1.52613336673893,0.055798067426956255,0.9285949635352636,-0.06703895469690024,0.45588235294117646,1.3474376314622099,0.43137254901960786
0.85,11,base,0.6,2.0,0.5,12,0.02743703889797145,381,1.5637631260387113,0.05546000529127171,1.2214808100470895,-0.05065469499585906,0.2545931758530184,3.385531838155222,0.2204724409448819
0.8,10,base,0.7,3.0,2.0,12,0.034786761033208866,183,1.6700930276830481,0.0553434542481146,1.1037933866142255,-0.05593738737052967,0.4808743169398907,1.2382355600733557,0.22404371584699453
0.9,12,base,0.7,2.5,0.5,24,0.029700257367501218,341,1.5701185262787023,0.05524320953590145,0.9940608689824858,-0.0619993689266396,0.20527859237536658,4.4069750140696335,0.1935483870967742
0.95,12,base,0.7,2.5,0.5,24,0.029700257367501218,341,1.5701185262787023,0.05524320953590145,0.9940608689824858,-0.0619993689266396,0.20527859237536658,4.4069750140696335,0.1935483870967742
0.9,12,shallow,0.5,4.0,2.5,24,0.022171242241514764,100,2.3416535351510874,0.055194556556311225,1.0438121605808663,-0.05899213255296243,0.52,1.10432745962194,0.25
0.95,12,shallow,0.5,4.0,2.5,24,0.022171242241514764,100,2.3416535351510874,0.055194556556311225,1.0438121605808663,-0.05899213255296243,0.52,1.10432745962194,0.25
0.8,10,shallow,0.6,2.5,1.0,24,0.0281987593635591,231,1.4364053699297563,0.0550951994818043,0.7819415304490779,-0.07860629759974502,0.3246753246753247,2.3554506722118695,0.2987012987012987
0.8,10,shallow,0.7,2.5,1.0,6,0.034650808039162956,322,1.3365804392005587,0.054929721713566915,0.8205733972577324,-0.07467993514747273,0.422360248447205,1.5347233228608568,0.15527950310559005
0.9,12,base,0.7,3.0,0.5,24,0.029700257367501218,312,1.7051200120774384,0.05484943835884892,1.1952137162717031,-0.05119631389485857,0.1858974358974359,5.022457485005351,0.16025641025641027
0.95,12,base,0.7,3.0,0.5,24,0.029700257367501218,312,1.7051200120774384,0.05484943835884892,1.1952137162717031,-0.05119631389485857,0.1858974358974359,5.022457485005351,0.16025641025641027
0.9,12,base,0.6,2.5,0.75,6,0.024507847669689414,336,1.417007299514476,0.054770949528108126,1.2793006172614414,-0.04776259227391899,0.35119047619047616,2.1028564274766066,0.15476190476190477
0.95,12,base,0.6,2.5,0.75,6,0.024507847669689414,336,1.417007299514476,0.054770949528108126,1.2793006172614414,-0.04776259227391899,0.35119047619047616,2.1028564274766066,0.15476190476190477
0.85,11,base,0.7,3.0,0.5,24,0.03218380161661132,305,1.7375130707162534,0.05473541331750109,1.1493796222278756,-0.05312687872763444,0.18688524590163935,5.0005199210905,0.16065573770491803
0.85,11,base,0.7,2.5,1.5,12,0.03218380161661132,223,1.3813371777619718,0.05468714086401283,0.8094891191057915,-0.07536721354519449,0.4439461883408072,1.4070830117865714,0.2645739910313901
0.85,11,shallow,0.8,2.5,1.5,6,0.04206355121771392,296,1.2452414462230421,0.05457688315849585,0.7381896809908602,-0.08247957609293144,0.46621621621621623,1.2719438234861085,0.17905405405405406
0.85,11,shallow,0.8,2.5,0.75,6,0.04206355121771392,371,1.3388126846770172,0.05432161282557635,0.932183864592001,-0.065008586682469,0.3450134770889488,2.1361220025696874,0.1509433962264151
0.85,11,deep_slow,0.8,2.5,2.0,12,0.04023212551971341,197,1.3982116736825345,0.05425314700774364,0.9255015176593466,-0.06539519473772848,0.5076142131979695,1.0958199008460268,0.2893401015228426
0.8,10,shallow,0.5,1.5,1.0,12,0.02225569419366929,297,1.4190074805437285,0.054237544303924246,1.6689731813675583,-0.036253365546769056,0.4444444444444444,1.4040994166256653,0.4208754208754209
0.9,12,base,0.7,2.0,0.5,12,0.029700257367501218,399,1.4320330592524937,0.0540897033516361,1.3886122815087465,-0.04345380251439357,0.24561403508771928,3.516962758987179,0.21804511278195488
0.95,12,base,0.7,2.0,0.5,12,0.029700257367501218,399,1.4320330592524937,0.0540897033516361,1.3886122815087465,-0.04345380251439357,0.24561403508771928,3.516962758987179,0.21804511278195488
0.8,10,shallow,0.6,3.0,0.5,24,0.0281987593635591,300,1.791452137245107,0.05405959777916691,1.080621111264061,-0.05580753521940918,0.18333333333333332,5.149322747546684,0.16333333333333333
0.85,11,base,0.7,1.5,0.5,24,0.03218380161661132,460,1.3604235932466193,0.05403046167735748,1.1391894233595092,-0.05290972786863002,0.29130434782608694,2.7380055379242068,0.29130434782608694
0.85,11,deep_slow,0.4,2.5,1.0,24,0.015505342952291496,210,1.5158996666297475,0.05385394813055555,1.2752204213701646,-0.04711084835533552,0.3476190476190476,2.1481218634941346,0.29523809523809524
0.85,11,deep_slow,0.8,3.0,1.0,24,0.04023212551971341,219,1.6825020122061927,0.0537869974732732,0.7756934959486366,-0.07735247438747683,0.3059360730593607,2.5621553977352107,0.228310502283105
0.85,11,deep_slow,0.4,1.5,0.5,12,0.015505342952291496,359,1.5570459629936346,0.053772511725432404,2.8161105732869878,-0.02130086979376644,0.3064066852367688,2.6053190783032423,0.298050139275766
0.9,12,shallow,0.5,2.0,0.5,6,0.022171242241514764,366,1.4629838529259631,0.053742565591577085,1.8824357475036337,-0.03184815264938756,0.2814207650273224,2.937079308193956,0.18579234972677597
0.95,12,shallow,0.5,2.0,0.5,6,0.022171242241514764,366,1.4629838529259631,0.053742565591577085,1.8824357475036337,-0.03184815264938756,0.2814207650273224,2.937079308193956,0.18579234972677597
0.85,11,base,0.7,2.0,1.0,6,0.03218380161661132,341,1.2745471431354194,0.053636910579744956,0.9406674634499494,-0.06360791442198821,0.41642228739002934,1.5665272600731148,0.21700879765395895
0.9,12,base,0.5,2.0,1.5,24,0.020354141462207622,187,1.5435318498495407,0.053616060096332685,0.8143628303176069,-0.073444619746179,0.45454545454545453,1.3655295047717633,0.42780748663101603
0.95,12,base,0.5,2.0,1.5,24,0.020354141462207622,187,1.5435318498495407,0.053616060096332685,0.8143628303176069,-0.073444619746179,0.45454545454545453,1.3655295047717633,0.42780748663101603
0.85,11,base,0.8,2.0,1.0,6,0.037861802141293005,352,1.2512864496000584,0.053607226882698145,0.8185635909472846,-0.07305563875691956,0.42613636363636365,1.500320450840074,0.21875
0.85,11,deep_slow,0.6,2.5,0.75,6,0.02660926817449534,335,1.3731229615194163,0.05359878315209965,1.1923703315138499,-0.050144856648269176,0.34328358208955223,2.1579537010323913,0.15223880597014924
0.85,11,base,0.6,2.5,0.5,12,0.02743703889797145,355,1.4990709589141253,0.053445838886860164,1.1435145705620773,-0.0521376218318822,0.22816901408450704,3.8507803610153095,0.16901408450704225
0.9,12,base,0.7,3.0,2.0,12,0.029700257367501218,184,1.6304478032425669,0.05316383935706437,0.6589650966409927,-0.08999664152498965,0.4891304347826087,1.1863829767893694,0.22282608695652173
0.95,12,base,0.7,3.0,2.0,12,0.029700257367501218,184,1.6304478032425669,0.05316383935706437,0.6589650966409927,-0.08999664152498965,0.4891304347826087,1.1863829767893694,0.22282608695652173
0.85,11,base,0.8,4.0,2.0,24,0.037861802141293005,127,1.6997268018623362,0.05301694814596902,0.6059178113572212,-0.09760451812133408,0.4330708661417323,1.5180723802722664,0.1968503937007874
0.85,11,deep_slow,0.5,2.5,1.5,6,0.02084289794941308,263,1.3222760827756503,0.05298033836277494,0.9179886853554892,-0.06437918177370161,0.4790874524714829,1.2190766301969127,0.17870722433460076
0.9,12,base,0.4,2.5,2.0,12,0.01632796766513659,165,1.649391264204778,0.052973849696311026,0.947915064541234,-0.06233902568106897,0.4909090909090909,1.200208465126747,0.2909090909090909
0.95,12,base,0.4,2.5,2.0,12,0.01632796766513659,165,1.649391264204778,0.052973849696311026,0.947915064541234,-0.06233902568106897,0.4909090909090909,1.200208465126747,0.2909090909090909
0.8,10,base,0.5,1.5,0.5,12,0.023983485622980496,400,1.4367333595240572,0.05297194090896973,1.7523223571486302,-0.033720945205214736,0.3025,2.608848230478013,0.295
0.85,11,deep_slow,0.4,2.5,0.5,12,0.015505342952291496,297,1.574111118325588,0.05293323474213962,2.009100757993311,-0.0293895989892623,0.2356902356902357,3.7720704128731333,0.1717171717171717
0.9,12,deep_slow,0.4,2.5,2.0,12,0.019103795708262847,166,1.5582781663665062,0.052868593642062534,1.1483854790124266,-0.05135414292262663,0.4939759036144578,1.181811003321619,0.28313253012048195
0.95,12,deep_slow,0.4,2.5,2.0,12,0.019103795708262847,166,1.5582781663665062,0.052868593642062534,1.1483854790124266,-0.05135414292262663,0.4939759036144578,1.181811003321619,0.28313253012048195
0.8,10,shallow,0.4,2.5,1.0,24,0.016624676068168656,205,1.4782219369527554,0.05284993361115342,0.8835224140162949,-0.06672550273674671,0.33170731707317075,2.3106480900248454,0.2926829268292683
0.8,10,base,0.6,3.0,0.5,24,0.028890652717152483,295,1.783084555397287,0.05283657541133713,1.3805105097800343,-0.04269328860278454,0.18983050847457628,4.898073870890105,0.16271186440677965
0.8,10,shallow,0.5,2.0,1.0,24,0.02225569419366929,240,1.446315128986247,0.05279579775108045,1.0477656663023809,-0.05620809901536428,0.36666666666666664,1.9542485188616319,0.35833333333333334
0.85,11,base,0.4,2.5,1.5,24,0.018069504979977443,154,1.593516226049859,0.05276560602796221,1.0074926828032433,-0.058421408378993345,0.42857142857142855,1.540302543792591,0.35064935064935066
0.8,10,base,0.5,3.0,2.0,12,0.023983485622980496,165,1.7468069531164145,0.052711154426679396,1.035815509088618,-0.056765154934352746,0.47878787878787876,1.2652181148859112,0.22424242424242424
0.85,11,deep_slow,0.8,3.0,0.75,12,0.04023212551971341,279,1.6323037761916621,0.052689748855749174,0.9324548274164987,-0.06303177415634287,0.2867383512544803,2.8204070257891956,0.16129032258064516
0.8,10,shallow,0.4,1.5,1.0,12,0.016624676068168656,279,1.3798897175127258,0.05267698318014191,1.4448996388787188,-0.040667185431315755,0.4444444444444444,1.408883689490374,0.4265232974910394
0.9,12,shallow,0.6,3.0,0.5,24,0.02729219059178709,302,1.6601971246619365,0.05267697045694342,1.2151870118024481,-0.048354686760306964,0.18874172185430463,4.945075465179439,0.16225165562913907
0.95,12,shallow,0.6,3.0,0.5,24,0.02729219059178709,302,1.6601971246619365,0.05267697045694342,1.2151870118024481,-0.048354686760306964,0.18874172185430463,4.945075465179439,0.16225165562913907
0.85,11,base,0.8,2.5,2.0,12,0.037861802141293005,201,1.3805737219323189,0.05265835369581895,0.9790058472848886,-0.059998785032383095,0.4975124378109453,1.1337233643079472,0.29850746268656714
0.85,11,base,0.4,2.5,1.5,12,0.018069504979977443,181,1.5472685613140764,0.05263681556879729,1.1214531984975158,-0.05235623523172661,0.44751381215469616,1.4247461222835278,0.27071823204419887
0.9,12,shallow,0.6,3.0,2.0,12,0.02729219059178709,172,1.7183052446602074,0.05260187355657897,0.9191746744686902,-0.06383550467457977,0.5,1.1559640073575324,0.20930232558139536
0.95,12,shallow,0.6,3.0,2.0,12,0.02729219059178709,172,1.7183052446602074,0.05260187355657897,0.9191746744686902,-0.06383550467457977,0.5,1.1559640073575324,0.20930232558139536
0.9,12,shallow,0.4,3.0,1.0,24,0.01727300411761307,175,1.6971555814473958,0.05245330453985941,1.4471019535959206,-0.040432384522724796,0.32,2.4703992003852258,0.24571428571428572
0.95,12,shallow,0.4,3.0,1.0,24,0.01727300411761307,175,1.6971555814473958,0.05245330453985941,1.4471019535959206,-0.040432384522724796,0.32,2.4703992003852258,0.24571428571428572
0.9,12,base,0.6,2.5,2.0,12,0.024507847669689414,187,1.4592107296686583,0.05244979229380231,0.7238832580544151,-0.08082222242517179,0.48663101604278075,1.1969065953433318,0.2887700534759358
0.95,12,base,0.6,2.5,2.0,12,0.024507847669689414,187,1.4592107296686583,0.05244979229380231,0.7238832580544151,-0.08082222242517179,0.48663101604278075,1.1969065953433318,0.2887700534759358
0.8,10,base,0.5,1.5,0.5,24,0.023983485622980496,398,1.4164381194644775,0.05226213087722886,1.724877313325246,-0.03379714592387162,0.2989949748743719,2.6484491206596807,0.2989949748743719
0.8,10,base,0.5,4.0,1.5,24,0.023983485622980496,135,2.112204814600345,0.05219577185618807,0.7933151135923822,-0.0733903831738093,0.37777777777777777,1.9058969725645953,0.18518518518518517
0.85,11,deep_slow,0.5,2.0,0.5,12,0.02084289794941308,357,1.4731313872325147,0.05215009846405971,1.8483030714980118,-0.03147244112426972,0.2549019607843137,3.3267469120042263,0.226890756302521
0.85,11,deep_slow,0.5,4.0,1.0,24,0.02084289794941308,179,1.8017092485839594,0.05200073116741777,0.9123451179814813,-0.06357630124854052,0.2905027932960894,2.828812195518724,0.1564245810055866
0.8,10,shallow,0.8,2.5,1.0,6,0.04189406605295098,332,1.2706326945606088,0.05198719991013978,0.7425251036410172,-0.07809620430580833,0.4126506024096386,1.5903640134121828,0.1536144578313253
0.9,12,shallow,0.6,1.5,1.0,12,0.02729219059178709,320,1.3006762221748567,0.051852006530031414,1.4040292133488261,-0.041193707011532354,0.44375,1.3900777947057716,0.415625
0.95,12,shallow,0.6,1.5,1.0,12,0.02729219059178709,320,1.3006762221748567,0.051852006530031414,1.4040292133488261,-0.041193707011532354,0.44375,1.3900777947057716,0.415625
0.9,12,shallow,0.6,1.5,0.5,24,0.02729219059178709,409,1.3949019490668375,0.05177679849643391,1.571942476987678,-0.036739921400920084,0.29095354523227385,2.7428753486298194,0.29095354523227385
0.95,12,shallow,0.6,1.5,0.5,24,0.02729219059178709,409,1.3949019490668375,0.05177679849643391,1.571942476987678,-0.036739921400920084,0.29095354523227385,2.7428753486298194,0.29095354523227385
0.9,12,shallow,0.6,4.0,2.5,24,0.02729219059178709,103,2.1810355506320422,0.05167755491309056,1.0599514520010929,-0.05438176784044979,0.49514563106796117,1.2029855325585401,0.23300970873786409
0.95,12,shallow,0.6,4.0,2.5,24,0.02729219059178709,103,2.1810355506320422,0.05167755491309056,1.0599514520010929,-0.05438176784044979,0.49514563106796117,1.2029855325585401,0.23300970873786409
0.85,11,base,0.7,2.5,0.75,6,0.03218380161661132,360,1.3192776841182843,0.051612518798676454,0.9161343411243917,-0.06283935167485688,0.33611111111111114,2.2078947549633456,0.16111111111111112
0.85,11,deep_slow,0.5,1.5,0.5,24,0.02084289794941308,397,1.3872783814979603,0.051460434548190825,1.987300443831102,-0.028882989132070436,0.2947103274559194,2.7000463767521774,0.2947103274559194
0.9,12,deep_slow,0.8,3.0,2.0,12,0.03478537134288336,183,1.5940782151352868,0.05137955093791913,0.8177987799655906,-0.07007678274772244,0.4918032786885246,1.1788594173003333,0.19672131147540983
0.95,12,deep_slow,0.8,3.0,2.0,12,0.03478537134288336,183,1.5940782151352868,0.05137955093791913,0.8177987799655906,-0.07007678274772244,0.4918032786885246,1.1788594173003333,0.19672131147540983
0.9,12,shallow,0.6,1.5,0.5,12,0.02729219059178709,413,1.3730584207112935,0.05125127300158416,1.5576777335898395,-0.03669900824954353,0.29539951573849876,2.6806693043036303,0.2857142857142857
0.95,12,shallow,0.6,1.5,0.5,12,0.02729219059178709,413,1.3730584207112935,0.05125127300158416,1.5576777335898395,-0.03669900824954353,0.29539951573849876,2.6806693043036303,0.2857142857142857
0.85,11,base,0.6,4.0,1.0,24,0.02743703889797145,180,1.7507300341792018,0.051170279416871134,0.86764800462676,-0.06578086622646795,0.2777777777777778,2.960566250963965,0.15555555555555556
0.85,11,deep_slow,0.5,2.5,0.75,6,0.02084289794941308,319,1.3170030177127587,0.05115788330179938,1.4600779973354652,-0.03908063305012832,0.3385579937304075,2.196790899401618,0.15987460815047022
0.9,12,deep_slow,0.7,2.5,0.75,6,0.03039343375568873,356,1.2630552322466302,0.05112665646701653,0.7513321783468521,-0.07589964515640668,0.34269662921348315,2.149426076900565,0.15168539325842698
0.95,12,deep_slow,0.7,2.5,0.75,6,0.03039343375568873,356,1.2630552322466302,0.05112665646701653,0.7513321783468521,-0.07589964515640668,0.34269662921348315,2.149426076900565,0.15168539325842698
0.8,10,base,0.5,3.0,0.5,24,0.023983485622980496,280,1.759079936820133,0.05107926512077565,1.4860530838607333,-0.03833836093853327,0.19285714285714287,4.841909493136312,0.16428571428571428
0.8,10,shallow,0.4,1.5,1.0,24,0.016624676068168656,275,1.3434207204806479,0.05106937592924088,1.3521742103390688,-0.042126065005186786,0.44,1.4303459165599022,0.43272727272727274
0.8,10,base,0.8,2.5,1.5,12,0.041557390516231536,223,1.2910038577855159,0.051065865686640066,0.6113669519255903,-0.09316475544788061,0.4484304932735426,1.371668637936262,0.24663677130044842
0.8,10,shallow,0.7,2.5,1.0,12,0.034650808039162956,268,1.296068454010785,0.05105373090081411,0.7047500741735484,-0.08080067276416203,0.35447761194029853,2.0332818186752686,0.23507462686567165
0.85,11,shallow,0.8,2.5,2.0,12,0.04206355121771392,201,1.2500826768591418,0.05105141166362026,0.8111882854729804,-0.07019539993275892,0.4975124378109453,1.1275916539784117,0.2935323383084577
0.85,11,deep_slow,0.5,2.5,0.75,24,0.02084289794941308,269,1.3505112200299971,0.0509108819938584,1.1809635784746362,-0.04808320062254057,0.27137546468401486,3.0233421406599095,0.24907063197026022
0.8,10,base,0.7,2.5,1.5,12,0.034786761033208866,220,1.314293578967155,0.05089830646798488,0.6725712199353104,-0.08440807727814104,0.45,1.3648223491775828,0.2590909090909091
0.9,12,deep_slow,0.7,2.5,1.0,12,0.03039343375568873,270,1.2569610317467677,0.05072439691302155,0.6949536306568124,-0.0814096550824468,0.35185185185185186,2.0503973976875134,0.23333333333333334
0.95,12,deep_slow,0.7,2.5,1.0,12,0.03039343375568873,270,1.2569610317467677,0.05072439691302155,0.6949536306568124,-0.0814096550824468,0.35185185185185186,2.0503973976875134,0.23333333333333334
0.9,12,shallow,0.7,2.0,1.0,24,0.033289881212306936,251,1.3788267323702184,0.050640160944374735,1.0491167027808947,-0.053837407494022105,0.3665338645418327,1.963901406840299,0.3545816733067729
0.95,12,shallow,0.7,2.0,1.0,24,0.033289881212306936,251,1.3788267323702184,0.050640160944374735,1.0491167027808947,-0.053837407494022105,0.3665338645418327,1.963901406840299,0.3545816733067729
0.9,12,base,0.7,2.5,1.0,24,0.029700257367501218,240,1.3990068281243926,0.05049031925155645,0.7438716044084334,-0.07570411067285254,0.32083333333333336,2.3480399151407974,0.2833333333333333
0.95,12,base,0.7,2.5,1.0,24,0.029700257367501218,240,1.3990068281243926,0.05049031925155645,0.7438716044084334,-0.07570411067285254,0.32083333333333336,2.3480399151407974,0.2833333333333333
0.9,12,deep_slow,0.7,2.5,0.5,12,0.03039343375568873,371,1.3135045667383205,0.05041490617111544,0.843763109357004,-0.06664168597929754,0.22371967654986524,3.903374222394142,0.16442048517520216
0.95,12,deep_slow,0.7,2.5,0.5,12,0.03039343375568873,371,1.3135045667383205,0.05041490617111544,0.843763109357004,-0.06664168597929754,0.22371967654986524,3.903374222394142,0.16442048517520216
0.8,10,shallow,0.4,2.5,0.75,24,0.016624676068168656,246,1.4060847621102923,0.05034942231323236,1.0492206585700314,-0.05352216336142546,0.27235772357723576,3.0378919089331857,0.25609756097560976
0.85,11,base,0.7,3.0,1.0,12,0.03218380161661132,250,1.4600164932100552,0.050299696007751304,0.8712119207748836,-0.06439414446198954,0.352,2.067681839513302,0.184
0.9,12,base,0.6,1.5,0.5,6,0.024507847669689414,451,1.3086115143316448,0.05029770400320133,1.5105668548089877,-0.0371375277306204,0.3170731707317073,2.434505477459377,0.25942350332594233
0.95,12,base,0.6,1.5,0.5,6,0.024507847669689414,451,1.3086115143316448,0.05029770400320133,1.5105668548089877,-0.0371375277306204,0.3170731707317073,2.434505477459377,0.25942350332594233
0.9,12,shallow,0.5,2.5,1.0,24,0.022171242241514764,212,1.4598134270515493,0.05023240750425395,1.010792856917995,-0.055427471460903766,0.330188679245283,2.3030119701442366,0.2830188679245283
0.95,12,shallow,0.5,2.5,1.0,24,0.022171242241514764,212,1.4598134270515493,0.05023240750425395,1.010792856917995,-0.055427471460903766,0.330188679245283,2.3030119701442366,0.2830188679245283
0.9,12,base,0.8,3.0,0.5,24,0.03553384163128094,327,1.5025664961437717,0.05019836176082926,1.010621919260081,-0.05539917086910995,0.1834862385321101,5.0145029042731535,0.15902140672782875
0.95,12,base,0.8,3.0,0.5,24,0.03553384163128094,327,1.5025664961437717,0.05019836176082926,1.010621919260081,-0.05539917086910995,0.1834862385321101,5.0145029042731535,0.15902140672782875
0.85,11,base,0.7,2.0,1.0,24,0.03218380161661132,266,1.2910771990834344,0.05005453877184629,0.7454401225137237,-0.07489101871882986,0.35714285714285715,2.0244676267339083,0.3533834586466165
0.85,11,shallow,0.5,1.5,1.0,12,0.021430229292638114,298,1.2594590187555157,0.04998814668952001,1.490047267967607,-0.03741661207296709,0.4429530201342282,1.3982506445462664,0.4161073825503356
0.85,11,base,0.6,1.5,0.5,12,0.02743703889797145,441,1.2849517617203392,0.04984098914253732,1.3122207234872991,-0.042361736759610524,0.29705215419501135,2.6580348930654036,0.29024943310657597
0.85,11,deep_slow,0.5,2.5,0.5,12,0.02084289794941308,326,1.4543704815102394,0.04980737983959593,1.6203186301172465,-0.03428360426203192,0.23006134969325154,3.814194389575627,0.17177914110429449
0.9,12,shallow,0.6,1.5,1.0,24,0.02729219059178709,314,1.26068597055974,0.0497920424568743,1.2681818539211718,-0.043789627149206756,0.4299363057324841,1.4636219546380311,0.4299363057324841
0.95,12,shallow,0.6,1.5,1.0,24,0.02729219059178709,314,1.26068597055974,0.0497920424568743,1.2681818539211718,-0.043789627149206756,0.4299363057324841,1.4636219546380311,0.4299363057324841
0.8,10,base,0.8,2.5,0.75,6,0.041557390516231536,380,1.224492665856212,0.0497739112714739,0.8325941843978979,-0.06667465986397558,0.3394736842105263,2.161602977361076,0.15526315789473685
0.85,11,base,0.8,2.0,1.0,12,0.037861802141293005,301,1.2247431909557105,0.049708177464580894,0.658447050681287,-0.08419723773406973,0.3853820598006645,1.7794079082059895,0.30564784053156147
0.9,12,shallow,0.8,2.5,1.0,12,0.04167225887876418,267,1.2649446855317046,0.04960988113798148,0.8130684173904841,-0.06805023569660684,0.3595505617977528,1.9825621097255444,0.22846441947565543
0.95,12,shallow,0.8,2.5,1.0,12,0.04167225887876418,267,1.2649446855317046,0.04960988113798148,0.8130684173904841,-0.06805023569660684,0.3595505617977528,1.9825621097255444,0.22846441947565543
0.85,11,deep_slow,0.6,2.0,0.5,12,0.02660926817449534,387,1.3228456420993864,0.04945042889579421,1.355014040920842,-0.040701558621872524,0.24806201550387597,3.397904993655584,0.2222222222222222
0.85,11,shallow,0.7,2.5,1.0,24,0.03422839379787348,235,1.279171908386244,0.0494239563520702,0.6564813468227304,-0.08396518800033415,0.3276595744680851,2.2769647728731144,0.28085106382978725
0.9,12,deep_slow,0.7,1.5,0.5,12,0.03039343375568873,463,1.233377338351785,0.04941704213779463,1.1157417310891744,-0.04939659972866295,0.2980561555075594,2.6292474616519717,0.28509719222462204
0.95,12,deep_slow,0.7,1.5,0.5,12,0.03039343375568873,463,1.233377338351785,0.04941704213779463,1.1157417310891744,-0.04939659972866295,0.2980561555075594,2.6292474616519717,0.28509719222462204
0.9,12,shallow,0.5,4.0,1.0,24,0.022171242241514764,166,1.88648240706862,0.04929003472865445,0.864827476361397,-0.06356391375535397,0.29518072289156627,2.7855653089862082,0.15060240963855423
0.95,12,shallow,0.5,4.0,1.0,24,0.022171242241514764,166,1.88648240706862,0.04929003472865445,0.864827476361397,-0.06356391375535397,0.29518072289156627,2.7855653089862082,0.15060240963855423
0.9,12,shallow,0.8,2.5,1.0,24,0.04167225887876418,234,1.3484809041681465,0.04925283013276793,0.7229041968540147,-0.07598546936528894,0.3247863247863248,2.3075175468584024,0.2777777777777778
0.95,12,shallow,0.8,2.5,1.0,24,0.04167225887876418,234,1.3484809041681465,0.04925283013276793,0.7229041968540147,-0.07598546936528894,0.3247863247863248,2.3075175468584024,0.2777777777777778
0.85,11,deep_slow,0.7,2.5,1.0,24,0.032567944659426015,231,1.342908577093686,0.049117992810625566,0.7320998752525881,-0.07482508157777223,0.3246753246753247,2.332457965522647,0.2813852813852814
0.9,12,deep_slow,0.7,2.5,1.5,12,0.03039343375568873,226,1.187011734271886,0.04893114432324985,0.6139716699997055,-0.08888112572262374,0.4469026548672566,1.3715279171408845,0.2610619469026549
0.95,12,deep_slow,0.7,2.5,1.5,12,0.03039343375568873,226,1.187011734271886,0.04893114432324985,0.6139716699997055,-0.08888112572262374,0.4469026548672566,1.3715279171408845,0.2610619469026549
0.9,12,base,0.6,2.5,0.5,12,0.024507847669689414,347,1.3820050136648252,0.04892151151821422,0.8630097608519252,-0.0632202833410801,0.2276657060518732,3.8411203163158536,0.16714697406340057
0.95,12,base,0.6,2.5,0.5,12,0.024507847669689414,347,1.3820050136648252,0.04892151151821422,0.8630097608519252,-0.0632202833410801,0.2276657060518732,3.8411203163158536,0.16714697406340057
0.9,12,base,0.6,1.5,0.5,12,0.024507847669689414,427,1.2896952091309881,0.04885774297253276,1.3776583581175794,-0.039551471071295086,0.29508196721311475,2.6937767865212146,0.2857142857142857
0.95,12,base,0.6,1.5,0.5,12,0.024507847669689414,427,1.2896952091309881,0.04885774297253276,1.3776583581175794,-0.039551471071295086,0.29508196721311475,2.6937767865212146,0.2857142857142857
0.85,11,deep_slow,0.7,2.5,0.75,6,0.032567944659426015,348,1.2475011302835128,0.04883508243999901,0.9278024759059577,-0.05870115341741444,0.3505747126436782,2.0620126166583868,0.15229885057471265
0.9,12,shallow,0.6,1.5,1.0,6,0.02729219059178709,353,1.1892861428551804,0.048831333168192215,1.3576043256591541,-0.04011395808431106,0.45325779036827196,1.3303224179846052,0.35694050991501414
0.95,12,shallow,0.6,1.5,1.0,6,0.02729219059178709,353,1.1892861428551804,0.048831333168192215,1.3576043256591541,-0.04011395808431106,0.45325779036827196,1.3303224179846052,0.35694050991501414
0.9,12,shallow,0.5,1.5,1.0,12,0.022171242241514764,299,1.2495656040150223,0.048824611156236264,1.3473574715534349,-0.04041345193299406,0.4414715719063545,1.402962547827506,0.4214046822742475
0.95,12,shallow,0.5,1.5,1.0,12,0.022171242241514764,299,1.2495656040150223,0.048824611156236264,1.3473574715534349,-0.04041345193299406,0.4414715719063545,1.402962547827506,0.4214046822742475
0.85,11,base,0.5,2.5,1.0,6,0.022967702564092134,292,1.2170766024756483,0.04881549188914169,1.258250509175938,-0.04326735319854591,0.4041095890410959,1.6489867001972665,0.1643835616438356
0.85,11,base,0.7,2.5,0.5,12,0.03218380161661132,369,1.3442404160591532,0.04868398185849676,0.9610294829966066,-0.05649578492313623,0.22764227642276422,3.8044602838205215,0.16260162601626016
0.9,12,base,0.8,2.0,1.5,12,0.03553384163128094,238,1.2780497585925026,0.04855763827870363,0.8780735087098795,-0.061672330716550094,0.47058823529411764,1.2478157458893302,0.35294117647058826
0.95,12,base,0.8,2.0,1.5,12,0.03553384163128094,238,1.2780497585925026,0.04855763827870363,0.8780735087098795,-0.061672330716550094,0.47058823529411764,1.2478157458893302,0.35294117647058826
0.8,10,base,0.4,2.5,2.0,12,0.018576634829056745,165,1.4719115216957246,0.0484833329609653,0.969385050024165,-0.05577737538146876,0.509090909090909,1.1093601974811969,0.2727272727272727
0.85,11,deep_slow,0.8,4.0,1.5,24,0.04023212551971341,155,1.5599783175204982,0.04842640449445512,0.5788935816324445,-0.09329192837079048,0.36129032258064514,1.9908411217463449,0.1935483870967742
0.9,12,deep_slow,0.4,2.5,1.0,24,0.019103795708262847,195,1.4627475376786385,0.04825837008546552,0.7651904066741552,-0.070333096941819,0.3333333333333333,2.2856123935055543,0.28205128205128205
0.95,12,deep_slow,0.4,2.5,1.0,24,0.019103795708262847,195,1.4627475376786385,0.04825837008546552,0.7651904066741552,-0.070333096941819,0.3333333333333333,2.2856123935055543,0.28205128205128205
0.8,10,shallow,0.5,3.0,0.5,24,0.02225569419366929,286,1.5786985110822065,0.04819253352672748,1.102790763613987,-0.04873508073020971,0.1853146853146853,5.031897370605375,0.16083916083916083
0.85,11,shallow,0.8,3.0,1.0,24,0.04206355121771392,219,1.511817129096137,0.04817901177626127,0.7185885103101222,-0.07477085570477737,0.3059360730593607,2.5243022127515418,0.2328767123287671
0.9,12,shallow,0.6,2.0,0.5,12,0.02729219059178709,358,1.37848156101239,0.048157769991456156,1.0965956367198624,-0.04897495939247176,0.24860335195530725,3.4119213032391604,0.21508379888268156
0.95,12,shallow,0.6,2.0,0.5,12,0.02729219059178709,358,1.37848156101239,0.048157769991456156,1.0965956367198624,-0.04897495939247176,0.24860335195530725,3.4119213032391604,0.21508379888268156
0.9,12,deep_slow,0.8,2.5,1.5,24,0.03478537134288336,190,1.2853933291475148,0.04807266639044738,0.6483563062629035,-0.08268689618924707,0.41578947368421054,1.5505382148124245,0.3473684210526316
0.95,12,deep_slow,0.8,2.5,1.5,24,0.03478537134288336,190,1.2853933291475148,0.04807266639044738,0.6483563062629035,-0.08268689618924707,0.41578947368421054,1.5505382148124245,0.3473684210526316
0.85,11,deep_slow,0.5,2.5,1.0,24,0.02084289794941308,225,1.2762242456905313,0.048062801123618826,0.6593527792720096,-0.0812911414968166,0.3288888888888889,2.285449655964786,0.28
0.9,12,shallow,0.7,1.5,1.0,12,0.033289881212306936,329,1.1913298267708952,0.04785028379112921,1.0824215930638077,-0.0492986505450268,0.44376899696048633,1.3883239429748857,0.4133738601823708
0.95,12,shallow,0.7,1.5,1.0,12,0.033289881212306936,329,1.1913298267708952,0.04785028379112921,1.0824215930638077,-0.0492986505450268,0.44376899696048633,1.3883239429748857,0.4133738601823708
0.85,11,shallow,0.7,2.5,1.0,12,0.03422839379787348,265,1.213521295665126,0.04779956757278847,0.8057212949823416,-0.06615838385579942,0.3622641509433962,1.9539244489473127,0.23018867924528302
0.85,11,deep_slow,0.6,2.5,1.0,24,0.02660926817449534,227,1.2917944250840676,0.04771917890185473,0.783582485114556,-0.06791287302621851,0.3303964757709251,2.270187470409085,0.2775330396475771
0.85,11,base,0.7,3.0,0.75,12,0.03218380161661132,286,1.439572729270621,0.04738927624221456,0.7274096561854912,-0.07265024348860527,0.2692307692307692,3.026114644212798,0.16783216783216784
0.85,11,base,0.6,3.0,0.75,12,0.02743703889797145,276,1.4608794291224954,0.04732503240930375,0.7725437680149128,-0.06831284417534456,0.27898550724637683,2.8898532207909855,0.17028985507246377
0.9,12,deep_slow,0.4,1.5,1.0,6,0.019103795708262847,308,1.2064703186409358,0.04728893118427391,0.9766172668985392,-0.05399689495548421,0.4675324675324675,1.2696761262727811,0.3538961038961039
0.95,12,deep_slow,0.4,1.5,1.0,6,0.019103795708262847,308,1.2064703186409358,0.04728893118427391,0.9766172668985392,-0.05399689495548421,0.4675324675324675,1.2696761262727811,0.3538961038961039
0.9,12,deep_slow,0.7,1.5,0.5,24,0.03039343375568873,459,1.1871326175122898,0.047223386192341676,1.0649243756636522,-0.049450478022817546,0.289760348583878,2.7240865381972137,0.289760348583878
0.95,12,deep_slow,0.7,1.5,0.5,24,0.03039343375568873,459,1.1871326175122898,0.047223386192341676,1.0649243756636522,-0.049450478022817546,0.289760348583878,2.7240865381972137,0.289760348583878
0.85,11,deep_slow,0.5,1.5,0.5,12,0.02084289794941308,398,1.2742844435581688,0.047159247571795904,1.816301981807032,-0.028954057349413365,0.2964824120603015,2.6518869074023446,0.2889447236180904
0.85,11,base,0.8,2.5,1.5,12,0.037861802141293005,225,1.2147262777598438,0.047080793273377664,0.5946986860542044,-0.08828268982291188,0.43555555555555553,1.433114949227293,0.2577777777777778
0.85,11,deep_slow,0.7,4.0,1.0,24,0.032567944659426015,184,1.677727363621018,0.04697136281667924,0.7355137790003101,-0.07121451539906298,0.27717391304347827,2.9536618812944977,0.15760869565217392
0.8,10,base,0.7,1.5,0.5,12,0.034786761033208866,467,1.1779866740538183,0.04687666722436412,1.131426641712831,-0.04620130702599379,0.2955032119914347,2.645944594738136,0.284796573875803
0.9,12,base,0.6,3.0,0.5,24,0.024507847669689414,297,1.5448242249981492,0.04680200992976369,0.8067111186136147,-0.06469468922931843,0.18181818181818182,5.083182845816961,0.16161616161616163
0.95,12,base,0.6,3.0,0.5,24,0.024507847669689414,297,1.5448242249981492,0.04680200992976369,0.8067111186136147,-0.06469468922931843,0.18181818181818182,5.083182845816961,0.16161616161616163
0.9,12,deep_slow,0.4,2.5,1.0,6,0.019103795708262847,265,1.280656127421671,0.04678832759118934,0.866660019839541,-0.06020195643666426,0.4075471698113208,1.6306519021011123,0.16226415094339622
0.95,12,deep_slow,0.4,2.5,1.0,6,0.019103795708262847,265,1.280656127421671,0.04678832759118934,0.866660019839541,-0.06020195643666426,0.4075471698113208,1.6306519021011123,0.16226415094339622
0.9,12,deep_slow,0.6,4.0,2.5,24,0.026488612559532297,105,1.775709711970439,0.04660401995695196,0.8655339739177884,-0.06004222050553176,0.5047619047619047,1.1327866171753083,0.23809523809523808
0.95,12,deep_slow,0.6,4.0,2.5,24,0.026488612559532297,105,1.775709711970439,0.04660401995695196,0.8655339739177884,-0.06004222050553176,0.5047619047619047,1.1327866171753083,0.23809523809523808
0.85,11,deep_slow,0.8,3.0,0.75,24,0.04023212551971341,253,1.4438907739698605,0.04648539956215436,0.7613483376545194,-0.06808443576876055,0.2450592885375494,3.4415459430415187,0.1976284584980237
0.9,12,shallow,0.5,3.0,2.0,24,0.022171242241514764,128,1.6101444964843212,0.046475824028244794,0.7824406970695594,-0.06623539323726435,0.453125,1.3774120525644955,0.3125
0.95,12,shallow,0.5,3.0,2.0,24,0.022171242241514764,128,1.6101444964843212,0.046475824028244794,0.7824406970695594,-0.06623539323726435,0.453125,1.3774120525644955,0.3125
0.8,10,shallow,0.6,1.5,1.0,12,0.0281987593635591,323,1.1436408820673298,0.04641203468834254,0.8562127551061302,-0.06044520532002717,0.43343653250773995,1.43125632975915,0.4148606811145511
0.9,12,deep_slow,0.4,3.0,2.0,12,0.019103795708262847,158,1.524269637542094,0.04640664580707887,0.7878829255223617,-0.0656797219228672,0.4810126582278481,1.2275466452196517,0.23417721518987342
0.95,12,deep_slow,0.4,3.0,2.0,12,0.019103795708262847,158,1.524269637542094,0.04640664580707887,0.7878829255223617,-0.0656797219228672,0.4810126582278481,1.2275466452196517,0.23417721518987342
0.8,10,base,0.7,2.5,1.0,6,0.034786761033208866,325,1.1338542386809767,0.046380606570869176,0.8531482145267666,-0.0606211452010782,0.40307692307692305,1.6368111912323933,0.15692307692307692
0.9,12,deep_slow,0.7,2.5,1.0,24,0.03039343375568873,240,1.1908259661940515,0.046323081413775835,0.5378157736108774,-0.09604499598206184,0.32083333333333336,2.327910360691276,0.275
0.95,12,deep_slow,0.7,2.5,1.0,24,0.03039343375568873,240,1.1908259661940515,0.046323081413775835,0.5378157736108774,-0.09604499598206184,0.32083333333333336,2.327910360691276,0.275
0.8,10,base,0.6,1.5,0.75,12,0.028890652717152483,366,1.1696018370527919,0.04628758730431248,1.3856761423708626,-0.037248844227522615,0.3797814207650273,1.810070684285626,0.366120218579235
0.9,12,base,0.6,1.5,0.5,24,0.024507847669689414,423,1.2280729331977236,0.046250168051829244,1.3020245572537774,-0.03960985488934399,0.28841607565011823,2.7667450568563905,0.28841607565011823
0.95,12,base,0.6,1.5,0.5,24,0.024507847669689414,423,1.2280729331977236,0.046250168051829244,1.3020245572537774,-0.03960985488934399,0.28841607565011823,2.7667450568563905,0.28841607565011823
0.9,12,deep_slow,0.4,3.0,2.5,24,0.019103795708262847,117,1.6698821190489153,0.04622632258555459,0.7601202892786131,-0.06781340760233101,0.5213675213675214,1.0531891269269542,0.3504273504273504
0.95,12,deep_slow,0.4,3.0,2.5,24,0.019103795708262847,117,1.6698821190489153,0.04622632258555459,0.7601202892786131,-0.06781340760233101,0.5213675213675214,1.0531891269269542,0.3504273504273504
0.9,12,deep_slow,0.6,2.0,1.0,12,0.026488612559532297,270,1.2081619973538158,0.04620543490511686,0.5896147461529041,-0.08738417267170062,0.3851851851851852,1.7939750907585987,0.3
0.95,12,deep_slow,0.6,2.0,1.0,12,0.026488612559532297,270,1.2081619973538158,0.04620543490511686,0.5896147461529041,-0.08738417267170062,0.3851851851851852,1.7939750907585987,0.3
0.8,10,base,0.6,2.5,2.0,12,0.028890652717152483,181,1.3146823101884761,0.04618511056299246,0.8778969274480852,-0.05866323797726858,0.48066298342541436,1.2132669666736244,0.27624309392265195
0.9,12,shallow,0.6,2.5,0.75,6,0.02729219059178709,332,1.24617963338882,0.046130776942946206,1.1152997843990515,-0.046121713851959956,0.3493975903614458,2.0676528548814335,0.1566265060240964
0.95,12,shallow,0.6,2.5,0.75,6,0.02729219059178709,332,1.24617963338882,0.046130776942946206,1.1152997843990515,-0.046121713851959956,0.3493975903614458,2.0676528548814335,0.1566265060240964
0.8,10,base,0.5,2.0,1.0,12,0.023983485622980496,256,1.237324067083155,0.04612591125385146,1.0960741396394806,-0.046925747429608866,0.3828125,1.7939564870663347,0.3203125
0.9,12,base,0.5,3.0,1.5,24,0.020354141462207622,154,1.5888554779671775,0.046107243592887315,0.6528937190719085,-0.07874670638128256,0.4025974025974026,1.661819232472739,0.2857142857142857
0.95,12,base,0.5,3.0,1.5,24,0.020354141462207622,154,1.5888554779671775,0.046107243592887315,0.6528937190719085,-0.07874670638128256,0.4025974025974026,1.661819232472739,0.2857142857142857
0.85,11,base,0.6,1.5,0.5,24,0.02743703889797145,438,1.1946285923331816,0.046060958284745546,1.2093381519255268,-0.04247074200700529,0.2922374429223744,2.699653640590963,0.2922374429223744
0.8,10,deep_slow,0.4,2.5,2.0,12,0.02012685895493155,170,1.2981744881765038,0.04601712942720293,0.9037327252028744,-0.05677839489954051,0.5058823529411764,1.1052999109243016,0.2823529411764706
0.8,10,shallow,0.5,3.0,2.5,24,0.02225569419366929,123,1.6186062460604074,0.045981723035042554,0.7641157558664367,-0.06710097715120289,0.4959349593495935,1.1573425310247314,0.34959349593495936
0.9,12,deep_slow,0.5,4.0,2.5,24,0.02263787441816482,102,1.8871875127474327,0.04589833259574583,0.7960888353916096,-0.06428892439350697,0.4803921568627451,1.249161896240303,0.23529411764705882
0.95,12,deep_slow,0.5,4.0,2.5,24,0.02263787441816482,102,1.8871875127474327,0.04589833259574583,0.7960888353916096,-0.06428892439350697,0.4803921568627451,1.249161896240303,0.23529411764705882
0.9,12,base,0.8,4.0,1.5,24,0.03553384163128094,149,1.4988819524537569,0.04583618589953997,0.6994766257046734,-0.07306923811397259,0.3624161073825503,1.9760937410051287,0.19463087248322147
0.95,12,base,0.8,4.0,1.5,24,0.03553384163128094,149,1.4988819524537569,0.04583618589953997,0.6994766257046734,-0.07306923811397259,0.3624161073825503,1.9760937410051287,0.19463087248322147
0.85,11,deep_slow,0.8,2.5,1.0,12,0.04023212551971341,276,1.135437646708684,0.045810037222260735,0.7859353455498932,-0.06499388809297924,0.35144927536231885,2.0307586386555125,0.2318840579710145
0.9,12,shallow,0.6,3.0,2.0,24,0.02729219059178709,133,1.584145243042954,0.04580335861528395,0.6807452209752205,-0.07502590789525743,0.45864661654135336,1.340631905759535,0.3007518796992481
0.95,12,shallow,0.6,3.0,2.0,24,0.02729219059178709,133,1.584145243042954,0.04580335861528395,0.6807452209752205,-0.07502590789525743,0.45864661654135336,1.340631905759535,0.3007518796992481
0.85,11,base,0.4,2.5,1.5,6,0.018069504979977443,237,1.2022545057624454,0.04579712212009879,1.548087648486068,-0.03298686406310636,0.48523206751054854,1.1920166640463896,0.18565400843881857
0.8,10,base,0.4,2.5,1.0,24,0.018576634829056745,201,1.3441309404637265,0.04576606020203711,0.8743694447502022,-0.05836415579936571,0.3333333333333333,2.2601931988754966,0.2885572139303483
0.8,10,shallow,0.5,2.5,1.5,24,0.02225569419366929,175,1.2623097618897468,0.0457390659036383,0.7521464162934639,-0.06780815294255538,0.4057142857142857,1.6187506325019292,0.35428571428571426
0.85,11,base,0.8,3.0,2.0,12,0.037861802141293005,185,1.4616781584528453,0.045698667452118924,0.7147163747958732,-0.0712961144357862,0.4864864864864865,1.1799095664427077,0.22162162162162163
0.9,12,deep_slow,0.8,2.5,1.5,12,0.03478537134288336,227,1.128244533248224,0.0456607501367281,0.6092103289789846,-0.08357395289912462,0.44052863436123346,1.3974958800131856,0.2555066079295154
0.95,12,deep_slow,0.8,2.5,1.5,12,0.03478537134288336,227,1.128244533248224,0.0456607501367281,0.6092103289789846,-0.08357395289912462,0.44052863436123346,1.3974958800131856,0.2555066079295154
0.85,11,base,0.4,1.5,0.5,12,0.018069504979977443,357,1.3312094733035302,0.04555293659963944,1.720296839638256,-0.029526066619686597,0.29971988795518206,2.634721548040573,0.2969187675070028
0.9,12,shallow,0.4,4.0,1.0,24,0.01727300411761307,150,1.790408418508037,0.04544231616827976,0.9709167571009408,-0.05218773527119491,0.31333333333333335,2.558017534234379,0.15333333333333332
0.95,12,shallow,0.4,4.0,1.0,24,0.01727300411761307,150,1.790408418508037,0.04544231616827976,0.9709167571009408,-0.05218773527119491,0.31333333333333335,2.558017534234379,0.15333333333333332
0.9,12,shallow,0.7,3.0,1.0,24,0.033289881212306936,203,1.5503578497224624,0.04536490590253006,0.8163782686925971,-0.061960759722583636,0.30049261083743845,2.59458206826139,0.22167487684729065
0.95,12,shallow,0.7,3.0,1.0,24,0.033289881212306936,203,1.5503578497224624,0.04536490590253006,0.8163782686925971,-0.061960759722583636,0.30049261083743845,2.59458206826139,0.22167487684729065
0.85,11,shallow,0.6,3.0,1.0,12,0.026722697488877702,242,1.3261775739470802,0.04533776093555297,0.8884552441820366,-0.056899968451580185,0.33884297520661155,2.167214143124756,0.1859504132231405
0.85,11,shallow,0.5,2.5,1.0,24,0.021430229292638114,214,1.2499461832769037,0.0453087547458646,0.7113147946905728,-0.07102432424839156,0.3317757009345794,2.2592227037621213,0.2757009345794392
0.8,10,shallow,0.5,4.0,1.0,24,0.02225569419366929,165,1.8037157569269688,0.04529610613267332,0.93492713172397,-0.054021872381619485,0.28484848484848485,2.8684288767158543,0.15757575757575756
0.9,12,deep_slow,0.6,2.0,1.5,24,0.026488612559532297,197,1.2263524999380424,0.04524700592652442,0.5485243942556289,-0.0919770049491293,0.4365482233502538,1.42763238599706,0.4263959390862944
0.95,12,deep_slow,0.6,2.0,1.5,24,0.026488612559532297,197,1.2263524999380424,0.04524700592652442,0.5485243942556289,-0.0919770049491293,0.4365482233502538,1.42763238599706,0.4263959390862944
0.85,11,deep_slow,0.4,2.0,0.5,24,0.015505342952291496,315,1.343100777469371,0.045134794715869786,1.9653694969364757,-0.025606484961607667,0.24126984126984127,3.559866858164972,0.23809523809523808
0.85,11,deep_slow,0.6,2.5,0.75,12,0.02660926817449534,286,1.1750559542231227,0.04507369201319311,0.8914646343552536,-0.056376780778182534,0.2937062937062937,2.669080175322585,0.2062937062937063
0.8,10,base,0.5,1.5,1.0,12,0.023983485622980496,303,1.1531841637927125,0.045060641329870865,1.3433375519895772,-0.03740185681865216,0.43564356435643564,1.421550308604205,0.42574257425742573
0.9,12,deep_slow,0.4,2.5,1.5,24,0.019103795708262847,163,1.3404204128417319,0.04504101537235017,0.7421733250642273,-0.06766799625208397,0.4049079754601227,1.6350311585679178,0.3496932515337423
0.95,12,deep_slow,0.4,2.5,1.5,24,0.019103795708262847,163,1.3404204128417319,0.04504101537235017,0.7421733250642273,-0.06766799625208397,0.4049079754601227,1.6350311585679178,0.3496932515337423
0.9,12,shallow,0.4,4.0,2.5,24,0.01727300411761307,97,1.931669670960549,0.045033113975770256,0.825104453298258,-0.06085599195425617,0.4948453608247423,1.1819084619508056,0.24742268041237114
0.95,12,shallow,0.4,4.0,2.5,24,0.01727300411761307,97,1.931669670960549,0.045033113975770256,0.825104453298258,-0.06085599195425617,0.4948453608247423,1.1819084619508056,0.24742268041237114
0.85,11,shallow,0.5,2.5,1.5,24,0.021430229292638114,166,1.290566273949712,0.045001097385938715,0.7718497259062936,-0.0650084617945973,0.41566265060240964,1.5626659078485754,0.3373493975903614
0.9,12,deep_slow,0.6,1.5,0.5,12,0.026488612559532297,423,1.1802556705519909,0.04491516226837766,1.2141788702927023,-0.0412465669154759,0.2978723404255319,2.632010578155266,0.2860520094562648
0.95,12,deep_slow,0.6,1.5,0.5,12,0.026488612559532297,423,1.1802556705519909,0.04491516226837766,1.2141788702927023,-0.0412465669154759,0.2978723404255319,2.632010578155266,0.2860520094562648
0.85,11,deep_slow,0.6,2.5,2.0,12,0.02660926817449534,192,1.188231258487472,0.044913372543450514,0.8466258356866831,-0.059150934765356045,0.484375,1.182763755699561,0.296875
0.8,10,base,0.6,1.5,0.75,6,0.028890652717152483,392,1.1124433461267464,0.04489149384257862,1.4613244033068304,-0.03425266480212641,0.3903061224489796,1.727656781347621,0.32908163265306123
0.9,12,shallow,0.7,3.0,2.5,24,0.033289881212306936,121,1.6416460221950784,0.0448804343701823,0.7896371708409715,-0.06337327477332089,0.49586776859504134,1.159004642741864,0.35537190082644626
0.95,12,shallow,0.7,3.0,2.5,24,0.033289881212306936,121,1.6416460221950784,0.0448804343701823,0.7896371708409715,-0.06337327477332089,0.49586776859504134,1.159004642741864,0.35537190082644626
0.85,11,shallow,0.8,3.0,2.0,12,0.04206355121771392,189,1.3502147781681069,0.04486145150197407,0.8768276346883492,-0.05704733022331765,0.4973544973544973,1.1268143320979591,0.21164021164021163
0.9,12,deep_slow,0.6,2.0,0.5,12,0.026488612559532297,372,1.2378109373071635,0.04484272588427696,0.9607116447251162,-0.05204448775582937,0.25268817204301075,3.3450372500737386,0.21774193548387097
0.95,12,deep_slow,0.6,2.0,0.5,12,0.026488612559532297,372,1.2378109373071635,0.04484272588427696,0.9607116447251162,-0.05204448775582937,0.25268817204301075,3.3450372500737386,0.21774193548387097
0.8,10,shallow,0.8,2.5,2.0,12,0.04189406605295098,201,1.1282102329248838,0.04481262250782114,0.6014648727080936,-0.08307400868106574,0.4975124378109453,1.1129203817263613,0.2835820895522388
0.85,11,base,0.8,2.5,1.0,24,0.037861802141293005,250,1.1937722800565846,0.044726429729587736,0.5829470327585715,-0.08554766695908078,0.312,2.4052471671614275,0.288
0.8,10,base,0.5,3.0,1.0,24,0.023983485622980496,195,1.52273729745121,0.04471328598951452,1.0385572884712844,-0.048004157513540924,0.3128205128205128,2.4711715828506677,0.24102564102564103
0.85,11,base,0.4,1.5,0.5,24,0.018069504979977443,356,1.3057959394439878,0.04467348866169707,1.6855985604070054,-0.02955068122593707,0.29775280898876405,2.6536292688319487,0.29775280898876405
0.85,11,base,0.4,4.0,2.0,24,0.018069504979977443,114,1.7359395228406294,0.044605784643765745,0.6694702381430016,-0.07428995313093867,0.4473684210526316,1.4091268065723828,0.22807017543859648
0.9,12,shallow,0.5,1.5,1.0,24,0.022171242241514764,297,1.1381452496873234,0.04446604540707,1.0512722507818983,-0.04716069227034836,0.43097643097643096,1.450111104886777,0.4276094276094276
0.95,12,shallow,0.5,1.5,1.0,24,0.022171242241514764,297,1.1381452496873234,0.04446604540707,1.0512722507818983,-0.04716069227034836,0.43097643097643096,1.450111104886777,0.4276094276094276
0.85,11,deep_slow,0.6,2.5,0.75,24,0.02660926817449534,269,1.2188295505774462,0.04444066354632237,0.7612779165568562,-0.06508839566870095,0.26765799256505574,3.0395739996056017,0.24535315985130113
0.85,11,shallow,0.8,2.0,1.0,12,0.04206355121771392,295,1.100354857556811,0.0442329945240203,0.613404151277244,-0.08040091184971088,0.37966101694915255,1.80775111423126,0.30847457627118646
0.8,10,base,0.7,1.5,0.5,24,0.034786761033208866,462,1.1161505315381006,0.044209545685409024,1.129640843246128,-0.04363514800653656,0.29004329004329005,2.703453633590926,0.29004329004329005
0.9,12,deep_slow,0.4,2.5,2.0,24,0.019103795708262847,136,1.3768405060023312,0.044173732898189044,0.7558645988157854,-0.06515984378979334,0.4852941176470588,1.1980821359897122,0.3897058823529412
0.95,12,deep_slow,0.4,2.5,2.0,24,0.019103795708262847,136,1.3768405060023312,0.044173732898189044,0.7558645988157854,-0.06515984378979334,0.4852941176470588,1.1980821359897122,0.3897058823529412
0.9,12,deep_slow,0.6,3.0,2.5,24,0.026488612559532297,121,1.422100820570164,0.04414096262175016,0.8322102536137895,-0.05913817255669562,0.5454545454545454,0.9470795826990703,0.34710743801652894
0.95,12,deep_slow,0.6,3.0,2.5,24,0.026488612559532297,121,1.422100820570164,0.04414096262175016,0.8322102536137895,-0.05913817255669562,0.5454545454545454,0.9470795826990703,0.34710743801652894
0.8,10,base,0.6,3.0,1.0,24,0.028890652717152483,207,1.4190235067741088,0.044132886738866395,0.6881725215125509,-0.07150295322238909,0.30434782608695654,2.5244002085737396,0.2463768115942029
0.9,12,base,0.7,2.0,1.5,24,0.029700257367501218,205,1.1845323590573318,0.044129212392801875,0.7870420793244393,-0.06251541346604816,0.44878048780487806,1.348483654775793,0.43414634146341463
0.95,12,base,0.7,2.0,1.5,24,0.029700257367501218,205,1.1845323590573318,0.044129212392801875,0.7870420793244393,-0.06251541346604816,0.44878048780487806,1.348483654775793,0.43414634146341463
0.85,11,deep_slow,0.8,2.5,0.75,12,0.04023212551971341,307,1.145501808653737,0.0440748525008845,0.83333027756933,-0.0589700236680194,0.2996742671009772,2.575098727045893,0.20521172638436483
0.85,11,deep_slow,0.7,3.0,0.75,12,0.032567944659426015,270,1.4295394886843955,0.044033754763922905,0.7482932784536385,-0.06561006940559932,0.28888888888888886,2.7411787514493096,0.15925925925925927
0.9,12,deep_slow,0.6,1.5,0.5,24,0.026488612559532297,419,1.1627640214734891,0.0439968622618887,1.1894237949716469,-0.041242105610544644,0.2911694510739857,2.7129818219727344,0.2911694510739857
0.95,12,deep_slow,0.6,1.5,0.5,24,0.026488612559532297,419,1.1627640214734891,0.0439968622618887,1.1894237949716469,-0.041242105610544644,0.2911694510739857,2.7129818219727344,0.2911694510739857
0.9,12,deep_slow,0.5,3.0,2.5,24,0.02263787441816482,122,1.526847019570573,0.04398667814719959,0.7223684142234977,-0.06789189388534234,0.5245901639344263,1.025572865632201,0.3524590163934426
0.95,12,deep_slow,0.5,3.0,2.5,24,0.02263787441816482,122,1.526847019570573,0.04398667814719959,0.7223684142234977,-0.06789189388534234,0.5245901639344263,1.025572865632201,0.3524590163934426
0.8,10,shallow,0.5,3.0,2.5,12,0.02225569419366929,160,1.4757345662373083,0.04393395878816109,0.7158201061864222,-0.06843065584797858,0.5,1.1308467517387502,0.2125
0.85,11,deep_slow,0.4,1.5,1.0,12,0.015505342952291496,283,1.1754526389060023,0.04392471745407889,1.384603593031335,-0.03537020363460852,0.4452296819787986,1.3748006399062251,0.4275618374558304
0.85,11,deep_slow,0.4,2.0,0.5,12,0.015505342952291496,324,1.2967687455634085,0.043903978201796034,1.8398955697616548,-0.026605060245928458,0.25308641975308643,3.3258928465285424,0.22530864197530864
0.85,11,base,0.4,2.5,1.0,12,0.018069504979977443,221,1.2390294152720378,0.043898164909848436,1.2373292089337906,-0.03955619498564922,0.36199095022624433,1.9787342261289267,0.25339366515837103
0.8,10,shallow,0.6,2.0,1.5,24,0.0281987593635591,204,1.1638031078246256,0.04387846235462245,0.5989648627980412,-0.08167760518585376,0.4411764705882353,1.3920082179362816,0.43137254901960786
0.9,12,base,0.6,3.0,2.0,24,0.024507847669689414,136,1.436477620402281,0.04378851824525953,0.6087130173856032,-0.0802044508976415,0.47058823529411764,1.2668961271859929,0.3088235294117647
0.95,12,base,0.6,3.0,2.0,24,0.024507847669689414,136,1.436477620402281,0.04378851824525953,0.6087130173856032,-0.0802044508976415,0.47058823529411764,1.2668961271859929,0.3088235294117647
0.8,10,base,0.8,2.5,1.0,6,0.041557390516231536,338,1.044906138539918,0.04376113353562672,0.6658695281091215,-0.0732739464297949,0.3994082840236686,1.6478848691283594,0.15680473372781065
0.85,11,base,0.6,2.0,0.5,6,0.02743703889797145,413,1.2166203174663,0.043572909401498716,1.1316612734781117,-0.042928508917639996,0.27602905569007263,2.9228804457592186,0.17191283292978207
0.9,12,deep_slow,0.6,1.5,0.5,6,0.026488612559532297,447,1.1390527438700642,0.0435187206199652,1.3575819621406884,-0.035739993954500004,0.3221476510067114,2.342105095138841,0.26174496644295303
0.95,12,deep_slow,0.6,1.5,0.5,6,0.026488612559532297,447,1.1390527438700642,0.0435187206199652,1.3575819621406884,-0.035739993954500004,0.3221476510067114,2.342105095138841,0.26174496644295303
0.85,11,base,0.8,4.0,1.0,24,0.037861802141293005,196,1.435462765294159,0.04348595469370675,0.5541431119279021,-0.08749247606575616,0.2602040816326531,3.1384147604132093,0.15816326530612246
0.85,11,shallow,0.6,2.5,1.5,6,0.026722697488877702,275,1.0473692754714072,0.04347714645135148,0.8216342668979425,-0.058996455137467874,0.48,1.1871793973919451,0.1781818181818182
0.9,12,base,0.8,2.5,2.0,12,0.03553384163128094,199,1.1760103105145627,0.043437946759596224,0.6474212781788414,-0.07480399961325412,0.49246231155778897,1.132788019431073,0.2914572864321608
0.95,12,base,0.8,2.5,2.0,12,0.03553384163128094,199,1.1760103105145627,0.043437946759596224,0.6474212781788414,-0.07480399961325412,0.49246231155778897,1.132788019431073,0.2914572864321608
0.9,12,shallow,0.5,2.0,0.5,12,0.022171242241514764,345,1.2287292796787113,0.04337479131642663,1.3094310131041869,-0.03693140055676303,0.24347826086956523,3.4770423451244334,0.22028985507246376
0.95,12,shallow,0.5,2.0,0.5,12,0.022171242241514764,345,1.2287292796787113,0.04337479131642663,1.3094310131041869,-0.03693140055676303,0.24347826086956523,3.4770423451244334,0.22028985507246376
0.8,10,base,0.5,3.0,0.75,24,0.023983485622980496,227,1.4359910759097871,0.043367921755336214,1.1263744765698314,-0.04292661557613253,0.2511013215859031,3.348700862793507,0.21145374449339208
0.9,12,base,0.7,2.0,0.75,24,0.029700257367501218,313,1.137612537786855,0.043367359344393286,0.6500498189521452,-0.07438016936125769,0.3003194888178914,2.5918575848714984,0.2939297124600639
0.95,12,base,0.7,2.0,0.75,24,0.029700257367501218,313,1.137612537786855,0.043367359344393286,0.6500498189521452,-0.07438016936125769,0.3003194888178914,2.5918575848714984,0.2939297124600639
0.9,12,shallow,0.5,2.5,0.75,6,0.022171242241514764,311,1.1501027131490524,0.04335321696866501,1.1188205707798538,-0.043201753756773376,0.3536977491961415,2.026682082169945,0.17041800643086816
0.95,12,shallow,0.5,2.5,0.75,6,0.022171242241514764,311,1.1501027131490524,0.04335321696866501,1.1188205707798538,-0.043201753756773376,0.3536977491961415,2.026682082169945,0.17041800643086816
0.9,12,deep_slow,0.6,1.5,1.0,24,0.026488612559532297,306,1.1026545553439664,0.043286234085504915,0.9159546981143367,-0.05268836375439945,0.43137254901960786,1.4521114660780887,0.43137254901960786
0.95,12,deep_slow,0.6,1.5,1.0,24,0.026488612559532297,306,1.1026545553439664,0.043286234085504915,0.9159546981143367,-0.05268836375439945,0.43137254901960786,1.4521114660780887,0.43137254901960786
0.9,12,deep_slow,0.5,2.5,0.5,24,0.02263787441816482,311,1.2604083186601476,0.043177427378161104,0.7602504104809975,-0.0633193461768784,0.2057877813504823,4.333124371167471,0.18971061093247588
0.95,12,deep_slow,0.5,2.5,0.5,24,0.02263787441816482,311,1.2604083186601476,0.043177427378161104,0.7602504104809975,-0.0633193461768784,0.2057877813504823,4.333124371167471,0.18971061093247588
0.9,12,shallow,0.8,2.5,0.75,6,0.04167225887876418,369,1.1008029248365976,0.04309750540442714,0.8790850661803645,-0.054658241856358925,0.33604336043360433,2.1749335096747853,0.15447154471544716
0.95,12,shallow,0.8,2.5,0.75,6,0.04167225887876418,369,1.1008029248365976,0.04309750540442714,0.8790850661803645,-0.054658241856358925,0.33604336043360433,2.1749335096747853,0.15447154471544716
0.85,11,shallow,0.4,1.5,1.0,12,0.014641812176194218,279,1.1295796267168197,0.04292942991263082,1.1507219281073637,-0.041592514245906265,0.44086021505376344,1.3983831486413554,0.4121863799283154
0.85,11,base,0.8,2.5,0.75,6,0.037861802141293005,369,1.1075489683474684,0.04266110710862736,0.6979870697835333,-0.06814105014999361,0.34688346883468835,2.070379271672675,0.15176151761517614
0.9,12,shallow,0.6,3.0,2.5,12,0.02729219059178709,158,1.553055159722663,0.04261654215776889,0.6576884556431003,-0.07224054454238649,0.5316455696202531,0.9987536470937182,0.22151898734177214
0.95,12,shallow,0.6,3.0,2.5,12,0.02729219059178709,158,1.553055159722663,0.04261654215776889,0.6576884556431003,-0.07224054454238649,0.5316455696202531,0.9987536470937182,0.22151898734177214
0.8,10,shallow,0.8,3.0,2.0,12,0.04189406605295098,187,1.2480554386763596,0.04253456997491556,0.6244864946483885,-0.07593466343865474,0.49732620320855614,1.120630930415975,0.20320855614973263
0.8,10,base,0.5,2.5,0.5,24,0.023983485622980496,320,1.2620803159819312,0.04251249029654769,1.0844133591646472,-0.043706118558657026,0.203125,4.3790914895681246,0.19375
0.8,10,shallow,0.7,2.5,0.75,6,0.034650808039162956,361,1.0732004373034947,0.04240945227298254,0.7703915761222611,-0.06137185449207705,0.3462603878116344,2.0630065171219685,0.1523545706371191
0.85,11,shallow,0.5,2.5,1.5,6,0.021430229292638114,261,1.0547186516217724,0.042369764892770334,0.7808916891166942,-0.06048983786203843,0.47509578544061304,1.2152382506716268,0.17624521072796934
0.85,11,shallow,0.5,1.5,0.5,24,0.021430229292638114,398,1.1613980639942507,0.042367529769751,1.3843839074830775,-0.03411879740089141,0.2864321608040201,2.7529740439288863,0.2864321608040201
0.9,12,base,0.7,2.0,0.75,6,0.029700257367501218,365,1.0642189729011293,0.04225771131529399,0.9336908482076577,-0.0504565298446793,0.3643835616438356,1.922709901819969,0.19726027397260273
0.95,12,base,0.7,2.0,0.75,6,0.029700257367501218,365,1.0642189729011293,0.04225771131529399,0.9336908482076577,-0.0504565298446793,0.3643835616438356,1.922709901819969,0.19726027397260273
0.8,10,base,0.5,3.0,1.0,12,0.023983485622980496,225,1.2620407402683833,0.04221961843578548,0.8245372396809648,-0.057084425391523363,0.3466666666666667,2.0909322691693335,0.17777777777777778
0.8,10,base,0.6,2.5,0.5,24,0.028890652717152483,330,1.2426703291256591,0.042217282660931055,1.0122267933287576,-0.04649711391154032,0.20606060606060606,4.262889209544715,0.19393939393939394
0.9,12,base,0.7,4.0,1.5,24,0.029700257367501218,150,1.3708942843395133,0.042205390595285275,0.6697897389456828,-0.07024941325325851,0.35333333333333333,2.0297897656719375,0.2
0.95,12,base,0.7,4.0,1.5,24,0.029700257367501218,150,1.3708942843395133,0.042205390595285275,0.6697897389456828,-0.07024941325325851,0.35333333333333333,2.0297897656719375,0.2
0.9,12,shallow,0.6,1.5,0.5,6,0.02729219059178709,434,1.1217615763910285,0.04220125776355532,1.33109629614563,-0.03534508977597017,0.31105990783410137,2.440457901964426,0.25806451612903225
0.95,12,shallow,0.6,1.5,0.5,6,0.02729219059178709,434,1.1217615763910285,0.04220125776355532,1.33109629614563,-0.03534508977597017,0.31105990783410137,2.440457901964426,0.25806451612903225
0.9,12,deep_slow,0.7,3.0,0.5,24,0.03039343375568873,319,1.3229071271389545,0.042193644815794684,0.760710047088871,-0.06183592746413191,0.18181818181818182,4.984117381910007,0.15673981191222572
0.95,12,deep_slow,0.7,3.0,0.5,24,0.03039343375568873,319,1.3229071271389545,0.042193644815794684,0.760710047088871,-0.06183592746413191,0.18181818181818182,4.984117381910007,0.15673981191222572
0.8,10,base,0.6,3.0,2.0,12,0.028890652717152483,173,1.3040530994739779,0.042173255847612,0.7301112624812465,-0.06439625147251182,0.4797687861271676,1.2110795811484405,0.21965317919075145
0.9,12,base,0.7,2.0,0.5,24,0.029700257367501218,382,1.1398172019289494,0.042125174652016595,0.866904661559352,-0.05417285700094843,0.23036649214659685,3.733240115576626,0.23036649214659685
0.95,12,base,0.7,2.0,0.5,24,0.029700257367501218,382,1.1398172019289494,0.042125174652016595,0.866904661559352,-0.05417285700094843,0.23036649214659685,3.733240115576626,0.23036649214659685
0.9,12,shallow,0.5,2.5,2.0,6,0.022171242241514764,244,1.0966293667612501,0.04200256546417158,0.6705354030883163,-0.06983329905302504,0.4959016393442623,1.1199664784704118,0.19262295081967212
0.95,12,shallow,0.5,2.5,2.0,6,0.022171242241514764,244,1.0966293667612501,0.04200256546417158,0.6705354030883163,-0.06983329905302504,0.4959016393442623,1.1199664784704118,0.19262295081967212
0.9,12,base,0.6,2.0,0.5,6,0.024507847669689414,410,1.1205685614808725,0.04195181633966438,0.8877325938833278,-0.05268364972310713,0.275609756097561,2.930829452372817,0.16341463414634147
0.95,12,base,0.6,2.0,0.5,6,0.024507847669689414,410,1.1205685614808725,0.04195181633966438,0.8877325938833278,-0.05268364972310713,0.275609756097561,2.930829452372817,0.16341463414634147
0.8,10,shallow,0.6,2.5,0.75,24,0.0281987593635591,274,1.1628420214222326,0.04189471855074989,0.6065004659205071,-0.07700767899049565,0.2664233576642336,3.0354752269754814,0.24452554744525548
0.85,11,deep_slow,0.8,2.5,1.5,6,0.04023212551971341,296,0.9860004903491641,0.04188031411011672,0.551405084067451,-0.08467295530495822,0.4594594594594595,1.2757392697336134,0.16891891891891891
0.85,11,deep_slow,0.7,2.5,1.5,12,0.032567944659426015,218,1.074439425951211,0.04185291990789963,0.6565776866497475,-0.0710631650808351,0.44495412844036697,1.366653475859446,0.26605504587155965
0.85,11,base,0.8,3.0,1.0,12,0.037861802141293005,257,1.2010340482388158,0.041738783235202526,0.5904827006330958,-0.07880155740604033,0.3424124513618677,2.1065183080922205,0.17509727626459143
0.9,12,shallow,0.4,3.0,2.5,24,0.01727300411761307,110,1.5312498187600188,0.041735770832556085,0.734669977190492,-0.06333128064236404,0.5,1.137829140003075,0.35454545454545455
0.95,12,shallow,0.4,3.0,2.5,24,0.01727300411761307,110,1.5312498187600188,0.041735770832556085,0.734669977190492,-0.06333128064236404,0.5,1.137829140003075,0.35454545454545455
0.9,12,shallow,0.5,2.0,0.5,24,0.022171242241514764,334,1.1928178016295214,0.041721279519879584,1.273996216268678,-0.0365082705668891,0.23353293413173654,3.6604256936645094,0.23353293413173654
0.95,12,shallow,0.5,2.0,0.5,24,0.022171242241514764,334,1.1928178016295214,0.041721279519879584,1.273996216268678,-0.0365082705668891,0.23353293413173654,3.6604256936645094,0.23353293413173654
0.85,11,shallow,0.5,4.0,1.0,24,0.021430229292638114,170,1.5219523277817883,0.04163348190522176,0.7385572951201622,-0.0628431921408209,0.29411764705882354,2.7110503906724306,0.15294117647058825
0.8,10,shallow,0.4,3.0,1.0,24,0.016624676068168656,189,1.34311067845977,0.04160208421275047,0.7327820570412575,-0.06329059999420317,0.31216931216931215,2.4702780119944783,0.23809523809523808
0.8,10,base,0.5,3.0,2.5,12,0.023983485622980496,156,1.4238357986958423,0.04146733855380402,0.8306438262574347,-0.055652806902782515,0.48717948717948717,1.1861071207148681,0.23717948717948717
0.85,11,deep_slow,0.4,1.5,0.75,24,0.015505342952291496,309,1.1403612161771988,0.04139101779021437,1.360227210901144,-0.0339225575434563,0.37540453074433655,1.8344190521133723,0.37540453074433655
0.8,10,base,0.7,3.0,1.0,12,0.034786761033208866,252,1.1579690940645062,0.04138399098452039,0.5781081879594621,-0.07980259689638769,0.3492063492063492,2.043885371569318,0.17857142857142858
0.85,11,base,0.4,1.5,1.0,24,0.018069504979977443,269,1.1132972243374553,0.04125110541123411,1.787777019958502,-0.025722481267518416,0.43866171003717475,1.406859192426815,0.43866171003717475
0.9,12,shallow,0.5,2.5,0.5,24,0.022171242241514764,310,1.2208032291259356,0.04121331712040366,1.0994487728660136,-0.04178806813380542,0.2032258064516129,4.3817886660397525,0.1935483870967742
0.95,12,shallow,0.5,2.5,0.5,24,0.022171242241514764,310,1.2208032291259356,0.04121331712040366,1.0994487728660136,-0.04178806813380542,0.2032258064516129,4.3817886660397525,0.1935483870967742
0.9,12,deep_slow,0.7,4.0,1.0,24,0.03039343375568873,193,1.3956209368169852,0.04121267762504166,0.5354358055198577,-0.08580510539806796,0.2694300518134715,2.98755248910033,0.15544041450777202
0.95,12,deep_slow,0.7,4.0,1.0,24,0.03039343375568873,193,1.3956209368169852,0.04121267762504166,0.5354358055198577,-0.08580510539806796,0.2694300518134715,2.98755248910033,0.15544041450777202
0.8,10,shallow,0.6,1.5,1.0,6,0.0281987593635591,351,0.9999774562600244,0.04110123244193442,0.750869556053515,-0.06102073149504428,0.45584045584045585,1.2988275865229182,0.33903133903133903
0.85,11,deep_slow,0.6,2.0,0.75,6,0.02660926817449534,354,1.0108786958637919,0.0410250964593839,0.8898630284451062,-0.05139391489215417,0.3587570621468927,1.95599401994526,0.2062146892655367
0.9,12,deep_slow,0.8,2.0,1.5,24,0.03478537134288336,210,1.093509639677193,0.041017133125001104,0.5470407245922585,-0.08358545442993326,0.44285714285714284,1.3716188446371014,0.4238095238095238
0.95,12,deep_slow,0.8,2.0,1.5,24,0.03478537134288336,210,1.093509639677193,0.041017133125001104,0.5470407245922585,-0.08358545442993326,0.44285714285714284,1.3716188446371014,0.4238095238095238
0.85,11,shallow,0.4,1.5,0.5,24,0.014641812176194218,360,1.1843408360851644,0.04087882192389625,1.6068319714988155,-0.02836022599643806,0.28888888888888886,2.738577571606471,0.28888888888888886
0.9,12,deep_slow,0.7,3.0,2.5,24,0.03039343375568873,125,1.332807303158965,0.04087118367425435,0.7674597418069006,-0.05936674136376807,0.52,1.0375217142957804,0.336
0.95,12,deep_slow,0.7,3.0,2.5,24,0.03039343375568873,125,1.332807303158965,0.04087118367425435,0.7674597418069006,-0.05936674136376807,0.52,1.0375217142957804,0.336
0.85,11,shallow,0.5,2.0,1.5,24,0.021430229292638114,183,1.1753107186072955,0.04082951235187382,0.8509793102749514,-0.05348546809241017,0.44808743169398907,1.3581427154446053,0.4262295081967213
0.9,12,base,0.7,2.5,2.0,24,0.029700257367501218,154,1.1929426833124754,0.040819577226269166,0.6440498130473787,-0.07065280642094307,0.487012987012987,1.1605184093546574,0.3961038961038961
0.95,12,base,0.7,2.5,2.0,24,0.029700257367501218,154,1.1929426833124754,0.040819577226269166,0.6440498130473787,-0.07065280642094307,0.487012987012987,1.1605184093546574,0.3961038961038961
0.85,11,deep_slow,0.6,2.0,0.5,24,0.02660926817449534,376,1.1041268183395874,0.040763782758620914,1.1057118755488824,-0.04109713555684502,0.23138297872340424,3.6500073512666424,0.23138297872340424
0.8,10,shallow,0.4,3.0,0.75,24,0.016624676068168656,217,1.328971032340159,0.0405896123817342,0.9385029847005811,-0.04821189010827076,0.2534562211981567,3.299578173585343,0.2073732718894009
0.85,11,base,0.7,2.0,0.5,24,0.03218380161661132,384,1.1314944303604202,0.04055762506327065,0.830744643001891,-0.054422579075133704,0.22916666666666666,3.7412977520671604,0.22916666666666666
0.9,12,shallow,0.7,2.5,1.5,24,0.033289881212306936,191,1.1381154505353697,0.040554084342307783,0.5171679302758178,-0.08741321268480795,0.39790575916230364,1.6509387485378884,0.33507853403141363
0.95,12,shallow,0.7,2.5,1.5,24,0.033289881212306936,191,1.1381154505353697,0.040554084342307783,0.5171679302758178,-0.08741321268480795,0.39790575916230364,1.6509387485378884,0.33507853403141363
0.85,11,shallow,0.6,3.0,0.75,12,0.026722697488877702,273,1.277544454289026,0.040491024397100395,0.8146202315069316,-0.05540846808617983,0.2673992673992674,3.0187654730821865,0.16483516483516483
0.85,11,shallow,0.6,3.0,2.5,12,0.026722697488877702,162,1.3137191981163865,0.040468798372866654,0.5794255214493397,-0.0778564740660379,0.5,1.1120039831156354,0.24074074074074073
0.8,10,base,0.6,1.5,0.5,6,0.028890652717152483,448,1.0674539150549822,0.040417351318844386,1.234833139000708,-0.03648634783548099,0.3080357142857143,2.4805822196797407,0.265625
0.8,10,shallow,0.8,2.5,1.0,12,0.04189406605295098,280,1.0160758580752254,0.040382962999103045,0.5099057863338754,-0.08828323619256118,0.35,2.016385888424196,0.2357142857142857
0.9,12,shallow,0.5,1.5,0.5,6,0.022171242241514764,408,1.0769617286851103,0.0403353692891768,1.6653383567551927,-0.02699929511067256,0.3088235294117647,2.469336135031424,0.2622549019607843
0.95,12,shallow,0.5,1.5,0.5,6,0.022171242241514764,408,1.0769617286851103,0.0403353692891768,1.6653383567551927,-0.02699929511067256,0.3088235294117647,2.469336135031424,0.2622549019607843
0.8,10,shallow,0.7,3.0,0.5,24,0.034650808039162956,311,1.3347659376100351,0.04031494839249672,0.6871091142546484,-0.06540467428328711,0.18006430868167203,5.059803307133181,0.1607717041800643
0.9,12,shallow,0.6,2.5,2.0,6,0.02729219059178709,254,1.0570381975732739,0.040251842481141775,0.5547807327820833,-0.08087816401248327,0.49606299212598426,1.1123701779067177,0.17716535433070865
0.95,12,shallow,0.6,2.5,2.0,6,0.02729219059178709,254,1.0570381975732739,0.040251842481141775,0.5547807327820833,-0.08087816401248327,0.49606299212598426,1.1123701779067177,0.17716535433070865
0.85,11,shallow,0.6,4.0,1.0,24,0.026722697488877702,185,1.3849091083211582,0.040228289078116486,0.7354221046291971,-0.060976320300939246,0.2810810810810811,2.82205414112132,0.15135135135135136
0.85,11,base,0.7,1.5,1.0,12,0.03218380161661132,350,0.949603589535391,0.040224970476948174,0.7006380356505095,-0.06399827595934282,0.43142857142857144,1.4286688858181569,0.4114285714285714
0.8,10,base,0.6,3.0,0.75,12,0.028890652717152483,269,1.1992199835489472,0.04020924318756114,0.8094855569899502,-0.055371038883524015,0.275092936802974,2.900611300666832,0.17100371747211895
0.9,12,base,0.6,4.0,1.5,24,0.024507847669689414,146,1.3226102668957578,0.04020519880190432,0.6181357861237704,-0.07250435743183159,0.363013698630137,1.946429323038269,0.19863013698630136
0.95,12,base,0.6,4.0,1.5,24,0.024507847669689414,146,1.3226102668957578,0.04020519880190432,0.6181357861237704,-0.07250435743183159,0.363013698630137,1.946429323038269,0.19863013698630136
0.85,11,deep_slow,0.7,2.0,1.5,12,0.032567944659426015,237,0.9977218599140297,0.0401897101313724,0.5935518188705883,-0.0754782195386886,0.47257383966244726,1.2136957222588947,0.3628691983122363
0.8,10,base,0.7,2.0,1.0,12,0.034786761033208866,291,1.01540427113954,0.04008486222820107,0.5531252650548628,-0.08078297103479459,0.3848797250859107,1.7587079547652995,0.30927835051546393
0.9,12,base,0.7,2.5,1.0,6,0.029700257367501218,320,1.0074120985098718,0.03997809248159534,0.6994025588331668,-0.06371698791347846,0.403125,1.6179718163535421,0.1625
0.95,12,base,0.7,2.5,1.0,6,0.029700257367501218,320,1.0074120985098718,0.03997809248159534,0.6994025588331668,-0.06371698791347846,0.403125,1.6179718163535421,0.1625
0.85,11,base,0.6,2.5,1.5,6,0.02743703889797145,278,0.9917186123209784,0.03994391701219557,0.6115426925535454,-0.0728087279547801,0.4712230215827338,1.2181311142756548,0.1906474820143885
0.8,10,shallow,0.5,3.0,0.75,24,0.02225569419366929,230,1.3044527287811944,0.039942901693377,0.7515199961002355,-0.059245943571357595,0.24782608695652175,3.3707664151607153,0.20434782608695654
0.8,10,shallow,0.6,3.0,0.75,24,0.0281987593635591,246,1.2790227902196398,0.039908482327726924,0.5768068341189928,-0.07712471052199388,0.24390243902439024,3.4253505295058106,0.2032520325203252
0.85,11,shallow,0.5,1.5,0.5,12,0.021430229292638114,400,1.0911231116727125,0.03987436638513464,1.3124070498471674,-0.03386750173801778,0.29,2.690470090325107,0.2825
0.8,10,base,0.7,2.0,0.5,12,0.034786761033208866,406,1.091345848829493,0.03982694169445811,0.8505984138398226,-0.05219263031244836,0.2512315270935961,3.3037853355577695,0.21674876847290642
0.85,11,deep_slow,0.7,2.0,0.75,6,0.032567944659426015,369,0.9830469747248118,0.03976225857453186,0.761052831561639,-0.058238676457537664,0.36585365853658536,1.885469743451184,0.2032520325203252
0.8,10,shallow,0.6,3.0,2.5,24,0.0281987593635591,125,1.3372587112160301,0.03966635970778731,0.6034165029743704,-0.07327539039013242,0.52,1.0306578322507103,0.344
0.9,12,deep_slow,0.7,1.5,1.0,12,0.03039343375568873,346,0.9451460061743345,0.03964671988013113,0.6026483956640657,-0.07333237819191185,0.430635838150289,1.4347105645903873,0.4046242774566474
0.95,12,deep_slow,0.7,1.5,1.0,12,0.03039343375568873,346,0.9451460061743345,0.03964671988013113,0.6026483956640657,-0.07333237819191185,0.430635838150289,1.4347105645903873,0.4046242774566474
0.8,10,shallow,0.6,3.0,1.0,12,0.0281987593635591,238,1.2149945047032666,0.039646164216311064,0.5409341721715487,-0.08169759206716443,0.3487394957983193,2.05651464939735,0.1638655462184874
0.9,12,base,0.7,2.5,0.75,24,0.029700257367501218,280,1.1024614573802287,0.03962136717336584,0.5639097683105715,-0.07831983231183304,0.2642857142857143,3.0376194766463143,0.2392857142857143
0.95,12,base,0.7,2.5,0.75,24,0.029700257367501218,280,1.1024614573802287,0.03962136717336584,0.5639097683105715,-0.07831983231183304,0.2642857142857143,3.0376194766463143,0.2392857142857143
0.9,12,base,0.4,3.0,2.5,24,0.01632796766513659,116,1.5484169401271466,0.039599418633861294,0.6495852618191836,-0.06795228029290046,0.5258620689655172,1.0138808623196274,0.3620689655172414
0.95,12,base,0.4,3.0,2.5,24,0.01632796766513659,116,1.5484169401271466,0.039599418633861294,0.6495852618191836,-0.06795228029290046,0.5258620689655172,1.0138808623196274,0.3620689655172414
0.9,12,deep_slow,0.5,2.5,1.0,24,0.02263787441816482,211,1.128741675151859,0.03945441901804014,0.5200489771604544,-0.08456669302927367,0.32701421800947866,2.277388911214007,0.27488151658767773
0.95,12,deep_slow,0.5,2.5,1.0,24,0.02263787441816482,211,1.128741675151859,0.03945441901804014,0.5200489771604544,-0.08456669302927367,0.32701421800947866,2.277388911214007,0.27488151658767773
0.85,11,deep_slow,0.8,4.0,2.0,24,0.04023212551971341,130,1.3158737929636777,0.03943924867032722,0.42715178136567983,-0.10291862901501159,0.43846153846153846,1.4295750157303933,0.2
0.85,11,deep_slow,0.5,4.0,1.5,24,0.02084289794941308,140,1.396449030574035,0.03943717130177449,0.5443390933452161,-0.08075766681498509,0.38571428571428573,1.792642501181531,0.17857142857142858
0.85,11,base,0.6,1.5,0.5,6,0.02743703889797145,459,1.0166065148981283,0.039415869576779006,1.0651568207567903,-0.04124816045815716,0.3115468409586057,2.4302104169555006,0.2636165577342048
0.85,11,shallow,0.7,2.5,2.0,12,0.03422839379787348,189,1.0820419595393764,0.039301456205577345,0.5503058219715774,-0.07960655699638597,0.4708994708994709,1.2312397004214164,0.2804232804232804
0.8,10,base,0.8,2.5,2.0,12,0.041557390516231536,199,1.0273441735724271,0.03920514959098309,0.612975658195933,-0.0712921814298818,0.507537688442211,1.056601643174815,0.2914572864321608
0.85,11,base,0.5,1.5,0.5,24,0.022967702564092134,400,1.0801900646043805,0.03919688826785461,1.1313659477303046,-0.038618047157844226,0.29,2.6849863535785317,0.29
0.8,10,base,0.5,2.5,0.75,6,0.023983485622980496,314,1.0790295437827067,0.03918857352010563,1.148250441170494,-0.03804209776226597,0.3375796178343949,2.1560443798656186,0.1592356687898089
0.9,12,base,0.5,4.0,2.5,24,0.020354141462207622,103,1.7005035200451546,0.03915746051947644,0.659728065999746,-0.06615922999876966,0.5048543689320388,1.1077204282475193,0.24271844660194175
0.95,12,base,0.5,4.0,2.5,24,0.020354141462207622,103,1.7005035200451546,0.03915746051947644,0.659728065999746,-0.06615922999876966,0.5048543689320388,1.1077204282475193,0.24271844660194175
0.8,10,shallow,0.6,2.5,1.5,24,0.0281987593635591,187,1.0493948728404614,0.0391095775972814,0.5651806750012439,-0.07713217301615682,0.40641711229946526,1.5794874325145296,0.3582887700534759
0.85,11,base,0.4,2.0,1.5,12,0.018069504979977443,193,1.1985141756128883,0.03907920035009682,0.9067045532291945,-0.04804175839896807,0.48186528497409326,1.1952595117650877,0.35233160621761656
0.85,11,base,0.6,2.0,0.5,24,0.02743703889797145,365,1.1386644540295248,0.03906902158199732,0.8603618072463337,-0.050616276406022176,0.2328767123287671,3.6723355459265834,0.2328767123287671
0.9,12,shallow,0.7,3.0,1.0,12,0.033289881212306936,238,1.1647479613501828,0.0389693480280513,0.8552798131006724,-0.050786856169024674,0.3445378151260504,2.087576277388354,0.18067226890756302
0.95,12,shallow,0.7,3.0,1.0,12,0.033289881212306936,238,1.1647479613501828,0.0389693480280513,0.8552798131006724,-0.050786856169024674,0.3445378151260504,2.087576277388354,0.18067226890756302
0.85,11,deep_slow,0.4,2.0,1.5,12,0.015505342952291496,204,1.103275739922514,0.03894720238942351,0.8048507237655737,-0.05393824522407331,0.47058823529411764,1.2368328299230125,0.3627450980392157
0.85,11,base,0.5,2.0,0.5,12,0.022967702564092134,348,1.1675993485943312,0.038905913618299204,0.9507377340052497,-0.04561312114461513,0.25,3.3162793798465966,0.22126436781609196
0.85,11,shallow,0.4,1.5,1.0,24,0.014641812176194218,277,1.0211984034546968,0.03888985576735715,0.8996399857298955,-0.048183917216551464,0.4259927797833935,1.4701362975171142,0.4223826714801444
0.85,11,shallow,0.7,3.0,1.0,24,0.03422839379787348,213,1.250207812337209,0.03885512544316261,0.595913578326218,-0.07267729084873509,0.3051643192488263,2.484725616641444,0.22535211267605634
0.85,11,base,0.7,1.5,0.5,6,0.03218380161661132,480,0.9790385166049321,0.0387962139486695,0.8289014139782769,-0.0521697505705383,0.30833333333333335,2.4520413170395567,0.2604166666666667
0.9,12,base,0.7,2.5,0.75,12,0.029700257367501218,302,1.0513653357313764,0.0387118843550156,0.5521031634181174,-0.0781545678766209,0.2947019867549669,2.6102765630451548,0.2052980132450331
0.95,12,base,0.7,2.5,0.75,12,0.029700257367501218,302,1.0513653357313764,0.0387118843550156,0.5521031634181174,-0.0781545678766209,0.2947019867549669,2.6102765630451548,0.2052980132450331
0.9,12,base,0.5,2.0,0.5,12,0.020354141462207622,349,1.154935117192936,0.038682032709138614,0.7340496454432274,-0.0587372263605197,0.24355300859598855,3.4384686730265375,0.21203438395415472
0.95,12,base,0.5,2.0,0.5,12,0.020354141462207622,349,1.154935117192936,0.038682032709138614,0.7340496454432274,-0.0587372263605197,0.24355300859598855,3.4384686730265375,0.21203438395415472
0.8,10,base,0.6,2.0,0.5,12,0.028890652717152483,374,1.0998764505095038,0.03859020814507108,0.9998277717927682,-0.04302088319116992,0.25133689839572193,3.3192585218455135,0.2192513368983957
0.9,12,shallow,0.7,2.5,1.5,6,0.033289881212306936,280,0.9567561897214653,0.038572453731131606,0.527228109333245,-0.08154656736570876,0.46785714285714286,1.2295892068798018,0.17857142857142858
0.95,12,shallow,0.7,2.5,1.5,6,0.033289881212306936,280,0.9567561897214653,0.038572453731131606,0.527228109333245,-0.08154656736570876,0.46785714285714286,1.2295892068798018,0.17857142857142858
0.9,12,base,0.5,2.5,0.5,24,0.020354141462207622,319,1.1564281966143342,0.03854186129195325,0.6540005689499263,-0.06568720832414132,0.19435736677115986,4.590178453943143,0.19122257053291536
0.95,12,base,0.5,2.5,0.5,24,0.020354141462207622,319,1.1564281966143342,0.03854186129195325,0.6540005689499263,-0.06568720832414132,0.19435736677115986,4.590178453943143,0.19122257053291536
0.8,10,base,0.5,2.0,1.0,24,0.023983485622980496,239,1.0660598617289896,0.03852909991274345,0.9799914298979839,-0.043822033773216695,0.36401673640167365,1.9122737106449281,0.3598326359832636
0.8,10,base,0.5,2.5,1.0,24,0.023983485622980496,219,1.0621714887271945,0.03839582182238899,0.7133711604836545,-0.05999170340744375,0.3242009132420091,2.2874242127073154,0.2876712328767123
0.8,10,base,0.6,1.5,0.75,24,0.028890652717152483,360,0.9788554456910059,0.03838793645924632,1.1119521907450092,-0.03847966113794399,0.37222222222222223,1.8411653846924692,0.37222222222222223
0.85,11,deep_slow,0.5,2.5,0.75,12,0.02084289794941308,283,1.0195426483382672,0.0382895786130899,0.9117318525604657,-0.0468094681018969,0.28975265017667845,2.67834601969632,0.21201413427561838
0.85,11,shallow,0.6,2.5,0.75,12,0.026722697488877702,293,1.039829466892647,0.038263390540492326,0.6339596345794442,-0.06727310426400546,0.2935153583617747,2.627658105267442,0.20136518771331058
0.9,12,base,0.5,4.0,2.0,24,0.020354141462207622,113,1.6045420776498263,0.038177370417781686,0.6378250890258823,-0.0667147697711723,0.4778761061946903,1.2415165156292598,0.22123893805309736
0.95,12,base,0.5,4.0,2.0,24,0.020354141462207622,113,1.6045420776498263,0.038177370417781686,0.6378250890258823,-0.0667147697711723,0.4778761061946903,1.2415165156292598,0.22123893805309736
0.8,10,base,0.5,1.5,0.75,6,0.023983485622980496,362,0.976703903942955,0.03803407306643125,1.1827004673602666,-0.03584365080216878,0.38950276243093923,1.7032767286810584,0.32320441988950277
0.9,12,shallow,0.5,4.0,2.0,24,0.022171242241514764,115,1.4900403578290036,0.03796139172958446,0.5762063761158582,-0.07343050364036163,0.45217391304347826,1.3583769999051294,0.20869565217391303
0.95,12,shallow,0.5,4.0,2.0,24,0.022171242241514764,115,1.4900403578290036,0.03796139172958446,0.5762063761158582,-0.07343050364036163,0.45217391304347826,1.3583769999051294,0.20869565217391303
0.9,12,shallow,0.7,2.5,2.0,6,0.033289881212306936,264,0.910947505803082,0.03792339438107595,0.4638619317801235,-0.09112341911297395,0.49242424242424243,1.1147994377217885,0.1856060606060606
0.95,12,shallow,0.7,2.5,2.0,6,0.033289881212306936,264,0.910947505803082,0.03792339438107595,0.4638619317801235,-0.09112341911297395,0.49242424242424243,1.1147994377217885,0.1856060606060606
0.9,12,shallow,0.7,1.5,1.0,24,0.033289881212306936,321,0.9581966926001699,0.03789731548788122,0.7617338524585805,-0.0554518585591528,0.42679127725856697,1.458970040425541,0.42679127725856697
0.95,12,shallow,0.7,1.5,1.0,24,0.033289881212306936,321,0.9581966926001699,0.03789731548788122,0.7617338524585805,-0.0554518585591528,0.42679127725856697,1.458970040425541,0.42679127725856697
0.9,12,base,0.7,1.5,0.5,12,0.029700257367501218,454,0.9674762875384044,0.037873938853537625,0.9255698155194625,-0.045608065402049425,0.28854625550660795,2.696354746722019,0.27973568281938327
0.95,12,base,0.7,1.5,0.5,12,0.029700257367501218,454,0.9674762875384044,0.037873938853537625,0.9255698155194625,-0.045608065402049425,0.28854625550660795,2.696354746722019,0.27973568281938327
0.9,12,deep_slow,0.5,2.5,2.0,24,0.02263787441816482,141,1.112977726020901,0.03787214982849241,0.6292185843583393,-0.06708551143502028,0.48226950354609927,1.1874430645412508,0.3829787234042553
0.95,12,deep_slow,0.5,2.5,2.0,24,0.02263787441816482,141,1.112977726020901,0.03787214982849241,0.6292185843583393,-0.06708551143502028,0.48226950354609927,1.1874430645412508,0.3829787234042553
0.8,10,shallow,0.4,2.5,1.0,6,0.016624676068168656,265,1.0372996152555096,0.037869927741517984,0.7994058890671394,-0.05280042252260064,0.41132075471698115,1.5743297868049657,0.1509433962264151
0.85,11,base,0.7,1.5,1.0,6,0.03218380161661132,381,0.8690414169270361,0.0377958190728378,0.727907776225459,-0.05787298777464567,0.44881889763779526,1.3286540311002524,0.33858267716535434
0.85,11,deep_slow,0.6,2.0,0.75,12,0.02660926817449534,312,0.987000231407507,0.03776322107037844,0.7504430877226955,-0.056086584721407484,0.3173076923076923,2.338093810683643,0.2692307692307692
0.85,11,deep_slow,0.6,3.0,0.5,24,0.02660926817449534,302,1.2211693907962295,0.03761351931799739,0.8686807995356796,-0.04826006604733646,0.18543046357615894,4.862575171867351,0.15894039735099338
0.85,11,base,0.7,1.5,1.0,24,0.03218380161661132,338,0.8985319128230981,0.037512730588296295,0.6553286259556432,-0.06380009196530889,0.4230769230769231,1.4726651090178389,0.4230769230769231
0.8,10,shallow,0.5,2.5,0.75,24,0.02225569419366929,264,1.035734847050486,0.037303798793891785,0.7427388600108753,-0.05597752686804647,0.26515151515151514,3.0280889281357175,0.2537878787878788
0.9,12,deep_slow,0.6,1.0,0.75,12,0.026488612559532297,448,0.9242423671766986,0.037293150954652576,0.8750177111969548,-0.04750165880500379,0.46651785714285715,1.2371232840758193,0.46651785714285715
0.9,12,deep_slow,0.6,1.0,0.75,24,0.026488612559532297,448,0.9242423671766986,0.037293150954652576,0.8750177111969548,-0.04750165880500379,0.46651785714285715,1.2371232840758193,0.46651785714285715
0.95,12,deep_slow,0.6,1.0,0.75,12,0.026488612559532297,448,0.9242423671766986,0.037293150954652576,0.8750177111969548,-0.04750165880500379,0.46651785714285715,1.2371232840758193,0.46651785714285715
0.95,12,deep_slow,0.6,1.0,0.75,24,0.026488612559532297,448,0.9242423671766986,0.037293150954652576,0.8750177111969548,-0.04750165880500379,0.46651785714285715,1.2371232840758193,0.46651785714285715
0.85,11,deep_slow,0.4,3.0,0.5,24,0.015505342952291496,262,1.3059615045697712,0.03727661321920506,1.0752358848384962,-0.03863926389957073,0.18702290076335878,4.874134004780858,0.16793893129770993
0.8,10,shallow,0.5,1.5,1.0,6,0.02225569419366929,325,0.9555011410338975,0.03727538448890799,1.010941662001247,-0.04109529995856254,0.4553846153846154,1.297834400601281,0.3446153846153846
0.8,10,base,0.6,2.0,1.0,6,0.028890652717152483,314,0.9670802394760052,0.037233236298175765,0.6311620748238483,-0.06574837233037978,0.42356687898089174,1.486438387448479,0.2197452229299363
0.9,12,shallow,0.8,2.5,1.0,6,0.04167225887876418,332,0.9218933098869606,0.037202059218603756,0.65150721897443,-0.06364175098521385,0.4126506024096386,1.5426463709873834,0.1536144578313253
0.95,12,shallow,0.8,2.5,1.0,6,0.04167225887876418,332,0.9218933098869606,0.037202059218603756,0.65150721897443,-0.06364175098521385,0.4126506024096386,1.5426463709873834,0.1536144578313253
0.9,12,base,0.5,3.0,2.5,12,0.020354141462207622,154,1.3582822925106237,0.03709491709281987,0.550179001113169,-0.0751453681737212,0.5,1.1094174278985554,0.23376623376623376
0.95,12,base,0.5,3.0,2.5,12,0.020354141462207622,154,1.3582822925106237,0.03709491709281987,0.550179001113169,-0.0751453681737212,0.5,1.1094174278985554,0.23376623376623376
0.9,12,base,0.5,2.0,1.0,12,0.020354141462207622,260,1.0285332850739264,0.03708597848531525,0.484676978564145,-0.08528034718290267,0.38076923076923075,1.7733267824255852,0.3038461538461538
0.95,12,base,0.5,2.0,1.0,12,0.020354141462207622,260,1.0285332850739264,0.03708597848531525,0.484676978564145,-0.08528034718290267,0.38076923076923075,1.7733267824255852,0.3038461538461538
0.85,11,deep_slow,0.6,2.5,1.0,12,0.02660926817449534,253,0.962925385364154,0.03707784509327694,0.7397478754051808,-0.05586273249339668,0.35177865612648224,2.0035497069070844,0.233201581027668
0.8,10,base,0.5,2.5,1.0,12,0.023983485622980496,241,1.0083861260682994,0.03696016260470203,0.7365049142113657,-0.05593026010375057,0.34854771784232363,2.0390753503449583,0.24481327800829875
0.9,12,deep_slow,0.4,2.0,1.0,12,0.019103795708262847,238,1.064601514591598,0.03693524256334202,0.5734541439721724,-0.0717844341911098,0.37815126050420167,1.8054692275380397,0.3067226890756303
0.95,12,deep_slow,0.4,2.0,1.0,12,0.019103795708262847,238,1.064601514591598,0.03693524256334202,0.5734541439721724,-0.0717844341911098,0.37815126050420167,1.8054692275380397,0.3067226890756303
0.9,12,deep_slow,0.6,2.0,0.5,24,0.026488612559532297,359,1.0365019743370114,0.0369349521385447,0.7606839018286404,-0.05411545692104214,0.233983286908078,3.633663456549554,0.233983286908078
0.95,12,deep_slow,0.6,2.0,0.5,24,0.026488612559532297,359,1.0365019743370114,0.0369349521385447,0.7606839018286404,-0.05411545692104214,0.233983286908078,3.633663456549554,0.233983286908078
0.9,12,base,0.5,4.0,1.5,24,0.020354141462207622,137,1.4023088638706496,0.036832896802120985,0.5621894305975228,-0.07301948826054949,0.3795620437956204,1.8187749670252862,0.1897810218978102
0.95,12,base,0.5,4.0,1.5,24,0.020354141462207622,137,1.4023088638706496,0.036832896802120985,0.5621894305975228,-0.07301948826054949,0.3795620437956204,1.8187749670252862,0.1897810218978102
0.85,11,deep_slow,0.7,2.5,2.0,24,0.032567944659426015,155,1.0241893981798564,0.03682846873452705,0.5982743542602065,-0.068607051478213,0.4838709677419355,1.1661928644513504,0.3870967741935484
0.9,12,shallow,0.4,3.0,0.5,24,0.01727300411761307,257,1.2484392678863137,0.036807911950682115,1.1313800934935343,-0.036259151641165,0.1867704280155642,4.888254369118611,0.15953307392996108
0.95,12,shallow,0.4,3.0,0.5,24,0.01727300411761307,257,1.2484392678863137,0.036807911950682115,1.1313800934935343,-0.036259151641165,0.1867704280155642,4.888254369118611,0.15953307392996108
0.85,11,shallow,0.6,2.0,1.0,24,0.026722697488877702,252,0.9858847436588128,0.03679501115402606,0.6167223975258949,-0.06649422079913359,0.35714285714285715,1.9824436883739804,0.34523809523809523
0.85,11,deep_slow,0.5,2.0,0.5,24,0.02084289794941308,352,1.0453045744814156,0.036700181670981546,1.2732254851827656,-0.03212516128499676,0.23295454545454544,3.604037042336925,0.23295454545454544
0.9,12,deep_slow,0.6,2.5,0.5,24,0.026488612559532297,332,1.0342255508841638,0.03662406069206403,0.6027424324326401,-0.06771974933661595,0.19879518072289157,4.392246172619386,0.1897590361445783
0.95,12,deep_slow,0.6,2.5,0.5,24,0.026488612559532297,332,1.0342255508841638,0.03662406069206403,0.6027424324326401,-0.06771974933661595,0.19879518072289157,4.392246172619386,0.1897590361445783
0.85,11,shallow,0.6,2.5,0.75,24,0.026722697488877702,262,1.0507073819419523,0.03657069794781642,0.6211923700261395,-0.06561248385205498,0.27099236641221375,2.9248679547221275,0.24045801526717558
0.85,11,deep_slow,0.6,1.5,0.5,24,0.02660926817449534,440,0.9601767179890071,0.03656602598597325,0.9350816373394039,-0.04358203111789749,0.2818181818181818,2.7563132686707656,0.2818181818181818
0.9,12,shallow,0.4,2.0,1.0,24,0.01727300411761307,209,1.0987913531904254,0.036554879829511666,1.1526080225540598,-0.03534619658717275,0.37799043062200954,1.8154058021093418,0.36363636363636365
0.95,12,shallow,0.4,2.0,1.0,24,0.01727300411761307,209,1.0987913531904254,0.036554879829511666,1.1526080225540598,-0.03534619658717275,0.37799043062200954,1.8154058021093418,0.36363636363636365
0.8,10,shallow,0.6,2.5,1.5,6,0.0281987593635591,274,0.8926519274222375,0.03651197107224302,0.5860889423624447,-0.06943040449090965,0.4781021897810219,1.1778713825398448,0.18248175182481752
0.9,12,base,0.7,1.5,0.5,24,0.029700257367501218,451,0.934280875529409,0.036451165383823536,0.9404950106723998,-0.04319479511537738,0.2838137472283814,2.7516354543403336,0.2838137472283814
0.95,12,base,0.7,1.5,0.5,24,0.029700257367501218,451,0.934280875529409,0.036451165383823536,0.9404950106723998,-0.04319479511537738,0.2838137472283814,2.7516354543403336,0.2838137472283814
0.9,12,base,0.7,1.5,0.5,6,0.029700257367501218,476,0.927711132855182,0.03638739743357111,0.9167487913204285,-0.044235977283911154,0.3088235294117647,2.441980267237352,0.25210084033613445
0.95,12,base,0.7,1.5,0.5,6,0.029700257367501218,476,0.927711132855182,0.03638739743357111,0.9167487913204285,-0.044235977283911154,0.3088235294117647,2.441980267237352,0.25210084033613445
0.8,10,shallow,0.4,3.0,1.5,24,0.016624676068168656,153,1.1781149378906315,0.0363856064608814,0.5336882701801047,-0.07598308034091739,0.39215686274509803,1.6923230374994989,0.27450980392156865
0.85,11,deep_slow,0.5,1.5,0.5,6,0.02084289794941308,413,0.9799932518058511,0.03636397166312699,1.3863217969777735,-0.029233558201095966,0.3075060532687651,2.4564716463042697,0.25907990314769974
0.9,12,deep_slow,0.6,2.5,1.0,24,0.026488612559532297,230,0.9561260993482971,0.03636058168017953,0.4110770063613,-0.09857844805493177,0.30869565217391304,2.414714350625034,0.2782608695652174
0.95,12,deep_slow,0.6,2.5,1.0,24,0.026488612559532297,230,0.9561260993482971,0.03636058168017953,0.4110770063613,-0.09857844805493177,0.30869565217391304,2.414714350625034,0.2782608695652174
0.85,11,shallow,0.6,3.0,2.0,12,0.026722697488877702,178,1.1444799073717387,0.03634765720258559,0.6322384950739905,-0.06407218286459893,0.4606741573033708,1.2812599272898177,0.2303370786516854
0.8,10,shallow,0.5,2.0,1.0,12,0.02225569419366929,263,0.9693905268525066,0.03633696977723977,0.6958812995150464,-0.05819522064592786,0.3840304182509506,1.7435222146047291,0.3041825095057034
0.9,12,shallow,0.5,4.0,1.5,24,0.022171242241514764,140,1.312827134443064,0.036259770411590786,0.5205936149143436,-0.07762438128397664,0.36428571428571427,1.932532025108746,0.18571428571428572
0.95,12,shallow,0.5,4.0,1.5,24,0.022171242241514764,140,1.312827134443064,0.036259770411590786,0.5205936149143436,-0.07762438128397664,0.36428571428571427,1.932532025108746,0.18571428571428572
0.85,11,shallow,0.6,2.0,0.75,12,0.026722697488877702,312,0.9841434361193868,0.03625759850546695,0.7440995397695483,-0.05430500859344589,0.32051282051282054,2.329905367181187,0.27564102564102566
0.85,11,shallow,0.8,2.5,1.5,24,0.04206355121771392,191,0.9486215867982095,0.036200945547911756,0.44359408504323944,-0.09095041929803394,0.4083769633507853,1.5563126887981988,0.34554973821989526
0.9,12,shallow,0.6,2.5,0.5,24,0.02729219059178709,323,1.0669785230799245,0.03613100844733541,0.6518581257500083,-0.0617725987005342,0.2043343653250774,4.277165347885273,0.18885448916408668
0.95,12,shallow,0.6,2.5,0.5,24,0.02729219059178709,323,1.0669785230799245,0.03613100844733541,0.6518581257500083,-0.0617725987005342,0.2043343653250774,4.277165347885273,0.18885448916408668
0.85,11,shallow,0.6,2.0,0.75,24,0.026722697488877702,300,0.9896846026655987,0.03611169948738868,0.6738313879212403,-0.05972623008691391,0.3,2.565789187213157,0.2966666666666667
0.85,11,base,0.6,2.5,0.5,24,0.02743703889797145,334,1.0723360497599483,0.03608546246277777,0.7210475027155547,-0.0557745642542804,0.20059880239520958,4.3422078225810745,0.18862275449101795
0.85,11,base,0.7,3.0,1.0,24,0.03218380161661132,217,1.122803633104735,0.0358825236063558,0.5064148612639031,-0.0789658820886604,0.2903225806451613,2.641602645106264,0.2304147465437788
0.85,11,deep_slow,0.7,2.5,0.75,12,0.032567944659426015,290,0.9787927259054534,0.03583609999177195,0.6053736756216356,-0.06597190967954703,0.3,2.5362417561827706,0.2
0.9,12,deep_slow,0.7,1.5,0.5,6,0.03039343375568873,487,0.8978752126293116,0.03568221812850392,0.786550412841188,-0.05055725228101815,0.31211498973305957,2.393483304412529,0.25667351129363447
0.95,12,deep_slow,0.7,1.5,0.5,6,0.03039343375568873,487,0.8978752126293116,0.03568221812850392,0.786550412841188,-0.05055725228101815,0.31211498973305957,2.393483304412529,0.25667351129363447
0.85,11,shallow,0.4,1.5,0.5,12,0.014641812176194218,361,1.035856010962732,0.03563905907387954,1.3957529261392427,-0.028456064490557043,0.29085872576177285,2.6774315952686623,0.28254847645429365
0.9,12,base,0.7,2.0,1.5,12,0.029700257367501218,242,0.8961422549599435,0.035561641048808434,0.597754787083607,-0.06630007820246786,0.47520661157024796,1.1887748668214495,0.35537190082644626
0.95,12,base,0.7,2.0,1.5,12,0.029700257367501218,242,0.8961422549599435,0.035561641048808434,0.597754787083607,-0.06630007820246786,0.47520661157024796,1.1887748668214495,0.35537190082644626
0.9,12,shallow,0.8,2.5,0.5,12,0.04167225887876418,374,0.9785621938616286,0.03550605035493626,0.5640064509549853,-0.07015720492540078,0.22459893048128343,3.7586209349077024,0.15508021390374332
0.95,12,shallow,0.8,2.5,0.5,12,0.04167225887876418,374,0.9785621938616286,0.03550605035493626,0.5640064509549853,-0.07015720492540078,0.22459893048128343,3.7586209349077024,0.15508021390374332
0.9,12,base,0.8,2.5,1.0,6,0.03553384163128094,333,0.8715649551751359,0.035500997449877225,0.4960814516788026,-0.07975197204659745,0.3993993993993994,1.62308150613177,0.15915915915915915
0.95,12,base,0.8,2.5,1.0,6,0.03553384163128094,333,0.8715649551751359,0.035500997449877225,0.4960814516788026,-0.07975197204659745,0.3993993993993994,1.62308150613177,0.15915915915915915
0.85,11,shallow,0.6,2.5,1.5,12,0.026722697488877702,214,0.9139998396104458,0.035360519945549784,0.6012652537971626,-0.06553948922565878,0.4439252336448598,1.3552566561041077,0.2616822429906542
0.9,12,deep_slow,0.6,2.5,1.0,6,0.026488612559532297,305,0.8899257414673349,0.03535961916427133,0.5054245176559949,-0.07796537454457586,0.4065573770491803,1.5845488188703543,0.15081967213114755
0.95,12,deep_slow,0.6,2.5,1.0,6,0.026488612559532297,305,0.8899257414673349,0.03535961916427133,0.5054245176559949,-0.07796537454457586,0.4065573770491803,1.5845488188703543,0.15081967213114755
0.85,11,deep_slow,0.8,2.0,1.5,12,0.04023212551971341,250,0.8660461052486402,0.035264701362799356,0.5147620183124183,-0.07634523734966858,0.46,1.2583251856463789,0.36
0.9,12,shallow,0.6,1.5,0.75,6,0.02729219059178709,380,0.8883877156715405,0.0350693104776012,0.9829965367340017,-0.039757477068915636,0.3894736842105263,1.6882976862836003,0.3131578947368421
0.95,12,shallow,0.6,1.5,0.75,6,0.02729219059178709,380,0.8883877156715405,0.0350693104776012,0.9829965367340017,-0.039757477068915636,0.3894736842105263,1.6882976862836003,0.3131578947368421
0.9,12,deep_slow,0.8,2.5,2.0,12,0.03478537134288336,197,0.9309333024510745,0.03505507827830279,0.5473420479518969,-0.07137323260684691,0.47715736040609136,1.1854132491049754,0.29441624365482233
0.95,12,deep_slow,0.8,2.5,2.0,12,0.03478537134288336,197,0.9309333024510745,0.03505507827830279,0.5473420479518969,-0.07137323260684691,0.47715736040609136,1.1854132491049754,0.29441624365482233
0.85,11,base,0.6,2.5,1.0,24,0.02743703889797145,230,0.9685965773490534,0.0350395667291461,0.5462504775906959,-0.07148415152300214,0.3173913043478261,2.314081480989147,0.2782608695652174
0.85,11,deep_slow,0.6,1.5,0.5,12,0.02660926817449534,442,0.9179204032995678,0.03500192027108051,0.8928127894042429,-0.04368913438923905,0.2850678733031674,2.703902759372679,0.27828054298642535
0.8,10,deep_slow,0.7,2.5,2.0,12,0.03201506443356151,195,0.8970008883234559,0.03498511931349113,0.4473359761568338,-0.08715475849696253,0.49743589743589745,1.0934435874508242,0.27692307692307694
0.85,11,base,0.4,2.5,1.0,24,0.018069504979977443,195,1.0318990756727746,0.03496790705522512,0.7152047985229549,-0.054485429738035274,0.3384615384615385,2.151439502588984,0.2923076923076923
0.85,11,shallow,0.7,3.0,0.75,24,0.03422839379787348,248,1.1344512137571732,0.03484406626573633,0.49265382604936186,-0.07881795824415883,0.24193548387096775,3.3970375747634405,0.1975806451612903
0.9,12,deep_slow,0.6,2.5,1.0,12,0.026488612559532297,259,0.8989097452644477,0.03481511545020477,0.47612112421508584,-0.08148692107028688,0.3474903474903475,2.0285013223183515,0.23166023166023167
0.95,12,deep_slow,0.6,2.5,1.0,12,0.026488612559532297,259,0.8989097452644477,0.03481511545020477,0.47612112421508584,-0.08148692107028688,0.3474903474903475,2.0285013223183515,0.23166023166023167
0.8,10,base,0.5,4.0,2.0,24,0.023983485622980496,114,1.478059305142425,0.03481238765584371,0.5230864730357317,-0.07416479077840976,0.4473684210526316,1.363156334471872,0.21052631578947367
0.85,11,deep_slow,0.6,2.0,0.75,24,0.02660926817449534,309,0.906899690131713,0.034773281229282915,0.662146013638908,-0.05852324868411585,0.2977346278317152,2.543976563057447,0.29449838187702265
0.85,11,shallow,0.7,2.0,0.5,12,0.03422839379787348,396,0.9697443942444128,0.03464658721070024,0.9459295620561404,-0.0408164440048574,0.24242424242424243,3.429094981956702,0.21717171717171718
0.85,11,deep_slow,0.8,2.5,0.75,24,0.04023212551971341,283,0.948717829638563,0.034631452614800606,0.5444626160735501,-0.07088197077883174,0.26501766784452296,2.9908068354129687,0.24028268551236748
0.9,12,shallow,0.5,2.0,1.0,6,0.022171242241514764,296,0.9182929654852615,0.03459333155312727,0.7413998504642607,-0.051996262500568546,0.43243243243243246,1.420881206942898,0.22297297297297297
0.95,12,shallow,0.5,2.0,1.0,6,0.022171242241514764,296,0.9182929654852615,0.03459333155312727,0.7413998504642607,-0.051996262500568546,0.43243243243243246,1.420881206942898,0.22297297297297297
0.85,11,shallow,0.5,1.5,0.5,6,0.021430229292638114,415,0.9343754528305165,0.03451893822476415,1.1010781393798679,-0.03493572394658784,0.30120481927710846,2.519353108647543,0.25542168674698795
0.8,10,shallow,0.5,2.0,1.5,12,0.02225569419366929,216,0.9472254769267022,0.03450974653932226,0.7407425026647745,-0.05191642090858273,0.47685185185185186,1.1891049521567514,0.35185185185185186
0.85,11,deep_slow,0.4,2.5,1.0,12,0.015505342952291496,232,0.9479196281313983,0.03444089852336907,0.9465518282058714,-0.040546994936107805,0.36637931034482757,1.881240069680325,0.24568965517241378
0.85,11,base,0.5,1.5,1.0,12,0.022967702564092134,303,0.8711557571898386,0.03436071615238778,0.9774401533784808,-0.03917407202703982,0.42574257425742573,1.4492053496066297,0.4158415841584158
0.85,11,deep_slow,0.8,2.0,0.75,12,0.04023212551971341,336,0.8893088275267006,0.03431042480061963,0.5347659201711485,-0.07149700670637615,0.31845238095238093,2.326995425706545,0.26785714285714285
0.9,12,base,0.4,2.5,1.0,24,0.01632796766513659,200,1.0683024909358714,0.03422582510474026,0.46357010927526515,-0.08227387864809177,0.315,2.3856881575122735,0.275
0.95,12,base,0.4,2.5,1.0,24,0.01632796766513659,200,1.0683024909358714,0.03422582510474026,0.46357010927526515,-0.08227387864809177,0.315,2.3856881575122735,0.275
0.85,11,shallow,0.8,2.0,1.0,24,0.04206355121771392,278,0.8597844929835551,0.03421763295034608,0.43083766374304044,-0.08850332272941608,0.3489208633093525,2.0245013506719443,0.34532374100719426
0.9,12,deep_slow,0.8,4.0,1.5,24,0.03478537134288336,154,1.0962392617602401,0.034167499504043075,0.4240009761913884,-0.08979836300045896,0.35714285714285715,1.9569207516623734,0.18831168831168832
0.95,12,deep_slow,0.8,4.0,1.5,24,0.03478537134288336,154,1.0962392617602401,0.034167499504043075,0.4240009761913884,-0.08979836300045896,0.35714285714285715,1.9569207516623734,0.18831168831168832
0.85,11,shallow,0.6,2.5,1.5,24,0.026722697488877702,183,0.9385498514956828,0.034064505938179,0.5262984450293702,-0.07212563186361332,0.3989071038251366,1.616229287893753,0.33879781420765026
0.85,11,deep_slow,0.4,1.5,0.75,6,0.015505342952291496,325,0.9263972893811651,0.034049258765147306,1.0684069488467938,-0.03551323356807434,0.40615384615384614,1.5895940944922535,0.3261538461538461
0.8,10,base,0.7,1.5,0.75,6,0.034786761033208866,422,0.8033299073779945,0.03399330114654142,0.8509643632048994,-0.04451433541395511,0.3862559241706161,1.70945068352465,0.31990521327014215
0.85,11,base,0.5,1.5,0.5,12,0.022967702564092134,401,0.9392272184393391,0.03395712541783791,0.9765969727161461,-0.03874651150334252,0.29177057356608477,2.630747306674038,0.28428927680798005
0.9,12,shallow,0.4,1.5,0.5,24,0.01727300411761307,347,1.026485016246367,0.033927133411321586,1.1504299001397318,-0.03286270838686001,0.2910662824207493,2.6729202421442038,0.2910662824207493
0.95,12,shallow,0.4,1.5,0.5,24,0.01727300411761307,347,1.026485016246367,0.033927133411321586,1.1504299001397318,-0.03286270838686001,0.2910662824207493,2.6729202421442038,0.2910662824207493
0.85,11,deep_slow,0.7,2.5,1.5,24,0.032567944659426015,184,0.9342851976086746,0.03392339729817451,0.4793103623883312,-0.07886762784839729,0.4076086956521739,1.5590973954884702,0.3423913043478261
0.85,11,base,0.4,3.0,1.5,12,0.018069504979977443,176,1.1410131664105776,0.03391834577541597,0.650659176535675,-0.05808944692971585,0.4375,1.4142671325202656,0.2159090909090909
0.85,11,deep_slow,0.6,2.0,1.5,12,0.02660926817449534,230,0.8398232132221736,0.03388249195716142,0.5952576733808103,-0.06342867274684594,0.4652173913043478,1.2365355468481254,0.3565217391304348
0.8,10,deep_slow,0.8,2.0,1.5,12,0.03652372924092767,247,0.8558140001100546,0.033882332217291644,0.41318832174634257,-0.0913777661251407,0.46153846153846156,1.248875333058218,0.3522267206477733
0.8,10,base,0.7,3.0,0.75,12,0.034786761033208866,287,1.0237451675345117,0.03387949417642244,0.5148255549996336,-0.07333174714181434,0.27177700348432055,2.8937772010643683,0.16376306620209058
0.8,10,base,0.5,1.5,0.5,6,0.023983485622980496,419,0.9187035369331444,0.03387671064600983,1.2894664630776693,-0.029275635272656197,0.3054892601431981,2.4610923583070177,0.2577565632458234
0.9,12,deep_slow,0.6,4.0,2.0,24,0.026488612559532297,115,1.3068056876634142,0.033836017538444896,0.49229622571557524,-0.0765890899610111,0.4434782608695652,1.4036939834285342,0.20869565217391303
0.95,12,deep_slow,0.6,4.0,2.0,24,0.026488612559532297,115,1.3068056876634142,0.033836017538444896,0.49229622571557524,-0.0765890899610111,0.4434782608695652,1.4036939834285342,0.20869565217391303
0.85,11,shallow,0.6,3.0,0.75,24,0.026722697488877702,241,1.1078252859340016,0.033815891084601146,0.6092453741820206,-0.06185036823421397,0.24481327800829875,3.3452909861045743,0.1950207468879668
0.8,10,shallow,0.5,2.5,2.0,24,0.02225569419366929,145,0.9747385072495057,0.03380740548196037,0.6163174124944364,-0.061125284892419085,0.47586206896551725,1.198869103131825,0.4068965517241379
0.8,10,base,0.6,2.5,0.75,12,0.028890652717152483,295,0.9139443474496712,0.0337546866489542,0.709985808885108,-0.052978132681120726,0.29152542372881357,2.6214742768381107,0.21694915254237288
0.8,10,deep_slow,0.4,2.5,1.0,24,0.02012685895493155,201,0.9917968498633999,0.033664877009008,0.45523787500126256,-0.08240408409235711,0.32338308457711445,2.286781708239788,0.2736318407960199
0.9,12,base,0.4,2.5,0.75,6,0.01632796766513659,293,0.9616773737540989,0.03365282222732935,0.5582201289319428,-0.06717780400851825,0.33447098976109213,2.169068168501873,0.15699658703071673
0.95,12,base,0.4,2.5,0.75,6,0.01632796766513659,293,0.9616773737540989,0.03365282222732935,0.5582201289319428,-0.06717780400851825,0.33447098976109213,2.169068168501873,0.15699658703071673
0.85,11,deep_slow,0.5,3.0,0.5,24,0.02084289794941308,282,1.1314501937487647,0.03361158635228767,0.8763921808701873,-0.042736537881741365,0.18439716312056736,4.868495854852639,0.1595744680851064
0.9,12,shallow,0.7,2.5,0.75,24,0.033289881212306936,276,0.9398122536350358,0.033571861383562274,0.6014966076038277,-0.06219423238962041,0.2644927536231884,2.988076727288291,0.2391304347826087
0.95,12,shallow,0.7,2.5,0.75,24,0.033289881212306936,276,0.9398122536350358,0.033571861383562274,0.6014966076038277,-0.06219423238962041,0.2644927536231884,2.988076727288291,0.2391304347826087
0.8,10,shallow,0.8,2.0,1.5,12,0.04189406605295098,244,0.8698670263754353,0.03354285009658087,0.3958204634851291,-0.09442976292498151,0.46311475409836067,1.2422330670001378,0.35655737704918034
0.9,12,base,0.4,2.5,2.0,24,0.01632796766513659,139,1.06856764385837,0.03350627287773178,0.42621188272744337,-0.08760055868054706,0.4748201438848921,1.207820625486042,0.39568345323741005
0.95,12,base,0.4,2.5,2.0,24,0.01632796766513659,139,1.06856764385837,0.03350627287773178,0.42621188272744337,-0.08760055868054706,0.4748201438848921,1.207820625486042,0.39568345323741005
0.9,12,shallow,0.8,2.5,2.0,12,0.04167225887876418,196,0.9137082993267295,0.03346918509033325,0.5079376131247474,-0.0734243631114112,0.4897959183673469,1.1210829232983328,0.2857142857142857
0.95,12,shallow,0.8,2.5,2.0,12,0.04167225887876418,196,0.9137082993267295,0.03346918509033325,0.5079376131247474,-0.0734243631114112,0.4897959183673469,1.1210829232983328,0.2857142857142857
0.85,11,base,0.7,2.0,0.5,6,0.03218380161661132,441,0.8879827537369355,0.033464994807139714,0.7508278369994127,-0.04966560382416718,0.2675736961451247,2.9623993228795222,0.16780045351473924
0.8,10,shallow,0.5,2.5,0.75,6,0.02225569419366929,314,0.9016288149665886,0.033453032223632384,0.7913940606431805,-0.047102910226116346,0.34076433121019106,2.095986049030549,0.1592356687898089
0.85,11,deep_slow,0.8,2.0,1.5,24,0.04023212551971341,222,0.8573985633992948,0.033439874517749546,0.4386016053468292,-0.0849569957684232,0.44144144144144143,1.3509249790469857,0.42342342342342343
0.9,12,shallow,0.8,2.0,0.75,24,0.04167225887876418,307,0.9107965745783846,0.033435128835160643,0.512764047607712,-0.0726591051867651,0.2964169381107492,2.59040598808154,0.2899022801302932
0.95,12,shallow,0.8,2.0,0.75,24,0.04167225887876418,307,0.9107965745783846,0.033435128835160643,0.512764047607712,-0.0726591051867651,0.2964169381107492,2.59040598808154,0.2899022801302932
0.8,10,base,0.7,2.5,0.5,12,0.034786761033208866,375,0.9422113961887023,0.033432729142841566,0.5684138734478241,-0.0655407964302136,0.22933333333333333,3.6355088308987447,0.15733333333333333
0.85,11,deep_slow,0.5,2.0,1.5,12,0.02084289794941308,217,0.8854075757243164,0.03340695254911319,0.5811295413633261,-0.06405718447989983,0.4700460829493088,1.2166497461028547,0.35944700460829493
0.85,11,deep_slow,0.8,1.5,0.75,12,0.04023212551971341,406,0.7846874957759835,0.03338905078166321,0.7629571777419459,-0.04876490937113498,0.37192118226600984,1.8103697211400085,0.3522167487684729
0.9,12,shallow,0.5,3.0,2.5,12,0.022171242241514764,158,1.1281248683309728,0.033364354732567936,0.5254969046722018,-0.0707482155700252,0.5,1.0945329212212505,0.24050632911392406
0.95,12,shallow,0.5,3.0,2.5,12,0.022171242241514764,158,1.1281248683309728,0.033364354732567936,0.5254969046722018,-0.0707482155700252,0.5,1.0945329212212505,0.24050632911392406
0.8,10,shallow,0.7,2.5,1.0,24,0.034650808039162956,239,0.8544217485002719,0.033315407224195015,0.3967493207011029,-0.09356872015576112,0.32217573221757323,2.266887624964136,0.2803347280334728
0.9,12,base,0.7,2.5,1.5,24,0.029700257367501218,188,0.9388518144998511,0.033307535599977234,0.45459531554505506,-0.08164302952153135,0.40425531914893614,1.57334127592322,0.34574468085106386
0.95,12,base,0.7,2.5,1.5,24,0.029700257367501218,188,0.9388518144998511,0.033307535599977234,0.45459531554505506,-0.08164302952153135,0.40425531914893614,1.57334127592322,0.34574468085106386
0.9,12,base,0.6,2.5,0.5,24,0.024507847669689414,333,0.9738448921597614,0.03320782132002331,0.5345868791549545,-0.06921835536999887,0.19519519519519518,4.4617225901978586,0.18618618618618618
0.95,12,base,0.6,2.5,0.5,24,0.024507847669689414,333,0.9738448921597614,0.03320782132002331,0.5345868791549545,-0.06921835536999887,0.19519519519519518,4.4617225901978586,0.18618618618618618
0.9,12,shallow,0.7,1.5,0.5,24,0.033289881212306936,436,0.8873714221659547,0.033203773115078716,0.8408778277850785,-0.04400009637759972,0.28440366972477066,2.732739925071904,0.28440366972477066
0.95,12,shallow,0.7,1.5,0.5,24,0.033289881212306936,436,0.8873714221659547,0.033203773115078716,0.8408778277850785,-0.04400009637759972,0.28440366972477066,2.732739925071904,0.28440366972477066
0.9,12,shallow,0.6,2.5,1.0,24,0.02729219059178709,222,0.94801671706546,0.033155617105511404,0.44239361588543213,-0.0835114850748171,0.31981981981981983,2.302837653627112,0.2747747747747748
0.95,12,shallow,0.6,2.5,1.0,24,0.02729219059178709,222,0.94801671706546,0.033155617105511404,0.44239361588543213,-0.0835114850748171,0.31981981981981983,2.302837653627112,0.2747747747747748
0.9,12,base,0.6,2.5,2.0,24,0.024507847669689414,144,1.019039849418403,0.033152623507107126,0.47015955505719126,-0.07857248808900397,0.4861111111111111,1.150750790382359,0.375
0.95,12,base,0.6,2.5,2.0,24,0.024507847669689414,144,1.019039849418403,0.033152623507107126,0.47015955505719126,-0.07857248808900397,0.4861111111111111,1.150750790382359,0.375
0.9,12,shallow,0.5,2.5,2.0,24,0.022171242241514764,141,1.0384839369189258,0.0330709208735509,0.513416055072205,-0.07177492775942163,0.46808510638297873,1.2364576222842598,0.3829787234042553
0.95,12,shallow,0.5,2.5,2.0,24,0.022171242241514764,141,1.0384839369189258,0.0330709208735509,0.513416055072205,-0.07177492775942163,0.46808510638297873,1.2364576222842598,0.3829787234042553
0.8,10,shallow,0.6,3.0,2.0,12,0.0281987593635591,179,1.0208201548923295,0.033034582007789526,0.516742565313239,-0.07123437745884575,0.49162011173184356,1.1229034918801308,0.22346368715083798
0.9,12,deep_slow,0.4,2.5,0.5,24,0.019103795708262847,281,1.0399512425155018,0.032975428696959685,0.5844524870910484,-0.06286875814144832,0.20284697508896798,4.339997096159069,0.18861209964412812
0.95,12,deep_slow,0.4,2.5,0.5,24,0.019103795708262847,281,1.0399512425155018,0.032975428696959685,0.5844524870910484,-0.06286875814144832,0.20284697508896798,4.339997096159069,0.18861209964412812
0.9,12,base,0.6,2.0,0.5,24,0.024507847669689414,357,0.9338376134111357,0.03297500611912474,0.6361432183419696,-0.05775952533047113,0.226890756302521,3.7579022279335317,0.226890756302521
0.95,12,base,0.6,2.0,0.5,24,0.024507847669689414,357,0.9338376134111357,0.03297500611912474,0.6361432183419696,-0.05775952533047113,0.226890756302521,3.7579022279335317,0.226890756302521
0.85,11,deep_slow,0.7,4.0,1.5,24,0.032567944659426015,146,1.195418443243704,0.032943894042372746,0.4063954688284738,-0.09032728680266677,0.363013698630137,1.9131640564526613,0.1780821917808219
0.85,11,deep_slow,0.4,1.5,0.75,12,0.015505342952291496,312,0.9107860668262635,0.032930028369457354,1.1128385681810433,-0.03297254693489382,0.3782051282051282,1.7778381986278255,0.358974358974359
0.85,11,deep_slow,0.7,2.5,0.75,24,0.032567944659426015,268,0.9488130511274706,0.03292823625708241,0.5035188242839839,-0.07286941347710463,0.26492537313432835,3.0042056680453544,0.24253731343283583
0.85,11,deep_slow,0.7,2.0,1.5,24,0.032567944659426015,211,0.8597485578786761,0.032911175774856805,0.43461053007228584,-0.08437917263545225,0.44549763033175355,1.3317973045630311,0.4265402843601896
0.9,12,deep_slow,0.4,4.0,1.0,24,0.019103795708262847,161,1.271955186502803,0.03286971150162343,0.48620157298851996,-0.07533046570423818,0.2795031055900621,2.8561527621658307,0.16149068322981366
0.95,12,deep_slow,0.4,4.0,1.0,24,0.019103795708262847,161,1.271955186502803,0.03286971150162343,0.48620157298851996,-0.07533046570423818,0.2795031055900621,2.8561527621658307,0.16149068322981366
0.8,10,base,0.6,2.5,0.5,12,0.028890652717152483,352,0.9342071301453804,0.03286843372614179,0.7916981200684059,-0.046260517273200796,0.23011363636363635,3.6292919273405673,0.16193181818181818
0.9,12,deep_slow,0.4,2.0,1.0,24,0.019103795708262847,220,0.9661445519289242,0.03285513993557965,0.4708625362652655,-0.07774992083751053,0.35909090909090907,1.9420917916748577,0.35
0.95,12,deep_slow,0.4,2.0,1.0,24,0.019103795708262847,220,0.9661445519289242,0.03285513993557965,0.4708625362652655,-0.07774992083751053,0.35909090909090907,1.9420917916748577,0.35
0.85,11,base,0.4,2.5,1.0,6,0.018069504979977443,268,0.8692100086072965,0.03279190593646719,0.892338303423371,-0.0409474052672405,0.40671641791044777,1.583350704324025,0.1791044776119403
0.9,12,deep_slow,0.6,3.0,0.5,24,0.026488612559532297,306,1.060579334064932,0.03272687102329863,0.6012961233018462,-0.06064622761088878,0.17973856209150327,4.949724543916455,0.1568627450980392
0.95,12,deep_slow,0.6,3.0,0.5,24,0.026488612559532297,306,1.060579334064932,0.03272687102329863,0.6012961233018462,-0.06064622761088878,0.17973856209150327,4.949724543916455,0.1568627450980392
0.8,10,deep_slow,0.6,4.0,1.5,24,0.027441884318986948,145,1.2071787255183746,0.032658031554383626,0.42695118247418423,-0.08523105240649365,0.3793103448275862,1.7977709664063255,0.18620689655172415
0.8,10,shallow,0.5,3.0,2.0,12,0.02225569419366929,169,1.0440818221788122,0.03263160758339656,0.5476668443273695,-0.06639073195442358,0.48520710059171596,1.1577897837842483,0.21893491124260356
0.85,11,deep_slow,0.4,2.5,2.0,12,0.015505342952291496,171,0.9483123239562355,0.03262006738760359,0.7889893624935652,-0.0460679479223417,0.49707602339181284,1.1012892094941342,0.2807017543859649
0.8,10,base,0.7,2.0,0.75,12,0.034786761033208866,340,0.837995200175351,0.03257616328292956,0.5661293095938004,-0.0641162932668854,0.3176470588235294,2.3270814267523923,0.27058823529411763
0.9,12,deep_slow,0.4,2.5,1.5,12,0.019103795708262847,191,0.9031705488305912,0.0325140488018798,0.47396839255875856,-0.07643711780766416,0.4397905759162304,1.379365113826228,0.2617801047120419
0.95,12,deep_slow,0.4,2.5,1.5,12,0.019103795708262847,191,0.9031705488305912,0.0325140488018798,0.47396839255875856,-0.07643711780766416,0.4397905759162304,1.379365113826228,0.2617801047120419
0.9,12,shallow,0.7,3.0,0.75,24,0.033289881212306936,248,1.0923244339056497,0.03248865470795548,0.5491562206922186,-0.06592009814031763,0.23790322580645162,3.4656478297235966,0.20161290322580644
0.95,12,shallow,0.7,3.0,0.75,24,0.033289881212306936,248,1.0923244339056497,0.03248865470795548,0.5491562206922186,-0.06592009814031763,0.23790322580645162,3.4656478297235966,0.20161290322580644
0.85,11,base,0.6,4.0,2.0,24,0.02743703889797145,126,1.050732281053554,0.03242031799682721,0.40583556271481536,-0.08901179570589157,0.42063492063492064,1.500298843248343,0.20634920634920634
0.9,12,shallow,0.4,4.0,2.0,24,0.01727300411761307,108,1.3277630312654949,0.03241997764211724,0.578232172693444,-0.06247278167901238,0.46296296296296297,1.281548841999367,0.21296296296296297
0.95,12,shallow,0.4,4.0,2.0,24,0.01727300411761307,108,1.3277630312654949,0.03241997764211724,0.578232172693444,-0.06247278167901238,0.46296296296296297,1.281548841999367,0.21296296296296297
0.9,12,deep_slow,0.6,2.0,0.5,6,0.026488612559532297,408,0.8779790615438123,0.03225845957234208,0.6954833610742162,-0.05168129762168494,0.27941176470588236,2.804414312867775,0.1642156862745098
0.95,12,deep_slow,0.6,2.0,0.5,6,0.026488612559532297,408,0.8779790615438123,0.03225845957234208,0.6954833610742162,-0.05168129762168494,0.27941176470588236,2.804414312867775,0.1642156862745098
0.9,12,base,0.5,2.0,1.5,12,0.020354141462207622,217,0.8840873951191424,0.03225652622067088,0.43816556451854444,-0.08202681237023313,0.46543778801843316,1.237439091908251,0.3548387096774194
0.95,12,base,0.5,2.0,1.5,12,0.020354141462207622,217,0.8840873951191424,0.03225652622067088,0.43816556451854444,-0.08202681237023313,0.46543778801843316,1.237439091908251,0.3548387096774194
0.85,11,deep_slow,0.4,2.5,0.75,12,0.015505342952291496,263,0.9118425593370862,0.03221475757952441,0.8544353831742569,-0.04200984976108213,0.2965779467680608,2.5708032715775793,0.22053231939163498
0.8,10,deep_slow,0.5,4.0,1.0,24,0.02386910511055699,171,1.2039809503037397,0.032207997615869566,0.4946409458094664,-0.07255193262824022,0.28654970760233917,2.732297979219056,0.15204678362573099
0.8,10,shallow,0.4,2.5,1.5,12,0.016624676068168656,190,0.8922378977180453,0.03219760475668232,0.5280049310653327,-0.06794549429168284,0.4368421052631579,1.3977365802101438,0.2578947368421053
0.85,11,base,0.4,3.0,1.0,12,0.018069504979977443,208,1.0871983526143056,0.03218567011312912,0.8179113323922257,-0.0438461152628733,0.34615384615384615,2.069579122530186,0.19230769230769232
0.9,12,base,0.6,2.5,1.5,12,0.024507847669689414,214,0.8759592325486169,0.03216165952814687,0.4065892936981903,-0.08813668853579026,0.4205607476635514,1.4781505669104784,0.2616822429906542
0.95,12,base,0.6,2.5,1.5,12,0.024507847669689414,214,0.8759592325486169,0.03216165952814687,0.4065892936981903,-0.08813668853579026,0.4205607476635514,1.4781505669104784,0.2616822429906542
0.8,10,base,0.5,1.5,1.0,24,0.023983485622980496,297,0.836312807293688,0.03213814036415252,0.9567378143869207,-0.03742841704373201,0.43097643097643096,1.4115349075755816,0.43097643097643096
0.9,12,base,0.8,3.0,1.5,12,0.03553384163128094,210,0.948364996034345,0.032129610843182554,0.4166704030852353,-0.08591841667527722,0.44761904761904764,1.3274592489438664,0.19523809523809524
0.95,12,base,0.8,3.0,1.5,12,0.03553384163128094,210,0.948364996034345,0.032129610843182554,0.4166704030852353,-0.08591841667527722,0.44761904761904764,1.3274592489438664,0.19523809523809524
0.8,10,shallow,0.6,4.0,2.5,24,0.0281987593635591,107,1.1894515784542703,0.032115206820688025,0.49075039181480523,-0.07291605717593952,0.48598130841121495,1.1734313665976785,0.2336448598130841
0.85,11,shallow,0.8,2.0,1.5,12,0.04206355121771392,247,0.794747843321619,0.03198257756853429,0.4105178510113811,-0.08680632226455942,0.46153846153846156,1.243406618292387,0.3603238866396761
0.85,11,base,0.8,2.0,1.5,24,0.037861802141293005,212,0.8721241073371193,0.03196366052455479,0.38445722945159644,-0.09263561041017598,0.4386792452830189,1.3662741439686215,0.419811320754717
0.9,12,deep_slow,0.6,3.0,2.5,12,0.026488612559532297,163,1.0026067477323635,0.03195197933281202,0.5649891890677441,-0.0630125187807472,0.49693251533742333,1.100656710134277,0.25153374233128833
0.95,12,deep_slow,0.6,3.0,2.5,12,0.026488612559532297,163,1.0026067477323635,0.03195197933281202,0.5649891890677441,-0.0630125187807472,0.49693251533742333,1.100656710134277,0.25153374233128833
0.8,10,shallow,0.6,3.0,1.0,24,0.0281987593635591,211,0.989204743262111,0.0319388895238204,0.4158239823338299,-0.08558135874120054,0.2938388625592417,2.594691191859161,0.23696682464454977
0.85,11,deep_slow,0.5,2.5,1.5,24,0.02084289794941308,176,0.8833728033029551,0.03185763713329548,0.49875091372468777,-0.0711699752904772,0.4090909090909091,1.5448210863145282,0.32954545454545453
0.9,12,deep_slow,0.6,2.0,1.0,24,0.026488612559532297,243,0.8617029575686738,0.031821360610410965,0.37922453315314963,-0.09349500552864976,0.3497942386831276,2.029575135958578,0.345679012345679
0.95,12,deep_slow,0.6,2.0,1.0,24,0.026488612559532297,243,0.8617029575686738,0.031821360610410965,0.37922453315314963,-0.09349500552864976,0.3497942386831276,2.029575135958578,0.345679012345679
0.85,11,base,0.7,2.5,1.5,6,0.03218380161661132,286,0.7921870742161767,0.03180406019461968,0.5713919961565064,-0.062017476787599946,0.46503496503496505,1.224074018533882,0.17832167832167833
0.9,12,shallow,0.5,3.0,1.0,24,0.022171242241514764,197,1.037694398952913,0.0316370357869602,0.5352316432600279,-0.06585908522277095,0.29441624365482233,2.606272014157215,0.22842639593908629
0.95,12,shallow,0.5,3.0,1.0,24,0.022171242241514764,197,1.037694398952913,0.0316370357869602,0.5352316432600279,-0.06585908522277095,0.29441624365482233,2.606272014157215,0.22842639593908629
0.9,12,shallow,0.4,1.5,0.5,12,0.01727300411761307,349,0.9579508943957787,0.03163330498971839,1.072513620016084,-0.03286270838686001,0.2922636103151863,2.640694301254914,0.28653295128939826
0.95,12,shallow,0.4,1.5,0.5,12,0.01727300411761307,349,0.9579508943957787,0.03163330498971839,1.072513620016084,-0.03286270838686001,0.2922636103151863,2.640694301254914,0.28653295128939826
0.85,11,base,0.7,3.0,0.75,24,0.03218380161661132,257,1.0161960519430158,0.03161101373491526,0.45931513484793557,-0.07668117085188642,0.23346303501945526,3.521107873659575,0.19844357976653695
0.85,11,shallow,0.7,2.0,0.75,12,0.03422839379787348,320,0.877318788046014,0.03159099887227712,0.5027866593614947,-0.07000679607787996,0.315625,2.354249682044898,0.26875
0.85,11,deep_slow,0.4,2.5,0.75,6,0.015505342952291496,290,0.86034123022983,0.031555136940861095,0.8643854864091173,-0.04067451063630845,0.3413793103448276,2.090522651819098,0.15862068965517243
0.9,12,shallow,0.5,2.5,1.5,24,0.022171242241514764,175,0.9489567206532109,0.03152161865096148,0.44190797579846425,-0.07947592724137087,0.3942857142857143,1.6554091369118302,0.33714285714285713
0.95,12,shallow,0.5,2.5,1.5,24,0.022171242241514764,175,0.9489567206532109,0.03152161865096148,0.44190797579846425,-0.07947592724137087,0.3942857142857143,1.6554091369118302,0.33714285714285713
0.9,12,base,0.7,4.0,1.0,24,0.029700257367501218,191,1.0575641263130453,0.031511536873031876,0.5146980810821025,-0.06821434729698717,0.2617801047120419,3.030795291490864,0.15706806282722513
0.95,12,base,0.7,4.0,1.0,24,0.029700257367501218,191,1.0575641263130453,0.031511536873031876,0.5146980810821025,-0.06821434729698717,0.2617801047120419,3.030795291490864,0.15706806282722513
0.8,10,base,0.7,3.0,0.5,24,0.034786761033208866,314,1.0109565214158722,0.03147078614391852,0.5447195085714736,-0.06437131499510906,0.18152866242038215,4.87167853998925,0.15605095541401273
0.9,12,shallow,0.6,2.0,0.5,24,0.02729219059178709,344,0.9189827470611656,0.031451984592174353,0.6219528452703895,-0.056344024585169517,0.22674418604651161,3.696289862885105,0.22674418604651161
0.95,12,shallow,0.6,2.0,0.5,24,0.02729219059178709,344,0.9189827470611656,0.031451984592174353,0.6219528452703895,-0.056344024585169517,0.22674418604651161,3.696289862885105,0.22674418604651161
0.85,11,shallow,0.8,2.5,0.75,24,0.04206355121771392,291,0.8402950347164463,0.03143535419381993,0.4102480173480655,-0.08537461132658475,0.2611683848797251,3.022980952953446,0.23711340206185566
0.9,12,deep_slow,0.5,2.0,0.5,24,0.02263787441816482,344,0.9200861204275775,0.03138193696042024,0.6842648125891972,-0.05109885096055189,0.22965116279069767,3.636058876892406,0.22674418604651161
0.95,12,deep_slow,0.5,2.0,0.5,24,0.02263787441816482,344,0.9200861204275775,0.03138193696042024,0.6842648125891972,-0.05109885096055189,0.22965116279069767,3.636058876892406,0.22674418604651161
0.9,12,base,0.8,2.5,1.5,24,0.03553384163128094,184,0.8977781240986109,0.03137648896415568,0.4426649704334929,-0.07897409436772818,0.4076086956521739,1.5485949398658458,0.33695652173913043
0.95,12,base,0.8,2.5,1.5,24,0.03553384163128094,184,0.8977781240986109,0.03137648896415568,0.4426649704334929,-0.07897409436772818,0.4076086956521739,1.5485949398658458,0.33695652173913043
0.9,12,shallow,0.5,3.0,2.0,12,0.022171242241514764,167,1.0171800061544627,0.03133391508588468,0.5035161150640873,-0.06933551354782264,0.47305389221556887,1.2121291363575921,0.20958083832335328
0.95,12,shallow,0.5,3.0,2.0,12,0.022171242241514764,167,1.0171800061544627,0.03133391508588468,0.5035161150640873,-0.06933551354782264,0.47305389221556887,1.2121291363575921,0.20958083832335328
0.9,12,shallow,0.7,4.0,2.5,24,0.033289881212306936,107,1.1826802563923025,0.031329275823776426,0.5783691008006405,-0.060353104098006205,0.45794392523364486,1.2998671203928729,0.22429906542056074
0.95,12,shallow,0.7,4.0,2.5,24,0.033289881212306936,107,1.1826802563923025,0.031329275823776426,0.5783691008006405,-0.060353104098006205,0.45794392523364486,1.2998671203928729,0.22429906542056074
0.85,11,deep_slow,0.8,2.5,1.5,24,0.04023212551971341,193,0.8312946680861236,0.031262540880115486,0.3715342584889853,-0.0937514840754623,0.40932642487046633,1.5326830701585972,0.33678756476683935
0.85,11,shallow,0.6,1.5,0.75,12,0.026722697488877702,368,0.7872221568134646,0.03126034255422305,0.8614801634175671,-0.04042975807156657,0.36684782608695654,1.8567753588236497,0.3532608695652174
0.9,12,deep_slow,0.5,1.5,0.5,24,0.02263787441816482,388,0.8860445823853437,0.03126025507964747,0.9134785287782408,-0.0381282491747148,0.28350515463917525,2.7263710105041956,0.28350515463917525
0.95,12,deep_slow,0.5,1.5,0.5,24,0.02263787441816482,388,0.8860445823853437,0.03126025507964747,0.9134785287782408,-0.0381282491747148,0.28350515463917525,2.7263710105041956,0.28350515463917525
0.85,11,deep_slow,0.6,2.0,1.5,24,0.02660926817449534,199,0.8237660570069051,0.03125680323357871,0.4949006469347673,-0.07036863784640157,0.44221105527638194,1.3497983530519002,0.4221105527638191
0.85,11,deep_slow,0.4,3.0,1.5,12,0.015505342952291496,180,1.0102488871846373,0.031230948620275978,0.7285324112425748,-0.04776263603038522,0.4388888888888889,1.3841144162920787,0.2222222222222222
0.85,11,base,0.5,1.5,1.0,24,0.022967702564092134,296,0.7980311165598072,0.031225211939944986,0.8550040491419166,-0.040690129837050115,0.42567567567567566,1.440975461735751,0.4222972972972973
0.9,12,deep_slow,0.4,1.5,0.5,24,0.019103795708262847,356,0.9110017639014588,0.031216533047408568,0.9866005740451245,-0.03525290812745363,0.28651685393258425,2.7063205065315805,0.28651685393258425
0.95,12,deep_slow,0.4,1.5,0.5,24,0.019103795708262847,356,0.9110017639014588,0.031216533047408568,0.9866005740451245,-0.03525290812745363,0.28651685393258425,2.7063205065315805,0.28651685393258425
0.8,10,shallow,0.7,2.5,1.5,12,0.034650808039162956,219,0.8264778716091075,0.031201323186780705,0.403073514701062,-0.08624621232404373,0.4383561643835616,1.3703269830715927,0.2557077625570776
0.85,11,deep_slow,0.5,2.5,2.0,6,0.02084289794941308,242,0.8199368419807249,0.03110899917978438,0.45787754794162394,-0.07569823733772663,0.5082644628099173,1.039206698530498,0.16942148760330578
0.85,11,shallow,0.5,3.0,1.0,24,0.021430229292638114,198,1.0283937800314367,0.031093863797709176,0.6225806474234451,-0.05564521045869608,0.30808080808080807,2.4380816740235476,0.23232323232323232
0.8,10,base,0.8,2.5,1.0,12,0.041557390516231536,278,0.7897475109341073,0.031081412686236654,0.38255338220648044,-0.0905226210926825,0.35251798561151076,1.9592831177111116,0.22661870503597123
0.9,12,deep_slow,0.8,2.0,1.5,12,0.03478537134288336,247,0.7787066024115131,0.030993703139182482,0.43168528574063036,-0.0799931031076212,0.4574898785425101,1.2620662993881793,0.3603238866396761
0.95,12,deep_slow,0.8,2.0,1.5,12,0.03478537134288336,247,0.7787066024115131,0.030993703139182482,0.43168528574063036,-0.0799931031076212,0.4574898785425101,1.2620662993881793,0.3603238866396761
0.9,12,shallow,0.5,2.5,0.5,12,0.022171242241514764,325,0.8926416607006611,0.03099299000452671,0.8904682811035602,-0.03877852856346098,0.2123076923076923,4.032455761697836,0.16615384615384615
0.95,12,shallow,0.5,2.5,0.5,12,0.022171242241514764,325,0.8926416607006611,0.03099299000452671,0.8904682811035602,-0.03877852856346098,0.2123076923076923,4.032455761697836,0.16615384615384615
0.85,11,deep_slow,0.7,2.0,1.0,6,0.032567944659426015,334,0.7500615028803771,0.030972300328982794,0.5079897872056216,-0.06793041852421577,0.4161676646706587,1.4959806084629819,0.20658682634730538
0.85,11,base,0.4,3.0,0.75,12,0.018069504979977443,236,1.0778559153579823,0.030955217953814618,0.6897402792583176,-0.050002725737992915,0.2838983050847458,2.7550291603966413,0.17372881355932204
0.9,12,deep_slow,0.7,1.5,1.0,24,0.03039343375568873,332,0.7538800629933381,0.030919493365509698,0.47800979507870434,-0.07206761022088393,0.42168674698795183,1.465341157529841,0.42168674698795183
0.95,12,deep_slow,0.7,1.5,1.0,24,0.03039343375568873,332,0.7538800629933381,0.030919493365509698,0.47800979507870434,-0.07206761022088393,0.42168674698795183,1.465341157529841,0.42168674698795183
0.85,11,base,0.7,2.5,2.0,12,0.03218380161661132,194,0.8464571693438186,0.0308759514706467,0.44929427961011953,-0.07656547265341707,0.4793814432989691,1.1635056730477265,0.29381443298969073
0.8,10,shallow,0.8,2.5,1.0,24,0.04189406605295098,250,0.7922418165538072,0.030858620492880462,0.3328052612397405,-0.10330692088075943,0.316,2.2949586323198226,0.276
0.85,11,shallow,0.6,2.0,1.0,12,0.026722697488877702,274,0.8117007096821864,0.030858009986427515,0.5711509926720418,-0.060194949992105284,0.38321167883211676,1.7464861301112597,0.30656934306569344
0.9,12,deep_slow,0.8,2.5,0.5,12,0.03478537134288336,379,0.8493686198908524,0.030831809541665978,0.4812028368255404,-0.07138603953551004,0.22163588390501318,3.773185261883739,0.158311345646438
0.95,12,deep_slow,0.8,2.5,0.5,12,0.03478537134288336,379,0.8493686198908524,0.030831809541665978,0.4812028368255404,-0.07138603953551004,0.22163588390501318,3.773185261883739,0.158311345646438
0.85,11,deep_slow,0.4,4.0,1.0,24,0.015505342952291496,165,1.0895597777698718,0.03080545671168644,0.6810134508141681,-0.05039805601776204,0.2909090909090909,2.6685881439643127,0.15757575757575756
0.85,11,deep_slow,0.7,3.0,0.75,24,0.032567944659426015,249,1.000159463243753,0.0307912962625303,0.5046903887617902,-0.06797424971657184,0.24497991967871485,3.330277351307585,0.1927710843373494
0.85,11,deep_slow,0.8,2.5,2.0,24,0.04023212551971341,163,0.816846081014768,0.03075788758057807,0.4196961654994167,-0.08165112821895715,0.48466257668711654,1.1386163091697814,0.38650306748466257
0.85,11,deep_slow,0.5,2.0,0.5,6,0.02084289794941308,384,0.8550014841066363,0.030744583617535515,0.8877767480362326,-0.03858381953927592,0.265625,2.984525656555398,0.171875
0.9,12,base,0.4,3.0,2.5,12,0.01632796766513659,146,1.1218413114746248,0.03071844799330825,0.43961532356575905,-0.07785135776103336,0.5,1.0943897943557033,0.23972602739726026
0.95,12,base,0.4,3.0,2.5,12,0.01632796766513659,146,1.1218413114746248,0.03071844799330825,0.43961532356575905,-0.07785135776103336,0.5,1.0943897943557033,0.23972602739726026
0.9,12,base,0.5,3.0,1.0,24,0.020354141462207622,195,1.0790141707093144,0.030694954887117376,0.4234418281200312,-0.08076299680948518,0.29743589743589743,2.566521995524256,0.23076923076923078
0.95,12,base,0.5,3.0,1.0,24,0.020354141462207622,195,1.0790141707093144,0.030694954887117376,0.4234418281200312,-0.08076299680948518,0.29743589743589743,2.566521995524256,0.23076923076923078
0.85,11,deep_slow,0.7,2.0,1.5,6,0.032567944659426015,299,0.7295592622188779,0.03066625728669292,0.3574037482104903,-0.09559609860787321,0.4782608695652174,1.1595380979136238,0.2408026755852843
0.85,11,shallow,0.7,3.0,0.5,24,0.03422839379787348,312,1.0001367612073404,0.03065780343818081,0.5712536188898881,-0.05979300295686818,0.1794871794871795,4.932548623102431,0.15384615384615385
0.9,12,deep_slow,0.6,2.5,2.0,24,0.026488612559532297,143,0.8610107617906736,0.03065556782818457,0.48314829010428606,-0.07069149378574213,0.46853146853146854,1.227134220295833,0.38461538461538464
0.95,12,deep_slow,0.6,2.5,2.0,24,0.026488612559532297,143,0.8610107617906736,0.03065556782818457,0.48314829010428606,-0.07069149378574213,0.46853146853146854,1.227134220295833,0.38461538461538464
0.9,12,base,0.5,2.5,0.5,12,0.020354141462207622,331,0.9033797589627122,0.030627367065289013,0.5788178745984587,-0.05895291662950952,0.2175226586102719,3.9054327995193856,0.1661631419939577
0.95,12,base,0.5,2.5,0.5,12,0.020354141462207622,331,0.9033797589627122,0.030627367065289013,0.5788178745984587,-0.05895291662950952,0.2175226586102719,3.9054327995193856,0.1661631419939577
0.85,11,base,0.6,2.0,1.0,6,0.02743703889797145,329,0.7706734147151462,0.030481217552297046,0.5507731965462436,-0.06165858974672955,0.41033434650455924,1.543693904273388,0.20972644376899696
0.9,12,shallow,0.7,2.0,1.0,6,0.033289881212306936,327,0.7774836318541689,0.030375073605837688,0.5067172637029902,-0.06678565272757364,0.42201834862385323,1.470931758518884,0.21100917431192662
0.95,12,shallow,0.7,2.0,1.0,6,0.033289881212306936,327,0.7774836318541689,0.030375073605837688,0.5067172637029902,-0.06678565272757364,0.42201834862385323,1.470931758518884,0.21100917431192662
0.9,12,base,0.8,2.5,0.75,6,0.03553384163128094,377,0.776430437904247,0.030367645655174025,0.5188555471581925,-0.06520726999629223,0.3395225464190981,2.0843114377257836,0.15119363395225463
0.95,12,base,0.8,2.5,0.75,6,0.03553384163128094,377,0.776430437904247,0.030367645655174025,0.5188555471581925,-0.06520726999629223,0.3395225464190981,2.0843114377257836,0.15119363395225463
0.85,11,deep_slow,0.7,3.0,1.0,24,0.032567944659426015,214,0.9754949377107064,0.03031759842474946,0.4483473877439569,-0.07533734575125428,0.29906542056074764,2.5255413156680424,0.22429906542056074
0.9,12,base,0.8,4.0,1.0,24,0.03553384163128094,195,1.0053656777911724,0.03025552199914605,0.4539872656533067,-0.07424883745251398,0.26153846153846155,3.0231935965898007,0.15384615384615385
0.95,12,base,0.8,4.0,1.0,24,0.03553384163128094,195,1.0053656777911724,0.03025552199914605,0.4539872656533067,-0.07424883745251398,0.26153846153846155,3.0231935965898007,0.15384615384615385
0.9,12,base,0.7,3.0,2.5,12,0.029700257367501218,168,1.0270682567259424,0.030154215918954286,0.3463291962632987,-0.0970030059294712,0.5119047619047619,1.029271646013204,0.23214285714285715
0.95,12,base,0.7,3.0,2.5,12,0.029700257367501218,168,1.0270682567259424,0.030154215918954286,0.3463291962632987,-0.0970030059294712,0.5119047619047619,1.029271646013204,0.23214285714285715
0.8,10,deep_slow,0.8,4.0,2.0,24,0.03652372924092767,133,0.9839473781659307,0.03013972033347101,0.3132185424095022,-0.10720564758789841,0.42857142857142855,1.4493526258086757,0.19548872180451127
0.9,12,base,0.6,2.5,1.0,12,0.024507847669689414,255,0.8379140511190873,0.030111986231668997,0.374637550333459,-0.08954747526427376,0.3411764705882353,2.0675699702190826,0.23529411764705882
0.95,12,base,0.6,2.5,1.0,12,0.024507847669689414,255,0.8379140511190873,0.030111986231668997,0.374637550333459,-0.08954747526427376,0.3411764705882353,2.0675699702190826,0.23529411764705882
0.9,12,base,0.8,3.0,0.75,24,0.03553384163128094,255,0.9771123886872115,0.030096992371775988,0.4202003201922129,-0.0797979268062633,0.23529411764705882,3.486584035153734,0.2
0.95,12,base,0.8,3.0,0.75,24,0.03553384163128094,255,0.9771123886872115,0.030096992371775988,0.4202003201922129,-0.0797979268062633,0.23529411764705882,3.486584035153734,0.2
0.85,11,base,0.6,3.0,0.75,24,0.02743703889797145,244,0.9921923935413849,0.030073116148089607,0.48059960568668986,-0.06971389367857062,0.24180327868852458,3.362299772066787,0.20081967213114754
0.85,11,deep_slow,0.7,2.0,1.0,12,0.032567944659426015,280,0.7898684913995871,0.030067614269811527,0.41895470032851023,-0.0799569261212032,0.375,1.7762444965877018,0.30357142857142855
0.9,12,base,0.6,3.0,2.5,24,0.024507847669689414,125,1.0431264376830078,0.02994172588815558,0.4596153901424968,-0.07257774065680578,0.512,1.0361356707767249,0.344
0.95,12,base,0.6,3.0,2.5,24,0.024507847669689414,125,1.0431264376830078,0.02994172588815558,0.4596153901424968,-0.07257774065680578,0.512,1.0361356707767249,0.344
0.9,12,deep_slow,0.4,2.5,0.75,24,0.019103795708262847,240,0.8789374070532255,0.02993135294979643,0.6157822383522255,-0.05415270051102061,0.2708333333333333,2.916347813206029,0.24583333333333332
0.95,12,deep_slow,0.4,2.5,0.75,24,0.019103795708262847,240,0.8789374070532255,0.02993135294979643,0.6157822383522255,-0.05415270051102061,0.2708333333333333,2.916347813206029,0.24583333333333332
0.9,12,shallow,0.7,2.0,0.75,24,0.033289881212306936,295,0.8385565451097327,0.029888508313118622,0.5496851130290525,-0.06057733590699499,0.2983050847457627,2.5570473429275355,0.29152542372881357
0.95,12,shallow,0.7,2.0,0.75,24,0.033289881212306936,295,0.8385565451097327,0.029888508313118622,0.5496851130290525,-0.06057733590699499,0.2983050847457627,2.5570473429275355,0.29152542372881357
0.8,10,shallow,0.6,4.0,1.0,24,0.0281987593635591,179,1.1054639916499114,0.0298715762661812,0.39588990159397114,-0.08406267694423775,0.2681564245810056,2.9610907951394627,0.15083798882681565
0.85,11,shallow,0.7,2.5,0.75,12,0.03422839379787348,295,0.8186412336920067,0.029821516077890742,0.45716941745310596,-0.07267262552629239,0.29491525423728815,2.55863309735182,0.19661016949152543
0.85,11,base,0.8,2.5,1.5,24,0.037861802141293005,191,0.8350537292261858,0.029757393758957473,0.3640731642996108,-0.09105902431804036,0.39790575916230364,1.6018538085270386,0.34554973821989526
0.9,12,shallow,0.7,1.5,0.5,12,0.033289881212306936,441,0.7930790952637917,0.02972578174059226,0.7085336210749171,-0.046740013662178614,0.28798185941043086,2.664850067603738,0.2766439909297052
0.95,12,shallow,0.7,1.5,0.5,12,0.033289881212306936,441,0.7930790952637917,0.02972578174059226,0.7085336210749171,-0.046740013662178614,0.28798185941043086,2.664850067603738,0.2766439909297052
0.9,12,shallow,0.7,3.0,0.5,24,0.033289881212306936,314,0.9617136561197295,0.029708063325160516,0.5884362190694328,-0.05624585647669744,0.17834394904458598,4.958189566055397,0.15286624203821655
0.95,12,shallow,0.7,3.0,0.5,24,0.033289881212306936,314,0.9617136561197295,0.029708063325160516,0.5884362190694328,-0.05624585647669744,0.17834394904458598,4.958189566055397,0.15286624203821655
0.9,12,base,0.5,2.0,1.0,24,0.020354141462207622,233,0.8637339371705383,0.029651476499006346,0.3510948096056726,-0.09408841473406415,0.351931330472103,1.9810020151754508,0.33905579399141633
0.95,12,base,0.5,2.0,1.0,24,0.020354141462207622,233,0.8637339371705383,0.029651476499006346,0.3510948096056726,-0.09408841473406415,0.351931330472103,1.9810020151754508,0.33905579399141633
0.8,10,shallow,0.7,2.0,1.0,12,0.034650808039162956,288,0.7610632631021053,0.029646360432206142,0.33569679716291817,-0.09838713193627513,0.3715277777777778,1.798982552697715,0.2951388888888889
0.9,12,deep_slow,0.4,2.5,1.0,12,0.019103795708262847,225,0.8538655077171313,0.029599694407560717,0.5078413130680984,-0.06493400610062194,0.3511111111111111,1.995668823332815,0.2311111111111111
0.95,12,deep_slow,0.4,2.5,1.0,12,0.019103795708262847,225,0.8538655077171313,0.029599694407560717,0.5078413130680984,-0.06493400610062194,0.3511111111111111,1.995668823332815,0.2311111111111111
0.9,12,deep_slow,0.7,3.0,1.0,24,0.03039343375568873,216,0.9541048682814437,0.0295971899424039,0.4120563304324998,-0.08002152566389842,0.2916666666666667,2.587210148191425,0.2175925925925926
0.95,12,deep_slow,0.7,3.0,1.0,24,0.03039343375568873,216,0.9541048682814437,0.0295971899424039,0.4120563304324998,-0.08002152566389842,0.2916666666666667,2.587210148191425,0.2175925925925926
0.85,11,base,0.7,3.0,1.5,12,0.03218380161661132,208,0.8735514728477825,0.029571332945933282,0.37578115091094433,-0.08766943924117554,0.4375,1.3762161896135068,0.20673076923076922
0.8,10,shallow,0.4,2.5,0.5,24,0.016624676068168656,296,0.9244825846179604,0.029548950606959723,0.7810325585469305,-0.04214875085500169,0.19932432432432431,4.3682368874281305,0.19594594594594594
0.9,12,deep_slow,0.4,1.5,0.5,12,0.019103795708262847,356,0.8628993078176311,0.02950297412598002,0.9323554938122598,-0.03525290812745363,0.28651685393258425,2.694456859106438,0.28370786516853935
0.95,12,deep_slow,0.4,1.5,0.5,12,0.019103795708262847,356,0.8628993078176311,0.02950297412598002,0.9323554938122598,-0.03525290812745363,0.28651685393258425,2.694456859106438,0.28370786516853935
0.9,12,shallow,0.6,3.0,1.0,24,0.02729219059178709,204,0.9679383118143078,0.02950138782400824,0.4430013816310328,-0.07419045134629487,0.29411764705882354,2.5882912957198236,0.22058823529411764
0.95,12,shallow,0.6,3.0,1.0,24,0.02729219059178709,204,0.9679383118143078,0.02950138782400824,0.4430013816310328,-0.07419045134629487,0.29411764705882354,2.5882912957198236,0.22058823529411764
0.85,11,shallow,0.5,2.0,0.5,6,0.021430229292638114,383,0.821474910584275,0.02949955198164589,0.986282108029464,-0.03332152495908314,0.26631853785900783,2.967958484553255,0.1671018276762402
0.9,12,shallow,0.5,2.0,1.5,24,0.022171242241514764,184,0.8851029338083618,0.029487595189334526,0.4491881205627521,-0.07313435083964914,0.43478260869565216,1.3942352660422428,0.42391304347826086
0.95,12,shallow,0.5,2.0,1.5,24,0.022171242241514764,184,0.8851029338083618,0.029487595189334526,0.4491881205627521,-0.07313435083964914,0.43478260869565216,1.3942352660422428,0.42391304347826086
0.9,12,deep_slow,0.5,1.5,0.5,12,0.02263787441816482,390,0.8328909417115896,0.029431564772316454,0.8576310359161555,-0.03823154428755149,0.28717948717948716,2.666242271346277,0.2794871794871795
0.95,12,deep_slow,0.5,1.5,0.5,12,0.02263787441816482,390,0.8328909417115896,0.029431564772316454,0.8576310359161555,-0.03823154428755149,0.28717948717948716,2.666242271346277,0.2794871794871795
0.8,10,base,0.7,2.5,1.0,24,0.034786761033208866,245,0.7721445166716804,0.02942745634466304,0.3711056766750446,-0.08834134462441412,0.31020408163265306,2.3515606631120898,0.27755102040816326
0.9,12,deep_slow,0.8,3.0,0.5,24,0.03478537134288336,323,0.9198212493347308,0.02937356433160443,0.4585675198120249,-0.07136100347201535,0.17647058823529413,5.005248358522702,0.15170278637770898
0.95,12,deep_slow,0.8,3.0,0.5,24,0.03478537134288336,323,0.9198212493347308,0.02937356433160443,0.4585675198120249,-0.07136100347201535,0.17647058823529413,5.005248358522702,0.15170278637770898
0.8,10,shallow,0.5,3.0,1.5,24,0.02225569419366929,158,0.9750176701689377,0.02932408174549228,0.3913059669335871,-0.08348613530003202,0.3860759493670886,1.7012689673380268,0.26582278481012656
0.9,12,deep_slow,0.8,3.0,1.5,12,0.03478537134288336,212,0.870506157335368,0.029301289404978892,0.37140075296837705,-0.08789209432937017,0.4386792452830189,1.3688787278372592,0.19339622641509435
0.95,12,deep_slow,0.8,3.0,1.5,12,0.03478537134288336,212,0.870506157335368,0.029301289404978892,0.37140075296837705,-0.08789209432937017,0.4386792452830189,1.3688787278372592,0.19339622641509435
0.9,12,deep_slow,0.5,2.0,0.5,12,0.02263787441816482,354,0.8460981271838898,0.02920098081274536,0.669073141283389,-0.04862138260542437,0.2401129943502825,3.4107517634295257,0.211864406779661
0.95,12,deep_slow,0.5,2.0,0.5,12,0.02263787441816482,354,0.8460981271838898,0.02920098081274536,0.669073141283389,-0.04862138260542437,0.2401129943502825,3.4107517634295257,0.211864406779661
0.85,11,deep_slow,0.8,1.5,0.75,6,0.04023212551971341,439,0.674600960785811,0.02919885506633113,0.6282480509568499,-0.05177714304721903,0.38496583143507973,1.7002522587323012,0.3052391799544419
0.8,10,base,0.5,1.5,0.75,12,0.023983485622980496,341,0.769140378583218,0.02918476506775236,0.8004384800944637,-0.040619195431273125,0.3724340175953079,1.7947548948676575,0.36070381231671556
0.9,12,shallow,0.7,2.5,0.75,12,0.033289881212306936,297,0.7708478617296706,0.02917842439621543,0.5557761805003296,-0.058487738486253216,0.29292929292929293,2.577393546446164,0.2053872053872054
0.95,12,shallow,0.7,2.5,0.75,12,0.033289881212306936,297,0.7708478617296706,0.02917842439621543,0.5557761805003296,-0.058487738486253216,0.29292929292929293,2.577393546446164,0.2053872053872054
0.8,10,base,0.5,2.0,1.5,12,0.023983485622980496,209,0.809761041141016,0.029026658197973676,0.5212986821419953,-0.062031131540681406,0.45933014354066987,1.2647132156405507,0.36363636363636365
0.85,11,deep_slow,0.5,2.0,1.5,24,0.02084289794941308,191,0.8024244109770006,0.02899784724326393,0.46829135376109654,-0.06898397578384297,0.44502617801047123,1.3314575375691906,0.42408376963350786
0.9,12,shallow,0.7,2.5,0.5,24,0.033289881212306936,347,0.8216293638678506,0.028989176778720926,0.5139336999017423,-0.06283869844090018,0.19596541786743515,4.383414066274375,0.18155619596541786
0.95,12,shallow,0.7,2.5,0.5,24,0.033289881212306936,347,0.8216293638678506,0.028989176778720926,0.5139336999017423,-0.06283869844090018,0.19596541786743515,4.383414066274375,0.18155619596541786
0.85,11,base,0.7,2.0,1.5,24,0.03218380161661132,204,0.8117937761193403,0.02897992243176084,0.39163046186466727,-0.08243638280427112,0.4362745098039216,1.3741378258565569,0.4166666666666667
0.9,12,deep_slow,0.5,4.0,2.0,24,0.02263787441816482,112,1.1776849630459536,0.028963557635602655,0.4121212734022359,-0.07829331009664009,0.4375,1.4034718415121643,0.20535714285714285
0.95,12,deep_slow,0.5,4.0,2.0,24,0.02263787441816482,112,1.1776849630459536,0.028963557635602655,0.4121212734022359,-0.07829331009664009,0.4375,1.4034718415121643,0.20535714285714285
0.85,11,deep_slow,0.4,1.5,1.0,24,0.015505342952291496,281,0.7811029399300252,0.028920465047020505,0.8850926909492586,-0.03640099615083048,0.43416370106761565,1.3895908231473952,0.43416370106761565
0.8,10,base,0.5,2.5,0.5,12,0.023983485622980496,332,0.8519987020323226,0.02887653866428841,0.696069532632534,-0.04621555891738294,0.22289156626506024,3.762012704186877,0.16265060240963855
0.85,11,shallow,0.8,3.0,0.75,24,0.04206355121771392,255,0.9314626395216977,0.028857580441984165,0.3722242756007538,-0.0863675237101943,0.23921568627450981,3.4029181406310065,0.19215686274509805
0.8,10,shallow,0.8,2.0,1.5,24,0.04189406605295098,213,0.7774385547316577,0.028842754173486584,0.337352679234536,-0.09524615583413576,0.43661971830985913,1.368726655639012,0.41784037558685444
0.85,11,deep_slow,0.8,3.0,0.5,24,0.04023212551971341,320,0.9150632765841903,0.028839988094324642,0.4251964683297459,-0.07556144482232274,0.178125,4.94502391403785,0.153125
0.85,11,shallow,0.6,1.5,1.0,24,0.026722697488877702,317,0.7230842827888755,0.02882665188984923,0.6122894755113755,-0.05244836030754951,0.4195583596214511,1.4785027488730795,0.416403785488959
0.9,12,shallow,0.4,2.5,0.5,24,0.01727300411761307,278,0.942133574324254,0.028749397758701,0.8072769930704476,-0.03967334636469955,0.2014388489208633,4.3258324281506155,0.19424460431654678
0.95,12,shallow,0.4,2.5,0.5,24,0.01727300411761307,278,0.942133574324254,0.028749397758701,0.8072769930704476,-0.03967334636469955,0.2014388489208633,4.3258324281506155,0.19424460431654678
0.9,12,base,0.7,2.0,1.0,12,0.029700257367501218,287,0.7448148165516963,0.02870858239679519,0.4163671786477482,-0.07681162296916377,0.37630662020905925,1.7821211383802784,0.30662020905923343
0.95,12,base,0.7,2.0,1.0,12,0.029700257367501218,287,0.7448148165516963,0.02870858239679519,0.4163671786477482,-0.07681162296916377,0.37630662020905925,1.7821211383802784,0.30662020905923343
0.85,11,deep_slow,0.5,3.0,0.75,12,0.02084289794941308,263,0.916813073461985,0.028708089076504573,0.6384144730981954,-0.05009486729136037,0.2737642585551331,2.8466456012970527,0.1634980988593156
0.8,10,base,0.4,1.5,1.0,24,0.018576634829056745,265,0.8072089287709187,0.028688026821636514,0.9429215088796871,-0.033893492717700036,0.43018867924528303,1.4172688513500138,0.42641509433962266
0.8,10,base,0.4,1.5,1.0,12,0.018576634829056745,269,0.7983765033407287,0.02864154431203003,1.0034226923605374,-0.031798203875986086,0.43866171003717475,1.3690142002897088,0.4163568773234201
0.9,12,deep_slow,0.8,4.0,1.0,24,0.03478537134288336,190,0.9916361069143967,0.02862669733097456,0.3645498744567247,-0.08747904132862694,0.2631578947368421,2.9894910141405666,0.15263157894736842
0.95,12,deep_slow,0.8,4.0,1.0,24,0.03478537134288336,190,0.9916361069143967,0.02862669733097456,0.3645498744567247,-0.08747904132862694,0.2631578947368421,2.9894910141405666,0.15263157894736842
0.85,11,shallow,0.7,2.5,1.5,12,0.03422839379787348,214,0.7573747951629128,0.028621933907778008,0.3482246874244491,-0.09156489992772843,0.4392523364485981,1.360085280143979,0.24299065420560748
0.85,11,deep_slow,0.7,2.0,1.0,24,0.032567944659426015,263,0.7510296175342237,0.028578491445325094,0.3990161059957512,-0.0797879749069087,0.34980988593155893,1.9738616718892812,0.34220532319391633
0.85,11,deep_slow,0.4,2.0,1.0,12,0.015505342952291496,246,0.794134524994168,0.028553815006434835,0.6350636027669497,-0.05008813903922982,0.3902439024390244,1.6733939232002244,0.3130081300813008
0.85,11,shallow,0.6,1.5,0.75,24,0.026722697488877702,364,0.7235913130295332,0.028543959474521152,0.7685538105739498,-0.04137401597011714,0.3598901098901099,1.9032448309732892,0.3598901098901099
0.85,11,base,0.8,2.0,0.75,6,0.037861802141293005,389,0.7139260243597828,0.02850920221551534,0.43282131553513886,-0.0733775714167828,0.36246786632390743,1.8738821566885486,0.20565552699228792
0.9,12,deep_slow,0.4,1.5,0.75,6,0.019103795708262847,329,0.762642430068354,0.028464371992413584,0.5538278891401691,-0.05725489491048752,0.3981762917933131,1.6201513645280943,0.3191489361702128
0.95,12,deep_slow,0.4,1.5,0.75,6,0.019103795708262847,329,0.762642430068354,0.028464371992413584,0.5538278891401691,-0.05725489491048752,0.3981762917933131,1.6201513645280943,0.3191489361702128
0.9,12,base,0.4,2.0,1.5,24,0.01632796766513659,181,0.8335808927622083,0.028414666189274573,0.3911645186432217,-0.08092221311365455,0.4419889502762431,1.353022673673431,0.4198895027624309
0.95,12,base,0.4,2.0,1.5,24,0.01632796766513659,181,0.8335808927622083,0.028414666189274573,0.3911645186432217,-0.08092221311365455,0.4419889502762431,1.353022673673431,0.4198895027624309
0.8,10,shallow,0.7,2.0,1.5,24,0.034650808039162956,213,0.7330118224438115,0.028413961140433486,0.35018356228272246,-0.09039005623379492,0.43661971830985913,1.367527296112068,0.41784037558685444
0.8,10,shallow,0.6,2.0,1.5,6,0.0281987593635591,281,0.7145134822345499,0.028409748738769558,0.44483218415380005,-0.07114685730523318,0.49110320284697506,1.1012377156392579,0.2277580071174377
0.9,12,deep_slow,0.6,1.0,0.75,6,0.026488612559532297,459,0.7042468713455637,0.028357911579844464,0.6064113724154663,-0.05209429871621818,0.46187363834422657,1.2394552652272637,0.4444444444444444
0.95,12,deep_slow,0.6,1.0,0.75,6,0.026488612559532297,459,0.7042468713455637,0.028357911579844464,0.6064113724154663,-0.05209429871621818,0.46187363834422657,1.2394552652272637,0.4444444444444444
0.85,11,base,0.5,2.5,1.0,12,0.022967702564092134,242,0.7474056885196562,0.028323078855328587,0.5030119395976058,-0.0627255709908503,0.33884297520661155,2.0880997905842302,0.2396694214876033
0.85,11,base,0.7,4.0,2.5,24,0.03218380161661132,113,1.009193516647895,0.02828340299186749,0.3785696625839906,-0.0832275977527136,0.48672566371681414,1.1496611304117716,0.24778761061946902
0.9,12,base,0.4,2.0,0.5,6,0.01632796766513659,331,0.8643537564024034,0.02826989242897837,0.6283753463622462,-0.05011713093565695,0.2688821752265861,2.9561107246359937,0.1691842900302115
0.95,12,base,0.4,2.0,0.5,6,0.01632796766513659,331,0.8643537564024034,0.02826989242897837,0.6283753463622462,-0.05011713093565695,0.2688821752265861,2.9561107246359937,0.1691842900302115
0.9,12,base,0.4,1.5,0.5,24,0.01632796766513659,344,0.8691605431915506,0.0282653065152767,0.8338414459909474,-0.03776167884542225,0.28488372093023256,2.7160025510179793,0.28488372093023256
0.95,12,base,0.4,1.5,0.5,24,0.01632796766513659,344,0.8691605431915506,0.0282653065152767,0.8338414459909474,-0.03776167884542225,0.28488372093023256,2.7160025510179793,0.28488372093023256
0.85,11,shallow,0.8,3.0,2.5,24,0.04206355121771392,123,1.0391784942101197,0.02820988694214943,0.3942398246886884,-0.07971142974203738,0.5121951219512195,1.0328279292196594,0.3252032520325203
0.9,12,base,0.4,2.5,1.5,24,0.01632796766513659,164,0.8733957084759173,0.028202389653904092,0.3852588124811548,-0.08154792106780717,0.39634146341463417,1.6222449410713884,0.34146341463414637
0.95,12,base,0.4,2.5,1.5,24,0.01632796766513659,164,0.8733957084759173,0.028202389653904092,0.3852588124811548,-0.08154792106780717,0.39634146341463417,1.6222449410713884,0.34146341463414637
0.8,10,shallow,0.4,3.0,0.5,24,0.016624676068168656,266,0.9561178748607093,0.028193207236520523,0.7407902287933682,-0.04239636139217895,0.18045112781954886,4.952943275642063,0.16165413533834586
0.8,10,base,0.6,2.0,0.75,12,0.028890652717152483,313,0.7752762336844075,0.028177547700552585,0.6172142722811541,-0.05085646927724774,0.3226837060702875,2.26729621380584,0.2779552715654952
0.85,11,deep_slow,0.4,2.5,1.5,24,0.015505342952291496,166,0.839854415411102,0.028170345581926215,0.5052041315872075,-0.062116085779088226,0.41566265060240964,1.4960735492424753,0.3313253012048193
0.8,10,shallow,0.6,2.0,0.75,6,0.0281987593635591,350,0.7406670900047051,0.028164513517028755,0.5690047339872915,-0.055139780725418364,0.3657142857142857,1.8487395197040373,0.19714285714285715
0.9,12,shallow,0.4,2.5,1.0,6,0.01727300411761307,265,0.7734915233732698,0.02814917855436727,0.7615273592583179,-0.04117736084881318,0.42641509433962266,1.4435616801628657,0.1660377358490566
0.95,12,shallow,0.4,2.5,1.0,6,0.01727300411761307,265,0.7734915233732698,0.02814917855436727,0.7615273592583179,-0.04117736084881318,0.42641509433962266,1.4435616801628657,0.1660377358490566
0.85,11,base,0.5,3.0,0.5,24,0.022967702564092134,279,0.959987140346597,0.02814641850528332,0.5514199766946362,-0.056861573352310346,0.17921146953405018,4.970271440392016,0.15770609318996415
0.85,11,deep_slow,0.7,2.5,0.5,12,0.032567944659426015,362,0.8108922443274695,0.02809670507457529,0.5057868783564616,-0.06188207554529035,0.22375690607734808,3.7140692807198854,0.16298342541436464
0.8,10,deep_slow,0.5,2.5,2.0,12,0.02386910511055699,177,0.7941189790111467,0.02809068283501248,0.4267614678693748,-0.07332532371403777,0.4915254237288136,1.1104154030921582,0.2711864406779661
0.8,10,base,0.7,2.5,2.0,24,0.034786761033208866,157,0.8130453328941272,0.028071649144873367,0.39755325961905114,-0.07865911318949359,0.4713375796178344,1.1960021117726738,0.39490445859872614
0.8,10,deep_slow,0.4,3.0,1.0,24,0.02012685895493155,187,0.8978234229362361,0.028001515982605474,0.4432622180415932,-0.07037130218628407,0.2994652406417112,2.5259085722670456,0.23529411764705882
0.9,12,shallow,0.8,2.0,1.0,12,0.04167225887876418,293,0.7233499242172103,0.02798681527527136,0.3609358462302204,-0.08637695136446444,0.378839590443686,1.7600384318241928,0.29692832764505117
0.95,12,shallow,0.8,2.0,1.0,12,0.04167225887876418,293,0.7233499242172103,0.02798681527527136,0.3609358462302204,-0.08637695136446444,0.378839590443686,1.7600384318241928,0.29692832764505117
0.85,11,deep_slow,0.6,1.5,1.0,12,0.02660926817449534,325,0.7002004476795269,0.02790023724958135,0.5227335124750462,-0.05945657478995425,0.42153846153846153,1.449154030824801,0.40307692307692305
0.9,12,base,0.8,3.0,1.0,12,0.03553384163128094,259,0.7933576986684111,0.027882138951482727,0.3433929060661887,-0.09044960375119104,0.33976833976833976,2.06592101519086,0.17374517374517376
0.95,12,base,0.8,3.0,1.0,12,0.03553384163128094,259,0.7933576986684111,0.027882138951482727,0.3433929060661887,-0.09044960375119104,0.33976833976833976,2.06592101519086,0.17374517374517376
0.8,10,base,0.7,2.5,1.5,24,0.034786761033208866,186,0.7893666638632637,0.027865972873222455,0.35378885264799886,-0.08774079773441967,0.3978494623655914,1.5984298547399396,0.3387096774193548
0.85,11,deep_slow,0.8,1.5,0.75,24,0.04023212551971341,398,0.6615879494214093,0.02778320229664688,0.6183332557119834,-0.05005289806847868,0.36180904522613067,1.8724902504660434,0.36180904522613067
0.8,10,shallow,0.6,1.5,1.0,24,0.0281987593635591,314,0.7049911922640377,0.027761502130155158,0.47348434326584865,-0.06531401037811735,0.42038216560509556,1.456573224071402,0.42038216560509556
0.85,11,shallow,0.4,2.5,1.0,24,0.014641812176194218,203,0.7855068407382879,0.02775184882526993,0.34047343415018194,-0.09079824848501705,0.32019704433497537,2.2862771995291267,0.2660098522167488
0.85,11,base,0.4,4.0,2.5,24,0.018069504979977443,104,1.0875738903719858,0.02770129065433924,0.3926798074937816,-0.0785830725215162,0.46153846153846156,1.2687172765744656,0.2403846153846154
0.85,11,deep_slow,0.5,1.5,1.0,12,0.02084289794941308,310,0.7035029823141946,0.027619664654130904,0.6577494230203438,-0.04677604962582793,0.432258064516129,1.3896487278209952,0.4096774193548387
0.85,11,base,0.8,4.0,2.5,24,0.037861802141293005,110,1.038832910596024,0.027604453805864848,0.3571893342027876,-0.08608865606592675,0.4818181818181818,1.1740601615838293,0.23636363636363636
0.8,10,shallow,0.5,4.0,2.5,24,0.02225569419366929,104,1.2482963128815145,0.027598851299339255,0.41759605039571307,-0.07362066597857475,0.47115384615384615,1.233651991865841,0.2403846153846154
0.9,12,base,0.8,2.0,1.0,12,0.03553384163128094,292,0.7178371614743567,0.027588623617927244,0.3481021394144604,-0.0882852629143297,0.3801369863013699,1.749472127617396,0.2945205479452055
0.95,12,base,0.8,2.0,1.0,12,0.03553384163128094,292,0.7178371614743567,0.027588623617927244,0.3481021394144604,-0.0882852629143297,0.3801369863013699,1.749472127617396,0.2945205479452055
0.85,11,deep_slow,0.6,4.0,1.5,24,0.02660926817449534,145,1.0039422671121396,0.027518617393704314,0.3669860119804324,-0.08352957957132667,0.3586206896551724,1.9226463480948166,0.1793103448275862
0.9,12,deep_slow,0.5,2.0,1.0,24,0.02263787441816482,234,0.7894345998427256,0.02750931968590442,0.3632044863816485,-0.08437069366230754,0.3504273504273504,1.98171844631896,0.3418803418803419
0.95,12,deep_slow,0.5,2.0,1.0,24,0.02263787441816482,234,0.7894345998427256,0.02750931968590442,0.3632044863816485,-0.08437069366230754,0.3504273504273504,1.98171844631896,0.3418803418803419
0.85,11,shallow,0.8,2.0,0.75,24,0.04206355121771392,324,0.7184053103322228,0.027471751761733776,0.35335158838050185,-0.08660468367881191,0.2932098765432099,2.5863897361637718,0.28703703703703703
0.8,10,shallow,0.4,2.5,0.75,6,0.016624676068168656,288,0.7676682752059703,0.027470535131818297,0.628412529005971,-0.0486949954372522,0.3368055555555556,2.1142519066011642,0.1527777777777778
0.85,11,deep_slow,0.6,3.0,1.0,12,0.02660926817449534,238,0.8182610742713834,0.027413453555908074,0.49402301493951867,-0.06181263363376788,0.3319327731092437,2.1477069776425526,0.18487394957983194
0.9,12,base,0.4,1.5,1.0,24,0.01632796766513659,265,0.768864930387759,0.02734992257623614,0.5837259959824006,-0.052192274439475606,0.4226415094339623,1.4579193663588212,0.4188679245283019
0.95,12,base,0.4,1.5,1.0,24,0.01632796766513659,265,0.768864930387759,0.02734992257623614,0.5837259959824006,-0.052192274439475606,0.4226415094339623,1.4579193663588212,0.4188679245283019
0.9,12,shallow,0.6,2.5,0.5,12,0.02729219059178709,342,0.7851166954285091,0.027342910162097223,0.5113858144047869,-0.059560049150006567,0.21929824561403508,3.820268627440091,0.1608187134502924
0.95,12,shallow,0.6,2.5,0.5,12,0.02729219059178709,342,0.7851166954285091,0.027342910162097223,0.5113858144047869,-0.059560049150006567,0.21929824561403508,3.820268627440091,0.1608187134502924
0.9,12,shallow,0.7,2.5,0.5,12,0.033289881212306936,363,0.7528953911098414,0.027331594311233998,0.5641744694531695,-0.05396476053635302,0.21487603305785125,3.9068705589015673,0.15702479338842976
0.95,12,shallow,0.7,2.5,0.5,12,0.033289881212306936,363,0.7528953911098414,0.027331594311233998,0.5641744694531695,-0.05396476053635302,0.21487603305785125,3.9068705589015673,0.15702479338842976
0.8,10,base,0.5,1.5,0.75,24,0.023983485622980496,337,0.7211979609553966,0.027305062488247822,0.7284491984015914,-0.04175437499296841,0.36795252225519287,1.8224004094868531,0.36795252225519287
0.9,12,deep_slow,0.4,3.0,1.5,24,0.019103795708262847,149,0.9492587824602232,0.027292618783316458,0.34765864077992875,-0.08744801694107152,0.37583892617449666,1.7700701042647693,0.28187919463087246
0.95,12,deep_slow,0.4,3.0,1.5,24,0.019103795708262847,149,0.9492587824602232,0.027292618783316458,0.34765864077992875,-0.08744801694107152,0.37583892617449666,1.7700701042647693,0.28187919463087246
0.85,11,base,0.8,3.0,1.0,24,0.037861802141293005,226,0.8270428563076253,0.027247956054604172,0.31951610036117295,-0.09499437673232536,0.2831858407079646,2.6737408543323373,0.23008849557522124
0.9,12,shallow,0.6,4.0,2.0,24,0.02729219059178709,118,1.0897519530249662,0.027193677184164988,0.39386083392076593,-0.07690960061896335,0.4322033898305085,1.4239268411545745,0.19491525423728814
0.95,12,shallow,0.6,4.0,2.0,24,0.02729219059178709,118,1.0897519530249662,0.027193677184164988,0.39386083392076593,-0.07690960061896335,0.4322033898305085,1.4239268411545745,0.19491525423728814
0.9,12,deep_slow,0.5,2.0,1.5,24,0.02263787441816482,188,0.8001076325639126,0.02718092872323541,0.30726771702252875,-0.09853771047061743,0.43617021276595747,1.3758066269159268,0.42021276595744683
0.95,12,deep_slow,0.5,2.0,1.5,24,0.02263787441816482,188,0.8001076325639126,0.02718092872323541,0.30726771702252875,-0.09853771047061743,0.43617021276595747,1.3758066269159268,0.42021276595744683
0.9,12,base,0.4,1.5,0.5,6,0.01632796766513659,359,0.8231640460361731,0.027158367147286144,0.7790930470010572,-0.03883013454663364,0.3064066852367688,2.4435574673549394,0.25069637883008355
0.95,12,base,0.4,1.5,0.5,6,0.01632796766513659,359,0.8231640460361731,0.027158367147286144,0.7790930470010572,-0.03883013454663364,0.3064066852367688,2.4435574673549394,0.25069637883008355
0.85,11,deep_slow,0.6,2.0,1.0,12,0.02660926817449534,272,0.7087201979102394,0.02709228231295402,0.46340073703683937,-0.0651241185417567,0.375,1.76838386491318,0.3014705882352941
0.85,11,shallow,0.6,1.5,0.75,6,0.026722697488877702,398,0.6727871763048467,0.027072335028358818,0.739892413252944,-0.040757698263242936,0.3844221105527638,1.7088395713439932,0.3065326633165829
0.9,12,deep_slow,0.4,2.5,0.75,6,0.019103795708262847,287,0.7596979083332692,0.027067266076711505,0.5288264978354443,-0.05701427033903883,0.33797909407665505,2.0996367670176443,0.156794425087108
0.95,12,deep_slow,0.4,2.5,0.75,6,0.019103795708262847,287,0.7596979083332692,0.027067266076711505,0.5288264978354443,-0.05701427033903883,0.33797909407665505,2.0996367670176443,0.156794425087108
0.85,11,deep_slow,0.8,2.5,0.5,12,0.04023212551971341,391,0.714692527420547,0.026942176158008646,0.39278124735373693,-0.07640667777296584,0.21739130434782608,3.826595782055902,0.16112531969309463
0.9,12,deep_slow,0.4,3.0,1.0,24,0.019103795708262847,181,0.9556166867952011,0.026935296405623532,0.440455778204792,-0.06811906413390567,0.2983425414364641,2.5406331144710395,0.23204419889502761
0.95,12,deep_slow,0.4,3.0,1.0,24,0.019103795708262847,181,0.9556166867952011,0.026935296405623532,0.440455778204792,-0.06811906413390567,0.2983425414364641,2.5406331144710395,0.23204419889502761
0.85,11,base,0.7,2.5,1.5,24,0.03218380161661132,190,0.7594669263155828,0.0268840301488793,0.3596034079739697,-0.08327575372000395,0.4,1.5782152362202306,0.3473684210526316
0.85,11,deep_slow,0.5,2.5,1.0,12,0.02084289794941308,248,0.7187024329137206,0.026869439771691983,0.42255168543504756,-0.07083149705551972,0.3467741935483871,2.0039939134903157,0.23387096774193547
0.8,10,base,0.5,3.0,2.5,24,0.023983485622980496,119,1.0460457178601006,0.026855966722430624,0.3581224700367955,-0.08353270474052044,0.5042016806722689,1.0566649433039719,0.33613445378151263
0.85,11,shallow,0.7,2.0,1.0,12,0.03422839379787348,283,0.706072626457632,0.026849724331556635,0.3759501911603914,-0.07955302467717318,0.3745583038869258,1.7907589023763921,0.303886925795053
0.8,10,base,0.5,3.0,2.0,24,0.023983485622980496,128,1.0089003085102115,0.02684567784352887,0.4100349580033758,-0.07292905198236799,0.46875,1.2148445192704784,0.296875
0.9,12,deep_slow,0.4,2.0,1.5,24,0.019103795708262847,179,0.7890661764030743,0.026826176826620696,0.3363056762823514,-0.08885281606316797,0.43575418994413406,1.3811229415295156,0.41899441340782123
0.95,12,deep_slow,0.4,2.0,1.5,24,0.019103795708262847,179,0.7890661764030743,0.026826176826620696,0.3363056762823514,-0.08885281606316797,0.43575418994413406,1.3811229415295156,0.41899441340782123
0.85,11,base,0.6,3.0,1.0,12,0.02743703889797145,242,0.7972473744111097,0.026823896394139624,0.4083849204785808,-0.07316421582341304,0.3347107438016529,2.1167310713851863,0.1859504132231405
0.85,11,shallow,0.4,4.0,1.0,24,0.014641812176194218,165,1.0288162551775055,0.026814322603394336,0.3887865795921158,-0.07682488028235557,0.28484848484848485,2.7214493325928597,0.15151515151515152
0.85,11,deep_slow,0.4,3.0,0.75,12,0.015505342952291496,249,0.8567436220181794,0.02667199915394569,0.6379719396699602,-0.04656899964685879,0.27710843373493976,2.795098106086281,0.18072289156626506
0.85,11,deep_slow,0.5,2.0,0.75,12,0.02084289794941308,301,0.7275059859080505,0.02662908263571473,0.6128206549722718,-0.04840215520660773,0.31561461794019935,2.3046070014844036,0.2691029900332226
0.8,10,shallow,0.4,2.5,1.5,24,0.016624676068168656,166,0.7734697265316224,0.02662087061825935,0.3771770334392525,-0.07861740540153583,0.39759036144578314,1.6157700260896974,0.3433734939759036
0.9,12,base,0.7,2.0,0.5,6,0.029700257367501218,440,0.7000314398311701,0.02657899692180954,0.5742597319323691,-0.051555014356200135,0.2636363636363636,2.9913097549500343,0.1590909090909091
0.95,12,base,0.7,2.0,0.5,6,0.029700257367501218,440,0.7000314398311701,0.02657899692180954,0.5742597319323691,-0.051555014356200135,0.2636363636363636,2.9913097549500343,0.1590909090909091
0.9,12,base,0.4,1.5,0.5,12,0.01632796766513659,344,0.8184006569062735,0.026551747593848152,0.7832165444752889,-0.03776167884542225,0.28488372093023256,2.7035262029181992,0.2819767441860465
0.95,12,base,0.4,1.5,0.5,12,0.01632796766513659,344,0.8184006569062735,0.026551747593848152,0.7832165444752889,-0.03776167884542225,0.28488372093023256,2.7035262029181992,0.2819767441860465
0.85,11,deep_slow,0.7,2.0,0.75,12,0.032567944659426015,318,0.7158483597798976,0.026506219355455274,0.4159989105463804,-0.07097322497968872,0.31761006289308175,2.27586380400152,0.2641509433962264
0.8,10,base,0.6,2.0,0.5,24,0.028890652717152483,359,0.7855045340277813,0.026492119960028537,0.6547442699365671,-0.045069590700507534,0.23119777158774374,3.6045255003498,0.23119777158774374
0.8,10,base,0.8,3.0,2.0,12,0.041557390516231536,187,0.7984875729774941,0.026473019207867265,0.44436228924601145,-0.06635970229872801,0.48663101604278075,1.1250299850434813,0.20855614973262032
0.85,11,deep_slow,0.8,2.0,1.0,24,0.04023212551971341,279,0.6708974794947221,0.02646550202885556,0.32541708628577337,-0.09058947735723266,0.34767025089605735,2.003241729692951,0.34050179211469533
0.9,12,deep_slow,0.4,3.0,2.0,24,0.019103795708262847,126,0.9508489975203797,0.026462558883281417,0.34144896065912483,-0.08632646184811743,0.4523809523809524,1.3054439950506265,0.30952380952380953
0.95,12,deep_slow,0.4,3.0,2.0,24,0.019103795708262847,126,0.9508489975203797,0.026462558883281417,0.34144896065912483,-0.08632646184811743,0.4523809523809524,1.3054439950506265,0.30952380952380953
0.9,12,base,0.8,2.5,1.0,24,0.03553384163128094,245,0.7115484169959013,0.026448410938883393,0.3614268929676677,-0.08151108607911817,0.31020408163265306,2.337363147325461,0.27755102040816326
0.95,12,base,0.8,2.5,1.0,24,0.03553384163128094,245,0.7115484169959013,0.026448410938883393,0.3614268929676677,-0.08151108607911817,0.31020408163265306,2.337363147325461,0.27755102040816326
0.9,12,deep_slow,0.4,2.0,1.0,6,0.019103795708262847,277,0.730869060236748,0.026389856710515858,0.4299970907018432,-0.06836088427451992,0.4223826714801444,1.4598796774153215,0.22021660649819494
0.95,12,deep_slow,0.4,2.0,1.0,6,0.019103795708262847,277,0.730869060236748,0.026389856710515858,0.4299970907018432,-0.06836088427451992,0.4223826714801444,1.4598796774153215,0.22021660649819494
0.85,11,deep_slow,0.7,2.5,1.0,6,0.032567944659426015,315,0.6717065522904694,0.026372055488363744,0.42545106299496793,-0.06904466044293323,0.4031746031746032,1.5675866234168458,0.1523809523809524
0.85,11,base,0.7,2.5,0.5,24,0.03218380161661132,348,0.7664761563837029,0.02635763376276201,0.46487907040368887,-0.06315413773742151,0.19540229885057472,4.369248430427329,0.1839080459770115
0.9,12,deep_slow,0.6,3.0,1.0,24,0.026488612559532297,207,0.8634447146676195,0.026301254004095886,0.36248225153489805,-0.08082091117181867,0.2898550724637681,2.5904645360324174,0.22705314009661837
0.95,12,deep_slow,0.6,3.0,1.0,24,0.026488612559532297,207,0.8634447146676195,0.026301254004095886,0.36248225153489805,-0.08082091117181867,0.2898550724637681,2.5904645360324174,0.22705314009661837
0.8,10,shallow,0.8,2.5,0.75,6,0.04189406605295098,379,0.6690789587902427,0.026292428965108083,0.3811959341764361,-0.07682742398248876,0.33773087071240104,2.0827640545322113,0.15303430079155672
0.8,10,shallow,0.7,2.0,1.5,12,0.034650808039162956,237,0.6703650909228758,0.02628005450617188,0.36609403208040836,-0.07995896022549664,0.4641350210970464,1.219529625327166,0.350210970464135
0.85,11,base,0.8,3.0,0.75,12,0.037861802141293005,293,0.7932120446694975,0.02624441309856329,0.3338585705514209,-0.08756025283968238,0.26621160409556316,2.927650849349032,0.15699658703071673
0.9,12,shallow,0.5,2.5,1.5,6,0.022171242241514764,257,0.6974378709339408,0.026147850166811537,0.3702571894433574,-0.0786616124672056,0.4785992217898833,1.1545157780989201,0.1828793774319066
0.95,12,shallow,0.5,2.5,1.5,6,0.022171242241514764,257,0.6974378709339408,0.026147850166811537,0.3702571894433574,-0.0786616124672056,0.4785992217898833,1.1545157780989201,0.1828793774319066
0.9,12,deep_slow,0.4,1.5,0.5,6,0.019103795708262847,370,0.7578810228694559,0.02609035178244201,0.7515355684129056,-0.038668682416137856,0.3108108108108108,2.3806465437424373,0.25675675675675674
0.95,12,deep_slow,0.4,1.5,0.5,6,0.019103795708262847,370,0.7578810228694559,0.02609035178244201,0.7515355684129056,-0.038668682416137856,0.3108108108108108,2.3806465437424373,0.25675675675675674
0.85,11,deep_slow,0.6,2.0,0.5,6,0.02660926817449534,417,0.6965974516041616,0.026077858562684186,0.7990919102804124,-0.03634995445779621,0.2637889688249401,2.965646952659977,0.1630695443645084
0.9,12,base,0.5,2.0,0.5,6,0.020354141462207622,375,0.7621709908594483,0.02605125195108604,0.559014725263872,-0.05190789207652646,0.264,2.983118659313169,0.16533333333333333
0.95,12,base,0.5,2.0,0.5,6,0.020354141462207622,375,0.7621709908594483,0.02605125195108604,0.559014725263872,-0.05190789207652646,0.264,2.983118659313169,0.16533333333333333
0.85,11,shallow,0.8,2.0,1.0,6,0.04206355121771392,346,0.6313734753200417,0.026033733650427715,0.37077528809038673,-0.07820838147599041,0.41329479768786126,1.5035676056711835,0.20520231213872833
0.8,10,base,0.5,4.0,2.5,24,0.023983485622980496,105,1.1696711344157396,0.026032390239505654,0.36634062036817244,-0.07915102789422235,0.4666666666666667,1.2298034770019555,0.21904761904761905
0.85,11,deep_slow,0.8,3.0,2.5,12,0.04023212551971341,168,0.8486426159152699,0.025976838027220506,0.3774399590265143,-0.07665926804804746,0.48214285714285715,1.1471969630328944,0.2261904761904762
0.9,12,deep_slow,0.4,4.0,2.0,24,0.019103795708262847,112,1.0351963277542238,0.02595166207028332,0.3112827429991726,-0.09286151983771196,0.42857142857142855,1.4397927298401292,0.21428571428571427
0.95,12,deep_slow,0.4,4.0,2.0,24,0.019103795708262847,112,1.0351963277542238,0.02595166207028332,0.3112827429991726,-0.09286151983771196,0.42857142857142855,1.4397927298401292,0.21428571428571427
0.8,10,shallow,0.4,2.0,1.0,6,0.016624676068168656,277,0.7123561987813005,0.02594435372613968,0.5546071828446665,-0.05210541347449027,0.4151624548736462,1.5006267088926426,0.21299638989169675
0.85,11,deep_slow,0.8,2.0,1.5,6,0.04023212551971341,310,0.6180889834248179,0.0259342914769507,0.29305382545519865,-0.09857169646423403,0.47096774193548385,1.179502738584791,0.23548387096774193
0.8,10,shallow,0.8,3.0,2.5,24,0.04189406605295098,128,0.9042888206004013,0.025826556706533665,0.3500823730946464,-0.08217106575782207,0.5,1.0740244806203612,0.3203125
0.85,11,shallow,0.5,3.0,0.5,24,0.021430229292638114,281,0.8876074063041415,0.025822623157877977,0.6066964485941438,-0.04740798166792837,0.18149466192170818,4.862726830302662,0.15302491103202848
0.85,11,deep_slow,0.8,2.5,1.0,6,0.04023212551971341,334,0.6337539868065166,0.02578819105427721,0.449507242480233,-0.06390074502305676,0.40119760479041916,1.58064713844739,0.15269461077844312
0.85,11,deep_slow,0.6,1.5,0.75,6,0.02660926817449534,396,0.6326520699775325,0.025747383788199407,0.6254131947454803,-0.045855013415099455,0.3787878787878788,1.7269240289041616,0.31313131313131315
0.85,11,base,0.6,2.5,1.0,12,0.02743703889797145,259,0.6798548789540328,0.025737813922844133,0.44989450265608055,-0.06372084093755714,0.3474903474903475,1.989131439401729,0.23552123552123552
0.8,10,base,0.5,2.0,0.5,12,0.023983485622980496,354,0.7585613002119547,0.025692234459558705,0.6429347288516959,-0.0445096753891997,0.24293785310734464,3.327236480463867,0.21468926553672316
0.9,12,deep_slow,0.5,1.5,1.0,12,0.02263787441816482,297,0.6895267400485208,0.02564410221247182,0.5201931870535055,-0.05490869486291927,0.4276094276094276,1.413908922127039,0.41414141414141414
0.95,12,deep_slow,0.5,1.5,1.0,12,0.02263787441816482,297,0.6895267400485208,0.02564410221247182,0.5201931870535055,-0.05490869486291927,0.4276094276094276,1.413908922127039,0.41414141414141414
0.8,10,base,0.7,3.0,0.75,24,0.034786761033208866,256,0.8215911987564064,0.025639957907357402,0.3191789867332868,-0.08947489523531704,0.234375,3.452858588573531,0.19921875
0.8,10,shallow,0.6,3.0,1.5,12,0.0281987593635591,203,0.7674541359953909,0.025630850637302194,0.3888565512787355,-0.07341614283908338,0.43842364532019706,1.3596525090779448,0.2019704433497537
0.9,12,base,0.7,1.5,1.0,6,0.029700257367501218,376,0.6097504445572093,0.02562701244924659,0.509631022482837,-0.056009280686512564,0.44148936170212766,1.3395183059896396,0.34308510638297873
0.95,12,base,0.7,1.5,1.0,6,0.029700257367501218,376,0.6097504445572093,0.02562701244924659,0.509631022482837,-0.056009280686512564,0.44148936170212766,1.3395183059896396,0.34308510638297873
0.85,11,base,0.5,2.5,1.0,24,0.022967702564092134,215,0.7035983932000451,0.025617350167235653,0.4130681058048004,-0.06907647734139477,0.3209302325581395,2.254785522615305,0.27906976744186046
0.8,10,deep_slow,0.8,3.0,2.0,12,0.03652372924092767,189,0.7858133257700046,0.025567845195307637,0.30959974819232716,-0.09198351105133185,0.48677248677248675,1.1211446033763017,0.20634920634920634
0.85,11,deep_slow,0.6,3.0,2.5,12,0.02660926817449534,163,0.8151234854803698,0.02553038862549517,0.35125880638148993,-0.08095538823335147,0.48466257668711654,1.134882069704791,0.25153374233128833
0.9,12,base,0.7,1.5,0.75,24,0.029700257367501218,387,0.6213326095042944,0.02552974413696152,0.5792792111278119,-0.049087855455311136,0.36175710594315247,1.8693158081588859,0.36175710594315247
0.95,12,base,0.7,1.5,0.75,24,0.029700257367501218,387,0.6213326095042944,0.02552974413696152,0.5792792111278119,-0.049087855455311136,0.36175710594315247,1.8693158081588859,0.36175710594315247
0.9,12,deep_slow,0.5,3.0,0.5,24,0.02263787441816482,291,0.8572848458956002,0.02551786702014347,0.45953454187104487,-0.06185025057086546,0.18213058419243985,4.827883864519516,0.15463917525773196
0.95,12,deep_slow,0.5,3.0,0.5,24,0.02263787441816482,291,0.8572848458956002,0.02551786702014347,0.45953454187104487,-0.06185025057086546,0.18213058419243985,4.827883864519516,0.15463917525773196
0.8,10,deep_slow,0.8,4.0,2.5,24,0.03652372924092767,109,0.9450288481950418,0.02549500801547655,0.31975657102731486,-0.08880765077318054,0.4954128440366973,1.0946079270283477,0.22018348623853212
0.9,12,shallow,0.4,3.0,2.0,24,0.01727300411761307,119,0.8932752203838403,0.025428967017161908,0.4356898571520681,-0.06500763885756555,0.46218487394957986,1.2553650624992525,0.31092436974789917
0.95,12,shallow,0.4,3.0,2.0,24,0.01727300411761307,119,0.8932752203838403,0.025428967017161908,0.4356898571520681,-0.06500763885756555,0.46218487394957986,1.2553650624992525,0.31092436974789917
0.9,12,deep_slow,0.8,2.5,1.0,24,0.03478537134288336,244,0.6671077698360092,0.025396071806913723,0.31557714880319176,-0.08963411462588489,0.3155737704918033,2.2749868223442697,0.27459016393442626
0.95,12,deep_slow,0.8,2.5,1.0,24,0.03478537134288336,244,0.6671077698360092,0.025396071806913723,0.31557714880319176,-0.08963411462588489,0.3155737704918033,2.2749868223442697,0.27459016393442626
0.85,11,shallow,0.4,2.0,1.5,24,0.014641812176194218,180,0.747958422773023,0.025365427993940592,0.37401573400135635,-0.07553772870409203,0.43333333333333335,1.3895075016273277,0.4222222222222222
0.85,11,deep_slow,0.4,1.5,1.0,6,0.015505342952291496,304,0.6735276071199213,0.025364997449034643,0.6875911421407362,-0.041088107593605816,0.47039473684210525,1.1946616180226328,0.35855263157894735
0.8,10,shallow,0.5,3.0,1.0,12,0.02225569419366929,225,0.7915513219363179,0.025217683226395726,0.46899891543117556,-0.05988821977873704,0.3422222222222222,2.0501759940204445,0.17333333333333334
0.8,10,shallow,0.4,1.5,0.5,24,0.016624676068168656,360,0.7355944285387592,0.0251384963760668,0.9539426789912202,-0.029351018484472857,0.2833333333333333,2.7036947488302134,0.2833333333333333
0.9,12,shallow,0.6,2.0,0.5,6,0.02729219059178709,392,0.6984114421609398,0.025132872336183887,0.5670365626254463,-0.04936703964973943,0.2729591836734694,2.836400571105472,0.16071428571428573
0.95,12,shallow,0.6,2.0,0.5,6,0.02729219059178709,392,0.6984114421609398,0.025132872336183887,0.5670365626254463,-0.04936703964973943,0.2729591836734694,2.836400571105472,0.16071428571428573
0.85,11,deep_slow,0.5,1.5,0.75,6,0.02084289794941308,366,0.6340447633734708,0.025124516863772595,0.7840327021281017,-0.035691875074152724,0.3879781420765027,1.6653390457066526,0.31420765027322406
0.85,11,deep_slow,0.7,3.0,0.5,24,0.032567944659426015,307,0.8409820946331064,0.025040265497572323,0.4394970011681594,-0.0634580635375428,0.18241042345276873,4.794477801967259,0.1563517915309446
0.9,12,deep_slow,0.5,2.0,0.5,6,0.02263787441816482,380,0.7103517616047119,0.025024544881475652,0.5585479196531061,-0.049900991412156204,0.26842105263157895,2.9044655760253755,0.16842105263157894
0.95,12,deep_slow,0.5,2.0,0.5,6,0.02263787441816482,380,0.7103517616047119,0.025024544881475652,0.5585479196531061,-0.049900991412156204,0.26842105263157895,2.9044655760253755,0.16842105263157894
0.8,10,shallow,0.6,3.0,2.5,12,0.0281987593635591,163,0.8234118157515392,0.024954459931081807,0.3398028637380151,-0.08179427071259338,0.5214723926380368,0.981674122458604,0.20245398773006135
0.85,11,base,0.4,1.5,0.75,12,0.018069504979977443,305,0.6985471122178356,0.024941041727942315,1.0528413625258146,-0.026384755407225513,0.3737704918032787,1.77950413269068,0.3639344262295082
0.9,12,base,0.7,1.5,0.75,6,0.029700257367501218,415,0.6041285892964243,0.0249392237017394,0.6176254964027476,-0.044973749165194477,0.3855421686746988,1.6890669596717025,0.3108433734939759
0.95,12,base,0.7,1.5,0.75,6,0.029700257367501218,415,0.6041285892964243,0.0249392237017394,0.6176254964027476,-0.044973749165194477,0.3855421686746988,1.6890669596717025,0.3108433734939759
0.9,12,shallow,0.6,2.0,1.0,6,0.02729219059178709,309,0.674464049631119,0.024820933232247322,0.4216385511945014,-0.06556564456868308,0.42718446601941745,1.4186143336065444,0.20388349514563106
0.95,12,shallow,0.6,2.0,1.0,6,0.02729219059178709,309,0.674464049631119,0.024820933232247322,0.4216385511945014,-0.06556564456868308,0.42718446601941745,1.4186143336065444,0.20388349514563106
0.8,10,base,0.7,2.5,0.75,12,0.034786761033208866,312,0.6696118112162616,0.02481126751107099,0.3643754775658918,-0.07583996417730199,0.28525641025641024,2.6428285028279728,0.20192307692307693
0.85,11,deep_slow,0.4,1.0,0.5,12,0.015505342952291496,410,0.736093395602197,0.02478598294387857,1.1173842743809288,-0.024705934987026112,0.37073170731707317,1.8121571809884887,0.37073170731707317
0.85,11,deep_slow,0.4,1.0,0.5,24,0.015505342952291496,410,0.736093395602197,0.02478598294387857,1.1173842743809288,-0.024705934987026112,0.37073170731707317,1.8121571809884887,0.37073170731707317
0.8,10,deep_slow,0.5,4.0,1.5,24,0.02386910511055699,138,0.9266778443495371,0.02478442237677836,0.3414938582789591,-0.08083390687175174,0.38405797101449274,1.7350651932014167,0.18115942028985507
0.85,11,shallow,0.8,2.5,2.0,24,0.04206355121771392,163,0.6449165312958047,0.024745545694283777,0.3361784250099537,-0.08198302331930685,0.4785276073619632,1.1502545716109376,0.3987730061349693
0.8,10,deep_slow,0.8,3.0,2.5,24,0.03652372924092767,126,0.8613227265654715,0.024724109076327716,0.34968863305689635,-0.07874724231494878,0.5238095238095238,0.9725898813047867,0.3253968253968254
0.9,12,shallow,0.6,2.5,1.5,24,0.02729219059178709,182,0.7346321878133,0.024687313446785097,0.26640081667673093,-0.1032128131027048,0.3901098901098901,1.6526106676896695,0.32967032967032966
0.95,12,shallow,0.6,2.5,1.5,24,0.02729219059178709,182,0.7346321878133,0.024687313446785097,0.26640081667673093,-0.1032128131027048,0.3901098901098901,1.6526106676896695,0.32967032967032966
0.9,12,deep_slow,0.5,2.0,1.0,12,0.02263787441816482,253,0.7003001546659303,0.024683195614074505,0.34828340028495497,-0.07893395180394247,0.3794466403162055,1.7342716349326333,0.2964426877470356
0.95,12,deep_slow,0.5,2.0,1.0,12,0.02263787441816482,253,0.7003001546659303,0.024683195614074505,0.34828340028495497,-0.07893395180394247,0.3794466403162055,1.7342716349326333,0.2964426877470356
0.8,10,base,0.7,1.5,0.75,12,0.034786761033208866,393,0.604507347994324,0.02464845727125886,0.5483301256773446,-0.05006590130365296,0.3638676844783715,1.848772486535637,0.3486005089058524
0.85,11,deep_slow,0.5,2.0,1.0,12,0.02084289794941308,265,0.667509496500659,0.024645882650574213,0.37745683244636324,-0.072722939850415,0.37358490566037733,1.7717710291676254,0.30566037735849055
0.85,11,base,0.8,2.5,2.0,24,0.037861802141293005,161,0.695167031972649,0.02462939369415662,0.3602583731663913,-0.07614363113872458,0.4720496894409938,1.1809484499049876,0.39751552795031053
0.8,10,shallow,0.4,3.0,2.5,12,0.016624676068168656,152,0.8192330564729527,0.02462406179265253,0.44012782115556015,-0.06231243014992727,0.4868421052631579,1.1302840951743487,0.23026315789473684
0.8,10,shallow,0.6,2.0,1.0,24,0.0281987593635591,253,0.6606082358309947,0.024612598006450215,0.30438329324693614,-0.09005963661693905,0.34782608695652173,1.9796739406400539,0.3438735177865613
0.85,11,base,0.6,1.5,1.0,6,0.02743703889797145,367,0.5884046287144223,0.024605636106568518,0.5497600663997158,-0.04984880859418839,0.444141689373297,1.3261413246214566,0.335149863760218
0.85,11,deep_slow,0.7,3.0,2.0,12,0.032567944659426015,182,0.7888721662732155,0.024540436667612964,0.37482250137429196,-0.07292029949469081,0.4835164835164835,1.132305628623234,0.21978021978021978
0.8,10,base,0.6,3.0,1.0,12,0.028890652717152483,239,0.7040387694211714,0.02452432118115322,0.30765228118058285,-0.08878268623043095,0.33472803347280333,2.104261821425092,0.17154811715481172
0.85,11,base,0.6,3.0,1.0,24,0.02743703889797145,209,0.7901022131064078,0.024498199036916857,0.3690320914937876,-0.07393682938555357,0.2966507177033493,2.5005111601156127,0.22488038277511962
0.9,12,base,0.4,1.5,1.0,12,0.01632796766513659,272,0.6877935151069551,0.02449384360051754,0.5416088155017738,-0.0503688354768842,0.4227941176470588,1.4465010137257928,0.4117647058823529
0.95,12,base,0.4,1.5,1.0,12,0.01632796766513659,272,0.6877935151069551,0.02449384360051754,0.5416088155017738,-0.0503688354768842,0.4227941176470588,1.4465010137257928,0.4117647058823529
0.85,11,deep_slow,0.7,3.0,2.5,12,0.032567944659426015,166,0.8630567688309874,0.02446378978254571,0.29467114333096756,-0.09246472900273406,0.4939759036144578,1.0917087821195706,0.2289156626506024
0.85,11,deep_slow,0.8,3.0,1.0,12,0.04023212551971341,256,0.7162160429164446,0.0244112815396349,0.3767488322575929,-0.07216512661856556,0.3359375,2.0890543224229647,0.16796875
0.9,12,base,0.4,2.0,1.0,24,0.01632796766513659,219,0.7311324221770047,0.02439439603071114,0.33815623412649737,-0.08034539309549349,0.3515981735159817,1.9659070449751133,0.3378995433789954
0.95,12,base,0.4,2.0,1.0,24,0.01632796766513659,219,0.7311324221770047,0.02439439603071114,0.33815623412649737,-0.08034539309549349,0.3515981735159817,1.9659070449751133,0.3378995433789954
0.8,10,shallow,0.4,2.5,2.0,6,0.016624676068168656,225,0.6875837612643548,0.02436977484022984,0.39162047825744756,-0.06930647975912085,0.5111111111111111,1.0165908341441519,0.1688888888888889
0.85,11,deep_slow,0.4,2.0,1.5,24,0.015505342952291496,182,0.7268130233709588,0.02435592746058557,0.36948212479513787,-0.07341733647401061,0.44505494505494503,1.3217190290193808,0.4175824175824176
0.85,11,shallow,0.6,2.0,0.75,6,0.026722697488877702,358,0.6350053900872249,0.02432827430055262,0.5329280301915847,-0.050842800267669075,0.3575418994413408,1.9100498943352435,0.19273743016759776
0.85,11,base,0.4,2.5,2.0,6,0.018069504979977443,227,0.6600854802176012,0.024281548139950315,0.6523725005661068,-0.04145398895991814,0.5154185022026432,0.9995661537235395,0.1894273127753304
0.8,10,shallow,0.4,2.5,1.5,6,0.016624676068168656,241,0.6655634151756484,0.024261431144407375,0.3238165094517109,-0.08344542794650112,0.47717842323651455,1.160888481018662,0.17012448132780084
0.8,10,base,0.7,1.5,0.75,24,0.034786761033208866,387,0.5972790778386616,0.02425794031320838,0.5351325361430216,-0.05048677155954373,0.36175710594315247,1.8648163667690907,0.36175710594315247
0.9,12,shallow,0.5,2.5,1.0,12,0.022171242241514764,240,0.6890093954981532,0.0242500922419433,0.4492309081734998,-0.060121334413764216,0.3416666666666667,2.042994640196591,0.2375
0.95,12,shallow,0.5,2.5,1.0,12,0.022171242241514764,240,0.6890093954981532,0.0242500922419433,0.4492309081734998,-0.060121334413764216,0.3416666666666667,2.042994640196591,0.2375
0.9,12,base,0.4,2.0,1.5,12,0.01632796766513659,199,0.7088787773320654,0.024240743910383777,0.3482785431641948,-0.07751822961411403,0.4472361809045226,1.313205761076029,0.36180904522613067
0.95,12,base,0.4,2.0,1.5,12,0.01632796766513659,199,0.7088787773320654,0.024240743910383777,0.3482785431641948,-0.07751822961411403,0.4472361809045226,1.313205761076029,0.36180904522613067
0.9,12,base,0.8,2.5,1.5,6,0.03553384163128094,291,0.624124467524402,0.024220905604435794,0.35164691684546995,-0.07671277767902485,0.4639175257731959,1.212819173180109,0.16151202749140894
0.95,12,base,0.8,2.5,1.5,6,0.03553384163128094,291,0.624124467524402,0.024220905604435794,0.35164691684546995,-0.07671277767902485,0.4639175257731959,1.212819173180109,0.16151202749140894
0.9,12,shallow,0.5,1.5,1.0,6,0.022171242241514764,333,0.6065097296624472,0.024199945995623917,0.5914958769637627,-0.04556656777627144,0.44144144144144143,1.330868935367521,0.35435435435435436
0.95,12,shallow,0.5,1.5,1.0,6,0.022171242241514764,333,0.6065097296624472,0.024199945995623917,0.5914958769637627,-0.04556656777627144,0.44144144144144143,1.330868935367521,0.35435435435435436
0.85,11,base,0.8,2.0,1.5,12,0.037861802141293005,244,0.6293130188574387,0.024155780182345987,0.27619028111692107,-0.09740814191613112,0.45081967213114754,1.2794881918884207,0.3524590163934426
0.85,11,deep_slow,0.8,4.0,2.5,24,0.04023212551971341,114,0.9182003501255132,0.024150364427235615,0.29167754030957715,-0.09221533579598606,0.4824561403508772,1.154598439492158,0.23684210526315788
0.8,10,base,0.5,2.0,1.5,24,0.023983485622980496,190,0.6938763793032682,0.02412938750917859,0.3580417363297008,-0.07505758599523471,0.4421052631578947,1.3270158775482532,0.43157894736842106
0.9,12,shallow,0.7,2.0,0.5,12,0.033289881212306936,388,0.6872861427319022,0.024118323186082424,0.4887737294261301,-0.054956736928167826,0.23711340206185566,3.4589836514582295,0.20876288659793815
0.95,12,shallow,0.7,2.0,0.5,12,0.033289881212306936,388,0.6872861427319022,0.024118323186082424,0.4887737294261301,-0.054956736928167826,0.23711340206185566,3.4589836514582295,0.20876288659793815
0.8,10,shallow,0.6,2.5,0.5,24,0.0281987593635591,339,0.7124597907995053,0.024082915223403667,0.3905710372561642,-0.06867360648060816,0.19469026548672566,4.392737322378229,0.18584070796460178
0.85,11,shallow,0.8,3.0,1.0,12,0.04206355121771392,256,0.7193409750504076,0.024047985598536714,0.4165777479175383,-0.06429284305119964,0.34765625,1.9801005973774133,0.171875
0.85,11,shallow,0.8,2.0,0.75,12,0.04206355121771392,345,0.6217107757900484,0.024021614261963364,0.3073360038709414,-0.0870498668770664,0.3130434782608696,2.333411905930092,0.263768115942029
0.85,11,shallow,0.7,2.0,0.5,24,0.03422839379787348,385,0.6864539205590282,0.024003613003519275,0.6016130356667638,-0.04443634284621767,0.22597402597402597,3.670774113876093,0.22597402597402597
0.8,10,shallow,0.6,1.5,0.75,6,0.0281987593635591,391,0.6009844544738959,0.024003103600318987,0.5001994462649786,-0.05344451143313711,0.3887468030690537,1.653079919800288,0.30434782608695654
0.9,12,base,0.7,2.0,0.75,12,0.029700257367501218,328,0.6329026099991866,0.02398991470536682,0.3814895068999883,-0.07003654421376304,0.31402439024390244,2.330538212676416,0.2652439024390244
0.95,12,base,0.7,2.0,0.75,12,0.029700257367501218,328,0.6329026099991866,0.02398991470536682,0.3814895068999883,-0.07003654421376304,0.31402439024390244,2.330538212676416,0.2652439024390244
0.85,11,base,0.8,2.0,1.0,24,0.037861802141293005,277,0.6244083144874156,0.023924737230838655,0.26596726482582084,-0.10018346005872669,0.34296028880866425,2.036254993023905,0.34296028880866425
0.8,10,deep_slow,0.8,2.5,1.5,12,0.03652372924092767,229,0.6084374108656827,0.023890805835936613,0.26178256636973146,-0.1016403848592029,0.43231441048034935,1.378645410073246,0.25327510917030566
0.85,11,deep_slow,0.8,3.0,1.5,24,0.04023212551971341,175,0.726947824567773,0.023866637074301478,0.27250445072126245,-0.09754236297643848,0.38285714285714284,1.6907119660233385,0.2571428571428571
0.85,11,base,0.5,2.5,0.5,24,0.022967702564092134,309,0.7332724505726538,0.023842922541799316,0.44680820963834394,-0.05943105194313825,0.19741100323624594,4.3368867527748485,0.18770226537216828
0.85,11,shallow,0.4,1.5,0.5,6,0.014641812176194218,374,0.6948047850697856,0.023836183035723435,0.940179236868255,-0.028235856611361743,0.3048128342245989,2.4309287694267527,0.24866310160427807
0.9,12,deep_slow,0.6,2.0,1.5,12,0.026488612559532297,229,0.6276679057816861,0.023812475139197042,0.27374431595678234,-0.09687992018316982,0.45414847161572053,1.2660359807818276,0.3406113537117904
0.95,12,deep_slow,0.6,2.0,1.5,12,0.026488612559532297,229,0.6276679057816861,0.023812475139197042,0.27374431595678234,-0.09687992018316982,0.45414847161572053,1.2660359807818276,0.3406113537117904
0.8,10,shallow,0.4,4.0,1.5,24,0.016624676068168656,133,0.9704720095583387,0.023797099187087944,0.33801633595677444,-0.07840798712703256,0.3609022556390977,1.8987280984244757,0.18045112781954886
0.8,10,base,0.7,2.0,1.5,12,0.034786761033208866,233,0.6210705472905992,0.02378518446401201,0.2644042231533037,-0.10018710425826305,0.4592274678111588,1.2392875370439251,0.34334763948497854
0.9,12,shallow,0.4,2.5,0.75,24,0.01727300411761307,235,0.7364879940617048,0.02378321424997032,0.6713483598326714,-0.03945447388692913,0.2723404255319149,2.8490144393540984,0.24680851063829787
0.95,12,shallow,0.4,2.5,0.75,24,0.01727300411761307,235,0.7364879940617048,0.02378321424997032,0.6713483598326714,-0.03945447388692913,0.2723404255319149,2.8490144393540984,0.24680851063829787
0.9,12,deep_slow,0.5,2.5,2.0,6,0.02263787441816482,242,0.6415634735872193,0.023756669000229547,0.3693412358779576,-0.07163590503830075,0.49586776859504134,1.074357602706042,0.16942148760330578
0.95,12,deep_slow,0.5,2.5,2.0,6,0.02263787441816482,242,0.6415634735872193,0.023756669000229547,0.3693412358779576,-0.07163590503830075,0.49586776859504134,1.074357602706042,0.16942148760330578
0.85,11,deep_slow,0.4,1.5,0.5,6,0.015505342952291496,374,0.6912899670986258,0.0237396515898729,1.1377973179444705,-0.02323710551661118,0.31016042780748665,2.3696206038587513,0.25935828877005346
0.85,11,base,0.4,2.5,2.0,12,0.018069504979977443,170,0.7106540882140061,0.023600668949463,0.3909611193963778,-0.06722951870634797,0.4764705882352941,1.169142737147524,0.28823529411764703
0.8,10,deep_slow,0.8,2.5,1.0,24,0.03652372924092767,249,0.6111096922310258,0.023585677209666533,0.26963629346224083,-0.09741793081539152,0.3172690763052209,2.2638030350632894,0.27309236947791166
0.9,12,shallow,0.7,2.0,0.75,12,0.033289881212306936,308,0.6576542530992454,0.02357855319599711,0.46324620396635025,-0.05668576491241917,0.3246753246753247,2.227646208596017,0.2694805194805195
0.95,12,shallow,0.7,2.0,0.75,12,0.033289881212306936,308,0.6576542530992454,0.02357855319599711,0.46324620396635025,-0.05668576491241917,0.3246753246753247,2.227646208596017,0.2694805194805195
0.85,11,base,0.4,2.0,1.5,24,0.018069504979977443,167,0.7468937892947025,0.023556460826338332,0.4217239494551276,-0.062208535013154154,0.4431137724550898,1.336816183659049,0.4251497005988024
0.8,10,deep_slow,0.5,3.0,1.0,24,0.02386910511055699,196,0.7596672319304211,0.023523332390244178,0.3204424195433791,-0.0817553618516772,0.29591836734693877,2.531733058523284,0.22959183673469388
0.9,12,shallow,0.5,1.5,0.75,6,0.022171242241514764,358,0.6064411568059315,0.023500204794917767,0.6090646494465609,-0.042970964365314335,0.388268156424581,1.6606371443775012,0.3128491620111732
0.95,12,shallow,0.5,1.5,0.75,6,0.022171242241514764,358,0.6064411568059315,0.023500204794917767,0.6090646494465609,-0.042970964365314335,0.388268156424581,1.6606371443775012,0.3128491620111732
0.8,10,shallow,0.4,1.5,0.5,12,0.016624676068168656,360,0.6874254347728422,0.02342493745463825,0.888833273032889,-0.029351018484472857,0.2833333333333333,2.6918147955572813,0.28055555555555556
0.85,11,shallow,0.8,2.0,1.5,24,0.04206355121771392,215,0.6161917432792968,0.023373957608718632,0.2684740522041401,-0.09696025522418783,0.42790697674418604,1.40064628099298,0.413953488372093
0.9,12,shallow,0.4,3.0,0.75,24,0.01727300411761307,216,0.7519978007895999,0.023370298686919755,0.6317625842851456,-0.04119780611501023,0.25,3.205751072212135,0.2037037037037037
0.95,12,shallow,0.4,3.0,0.75,24,0.01727300411761307,216,0.7519978007895999,0.023370298686919755,0.6317625842851456,-0.04119780611501023,0.25,3.205751072212135,0.2037037037037037
0.8,10,base,0.5,3.0,0.75,12,0.023983485622980496,257,0.7493777910207131,0.023364270843184265,0.5747436805547125,-0.04527324358160778,0.26848249027237353,2.8899918913677816,0.17120622568093385
0.9,12,base,0.8,1.5,0.5,6,0.03553384163128094,504,0.5890269665625109,0.023331119411006407,0.42701766407127756,-0.060848870796208154,0.30753968253968256,2.382175020608673,0.251984126984127
0.95,12,base,0.8,1.5,0.5,6,0.03553384163128094,504,0.5890269665625109,0.023331119411006407,0.42701766407127756,-0.060848870796208154,0.30753968253968256,2.382175020608673,0.251984126984127
0.85,11,base,0.4,2.0,0.5,12,0.018069504979977443,321,0.7307516255260971,0.02333067817341128,0.6176336295770891,-0.04206871094853937,0.24299065420560748,3.3276564598977507,0.22118380062305296
0.85,11,shallow,0.6,3.0,2.5,24,0.026722697488877702,122,0.7969052959067119,0.023327050987244746,0.36851278174495683,-0.07049689228022438,0.47540983606557374,1.1761343991954147,0.3442622950819672
0.9,12,shallow,0.8,2.5,0.75,12,0.04167225887876418,304,0.6502954721056284,0.02329716855728803,0.3608947465882079,-0.07189266017520746,0.29605263157894735,2.5069967366511623,0.19407894736842105
0.95,12,shallow,0.8,2.5,0.75,12,0.04167225887876418,304,0.6502954721056284,0.02329716855728803,0.3608947465882079,-0.07189266017520746,0.29605263157894735,2.5069967366511623,0.19407894736842105
0.9,12,shallow,0.4,2.5,2.0,24,0.01727300411761307,127,0.7961241584119494,0.023283183666636065,0.42923156870424856,-0.06041048811104888,0.48031496062992124,1.15284601301432,0.3858267716535433
0.95,12,shallow,0.4,2.5,2.0,24,0.01727300411761307,127,0.7961241584119494,0.023283183666636065,0.42923156870424856,-0.06041048811104888,0.48031496062992124,1.15284601301432,0.3858267716535433
0.8,10,shallow,0.5,2.5,1.5,6,0.02225569419366929,258,0.605920279265185,0.023249422315822388,0.33572838690983736,-0.07712317995883733,0.4689922480620155,1.191368443278931,0.17829457364341086
0.8,10,shallow,0.8,3.0,1.0,24,0.04189406605295098,223,0.7210736444828771,0.023226064016758308,0.24032095173562174,-0.10763270332469776,0.28699551569506726,2.6024923943960836,0.2242152466367713
0.9,12,shallow,0.4,1.5,0.75,24,0.01727300411761307,299,0.6687300800325826,0.023213980111483457,0.7393034531808242,-0.03496929267427251,0.36789297658862874,1.8196687354692473,0.36789297658862874
0.95,12,shallow,0.4,1.5,0.75,24,0.01727300411761307,299,0.6687300800325826,0.023213980111483457,0.7393034531808242,-0.03496929267427251,0.36789297658862874,1.8196687354692473,0.36789297658862874
0.9,12,shallow,0.4,1.5,0.75,12,0.01727300411761307,301,0.6652900546921029,0.023134589123237514,0.7367718274509687,-0.03496929267427251,0.37209302325581395,1.7868157320901858,0.36212624584717606
0.95,12,shallow,0.4,1.5,0.75,12,0.01727300411761307,301,0.6652900546921029,0.023134589123237514,0.7367718274509687,-0.03496929267427251,0.37209302325581395,1.7868157320901858,0.36212624584717606
0.9,12,deep_slow,0.5,1.5,1.0,24,0.02263787441816482,292,0.6237251427344358,0.023132437546592444,0.4526009982428926,-0.056919871031216984,0.4246575342465753,1.4237628250277048,0.4212328767123288
0.95,12,deep_slow,0.5,1.5,1.0,24,0.02263787441816482,292,0.6237251427344358,0.023132437546592444,0.4526009982428926,-0.056919871031216984,0.4246575342465753,1.4237628250277048,0.4212328767123288
0.85,11,deep_slow,0.6,1.5,0.5,6,0.02660926817449534,458,0.6101276908623327,0.023105087729760942,0.5926474865080902,-0.04341787208472958,0.29694323144104806,2.4901267820035655,0.24890829694323144
0.8,10,base,0.6,1.5,1.0,6,0.028890652717152483,352,0.5693683416092821,0.023104629114471198,0.4843389180194574,-0.05312598348732356,0.45170454545454547,1.2835583056876625,0.3465909090909091
0.85,11,base,0.7,2.0,1.5,12,0.03218380161661132,237,0.6217547442952106,0.023079206055465873,0.3163124401896112,-0.08125710219342575,0.45569620253164556,1.2533325856451023,0.35443037974683544
0.85,11,deep_slow,0.8,2.0,1.0,12,0.04023212551971341,299,0.5804821473067194,0.023046632608807238,0.2794084970581691,-0.0918594467610846,0.36789297658862874,1.8215986472219012,0.3010033444816054
0.9,12,deep_slow,0.4,4.0,1.5,24,0.019103795708262847,136,0.8524653765477269,0.022929506466839777,0.27543799129055285,-0.0927094506798749,0.34558823529411764,2.017651335898091,0.19117647058823528
0.95,12,deep_slow,0.4,4.0,1.5,24,0.019103795708262847,136,0.8524653765477269,0.022929506466839777,0.27543799129055285,-0.0927094506798749,0.34558823529411764,2.017651335898091,0.19117647058823528
0.85,11,base,0.7,2.0,0.75,6,0.03218380161661132,376,0.5847214421171014,0.022919700797431775,0.38866137027415704,-0.06567354716809282,0.34308510638297873,2.0196707335488786,0.21010638297872342
0.85,11,shallow,0.5,4.0,1.5,24,0.021430229292638114,141,0.8214013706199845,0.02287186250145612,0.3295282869194741,-0.07729663530427122,0.36879432624113473,1.8190250893377964,0.18439716312056736
0.9,12,shallow,0.8,2.5,0.5,24,0.04167225887876418,357,0.6459289783301883,0.02283967092725181,0.3387267641731495,-0.07509159247886843,0.19327731092436976,4.388275424245725,0.1792717086834734
0.95,12,shallow,0.8,2.5,0.5,24,0.04167225887876418,357,0.6459289783301883,0.02283967092725181,0.3387267641731495,-0.07509159247886843,0.19327731092436976,4.388275424245725,0.1792717086834734
0.9,12,deep_slow,0.7,3.0,2.5,12,0.03039343375568873,166,0.750984632076858,0.022833433654498636,0.45845688271303264,-0.05546558062373508,0.4819277108433735,1.1423081310302157,0.21686746987951808
0.95,12,deep_slow,0.7,3.0,2.5,12,0.03039343375568873,166,0.750984632076858,0.022833433654498636,0.45845688271303264,-0.05546558062373508,0.4819277108433735,1.1423081310302157,0.21686746987951808
0.85,11,deep_slow,0.8,1.5,0.5,12,0.04023212551971341,491,0.5740249595366058,0.02279337858841579,0.42059772253013367,-0.060351999211834984,0.28105906313645623,2.6988395044872817,0.2708757637474542
0.9,12,base,0.8,2.0,1.5,6,0.03553384163128094,303,0.5722910851436273,0.022717820172989844,0.31207756894231414,-0.08106850463086557,0.4752475247524752,1.1548213129572849,0.24422442244224424
0.95,12,base,0.8,2.0,1.5,6,0.03553384163128094,303,0.5722910851436273,0.022717820172989844,0.31207756894231414,-0.08106850463086557,0.4752475247524752,1.1548213129572849,0.24422442244224424
0.9,12,base,0.4,1.0,0.5,12,0.01632796766513659,401,0.7008957459434189,0.022707083285415264,0.8541219299090652,-0.02960665078872604,0.371571072319202,1.8008343821856483,0.371571072319202
0.9,12,base,0.4,1.0,0.5,24,0.01632796766513659,401,0.7008957459434189,0.022707083285415264,0.8541219299090652,-0.02960665078872604,0.371571072319202,1.8008343821856483,0.371571072319202
0.95,12,base,0.4,1.0,0.5,12,0.01632796766513659,401,0.7008957459434189,0.022707083285415264,0.8541219299090652,-0.02960665078872604,0.371571072319202,1.8008343821856483,0.371571072319202
0.95,12,base,0.4,1.0,0.5,24,0.01632796766513659,401,0.7008957459434189,0.022707083285415264,0.8541219299090652,-0.02960665078872604,0.371571072319202,1.8008343821856483,0.371571072319202
0.9,12,deep_slow,0.5,2.5,1.5,24,0.02263787441816482,174,0.6639806029957236,0.022678080728458783,0.29820502888402417,-0.0846912296002883,0.39655172413793105,1.5928383946814884,0.3333333333333333
0.95,12,deep_slow,0.5,2.5,1.5,24,0.02263787441816482,174,0.6639806029957236,0.022678080728458783,0.29820502888402417,-0.0846912296002883,0.39655172413793105,1.5928383946814884,0.3333333333333333
0.9,12,deep_slow,0.8,2.5,1.0,12,0.03478537134288336,274,0.5845904327050123,0.022667014220059123,0.2947002315502903,-0.08565656977793534,0.3357664233576642,2.0756605862923188,0.22627737226277372
0.95,12,deep_slow,0.8,2.5,1.0,12,0.03478537134288336,274,0.5845904327050123,0.022667014220059123,0.2947002315502903,-0.08565656977793534,0.3357664233576642,2.0756605862923188,0.22627737226277372
0.85,11,shallow,0.5,2.0,0.5,12,0.021430229292638114,356,0.6541753743926142,0.022595621576080083,0.6022261497114785,-0.04178398019099461,0.23876404494382023,3.3766259965651884,0.21629213483146068
0.9,12,base,0.6,2.0,1.5,24,0.024507847669689414,196,0.6610756612148565,0.022587740861358396,0.2860399972941328,-0.08794091210311439,0.4336734693877551,1.3718746707197944,0.41836734693877553
0.95,12,base,0.6,2.0,1.5,24,0.024507847669689414,196,0.6610756612148565,0.022587740861358396,0.2860399972941328,-0.08794091210311439,0.4336734693877551,1.3718746707197944,0.41836734693877553
0.9,12,base,0.5,2.0,0.75,12,0.020354141462207622,296,0.6456561114274414,0.022548831779155343,0.3621693024161068,-0.06933562101364499,0.31756756756756754,2.267414547251904,0.2668918918918919
0.95,12,base,0.5,2.0,0.75,12,0.020354141462207622,296,0.6456561114274414,0.022548831779155343,0.3621693024161068,-0.06933562101364499,0.31756756756756754,2.267414547251904,0.2668918918918919
0.9,12,base,0.4,3.0,2.0,12,0.01632796766513659,155,0.7957479818645188,0.02254299723861397,0.3867447642809931,-0.06491290935601379,0.4645161290322581,1.227615820214934,0.21935483870967742
0.95,12,base,0.4,3.0,2.0,12,0.01632796766513659,155,0.7957479818645188,0.02254299723861397,0.3867447642809931,-0.06491290935601379,0.4645161290322581,1.227615820214934,0.21935483870967742
0.9,12,deep_slow,0.8,2.5,1.5,6,0.03478537134288336,292,0.5648233152235261,0.022506964779161143,0.32483579895180925,-0.07716067888189593,0.4554794520547945,1.2499377108856262,0.16095890410958905
0.95,12,deep_slow,0.8,2.5,1.5,6,0.03478537134288336,292,0.5648233152235261,0.022506964779161143,0.32483579895180925,-0.07716067888189593,0.4554794520547945,1.2499377108856262,0.16095890410958905
0.85,11,shallow,0.6,1.5,1.0,12,0.026722697488877702,321,0.5695192144606713,0.022480826907210538,0.5195249749116773,-0.04818903368914729,0.42990654205607476,1.400390143424693,0.40186915887850466
0.9,12,base,0.6,2.0,1.0,12,0.024507847669689414,273,0.6157408464863173,0.022472183009315527,0.2672497104798768,-0.09364189159086866,0.36996336996337,1.7901522566535237,0.2967032967032967
0.95,12,base,0.6,2.0,1.0,12,0.024507847669689414,273,0.6157408464863173,0.022472183009315527,0.2672497104798768,-0.09364189159086866,0.36996336996337,1.7901522566535237,0.2967032967032967
0.9,12,deep_slow,0.6,1.5,1.0,6,0.026488612559532297,353,0.5579214267669155,0.02246655689926902,0.3922015187956358,-0.06379244854558552,0.45892351274787535,1.2453747691112047,0.34277620396600567
0.95,12,deep_slow,0.6,1.5,1.0,6,0.026488612559532297,353,0.5579214267669155,0.02246655689926902,0.3922015187956358,-0.06379244854558552,0.45892351274787535,1.2453747691112047,0.34277620396600567
0.8,10,deep_slow,0.8,2.0,1.5,6,0.03652372924092767,310,0.544509858199339,0.0224639727507725,0.24897872868344698,-0.10047691210798204,0.4838709677419355,1.112965206854746,0.23870967741935484
0.9,12,base,0.6,2.5,0.75,12,0.024507847669689414,295,0.6275822136678688,0.022449128748515124,0.3154756519328431,-0.07924561655312623,0.29152542372881357,2.5613379603876605,0.20677966101694914
0.95,12,base,0.6,2.5,0.75,12,0.024507847669689414,295,0.6275822136678688,0.022449128748515124,0.3154756519328431,-0.07924561655312623,0.29152542372881357,2.5613379603876605,0.20677966101694914
0.8,10,deep_slow,0.7,2.0,1.5,12,0.03201506443356151,238,0.5769032365992341,0.022431433114441957,0.29802215492522505,-0.08382038469173625,0.46218487394957986,1.2185254478397565,0.3487394957983193
0.9,12,shallow,0.8,2.0,0.75,12,0.04167225887876418,326,0.6077767912441419,0.022391666505304553,0.34621758891619714,-0.07202404586346878,0.31901840490797545,2.270903771847441,0.2607361963190184
0.95,12,shallow,0.8,2.0,0.75,12,0.04167225887876418,326,0.6077767912441419,0.022391666505304553,0.34621758891619714,-0.07202404586346878,0.31901840490797545,2.270903771847441,0.2607361963190184
0.8,10,base,0.4,2.0,1.0,24,0.018576634829056745,223,0.6751190765798958,0.022352878635515605,0.4577043092591038,-0.054386079222623174,0.35874439461883406,1.8936546936098861,0.34977578475336324
0.8,10,base,0.4,2.5,1.0,6,0.018576634829056745,265,0.6099206185379876,0.02221354738335868,0.6855439461878076,-0.036084323114642713,0.4037735849056604,1.562777407100743,0.15849056603773584
0.8,10,shallow,0.7,4.0,2.5,24,0.034650808039162956,109,0.8233915589604663,0.022203753812664706,0.31443625764883837,-0.07863746300036256,0.48623853211009177,1.136945711187113,0.22018348623853212
0.85,11,deep_slow,0.8,2.0,1.0,6,0.04023212551971341,350,0.53688882957611,0.02215325284172609,0.3162084237519678,-0.07801867399258455,0.4114285714285714,1.502312896631814,0.20285714285714285
0.9,12,deep_slow,0.8,3.0,2.5,24,0.03478537134288336,131,0.7237680892388899,0.022147637990646896,0.3125924561224951,-0.07890114110983426,0.4961832061068702,1.0764607547360165,0.33587786259541985
0.95,12,deep_slow,0.8,3.0,2.5,24,0.03478537134288336,131,0.7237680892388899,0.022147637990646896,0.3125924561224951,-0.07890114110983426,0.4961832061068702,1.0764607547360165,0.33587786259541985
0.85,11,base,0.5,1.5,0.5,6,0.022967702564092134,420,0.6083629602524899,0.022075446905716722,0.6693264261056048,-0.03672858174466098,0.30238095238095236,2.4319069366007082,0.2571428571428571
0.8,10,shallow,0.5,2.0,1.5,24,0.02225569419366929,194,0.6340376857483098,0.022048541276887157,0.30951313060230806,-0.07932914319855555,0.42783505154639173,1.4043602812659963,0.422680412371134
0.9,12,shallow,0.4,2.5,1.5,24,0.01727300411761307,156,0.7076048662055482,0.02203155062888018,0.3864192621920008,-0.06349183358338939,0.40384615384615385,1.5606643971110685,0.34615384615384615
0.95,12,shallow,0.4,2.5,1.5,24,0.01727300411761307,156,0.7076048662055482,0.02203155062888018,0.3864192621920008,-0.06349183358338939,0.40384615384615385,1.5606643971110685,0.34615384615384615
0.8,10,shallow,0.5,4.0,1.5,24,0.02225569419366929,140,0.8609444539347703,0.02203080829885784,0.3272049159734139,-0.07497943527114226,0.35714285714285715,1.9100973132832326,0.18571428571428572
0.85,11,deep_slow,0.6,3.0,1.0,24,0.02660926817449534,216,0.6703644317507456,0.021998834083557517,0.3822839239296626,-0.06408323307644648,0.2962962962962963,2.503104754777346,0.23148148148148148
0.8,10,shallow,0.5,3.0,2.0,24,0.02225569419366929,134,0.7724673464393887,0.02199218910696188,0.3356459749836807,-0.07296551350687352,0.44776119402985076,1.309221311364731,0.29850746268656714
0.85,11,base,0.4,3.0,1.5,24,0.018069504979977443,142,0.7872762642934006,0.02198959652971233,0.4064143612567405,-0.060253014261733684,0.3873239436619718,1.6653236435444292,0.2887323943661972
0.9,12,deep_slow,0.6,4.0,1.5,24,0.026488612559532297,141,0.8038384530799485,0.021934896514750335,0.2527825454663805,-0.09663128520722009,0.36879432624113473,1.8312768914822999,0.1773049645390071
0.95,12,deep_slow,0.6,4.0,1.5,24,0.026488612559532297,141,0.8038384530799485,0.021934896514750335,0.2527825454663805,-0.09663128520722009,0.36879432624113473,1.8312768914822999,0.1773049645390071
0.9,12,base,0.6,2.0,0.75,6,0.024507847669689414,346,0.5820771267367829,0.021921707930733225,0.36361515042668335,-0.06713690998305277,0.3554913294797688,1.9041140737794875,0.1994219653179191
0.95,12,base,0.6,2.0,0.75,6,0.024507847669689414,346,0.5820771267367829,0.021921707930733225,0.36361515042668335,-0.06713690998305277,0.3554913294797688,1.9041140737794875,0.1994219653179191
0.9,12,base,0.6,1.0,0.5,12,0.024507847669689414,504,0.605182007704271,0.02191963722828305,0.7006246169737947,-0.03483989614647709,0.36904761904761907,1.8070138216474263,0.36904761904761907
0.9,12,base,0.6,1.0,0.5,24,0.024507847669689414,504,0.605182007704271,0.02191963722828305,0.7006246169737947,-0.03483989614647709,0.36904761904761907,1.8070138216474263,0.36904761904761907
0.95,12,base,0.6,1.0,0.5,12,0.024507847669689414,504,0.605182007704271,0.02191963722828305,0.7006246169737947,-0.03483989614647709,0.36904761904761907,1.8070138216474263,0.36904761904761907
0.95,12,base,0.6,1.0,0.5,24,0.024507847669689414,504,0.605182007704271,0.02191963722828305,0.7006246169737947,-0.03483989614647709,0.36904761904761907,1.8070138216474263,0.36904761904761907
0.8,10,shallow,0.5,3.0,1.5,12,0.02225569419366929,189,0.7131951074296755,0.02191586888901953,0.3959244123720761,-0.061641784699269286,0.43386243386243384,1.378707303463215,0.20105820105820105
0.9,12,shallow,0.4,2.0,1.0,12,0.01727300411761307,229,0.6483715518244143,0.021872144822071338,0.5477734003663822,-0.04446498746362393,0.3799126637554585,1.7283901577843745,0.31004366812227074
0.95,12,shallow,0.4,2.0,1.0,12,0.01727300411761307,229,0.6483715518244143,0.021872144822071338,0.5477734003663822,-0.04446498746362393,0.3799126637554585,1.7283901577843745,0.31004366812227074
0.8,10,base,0.7,1.5,1.0,12,0.034786761033208866,339,0.5373890520377114,0.021810784377335857,0.36378218938215073,-0.06676611680885758,0.4218289085545723,1.4407944538031667,0.39823008849557523
0.9,12,shallow,0.4,2.0,0.5,24,0.01727300411761307,297,0.7022022381328591,0.021806674716812413,0.633163743697529,-0.038353020654521175,0.23232323232323232,3.5276930365077512,0.22895622895622897
0.95,12,shallow,0.4,2.0,0.5,24,0.01727300411761307,297,0.7022022381328591,0.021806674716812413,0.633163743697529,-0.038353020654521175,0.23232323232323232,3.5276930365077512,0.22895622895622897
0.8,10,deep_slow,0.7,2.5,0.75,6,0.03201506443356151,364,0.5567473268206046,0.021798836784792996,0.3842163616463472,-0.06318055599404715,0.3324175824175824,2.1181555601006212,0.1510989010989011
0.9,12,shallow,0.5,1.0,0.5,12,0.022171242241514764,452,0.6273533717850928,0.02177384695016027,0.7802256259201008,-0.03107708916624885,0.3694690265486726,1.799169792106262,0.3694690265486726
0.9,12,shallow,0.5,1.0,0.5,24,0.022171242241514764,452,0.6273533717850928,0.02177384695016027,0.7802256259201008,-0.03107708916624885,0.3694690265486726,1.799169792106262,0.3694690265486726
0.95,12,shallow,0.5,1.0,0.5,12,0.022171242241514764,452,0.6273533717850928,0.02177384695016027,0.7802256259201008,-0.03107708916624885,0.3694690265486726,1.799169792106262,0.3694690265486726
0.95,12,shallow,0.5,1.0,0.5,24,0.022171242241514764,452,0.6273533717850928,0.02177384695016027,0.7802256259201008,-0.03107708916624885,0.3694690265486726,1.799169792106262,0.3694690265486726
0.9,12,shallow,0.7,3.0,2.0,24,0.033289881212306936,136,0.7540874694297033,0.02173518115216755,0.3049610333805826,-0.07936762095349703,0.4411764705882353,1.3421606922041105,0.3014705882352941
0.95,12,shallow,0.7,3.0,2.0,24,0.033289881212306936,136,0.7540874694297033,0.02173518115216755,0.3049610333805826,-0.07936762095349703,0.4411764705882353,1.3421606922041105,0.3014705882352941
0.9,12,base,0.7,1.5,0.75,12,0.029700257367501218,392,0.5313468011618931,0.0217192453241275,0.4235656651331551,-0.05710156988733073,0.3647959183673469,1.8318669154648628,0.3469387755102041
0.95,12,base,0.7,1.5,0.75,12,0.029700257367501218,392,0.5313468011618931,0.0217192453241275,0.4235656651331551,-0.05710156988733073,0.3647959183673469,1.8318669154648628,0.3469387755102041
0.8,10,shallow,0.8,3.0,1.0,12,0.04189406605295098,262,0.6090100405503122,0.021701773671983116,0.23451089564970987,-0.10305186372747788,0.3282442748091603,2.1449670193406893,0.16793893129770993
0.8,10,shallow,0.4,3.0,1.5,12,0.016624676068168656,182,0.6854984239814655,0.021696069445306998,0.3388287673592362,-0.07130570782683732,0.4230769230769231,1.4403831221625087,0.2032967032967033
0.8,10,base,0.5,2.5,0.75,12,0.023983485622980496,279,0.6220877816864563,0.021671557177688427,0.4769937136008965,-0.05059415912513565,0.2831541218637993,2.6659588041470386,0.21505376344086022
0.8,10,shallow,0.4,2.5,0.75,12,0.016624676068168656,257,0.6125494053567672,0.021669937901617198,0.39110065917682757,-0.06170097114169415,0.2801556420233463,2.7168784651478575,0.2178988326848249
0.8,10,deep_slow,0.8,2.5,0.75,6,0.03652372924092767,378,0.560027142796637,0.02164744617787462,0.3315572124818941,-0.0727060463556718,0.3386243386243386,2.056710344396357,0.15079365079365079
0.9,12,base,0.5,2.5,1.0,12,0.020354141462207622,237,0.6307562114160732,0.021623600625631623,0.2679880580873096,-0.08985336312030523,0.34177215189873417,2.031445266168454,0.2320675105485232
0.95,12,base,0.5,2.5,1.0,12,0.020354141462207622,237,0.6307562114160732,0.021623600625631623,0.2679880580873096,-0.08985336312030523,0.34177215189873417,2.031445266168454,0.2320675105485232
0.9,12,shallow,0.7,1.5,0.75,12,0.033289881212306936,371,0.5584003122028034,0.021601057854817585,0.5874675512360031,-0.0409460829525623,0.3719676549865229,1.7820936708569979,0.3504043126684636
0.95,12,shallow,0.7,1.5,0.75,12,0.033289881212306936,371,0.5584003122028034,0.021601057854817585,0.5874675512360031,-0.0409460829525623,0.3719676549865229,1.7820936708569979,0.3504043126684636
0.8,10,deep_slow,0.6,2.5,1.0,6,0.027441884318986948,302,0.5546432654097968,0.021592429301938054,0.3173616117903123,-0.07576491336408853,0.40066225165562913,1.56988784183512,0.152317880794702
0.9,12,deep_slow,0.7,4.0,1.5,24,0.03039343375568873,155,0.6846215102201625,0.021583099067562506,0.23243021348802348,-0.1034051137223918,0.34838709677419355,1.968225443669773,0.1870967741935484
0.95,12,deep_slow,0.7,4.0,1.5,24,0.03039343375568873,155,0.6846215102201625,0.021583099067562506,0.23243021348802348,-0.1034051137223918,0.34838709677419355,1.968225443669773,0.1870967741935484
0.85,11,shallow,0.5,2.5,0.5,12,0.021430229292638114,327,0.6543802865665225,0.021580450495778614,0.5404971283123081,-0.04446188237518456,0.21712538226299694,3.8215308692997323,0.1620795107033639
0.85,11,deep_slow,0.8,2.0,0.5,12,0.04023212551971341,427,0.5846062149504114,0.021554907461825756,0.36820475962984794,-0.06518938447890699,0.23185011709601874,3.5169553362253336,0.20843091334894615
0.9,12,base,0.8,3.0,0.75,12,0.03553384163128094,296,0.6236992445449965,0.02138277245880027,0.27303172799715714,-0.08721011813004886,0.27364864864864863,2.7873061081711152,0.1554054054054054
0.95,12,base,0.8,3.0,0.75,12,0.03553384163128094,296,0.6236992445449965,0.02138277245880027,0.27303172799715714,-0.08721011813004886,0.27364864864864863,2.7873061081711152,0.1554054054054054
0.85,11,deep_slow,0.5,3.0,0.75,24,0.02084289794941308,242,0.700857428767293,0.021371444472026546,0.5120230676179791,-0.04647935097587108,0.24793388429752067,3.2035606965027483,0.19834710743801653
0.9,12,shallow,0.7,1.5,0.75,6,0.033289881212306936,404,0.5365353647788764,0.021291653463236138,0.4987001772520608,-0.04754267939708756,0.38613861386138615,1.6763647118954175,0.30198019801980197
0.95,12,shallow,0.7,1.5,0.75,6,0.033289881212306936,404,0.5365353647788764,0.021291653463236138,0.4987001772520608,-0.04754267939708756,0.38613861386138615,1.6763647118954175,0.30198019801980197
0.9,12,deep_slow,0.6,2.5,1.5,12,0.026488612559532297,212,0.5531031106653127,0.02128749653164741,0.2607672477145984,-0.09090446902633587,0.42924528301886794,1.3931118263387272,0.25943396226415094
0.95,12,deep_slow,0.6,2.5,1.5,12,0.026488612559532297,212,0.5531031106653127,0.02128749653164741,0.2607672477145984,-0.09090446902633587,0.42924528301886794,1.3931118263387272,0.25943396226415094
0.8,10,base,0.5,3.0,1.5,24,0.023983485622980496,156,0.7585293958058402,0.021252461623047836,0.2676919213639513,-0.08840703408032746,0.38461538461538464,1.6799773533073692,0.27564102564102566
0.9,12,base,0.6,3.0,2.5,12,0.024507847669689414,163,0.7020836584382624,0.021251990298425616,0.25432257726456897,-0.09305238883943157,0.5030674846625767,1.0442604053730868,0.22085889570552147
0.95,12,base,0.6,3.0,2.5,12,0.024507847669689414,163,0.7020836584382624,0.021251990298425616,0.25432257726456897,-0.09305238883943157,0.5030674846625767,1.0442604053730868,0.22085889570552147
0.8,10,base,0.7,2.0,0.75,24,0.034786761033208866,324,0.5634684693609555,0.021241632784771092,0.3533719410006487,-0.06693733528665768,0.2962962962962963,2.5172377185851236,0.29012345679012347
0.85,11,shallow,0.4,4.0,2.0,24,0.014641812176194218,115,0.8611807701546155,0.021240142133355677,0.25654740710128887,-0.09219393205050419,0.41739130434782606,1.48371088969742,0.20869565217391303
0.9,12,base,0.7,2.0,1.0,24,0.029700257367501218,265,0.569629858384447,0.021230659946207098,0.26871948797078143,-0.08797852001063755,0.3471698113207547,1.9943585115744165,0.33962264150943394
0.95,12,base,0.7,2.0,1.0,24,0.029700257367501218,265,0.569629858384447,0.021230659946207098,0.26871948797078143,-0.08797852001063755,0.3471698113207547,1.9943585115744165,0.33962264150943394
0.9,12,base,0.5,1.5,0.5,12,0.020354141462207622,398,0.6146513473356121,0.021229402047249213,0.43042748423116023,-0.054922469702236354,0.27638190954773867,2.757863124734893,0.271356783919598
0.95,12,base,0.5,1.5,0.5,12,0.020354141462207622,398,0.6146513473356121,0.021229402047249213,0.43042748423116023,-0.054922469702236354,0.27638190954773867,2.757863124734893,0.271356783919598
0.9,12,shallow,0.7,2.5,1.5,12,0.033289881212306936,220,0.5608058857433202,0.021205060422848865,0.25796838278252515,-0.09153448423031141,0.4318181818181818,1.377895528256353,0.2545454545454545
0.95,12,shallow,0.7,2.5,1.5,12,0.033289881212306936,220,0.5608058857433202,0.021205060422848865,0.25796838278252515,-0.09153448423031141,0.4318181818181818,1.377895528256353,0.2545454545454545
0.8,10,base,0.4,3.0,1.0,24,0.018576634829056745,183,0.7809224018701153,0.021199454108463023,0.4203020144692113,-0.05616616572452848,0.30601092896174864,2.413673359127126,0.22404371584699453
0.9,12,base,0.6,3.0,1.5,12,0.024507847669689414,200,0.6238975380363753,0.021160577812707082,0.21912942939703528,-0.10753193245738946,0.4,1.5732345257332347,0.19
0.95,12,base,0.6,3.0,1.5,12,0.024507847669689414,200,0.6238975380363753,0.021160577812707082,0.21912942939703528,-0.10753193245738946,0.4,1.5732345257332347,0.19
0.85,11,shallow,0.7,3.0,0.75,12,0.03422839379787348,272,0.7030142404226982,0.02115128922888032,0.35255553393519473,-0.06680665398248564,0.27205882352941174,2.817188592820436,0.15441176470588236
0.9,12,base,0.5,2.0,0.75,6,0.020354141462207622,327,0.5828840770914503,0.021123127447415957,0.3193698594513921,-0.07365021649496162,0.3486238532110092,1.9650429298197203,0.2018348623853211
0.95,12,base,0.5,2.0,0.75,6,0.020354141462207622,327,0.5828840770914503,0.021123127447415957,0.3193698594513921,-0.07365021649496162,0.3486238532110092,1.9650429298197203,0.2018348623853211
0.9,12,base,0.5,2.5,1.0,24,0.020354141462207622,216,0.6330699965367421,0.02103896141961381,0.22085923955208617,-0.10607582949553374,0.3101851851851852,2.345009528519379,0.26851851851851855
0.95,12,base,0.5,2.5,1.0,24,0.020354141462207622,216,0.6330699965367421,0.02103896141961381,0.22085923955208617,-0.10607582949553374,0.3101851851851852,2.345009528519379,0.26851851851851855
0.8,10,shallow,0.7,2.0,1.0,6,0.034650808039162956,336,0.5281194769589492,0.02100562763172298,0.2632757919873883,-0.08884472447461844,0.4226190476190476,1.4267978468298588,0.20833333333333334
0.9,12,shallow,0.8,4.0,2.0,24,0.04167225887876418,130,0.6711399882632922,0.020987772862847587,0.24138202146138524,-0.09682063272749208,0.3923076923076923,1.6334119003149674,0.2
0.95,12,shallow,0.8,4.0,2.0,24,0.04167225887876418,130,0.6711399882632922,0.020987772862847587,0.24138202146138524,-0.09682063272749208,0.3923076923076923,1.6334119003149674,0.2
0.85,11,shallow,0.5,2.5,1.0,12,0.021430229292638114,240,0.5739355339544653,0.02097787844451693,0.3738182581627378,-0.06248953573617333,0.3458333333333333,1.9900731934010416,0.22916666666666666
0.85,11,shallow,0.4,2.0,0.5,6,0.014641812176194218,348,0.6319129651428684,0.020961766332582288,0.654257098829493,-0.035676750198286866,0.27298850574712646,2.8254013431017144,0.16666666666666666
0.9,12,base,0.7,3.0,0.75,24,0.029700257367501218,249,0.6894922227984736,0.020921874552020547,0.30776948957436934,-0.07569721922980133,0.23293172690763053,3.458936659836272,0.1927710843373494
0.95,12,base,0.7,3.0,0.75,24,0.029700257367501218,249,0.6894922227984736,0.020921874552020547,0.30776948957436934,-0.07569721922980133,0.23293172690763053,3.458936659836272,0.1927710843373494
0.8,10,shallow,0.4,3.0,2.0,12,0.016624676068168656,162,0.6679124672291802,0.020912648926226574,0.39724651817530243,-0.058621053884615915,0.4691358024691358,1.1979298143888566,0.21604938271604937
0.85,11,shallow,0.7,2.5,0.75,24,0.03422839379787348,275,0.5997979876987067,0.020908520586671697,0.29329065300231255,-0.07938339298540997,0.26181818181818184,2.943116482897007,0.23636363636363636
0.9,12,deep_slow,0.7,3.0,1.5,12,0.03039343375568873,214,0.598442649046719,0.020878997662647558,0.23662744614089457,-0.09825358248314797,0.42990654205607476,1.3898272731940644,0.19158878504672897
0.95,12,deep_slow,0.7,3.0,1.5,12,0.03039343375568873,214,0.598442649046719,0.020878997662647558,0.23662744614089457,-0.09825358248314797,0.42990654205607476,1.3898272731940644,0.19158878504672897
0.8,10,shallow,0.8,3.0,0.75,12,0.04189406605295098,295,0.6275035703933955,0.020815558646103183,0.2521609745188889,-0.09192053351768081,0.2745762711864407,2.7717450473457075,0.15254237288135594
0.85,11,deep_slow,0.8,2.5,1.5,12,0.04023212551971341,228,0.5302315910897538,0.020768510725079903,0.2599469149768079,-0.08896555567757991,0.42543859649122806,1.4093390296143518,0.25
0.8,10,shallow,0.8,4.0,1.5,24,0.04189406605295098,155,0.6829689518628255,0.020760097900816676,0.22581343597227055,-0.10237186707593482,0.34838709677419355,1.9645548596662332,0.18064516129032257
0.85,11,deep_slow,0.8,1.5,0.5,24,0.04023212551971341,487,0.5255482576856624,0.020690457671296514,0.3988086704849803,-0.05777032844079677,0.2751540041067762,2.7684403488607616,0.2751540041067762
0.9,12,deep_slow,0.7,2.0,0.5,12,0.03039343375568873,399,0.572761202028816,0.02067364459500265,0.3788270779265599,-0.060768002164911294,0.23809523809523808,3.404603889069772,0.20802005012531327
0.95,12,deep_slow,0.7,2.0,0.5,12,0.03039343375568873,399,0.572761202028816,0.02067364459500265,0.3788270779265599,-0.060768002164911294,0.23809523809523808,3.404603889069772,0.20802005012531327
0.85,11,shallow,0.4,1.5,1.0,6,0.014641812176194218,307,0.5390465568857138,0.020666349077273605,0.5155697861402445,-0.04463495008990126,0.4495114006514658,1.2849166708368835,0.3322475570032573
0.85,11,shallow,0.4,4.0,1.5,24,0.014641812176194218,134,0.7765309332343788,0.020629086194783097,0.26776410189653466,-0.08578779258162395,0.3656716417910448,1.8375930857278826,0.1791044776119403
0.85,11,base,0.4,3.0,2.5,12,0.018069504979977443,145,0.8243144610618145,0.020618805242269556,0.3126007524943858,-0.07344649664742597,0.496551724137931,1.0844657656609316,0.2206896551724138
0.8,10,shallow,0.7,2.5,2.0,24,0.034650808039162956,161,0.5626723874754311,0.02056741602306511,0.26144778687857856,-0.08759738356994407,0.4782608695652174,1.1429639946935242,0.38509316770186336
0.8,10,shallow,0.6,1.5,0.5,24,0.0281987593635591,435,0.5531844297350418,0.02052796498961107,0.49230757660265073,-0.04643065405727298,0.27586206896551724,2.7458250191864253,0.27586206896551724
0.9,12,shallow,0.7,1.5,1.0,6,0.033289881212306936,366,0.5098564419427786,0.02050910954390317,0.41855087673060093,-0.054562406649883766,0.44808743169398907,1.2944959347863205,0.3360655737704918
0.95,12,shallow,0.7,1.5,1.0,6,0.033289881212306936,366,0.5098564419427786,0.02050910954390317,0.41855087673060093,-0.054562406649883766,0.44808743169398907,1.2944959347863205,0.3360655737704918
0.9,12,base,0.5,2.0,0.75,24,0.020354141462207622,281,0.5970928859096304,0.020405761143928336,0.2891709977287867,-0.07857611431593992,0.2918149466192171,2.5504042620372247,0.28825622775800713
0.95,12,base,0.5,2.0,0.75,24,0.020354141462207622,281,0.5970928859096304,0.020405761143928336,0.2891709977287867,-0.07857611431593992,0.2918149466192171,2.5504042620372247,0.28825622775800713
0.85,11,deep_slow,0.5,3.0,2.0,12,0.02084289794941308,170,0.6612417333710914,0.020379965057367055,0.3739894524452126,-0.06067865473069245,0.4647058823529412,1.2144088622503053,0.2235294117647059
0.85,11,base,0.4,2.0,0.5,6,0.018069504979977443,345,0.6153344867788886,0.020366924341296944,0.6781542477006021,-0.03344171279794361,0.26666666666666666,2.912703218215022,0.17391304347826086
0.85,11,shallow,0.8,2.5,0.75,12,0.04206355121771392,310,0.5373172794353859,0.02035114097651891,0.27163520687924236,-0.08342455016385297,0.2903225806451613,2.557090391063021,0.2032258064516129
0.85,11,deep_slow,0.4,2.0,1.0,6,0.015505342952291496,277,0.5419805362377074,0.020302401432065853,0.5901709837185241,-0.03830536053506861,0.4296028880866426,1.3960579282684387,0.23104693140794225
0.9,12,shallow,0.6,2.5,1.0,12,0.02729219059178709,248,0.5656825074619865,0.020302343769163844,0.29043910201946793,-0.0778361035813393,0.34274193548387094,2.011152112470959,0.23790322580645162
0.95,12,shallow,0.6,2.5,1.0,12,0.02729219059178709,248,0.5656825074619865,0.020302343769163844,0.29043910201946793,-0.0778361035813393,0.34274193548387094,2.011152112470959,0.23790322580645162
0.85,11,shallow,0.8,4.0,1.0,24,0.04206355121771392,190,0.7122581049090485,0.0202924611556492,0.29430025343918276,-0.07677747847993233,0.26842105263157895,2.8474746868293983,0.15263157894736842
0.85,11,base,0.5,2.5,2.0,12,0.022967702564092134,180,0.5585357887610096,0.02024772591163715,0.33617800483544075,-0.06706495529259826,0.46111111111111114,1.22720528724425,0.28888888888888886
0.8,10,deep_slow,0.6,4.0,1.0,24,0.027441884318986948,182,0.7414498873132754,0.020222056501063124,0.2899035777574414,-0.0776711630577831,0.27472527472527475,2.787136575374526,0.15384615384615385
0.8,10,deep_slow,0.8,2.5,1.0,12,0.03652372924092767,275,0.5256343816317307,0.020219066254378637,0.25766062878842,-0.08737778376325755,0.3490909090909091,1.945996998539279,0.2290909090909091
0.85,11,base,0.8,2.0,0.5,12,0.037861802141293005,424,0.5547906497089461,0.020184753629017393,0.3043278390436023,-0.07385313530266302,0.23349056603773585,3.4773656757561238,0.20047169811320756
0.8,10,shallow,0.7,2.5,2.0,12,0.034650808039162956,196,0.5475598479460891,0.020154450850331518,0.2356165085299867,-0.09524708448421337,0.4897959183673469,1.0883071001415687,0.28061224489795916
0.8,10,shallow,0.7,2.5,1.5,24,0.034650808039162956,190,0.541147257866191,0.02007869041434751,0.2514498132312658,-0.08891369956141992,0.4052631578947368,1.5218231630814272,0.3368421052631579
0.8,10,shallow,0.7,1.5,0.5,24,0.034650808039162956,464,0.5257106342992592,0.0200106272887679,0.4423957910796469,-0.050365447110413686,0.27801724137931033,2.7052339771573464,0.27801724137931033
0.85,11,deep_slow,0.7,3.0,1.0,12,0.032567944659426015,242,0.6471953863627643,0.019977733673902875,0.29595020471863914,-0.0751639785828574,0.33884297520661155,2.0467484640114244,0.17355371900826447
0.85,11,shallow,0.7,2.5,2.0,24,0.03422839379787348,156,0.5531727162886025,0.01989921527825267,0.3102522161992304,-0.07141695912140555,0.4807692307692308,1.1303003640996971,0.391025641025641
0.8,10,base,0.7,3.0,1.5,12,0.034786761033208866,206,0.5955614544378073,0.019849930396022675,0.21759380706939252,-0.10157610789141014,0.42718446601941745,1.4038849133916091,0.20388349514563106
0.9,12,deep_slow,0.5,2.5,1.0,12,0.02263787441816482,244,0.5488078425252522,0.019841230522937403,0.2953347757240932,-0.07480539417916177,0.3483606557377049,1.9608756815555697,0.22950819672131148
0.95,12,deep_slow,0.5,2.5,1.0,12,0.02263787441816482,244,0.5488078425252522,0.019841230522937403,0.2953347757240932,-0.07480539417916177,0.3483606557377049,1.9608756815555697,0.22950819672131148
0.85,11,deep_slow,0.7,2.5,0.5,24,0.032567944659426015,341,0.598831523557726,0.019839642188238527,0.3069430523584481,-0.07197056142619151,0.19941348973607037,4.218386713262183,0.18475073313782991
0.85,11,shallow,0.7,2.0,0.75,24,0.03422839379787348,310,0.5573733449601391,0.01966153489059863,0.2945554972731378,-0.07432327916377146,0.29354838709677417,2.5483630189292756,0.2903225806451613
0.85,11,base,0.5,2.0,0.5,6,0.022967702564092134,383,0.5777254644821306,0.01966072421091214,0.5460881242975637,-0.040087718147055584,0.26370757180156656,2.934824624568047,0.1671018276762402
0.9,12,base,0.6,2.5,1.5,24,0.024507847669689414,179,0.5824392558156166,0.019637547829298718,0.2570018882841544,-0.08507950234728856,0.39106145251396646,1.6158732156758255,0.3240223463687151
0.95,12,base,0.6,2.5,1.5,24,0.024507847669689414,179,0.5824392558156166,0.019637547829298718,0.2570018882841544,-0.08507950234728856,0.39106145251396646,1.6158732156758255,0.3240223463687151
0.85,11,deep_slow,0.5,2.5,1.0,6,0.02084289794941308,293,0.5102007750434168,0.019635152170871084,0.38541338335138053,-0.05672590349336426,0.3993174061433447,1.5720240008505533,0.15358361774744028
0.8,10,base,0.6,2.0,0.75,24,0.028890652717152483,298,0.5591425931676451,0.01960151526030618,0.4318353884851381,-0.050541083458101155,0.30201342281879195,2.4525275319597704,0.2986577181208054
0.9,12,base,0.6,1.5,0.75,24,0.024507847669689414,368,0.49827427569010513,0.01952066157465082,0.4634393540929735,-0.04689999627700481,0.36141304347826086,1.8562654882690262,0.36141304347826086
0.95,12,base,0.6,1.5,0.75,24,0.024507847669689414,368,0.49827427569010513,0.01952066157465082,0.4634393540929735,-0.04689999627700481,0.36141304347826086,1.8562654882690262,0.36141304347826086
0.9,12,base,0.5,1.5,1.0,12,0.020354141462207622,303,0.5259624748356679,0.01951072559858469,0.34885321458312035,-0.06227326533477284,0.42244224422442245,1.4250945274442266,0.40264026402640263
0.95,12,base,0.5,1.5,1.0,12,0.020354141462207622,303,0.5259624748356679,0.01951072559858469,0.34885321458312035,-0.06227326533477284,0.42244224422442245,1.4250945274442266,0.40264026402640263
0.9,12,deep_slow,0.6,3.0,2.0,24,0.026488612559532297,133,0.6537113696417123,0.01949617097898515,0.2747946656766881,-0.0789971864310145,0.46616541353383456,1.2069456229524513,0.3007518796992481
0.95,12,deep_slow,0.6,3.0,2.0,24,0.026488612559532297,133,0.6537113696417123,0.01949617097898515,0.2747946656766881,-0.0789971864310145,0.46616541353383456,1.2069456229524513,0.3007518796992481
0.8,10,base,0.5,2.5,2.0,6,0.023983485622980496,243,0.5343772916400076,0.01945942612166407,0.3126964838656208,-0.06929098624024232,0.49382716049382713,1.0721214422463328,0.18106995884773663
0.8,10,base,0.4,2.5,1.0,12,0.018576634829056745,224,0.5590787763062296,0.019437929196406856,0.45836405653185314,-0.04721811400935938,0.3482142857142857,1.9682730342901211,0.23214285714285715
0.9,12,deep_slow,0.8,2.0,1.0,12,0.03478537134288336,297,0.5057634932820623,0.01942794129818215,0.22384443145691024,-0.09663833572941705,0.37037037037037035,1.7918996436168304,0.30303030303030304
0.95,12,deep_slow,0.8,2.0,1.0,12,0.03478537134288336,297,0.5057634932820623,0.01942794129818215,0.22384443145691024,-0.09663833572941705,0.37037037037037035,1.7918996436168304,0.30303030303030304
0.8,10,base,0.4,2.0,1.0,12,0.018576634829056745,235,0.5756576081671394,0.019417187467219543,0.4482042377286647,-0.048236863483543835,0.37872340425531914,1.7239770513536345,0.3148936170212766
0.8,10,deep_slow,0.5,3.0,2.5,12,0.02386910511055699,160,0.6236127686912527,0.01940627340282397,0.28349803396133266,-0.07621852274326735,0.5125,1.0010305901283483,0.21875
0.8,10,shallow,0.4,3.0,1.0,12,0.016624676068168656,215,0.6090668587258447,0.019391077285511704,0.29395695503983943,-0.07344906377171156,0.32558139534883723,2.1803461415936476,0.17674418604651163
0.85,11,deep_slow,0.7,2.0,0.75,24,0.032567944659426015,308,0.5349296211042578,0.019383811762167857,0.2896810399581274,-0.07450527207880497,0.2922077922077922,2.5270569919401202,0.288961038961039
0.8,10,base,0.6,2.5,0.75,24,0.028890652717152483,271,0.5694572607079076,0.019383249335013453,0.34017154084184187,-0.06344486590952125,0.26199261992619927,2.9300940737505483,0.24354243542435425
0.85,11,deep_slow,0.6,1.5,0.75,12,0.02660926817449534,373,0.4929725999811827,0.0193700260697085,0.426545792315319,-0.050562914998358854,0.35924932975871315,1.8535800717743014,0.34584450402144773
0.8,10,shallow,0.6,2.5,0.75,12,0.0281987593635591,298,0.532882247870552,0.019345770590239564,0.2555733119467125,-0.08428251936840203,0.28187919463087246,2.6623036941956673,0.19798657718120805
0.9,12,base,0.7,4.0,2.5,24,0.029700257367501218,109,0.8375829253838879,0.019343191253285985,0.34576757349442877,-0.06228891674107084,0.45871559633027525,1.2575519770617907,0.23853211009174313
0.95,12,base,0.7,4.0,2.5,24,0.029700257367501218,109,0.8375829253838879,0.019343191253285985,0.34576757349442877,-0.06228891674107084,0.45871559633027525,1.2575519770617907,0.23853211009174313
0.9,12,base,0.5,1.5,0.5,24,0.020354141462207622,396,0.5625442461267779,0.01931691356533527,0.39128350004333645,-0.054968322541272374,0.2727272727272727,2.7960649885573687,0.2727272727272727
0.95,12,base,0.5,1.5,0.5,24,0.020354141462207622,396,0.5625442461267779,0.01931691356533527,0.39128350004333645,-0.054968322541272374,0.2727272727272727,2.7960649885573687,0.2727272727272727
0.8,10,base,0.7,2.0,1.0,24,0.034786761033208866,269,0.5097872392919267,0.019235525924498065,0.26915769095900344,-0.0795722418244883,0.34572490706319703,1.9976082233233083,0.3382899628252788
0.9,12,base,0.4,1.0,0.5,6,0.01632796766513659,405,0.593103288362175,0.01923147891226651,0.7922721275137711,-0.027027291819813892,0.3728395061728395,1.774144549700837,0.3654320987654321
0.95,12,base,0.4,1.0,0.5,6,0.01632796766513659,405,0.593103288362175,0.01923147891226651,0.7922721275137711,-0.027027291819813892,0.3728395061728395,1.774144549700837,0.3654320987654321
0.9,12,deep_slow,0.7,2.5,1.5,24,0.03039343375568873,189,0.5249084766295565,0.01920694832032277,0.23622019614042136,-0.090532596629041,0.4021164021164021,1.537642070104107,0.3333333333333333
0.95,12,deep_slow,0.7,2.5,1.5,24,0.03039343375568873,189,0.5249084766295565,0.01920694832032277,0.23622019614042136,-0.090532596629041,0.4021164021164021,1.537642070104107,0.3333333333333333
0.85,11,base,0.5,2.0,0.5,24,0.022967702564092134,340,0.5904919195203869,0.019162466245198795,0.4566675446776694,-0.04672118177446516,0.22647058823529412,3.589613109610275,0.22647058823529412
0.9,12,shallow,0.4,2.5,1.0,12,0.01727300411761307,216,0.5797446102527178,0.019161658010979243,0.42900158105055364,-0.04973209293489478,0.3425925925925926,2.018929174272989,0.24537037037037038
0.95,12,shallow,0.4,2.5,1.0,12,0.01727300411761307,216,0.5797446102527178,0.019161658010979243,0.42900158105055364,-0.04973209293489478,0.3425925925925926,2.018929174272989,0.24537037037037038
0.9,12,deep_slow,0.6,2.5,2.0,6,0.026488612559532297,252,0.492507011149272,0.01915456737755794,0.2896528155394552,-0.07363036730157224,0.5,1.0423970498259416,0.16666666666666666
0.95,12,deep_slow,0.6,2.5,2.0,6,0.026488612559532297,252,0.492507011149272,0.01915456737755794,0.2896528155394552,-0.07363036730157224,0.5,1.0423970498259416,0.16666666666666666
0.9,12,base,0.5,2.5,1.5,12,0.020354141462207622,201,0.5533237219491149,0.019151760615105484,0.24848091082330484,-0.08581791929245342,0.417910447761194,1.4559788371752507,0.2537313432835821
0.95,12,base,0.5,2.5,1.5,12,0.020354141462207622,201,0.5533237219491149,0.019151760615105484,0.24848091082330484,-0.08581791929245342,0.417910447761194,1.4559788371752507,0.2537313432835821
0.8,10,base,0.6,2.0,0.75,6,0.028890652717152483,345,0.5273341171246247,0.019132028050431016,0.449735001256655,-0.047365939034212934,0.3536231884057971,1.9236563045833823,0.2028985507246377
0.8,10,shallow,0.7,1.5,0.5,12,0.034650808039162956,467,0.502625932109629,0.019120903703478298,0.4230386964589292,-0.05032570672616676,0.2826552462526767,2.6390890182509623,0.27194860813704497
0.8,10,base,0.8,2.5,1.5,24,0.041557390516231536,187,0.5315634025627268,0.019098949337203353,0.19495435051888174,-0.10907810398184514,0.39572192513368987,1.5799478694189377,0.3315508021390374
0.85,11,deep_slow,0.6,2.5,1.5,12,0.02660926817449534,214,0.4908028132699276,0.019094534221765436,0.3322811939685219,-0.06398294637000934,0.4252336448598131,1.4081356336204276,0.26635514018691586
0.9,12,base,0.5,1.5,0.5,6,0.020354141462207622,412,0.5493687540294809,0.01908376684145785,0.3978299699813052,-0.05341057754439116,0.29854368932038833,2.462950942579522,0.24757281553398058
0.95,12,base,0.5,1.5,0.5,6,0.020354141462207622,412,0.5493687540294809,0.01908376684145785,0.3978299699813052,-0.05341057754439116,0.29854368932038833,2.462950942579522,0.24757281553398058
0.9,12,shallow,0.4,4.0,1.5,24,0.01727300411761307,128,0.7690325837593732,0.01905809234197009,0.3095139042918939,-0.06855818544897907,0.3671875,1.8216720139716363,0.1875
0.95,12,shallow,0.4,4.0,1.5,24,0.01727300411761307,128,0.7690325837593732,0.01905809234197009,0.3095139042918939,-0.06855818544897907,0.3671875,1.8216720139716363,0.1875
0.9,12,shallow,0.7,1.0,0.75,24,0.033289881212306936,455,0.49297699152521,0.019046577112052043,0.4853559797263855,-0.04369344909673556,0.46153846153846156,1.2183257443476647,0.46153846153846156
0.95,12,shallow,0.7,1.0,0.75,24,0.033289881212306936,455,0.49297699152521,0.019046577112052043,0.4853559797263855,-0.04369344909673556,0.46153846153846156,1.2183257443476647,0.46153846153846156
0.9,12,deep_slow,0.8,2.5,0.75,6,0.03478537134288336,376,0.4900036036648027,0.019042060421465612,0.29817916578428594,-0.07110437259112701,0.32978723404255317,2.1252562518124973,0.15159574468085107
0.95,12,deep_slow,0.8,2.5,0.75,6,0.03478537134288336,376,0.4900036036648027,0.019042060421465612,0.29817916578428594,-0.07110437259112701,0.32978723404255317,2.1252562518124973,0.15159574468085107
0.85,11,deep_slow,0.8,2.5,0.5,24,0.04023212551971341,366,0.534101048671907,0.019032609965397684,0.24907159952029864,-0.08508119391746594,0.19398907103825136,4.323269781252211,0.18032786885245902
0.85,11,shallow,0.7,2.0,0.5,6,0.03422839379787348,433,0.5314290537229897,0.01897481251264388,0.4432766830938281,-0.047660725833806206,0.2678983833718245,2.8729040170364866,0.15935334872979215
0.9,12,base,0.5,2.5,1.5,6,0.020354141462207622,256,0.5123449191583915,0.018922325755122094,0.2539346500552744,-0.0829677536154414,0.45703125,1.2392312133803634,0.16796875
0.95,12,base,0.5,2.5,1.5,6,0.020354141462207622,256,0.5123449191583915,0.018922325755122094,0.2539346500552744,-0.0829677536154414,0.45703125,1.2392312133803634,0.16796875
0.85,11,deep_slow,0.4,4.0,1.5,24,0.015505342952291496,134,0.6887948163331488,0.01887902086378701,0.2893637345712938,-0.07264255405083953,0.3582089552238806,1.8887449182003764,0.19402985074626866
0.8,10,deep_slow,0.6,3.0,2.5,12,0.027441884318986948,160,0.6368015874626999,0.0188587952253636,0.2874870906570351,-0.07303833251973813,0.50625,1.02695699412753,0.21875
0.85,11,deep_slow,0.5,2.0,0.75,6,0.02084289794941308,331,0.4976321373773296,0.0188274603719214,0.46337497901642105,-0.045239069226384876,0.3504531722054381,1.9366309779226614,0.19939577039274925
0.8,10,deep_slow,0.8,3.0,0.5,24,0.03652372924092767,336,0.587041771921658,0.01880643082933786,0.28122528787308176,-0.07445708039819243,0.17261904761904762,4.994774410804158,0.15178571428571427
0.85,11,base,0.8,1.5,1.0,6,0.037861802141293005,390,0.44112876625224856,0.01874961572190248,0.2829682971810235,-0.07377465945608752,0.44358974358974357,1.309072329594682,0.33076923076923076
0.85,11,shallow,0.4,2.0,1.0,6,0.014641812176194218,282,0.4965178901211513,0.01874735151576834,0.3932880393416189,-0.05307399177595018,0.41843971631205673,1.455620566382035,0.2198581560283688
0.85,11,shallow,0.4,2.5,2.0,6,0.014641812176194218,230,0.4885500005638443,0.018701529309106846,0.30428688076049665,-0.06842981401429371,0.5043478260869565,1.0282561975071978,0.17391304347826086
0.8,10,base,0.6,1.5,1.0,12,0.028890652717152483,323,0.48051762110231183,0.01867632518197393,0.3183300597912775,-0.06532277636242256,0.4241486068111455,1.4214642506800035,0.4086687306501548
0.9,12,deep_slow,0.4,1.5,0.75,24,0.019103795708262847,308,0.5211650106852911,0.018607787950177368,0.40687447235354396,-0.050919427697215025,0.36363636363636365,1.8297588041419897,0.36363636363636365
0.95,12,deep_slow,0.4,1.5,0.75,24,0.019103795708262847,308,0.5211650106852911,0.018607787950177368,0.40687447235354396,-0.050919427697215025,0.36363636363636365,1.8297588041419897,0.36363636363636365
0.85,11,base,0.8,4.0,1.5,24,0.037861802141293005,159,0.6035140026865043,0.018559465978907452,0.1837168958289826,-0.11247718060091261,0.33962264150943394,2.0281397654851254,0.18238993710691823
0.8,10,base,0.5,2.5,1.5,24,0.023983485622980496,171,0.5434685435764729,0.018559295920214325,0.25673828344777766,-0.08048573300897943,0.4093567251461988,1.4966469352058864,0.3333333333333333
0.85,11,base,0.8,2.5,0.5,12,0.037861802141293005,393,0.517070723681294,0.018514226450878857,0.273179732568965,-0.07545778466419084,0.21628498727735368,3.7814516696323714,0.15267175572519084
0.9,12,deep_slow,0.4,3.0,0.5,24,0.019103795708262847,263,0.6618052803941367,0.01849499608787375,0.3172645904258453,-0.06490514611455023,0.17870722433460076,4.87294933424479,0.1520912547528517
0.95,12,deep_slow,0.4,3.0,0.5,24,0.019103795708262847,263,0.6618052803941367,0.01849499608787375,0.3172645904258453,-0.06490514611455023,0.17870722433460076,4.87294933424479,0.1520912547528517
0.9,12,deep_slow,0.6,2.5,0.5,12,0.026488612559532297,349,0.525749520803525,0.018472652445638227,0.2921384953808034,-0.07040223146987179,0.2177650429799427,3.7619269721327138,0.15759312320916904
0.95,12,deep_slow,0.6,2.5,0.5,12,0.026488612559532297,349,0.525749520803525,0.018472652445638227,0.2921384953808034,-0.07040223146987179,0.2177650429799427,3.7619269721327138,0.15759312320916904
0.9,12,base,0.8,2.5,0.5,12,0.03553384163128094,385,0.5163936823713311,0.018461908316333986,0.29743613733928814,-0.0691080362350095,0.22077922077922077,3.6870966070177786,0.15584415584415584
0.95,12,base,0.8,2.5,0.5,12,0.03553384163128094,385,0.5163936823713311,0.018461908316333986,0.29743613733928814,-0.0691080362350095,0.22077922077922077,3.6870966070177786,0.15584415584415584
0.9,12,base,0.8,2.0,0.75,24,0.03553384163128094,321,0.5047417510323751,0.01844428983525881,0.26583045726983595,-0.07725070834771819,0.29283489096573206,2.546181258649378,0.2866043613707165
0.95,12,base,0.8,2.0,0.75,24,0.03553384163128094,321,0.5047417510323751,0.01844428983525881,0.26583045726983595,-0.07725070834771819,0.29283489096573206,2.546181258649378,0.2866043613707165
0.9,12,base,0.8,3.0,2.0,12,0.03553384163128094,188,0.583554021013804,0.018442676839710792,0.20805505772581295,-0.09869403622034212,0.4787234042553192,1.1362597943119372,0.2074468085106383
0.95,12,base,0.8,3.0,2.0,12,0.03553384163128094,188,0.583554021013804,0.018442676839710792,0.20805505772581295,-0.09869403622034212,0.4787234042553192,1.1362597943119372,0.2074468085106383
0.85,11,shallow,0.7,2.5,1.5,6,0.03422839379787348,284,0.4530296077492717,0.018441978039381635,0.23036607515513172,-0.0891321109668004,0.45774647887323944,1.2283224866845315,0.17253521126760563
0.9,12,base,0.5,1.5,1.0,24,0.020354141462207622,293,0.5038830549485028,0.018441569532707813,0.31637008368255404,-0.06490044521436378,0.41638225255972694,1.4585294531749045,0.4129692832764505
0.95,12,base,0.5,1.5,1.0,24,0.020354141462207622,293,0.5038830549485028,0.018441569532707813,0.31637008368255404,-0.06490044521436378,0.41638225255972694,1.4585294531749045,0.4129692832764505
0.85,11,shallow,0.6,2.0,1.5,24,0.026722697488877702,196,0.5185727034632196,0.018421168542871236,0.2580012432746602,-0.07949505076230723,0.4336734693877551,1.357966684178803,0.41836734693877553
0.85,11,shallow,0.7,2.0,1.0,24,0.03422839379787348,266,0.49280838729362436,0.018416782565676693,0.24024518442731804,-0.08535002987967444,0.3458646616541353,1.993216935671894,0.3383458646616541
0.85,11,shallow,0.5,2.5,1.5,12,0.021430229292638114,199,0.5124779228013169,0.018386767786336744,0.3201685345454947,-0.06393970498889989,0.4371859296482412,1.3444962958931141,0.2663316582914573
0.9,12,deep_slow,0.5,1.5,0.5,6,0.02263787441816482,412,0.5195809398618917,0.018376908564709638,0.5211277553370594,-0.0392619529017334,0.30339805825242716,2.4010138712215183,0.25
0.95,12,deep_slow,0.5,1.5,0.5,6,0.02263787441816482,412,0.5195809398618917,0.018376908564709638,0.5211277553370594,-0.0392619529017334,0.30339805825242716,2.4010138712215183,0.25
0.9,12,shallow,0.4,3.0,1.5,24,0.01727300411761307,146,0.6031919129886844,0.018357622311567123,0.310940201823504,-0.06573289160998153,0.3767123287671233,1.719935710743892,0.2876712328767123
0.95,12,shallow,0.4,3.0,1.5,24,0.01727300411761307,146,0.6031919129886844,0.018357622311567123,0.310940201823504,-0.06573289160998153,0.3767123287671233,1.719935710743892,0.2876712328767123
0.9,12,shallow,0.7,2.0,0.75,6,0.033289881212306936,362,0.4846969744295008,0.018352919204650764,0.34165338553161434,-0.059808442640018056,0.356353591160221,1.8935732482216083,0.19337016574585636
0.95,12,shallow,0.7,2.0,0.75,6,0.033289881212306936,362,0.4846969744295008,0.018352919204650764,0.34165338553161434,-0.059808442640018056,0.356353591160221,1.8935732482216083,0.19337016574585636
0.8,10,shallow,0.8,3.0,0.5,24,0.04189406605295098,331,0.5850658205172631,0.018268116890425956,0.24211102310156543,-0.08400792273767865,0.17220543806646527,5.007806090468167,0.1510574018126888
0.9,12,base,0.6,2.5,1.0,24,0.024507847669689414,227,0.5355456012242661,0.01822010946564734,0.20952780672439555,-0.096816457020513,0.30837004405286345,2.3411942756052966,0.2687224669603524
0.95,12,base,0.6,2.5,1.0,24,0.024507847669689414,227,0.5355456012242661,0.01822010946564734,0.20952780672439555,-0.096816457020513,0.30837004405286345,2.3411942756052966,0.2687224669603524
0.85,11,deep_slow,0.4,2.0,0.75,6,0.015505342952291496,296,0.5022325843878438,0.01813302275302653,0.4779455750843615,-0.042240547068060796,0.3581081081081081,1.8795813365043814,0.20945945945945946
0.9,12,deep_slow,0.7,2.0,1.0,12,0.03039343375568873,292,0.47500804806369434,0.018125277264610995,0.20079918493399118,-0.10049866655101636,0.3698630136986301,1.7927088512284741,0.2910958904109589
0.95,12,deep_slow,0.7,2.0,1.0,12,0.03039343375568873,292,0.47500804806369434,0.018125277264610995,0.20079918493399118,-0.10049866655101636,0.3698630136986301,1.7927088512284741,0.2910958904109589
0.85,11,deep_slow,0.4,2.0,0.5,6,0.015505342952291496,347,0.5262043630127059,0.01811016409075128,0.526128051429156,-0.038323763374158326,0.26512968299711814,2.9148338062348205,0.1729106628242075
0.85,11,shallow,0.7,2.5,0.5,12,0.03422839379787348,368,0.5279907939609315,0.018099379104426605,0.3210537567551829,-0.06276577318072651,0.21739130434782608,3.7586770552509354,0.15760869565217392
0.8,10,deep_slow,0.8,4.0,1.5,24,0.03652372924092767,161,0.5760004878593067,0.018095147844819248,0.17836115813682532,-0.11295324513128568,0.35403726708074534,1.9155620743074782,0.18012422360248448
0.9,12,shallow,0.5,2.0,1.0,24,0.022171242241514764,233,0.5308403775397339,0.018088191332063408,0.3201506176076017,-0.0629038883978833,0.34763948497854075,1.961478356580397,0.33905579399141633
0.95,12,shallow,0.5,2.0,1.0,24,0.022171242241514764,233,0.5308403775397339,0.018088191332063408,0.3201506176076017,-0.0629038883978833,0.34763948497854075,1.961478356580397,0.33905579399141633
0.8,10,shallow,0.4,1.5,0.75,12,0.016624676068168656,309,0.500554062472806,0.018066262892230567,0.4203243965937546,-0.047854181456516987,0.3656957928802589,1.8111793041927424,0.3559870550161812
0.9,12,deep_slow,0.5,4.0,1.5,24,0.02263787441816482,141,0.6562295905847146,0.01804908506858416,0.20027297856592585,-0.1003387267457786,0.3475177304964539,1.9673433462596641,0.19148936170212766
0.95,12,deep_slow,0.5,4.0,1.5,24,0.02263787441816482,141,0.6562295905847146,0.01804908506858416,0.20027297856592585,-0.1003387267457786,0.3475177304964539,1.9673433462596641,0.19148936170212766
0.9,12,base,0.8,3.0,2.5,12,0.03553384163128094,168,0.6568956151185288,0.018024810408536318,0.20487190673873257,-0.09795429018615842,0.5059523809523809,1.022025105578332,0.2261904761904762
0.95,12,base,0.8,3.0,2.5,12,0.03553384163128094,168,0.6568956151185288,0.018024810408536318,0.20487190673873257,-0.09795429018615842,0.5059523809523809,1.022025105578332,0.2261904761904762
0.9,12,base,0.7,1.5,1.0,12,0.029700257367501218,340,0.44995569179945266,0.017995225094036726,0.2951392231294689,-0.06788359079440542,0.4235294117647059,1.4209120178959587,0.4
0.95,12,base,0.7,1.5,1.0,12,0.029700257367501218,340,0.44995569179945266,0.017995225094036726,0.2951392231294689,-0.06788359079440542,0.4235294117647059,1.4209120178959587,0.4
0.85,11,shallow,0.4,2.5,0.75,24,0.014641812176194218,246,0.5407575160795903,0.01798440245277977,0.281910769085739,-0.07102619325328596,0.2601626016260163,2.9811568942717726,0.23983739837398374
0.85,11,deep_slow,0.6,2.0,1.0,24,0.02660926817449534,254,0.4795847352007551,0.01790541943248214,0.28336146543662605,-0.07035192713531946,0.3464566929133858,1.9626770591353109,0.33858267716535434
0.9,12,deep_slow,0.5,2.0,1.0,6,0.02263787441816482,303,0.4798640008895609,0.017873480336739744,0.2460964629785235,-0.08086028636541664,0.40594059405940597,1.5232908210933036,0.22112211221122113
0.95,12,deep_slow,0.5,2.0,1.0,6,0.02263787441816482,303,0.4798640008895609,0.017873480336739744,0.2460964629785235,-0.08086028636541664,0.40594059405940597,1.5232908210933036,0.22112211221122113
0.85,11,deep_slow,0.4,3.0,0.75,24,0.015505342952291496,224,0.6018251110412192,0.017870514066588905,0.49265842467949583,-0.040385231843588665,0.25,3.1503058068735426,0.20982142857142858
0.9,12,shallow,0.8,2.0,1.0,24,0.04167225887876418,262,0.49075957056013797,0.01786348376567748,0.22964922570875415,-0.08660290362927148,0.3473282442748092,1.980032373564962,0.33969465648854963
0.95,12,shallow,0.8,2.0,1.0,24,0.04167225887876418,262,0.49075957056013797,0.01786348376567748,0.22964922570875415,-0.08660290362927148,0.3473282442748092,1.980032373564962,0.33969465648854963
0.85,11,deep_slow,0.4,2.5,1.5,12,0.015505342952291496,190,0.5252493731560091,0.017844983609984544,0.4303181242717351,-0.04616973146761294,0.4421052631578947,1.3177455509967697,0.25263157894736843
0.9,12,shallow,0.6,3.0,0.75,12,0.02729219059178709,268,0.5694027465310987,0.017840738830122937,0.30891708601815,-0.06429861781211865,0.27238805970149255,2.7915460702575317,0.16044776119402984
0.95,12,shallow,0.6,3.0,0.75,12,0.02729219059178709,268,0.5694027465310987,0.017840738830122937,0.30891708601815,-0.06429861781211865,0.27238805970149255,2.7915460702575317,0.16044776119402984
0.9,12,deep_slow,0.7,2.0,1.5,24,0.03039343375568873,211,0.477221297598359,0.0177758582032288,0.19459913074273757,-0.1016995073545649,0.4265402843601896,1.3927118019885811,0.41232227488151657
0.95,12,deep_slow,0.7,2.0,1.5,24,0.03039343375568873,211,0.477221297598359,0.0177758582032288,0.19459913074273757,-0.1016995073545649,0.4265402843601896,1.3927118019885811,0.41232227488151657
0.8,10,shallow,0.4,2.5,1.0,12,0.016624676068168656,228,0.4943184436984581,0.01770992036441066,0.27444459384637593,-0.07184383505422454,0.3333333333333333,2.091611081526544,0.23684210526315788
0.85,11,base,0.5,2.5,1.5,6,0.022967702564092134,263,0.44819850143347306,0.017690467059434667,0.23632163368937356,-0.08334181020592002,0.4600760456273764,1.218978908342252,0.17490494296577946
0.9,12,base,0.6,2.5,1.0,6,0.024507847669689414,305,0.4697159449091247,0.017685975816666977,0.26326119828410965,-0.07479441593334923,0.40327868852459015,1.537783589706901,0.15737704918032788
0.95,12,base,0.6,2.5,1.0,6,0.024507847669689414,305,0.4697159449091247,0.017685975816666977,0.26326119828410965,-0.07479441593334923,0.40327868852459015,1.537783589706901,0.15737704918032788
0.85,11,deep_slow,0.6,3.0,0.75,12,0.02660926817449534,271,0.5709786700754577,0.017645775911350636,0.3262943911016327,-0.06020841362966889,0.2730627306273063,2.77920836398653,0.15867158671586715
0.9,12,deep_slow,0.4,3.0,0.75,24,0.019103795708262847,218,0.6215039528446344,0.017636361768266884,0.30035508174553954,-0.0653732115823249,0.24311926605504589,3.276845672736959,0.2018348623853211
0.95,12,deep_slow,0.4,3.0,0.75,24,0.019103795708262847,218,0.6215039528446344,0.017636361768266884,0.30035508174553954,-0.0653732115823249,0.24311926605504589,3.276845672736959,0.2018348623853211
0.85,11,deep_slow,0.7,4.0,2.0,24,0.032567944659426015,125,0.64730863959642,0.01755770316168981,0.18100480487793227,-0.10799446808002311,0.424,1.4370835915921696,0.2
0.85,11,shallow,0.5,3.0,1.5,24,0.021430229292638114,152,0.6196301048394209,0.017554305758819888,0.2918594712808231,-0.06696281406265225,0.3881578947368421,1.6360354151040564,0.2631578947368421
0.85,11,deep_slow,0.7,1.0,0.75,24,0.032567944659426015,464,0.44094171955154626,0.017520786168844005,0.3093857290796485,-0.06304872860743849,0.4525862068965517,1.2497034594665266,0.4525862068965517
0.85,11,deep_slow,0.8,2.0,0.75,24,0.04023212551971341,324,0.4689545122662543,0.017518605341835025,0.2535617493003245,-0.07691990840942775,0.29012345679012347,2.5719159305388484,0.28703703703703703
0.9,12,base,0.4,3.0,2.0,24,0.01632796766513659,127,0.6306333425476113,0.01751742237132059,0.21189032727912654,-0.09204114443926292,0.44881889763779526,1.2898260035296982,0.30708661417322836
0.95,12,base,0.4,3.0,2.0,24,0.01632796766513659,127,0.6306333425476113,0.01751742237132059,0.21189032727912654,-0.09204114443926292,0.44881889763779526,1.2898260035296982,0.30708661417322836
0.9,12,deep_slow,0.4,1.5,0.75,12,0.019103795708262847,309,0.49192594588874905,0.01750790701321403,0.3872542301384912,-0.050333922006072784,0.3656957928802589,1.8089396008805383,0.3592233009708738
0.95,12,deep_slow,0.4,1.5,0.75,12,0.019103795708262847,309,0.49192594588874905,0.01750790701321403,0.3872542301384912,-0.050333922006072784,0.3656957928802589,1.8089396008805383,0.3592233009708738
0.85,11,shallow,0.5,4.0,2.0,24,0.021430229292638114,120,0.6630950188785846,0.017471041754129946,0.22079627581598513,-0.08809451729998086,0.425,1.431676553917816,0.20833333333333334
0.85,11,deep_slow,0.6,2.5,1.5,24,0.02660926817449534,182,0.49520213821982456,0.017440992557299584,0.2696349265876535,-0.07201386962349876,0.4010989010989011,1.5409433210697072,0.3241758241758242
0.85,11,shallow,0.5,2.5,0.5,24,0.021430229292638114,308,0.5555833995165053,0.017337970778883882,0.35253572194422184,-0.054753735284299276,0.19480519480519481,4.33587720139997,0.18181818181818182
0.8,10,base,0.8,2.5,2.0,24,0.041557390516231536,162,0.4697737285935484,0.01732850840869249,0.2247436942697476,-0.08584046336494267,0.4691358024691358,1.1753759730148923,0.38271604938271603
0.8,10,base,0.5,2.0,0.5,24,0.023983485622980496,345,0.5268527115076895,0.017302330500132523,0.4049370160319523,-0.04757018950103442,0.22608695652173913,3.5781628167911994,0.22608695652173913
0.85,11,deep_slow,0.4,3.0,1.0,12,0.015505342952291496,219,0.5410077821830618,0.017298187146526756,0.3735606730681935,-0.051553374576356115,0.3424657534246575,2.006776200597031,0.1917808219178082
0.9,12,deep_slow,0.4,2.0,0.5,6,0.019103795708262847,340,0.5306710747367318,0.01727900080626754,0.36912548328958616,-0.05211488578295764,0.27058823529411763,2.8332517017087246,0.1676470588235294
0.95,12,deep_slow,0.4,2.0,0.5,6,0.019103795708262847,340,0.5306710747367318,0.01727900080626754,0.36912548328958616,-0.05211488578295764,0.27058823529411763,2.8332517017087246,0.1676470588235294
0.85,11,deep_slow,0.6,1.5,0.75,24,0.02660926817449534,369,0.44400310035672896,0.01726877520019765,0.3571570751458737,-0.05382936117014814,0.3523035230352303,1.9026788416833806,0.3523035230352303
0.9,12,deep_slow,0.5,3.0,2.0,24,0.02263787441816482,127,0.636006593558656,0.017221633321450103,0.29122262403380766,-0.06583624285912448,0.4645669291338583,1.2104031348127384,0.2992125984251969
0.95,12,deep_slow,0.5,3.0,2.0,24,0.02263787441816482,127,0.636006593558656,0.017221633321450103,0.29122262403380766,-0.06583624285912448,0.4645669291338583,1.2104031348127384,0.2992125984251969
0.8,10,shallow,0.4,1.5,0.75,24,0.016624676068168656,308,0.47664593020238033,0.017159521905965036,0.39093749729315413,-0.04886660518503383,0.36038961038961037,1.8490049032339497,0.36038961038961037
0.8,10,shallow,0.6,1.5,0.5,12,0.0281987593635591,437,0.46503750712099734,0.01715574451547197,0.4107016131692546,-0.04650475753247618,0.2791762013729977,2.681324867446779,0.2700228832951945
0.9,12,base,0.8,1.5,0.5,12,0.03553384163128094,478,0.43952619997032294,0.017098827774971737,0.29988720639073463,-0.06347770993163115,0.28451882845188287,2.6285037808763194,0.2698744769874477
0.95,12,base,0.8,1.5,0.5,12,0.03553384163128094,478,0.43952619997032294,0.017098827774971737,0.29988720639073463,-0.06347770993163115,0.28451882845188287,2.6285037808763194,0.2698744769874477
0.9,12,shallow,0.8,1.5,0.5,24,0.04167225887876418,460,0.45226142551946563,0.017020310776340697,0.3344735923255551,-0.05665217777204734,0.27608695652173915,2.743493774806028,0.27608695652173915
0.95,12,shallow,0.8,1.5,0.5,24,0.04167225887876418,460,0.45226142551946563,0.017020310776340697,0.3344735923255551,-0.05665217777204734,0.27608695652173915,2.743493774806028,0.27608695652173915
0.9,12,base,0.8,1.0,0.75,24,0.03553384163128094,502,0.40861524834997076,0.016958646340522243,0.30203364058358173,-0.06250940104476932,0.45617529880478086,1.2347449219249058,0.45617529880478086
0.95,12,base,0.8,1.0,0.75,24,0.03553384163128094,502,0.40861524834997076,0.016958646340522243,0.30203364058358173,-0.06250940104476932,0.45617529880478086,1.2347449219249058,0.45617529880478086
0.9,12,base,0.5,2.0,0.5,24,0.020354141462207622,339,0.5277403524007502,0.016949199225442024,0.2834645330064151,-0.06656710970413504,0.2182890855457227,3.7466445577916776,0.2182890855457227
0.95,12,base,0.5,2.0,0.5,24,0.020354141462207622,339,0.5277403524007502,0.016949199225442024,0.2834645330064151,-0.06656710970413504,0.2182890855457227,3.7466445577916776,0.2182890855457227
0.9,12,base,0.8,1.5,0.5,24,0.03553384163128094,473,0.4373805270758672,0.016928580039432095,0.3031425059102318,-0.06217022536835948,0.2769556025369979,2.7278690591703727,0.2769556025369979
0.95,12,base,0.8,1.5,0.5,24,0.03553384163128094,473,0.4373805270758672,0.016928580039432095,0.3031425059102318,-0.06217022536835948,0.2769556025369979,2.7278690591703727,0.2769556025369979
0.9,12,shallow,0.7,1.5,0.75,24,0.033289881212306936,364,0.4447078592548006,0.016911818991781402,0.44963695352135574,-0.04187324978521323,0.3598901098901099,1.8598012406412916,0.3598901098901099
0.95,12,shallow,0.7,1.5,0.75,24,0.033289881212306936,364,0.4447078592548006,0.016911818991781402,0.44963695352135574,-0.04187324978521323,0.3598901098901099,1.8598012406412916,0.3598901098901099
0.8,10,shallow,0.8,2.5,1.5,24,0.04189406605295098,191,0.47302016408327135,0.016910027029073404,0.19152234313983876,-0.09829539108489249,0.4031413612565445,1.5240597891070273,0.3298429319371728
0.85,11,deep_slow,0.6,2.0,1.0,6,0.02660926817449534,322,0.4276758934527723,0.016901940851139052,0.28024811100647085,-0.0671431926710997,0.40993788819875776,1.4925867202008687,0.2080745341614907
0.85,11,base,0.4,3.0,1.0,24,0.018069504979977443,181,0.6013966369517157,0.01687517406413397,0.366590105391684,-0.05124777111730505,0.30386740331491713,2.40393179432106,0.2430939226519337
0.9,12,deep_slow,0.8,2.5,0.5,24,0.03478537134288336,362,0.4875748463043867,0.01686894028651098,0.23208453256564035,-0.08091870285209157,0.19337016574585636,4.321212811363531,0.17955801104972377
0.95,12,deep_slow,0.8,2.5,0.5,24,0.03478537134288336,362,0.4875748463043867,0.01686894028651098,0.23208453256564035,-0.08091870285209157,0.19337016574585636,4.321212811363531,0.17955801104972377
0.8,10,shallow,0.6,1.5,0.5,6,0.0281987593635591,456,0.4500979876067556,0.016848755892711065,0.4142965146134559,-0.04527551310561306,0.3026315789473684,2.3916772936947157,0.25219298245614036
0.9,12,shallow,0.8,2.5,0.75,24,0.04167225887876418,281,0.49057668406207044,0.01684781281876102,0.2415019099905411,-0.07766578899743759,0.25622775800711745,3.0089173282943076,0.2313167259786477
0.95,12,shallow,0.8,2.5,0.75,24,0.04167225887876418,281,0.49057668406207044,0.01684781281876102,0.2415019099905411,-0.07766578899743759,0.25622775800711745,3.0089173282943076,0.2313167259786477
0.85,11,base,0.4,3.0,0.75,24,0.018069504979977443,216,0.6032509530811121,0.016823669043932954,0.34008597115985895,-0.05507293431185345,0.24537037037037038,3.228358571994761,0.20833333333333334
0.9,12,shallow,0.7,4.0,2.0,24,0.033289881212306936,123,0.5901748500707057,0.016768388350756558,0.2415113940513107,-0.07729627823557739,0.4065040650406504,1.5276720967891502,0.2032520325203252
0.95,12,shallow,0.7,4.0,2.0,24,0.033289881212306936,123,0.5901748500707057,0.016768388350756558,0.2415113940513107,-0.07729627823557739,0.4065040650406504,1.5276720967891502,0.2032520325203252
0.85,11,shallow,0.6,2.5,1.0,6,0.026722697488877702,311,0.42875406160824714,0.01672903301374018,0.28428216031404674,-0.0655126499701928,0.40192926045016075,1.5541430225764483,0.15112540192926044
0.9,12,deep_slow,0.4,3.0,1.0,12,0.019103795708262847,210,0.5663799481184744,0.01672830541010417,0.24250744818883752,-0.07679461815509059,0.3238095238095238,2.1853367925749074,0.18095238095238095
0.95,12,deep_slow,0.4,3.0,1.0,12,0.019103795708262847,210,0.5663799481184744,0.01672830541010417,0.24250744818883752,-0.07679461815509059,0.3238095238095238,2.1853367925749074,0.18095238095238095
0.9,12,deep_slow,0.8,3.0,0.75,24,0.03478537134288336,256,0.5615228388935349,0.016680773460634457,0.19666051364879578,-0.09442821654119349,0.2265625,3.5329128622781925,0.1953125
0.95,12,deep_slow,0.8,3.0,0.75,24,0.03478537134288336,256,0.5615228388935349,0.016680773460634457,0.19666051364879578,-0.09442821654119349,0.2265625,3.5329128622781925,0.1953125
0.8,10,shallow,0.6,4.0,1.5,24,0.0281987593635591,147,0.6030511934435469,0.016663342588884467,0.19664016982407706,-0.0943392098550051,0.35374149659863946,1.9061287654130787,0.17687074829931973
0.9,12,deep_slow,0.7,1.0,0.75,24,0.03039343375568873,485,0.4068093933603165,0.016623162606477004,0.24578023715541714,-0.07529533626167473,0.4515463917525773,1.258605704746517,0.4515463917525773
0.95,12,deep_slow,0.7,1.0,0.75,24,0.03039343375568873,485,0.4068093933603165,0.016623162606477004,0.24578023715541714,-0.07529533626167473,0.4515463917525773,1.258605704746517,0.4515463917525773
0.8,10,shallow,0.8,3.0,1.5,12,0.04189406605295098,210,0.520780111777092,0.016589910903239247,0.17749846132164235,-0.10405190652812935,0.4238095238095238,1.4119558816547184,0.18095238095238095
0.9,12,deep_slow,0.8,3.0,1.0,24,0.03478537134288336,217,0.5402067175003512,0.01655822936115814,0.2080424145408688,-0.08860573361335289,0.28110599078341014,2.638844210682142,0.22580645161290322
0.95,12,deep_slow,0.8,3.0,1.0,24,0.03478537134288336,217,0.5402067175003512,0.01655822936115814,0.2080424145408688,-0.08860573361335289,0.28110599078341014,2.638844210682142,0.22580645161290322
0.8,10,deep_slow,0.8,2.5,1.5,6,0.03652372924092767,296,0.40654551326802846,0.01651019068465409,0.18845175655136798,-0.09753276987009274,0.46283783783783783,1.1973293115124757,0.16891891891891891
0.9,12,base,0.7,3.0,1.0,24,0.029700257367501218,217,0.5278165380430258,0.016470199128872043,0.2411637040985604,-0.07602993139156133,0.2857142857142857,2.5792483468957985,0.22119815668202766
0.95,12,base,0.7,3.0,1.0,24,0.029700257367501218,217,0.5278165380430258,0.016470199128872043,0.2411637040985604,-0.07602993139156133,0.2857142857142857,2.5792483468957985,0.22119815668202766
0.8,10,deep_slow,0.8,2.5,1.5,24,0.03652372924092767,193,0.45659464500022096,0.016409219670807218,0.18407526812666455,-0.09924044682279498,0.38860103626943004,1.6168690397566152,0.34196891191709844
0.85,11,shallow,0.7,1.5,1.0,12,0.03422839379787348,339,0.4123852363440631,0.016382571959060233,0.29337385618187134,-0.062166476937385196,0.4218289085545723,1.4264042198959368,0.39823008849557523
0.8,10,deep_slow,0.8,2.5,2.0,6,0.03652372924092767,276,0.39935918616301175,0.0163451427219119,0.19162184843929547,-0.09495948931151443,0.5144927536231884,0.973837420336124,0.17391304347826086
0.9,12,shallow,0.6,4.0,1.5,24,0.02729219059178709,144,0.6022989335046012,0.016340846912901164,0.1782965892069425,-0.10202958048044053,0.3541666666666667,1.9026158568014253,0.18055555555555555
0.95,12,shallow,0.6,4.0,1.5,24,0.02729219059178709,144,0.6022989335046012,0.016340846912901164,0.1782965892069425,-0.10202958048044053,0.3541666666666667,1.9026158568014253,0.18055555555555555
0.8,10,base,0.5,2.5,0.75,24,0.023983485622980496,260,0.49394822929920845,0.016327716389503477,0.30649723865924833,-0.05930524987791275,0.26153846153846155,2.939377721838531,0.2423076923076923
0.85,11,deep_slow,0.6,1.5,1.0,24,0.02660926817449534,322,0.41857426319657276,0.016307313518995503,0.2843156056815843,-0.06385214464655531,0.41304347826086957,1.4670736863170273,0.40993788819875776
0.85,11,base,0.7,2.0,1.5,6,0.03218380161661132,300,0.4120581657499604,0.016306565967455278,0.2514304571123572,-0.0722001957134768,0.4766666666666667,1.1328726510293938,0.24
0.85,11,shallow,0.8,2.0,1.5,6,0.04206355121771392,305,0.40129794632663174,0.016267064632745187,0.18670098945820085,-0.09699634464471363,0.4721311475409836,1.1531941031521702,0.2262295081967213
0.9,12,shallow,0.5,1.0,0.5,6,0.022171242241514764,458,0.47102608744193336,0.01626356973833487,0.6041095991024164,-0.02997042149271123,0.37117903930131,1.7627957768329818,0.35807860262008734
0.95,12,shallow,0.5,1.0,0.5,6,0.022171242241514764,458,0.47102608744193336,0.01626356973833487,0.6041095991024164,-0.02997042149271123,0.37117903930131,1.7627957768329818,0.35807860262008734
0.9,12,deep_slow,0.6,1.0,0.5,12,0.026488612559532297,509,0.44104916212464873,0.016150925690562756,0.38984854946243924,-0.04612023276110644,0.3693516699410609,1.7795627196827968,0.3693516699410609
0.9,12,deep_slow,0.6,1.0,0.5,24,0.026488612559532297,509,0.44104916212464873,0.016150925690562756,0.38984854946243924,-0.04612023276110644,0.3693516699410609,1.7795627196827968,0.3693516699410609
0.95,12,deep_slow,0.6,1.0,0.5,12,0.026488612559532297,509,0.44104916212464873,0.016150925690562756,0.38984854946243924,-0.04612023276110644,0.3693516699410609,1.7795627196827968,0.3693516699410609
0.95,12,deep_slow,0.6,1.0,0.5,24,0.026488612559532297,509,0.44104916212464873,0.016150925690562756,0.38984854946243924,-0.04612023276110644,0.3693516699410609,1.7795627196827968,0.3693516699410609
0.85,11,deep_slow,0.5,2.5,1.5,12,0.02084289794941308,205,0.43801035640394237,0.016126065683291113,0.2750876038946242,-0.06525995926828854,0.43414634146341463,1.3514431558121762,0.25365853658536586
0.9,12,deep_slow,0.4,3.0,1.5,12,0.019103795708262847,180,0.506329250869051,0.016093726849852663,0.21199965196447687,-0.0845103873880434,0.4166666666666667,1.458700144299924,0.20555555555555555
0.95,12,deep_slow,0.4,3.0,1.5,12,0.019103795708262847,180,0.506329250869051,0.016093726849852663,0.21199965196447687,-0.0845103873880434,0.4166666666666667,1.458700144299924,0.20555555555555555
0.8,10,deep_slow,0.5,3.0,2.0,12,0.02386910511055699,171,0.4883465830974671,0.016075255118605414,0.27430424818582927,-0.06523993343448142,0.47368421052631576,1.1573428661266476,0.21052631578947367
0.9,12,shallow,0.8,2.5,2.0,24,0.04167225887876418,156,0.4594436769350259,0.016062185172101895,0.22396498813128743,-0.07983849661125908,0.46153846153846156,1.2108271309148406,0.3717948717948718
0.95,12,shallow,0.8,2.5,2.0,24,0.04167225887876418,156,0.4594436769350259,0.016062185172101895,0.22396498813128743,-0.07983849661125908,0.46153846153846156,1.2108271309148406,0.3717948717948718
0.8,10,base,0.6,3.0,2.5,12,0.028890652717152483,164,0.5342863867001904,0.01605546757352916,0.23394954333071433,-0.07639913606817605,0.4878048780487805,1.0939978995915345,0.21951219512195122
0.8,10,shallow,0.5,4.0,2.0,24,0.02225569419366929,117,0.6758430080979863,0.015897537918594606,0.21907535668362788,-0.08078304585992147,0.4188034188034188,1.4681562827337367,0.20512820512820512
0.9,12,deep_slow,0.8,3.0,2.5,12,0.03478537134288336,170,0.5285630644952597,0.01587197373504501,0.25529063235685223,-0.06921166899935605,0.48823529411764705,1.091947883001168,0.21764705882352942
0.95,12,deep_slow,0.8,3.0,2.5,12,0.03478537134288336,170,0.5285630644952597,0.01587197373504501,0.25529063235685223,-0.06921166899935605,0.48823529411764705,1.091947883001168,0.21764705882352942
0.9,12,base,0.8,2.5,0.5,24,0.03553384163128094,361,0.45914952424078226,0.01586307674200227,0.250513329443856,-0.07049196821063941,0.19390581717451524,4.297066213004722,0.18005540166204986
0.95,12,base,0.8,2.5,0.5,24,0.03553384163128094,361,0.45914952424078226,0.01586307674200227,0.250513329443856,-0.07049196821063941,0.19390581717451524,4.297066213004722,0.18005540166204986
0.9,12,base,0.5,1.0,0.5,12,0.020354141462207622,457,0.47024049550517416,0.0158622062067304,0.4514487452392269,-0.039114534896705355,0.36323851203501095,1.8221598473639942,0.36323851203501095
0.9,12,base,0.5,1.0,0.5,24,0.020354141462207622,457,0.47024049550517416,0.0158622062067304,0.4514487452392269,-0.039114534896705355,0.36323851203501095,1.8221598473639942,0.36323851203501095
0.95,12,base,0.5,1.0,0.5,12,0.020354141462207622,457,0.47024049550517416,0.0158622062067304,0.4514487452392269,-0.039114534896705355,0.36323851203501095,1.8221598473639942,0.36323851203501095
0.95,12,base,0.5,1.0,0.5,24,0.020354141462207622,457,0.47024049550517416,0.0158622062067304,0.4514487452392269,-0.039114534896705355,0.36323851203501095,1.8221598473639942,0.36323851203501095
0.9,12,shallow,0.7,1.5,0.5,6,0.033289881212306936,464,0.4290617745012715,0.0158268067007572,0.33027061959841936,-0.053346451017953433,0.3017241379310345,2.4219660269513836,0.2478448275862069
0.95,12,shallow,0.7,1.5,0.5,6,0.033289881212306936,464,0.4290617745012715,0.0158268067007572,0.33027061959841936,-0.053346451017953433,0.3017241379310345,2.4219660269513836,0.2478448275862069
0.85,11,base,0.4,1.5,0.5,6,0.018069504979977443,374,0.46772908905464783,0.015821465614763275,0.6339051872177482,-0.027784619436184044,0.3048128342245989,2.3803319622478183,0.2540106951871658
0.8,10,base,0.7,1.5,0.5,6,0.034786761033208866,486,0.4151725364832745,0.015799396066564775,0.3593862689778969,-0.048939611829763585,0.29835390946502055,2.4534537407206796,0.25925925925925924
0.9,12,shallow,0.6,3.0,0.75,24,0.02729219059178709,249,0.519456799179078,0.01578802038427085,0.2297300112401173,-0.07650524042147633,0.23293172690763053,3.426394906113128,0.19678714859437751
0.95,12,shallow,0.6,3.0,0.75,24,0.02729219059178709,249,0.519456799179078,0.01578802038427085,0.2297300112401173,-0.07650524042147633,0.23293172690763053,3.426394906113128,0.19678714859437751
0.8,10,base,0.5,2.0,0.75,6,0.023983485622980496,325,0.44131783082976134,0.01576840895934195,0.43671403938938613,-0.04019494953684577,0.3507692307692308,1.9231961618732267,0.20615384615384616
0.9,12,deep_slow,0.5,2.5,0.75,24,0.02263787441816482,261,0.4603413309031019,0.015768330565548494,0.21553447856658406,-0.08144224323686411,0.26053639846743293,2.9507551821634905,0.23754789272030652
0.95,12,deep_slow,0.5,2.5,0.75,24,0.02263787441816482,261,0.4603413309031019,0.015768330565548494,0.21553447856658406,-0.08144224323686411,0.26053639846743293,2.9507551821634905,0.23754789272030652
0.9,12,deep_slow,0.7,3.0,0.75,24,0.03039343375568873,256,0.5248048479018443,0.01568762162366233,0.1834831256046659,-0.09517870545040585,0.2265625,3.5238093727974387,0.1953125
0.95,12,deep_slow,0.7,3.0,0.75,24,0.03039343375568873,256,0.5248048479018443,0.01568762162366233,0.1834831256046659,-0.09517870545040585,0.2265625,3.5238093727974387,0.1953125
0.9,12,shallow,0.4,2.0,0.5,12,0.01727300411761307,308,0.5012944754174409,0.0156044472078809,0.45336337339801064,-0.03831587675105097,0.237012987012987,3.3711974643061375,0.21103896103896103
0.95,12,shallow,0.4,2.0,0.5,12,0.01727300411761307,308,0.5012944754174409,0.0156044472078809,0.45336337339801064,-0.03831587675105097,0.237012987012987,3.3711974643061375,0.21103896103896103
0.85,11,base,0.6,4.0,1.5,24,0.02743703889797145,154,0.49898175283032026,0.015589863785520519,0.1641525441799364,-0.10572340966680105,0.34415584415584416,1.9934681827361287,0.18181818181818182
0.9,12,base,0.4,4.0,2.5,24,0.01632796766513659,97,0.7191300694323649,0.015579744897463055,0.23437138042358927,-0.0740000441331693,0.5051546391752577,1.0306349845510288,0.20618556701030927
0.95,12,base,0.4,4.0,2.5,24,0.01632796766513659,97,0.7191300694323649,0.015579744897463055,0.23437138042358927,-0.0740000441331693,0.5051546391752577,1.0306349845510288,0.20618556701030927
0.8,10,base,0.6,2.5,2.0,24,0.028890652717152483,148,0.46197901356728094,0.015549552225823993,0.20974312469552533,-0.08252882075150403,0.4797297297297297,1.1260315914718417,0.38513513513513514
0.85,11,deep_slow,0.7,1.0,0.75,12,0.032567944659426015,464,0.3939604959130436,0.015538445251547461,0.2663983622787982,-0.06493087108517703,0.4525862068965517,1.2451574440448134,0.4504310344827586
0.8,10,shallow,0.4,1.5,1.0,6,0.016624676068168656,306,0.41483096322619173,0.01552666566654115,0.2956816729621704,-0.05845595074529708,0.4477124183006536,1.2779364165863034,0.33986928104575165
0.85,11,shallow,0.6,1.0,0.5,12,0.026722697488877702,504,0.43513098297117453,0.015425419578382948,0.423858548898029,-0.04051245199527831,0.36507936507936506,1.8114368285135023,0.36507936507936506
0.85,11,shallow,0.6,1.0,0.5,24,0.026722697488877702,504,0.43513098297117453,0.015425419578382948,0.423858548898029,-0.04051245199527831,0.36507936507936506,1.8114368285135023,0.36507936507936506
0.85,11,base,0.4,1.5,0.75,24,0.018069504979977443,302,0.4410874867590757,0.015378167653394836,0.5151610039306942,-0.033230200422177614,0.36423841059602646,1.811885268897811,0.36423841059602646
0.9,12,deep_slow,0.4,2.0,1.5,12,0.019103795708262847,203,0.440391200910911,0.015325782305474878,0.18963660332886964,-0.08996437569202109,0.45320197044334976,1.2517109583087582,0.3448275862068966
0.95,12,deep_slow,0.4,2.0,1.5,12,0.019103795708262847,203,0.440391200910911,0.015325782305474878,0.18963660332886964,-0.08996437569202109,0.45320197044334976,1.2517109583087582,0.3448275862068966
0.85,11,deep_slow,0.6,2.0,1.5,6,0.02660926817449534,289,0.3838701666574022,0.015283524347784683,0.19695252344019687,-0.08638354643176038,0.47058823529411764,1.1606729323892766,0.23183391003460208
0.85,11,deep_slow,0.8,2.0,0.5,24,0.04023212551971341,411,0.42758809054879915,0.01521318771921365,0.2550290161822366,-0.06640457435946412,0.21897810218978103,3.7384999802462633,0.21897810218978103
0.9,12,shallow,0.7,3.0,0.75,12,0.033289881212306936,273,0.49474642954193043,0.015166419860138225,0.30350016417715503,-0.05562760782294662,0.28205128205128205,2.6443882009956505,0.1575091575091575
0.95,12,shallow,0.7,3.0,0.75,12,0.033289881212306936,273,0.49474642954193043,0.015166419860138225,0.30350016417715503,-0.05562760782294662,0.28205128205128205,2.6443882009956505,0.1575091575091575
0.8,10,base,0.7,3.0,2.5,24,0.034786761033208866,129,0.530189647039253,0.015148318381016157,0.18536359599561153,-0.09097158915698089,0.5038759689922481,1.0246917216309996,0.32558139534883723
0.9,12,deep_slow,0.6,2.0,0.75,6,0.026488612559532297,349,0.3998676244818189,0.015125932349110194,0.19849138969841573,-0.08482927279870822,0.3553008595988539,1.8902564776636768,0.19484240687679083
0.95,12,deep_slow,0.6,2.0,0.75,6,0.026488612559532297,349,0.3998676244818189,0.015125932349110194,0.19849138969841573,-0.08482927279870822,0.3553008595988539,1.8902564776636768,0.19484240687679083
0.9,12,base,0.7,4.0,2.0,24,0.029700257367501218,128,0.5386536886166561,0.0150872927620187,0.2091030096134223,-0.08031845838736817,0.4296875,1.3905204803536477,0.1953125
0.95,12,base,0.7,4.0,2.0,24,0.029700257367501218,128,0.5386536886166561,0.0150872927620187,0.2091030096134223,-0.08031845838736817,0.4296875,1.3905204803536477,0.1953125
0.9,12,deep_slow,0.4,2.0,0.5,24,0.019103795708262847,312,0.4734089173336192,0.01504854386756449,0.2842131740769111,-0.058940480032454556,0.22435897435897437,3.6102404463027167,0.22115384615384615
0.95,12,deep_slow,0.4,2.0,0.5,24,0.019103795708262847,312,0.4734089173336192,0.01504854386756449,0.2842131740769111,-0.058940480032454556,0.22435897435897437,3.6102404463027167,0.22115384615384615
0.8,10,shallow,0.7,3.0,1.0,12,0.034650808039162956,250,0.46613625760301924,0.015016623214711755,0.16722384574631446,-0.09996240615036767,0.332,2.0839123467711205,0.16
0.8,10,shallow,0.6,2.5,2.0,24,0.0281987593635591,154,0.4267930350200579,0.014990139133602476,0.18718349475062387,-0.0891456380003488,0.461038961038961,1.2100864868280958,0.38961038961038963
0.9,12,base,0.8,1.0,0.75,12,0.03553384163128094,502,0.363961971200877,0.0149763054232257,0.25889403402529565,-0.06439383595040837,0.45617529880478086,1.2305741206257816,0.4541832669322709
0.95,12,base,0.8,1.0,0.75,12,0.03553384163128094,502,0.363961971200877,0.0149763054232257,0.25889403402529565,-0.06439383595040837,0.45617529880478086,1.2305741206257816,0.4541832669322709
0.85,11,base,0.4,2.5,0.5,12,0.018069504979977443,296,0.4847437039697007,0.014969579838976843,0.32502546417857053,-0.051268866109252964,0.2195945945945946,3.7173821768892923,0.16554054054054054
0.8,10,deep_slow,0.8,2.5,0.5,24,0.03652372924092767,370,0.43340055748065903,0.014959064831095326,0.22152908693672438,-0.07516833347730811,0.1918918918918919,4.339544725977177,0.1810810810810811
0.8,10,shallow,0.4,1.5,0.75,6,0.016624676068168656,329,0.40932708200169127,0.014897187903332831,0.3017499348007227,-0.05495621982488297,0.3799392097264438,1.6912710502704529,0.3069908814589666
0.9,12,shallow,0.4,2.5,0.75,6,0.01727300411761307,285,0.43431709603766055,0.014884487949321512,0.34614085693081226,-0.04786746947166276,0.3543859649122807,1.8958066574602577,0.15789473684210525
0.95,12,shallow,0.4,2.5,0.75,6,0.01727300411761307,285,0.43431709603766055,0.014884487949321512,0.34614085693081226,-0.04786746947166276,0.3543859649122807,1.8958066574602577,0.15789473684210525
0.9,12,shallow,0.5,3.0,0.75,24,0.022171242241514764,236,0.4900989037092754,0.014877174033671059,0.25752377696089856,-0.06430760985244277,0.24152542372881355,3.267941615567379,0.19915254237288135
0.95,12,shallow,0.5,3.0,0.75,24,0.022171242241514764,236,0.4900989037092754,0.014877174033671059,0.25752377696089856,-0.06430760985244277,0.24152542372881355,3.267941615567379,0.19915254237288135
0.85,11,base,0.6,2.5,2.0,12,0.02743703889797145,190,0.41293124039160073,0.01481337572845387,0.19989859975343147,-0.08249013312717224,0.47368421052631576,1.1485375640567586,0.2894736842105263
0.8,10,shallow,0.4,4.0,2.0,24,0.016624676068168656,110,0.6586702434711363,0.014777194606776956,0.21887129321174426,-0.07515537278469075,0.44545454545454544,1.3012110942206385,0.2
0.8,10,base,0.6,1.0,0.75,24,0.028890652717152483,437,0.38264608805246564,0.014760213067284367,0.3674069228773753,-0.044719992907503725,0.459954233409611,1.2171684037139918,0.459954233409611
0.8,10,base,0.7,3.0,1.0,24,0.034786761033208866,217,0.4750770241657835,0.014752783013882276,0.17071523162309044,-0.09619620481476909,0.2903225806451613,2.510457908877996,0.22119815668202766
0.9,12,base,0.6,1.5,0.75,12,0.024507847669689414,373,0.38129867614325313,0.014752093550539858,0.29531701437214886,-0.05560597079412899,0.3646112600536193,1.8136802430482186,0.34584450402144773
0.95,12,base,0.6,1.5,0.75,12,0.024507847669689414,373,0.38129867614325313,0.014752093550539858,0.29531701437214886,-0.05560597079412899,0.3646112600536193,1.8136802430482186,0.34584450402144773
0.85,11,shallow,0.7,2.0,0.75,6,0.03422839379787348,365,0.39685949091440786,0.01475049230515868,0.230885169515057,-0.07111589459115608,0.35342465753424657,1.9025036557797665,0.18904109589041096
0.8,10,deep_slow,0.8,2.5,2.0,24,0.03652372924092767,162,0.415978297383049,0.014737642888653646,0.16803435301635847,-0.09763057347868953,0.4691358024691358,1.168494715811353,0.3950617283950617
0.9,12,base,0.8,3.0,1.0,24,0.03553384163128094,224,0.46788734141465965,0.014665845015694678,0.1978266832025196,-0.08252326035293034,0.28125,2.6227519727263586,0.22767857142857142
0.95,12,base,0.8,3.0,1.0,24,0.03553384163128094,224,0.46788734141465965,0.014665845015694678,0.1978266832025196,-0.08252326035293034,0.28125,2.6227519727263586,0.22767857142857142
0.8,10,base,0.7,2.0,0.5,24,0.034786761033208866,387,0.42616585796382406,0.014651823730198021,0.2902152517818558,-0.05619857074644019,0.2248062015503876,3.619862964701574,0.2248062015503876
0.9,12,deep_slow,0.7,1.0,0.75,12,0.03039343375568873,485,0.36141095802669515,0.014640821689180461,0.21122709442946377,-0.07715594208855381,0.4515463917525773,1.2542264099370597,0.44948453608247424
0.95,12,deep_slow,0.7,1.0,0.75,12,0.03039343375568873,485,0.36141095802669515,0.014640821689180461,0.21122709442946377,-0.07715594208855381,0.4515463917525773,1.2542264099370597,0.44948453608247424
0.8,10,base,0.4,4.0,1.5,24,0.018576634829056745,132,0.5885674608830803,0.014612223171789118,0.17110557269867827,-0.09506157466856757,0.3560606060606061,1.8732173237609153,0.18181818181818182
0.9,12,deep_slow,0.7,1.5,0.75,6,0.03039343375568873,426,0.35738734697207225,0.014597665089620238,0.23292086108528054,-0.06976338078946043,0.3779342723004695,1.707322398342519,0.3051643192488263
0.95,12,deep_slow,0.7,1.5,0.75,6,0.03039343375568873,426,0.35738734697207225,0.014597665089620238,0.23292086108528054,-0.06976338078946043,0.3779342723004695,1.707322398342519,0.3051643192488263
0.8,10,deep_slow,0.7,4.0,1.5,24,0.03201506443356151,151,0.526452399745445,0.014536474991100778,0.16377037023059318,-0.09880406378115869,0.3708609271523179,1.772439440328091,0.17880794701986755
0.9,12,shallow,0.4,1.5,0.75,6,0.01727300411761307,322,0.4112274809764575,0.01446216779476961,0.3892024218554838,-0.04136253050921945,0.3944099378881988,1.5925006252928975,0.3105590062111801
0.95,12,shallow,0.4,1.5,0.75,6,0.01727300411761307,322,0.4112274809764575,0.01446216779476961,0.3892024218554838,-0.04136253050921945,0.3944099378881988,1.5925006252928975,0.3105590062111801
0.9,12,base,0.8,4.0,2.5,24,0.03553384163128094,111,0.6072675691903866,0.014420522859595719,0.2136976653287585,-0.07511548276060287,0.45045045045045046,1.2809947353141151,0.22522522522522523
0.95,12,base,0.8,4.0,2.5,24,0.03553384163128094,111,0.6072675691903866,0.014420522859595719,0.2136976653287585,-0.07511548276060287,0.45045045045045046,1.2809947353141151,0.22522522522522523
0.8,10,base,0.5,2.5,1.5,12,0.023983485622980496,196,0.4258347649544833,0.014411319630775132,0.2203482109034517,-0.07280181933890684,0.42857142857142855,1.379366007075842,0.23979591836734693
0.9,12,deep_slow,0.7,4.0,2.0,24,0.03039343375568873,123,0.4963569329686632,0.014364552373901551,0.18439687936668953,-0.08671323954489996,0.42276422764227645,1.4313487289893523,0.1951219512195122
0.95,12,deep_slow,0.7,4.0,2.0,24,0.03039343375568873,123,0.4963569329686632,0.014364552373901551,0.18439687936668953,-0.08671323954489996,0.42276422764227645,1.4313487289893523,0.1951219512195122
0.9,12,deep_slow,0.6,3.0,1.5,24,0.026488612559532297,166,0.46167933409380085,0.014342905929639382,0.16840871319107115,-0.09480231688341045,0.3795180722891566,1.6768293455709398,0.27710843373493976
0.95,12,deep_slow,0.6,3.0,1.5,24,0.026488612559532297,166,0.46167933409380085,0.014342905929639382,0.16840871319107115,-0.09480231688341045,0.3795180722891566,1.6768293455709398,0.27710843373493976
0.9,12,deep_slow,0.7,3.0,1.5,24,0.03039343375568873,175,0.44791175895636964,0.01430376418123891,0.16495169583505392,-0.09652481326874951,0.37714285714285717,1.6922972297044518,0.2742857142857143
0.95,12,deep_slow,0.7,3.0,1.5,24,0.03039343375568873,175,0.44791175895636964,0.01430376418123891,0.16495169583505392,-0.09652481326874951,0.37714285714285717,1.6922972297044518,0.2742857142857143
0.9,12,shallow,0.4,1.5,1.0,6,0.01727300411761307,299,0.3862441994453019,0.014188361764536639,0.42223879356926936,-0.037403887984718165,0.451505016722408,1.2564045095660425,0.34448160535117056
0.95,12,shallow,0.4,1.5,1.0,6,0.01727300411761307,299,0.3862441994453019,0.014188361764536639,0.42223879356926936,-0.037403887984718165,0.451505016722408,1.2564045095660425,0.34448160535117056
0.8,10,shallow,0.4,3.0,0.75,12,0.016624676068168656,237,0.4659335444144011,0.014164564963155435,0.2820627172819661,-0.05589842957620483,0.270042194092827,2.8112777764264165,0.16033755274261605
0.9,12,deep_slow,0.7,2.5,0.75,24,0.03039343375568873,289,0.3906195178946973,0.014143077412550165,0.1582473631245121,-0.09948302195713898,0.25259515570934254,3.03517962843323,0.23183391003460208
0.95,12,deep_slow,0.7,2.5,0.75,24,0.03039343375568873,289,0.3906195178946973,0.014143077412550165,0.1582473631245121,-0.09948302195713898,0.25259515570934254,3.03517962843323,0.23183391003460208
0.85,11,deep_slow,0.4,1.0,0.5,6,0.015505342952291496,415,0.42442860877060296,0.01410000925565491,0.6293468094249169,-0.02493847287017381,0.3686746987951807,1.7778705070209857,0.3566265060240964
0.85,11,deep_slow,0.7,1.5,1.0,12,0.032567944659426015,335,0.3595360042980791,0.014058535968610286,0.19454163677984967,-0.08043906647471877,0.4208955223880597,1.4128699795284423,0.3970149253731343
0.85,11,shallow,0.7,1.5,0.75,12,0.03422839379787348,383,0.36349984373547467,0.014037539467236737,0.34623991989199565,-0.0451287012796705,0.360313315926893,1.842041718170333,0.34464751958224543
0.8,10,deep_slow,0.8,2.0,1.5,24,0.03652372924092767,215,0.38889530231906505,0.0139995885212294,0.1472211451788508,-0.10584811944978534,0.42790697674418604,1.3736265812604864,0.40930232558139534
0.8,10,shallow,0.5,2.5,0.5,24,0.02225569419366929,319,0.44222597366499466,0.013993159168242064,0.24851099170346522,-0.06267698304721003,0.19122257053291536,4.38939791451352,0.18495297805642633
0.8,10,shallow,0.8,2.0,1.0,6,0.04189406605295098,348,0.3579469893856073,0.013977934110128709,0.1564128539602673,-0.09947365889463144,0.4109195402298851,1.482823285085983,0.20689655172413793
0.9,12,shallow,0.6,1.0,0.5,12,0.02729219059178709,494,0.39149262552376435,0.01395574032916147,0.39270226810442427,-0.03955728519983959,0.3643724696356275,1.7991159504512229,0.3643724696356275
0.9,12,shallow,0.6,1.0,0.5,24,0.02729219059178709,494,0.39149262552376435,0.01395574032916147,0.39270226810442427,-0.03955728519983959,0.3643724696356275,1.7991159504512229,0.3643724696356275
0.95,12,shallow,0.6,1.0,0.5,12,0.02729219059178709,494,0.39149262552376435,0.01395574032916147,0.39270226810442427,-0.03955728519983959,0.3643724696356275,1.7991159504512229,0.3643724696356275
0.95,12,shallow,0.6,1.0,0.5,24,0.02729219059178709,494,0.39149262552376435,0.01395574032916147,0.39270226810442427,-0.03955728519983959,0.3643724696356275,1.7991159504512229,0.3643724696356275
0.9,12,shallow,0.7,1.0,0.75,12,0.033289881212306936,455,0.36748880657413585,0.013942148459414216,0.3551812685555458,-0.04369344909673556,0.4593406593406593,1.2171780875008864,0.45714285714285713
0.95,12,shallow,0.7,1.0,0.75,12,0.033289881212306936,455,0.36748880657413585,0.013942148459414216,0.3551812685555458,-0.04369344909673556,0.4593406593406593,1.2171780875008864,0.45714285714285713
0.9,12,base,0.6,3.0,1.5,24,0.024507847669689414,162,0.4626195648584217,0.013846812053301294,0.19124658802363803,-0.08059173000125286,0.3765432098765432,1.6968612008456798,0.2839506172839506
0.95,12,base,0.6,3.0,1.5,24,0.024507847669689414,162,0.4626195648584217,0.013846812053301294,0.19124658802363803,-0.08059173000125286,0.3765432098765432,1.6968612008456798,0.2839506172839506
0.85,11,shallow,0.8,2.5,2.0,6,0.04206355121771392,278,0.3295572642998462,0.013823760424192644,0.16355860707144945,-0.0940776835427164,0.49640287769784175,1.041703778075219,0.16546762589928057
0.8,10,deep_slow,0.4,2.5,1.5,24,0.02012685895493155,164,0.42354594808858126,0.013754278716287205,0.17022282824868049,-0.08993985025476825,0.39634146341463417,1.5737415728220157,0.31097560975609756
0.9,12,shallow,0.5,1.5,0.75,24,0.022171242241514764,331,0.37739504240719923,0.013745971220092912,0.29144693511955083,-0.0524986189179345,0.3564954682779456,1.861163224346779,0.3564954682779456
0.95,12,shallow,0.5,1.5,0.75,24,0.022171242241514764,331,0.37739504240719923,0.013745971220092912,0.29144693511955083,-0.0524986189179345,0.3564954682779456,1.861163224346779,0.3564954682779456
0.8,10,shallow,0.8,2.5,2.0,24,0.04189406605295098,163,0.38140393496290914,0.013745597187087233,0.16703874203402866,-0.09159638502429945,0.4723926380368098,1.151168669431291,0.3803680981595092
0.9,12,deep_slow,0.8,2.5,2.0,24,0.03478537134288336,163,0.375737661012212,0.013737173061096009,0.17470941998669465,-0.0875211017202222,0.4723926380368098,1.1507130825073353,0.3803680981595092
0.95,12,deep_slow,0.8,2.5,2.0,24,0.03478537134288336,163,0.375737661012212,0.013737173061096009,0.17470941998669465,-0.0875211017202222,0.4723926380368098,1.1507130825073353,0.3803680981595092
0.85,11,deep_slow,0.8,1.0,0.75,24,0.04023212551971341,495,0.3374995087130797,0.013653597462899514,0.2245946010655268,-0.06766708869547733,0.4505050505050505,1.2562278653534908,0.4505050505050505
0.9,12,base,0.6,1.0,0.5,6,0.024507847669689414,510,0.38264869557999837,0.013640730250932487,0.38372285916826177,-0.039568478171056465,0.3686274509803922,1.7779297736428903,0.3588235294117647
0.95,12,base,0.6,1.0,0.5,6,0.024507847669689414,510,0.38264869557999837,0.013640730250932487,0.38372285916826177,-0.039568478171056465,0.3686274509803922,1.7779297736428903,0.3588235294117647
0.8,10,base,0.6,2.5,1.0,12,0.028890652717152483,255,0.37361469241444206,0.013631450658866173,0.19750776582711682,-0.07682225901625084,0.34509803921568627,1.956260881825049,0.23529411764705882
0.85,11,shallow,0.8,3.0,2.5,12,0.04206355121771392,167,0.4645928570315703,0.013594657983507119,0.21299060088378155,-0.07104542761492239,0.49101796407185627,1.073373544569354,0.2155688622754491
0.85,11,shallow,0.4,2.5,1.5,6,0.014641812176194218,247,0.3593791554084591,0.013594439685032711,0.17606675982248945,-0.08594333856379521,0.46558704453441296,1.1839691716510843,0.1659919028340081
0.9,12,base,0.6,1.5,1.0,12,0.024507847669689414,320,0.35842559626669246,0.013575707191900266,0.23015855234559052,-0.06565429958368396,0.421875,1.4082483064371913,0.396875
0.95,12,base,0.6,1.5,1.0,12,0.024507847669689414,320,0.35842559626669246,0.013575707191900266,0.23015855234559052,-0.06565429958368396,0.421875,1.4082483064371913,0.396875
0.9,12,deep_slow,0.8,1.5,1.0,12,0.03478537134288336,352,0.34210194623321477,0.013560310205794845,0.17687208620746653,-0.08533708064413437,0.42045454545454547,1.4254205943288953,0.39204545454545453
0.95,12,deep_slow,0.8,1.5,1.0,12,0.03478537134288336,352,0.34210194623321477,0.013560310205794845,0.17687208620746653,-0.08533708064413437,0.42045454545454547,1.4254205943288953,0.39204545454545453
0.85,11,shallow,0.4,4.0,2.5,24,0.014641812176194218,103,0.5911239878174264,0.0134874064288939,0.16172595596305725,-0.09282702067973903,0.4368932038834951,1.3405079442113013,0.23300970873786409
0.9,12,base,0.4,2.0,1.0,6,0.01632796766513659,276,0.377392827006912,0.013485731670082046,0.2064648936529736,-0.07270327103485175,0.42391304347826086,1.4060117908175433,0.20652173913043478
0.95,12,base,0.4,2.0,1.0,6,0.01632796766513659,276,0.377392827006912,0.013485731670082046,0.2064648936529736,-0.07270327103485175,0.42391304347826086,1.4060117908175433,0.20652173913043478
0.85,11,deep_slow,0.7,2.0,0.5,12,0.032567944659426015,398,0.38626221485567475,0.013423368516437995,0.2581209531036769,-0.05788451514565718,0.23366834170854273,3.381002674641678,0.21105527638190955
0.85,11,deep_slow,0.8,1.5,1.0,12,0.04023212551971341,354,0.33005963962667184,0.013376577125367328,0.18367083873754791,-0.08106395803684474,0.4180790960451977,1.4379056509515,0.3926553672316384
0.85,11,deep_slow,0.6,3.0,1.5,24,0.02660926817449534,168,0.42640177649388816,0.013344874662457817,0.1794931732964858,-0.08275396543901137,0.38095238095238093,1.6630654889789873,0.26785714285714285
0.9,12,deep_slow,0.7,1.5,0.75,12,0.03039343375568873,393,0.33523106098705324,0.013333971798884292,0.19327713309539693,-0.07678935927107189,0.361323155216285,1.8296221469474792,0.34096692111959287
0.95,12,deep_slow,0.7,1.5,0.75,12,0.03039343375568873,393,0.33523106098705324,0.013333971798884292,0.19327713309539693,-0.07678935927107189,0.361323155216285,1.8296221469474792,0.34096692111959287
0.8,10,base,0.4,3.0,0.5,24,0.018576634829056745,272,0.4840776075500437,0.013321140649052765,0.36102412759737007,-0.04107020429198427,0.17647058823529413,4.859527722050308,0.15073529411764705
0.85,11,shallow,0.7,2.0,1.0,6,0.03422839379787348,335,0.3405858142189077,0.013251294470949748,0.16754036873276087,-0.08803570102237102,0.4059701492537313,1.513788922010178,0.19701492537313434
0.8,10,deep_slow,0.5,1.5,0.5,12,0.02386910511055699,388,0.3924592188236706,0.013245755230172795,0.4915085905464944,-0.02999614660441341,0.28350515463917525,2.6112544762707666,0.2706185567010309
0.8,10,deep_slow,0.6,2.0,0.75,6,0.027441884318986948,354,0.3586087118417845,0.013244088977810708,0.23516837344967034,-0.06268490746456978,0.3502824858757062,1.9098403343270012,0.20903954802259886
0.85,11,deep_slow,0.5,2.0,0.75,24,0.02084289794941308,292,0.37345922662541237,0.013213411166813849,0.26639169468592266,-0.05520943998726424,0.2910958904109589,2.5108326564341317,0.2876712328767123
0.85,11,shallow,0.8,2.0,0.5,12,0.04206355121771392,420,0.37190752466501115,0.013189113828165011,0.20615928887987361,-0.07120839466414519,0.23333333333333334,3.4307426943361707,0.20476190476190476
0.85,11,shallow,0.6,3.0,1.5,24,0.026722697488877702,166,0.4243737610659379,0.013152443066246855,0.1662337666699724,-0.08806529309286659,0.37349397590361444,1.716554628984474,0.25903614457831325
0.85,11,base,0.5,2.0,1.0,6,0.022967702564092134,305,0.34785415818841436,0.013116789367874304,0.2588712885844573,-0.056397570704630695,0.40327868852459015,1.5248787211787744,0.21639344262295082
0.9,12,deep_slow,0.7,4.0,2.5,24,0.03039343375568873,111,0.4723419115711561,0.013114858960605824,0.18320563863684758,-0.07967856061543455,0.4954954954954955,1.0648421957591414,0.23423423423423423
0.95,12,deep_slow,0.7,4.0,2.5,24,0.03039343375568873,111,0.4723419115711561,0.013114858960605824,0.18320563863684758,-0.07967856061543455,0.4954954954954955,1.0648421957591414,0.23423423423423423
0.9,12,base,0.6,3.0,0.75,12,0.024507847669689414,279,0.40937252740941016,0.013105518327546584,0.18911849414430212,-0.07713236839747273,0.2724014336917563,2.7582323763044814,0.15770609318996415
0.95,12,base,0.6,3.0,0.75,12,0.024507847669689414,279,0.40937252740941016,0.013105518327546584,0.18911849414430212,-0.07713236839747273,0.2724014336917563,2.7582323763044814,0.15770609318996415
0.9,12,deep_slow,0.5,2.5,0.75,6,0.02263787441816482,314,0.3694965187740789,0.013093184757337228,0.19660405027790073,-0.07412573342840567,0.32802547770700635,2.1131400127949296,0.15286624203821655
0.95,12,deep_slow,0.5,2.5,0.75,6,0.02263787441816482,314,0.3694965187740789,0.013093184757337228,0.19660405027790073,-0.07412573342840567,0.32802547770700635,2.1131400127949296,0.15286624203821655
0.8,10,shallow,0.5,2.5,2.0,6,0.02225569419366929,242,0.3557448872070558,0.013068420990599572,0.19694690106886983,-0.07385663796849473,0.4793388429752066,1.11865386064079,0.17768595041322313
0.8,10,shallow,0.6,1.5,0.75,12,0.0281987593635591,367,0.3443199808424325,0.013067400052129807,0.22788559836967276,-0.06382456325042607,0.3569482288828338,1.849966317348796,0.34332425068119893
0.9,12,base,0.7,2.0,1.0,6,0.029700257367501218,332,0.33752630041896603,0.013048536642690234,0.20101960661040327,-0.07225010448405211,0.4126506024096386,1.4726041051312053,0.20180722891566266
0.95,12,base,0.7,2.0,1.0,6,0.029700257367501218,332,0.33752630041896603,0.013048536642690234,0.20101960661040327,-0.07225010448405211,0.4126506024096386,1.4726041051312053,0.20180722891566266
0.8,10,base,0.5,2.0,0.75,24,0.023983485622980496,285,0.3812345405351778,0.012971554816000763,0.2871133479137175,-0.050286554518126136,0.2982456140350877,2.426938923999059,0.29473684210526313
0.9,12,shallow,0.4,2.0,1.5,24,0.01727300411761307,172,0.4109968578345585,0.012903967456211474,0.23817682722757152,-0.060302504254594935,0.4418604651162791,1.3023226970645823,0.43023255813953487
0.95,12,shallow,0.4,2.0,1.5,24,0.01727300411761307,172,0.4109968578345585,0.012903967456211474,0.23817682722757152,-0.060302504254594935,0.4418604651162791,1.3023226970645823,0.43023255813953487
0.8,10,deep_slow,0.7,4.0,2.5,24,0.03201506443356151,109,0.5014194413623406,0.012895880097594237,0.1531348284763465,-0.09373211338495513,0.48623853211009177,1.0933321263538276,0.22018348623853212
0.8,10,shallow,0.6,2.5,2.0,6,0.0281987593635591,256,0.3345583317584651,0.012848482347814105,0.19411921504045515,-0.07367049011616811,0.5,1.0271474016279263,0.1796875
0.8,10,base,0.4,3.0,2.0,12,0.018576634829056745,159,0.46238491076467364,0.012830861288684492,0.2276032014426207,-0.06274617710146924,0.4779874213836478,1.1321652009368017,0.20125786163522014
0.9,12,base,0.6,2.5,1.5,6,0.024507847669689414,275,0.3358760192923696,0.012786782098646254,0.15794101952291908,-0.09011043564092991,0.4618181818181818,1.1950441313076794,0.16363636363636364
0.95,12,base,0.6,2.5,1.5,6,0.024507847669689414,275,0.3358760192923696,0.012786782098646254,0.15794101952291908,-0.09011043564092991,0.4618181818181818,1.1950441313076794,0.16363636363636364
0.8,10,base,0.6,1.0,0.75,12,0.028890652717152483,437,0.3345452217215921,0.012777872149987823,0.30502300474137123,-0.04662667968398615,0.459954233409611,1.212442005399732,0.4576659038901602
0.9,12,deep_slow,0.5,2.0,0.75,24,0.02263787441816482,281,0.3761864360356611,0.012742605732342982,0.1887086495427116,-0.07515781285156731,0.2918149466192171,2.503357737184738,0.2846975088967972
0.95,12,deep_slow,0.5,2.0,0.75,24,0.02263787441816482,281,0.3761864360356611,0.012742605732342982,0.1887086495427116,-0.07515781285156731,0.2918149466192171,2.503357737184738,0.2846975088967972
0.9,12,deep_slow,0.6,2.5,1.5,24,0.026488612559532297,182,0.35609237175652575,0.01271089687806537,0.16508680221706654,-0.08569801603053173,0.3901098901098901,1.5948283008451178,0.33516483516483514
0.95,12,deep_slow,0.6,2.5,1.5,24,0.026488612559532297,182,0.35609237175652575,0.01271089687806537,0.16508680221706654,-0.08569801603053173,0.3901098901098901,1.5948283008451178,0.33516483516483514
0.9,12,shallow,0.5,1.5,0.75,12,0.022171242241514764,334,0.3493059264664482,0.012709344759576524,0.2701326198266633,-0.05236643636416982,0.36227544910179643,1.8108822745245818,0.3473053892215569
0.95,12,shallow,0.5,1.5,0.75,12,0.022171242241514764,334,0.3493059264664482,0.012709344759576524,0.2701326198266633,-0.05236643636416982,0.36227544910179643,1.8108822745245818,0.3473053892215569
0.9,12,deep_slow,0.4,2.5,0.5,12,0.019103795708262847,296,0.4106626101571643,0.012689086549703799,0.2225808761723486,-0.06345252551261538,0.21283783783783783,3.8435913386109637,0.1554054054054054
0.95,12,deep_slow,0.4,2.5,0.5,12,0.019103795708262847,296,0.4106626101571643,0.012689086549703799,0.2225808761723486,-0.06345252551261538,0.21283783783783783,3.8435913386109637,0.1554054054054054
0.9,12,deep_slow,0.7,1.0,0.75,6,0.03039343375568873,498,0.3128181016797119,0.012640348396669276,0.18696793921017169,-0.07524837491993208,0.4497991967871486,1.2588261776343228,0.43172690763052207
0.95,12,deep_slow,0.7,1.0,0.75,6,0.03039343375568873,498,0.3128181016797119,0.012640348396669276,0.18696793921017169,-0.07524837491993208,0.4497991967871486,1.2588261776343228,0.43172690763052207
0.85,11,deep_slow,0.5,1.5,1.0,24,0.02084289794941308,306,0.3360579009579239,0.012639689647779173,0.26984912885492607,-0.05213394583494835,0.41830065359477125,1.4268725567367615,0.41830065359477125
0.85,11,shallow,0.6,2.0,1.5,12,0.026722697488877702,226,0.34568561781025736,0.012544353232760042,0.17578644655140288,-0.07942656649888769,0.46017699115044247,1.2056734591138145,0.3495575221238938
0.9,12,base,0.5,3.0,0.75,24,0.020354141462207622,236,0.4476373628555888,0.012516896030345004,0.16649813829214644,-0.0836738015480506,0.2288135593220339,3.484250930302926,0.19915254237288135
0.95,12,base,0.5,3.0,0.75,24,0.020354141462207622,236,0.4476373628555888,0.012516896030345004,0.16649813829214644,-0.0836738015480506,0.2288135593220339,3.484250930302926,0.19915254237288135
0.9,12,base,0.8,2.0,1.0,24,0.03553384163128094,265,0.3529293121553618,0.012506006811176418,0.1445546933608025,-0.09629160784611956,0.3433962264150943,1.9912510338287663,0.33584905660377357
0.95,12,base,0.8,2.0,1.0,24,0.03553384163128094,265,0.3529293121553618,0.012506006811176418,0.1445546933608025,-0.09629160784611956,0.3433962264150943,1.9912510338287663,0.33584905660377357
0.85,11,base,0.8,2.0,1.5,6,0.037861802141293005,309,0.32108068239810156,0.012483012128522653,0.1406407040728848,-0.09878927063373344,0.47896440129449835,1.1135254363345175,0.23948220064724918
0.8,10,shallow,0.7,2.0,0.5,12,0.034650808039162956,398,0.36731117759834264,0.012480117005883473,0.20742334928320044,-0.06696723424874829,0.23618090452261306,3.3286043822509512,0.20100502512562815
0.8,10,base,0.7,1.5,1.0,6,0.034786761033208866,375,0.306966590418382,0.012403575191654692,0.2185126046521096,-0.06317858396530707,0.44,1.3150697043103052,0.3333333333333333
0.85,11,base,0.7,2.5,2.0,24,0.03218380161661132,157,0.3647808473149498,0.012369078415242374,0.1786374247906105,-0.07706613113828586,0.4713375796178344,1.1529683751935997,0.3885350318471338
0.85,11,base,0.6,2.0,0.75,6,0.02743703889797145,357,0.3404812213753749,0.012341091056325748,0.265534658445504,-0.051728552879868106,0.3473389355742297,1.9446701356839275,0.20168067226890757
0.9,12,shallow,0.4,1.5,0.5,6,0.01727300411761307,363,0.38046866845278265,0.012336892218294704,0.4296622344028653,-0.03195777048661308,0.30578512396694213,2.3501727206618206,0.2534435261707989
0.95,12,shallow,0.4,1.5,0.5,6,0.01727300411761307,363,0.38046866845278265,0.012336892218294704,0.4296622344028653,-0.03195777048661308,0.30578512396694213,2.3501727206618206,0.2534435261707989
0.8,10,deep_slow,0.5,1.5,0.5,24,0.02386910511055699,384,0.3687140776698217,0.012327455223684058,0.4452497729082142,-0.030815369841724394,0.2760416666666667,2.703719085152345,0.2760416666666667
0.9,12,base,0.4,2.0,0.5,12,0.01632796766513659,313,0.40161827165968034,0.012323099446645891,0.2353189248105651,-0.058285516565562134,0.2268370607028754,3.5347968726843355,0.20447284345047922
0.95,12,base,0.4,2.0,0.5,12,0.01632796766513659,313,0.40161827165968034,0.012323099446645891,0.2353189248105651,-0.058285516565562134,0.2268370607028754,3.5347968726843355,0.20447284345047922
0.8,10,shallow,0.7,3.0,2.5,24,0.034650808039162956,127,0.4256174079653807,0.012316099882835552,0.16272382680463693,-0.08424020907082497,0.5039370078740157,1.0171166545316033,0.33070866141732286
0.8,10,base,0.4,3.0,2.5,12,0.018576634829056745,149,0.4846433068802039,0.01230308371808797,0.20051316895883944,-0.06829173501713603,0.4697986577181208,1.1679907846079431,0.2214765100671141
0.9,12,base,0.5,1.0,0.5,6,0.020354141462207622,462,0.3666506363257057,0.012302308428037367,0.34820561746139417,-0.03932311261707,0.3658008658008658,1.7866343563720677,0.35714285714285715
0.95,12,base,0.5,1.0,0.5,6,0.020354141462207622,462,0.3666506363257057,0.012302308428037367,0.34820561746139417,-0.03932311261707,0.3658008658008658,1.7866343563720677,0.35714285714285715
0.85,11,shallow,0.8,3.0,1.5,12,0.04206355121771392,209,0.3910850344979594,0.01229374738842215,0.183518382498043,-0.07455925407925434,0.4354066985645933,1.3334791201147456,0.18660287081339713
0.9,12,deep_slow,0.7,3.0,1.0,12,0.03039343375568873,255,0.36486236035316455,0.012287552199607532,0.1484898613225867,-0.09210119531395689,0.3254901960784314,2.130072682694781,0.1607843137254902
0.95,12,deep_slow,0.7,3.0,1.0,12,0.03039343375568873,255,0.36486236035316455,0.012287552199607532,0.1484898613225867,-0.09210119531395689,0.3254901960784314,2.130072682694781,0.1607843137254902
0.85,11,deep_slow,0.5,1.0,0.5,12,0.02084289794941308,457,0.35886531807832617,0.012281217854448023,0.36918118485666,-0.037025285439128086,0.36323851203501095,1.804783859052981,0.36323851203501095
0.85,11,deep_slow,0.5,1.0,0.5,24,0.02084289794941308,457,0.35886531807832617,0.012281217854448023,0.36918118485666,-0.037025285439128086,0.36323851203501095,1.804783859052981,0.36323851203501095
0.9,12,shallow,0.8,2.0,0.75,6,0.04167225887876418,382,0.32110899605305115,0.012242361443261407,0.20387675104960423,-0.06683332884571536,0.3586387434554974,1.8461678606771614,0.19109947643979058
0.95,12,shallow,0.8,2.0,0.75,6,0.04167225887876418,382,0.32110899605305115,0.012242361443261407,0.20387675104960423,-0.06683332884571536,0.3586387434554974,1.8461678606771614,0.19109947643979058
0.85,11,deep_slow,0.5,3.0,1.5,12,0.02084289794941308,191,0.3942203529239508,0.012228009833848086,0.20830096311522187,-0.06533708491184476,0.418848167539267,1.4274121360968586,0.2094240837696335
0.9,12,shallow,0.7,2.0,0.5,24,0.033289881212306936,373,0.3626548428024031,0.012226945096085684,0.23510542394745507,-0.05788293449657478,0.21983914209115282,3.7136233889751824,0.21983914209115282
0.95,12,shallow,0.7,2.0,0.5,24,0.033289881212306936,373,0.3626548428024031,0.012226945096085684,0.23510542394745507,-0.05788293449657478,0.21983914209115282,3.7136233889751824,0.21983914209115282
0.9,12,shallow,0.8,1.5,0.5,12,0.04167225887876418,465,0.3278232420766408,0.01214030598866822,0.22716736478930302,-0.059480803248200376,0.2817204301075269,2.641511831623577,0.26666666666666666
0.95,12,shallow,0.8,1.5,0.5,12,0.04167225887876418,465,0.3278232420766408,0.01214030598866822,0.22716736478930302,-0.059480803248200376,0.2817204301075269,2.641511831623577,0.26666666666666666
0.85,11,shallow,0.8,1.5,1.0,12,0.04206355121771392,358,0.30083552268984887,0.012102685921313583,0.2061240331876432,-0.06534996412003813,0.42178770949720673,1.4126520682306016,0.40502793296089384
0.85,11,base,0.7,3.0,2.0,12,0.03218380161661132,184,0.3792766093307036,0.012084972842641983,0.14204484279192034,-0.09469171931243048,0.45108695652173914,1.2523752388512934,0.22282608695652173
0.8,10,base,0.8,2.0,0.75,12,0.041557390516231536,340,0.32820913659071793,0.012005222601066734,0.15413325780315218,-0.08668894634033197,0.3176470588235294,2.2326786552769184,0.25588235294117645
0.85,11,base,0.8,3.0,2.5,24,0.037861802141293005,127,0.4474626636715238,0.012001463909113053,0.15074904191199778,-0.08860728649801053,0.5039370078740157,1.0161420582421845,0.33070866141732286
0.8,10,base,0.7,2.5,2.0,6,0.034786761033208866,263,0.31894387275835184,0.011996806992361497,0.16247140060538395,-0.08218232223990252,0.4752851711026616,1.1304003937801714,0.18250950570342206
0.8,10,base,0.6,2.0,1.0,12,0.028890652717152483,269,0.3415794837139566,0.011988785327502471,0.16252629308937272,-0.08209959622690943,0.379182156133829,1.7072073677372748,0.29739776951672864
0.9,12,shallow,0.8,4.0,2.5,24,0.04167225887876418,113,0.4102591700177667,0.011980364009946731,0.15297949007711864,-0.08716177557865834,0.4424778761061947,1.29992273192398,0.22123893805309736
0.95,12,shallow,0.8,4.0,2.5,24,0.04167225887876418,113,0.4102591700177667,0.011980364009946731,0.15297949007711864,-0.08716177557865834,0.4424778761061947,1.29992273192398,0.22123893805309736
0.85,11,deep_slow,0.7,2.0,0.5,24,0.032567944659426015,388,0.34908305735495065,0.011975931439029086,0.21805588465610382,-0.06112665718103483,0.22164948453608246,3.608156892615148,0.22164948453608246
0.85,11,shallow,0.5,2.0,1.5,12,0.021430229292638114,216,0.33796327292870476,0.011965472611002781,0.22588557505787704,-0.05895630578976652,0.4675925925925926,1.170215969576284,0.35648148148148145
0.9,12,deep_slow,0.7,2.0,0.5,6,0.03039343375568873,440,0.33021168175672466,0.011932649738913392,0.19240954024473098,-0.0690237262351191,0.27045454545454545,2.789914329202036,0.1590909090909091
0.95,12,deep_slow,0.7,2.0,0.5,6,0.03039343375568873,440,0.33021168175672466,0.011932649738913392,0.19240954024473098,-0.0690237262351191,0.27045454545454545,2.789914329202036,0.1590909090909091
0.85,11,deep_slow,0.7,1.5,0.75,6,0.032567944659426015,420,0.2974738400152261,0.011919253484379722,0.22287640314385154,-0.059521347068571706,0.3738095238095238,1.7136915818176102,0.3047619047619048
0.9,12,base,0.8,2.5,2.0,24,0.03553384163128094,157,0.3602202135775137,0.01191524367323793,0.15319744861304324,-0.08656435247209426,0.4713375796178344,1.1518038578901322,0.3821656050955414
0.95,12,base,0.8,2.5,2.0,24,0.03553384163128094,157,0.3602202135775137,0.01191524367323793,0.15319744861304324,-0.08656435247209426,0.4713375796178344,1.1518038578901322,0.3821656050955414
0.85,11,base,0.4,2.5,0.75,12,0.018069504979977443,252,0.36776940143939507,0.011879520550344358,0.3072610563842609,-0.0430306809455272,0.2857142857142857,2.5796707602100875,0.21825396825396826
0.9,12,base,0.4,3.0,1.0,24,0.01632796766513659,181,0.44419174622733804,0.01182981375967218,0.16953077795929153,-0.07766314529335672,0.281767955801105,2.638887640680707,0.22099447513812154
0.95,12,base,0.4,3.0,1.0,24,0.01632796766513659,181,0.44419174622733804,0.01182981375967218,0.16953077795929153,-0.07766314529335672,0.281767955801105,2.638887640680707,0.22099447513812154
0.8,10,shallow,0.5,2.0,1.5,6,0.02225569419366929,269,0.3162588417937276,0.011808757124338376,0.1638687238032816,-0.08020348363107033,0.483271375464684,1.0968380326540024,0.22676579925650558
0.8,10,shallow,0.6,1.0,0.5,12,0.0281987593635591,518,0.33051483799709225,0.011796151292906343,0.2892221783491076,-0.04539348745339389,0.361003861003861,1.8148203646462742,0.361003861003861
0.8,10,shallow,0.6,1.0,0.5,24,0.0281987593635591,518,0.33051483799709225,0.011796151292906343,0.2892221783491076,-0.04539348745339389,0.361003861003861,1.8148203646462742,0.361003861003861
0.9,12,base,0.7,1.5,1.0,24,0.029700257367501218,332,0.3028481975429871,0.011770068268720513,0.17212963681752044,-0.07610400406744688,0.41566265060240964,1.4507840756265582,0.4126506024096386
0.95,12,base,0.7,1.5,1.0,24,0.029700257367501218,332,0.3028481975429871,0.011770068268720513,0.17212963681752044,-0.07610400406744688,0.41566265060240964,1.4507840756265582,0.4126506024096386
0.85,11,deep_slow,0.8,3.0,2.5,24,0.04023212551971341,127,0.4350746705851629,0.011756460537958091,0.14249829297597552,-0.09182285183427208,0.5039370078740157,1.0159788922250843,0.31496062992125984
0.8,10,shallow,0.8,2.0,1.0,12,0.04189406605295098,296,0.3180604910179405,0.011731919211421582,0.11931212961828312,-0.10943789245974589,0.36824324324324326,1.7803903495806557,0.2939189189189189
0.8,10,base,0.4,2.5,1.5,24,0.018576634829056745,165,0.35950368047262343,0.011721502567914044,0.14867828612501285,-0.08774426565729743,0.3939393939393939,1.5736713812831373,0.3393939393939394
0.8,10,base,0.6,2.5,1.5,24,0.028890652717152483,178,0.3361066145581671,0.011672683372282222,0.15264139949861572,-0.08510992109311322,0.4044943820224719,1.4995211257231984,0.33707865168539325
0.85,11,deep_slow,0.8,1.0,0.75,12,0.04023212551971341,495,0.2922041997939965,0.01167125654560297,0.18678791083521923,-0.06954255426462619,0.4505050505050505,1.251958151694902,0.4484848484848485
0.9,12,deep_slow,0.7,3.0,2.0,24,0.03039343375568873,139,0.3923117547353056,0.011656118463650333,0.15875824546652811,-0.08171449163096456,0.45323741007194246,1.2427029983118132,0.2949640287769784
0.95,12,deep_slow,0.7,3.0,2.0,24,0.03039343375568873,139,0.3923117547353056,0.011656118463650333,0.15875824546652811,-0.08171449163096456,0.45323741007194246,1.2427029983118132,0.2949640287769784
0.85,11,base,0.4,3.0,0.5,24,0.018069504979977443,266,0.41909510412249484,0.011631615682219376,0.25580795220841185,-0.05060656171100042,0.17669172932330826,4.8316290896604155,0.15789473684210525
0.8,10,base,0.6,2.0,1.5,12,0.028890652717152483,220,0.333457798871493,0.01162564758953466,0.17900790908253056,-0.07228124397847346,0.45454545454545453,1.231472753213187,0.35
0.9,12,deep_slow,0.4,2.0,0.5,12,0.019103795708262847,321,0.3651203848549893,0.011554198263722615,0.2173087849446869,-0.05917543888974952,0.23052959501557632,3.450301820092136,0.20249221183800623
0.95,12,deep_slow,0.4,2.0,0.5,12,0.019103795708262847,321,0.3651203848549893,0.011554198263722615,0.2173087849446869,-0.05917543888974952,0.23052959501557632,3.450301820092136,0.20249221183800623
0.9,12,shallow,0.5,3.0,1.0,12,0.022171242241514764,226,0.36504325417184186,0.011510332514919286,0.16936557897583077,-0.0756381003886647,0.3185840707964602,2.201497108619225,0.17699115044247787
0.95,12,shallow,0.5,3.0,1.0,12,0.022171242241514764,226,0.36504325417184186,0.011510332514919286,0.16936557897583077,-0.0756381003886647,0.3185840707964602,2.201497108619225,0.17699115044247787
0.85,11,base,0.5,2.5,0.5,12,0.022967702564092134,325,0.36442531666685807,0.011507763276190852,0.21863737186196922,-0.05857932371705099,0.2153846153846154,3.7586084435235843,0.16
0.9,12,shallow,0.8,1.5,0.75,12,0.04167225887876418,395,0.2949823527035706,0.011500959148645684,0.23143771236214092,-0.055306681478321185,0.36455696202531646,1.7984589751744349,0.34430379746835443
0.95,12,shallow,0.8,1.5,0.75,12,0.04167225887876418,395,0.2949823527035706,0.011500959148645684,0.23143771236214092,-0.055306681478321185,0.36455696202531646,1.7984589751744349,0.34430379746835443
0.9,12,base,0.6,3.0,0.75,24,0.024507847669689414,248,0.3828448708878511,0.01149701997276642,0.154246491419657,-0.08295595438188286,0.22580645161290322,3.516549297764907,0.1975806451612903
0.95,12,base,0.6,3.0,0.75,24,0.024507847669689414,248,0.3828448708878511,0.01149701997276642,0.154246491419657,-0.08295595438188286,0.22580645161290322,3.516549297764907,0.1975806451612903
0.85,11,shallow,0.7,1.5,1.0,24,0.03422839379787348,333,0.2970703698088164,0.011468880056889175,0.20039242781452984,-0.06369665050943674,0.4114114114114114,1.4752854075199964,0.4114114114114114
0.9,12,base,0.5,1.5,1.0,6,0.020354141462207622,332,0.3080492507121179,0.011456112330033408,0.21142097743135177,-0.060306728516657415,0.44879518072289154,1.2588354846474603,0.33433734939759036
0.95,12,base,0.5,1.5,1.0,6,0.020354141462207622,332,0.3080492507121179,0.011456112330033408,0.21142097743135177,-0.060306728516657415,0.44879518072289154,1.2588354846474603,0.33433734939759036
0.9,12,base,0.8,1.0,0.75,6,0.03553384163128094,516,0.28369922562503863,0.011454811127044717,0.18976684587302226,-0.06718064121774503,0.45542635658914726,1.227071654401101,0.4321705426356589
0.95,12,base,0.8,1.0,0.75,6,0.03553384163128094,516,0.28369922562503863,0.011454811127044717,0.18976684587302226,-0.06718064121774503,0.45542635658914726,1.227071654401101,0.4321705426356589
0.85,11,shallow,0.8,3.0,0.75,12,0.04206355121771392,288,0.3733033943026309,0.011452710705764257,0.15654773484280332,-0.08142129453552838,0.2777777777777778,2.6725503510746385,0.1527777777777778
0.9,12,deep_slow,0.4,2.5,2.0,6,0.019103795708262847,231,0.3195401231790644,0.01144489292598716,0.14104801113554855,-0.09030692997866141,0.49783549783549785,1.0351610135962996,0.17316017316017315
0.95,12,deep_slow,0.4,2.5,2.0,6,0.019103795708262847,231,0.3195401231790644,0.01144489292598716,0.14104801113554855,-0.09030692997866141,0.49783549783549785,1.0351610135962996,0.17316017316017315
0.9,12,deep_slow,0.5,2.5,1.5,12,0.02263787441816482,204,0.32698370960764256,0.011444268088053766,0.13451158901511298,-0.09469010886519136,0.4215686274509804,1.4067509527991173,0.2549019607843137
0.95,12,deep_slow,0.5,2.5,1.5,12,0.02263787441816482,204,0.32698370960764256,0.011444268088053766,0.13451158901511298,-0.09469010886519136,0.4215686274509804,1.4067509527991173,0.2549019607843137
0.9,12,base,0.5,2.5,2.0,6,0.020354141462207622,238,0.32655573748017225,0.011389179808140693,0.15579178974124616,-0.08136223055814917,0.4789915966386555,1.1166277202138202,0.1638655462184874
0.95,12,base,0.5,2.5,2.0,6,0.020354141462207622,238,0.32655573748017225,0.011389179808140693,0.15579178974124616,-0.08136223055814917,0.4789915966386555,1.1166277202138202,0.1638655462184874
0.85,11,shallow,0.7,3.0,1.0,12,0.03422839379787348,247,0.35841970072878965,0.011375088425166213,0.15381268004860554,-0.08230709323808894,0.340080971659919,1.9920377693926792,0.1659919028340081
0.85,11,shallow,0.8,4.0,2.5,24,0.04206355121771392,109,0.4374919115957317,0.0113598728218125,0.14410295013869373,-0.08773539822294052,0.48623853211009177,1.1002105068159638,0.22935779816513763
0.8,10,shallow,0.8,2.5,0.5,12,0.04189406605295098,393,0.32871915846883,0.011317397904867965,0.15311469104589392,-0.08226269809723197,0.21628498727735368,3.7209593028441126,0.15267175572519084
0.8,10,base,0.8,2.0,1.5,12,0.041557390516231536,240,0.3011890532400727,0.011210072937296145,0.1172892849314945,-0.10637038460370796,0.45416666666666666,1.2294020582397998,0.3458333333333333
0.9,12,base,0.7,3.0,2.5,24,0.029700257367501218,127,0.4133782282577565,0.011121913439273712,0.16132046383200105,-0.07672882457260388,0.4881889763779528,1.0803056956291408,0.33070866141732286
0.95,12,base,0.7,3.0,2.5,24,0.029700257367501218,127,0.4133782282577565,0.011121913439273712,0.16132046383200105,-0.07672882457260388,0.4881889763779528,1.0803056956291408,0.33070866141732286
0.85,11,deep_slow,0.5,3.0,2.5,12,0.02084289794941308,156,0.4035162118836301,0.011108316249903272,0.14713116108262642,-0.08402562291729954,0.4935897435897436,1.0568848884849271,0.23717948717948717
0.85,11,base,0.8,2.5,1.5,6,0.037861802141293005,294,0.2952959218795394,0.011101281412314812,0.133474858562217,-0.09256389902352691,0.46258503401360546,1.185676446770495,0.17006802721088435
0.8,10,base,0.6,2.5,1.5,12,0.028890652717152483,207,0.31407297326850886,0.011096713392967139,0.15554021129395817,-0.0793998297707369,0.4396135265700483,1.3065113916953126,0.24154589371980675
0.85,11,deep_slow,0.4,2.5,1.5,6,0.015505342952291496,241,0.3133501258534355,0.011093628294830404,0.19162911302064342,-0.06442878372552718,0.48132780082987553,1.1048339146178972,0.17427385892116182
0.9,12,deep_slow,0.6,3.0,0.75,24,0.026488612559532297,257,0.3576841819817116,0.011073141720058466,0.1363273506912185,-0.090397241834135,0.22957198443579765,3.424161388329161,0.19455252918287938
0.95,12,deep_slow,0.6,3.0,0.75,24,0.026488612559532297,257,0.3576841819817116,0.011073141720058466,0.1363273506912185,-0.090397241834135,0.22957198443579765,3.424161388329161,0.19455252918287938
0.8,10,shallow,0.7,3.0,1.0,24,0.034650808039162956,218,0.3602573928857228,0.01098310856932283,0.12344478373162678,-0.09901880278312725,0.2889908256880734,2.5251944919549403,0.22935779816513763
0.8,10,base,0.7,2.0,0.75,6,0.034786761033208866,379,0.2865566233093484,0.010957076804226862,0.17757258698461298,-0.06867256856170867,0.34300791556728233,1.971685264426838,0.20052770448548812
0.8,10,deep_slow,0.7,2.5,2.0,24,0.03201506443356151,153,0.316449479466494,0.010955527567374945,0.14310053023920447,-0.08520332106735906,0.47058823529411764,1.1535664735607258,0.3790849673202614
0.9,12,shallow,0.7,3.0,1.5,12,0.033289881212306936,205,0.34175140825482864,0.010937764631998137,0.13403869506909588,-0.09081601113459925,0.424390243902439,1.3909102831081361,0.1902439024390244
0.95,12,shallow,0.7,3.0,1.5,12,0.033289881212306936,205,0.34175140825482864,0.010937764631998137,0.13403869506909588,-0.09081601113459925,0.424390243902439,1.3909102831081361,0.1902439024390244
0.9,12,base,0.8,3.0,1.5,24,0.03553384163128094,170,0.3565606237159873,0.010925814188429861,0.13458277920531525,-0.09034998168093489,0.38235294117647056,1.6430594792201005,0.2647058823529412
0.95,12,base,0.8,3.0,1.5,24,0.03553384163128094,170,0.3565606237159873,0.010925814188429861,0.13458277920531525,-0.09034998168093489,0.38235294117647056,1.6430594792201005,0.2647058823529412
0.9,12,base,0.6,2.0,0.75,12,0.024507847669689414,315,0.31171155222677605,0.010916459440321047,0.16544020699994186,-0.07343519716973979,0.3111111111111111,2.2691026293868175,0.26031746031746034
0.95,12,base,0.6,2.0,0.75,12,0.024507847669689414,315,0.31171155222677605,0.010916459440321047,0.16544020699994186,-0.07343519716973979,0.3111111111111111,2.2691026293868175,0.26031746031746034
0.9,12,shallow,0.6,2.0,1.0,12,0.02729219059178709,264,0.3171031850811318,0.010908406735607112,0.14950246410722326,-0.08120379043965165,0.375,1.7092623236324986,0.29545454545454547
0.95,12,shallow,0.6,2.0,1.0,12,0.02729219059178709,264,0.3171031850811318,0.010908406735607112,0.14950246410722326,-0.08120379043965165,0.375,1.7092623236324986,0.29545454545454547
0.9,12,deep_slow,0.5,2.5,0.5,12,0.02263787441816482,327,0.32922020906000615,0.010873523281307529,0.18657072465662183,-0.06486184166736175,0.21100917431192662,3.8516824835023757,0.1559633027522936
0.95,12,deep_slow,0.5,2.5,0.5,12,0.02263787441816482,327,0.32922020906000615,0.010873523281307529,0.18657072465662183,-0.06486184166736175,0.21100917431192662,3.8516824835023757,0.1559633027522936
0.85,11,shallow,0.6,4.0,2.5,24,0.026722697488877702,109,0.4329198153884101,0.010851168550597645,0.15114779528846878,-0.07989813408525326,0.45871559633027525,1.2251487601826838,0.23853211009174313
0.9,12,deep_slow,0.7,2.0,0.5,24,0.03039343375568873,388,0.3131668839620929,0.010834963978866297,0.18720832182720898,-0.06441156834649042,0.22164948453608246,3.653491659665351,0.22164948453608246
0.95,12,deep_slow,0.7,2.0,0.5,24,0.03039343375568873,388,0.3131668839620929,0.010834963978866297,0.18720832182720898,-0.06441156834649042,0.22164948453608246,3.653491659665351,0.22164948453608246
0.85,11,shallow,0.8,1.5,0.5,24,0.04206355121771392,483,0.2877199323787206,0.010814402768764442,0.21926118508138978,-0.054891087837377395,0.2753623188405797,2.7145758605629915,0.2753623188405797
0.9,12,base,0.4,2.5,2.0,6,0.01632796766513659,222,0.3291323532756392,0.010805399480654287,0.1507343947471114,-0.0797791312549424,0.5,1.02694385969185,0.16216216216216217
0.95,12,base,0.4,2.5,2.0,6,0.01632796766513659,222,0.3291323532756392,0.010805399480654287,0.1507343947471114,-0.0797791312549424,0.5,1.02694385969185,0.16216216216216217
0.85,11,deep_slow,0.5,3.0,1.0,24,0.02084289794941308,206,0.3528275585150007,0.010772033783577717,0.1718887274379754,-0.06974456012359997,0.2961165048543689,2.4419125307187874,0.23300970873786409
0.85,11,shallow,0.4,2.5,0.5,24,0.014641812176194218,294,0.3564102532630197,0.01072399603513663,0.2001180609840794,-0.059638845117555905,0.19047619047619047,4.384748443209284,0.1836734693877551
0.8,10,shallow,0.4,4.0,2.5,24,0.016624676068168656,103,0.47373419078280066,0.010700922207501629,0.1446437371269121,-0.08233412619212843,0.46601941747572817,1.1807326012530748,0.23300970873786409
0.85,11,shallow,0.7,2.5,0.5,24,0.03422839379787348,347,0.3280251773367796,0.010659380224931958,0.1589777962458996,-0.07461957717594381,0.1930835734870317,4.271121088658648,0.1786743515850144
0.85,11,shallow,0.8,4.0,1.5,24,0.04206355121771392,151,0.39357284026323647,0.010639545165675779,0.11903735989659217,-0.09947102623846149,0.3576158940397351,1.8418630752539227,0.17218543046357615
0.85,11,deep_slow,0.7,1.5,0.5,24,0.032567944659426015,464,0.28696922092447374,0.010608218085532473,0.21297150913072388,-0.0554340992461011,0.27370689655172414,2.7115755021268106,0.27370689655172414
0.85,11,shallow,0.7,1.5,1.0,6,0.03422839379787348,374,0.26831735665443324,0.010608082558356768,0.20214941134174025,-0.058401025152829966,0.4358288770053476,1.3333981477101986,0.3342245989304813
0.8,10,deep_slow,0.8,2.5,0.5,12,0.03652372924092767,389,0.30873299843684165,0.010568585677752207,0.15921048591976375,-0.07387547889922408,0.2185089974293059,3.6676250412595772,0.15681233933161953
0.8,10,deep_slow,0.7,2.5,1.5,12,0.03201506443356151,221,0.2846558717945476,0.01055226616708671,0.11844757793190304,-0.09914578648053785,0.4253393665158371,1.3799827091163797,0.25339366515837103
0.85,11,deep_slow,0.4,2.5,2.0,6,0.015505342952291496,226,0.3036365932650691,0.010519467602998933,0.18118642436237534,-0.0646133147546778,0.5265486725663717,0.9214606329367176,0.17256637168141592
0.8,10,base,0.7,4.0,1.0,24,0.034786761033208866,192,0.38601365615692407,0.010493992275731445,0.12857151472529035,-0.0908341755272728,0.2552083333333333,2.9708027409089777,0.15104166666666666
0.8,10,shallow,0.8,2.0,1.5,6,0.04189406605295098,301,0.2769043354945516,0.010466815726294598,0.1113611663380852,-0.10460042481372012,0.4850498338870432,1.083271075535017,0.23588039867109634
0.8,10,shallow,0.4,3.0,2.0,24,0.016624676068168656,129,0.37100007337538543,0.010443036027720343,0.17719491931133047,-0.0655884815057377,0.4496124031007752,1.2591857873627457,0.3023255813953488
0.85,11,shallow,0.5,2.0,0.5,24,0.021430229292638114,350,0.31640166536727243,0.01044225448970093,0.27423354692282753,-0.04237656386970201,0.22,3.6406492927245053,0.22
0.9,12,deep_slow,0.7,2.5,0.75,12,0.03039343375568873,314,0.28353426349694294,0.010433311350014352,0.11508085682976782,-0.10089529415753073,0.27388535031847133,2.710401210036683,0.1942675159235669
0.95,12,deep_slow,0.7,2.5,0.75,12,0.03039343375568873,314,0.28353426349694294,0.010433311350014352,0.11508085682976782,-0.10089529415753073,0.27388535031847133,2.710401210036683,0.1942675159235669
0.8,10,base,0.4,1.5,0.5,24,0.018576634829056745,365,0.3157589994055594,0.010404353773105779,0.29304684350227733,-0.039512016254202975,0.27945205479452057,2.649551566503827,0.27945205479452057
0.9,12,shallow,0.4,2.0,0.5,6,0.01727300411761307,330,0.3299477545920125,0.010377636031002613,0.31391617102401254,-0.03679046088356064,0.2787878787878788,2.6690011690389417,0.17272727272727273
0.95,12,shallow,0.4,2.0,0.5,6,0.01727300411761307,330,0.3299477545920125,0.010377636031002613,0.31391617102401254,-0.03679046088356064,0.2787878787878788,2.6690011690389417,0.17272727272727273
0.9,12,shallow,0.5,2.5,1.5,12,0.022171242241514764,200,0.315514807268371,0.010375302965780486,0.1331741504760361,-0.08670243161563462,0.43,1.3587906361145357,0.25
0.95,12,shallow,0.5,2.5,1.5,12,0.022171242241514764,200,0.315514807268371,0.010375302965780486,0.1331741504760361,-0.08670243161563462,0.43,1.3587906361145357,0.25
0.8,10,shallow,0.6,1.5,0.75,24,0.0281987593635591,363,0.2787402744081795,0.010372078038804355,0.17624359896269776,-0.06549418925531203,0.349862258953168,1.8978863765993226,0.349862258953168
0.85,11,deep_slow,0.5,4.0,2.0,24,0.02084289794941308,122,0.3908755143805545,0.0103557883663834,0.12718621303402725,-0.09061353703823916,0.4426229508196721,1.3043235348658322,0.19672131147540983
0.85,11,shallow,0.5,3.0,0.75,12,0.021430229292638114,262,0.33960150665992156,0.010219373744710936,0.17574558797845077,-0.06471225023192606,0.2633587786259542,2.8708229606035207,0.16030534351145037
0.85,11,base,0.4,2.0,1.0,12,0.018069504979977443,236,0.31359988441872405,0.01021200956476398,0.2221099882510606,-0.05116695774586444,0.3771186440677966,1.6963573592648038,0.3008474576271186
0.8,10,base,0.7,1.5,1.0,24,0.034786761033208866,330,0.26735828472176265,0.010199284796007735,0.16491730297927884,-0.06882554496442472,0.4121212121212121,1.4677053012571708,0.4121212121212121
0.8,10,base,0.8,2.5,1.0,24,0.041557390516231536,250,0.2751318355758077,0.01007813991662676,0.10189730741454572,-0.11006795708033423,0.304,2.3215864484535853,0.272
0.85,11,base,0.6,2.0,1.0,24,0.02743703889797145,247,0.29581814425585107,0.010055526505714507,0.1307673452545725,-0.08557525283631173,0.3481781376518219,1.9450906996166037,0.3360323886639676
0.8,10,shallow,0.7,3.0,2.0,12,0.034650808039162956,186,0.32312380248234057,0.010029705858454419,0.12205099020828368,-0.09145110282732072,0.4838709677419355,1.0913093695233238,0.20430107526881722
0.8,10,shallow,0.7,2.5,0.5,24,0.034650808039162956,355,0.30333797552677355,0.010022335742009947,0.14316493898903107,-0.0779065825365135,0.19154929577464788,4.32355544112144,0.18028169014084508
0.85,11,deep_slow,0.8,1.0,0.75,6,0.04023212551971341,514,0.2514301543645935,0.010012932914100992,0.16244913858601703,-0.06859390777349494,0.45136186770428016,1.2439778717158259,0.43190661478599224
0.8,10,base,0.7,3.0,2.5,12,0.034786761033208866,167,0.35732337808325493,0.010008049326021284,0.11741400414174115,-0.09485736829139968,0.47305389221556887,1.1428229871235855,0.20359281437125748
0.8,10,shallow,0.7,1.5,1.0,12,0.034650808039162956,340,0.2597138591149793,0.009995452275759709,0.12799960185879744,-0.08690305808069443,0.4176470588235294,1.420475299949128,0.3911764705882353
0.85,11,shallow,0.7,4.0,2.5,24,0.03422839379787348,109,0.3856186010755222,0.009982731361382502,0.12290126537323098,-0.09039282306384055,0.47706422018348627,1.1357943267910744,0.22935779816513763
0.85,11,base,0.6,1.5,1.0,24,0.02743703889797145,319,0.26371771643545255,0.009968236728714386,0.1680212101144498,-0.0660229315726728,0.41379310344827586,1.4587381038239875,0.4106583072100313
0.85,11,deep_slow,0.5,1.5,0.75,24,0.02084289794941308,345,0.2703232568528149,0.009921675042346534,0.2699291364166816,-0.04090483782162446,0.3536231884057971,1.8668129656125836,0.3536231884057971
0.9,12,base,0.6,4.0,2.0,24,0.024507847669689414,125,0.34141029703420434,0.009896397763205833,0.13065371725061942,-0.08429352225603393,0.448,1.274087523365697,0.216
0.95,12,base,0.6,4.0,2.0,24,0.024507847669689414,125,0.34141029703420434,0.009896397763205833,0.13065371725061942,-0.08429352225603393,0.448,1.274087523365697,0.216
0.85,11,shallow,0.4,2.5,1.5,12,0.014641812176194218,190,0.2925704453089279,0.009839916599772902,0.1312282691004959,-0.08344522279894973,0.42105263157894735,1.407562300492616,0.24736842105263157
0.85,11,shallow,0.7,1.5,0.75,24,0.03422839379787348,377,0.26278502481606575,0.009834896538559068,0.24527866675799617,-0.04462182809272508,0.35278514588859416,1.8882996373209644,0.35278514588859416
0.8,10,shallow,0.7,3.0,0.75,24,0.034650808039162956,258,0.3247767918300708,0.009815686326713369,0.11354348472808265,-0.09620448683652216,0.23255813953488372,3.379471562703414,0.1937984496124031
0.85,11,base,0.4,2.5,0.75,6,0.018069504979977443,297,0.29099370438962696,0.009792202107578696,0.3129031169814462,-0.03482625576822995,0.3265993265993266,2.1140734969716872,0.15824915824915825
0.9,12,shallow,0.8,3.0,2.5,12,0.04167225887876418,167,0.3433230808919965,0.009785412788839265,0.13148571272654747,-0.08282028629672922,0.49700598802395207,1.0383486925911747,0.20359281437125748
0.95,12,shallow,0.8,3.0,2.5,12,0.04167225887876418,167,0.3433230808919965,0.009785412788839265,0.13148571272654747,-0.08282028629672922,0.49700598802395207,1.0383486925911747,0.20359281437125748
0.9,12,shallow,0.8,2.5,1.5,24,0.04167225887876418,185,0.29976277376844973,0.009754698121323235,0.11847584576190828,-0.09162614479610631,0.3945945945945946,1.5545275983521345,0.32432432432432434
0.95,12,shallow,0.8,2.5,1.5,24,0.04167225887876418,185,0.29976277376844973,0.009754698121323235,0.11847584576190828,-0.09162614479610631,0.3945945945945946,1.5545275983521345,0.32432432432432434
0.85,11,base,0.6,2.5,2.0,24,0.02743703889797145,148,0.2967802122734555,0.009748896248493288,0.11592866905054004,-0.09358362328608405,0.46621621621621623,1.1721443316629834,0.3581081081081081
0.85,11,base,0.5,4.0,1.5,24,0.022967702564092134,142,0.3412193462520342,0.009731958341403946,0.11223936136747242,-0.09649168740880221,0.3591549295774648,1.8443156692560367,0.18309859154929578
0.9,12,deep_slow,0.6,2.0,1.0,6,0.026488612559532297,317,0.25922559760987385,0.009687880710914643,0.12237053818782313,-0.0881019846783132,0.41324921135646686,1.459343818602467,0.21451104100946372
0.95,12,deep_slow,0.6,2.0,1.0,6,0.026488612559532297,317,0.25922559760987385,0.009687880710914643,0.12237053818782313,-0.0881019846783132,0.41324921135646686,1.459343818602467,0.21451104100946372
0.9,12,shallow,0.6,1.0,0.5,6,0.02729219059178709,500,0.276092992191908,0.009655968726261399,0.2683511532346847,-0.04004288786366994,0.366,1.7698157734336235,0.356
0.95,12,shallow,0.6,1.0,0.5,6,0.02729219059178709,500,0.276092992191908,0.009655968726261399,0.2683511532346847,-0.04004288786366994,0.366,1.7698157734336235,0.356
0.9,12,base,0.6,2.0,0.75,24,0.024507847669689414,299,0.28259169560714614,0.009650515865454734,0.13233375314923168,-0.08115453125113281,0.28762541806020064,2.532033242840326,0.2842809364548495
0.95,12,base,0.6,2.0,0.75,24,0.024507847669689414,299,0.28259169560714614,0.009650515865454734,0.13233375314923168,-0.08115453125113281,0.28762541806020064,2.532033242840326,0.2842809364548495
0.85,11,shallow,0.5,1.5,1.0,6,0.021430229292638114,331,0.25375332783561577,0.009631794882065225,0.2879273685699218,-0.03722688503429916,0.4380664652567976,1.3098586817116156,0.32628398791540786
0.8,10,shallow,0.7,2.5,1.5,6,0.034650808039162956,288,0.24807613666464157,0.009548905561245213,0.12554570389728503,-0.08464126692844542,0.4791666666666667,1.1067952656296627,0.16319444444444445
0.8,10,shallow,0.6,3.0,1.5,24,0.0281987593635591,170,0.3082113479664339,0.009545310606508428,0.10738703567536456,-0.09891645346666278,0.3764705882352941,1.6788186217054226,0.2647058823529412
0.85,11,deep_slow,0.6,3.0,0.75,24,0.02660926817449534,252,0.3152559182763085,0.009518476955749922,0.1641910886276562,-0.06451304731381702,0.23809523809523808,3.2771069264936914,0.19047619047619047
0.9,12,shallow,0.7,2.0,1.5,24,0.033289881212306936,203,0.2815216905390747,0.009476751491192648,0.10487204971949542,-0.10056072627272805,0.4187192118226601,1.414011360082746,0.39901477832512317
0.95,12,shallow,0.7,2.0,1.5,24,0.033289881212306936,203,0.2815216905390747,0.009476751491192648,0.10487204971949542,-0.10056072627272805,0.4187192118226601,1.414011360082746,0.39901477832512317
0.8,10,shallow,0.6,2.0,0.75,24,0.0281987593635591,300,0.27613750251224767,0.009402903424760911,0.11795359244231274,-0.08871104180140066,0.2866666666666667,2.541997620859345,0.28
0.8,10,base,0.6,3.0,2.0,24,0.028890652717152483,140,0.3287151134232359,0.009385811609099681,0.12986619084931375,-0.08042705991175492,0.45714285714285713,1.2153385300448185,0.30714285714285716
0.9,12,base,0.5,2.5,0.75,24,0.020354141462207622,270,0.28533482422297773,0.009376873193519986,0.11311571573596396,-0.0922489307381178,0.24814814814814815,3.098777735704738,0.23703703703703705
0.95,12,base,0.5,2.5,0.75,24,0.020354141462207622,270,0.28533482422297773,0.009376873193519986,0.11311571573596396,-0.0922489307381178,0.24814814814814815,3.098777735704738,0.23703703703703705
0.8,10,base,0.5,2.5,2.0,24,0.023983485622980496,134,0.30726548575052137,0.009348444010028656,0.12447164777424684,-0.0835784763384928,0.47761194029850745,1.1212973992333255,0.3582089552238806
0.9,12,deep_slow,0.7,2.0,1.0,24,0.03039343375568873,263,0.2627294147748197,0.00934513164820494,0.10412364926394699,-0.09987608725236652,0.34220532319391633,1.9887517347468664,0.33460076045627374
0.95,12,deep_slow,0.7,2.0,1.0,24,0.03039343375568873,263,0.2627294147748197,0.00934513164820494,0.10412364926394699,-0.09987608725236652,0.34220532319391633,1.9887517347468664,0.33460076045627374
0.85,11,base,0.7,3.0,2.0,24,0.03218380161661132,143,0.30974517976847254,0.009339272222795847,0.1164072663382689,-0.08928084229421285,0.45454545454545453,1.2275224846794421,0.2937062937062937
0.9,12,shallow,0.6,2.0,1.0,24,0.02729219059178709,240,0.2850898558541274,0.00933742492346834,0.11913117651388104,-0.08722218908243418,0.3416666666666667,1.9702208308337668,0.3333333333333333
0.95,12,shallow,0.6,2.0,1.0,24,0.02729219059178709,240,0.2850898558541274,0.00933742492346834,0.11913117651388104,-0.08722218908243418,0.3416666666666667,1.9702208308337668,0.3333333333333333
0.85,11,deep_slow,0.7,3.0,1.5,24,0.032567944659426015,166,0.31139898778377373,0.00930947521372949,0.1126530540677444,-0.09196166863615962,0.3795180722891566,1.656886890612858,0.25301204819277107
0.9,12,shallow,0.4,2.0,1.0,6,0.01727300411761307,273,0.265565101171775,0.009256644213512244,0.2599346814355676,-0.039628960098142874,0.42857142857142855,1.3649640393914397,0.21978021978021978
0.95,12,shallow,0.4,2.0,1.0,6,0.01727300411761307,273,0.265565101171775,0.009256644213512244,0.2599346814355676,-0.039628960098142874,0.42857142857142855,1.3649640393914397,0.21978021978021978
0.9,12,base,0.8,2.5,0.75,24,0.03553384163128094,287,0.2760717273637048,0.009208708650215947,0.1173648939517742,-0.08731376062942642,0.25435540069686413,2.9842893422545,0.22996515679442509
0.95,12,base,0.8,2.5,0.75,24,0.03553384163128094,287,0.2760717273637048,0.009208708650215947,0.1173648939517742,-0.08731376062942642,0.25435540069686413,2.9842893422545,0.22996515679442509
0.9,12,base,0.4,3.0,1.5,24,0.01632796766513659,149,0.33567366088851136,0.009204927952861652,0.10449225470272543,-0.09802985796874841,0.37583892617449666,1.6849185222256886,0.2684563758389262
0.95,12,base,0.4,3.0,1.5,24,0.01632796766513659,149,0.33567366088851136,0.009204927952861652,0.10449225470272543,-0.09802985796874841,0.37583892617449666,1.6849185222256886,0.2684563758389262
0.8,10,base,0.7,4.0,2.5,24,0.034786761033208866,108,0.4082902981304548,0.009169123035760451,0.11511273148443442,-0.08863916447227593,0.46296296296296297,1.199887383085588,0.23148148148148148
0.85,11,deep_slow,0.4,2.0,0.75,12,0.015505342952291496,279,0.2744354656207165,0.00912679050780385,0.22010650109769403,-0.04614295452657491,0.3154121863799283,2.220389538611284,0.26523297491039427
0.9,12,base,0.4,2.5,0.5,24,0.01632796766513659,290,0.3120471209464926,0.00912462678074566,0.14524546310769787,-0.06990893220122141,0.18275862068965518,4.596236578817661,0.1793103448275862
0.95,12,base,0.4,2.5,0.5,24,0.01632796766513659,290,0.3120471209464926,0.00912462678074566,0.14524546310769787,-0.06990893220122141,0.18275862068965518,4.596236578817661,0.1793103448275862
0.8,10,deep_slow,0.4,3.0,2.0,12,0.02012685895493155,164,0.29104513930624953,0.009099764803304655,0.15171476066610798,-0.0667454804128017,0.4817073170731707,1.1013989914778777,0.20121951219512196
0.85,11,deep_slow,0.7,1.5,0.5,12,0.032567944659426015,466,0.24745600345775762,0.009044112370639734,0.18109948719159774,-0.055573392954091694,0.27682403433476394,2.6611332403774544,0.2703862660944206
0.85,11,base,0.6,2.0,1.5,6,0.02743703889797145,286,0.2448541024424012,0.008999530479756768,0.1142831933891977,-0.08763035847993572,0.47202797202797203,1.1392726457354725,0.23776223776223776
0.85,11,shallow,0.6,4.0,2.0,24,0.026722697488877702,122,0.3499287746575049,0.008952163014715797,0.12059810182199976,-0.08260445407158523,0.4180327868852459,1.4362378587886429,0.20491803278688525
0.9,12,shallow,0.7,2.0,1.5,12,0.033289881212306936,234,0.2545142732168954,0.008898047612262427,0.1042767332190414,-0.09495589956074035,0.452991452991453,1.2303924217219557,0.33760683760683763
0.95,12,shallow,0.7,2.0,1.5,12,0.033289881212306936,234,0.2545142732168954,0.008898047612262427,0.1042767332190414,-0.09495589956074035,0.452991452991453,1.2303924217219557,0.33760683760683763
0.8,10,base,0.5,2.0,0.75,12,0.023983485622980496,296,0.26213624171196903,0.008778612434756194,0.18562233554323324,-0.052626852067079954,0.3108108108108108,2.2639216978931818,0.2702702702702703
0.85,11,shallow,0.8,1.5,0.75,12,0.04206355121771392,417,0.22014152583244048,0.008755707177076077,0.16899103188392603,-0.05765523752934587,0.36211031175059955,1.805415566538211,0.34532374100719426
0.8,10,deep_slow,0.8,1.5,0.5,24,0.03652372924092767,488,0.23519253969984869,0.008741853066871474,0.1914461160186571,-0.05081217692801576,0.27459016393442626,2.713577336247756,0.27459016393442626
0.9,12,deep_slow,0.6,2.0,0.75,24,0.026488612559532297,297,0.2513857627238479,0.00873307614573715,0.10780671020364575,-0.09014301915051992,0.2895622895622896,2.5403782697785102,0.2828282828282828
0.95,12,deep_slow,0.6,2.0,0.75,24,0.026488612559532297,297,0.2513857627238479,0.00873307614573715,0.10780671020364575,-0.09014301915051992,0.2895622895622896,2.5403782697785102,0.2828282828282828
0.85,11,shallow,0.7,2.5,1.5,24,0.03422839379787348,185,0.251543027578597,0.008711449525714787,0.10123492310813613,-0.09575692459985963,0.4,1.5162291608695375,0.32972972972972975
0.85,11,shallow,0.6,3.0,1.5,12,0.026722697488877702,201,0.2764478630150838,0.008691855475837729,0.12435976850465225,-0.0777753973948122,0.4129353233830846,1.4490786310611676,0.208955223880597
0.9,12,shallow,0.5,2.5,0.75,24,0.022171242241514764,257,0.2683154267764019,0.008607316057308356,0.14099479064328255,-0.06793166851355847,0.2607003891050584,2.898777556530059,0.23346303501945526
0.95,12,shallow,0.5,2.5,0.75,24,0.022171242241514764,257,0.2683154267764019,0.008607316057308356,0.14099479064328255,-0.06793166851355847,0.2607003891050584,2.898777556530059,0.23346303501945526
0.9,12,shallow,0.8,1.5,0.75,24,0.04167225887876418,386,0.22703314688243548,0.00856998999288483,0.17510289146372235,-0.054462013164954026,0.3549222797927461,1.8652949127603387,0.3549222797927461
0.95,12,shallow,0.8,1.5,0.75,24,0.04167225887876418,386,0.22703314688243548,0.00856998999288483,0.17510289146372235,-0.054462013164954026,0.3549222797927461,1.8652949127603387,0.3549222797927461
0.9,12,base,0.6,1.5,0.75,6,0.024507847669689414,396,0.22776633739439814,0.008561701367883146,0.20871334052527857,-0.04564743292594786,0.3838383838383838,1.6504856870735647,0.3106060606060606
0.95,12,base,0.6,1.5,0.75,6,0.024507847669689414,396,0.22776633739439814,0.008561701367883146,0.20871334052527857,-0.04564743292594786,0.3838383838383838,1.6504856870735647,0.3106060606060606
0.85,11,shallow,0.6,1.0,0.5,6,0.026722697488877702,510,0.24939273939225973,0.008560674218707653,0.24865277079114656,-0.038310792404759764,0.36666666666666664,1.772728110964016,0.35294117647058826
0.85,11,shallow,0.6,2.0,1.0,6,0.026722697488877702,322,0.23047709838353972,0.008558400159235147,0.14054103867433182,-0.06776350205216453,0.40993788819875776,1.4764811218938425,0.20496894409937888
0.8,10,base,0.5,2.5,1.5,6,0.023983485622980496,259,0.24153881051491444,0.008545716055915031,0.10885613184793883,-0.08735779553327006,0.46332046332046334,1.1791963041278941,0.1776061776061776
0.8,10,deep_slow,0.6,4.0,2.0,24,0.027441884318986948,123,0.3308852286187603,0.0085425198275757,0.10016824545947495,-0.09489907002455866,0.44715447154471544,1.2739360095405596,0.1951219512195122
0.8,10,shallow,0.8,2.5,1.5,6,0.04189406605295098,290,0.22810619635396762,0.008433812333340729,0.1033156219375694,-0.09083669644915449,0.46551724137931033,1.1661592225213608,0.15862068965517243
0.85,11,deep_slow,0.5,1.5,0.75,12,0.02084289794941308,348,0.23272664591550665,0.008432607729158326,0.24449823817481992,-0.038378635307850684,0.35919540229885055,1.8163608386215677,0.34195402298850575
0.9,12,deep_slow,0.7,2.5,2.0,24,0.03039343375568873,153,0.24396460044685242,0.008398310519480923,0.11540383411479056,-0.08097933809323221,0.46405228758169936,1.1773055664337908,0.3660130718954248
0.95,12,deep_slow,0.7,2.5,2.0,24,0.03039343375568873,153,0.24396460044685242,0.008398310519480923,0.11540383411479056,-0.08097933809323221,0.46405228758169936,1.1773055664337908,0.3660130718954248
0.9,12,base,0.7,1.0,0.75,12,0.029700257367501218,477,0.2194738631311364,0.008296488469583974,0.16093159790661546,-0.05736579999131908,0.4549266247379455,1.2239553387493467,0.4549266247379455
0.9,12,base,0.7,1.0,0.75,24,0.029700257367501218,477,0.2194738631311364,0.008296488469583974,0.16093159790661546,-0.05736579999131908,0.4549266247379455,1.2239553387493467,0.4549266247379455
0.95,12,base,0.7,1.0,0.75,12,0.029700257367501218,477,0.2194738631311364,0.008296488469583974,0.16093159790661546,-0.05736579999131908,0.4549266247379455,1.2239553387493467,0.4549266247379455
0.95,12,base,0.7,1.0,0.75,24,0.029700257367501218,477,0.2194738631311364,0.008296488469583974,0.16093159790661546,-0.05736579999131908,0.4549266247379455,1.2239553387493467,0.4549266247379455
0.9,12,deep_slow,0.6,1.0,0.5,6,0.026488612559532297,516,0.23558354585100094,0.00827340519009434,0.19973204463697256,-0.04609311413835293,0.3701550387596899,1.744229219460287,0.35658914728682173
0.95,12,deep_slow,0.6,1.0,0.5,6,0.026488612559532297,516,0.23558354585100094,0.00827340519009434,0.19973204463697256,-0.04609311413835293,0.3701550387596899,1.744229219460287,0.35658914728682173
0.9,12,base,0.7,3.0,1.5,12,0.029700257367501218,212,0.24898538408073065,0.008225194350451437,0.08939356445319478,-0.10238545143872713,0.41037735849056606,1.461025778356065,0.19811320754716982
0.95,12,base,0.7,3.0,1.5,12,0.029700257367501218,212,0.24898538408073065,0.008225194350451437,0.08939356445319478,-0.10238545143872713,0.41037735849056606,1.461025778356065,0.19811320754716982
0.9,12,shallow,0.4,3.0,1.0,12,0.01727300411761307,203,0.2736133942366763,0.008218973472274627,0.16061124084534933,-0.05694293210282675,0.3251231527093596,2.130412822221326,0.17733990147783252
0.95,12,shallow,0.4,3.0,1.0,12,0.01727300411761307,203,0.2736133942366763,0.008218973472274627,0.16061124084534933,-0.05694293210282675,0.3251231527093596,2.130412822221326,0.17733990147783252
0.9,12,base,0.6,2.5,2.0,6,0.024507847669689414,257,0.22735107710766034,0.008190833622905735,0.0998572483014365,-0.09127377492119726,0.48249027237354086,1.090425349419451,0.16731517509727625
0.95,12,base,0.6,2.5,2.0,6,0.024507847669689414,257,0.22735107710766034,0.008190833622905735,0.0998572483014365,-0.09127377492119726,0.48249027237354086,1.090425349419451,0.16731517509727625
0.8,10,shallow,0.4,1.5,0.5,6,0.016624676068168656,373,0.25164696275915954,0.008186380041808716,0.28810475476450254,-0.031618325866232255,0.2949061662198391,2.4441790917482,0.24664879356568364
0.8,10,shallow,0.6,2.0,0.5,6,0.0281987593635591,412,0.24604692333642453,0.008183147617878639,0.21843177909192843,-0.041687118680699964,0.26941747572815533,2.7652802876763976,0.15776699029126215
0.8,10,base,0.6,3.0,2.5,24,0.028890652717152483,128,0.2907579773783501,0.008007307931090057,0.09917516927952384,-0.08984142516761995,0.5,1.0208189831738776,0.3359375
0.8,10,deep_slow,0.8,3.0,1.0,24,0.03652372924092767,229,0.2547498652044031,0.00799844784860504,0.08310498999573229,-0.10709555700190265,0.2838427947598253,2.5701237332391007,0.2183406113537118
0.85,11,base,0.7,2.0,0.75,24,0.03218380161661132,323,0.23221915714496735,0.007996671228850394,0.11201124209748867,-0.07944021717866756,0.28792569659442724,2.5505959928419304,0.2848297213622291
0.9,12,base,0.5,2.5,0.75,12,0.020354141462207622,284,0.2375686777177832,0.007965816696992478,0.10431146250517177,-0.08497483321832588,0.27816901408450706,2.6447310703301445,0.2112676056338028
0.95,12,base,0.5,2.5,0.75,12,0.020354141462207622,284,0.2375686777177832,0.007965816696992478,0.10431146250517177,-0.08497483321832588,0.27816901408450706,2.6447310703301445,0.2112676056338028
0.85,11,base,0.7,1.5,0.75,12,0.03218380161661132,402,0.20774730719964174,0.00795136366536564,0.12736067677821608,-0.06947010496582406,0.3582089552238806,1.8346856233551851,0.3407960199004975
0.85,11,shallow,0.4,2.5,1.0,12,0.014641812176194218,231,0.23468173309791346,0.007948842387522026,0.10045372662995154,-0.08805002185756694,0.33766233766233766,2.001585566788721,0.22943722943722944
0.9,12,base,0.8,2.0,0.75,6,0.03553384163128094,384,0.22023746532120014,0.00792124146790063,0.1267689643486319,-0.0695298473593613,0.359375,1.8239548424248535,0.19270833333333334
0.95,12,base,0.8,2.0,0.75,6,0.03553384163128094,384,0.22023746532120014,0.00792124146790063,0.1267689643486319,-0.0695298473593613,0.359375,1.8239548424248535,0.19270833333333334
0.9,12,base,0.6,1.5,1.0,24,0.024507847669689414,309,0.21976312804956952,0.007899769160930159,0.1308305870646754,-0.06718859446618253,0.41423948220064727,1.4368139718120154,0.41423948220064727
0.95,12,base,0.6,1.5,1.0,24,0.024507847669689414,309,0.21976312804956952,0.007899769160930159,0.1308305870646754,-0.06718859446618253,0.41423948220064727,1.4368139718120154,0.41423948220064727
0.8,10,base,0.4,4.0,2.5,24,0.018576634829056745,104,0.35550730342854603,0.007892943124962137,0.09872021578960471,-0.08896581408515913,0.4423076923076923,1.2807118686001524,0.23076923076923078
0.9,12,deep_slow,0.4,2.5,0.75,12,0.019103795708262847,260,0.24221234475890238,0.007867173361540969,0.139764315951292,-0.06263427748561234,0.27692307692307694,2.6646457718699286,0.2076923076923077
0.95,12,deep_slow,0.4,2.5,0.75,12,0.019103795708262847,260,0.24221234475890238,0.007867173361540969,0.139764315951292,-0.06263427748561234,0.27692307692307694,2.6646457718699286,0.2076923076923077
0.9,12,shallow,0.6,2.5,1.5,6,0.02729219059178709,271,0.22243034738377382,0.007780948887275985,0.08334604463939112,-0.10388076330576868,0.4612546125461255,1.1867598803325055,0.16236162361623616
0.95,12,shallow,0.6,2.5,1.5,6,0.02729219059178709,271,0.22243034738377382,0.007780948887275985,0.08334604463939112,-0.10388076330576868,0.4612546125461255,1.1867598803325055,0.16236162361623616
0.85,11,base,0.7,2.0,0.75,12,0.03218380161661132,338,0.223309219234215,0.007774821623486083,0.1057180462006974,-0.08183304678313208,0.3047337278106509,2.350606057915844,0.2603550295857988
0.8,10,base,0.5,3.0,1.5,12,0.023983485622980496,188,0.2598250501688056,0.007666906449779409,0.1092923322379342,-0.07805761341295536,0.425531914893617,1.379962344379048,0.20212765957446807
0.9,12,base,0.7,2.5,1.5,6,0.029700257367501218,284,0.2111575472445593,0.007658628176961724,0.09959177503589471,-0.08556814355160791,0.45422535211267606,1.2186596394654938,0.16901408450704225
0.95,12,base,0.7,2.5,1.5,6,0.029700257367501218,284,0.2111575472445593,0.007658628176961724,0.09959177503589471,-0.08556814355160791,0.45422535211267606,1.2186596394654938,0.16901408450704225
0.8,10,deep_slow,0.8,1.5,0.5,12,0.03652372924092767,493,0.2079779855651728,0.0076462630673455045,0.15865927996519816,-0.05362509250067038,0.2799188640973631,2.636719470544368,0.26774847870182555
0.85,11,shallow,0.4,1.0,0.5,12,0.014641812176194218,411,0.2441383706906669,0.007625927542684208,0.28782814556541436,-0.029481068467155258,0.36009732360097324,1.8135951897917173,0.36009732360097324
0.85,11,shallow,0.4,1.0,0.5,24,0.014641812176194218,411,0.2441383706906669,0.007625927542684208,0.28782814556541436,-0.029481068467155258,0.36009732360097324,1.8135951897917173,0.36009732360097324
0.9,12,deep_slow,0.5,1.5,1.0,6,0.02263787441816482,333,0.21118919945826148,0.007611436460321919,0.12172249383644403,-0.0695791690252856,0.44744744744744747,1.255269459928582,0.32732732732732733
0.95,12,deep_slow,0.5,1.5,1.0,6,0.02263787441816482,333,0.21118919945826148,0.007611436460321919,0.12172249383644403,-0.0695791690252856,0.44744744744744747,1.255269459928582,0.32732732732732733
0.8,10,base,0.8,3.0,2.5,24,0.041557390516231536,129,0.27272083444809736,0.0075948571288146915,0.08903428047878982,-0.094917306602321,0.4883720930232558,1.0681987995616669,0.3178294573643411
0.85,11,deep_slow,0.6,3.0,2.0,12,0.02660926817449534,180,0.24346710539687286,0.007591619678782413,0.12083615987043375,-0.0699069734450779,0.45555555555555555,1.2153321699595427,0.2222222222222222
0.85,11,deep_slow,0.5,2.0,1.0,6,0.02084289794941308,306,0.20906840617110187,0.00759114564618546,0.1285659688867933,-0.0656998318201577,0.4117647058823529,1.4529225743887129,0.21568627450980393
0.85,11,shallow,0.8,1.5,0.5,12,0.04206355121771392,489,0.2078339786474989,0.007585104049937952,0.14603435298454787,-0.057794874657656536,0.28016359918200406,2.633695058558549,0.26789366053169733
0.85,11,shallow,0.4,2.5,2.0,24,0.014641812176194218,134,0.2460596179423341,0.00755656225715029,0.08728125778811686,-0.09633528593357965,0.4552238805970149,1.2207273092772302,0.35074626865671643
0.8,10,shallow,0.7,4.0,1.5,24,0.034650808039162956,150,0.2757706218004045,0.007547189065575388,0.08521075550461105,-0.09855364892421448,0.36,1.8076770984689254,0.17333333333333334
0.9,12,deep_slow,0.7,1.5,0.75,24,0.03039343375568873,386,0.20086094434347837,0.00754612591053716,0.11076865418521646,-0.07580346139266192,0.34974093264248707,1.903796267375346,0.34974093264248707
0.95,12,deep_slow,0.7,1.5,0.75,24,0.03039343375568873,386,0.20086094434347837,0.00754612591053716,0.11076865418521646,-0.07580346139266192,0.34974093264248707,1.903796267375346,0.34974093264248707
0.8,10,base,0.4,4.0,2.0,24,0.018576634829056745,114,0.32250627513277313,0.007527597550061493,0.08366522046413383,-0.10011354779472248,0.40350877192982454,1.4982575181094024,0.21052631578947367
0.9,12,base,0.4,2.0,0.75,6,0.01632796766513659,301,0.2273499380745965,0.007510902976866518,0.1044087104787102,-0.08004541022638223,0.34551495016611294,1.9317901727647555,0.19933554817275748
0.95,12,base,0.4,2.0,0.75,6,0.01632796766513659,301,0.2273499380745965,0.007510902976866518,0.1044087104787102,-0.08004541022638223,0.34551495016611294,1.9317901727647555,0.19933554817275748
0.9,12,deep_slow,0.6,2.0,0.75,12,0.026488612559532297,315,0.2149545654995587,0.007464363855054668,0.09044444518834063,-0.09183131176967096,0.3111111111111111,2.284810541216893,0.2571428571428571
0.95,12,deep_slow,0.6,2.0,0.75,12,0.026488612559532297,315,0.2149545654995587,0.007464363855054668,0.09044444518834063,-0.09183131176967096,0.3111111111111111,2.284810541216893,0.2571428571428571
0.85,11,base,0.8,3.0,1.5,12,0.037861802141293005,212,0.2390436447490632,0.00746075466889029,0.07841876503160783,-0.10586260073247677,0.419811320754717,1.4037740523788238,0.18867924528301888
0.85,11,deep_slow,0.7,1.5,0.5,6,0.032567944659426015,485,0.2072196230985622,0.007444136854187766,0.13979763020295108,-0.05925076124368944,0.2927835051546392,2.452809992693934,0.24536082474226803
0.9,12,base,0.6,2.0,1.5,12,0.024507847669689414,231,0.21596990432789373,0.0074298017749441225,0.08600235701332101,-0.0961271177569134,0.45454545454545453,1.2187003150691478,0.341991341991342
0.95,12,base,0.6,2.0,1.5,12,0.024507847669689414,231,0.21596990432789373,0.0074298017749441225,0.08600235701332101,-0.0961271177569134,0.45454545454545453,1.2187003150691478,0.341991341991342
0.9,12,deep_slow,0.6,1.5,0.75,6,0.026488612559532297,393,0.20132734065769758,0.0073801768006160895,0.11870517579980774,-0.06917910742384459,0.3842239185750636,1.6434960344594642,0.3053435114503817
0.95,12,deep_slow,0.6,1.5,0.75,6,0.026488612559532297,393,0.20132734065769758,0.0073801768006160895,0.11870517579980774,-0.06917910742384459,0.3842239185750636,1.6434960344594642,0.3053435114503817
0.85,11,deep_slow,0.7,1.5,1.0,6,0.032567944659426015,375,0.19254486270850096,0.007356796692903567,0.10551051219658643,-0.07758366647232728,0.43733333333333335,1.304691973043248,0.328
0.85,11,shallow,0.8,2.0,0.75,6,0.04206355121771392,390,0.19764094466560828,0.007279112940553389,0.09702522195257719,-0.08347745597550127,0.3487179487179487,1.9073216325271305,0.18974358974358974
0.85,11,deep_slow,0.5,3.0,1.5,24,0.02084289794941308,160,0.2476139118474167,0.00706659407228738,0.10110076244126683,-0.07777248048111918,0.38125,1.6357057236635142,0.26875
0.85,11,base,0.8,3.0,0.75,24,0.037861802141293005,263,0.2363998933443005,0.007001199422083326,0.0822248199482198,-0.09474104421520191,0.22813688212927757,3.4298395555618817,0.18631178707224336
0.85,11,shallow,0.6,1.5,1.0,6,0.026722697488877702,358,0.18642684374884846,0.006958415318398137,0.17329580377347314,-0.044677607823313426,0.43854748603351956,1.3110575532813276,0.3324022346368715
0.85,11,deep_slow,0.7,2.5,1.5,6,0.032567944659426015,284,0.18935643287317291,0.006889709069675787,0.07926767562192714,-0.0967098489137953,0.45774647887323944,1.2001585868996667,0.16549295774647887
0.85,11,base,0.7,1.5,0.75,6,0.03218380161661132,428,0.18024526019209505,0.006886334128728855,0.11695286843264961,-0.0655153516048873,0.3691588785046729,1.7465493798511769,0.3107476635514019
0.8,10,deep_slow,0.4,1.5,1.0,12,0.02012685895493155,276,0.20285211648209112,0.006885236977960618,0.13028391111295656,-0.05880224961176839,0.42391304347826086,1.3805873449117718,0.39855072463768115
0.85,11,shallow,0.8,2.5,0.5,24,0.04206355121771392,365,0.2136214514099438,0.006879070822480626,0.09099056696585928,-0.08411996751238404,0.1863013698630137,4.419178039697001,0.1780821917808219
0.9,12,base,0.7,3.0,2.0,24,0.029700257367501218,140,0.2416431925759209,0.006796856135193652,0.09203427860948174,-0.08217167822475702,0.45,1.2427762474118949,0.3
0.95,12,base,0.7,3.0,2.0,24,0.029700257367501218,140,0.2416431925759209,0.006796856135193652,0.09203427860948174,-0.08217167822475702,0.45,1.2427762474118949,0.3
0.8,10,base,0.6,3.0,1.5,24,0.028890652717152483,164,0.23674550489430776,0.006777658334015779,0.07570096089379746,-0.09961884583773839,0.3780487804878049,1.656659948225905,0.2682926829268293
0.9,12,shallow,0.8,3.0,1.5,12,0.04167225887876418,210,0.2205736219745483,0.006775727008300869,0.07809363398466174,-0.09653914464251645,0.44285714285714284,1.2777133045072726,0.1761904761904762
0.95,12,shallow,0.8,3.0,1.5,12,0.04167225887876418,210,0.2205736219745483,0.006775727008300869,0.07809363398466174,-0.09653914464251645,0.44285714285714284,1.2777133045072726,0.1761904761904762
0.8,10,deep_slow,0.6,3.0,2.0,12,0.027441884318986948,174,0.23200980510651112,0.006763567632294354,0.10472944467622175,-0.07185713878317224,0.46551724137931033,1.1667032412014613,0.21264367816091953
0.8,10,deep_slow,0.6,2.5,0.75,12,0.027441884318986948,295,0.19546112085916584,0.006712101920619995,0.11327904641994928,-0.06592810504366342,0.2847457627118644,2.5509974308087036,0.2033898305084746
0.85,11,shallow,0.7,3.0,2.0,12,0.03422839379787348,183,0.22621300693825708,0.006696119174243176,0.08014742545422895,-0.09295972824332599,0.453551912568306,1.2237254546107175,0.21311475409836064
0.8,10,deep_slow,0.6,4.0,2.5,24,0.027441884318986948,108,0.26318062446823864,0.0066554486780410205,0.08332744163565937,-0.08886884811119367,0.48148148148148145,1.0940210788642366,0.2222222222222222
0.85,11,deep_slow,0.7,3.0,2.0,24,0.032567944659426015,142,0.23024021744501025,0.006603435279963765,0.0750340743292845,-0.09791977221709458,0.45774647887323944,1.2034487132930938,0.29577464788732394
0.9,12,base,0.4,1.5,0.75,6,0.01632796766513659,325,0.19879172526822447,0.006600721097744566,0.11622107608073949,-0.06319248334973304,0.37846153846153846,1.6694992526730192,0.30153846153846153
0.95,12,base,0.4,1.5,0.75,6,0.01632796766513659,325,0.19879172526822447,0.006600721097744566,0.11622107608073949,-0.06319248334973304,0.37846153846153846,1.6694992526730192,0.30153846153846153
0.8,10,base,0.6,4.0,1.5,24,0.028890652717152483,142,0.26496978407252664,0.006586975955783503,0.07404073170116522,-0.09898604555195478,0.3591549295774648,1.8288279809199381,0.176056338028169
0.85,11,base,0.7,2.5,2.0,6,0.03218380161661132,264,0.18464813896952337,0.006564985550182589,0.09701197772787107,-0.0752950595318298,0.4962121212121212,1.0277081314266263,0.18181818181818182
0.9,12,shallow,0.8,2.5,1.5,6,0.04167225887876418,288,0.18311058827412213,0.006562453759698883,0.07858741790847036,-0.09291187834129067,0.4548611111111111,1.212587677738957,0.16319444444444445
0.95,12,shallow,0.8,2.5,1.5,6,0.04167225887876418,288,0.18311058827412213,0.006562453759698883,0.07858741790847036,-0.09291187834129067,0.4548611111111111,1.212587677738957,0.16319444444444445
0.85,11,deep_slow,0.7,1.5,0.75,12,0.032567944659426015,390,0.17704369357236677,0.006518964850997122,0.1126821237754694,-0.06436956342552835,0.3564102564102564,1.8282095760237114,0.3435897435897436
0.9,12,shallow,0.7,1.0,0.75,6,0.033289881212306936,472,0.1811228036443109,0.006477732775191702,0.15077955214002395,-0.047800949835797524,0.4555084745762712,1.218260138182295,0.4364406779661017
0.95,12,shallow,0.7,1.0,0.75,6,0.033289881212306936,472,0.1811228036443109,0.006477732775191702,0.15077955214002395,-0.047800949835797524,0.4555084745762712,1.218260138182295,0.4364406779661017
0.9,12,base,0.4,2.0,1.0,12,0.01632796766513659,241,0.20316688560428353,0.006474191102085358,0.07967747842631062,-0.09040777777926479,0.35269709543568467,1.8656422044841392,0.2946058091286307
0.95,12,base,0.4,2.0,1.0,12,0.01632796766513659,241,0.20316688560428353,0.006474191102085358,0.07967747842631062,-0.09040777777926479,0.35269709543568467,1.8656422044841392,0.2946058091286307
0.8,10,shallow,0.6,1.0,0.5,6,0.0281987593635591,523,0.18997414213675617,0.006465255497116518,0.15782320474929534,-0.04557959676431689,0.361376673040153,1.791695770952372,0.35181644359464626
0.8,10,shallow,0.8,2.0,0.75,12,0.04189406605295098,341,0.19061294990191002,0.006457545393913522,0.0757191261338543,-0.09488931944927315,0.31085043988269795,2.2778581299861775,0.25513196480938416
0.8,10,deep_slow,0.6,2.0,1.0,12,0.027441884318986948,277,0.18608712459843413,0.0064031072000396705,0.07545863475983978,-0.09441390602606514,0.37184115523465705,1.7129838031844755,0.296028880866426
0.8,10,shallow,0.8,1.0,0.75,24,0.04189406605295098,502,0.1702443290717307,0.0063909037998854945,0.1049117492869146,-0.06777850598415291,0.45219123505976094,1.231912677048085,0.45219123505976094
0.85,11,shallow,0.7,1.5,0.75,6,0.03422839379787348,416,0.17300083387840898,0.006349035849692264,0.1271183350747501,-0.055571536754270734,0.375,1.703647125361267,0.3004807692307692
0.8,10,deep_slow,0.6,2.0,0.75,12,0.027441884318986948,319,0.18878433895439306,0.006311064970563329,0.10386673873777696,-0.06760488173231227,0.31347962382445144,2.2208426827837005,0.26332288401253917
0.8,10,shallow,0.8,3.0,2.5,12,0.04189406605295098,168,0.21840528476337098,0.0062806603952378914,0.07247688149085361,-0.09641774643283485,0.48214285714285715,1.090701543830405,0.22023809523809523
0.9,12,deep_slow,0.6,2.5,0.75,24,0.026488612559532297,282,0.18388569400184948,0.006220763219385805,0.07120436004668641,-0.09720459462710929,0.24822695035460993,3.0531013013162744,0.23049645390070922
0.95,12,deep_slow,0.6,2.5,0.75,24,0.026488612559532297,282,0.18388569400184948,0.006220763219385805,0.07120436004668641,-0.09720459462710929,0.24822695035460993,3.0531013013162744,0.23049645390070922
0.9,12,shallow,0.8,2.0,0.5,6,0.04167225887876418,451,0.18199825137763223,0.006150761018808959,0.10454040327902117,-0.06546251595381192,0.2638580931263858,2.854439116686797,0.15521064301552107
0.95,12,shallow,0.8,2.0,0.5,6,0.04167225887876418,451,0.18199825137763223,0.006150761018808959,0.10454040327902117,-0.06546251595381192,0.2638580931263858,2.854439116686797,0.15521064301552107
0.9,12,base,0.7,3.0,1.5,24,0.029700257367501218,171,0.2036431315854617,0.006145326137366958,0.07861284623098294,-0.0869759726855085,0.38011695906432746,1.6390006906141654,0.27485380116959063
0.95,12,base,0.7,3.0,1.5,24,0.029700257367501218,171,0.2036431315854617,0.006145326137366958,0.07861284623098294,-0.0869759726855085,0.38011695906432746,1.6390006906141654,0.27485380116959063
0.85,11,base,0.6,1.5,0.75,6,0.02743703889797145,409,0.1674254395023672,0.006117070577024819,0.13569757049295697,-0.05015550549008374,0.37163814180929094,1.7280531011058315,0.31295843520782396
0.8,10,shallow,0.7,1.5,0.5,6,0.034650808039162956,493,0.17398362609944065,0.006113645321647265,0.12510919054369696,-0.0543698500435128,0.2961460446247465,2.406580454374982,0.2515212981744422
0.8,10,deep_slow,0.7,2.0,1.5,24,0.03201506443356151,209,0.17968325282627623,0.006096799274058151,0.06404068068493182,-0.10592358183057737,0.4258373205741627,1.3624802237126357,0.40669856459330145
0.85,11,deep_slow,0.5,1.0,0.5,6,0.02084289794941308,462,0.18721595777799283,0.006089415900362827,0.19224882582420436,-0.03524183083820065,0.36363636363636365,1.7756670506012735,0.3528138528138528
0.8,10,base,0.8,2.0,1.0,12,0.041557390516231536,297,0.17399206338383344,0.006086092903998974,0.06088550030427821,-0.11121699054053324,0.37037037037037035,1.7444996169971865,0.2895622895622896
0.85,11,base,0.4,2.0,1.0,24,0.018069504979977443,213,0.20042171178265145,0.006068103644648382,0.11422608036606936,-0.05910629262762179,0.352112676056338,1.8700722614250547,0.3427230046948357
0.9,12,deep_slow,0.4,2.0,0.75,24,0.019103795708262847,258,0.19603672051378568,0.0060370052386606865,0.09296149701103472,-0.07225429915545534,0.29069767441860467,2.4796573946685028,0.28294573643410853
0.95,12,deep_slow,0.4,2.0,0.75,24,0.019103795708262847,258,0.19603672051378568,0.0060370052386606865,0.09296149701103472,-0.07225429915545534,0.29069767441860467,2.4796573946685028,0.28294573643410853
0.8,10,deep_slow,0.6,2.5,0.5,24,0.027441884318986948,345,0.19457110577554398,0.006016533888080211,0.09815038872352158,-0.06820231169709123,0.18840579710144928,4.372498098678729,0.17971014492753623
0.85,11,shallow,0.7,1.0,0.75,12,0.03422839379787348,462,0.1671391043140119,0.0059745635195327385,0.11902594480364626,-0.05584808400272623,0.4523809523809524,1.231890447357494,0.4523809523809524
0.85,11,shallow,0.7,1.0,0.75,24,0.03422839379787348,462,0.1671391043140119,0.0059745635195327385,0.11902594480364626,-0.05584808400272623,0.4523809523809524,1.231890447357494,0.4523809523809524
0.85,11,base,0.6,2.0,0.75,12,0.02743703889797145,323,0.18066676645410873,0.005943938440208241,0.09098802425756143,-0.07268303565473944,0.3126934984520124,2.2595310024541675,0.26006191950464397
0.8,10,deep_slow,0.5,2.5,1.0,24,0.02386910511055699,208,0.18801717319339634,0.005923962782259817,0.06862263694127048,-0.09604780035002147,0.3125,2.234090426001008,0.25961538461538464
0.85,11,base,0.4,2.0,1.0,6,0.018069504979977443,277,0.176293763252207,0.005914116497500732,0.16056271467598934,-0.040981461108163586,0.40794223826714804,1.473240773899492,0.22382671480144403
0.8,10,deep_slow,0.7,3.0,2.5,12,0.03201506443356151,166,0.21637668444362626,0.005885262821143433,0.07069905681281104,-0.09261766057377896,0.4939759036144578,1.0386737168966058,0.20481927710843373
0.9,12,shallow,0.6,2.0,1.5,24,0.02729219059178709,194,0.19028117775958633,0.005856462172782129,0.06337213526639672,-0.10282006344187822,0.4175257731958763,1.4102939617804715,0.4020618556701031
0.95,12,shallow,0.6,2.0,1.5,24,0.02729219059178709,194,0.19028117775958633,0.005856462172782129,0.06337213526639672,-0.10282006344187822,0.4175257731958763,1.4102939617804715,0.4020618556701031
0.9,12,base,0.6,3.0,1.0,24,0.024507847669689414,207,0.20426041526737823,0.005834458292351519,0.07123896949492894,-0.09112199979047286,0.2753623188405797,2.670240031959784,0.22705314009661837
0.95,12,base,0.6,3.0,1.0,24,0.024507847669689414,207,0.20426041526737823,0.005834458292351519,0.07123896949492894,-0.09112199979047286,0.2753623188405797,2.670240031959784,0.22705314009661837
0.9,12,shallow,0.8,2.0,1.5,24,0.04167225887876418,208,0.1759642918375112,0.005827881522909362,0.06260235288901618,-0.10357626103141626,0.4230769230769231,1.3771633377867605,0.40384615384615385
0.95,12,shallow,0.8,2.0,1.5,24,0.04167225887876418,208,0.1759642918375112,0.005827881522909362,0.06260235288901618,-0.10357626103141626,0.4230769230769231,1.3771633377867605,0.40384615384615385
0.85,11,shallow,0.7,1.5,0.5,24,0.03422839379787348,451,0.17140186461424037,0.0057838318318008675,0.13624565197555058,-0.04723154016342401,0.2727272727272727,2.727755609958198,0.2727272727272727
0.9,12,shallow,0.8,1.5,0.5,6,0.04167225887876418,494,0.1661436216705668,0.005777052560512752,0.09969159202752675,-0.06447431321297936,0.29959514170040485,2.390480918730255,0.242914979757085
0.95,12,shallow,0.8,1.5,0.5,6,0.04167225887876418,494,0.1661436216705668,0.005777052560512752,0.09969159202752675,-0.06447431321297936,0.29959514170040485,2.390480918730255,0.242914979757085
0.8,10,base,0.4,2.5,2.0,6,0.018576634829056745,234,0.17313894700288043,0.005762978996011414,0.08672643092786174,-0.07393228997882217,0.5042735042735043,0.9987823580741867,0.1794871794871795
0.8,10,deep_slow,0.7,2.0,1.5,6,0.03201506443356151,305,0.1547507062341005,0.005736000455961232,0.05744886485544821,-0.11108762092825619,0.4786885245901639,1.1002922612666741,0.2360655737704918
0.8,10,base,0.7,2.0,1.5,24,0.034786761033208866,202,0.17535853691035572,0.0057099853466424655,0.062243891251619055,-0.10206470092073794,0.42574257425742573,1.3622038964535323,0.40594059405940597
0.9,12,shallow,0.5,1.0,0.75,12,0.022171242241514764,398,0.1705307213217007,0.005705997813278074,0.1762342607012499,-0.03602288336147075,0.45979899497487436,1.1898725448882852,0.45979899497487436
0.9,12,shallow,0.5,1.0,0.75,24,0.022171242241514764,398,0.1705307213217007,0.005705997813278074,0.1762342607012499,-0.03602288336147075,0.45979899497487436,1.1898725448882852,0.45979899497487436
0.95,12,shallow,0.5,1.0,0.75,12,0.022171242241514764,398,0.1705307213217007,0.005705997813278074,0.1762342607012499,-0.03602288336147075,0.45979899497487436,1.1898725448882852,0.45979899497487436
0.95,12,shallow,0.5,1.0,0.75,24,0.022171242241514764,398,0.1705307213217007,0.005705997813278074,0.1762342607012499,-0.03602288336147075,0.45979899497487436,1.1898725448882852,0.45979899497487436
0.9,12,shallow,0.6,1.5,0.75,12,0.02729219059178709,354,0.1668769243163138,0.005700994202029186,0.1181800751428664,-0.05367146230937625,0.3615819209039548,1.7871970169525193,0.3389830508474576
0.95,12,shallow,0.6,1.5,0.75,12,0.02729219059178709,354,0.1668769243163138,0.005700994202029186,0.1181800751428664,-0.05367146230937625,0.3615819209039548,1.7871970169525193,0.3389830508474576
0.9,12,shallow,0.8,3.0,0.75,24,0.04167225887876418,251,0.1995705720108549,0.005674255120903027,0.07485768514804018,-0.08433520527016103,0.22709163346613545,3.441248622918868,0.18326693227091634
0.95,12,shallow,0.8,3.0,0.75,24,0.04167225887876418,251,0.1995705720108549,0.005674255120903027,0.07485768514804018,-0.08433520527016103,0.22709163346613545,3.441248622918868,0.18326693227091634
0.9,12,deep_slow,0.6,1.5,0.75,12,0.026488612559532297,368,0.16120456278260598,0.005639517435253039,0.09307033019502378,-0.06741651314849395,0.358695652173913,1.8264349334224341,0.3423913043478261
0.95,12,deep_slow,0.6,1.5,0.75,12,0.026488612559532297,368,0.16120456278260598,0.005639517435253039,0.09307033019502378,-0.06741651314849395,0.358695652173913,1.8264349334224341,0.3423913043478261
0.85,11,base,0.4,2.0,0.5,24,0.018069504979977443,313,0.19205991816855553,0.005629998940859471,0.12591609794351413,-0.04974648766310363,0.22364217252396165,3.5277699787995247,0.22364217252396165
0.8,10,shallow,0.7,2.0,0.5,24,0.034650808039162956,387,0.17736339670432955,0.005618817603046722,0.08825545378893378,-0.07083346337549012,0.21705426356589147,3.6539147945273047,0.21705426356589147
0.8,10,deep_slow,0.6,3.0,0.75,24,0.027441884318986948,246,0.19555178615553975,0.005617383002959331,0.07703009816855762,-0.08113507550153898,0.22764227642276422,3.441640439939073,0.1910569105691057
0.85,11,base,0.6,2.5,1.5,24,0.02743703889797145,189,0.16964864178908248,0.005570342295717623,0.05759340070438406,-0.10760763288497543,0.3862433862433862,1.5945853809958392,0.328042328042328
0.8,10,shallow,0.8,2.5,0.75,12,0.04189406605295098,321,0.1647761893496055,0.005568114476376618,0.0677879647621186,-0.09138805283669138,0.2834890965732087,2.559366399247697,0.19314641744548286
0.85,11,deep_slow,0.7,4.0,2.5,24,0.032567944659426015,113,0.22301453358845344,0.005507042891294223,0.05933687733023007,-0.10325858089300954,0.4690265486725664,1.1563880946413954,0.23893805309734514
0.85,11,shallow,0.4,2.0,1.5,12,0.014641812176194218,202,0.17315028120963974,0.005476912017158053,0.07074799643830679,-0.0861297660987086,0.4504950495049505,1.235441297233533,0.3465346534653465
0.9,12,base,0.4,2.5,1.5,12,0.01632796766513659,184,0.18390096025561253,0.005446882214403592,0.07051648161021251,-0.08593859876724053,0.4076086956521739,1.4716283193105828,0.25
0.95,12,base,0.4,2.5,1.5,12,0.01632796766513659,184,0.18390096025561253,0.005446882214403592,0.07051648161021251,-0.08593859876724053,0.4076086956521739,1.4716283193105828,0.25
0.8,10,shallow,0.7,2.5,0.5,12,0.034650808039162956,375,0.16847136902470514,0.005401382674111943,0.08152786518655733,-0.07371038692930265,0.21066666666666667,3.79563049361134,0.152
0.9,12,base,0.5,3.0,1.0,12,0.020354141462207622,228,0.18582518093685996,0.005395257786163787,0.06789848990742005,-0.08840600188890835,0.3157894736842105,2.1963808623128296,0.16666666666666666
0.95,12,base,0.5,3.0,1.0,12,0.020354141462207622,228,0.18582518093685996,0.005395257786163787,0.06789848990742005,-0.08840600188890835,0.3157894736842105,2.1963808623128296,0.16666666666666666
0.85,11,shallow,0.6,2.5,2.0,24,0.026722697488877702,148,0.17176177266455342,0.005390447854067615,0.0829792331378968,-0.07227448088210864,0.4527027027027027,1.2239952346761076,0.3716216216216216
0.8,10,shallow,0.8,3.0,0.75,24,0.04189406605295098,261,0.18269067243858042,0.0053674676788482145,0.057373121206556923,-0.1040854326126488,0.2260536398467433,3.4572848920697123,0.18773946360153257
0.8,10,shallow,0.7,1.0,0.75,24,0.034650808039162956,474,0.14961988954422176,0.005361234060476283,0.08413578155367686,-0.0708945538803698,0.44936708860759494,1.237457298091332,0.44936708860759494
0.8,10,shallow,0.6,2.0,0.5,24,0.0281987593635591,373,0.17169896634092705,0.005270762076967639,0.09339912021466566,-0.06278519811218919,0.21715817694369974,3.650794593886902,0.21715817694369974
0.8,10,base,0.7,2.5,0.5,24,0.034786761033208866,352,0.17149415089956382,0.005265298737043178,0.07705321822548365,-0.07602540520523415,0.19318181818181818,4.211973487479288,0.17897727272727273
0.85,11,shallow,0.7,3.0,2.5,24,0.03422839379787348,126,0.1899094266755719,0.005250225133869524,0.06414992894906935,-0.09105585778136471,0.5,1.013206208152568,0.3253968253968254
0.85,11,shallow,0.6,4.0,1.5,24,0.026722697488877702,149,0.19983993716099413,0.005215781812306641,0.06205041606978652,-0.09351903654445326,0.348993288590604,1.8852688209421868,0.174496644295302
0.9,12,shallow,0.8,3.0,1.0,12,0.04167225887876418,249,0.17688900676622643,0.005206444577599001,0.07272267571518767,-0.07965196230098093,0.3333333333333333,2.0237378865784557,0.1566265060240964
0.95,12,shallow,0.8,3.0,1.0,12,0.04167225887876418,249,0.17688900676622643,0.005206444577599001,0.07272267571518767,-0.07965196230098093,0.3333333333333333,2.0237378865784557,0.1566265060240964
0.85,11,deep_slow,0.6,1.0,0.75,12,0.02660926817449534,444,0.14879792876846196,0.005164882811557581,0.10474186618395247,-0.05486106504587129,0.45045045045045046,1.232442692273475,0.45045045045045046
0.85,11,deep_slow,0.6,1.0,0.75,24,0.02660926817449534,444,0.14879792876846196,0.005164882811557581,0.10474186618395247,-0.05486106504587129,0.45045045045045046,1.232442692273475,0.45045045045045046
0.9,12,shallow,0.4,2.5,0.5,12,0.01727300411761307,290,0.1812018299620545,0.005119129111870624,0.12435159599464979,-0.04580023202029915,0.20689655172413793,3.893973214672073,0.15862068965517243
0.95,12,shallow,0.4,2.5,0.5,12,0.01727300411761307,290,0.1812018299620545,0.005119129111870624,0.12435159599464979,-0.04580023202029915,0.20689655172413793,3.893973214672073,0.15862068965517243
0.8,10,shallow,0.7,2.0,0.75,24,0.034650808039162956,315,0.15578608153492776,0.005097887223995956,0.05984216826389471,-0.09477752103285542,0.2857142857142857,2.5275878197656283,0.27936507936507937
0.8,10,base,0.6,2.5,1.0,24,0.028890652717152483,231,0.15569621043414658,0.005078017266814561,0.058720380333786154,-0.09621156370776329,0.30735930735930733,2.261736447714353,0.27705627705627706
0.8,10,deep_slow,0.4,2.0,1.0,24,0.02012685895493155,218,0.16705490122383737,0.0050776236361747,0.07331002093459696,-0.07705824498228453,0.3440366972477064,1.9320478471261249,0.3348623853211009
0.8,10,deep_slow,0.4,1.5,1.0,24,0.02012685895493155,270,0.1556888200045897,0.005061933637047211,0.09071194989068597,-0.06208311707063141,0.4148148148148148,1.4272374712326656,0.4111111111111111
0.8,10,shallow,0.8,4.0,2.0,24,0.04189406605295098,131,0.17880334737988884,0.005038461132988115,0.05184151948204543,-0.1081287517085312,0.4198473282442748,1.4080233208764363,0.183206106870229
0.85,11,deep_slow,0.5,3.0,1.0,12,0.02084289794941308,231,0.17194715652697543,0.005037472850521585,0.07474331499847987,-0.07498274542946759,0.329004329004329,2.0647455439474247,0.1774891774891775
0.9,12,base,0.4,1.5,1.0,6,0.01632796766513659,298,0.15133754264323432,0.005000287735045905,0.08703709234050945,-0.0639161626709438,0.44966442953020136,1.2386723504096322,0.3221476510067114
0.95,12,base,0.4,1.5,1.0,6,0.01632796766513659,298,0.15133754264323432,0.005000287735045905,0.08703709234050945,-0.0639161626709438,0.44966442953020136,1.2386723504096322,0.3221476510067114
0.9,12,shallow,0.6,2.5,0.75,24,0.02729219059178709,265,0.15881644928260044,0.0048964941320699396,0.06405176735537861,-0.08504948157367387,0.25660377358490566,2.9321417711582627,0.23018867924528302
0.95,12,shallow,0.6,2.5,0.75,24,0.02729219059178709,265,0.15881644928260044,0.0048964941320699396,0.06405176735537861,-0.08504948157367387,0.25660377358490566,2.9321417711582627,0.23018867924528302
0.85,11,deep_slow,0.5,2.0,1.5,6,0.02084289794941308,274,0.14149553263629394,0.004890203559619,0.07033687145316107,-0.07735017262091781,0.4781021897810219,1.1023461151922735,0.22992700729927007
0.8,10,shallow,0.8,2.5,0.5,24,0.04189406605295098,372,0.15491798492772355,0.004880510812733441,0.057934135972916946,-0.09372337225199556,0.1881720430107527,4.3443689246612,0.17473118279569894
0.85,11,deep_slow,0.6,1.5,1.0,6,0.02660926817449534,359,0.13773787702897067,0.004876798400430538,0.08469289237951914,-0.0640626514329945,0.4373259052924791,1.2991168704068783,0.32590529247910865
0.8,10,base,0.7,2.0,1.0,6,0.034786761033208866,343,0.137393700707782,0.004874871498409927,0.0667664948483339,-0.0812309663458689,0.39941690962099125,1.5279885742481822,0.21282798833819241
0.8,10,shallow,0.6,2.0,0.5,12,0.0281987593635591,383,0.15739079221326452,0.004799575391987387,0.08259077114141054,-0.06465267403111874,0.2297650130548303,3.391485587135439,0.19843342036553524
0.85,11,shallow,0.5,4.0,2.5,24,0.021430229292638114,106,0.19976642631586822,0.004751765423343324,0.05684803461535802,-0.09299370947820096,0.44339622641509435,1.2805415970706682,0.2358490566037736
0.8,10,base,0.8,3.0,0.75,24,0.041557390516231536,262,0.16375361165700453,0.004665342295816943,0.05060994297219134,-0.10255565175218617,0.22519083969465647,3.468144545692084,0.18702290076335878
0.8,10,shallow,0.7,2.5,0.75,24,0.034650808039162956,284,0.14084139308838606,0.004466572808303315,0.051739868274179125,-0.09604089581259234,0.2535211267605634,2.974538890331802,0.22887323943661972
0.8,10,base,0.4,3.0,2.5,24,0.018576634829056745,112,0.19857062747496937,0.0044229311296262175,0.06040753977764201,-0.0814563734961875,0.4732142857142857,1.1273825593910318,0.32142857142857145
0.85,11,base,0.7,1.5,0.75,24,0.03218380161661132,395,0.1249884361543922,0.004345015209140657,0.06895382863094235,-0.07010307444061703,0.3493670886075949,1.8946365072496534,0.3493670886075949
0.85,11,shallow,0.7,1.5,0.5,6,0.03422839379787348,477,0.13222975004054777,0.004330363512836444,0.09003560555927674,-0.05350740114730923,0.29559748427672955,2.4301369099704115,0.24737945492662475
0.8,10,base,0.4,1.5,0.5,12,0.018576634829056745,365,0.1415967100345883,0.004285142985146928,0.10867364693681118,-0.04386758942848645,0.27945205479452057,2.6077229755523224,0.273972602739726
0.85,11,base,0.8,2.0,0.5,24,0.037861802141293005,410,0.13617696114864078,0.004280760471320866,0.061234866442648424,-0.07777226370340573,0.2146341463414634,3.7482740730346347,0.2146341463414634
0.85,11,base,0.6,2.5,0.75,12,0.02743703889797145,297,0.13782586498627136,0.004273696823695605,0.06519570689127833,-0.07292679493100773,0.27946127946127947,2.602513698684601,0.19528619528619529
0.85,11,deep_slow,0.8,1.5,1.0,24,0.04023212551971341,342,0.12224169457093602,0.004236170615377288,0.05540027152361959,-0.08506737932003161,0.4064327485380117,1.484766116394062,0.4064327485380117
0.9,12,base,0.8,3.0,2.0,24,0.03553384163128094,144,0.15293611267656765,0.004210971492091264,0.04974374729109036,-0.09417696574720968,0.4444444444444444,1.261908263535259,0.2986111111111111
0.95,12,base,0.8,3.0,2.0,24,0.03553384163128094,144,0.15293611267656765,0.004210971492091264,0.04974374729109036,-0.09417696574720968,0.4444444444444444,1.261908263535259,0.2986111111111111
0.85,11,base,0.7,3.0,1.5,24,0.03218380161661132,172,0.14670579004593126,0.0041466906518929925,0.04874300469382004,-0.09464303726617862,0.37209302325581395,1.6879170782230246,0.2558139534883721
0.9,12,base,0.8,2.0,0.5,12,0.03553384163128094,418,0.1282863686622559,0.0040599928719651235,0.06432151762033088,-0.07022087059499227,0.22966507177033493,3.4356858985847047,0.20095693779904306
0.95,12,base,0.8,2.0,0.5,12,0.03553384163128094,418,0.1282863686622559,0.0040599928719651235,0.06432151762033088,-0.07022087059499227,0.22966507177033493,3.4356858985847047,0.20095693779904306
0.8,10,shallow,0.6,2.5,0.5,12,0.0281987593635591,359,0.13496267427230277,0.004047443719259691,0.061811369703124515,-0.07284661352281774,0.20891364902506965,3.825570825203614,0.15041782729805014
0.85,11,base,0.5,2.5,1.5,24,0.022967702564092134,173,0.1294570780409851,0.004035504270320844,0.04560764925897735,-0.09843663268620495,0.3872832369942196,1.5820507190950002,0.3179190751445087
0.85,11,shallow,0.4,3.0,2.0,12,0.014641812176194218,158,0.15835611163126762,0.004021607369526725,0.05457670975863869,-0.08197635541051296,0.47468354430379744,1.1172817191732491,0.17721518987341772
0.85,11,base,0.6,1.5,1.0,12,0.02743703889797145,325,0.12035121421331336,0.00402037235350261,0.06624239672522565,-0.06751907727847051,0.4153846153846154,1.4324957386077355,0.39692307692307693
0.9,12,base,0.8,2.5,0.75,12,0.03553384163128094,316,0.12662898165108533,0.004014883253922852,0.050036523834143615,-0.0892651451105615,0.2848101265822785,2.5350338914168575,0.1962025316455696
0.95,12,base,0.8,2.5,0.75,12,0.03553384163128094,316,0.12662898165108533,0.004014883253922852,0.050036523834143615,-0.0892651451105615,0.2848101265822785,2.5350338914168575,0.1962025316455696
0.8,10,shallow,0.4,2.5,0.5,12,0.016624676068168656,308,0.14035224389450218,0.0039926539056842625,0.08405934770626489,-0.05284102514639322,0.2077922077922078,3.8571532423002726,0.16233766233766234
0.9,12,deep_slow,0.4,2.5,1.5,6,0.019103795708262847,242,0.12517424603429522,0.003967216772274185,0.047260762159925834,-0.09338565647606989,0.45867768595041325,1.1891430767384719,0.1652892561983471
0.95,12,deep_slow,0.4,2.5,1.5,6,0.019103795708262847,242,0.12517424603429522,0.003967216772274185,0.047260762159925834,-0.09338565647606989,0.45867768595041325,1.1891430767384719,0.1652892561983471
0.85,11,base,0.5,2.0,1.5,24,0.022967702564092134,195,0.12734953220373516,0.0039293460709559636,0.045537634621336504,-0.09599394884169998,0.4256410256410256,1.3578208518448602,0.40512820512820513
0.85,11,base,0.4,2.5,2.0,24,0.018069504979977443,135,0.14133369136801543,0.003907284242758324,0.052154789186953265,-0.08334399623848532,0.4666666666666667,1.1511002582702086,0.37037037037037035
0.85,11,base,0.5,1.5,1.0,6,0.022967702564092134,335,0.11665539533172115,0.003895317170083512,0.10831107502157872,-0.04000950485633503,0.4417910447761194,1.2742647544496895,0.32238805970149254
0.9,12,shallow,0.5,3.0,1.5,24,0.022171242241514764,164,0.14138987496721406,0.00388946963671688,0.043484841451050034,-0.09950515265364346,0.3597560975609756,1.7789615369585006,0.27439024390243905
0.95,12,shallow,0.5,3.0,1.5,24,0.022171242241514764,164,0.14138987496721406,0.00388946963671688,0.043484841451050034,-0.09950515265364346,0.3597560975609756,1.7789615369585006,0.27439024390243905
0.85,11,deep_slow,0.4,2.5,1.0,6,0.015505342952291496,269,0.12250639613235709,0.00385037054051085,0.09470372681973319,-0.045230103461292526,0.4052044609665427,1.4818609118597714,0.16356877323420074
0.9,12,shallow,0.4,2.5,2.0,6,0.01727300411761307,220,0.12665052004516883,0.0038154671567323106,0.061071962133128134,-0.06950197130865066,0.5136363636363637,0.955545134867016,0.17727272727272728
0.95,12,shallow,0.4,2.5,2.0,6,0.01727300411761307,220,0.12665052004516883,0.0038154671567323106,0.061071962133128134,-0.06950197130865066,0.5136363636363637,0.955545134867016,0.17727272727272728
0.9,12,shallow,0.8,2.0,0.5,12,0.04167225887876418,409,0.12439519053226072,0.0038096921712404974,0.060671054765657186,-0.06985531839043757,0.22982885085574573,3.4325917345800514,0.20048899755501223
0.95,12,shallow,0.8,2.0,0.5,12,0.04167225887876418,409,0.12439519053226072,0.0038096921712404974,0.060671054765657186,-0.06985531839043757,0.22982885085574573,3.4325917345800514,0.20048899755501223
0.85,11,deep_slow,0.8,1.5,0.5,6,0.04023212551971341,514,0.11501911136018812,0.0037966110047737978,0.05984555555216598,-0.0705756712547243,0.29571984435797666,2.423481770571847,0.24319066147859922
0.85,11,base,0.5,2.0,1.0,12,0.022967702564092134,259,0.12207463625456545,0.003779600996804522,0.05309168238058697,-0.07919720809825914,0.36293436293436293,1.7710797271460663,0.29343629343629346
0.8,10,base,0.6,2.0,1.0,24,0.028890652717152483,242,0.12356305350181206,0.0037065326106824337,0.052327078349789495,-0.07880068026703668,0.34710743801652894,1.9265275163305668,0.34297520661157027
0.85,11,deep_slow,0.5,2.0,1.0,24,0.02084289794941308,247,0.11788848257768482,0.0036400921966430744,0.05129458073292866,-0.07894559673662882,0.3441295546558704,1.921741231569997,0.3360323886639676
0.9,12,shallow,0.5,2.0,1.0,12,0.022171242241514764,254,0.11959383809507243,0.0036397829494834166,0.05550004259627832,-0.07295737081685238,0.3661417322834646,1.746284588555383,0.29133858267716534
0.95,12,shallow,0.5,2.0,1.0,12,0.022171242241514764,254,0.11959383809507243,0.0036397829494834166,0.05550004259627832,-0.07295737081685238,0.3661417322834646,1.746284588555383,0.29133858267716534
0.8,10,shallow,0.4,2.5,2.0,24,0.016624676068168656,134,0.12835462563560132,0.0036384004158489525,0.055535065336885917,-0.07288366057754803,0.4626865671641791,1.1687538010568703,0.3805970149253731
0.85,11,deep_slow,0.4,2.0,0.75,24,0.015505342952291496,267,0.12202194918798757,0.0036237350376371325,0.08471852734451785,-0.0475844059783157,0.2958801498127341,2.4017223709291597,0.2883895131086142
0.8,10,base,0.8,2.0,1.5,24,0.041557390516231536,209,0.11383127118866956,0.0035405951234652733,0.032849078154060816,-0.11990510497312767,0.42105263157894735,1.3816146458579353,0.40669856459330145
0.8,10,shallow,0.8,1.5,1.0,12,0.04189406605295098,357,0.10488829135798272,0.0035103986351288086,0.043015410056414356,-0.09078544541277866,0.4173669467787115,1.4170426747302585,0.39215686274509803
0.8,10,base,0.4,1.5,1.0,6,0.018576634829056745,294,0.11388712970995203,0.003496926080514662,0.09291268434624665,-0.041869230181547645,0.445578231292517,1.2548637786072805,0.3333333333333333
0.85,11,base,0.6,2.5,0.75,24,0.02743703889797145,274,0.11839674027372031,0.003479176982502885,0.054845168885196395,-0.07057018289681471,0.25547445255474455,2.920058057779331,0.23357664233576642
0.9,12,base,0.6,2.5,0.75,24,0.024507847669689414,277,0.11514070428491119,0.003447067224695566,0.04561285418201579,-0.08407073092612172,0.2490974729241877,3.0292471247838484,0.23104693140794225
0.95,12,base,0.6,2.5,0.75,24,0.024507847669689414,277,0.11514070428491119,0.003447067224695566,0.04561285418201579,-0.08407073092612172,0.2490974729241877,3.0292471247838484,0.23104693140794225
0.8,10,deep_slow,0.5,3.0,0.75,24,0.02386910511055699,226,0.1277638571230368,0.0034138375121253173,0.05153394999912473,-0.0736937955609196,0.2345132743362832,3.2953363688996347,0.1902654867256637
0.85,11,shallow,0.7,1.5,0.5,12,0.03422839379787348,455,0.10936318530239808,0.0034026580757966496,0.07590022647112377,-0.04987196467228827,0.27692307692307694,2.6575902374258344,0.26593406593406593
0.8,10,shallow,0.7,1.0,0.75,12,0.034650808039162956,474,0.10308442660907134,0.0033788931431797398,0.05237125224659355,-0.07177317527379634,0.44936708860759494,1.2329813501865259,0.4472573839662447
0.9,12,deep_slow,0.6,2.5,0.75,12,0.026488612559532297,301,0.1073245791529861,0.0033728588053061337,0.03791866528083353,-0.09895224078933584,0.2757475083056478,2.6452964064627458,0.19933554817275748
0.95,12,deep_slow,0.6,2.5,0.75,12,0.026488612559532297,301,0.1073245791529861,0.0033728588053061337,0.03791866528083353,-0.09895224078933584,0.2757475083056478,2.6452964064627458,0.19933554817275748
0.9,12,deep_slow,0.8,3.0,2.0,24,0.03478537134288336,140,0.1256993613553047,0.0033567583269842327,0.041794986332265895,-0.0893461843286556,0.4357142857142857,1.3050220726871942,0.2857142857142857
0.95,12,deep_slow,0.8,3.0,2.0,24,0.03478537134288336,140,0.1256993613553047,0.0033567583269842327,0.041794986332265895,-0.0893461843286556,0.4357142857142857,1.3050220726871942,0.2857142857142857
0.85,11,shallow,0.4,1.0,0.5,6,0.014641812176194218,413,0.11729486556578778,0.0033391310675305874,0.11898132011863517,-0.031220106271655945,0.36319612590799033,1.7691829050988261,0.3486682808716707
0.85,11,deep_slow,0.7,1.0,0.75,6,0.032567944659426015,482,0.10137402389290746,0.0032971212715049436,0.054323371939272336,-0.06751913564882384,0.44813278008298757,1.2391237052393638,0.42738589211618255
0.8,10,shallow,0.4,2.0,1.5,12,0.016624676068168656,201,0.11218196724782105,0.0032678513302362155,0.047560715863889824,-0.0764349292261215,0.4577114427860697,1.193437567807946,0.3383084577114428
0.8,10,deep_slow,0.6,2.5,1.5,24,0.027441884318986948,175,0.1073456731891569,0.003206842793191722,0.03753423100158586,-0.0950444199107976,0.3942857142857143,1.5330668987030265,0.32571428571428573
0.9,12,shallow,0.6,2.0,0.75,6,0.02729219059178709,339,0.10587111688953389,0.0031793192202360654,0.05922534928590389,-0.05971759539132693,0.35693215339233036,1.81532264260413,0.18584070796460178
0.95,12,shallow,0.6,2.0,0.75,6,0.02729219059178709,339,0.10587111688953389,0.0031793192202360654,0.05922534928590389,-0.05971759539132693,0.35693215339233036,1.81532264260413,0.18584070796460178
0.8,10,shallow,0.6,1.0,0.75,12,0.0281987593635591,445,0.09978079233762159,0.0031487604035416172,0.05320866149896047,-0.06583128693276452,0.4449438202247191,1.2552119699827051,0.4449438202247191
0.8,10,shallow,0.6,1.0,0.75,24,0.0281987593635591,445,0.09978079233762159,0.0031487604035416172,0.05320866149896047,-0.06583128693276452,0.4449438202247191,1.2552119699827051,0.4449438202247191
0.9,12,deep_slow,0.8,1.0,0.75,24,0.03478537134288336,501,0.0960834194961434,0.0031451355319489505,0.04691627557148489,-0.07457457932472,0.4491017964071856,1.2404108560242457,0.4491017964071856
0.95,12,deep_slow,0.8,1.0,0.75,24,0.03478537134288336,501,0.0960834194961434,0.0031451355319489505,0.04691627557148489,-0.07457457932472,0.4491017964071856,1.2404108560242457,0.4491017964071856
0.8,10,shallow,0.8,2.0,0.5,12,0.04189406605295098,419,0.10587579486272294,0.0031323600356041315,0.044121192266431464,-0.07897672120595745,0.2315035799522673,3.393307237704367,0.19809069212410502
0.85,11,base,0.8,1.5,1.0,12,0.037861802141293005,356,0.09569121669521377,0.0031079898108552495,0.03968872459675927,-0.08711371112939881,0.4157303370786517,1.4257136949990887,0.39325842696629215
0.85,11,shallow,0.7,3.0,2.5,12,0.03422839379787348,164,0.11988772746687952,0.0030718046906010876,0.03525710400782044,-0.0969215061520482,0.4695121951219512,1.1379035512708702,0.21951219512195122
0.9,12,deep_slow,0.7,2.5,1.5,6,0.03039343375568873,289,0.095015561977947,0.0030695401280917967,0.03592371886317964,-0.09505285443125444,0.4532871972318339,1.2115840658592367,0.16262975778546712
0.95,12,deep_slow,0.7,2.5,1.5,6,0.03039343375568873,289,0.095015561977947,0.0030695401280917967,0.03592371886317964,-0.09505285443125444,0.4532871972318339,1.2115840658592367,0.16262975778546712
0.85,11,deep_slow,0.4,2.0,1.0,24,0.015505342952291496,230,0.10398184630718281,0.003016852307313078,0.053205069661131095,-0.0630772699844806,0.3565217391304348,1.8182616456901335,0.34347826086956523
0.9,12,base,0.6,2.0,1.0,24,0.024507847669689414,247,0.09938667562111167,0.0028761854035841417,0.03022402262535773,-0.10586028178438123,0.3360323886639676,1.9890739658716439,0.32793522267206476
0.95,12,base,0.6,2.0,1.0,24,0.024507847669689414,247,0.09938667562111167,0.0028761854035841417,0.03022402262535773,-0.10586028178438123,0.3360323886639676,1.9890739658716439,0.32793522267206476
0.85,11,base,0.8,1.5,0.5,12,0.037861802141293005,488,0.0926508949258389,0.0028472778213544103,0.04421540681608029,-0.07163478309128901,0.27459016393442626,2.6830679105527846,0.26434426229508196
0.85,11,shallow,0.8,2.5,0.5,12,0.04206355121771392,386,0.09806051986647218,0.0028156522805804496,0.0405822526974745,-0.07718089857378707,0.21502590673575128,3.677568583563037,0.15284974093264247
0.8,10,shallow,0.4,2.0,0.75,6,0.016624676068168656,299,0.09728965954306901,0.002780515130934802,0.054494892789266634,-0.05675910859358946,0.3411371237458194,1.9454169343464498,0.18729096989966554
0.9,12,base,0.4,2.0,0.5,24,0.01632796766513659,309,0.1036367304292007,0.002745095259513386,0.04758314557102999,-0.06417553761620953,0.21359223300970873,3.711814036366007,0.21359223300970873
0.95,12,base,0.4,2.0,0.5,24,0.01632796766513659,309,0.1036367304292007,0.002745095259513386,0.04758314557102999,-0.06417553761620953,0.21359223300970873,3.711814036366007,0.21359223300970873
0.8,10,shallow,0.5,2.0,0.75,6,0.02225569419366929,328,0.0926092744950973,0.002743418513686091,0.05381800153344891,-0.05670608986773984,0.3445121951219512,1.9151781118922653,0.20121951219512196
0.85,11,deep_slow,0.7,1.5,1.0,24,0.032567944659426015,326,0.0889560883738786,0.0027350937694854416,0.03581634419924916,-0.08494854919085448,0.40797546012269936,1.4586735767792145,0.40797546012269936
0.85,11,shallow,0.8,2.0,0.5,24,0.04206355121771392,408,0.09347085395491651,0.002704449812739096,0.04137869020588548,-0.07270536221315449,0.21568627450980393,3.712721304753459,0.21568627450980393
0.85,11,base,0.6,3.0,1.5,12,0.02743703889797145,204,0.09726007813955202,0.0027010509762952495,0.028991592712222715,-0.1036393972163202,0.4264705882352941,1.3519806912676784,0.2107843137254902
0.9,12,base,0.6,3.0,1.0,12,0.024507847669689414,244,0.09653145740152293,0.00269957223700934,0.02993161093387213,-0.10032958096445177,0.3114754098360656,2.2244909868339837,0.1721311475409836
0.95,12,base,0.6,3.0,1.0,12,0.024507847669689414,244,0.09653145740152293,0.00269957223700934,0.02993161093387213,-0.10032958096445177,0.3114754098360656,2.2244909868339837,0.1721311475409836
0.85,11,deep_slow,0.8,2.5,2.0,6,0.04023212551971341,276,0.08638087530466537,0.0026818128600518687,0.030395734800483576,-0.09814756443769201,0.4855072463768116,1.0637545124359529,0.17391304347826086
0.85,11,shallow,0.5,3.0,2.0,12,0.021430229292638114,171,0.10764420097059688,0.0026709994696085815,0.03741786804753939,-0.07940689312485505,0.4444444444444444,1.2564751559972376,0.2046783625730994
0.85,11,base,0.5,3.0,1.0,12,0.022967702564092134,226,0.10099997558138087,0.002667363860737293,0.04238613749553255,-0.07000382544279282,0.3185840707964602,2.1534209274907172,0.18141592920353983
0.9,12,shallow,0.8,2.5,1.5,12,0.04167225887876418,226,0.08958864493542057,0.002664902868990904,0.028977469000439952,-0.10230202435878755,0.43805309734513276,1.2882486850702766,0.2345132743362832
0.95,12,shallow,0.8,2.5,1.5,12,0.04167225887876418,226,0.08958864493542057,0.002664902868990904,0.028977469000439952,-0.10230202435878755,0.43805309734513276,1.2882486850702766,0.2345132743362832
0.85,11,base,0.8,2.0,0.75,12,0.037861802141293005,344,0.09000543773191977,0.0026445391007179353,0.029897367213888425,-0.0983965439455381,0.30523255813953487,2.319501747840305,0.25290697674418605
0.9,12,shallow,0.6,1.5,0.75,24,0.02729219059178709,349,0.08926485624253111,0.002640545635145264,0.05385461705547573,-0.05454229851869041,0.3495702005730659,1.871148199835124,0.3495702005730659
0.95,12,shallow,0.6,1.5,0.75,24,0.02729219059178709,349,0.08926485624253111,0.002640545635145264,0.05385461705547573,-0.05454229851869041,0.3495702005730659,1.871148199835124,0.3495702005730659
0.8,10,deep_slow,0.4,1.5,0.5,12,0.02012685895493155,361,0.09315647096943694,0.002610622353686143,0.07976036947462616,-0.03640984815565529,0.27146814404432135,2.702239455786303,0.2659279778393352
0.85,11,deep_slow,0.8,1.5,1.0,6,0.04023212551971341,393,0.08147916820816264,0.0025538861619638364,0.03864427956588061,-0.07351516081843956,0.43765903307888043,1.3022695488879703,0.3256997455470738
0.85,11,shallow,0.8,2.0,0.5,6,0.04206355121771392,466,0.08723432609083873,0.0025461576124052865,0.044408392681524474,-0.06377942993872565,0.26180257510729615,2.8605603694585637,0.15450643776824036
0.85,11,base,0.5,2.0,1.0,24,0.022967702564092134,232,0.08975296069284928,0.0025025242845093665,0.03355800207826778,-0.082954804881751,0.3448275862068966,1.9117500506374832,0.33189655172413796
0.9,12,base,0.8,2.0,0.75,12,0.03553384163128094,340,0.08434817261873966,0.002442662828789244,0.0351928455986622,-0.07720883954087598,0.3088235294117647,2.280568049256994,0.25882352941176473
0.95,12,base,0.8,2.0,0.75,12,0.03553384163128094,340,0.08434817261873966,0.002442662828789244,0.0351928455986622,-0.07720883954087598,0.3088235294117647,2.280568049256994,0.25882352941176473
0.9,12,deep_slow,0.8,2.5,0.75,12,0.03478537134288336,318,0.08458078195052307,0.0024379168839192555,0.028662234063508263,-0.09461644511706335,0.27672955974842767,2.6263566264546956,0.1949685534591195
0.95,12,deep_slow,0.8,2.5,0.75,12,0.03478537134288336,318,0.08458078195052307,0.0024379168839192555,0.028662234063508263,-0.09461644511706335,0.27672955974842767,2.6263566264546956,0.1949685534591195
0.9,12,base,0.5,2.0,1.0,6,0.020354141462207622,300,0.084336323031705,0.0024130405759204,0.027748731396491953,-0.09673389085428241,0.41,1.4470949095930126,0.20333333333333334
0.95,12,base,0.5,2.0,1.0,6,0.020354141462207622,300,0.084336323031705,0.0024130405759204,0.027748731396491953,-0.09673389085428241,0.41,1.4470949095930126,0.20333333333333334
0.85,11,deep_slow,0.6,1.0,0.5,12,0.02660926817449534,515,0.08360966220695161,0.0023825002771931114,0.052289148578717505,-0.05068480862968372,0.3553398058252427,1.8233914983617123,0.3553398058252427
0.85,11,deep_slow,0.6,1.0,0.5,24,0.02660926817449534,515,0.08360966220695161,0.0023825002771931114,0.052289148578717505,-0.05068480862968372,0.3553398058252427,1.8233914983617123,0.3553398058252427
0.9,12,base,0.8,1.5,0.75,6,0.03553384163128094,437,0.07676260509431503,0.002290623655391011,0.035756387398417445,-0.07126139062229231,0.37757437070938216,1.6714537799368512,0.2997711670480549
0.95,12,base,0.8,1.5,0.75,6,0.03553384163128094,437,0.07676260509431503,0.002290623655391011,0.035756387398417445,-0.07126139062229231,0.37757437070938216,1.6714537799368512,0.2997711670480549
0.9,12,shallow,0.6,1.0,0.75,12,0.02729219059178709,429,0.07887213888663255,0.0022543785032418384,0.062342441290560185,-0.04022502596723998,0.45454545454545453,1.2055812295881443,0.45454545454545453
0.9,12,shallow,0.6,1.0,0.75,24,0.02729219059178709,429,0.07887213888663255,0.0022543785032418384,0.062342441290560185,-0.04022502596723998,0.45454545454545453,1.2055812295881443,0.45454545454545453
0.95,12,shallow,0.6,1.0,0.75,12,0.02729219059178709,429,0.07887213888663255,0.0022543785032418384,0.062342441290560185,-0.04022502596723998,0.45454545454545453,1.2055812295881443,0.45454545454545453
0.95,12,shallow,0.6,1.0,0.75,24,0.02729219059178709,429,0.07887213888663255,0.0022543785032418384,0.062342441290560185,-0.04022502596723998,0.45454545454545453,1.2055812295881443,0.45454545454545453
0.85,11,base,0.4,2.5,0.5,24,0.018069504979977443,284,0.08791517149781478,0.0022274263821633333,0.043325338850309834,-0.05718920229390689,0.1936619718309859,4.191892450736511,0.18309859154929578
0.9,12,shallow,0.7,2.0,0.5,6,0.033289881212306936,426,0.07926331619787913,0.002199116241917265,0.04376059860371878,-0.05590065422514867,0.2605633802816901,2.8812771401288204,0.15258215962441316
0.95,12,shallow,0.7,2.0,0.5,6,0.033289881212306936,426,0.07926331619787913,0.002199116241917265,0.04376059860371878,-0.05590065422514867,0.2605633802816901,2.8812771401288204,0.15258215962441316
0.8,10,deep_slow,0.6,2.5,1.0,24,0.027441884318986948,225,0.07781956592954534,0.0021653504349581354,0.025845229648045153,-0.0931963562626269,0.30666666666666664,2.2724744511220054,0.27111111111111114
0.9,12,deep_slow,0.7,1.5,1.0,6,0.03039343375568873,379,0.07278202973941986,0.002125134468470513,0.03090288451998929,-0.07649579357067016,0.44327176781002636,1.2725718489306324,0.33509234828496043
0.95,12,deep_slow,0.7,1.5,1.0,6,0.03039343375568873,379,0.07278202973941986,0.002125134468470513,0.03090288451998929,-0.07649579357067016,0.44327176781002636,1.2725718489306324,0.33509234828496043
0.85,11,deep_slow,0.4,1.0,0.75,12,0.015505342952291496,362,0.0767107765133156,0.0020783655655853828,0.05758263919358119,-0.04014943073910593,0.4530386740331492,1.2133757751159813,0.4530386740331492
0.85,11,deep_slow,0.4,1.0,0.75,24,0.015505342952291496,362,0.0767107765133156,0.0020783655655853828,0.05758263919358119,-0.04014943073910593,0.4530386740331492,1.2133757751159813,0.4530386740331492
0.8,10,base,0.6,2.0,1.5,24,0.028890652717152483,194,0.07502297193895863,0.0019771842060247735,0.025146648095953007,-0.08746082813318623,0.4329896907216495,1.3115194837305262,0.4175257731958763
0.85,11,shallow,0.6,2.0,1.5,6,0.026722697488877702,281,0.07130610537790438,0.0019756582381962318,0.02939521234153988,-0.07476214233507117,0.4804270462633452,1.0851036766155002,0.22419928825622776
0.9,12,base,0.4,2.5,0.5,12,0.01632796766513659,297,0.07985329961274211,0.0019379769784355627,0.03352148620993251,-0.06430888072679719,0.2053872053872054,3.8919727604249874,0.15151515151515152
0.95,12,base,0.4,2.5,0.5,12,0.01632796766513659,297,0.07985329961274211,0.0019379769784355627,0.03352148620993251,-0.06430888072679719,0.2053872053872054,3.8919727604249874,0.15151515151515152
0.85,11,deep_slow,0.6,2.5,2.0,24,0.02660926817449534,150,0.07310344015746632,0.0019139099528546755,0.027656696222249633,-0.07697792817233184,0.4666666666666667,1.1468847152077766,0.36666666666666664
0.8,10,base,0.6,1.0,0.75,6,0.028890652717152483,452,0.06754147257892126,0.0018454858634147087,0.03914239205710475,-0.0524453165692198,0.45353982300884954,1.2173561329135973,0.4314159292035398
0.9,12,deep_slow,0.8,3.0,1.5,24,0.03478537134288336,172,0.07253873388080674,0.001758270918701177,0.019784801304596897,-0.09885424597773873,0.37209302325581395,1.6780499894790541,0.2616279069767442
0.95,12,deep_slow,0.8,3.0,1.5,24,0.03478537134288336,172,0.07253873388080674,0.001758270918701177,0.019784801304596897,-0.09885424597773873,0.37209302325581395,1.6780499894790541,0.2616279069767442
0.8,10,base,0.4,2.5,2.0,24,0.018576634829056745,133,0.07255050911203173,0.0017472034061585262,0.02408541104221911,-0.08069197841820375,0.45112781954887216,1.212296562425585,0.38345864661654133
0.8,10,deep_slow,0.7,2.5,1.5,6,0.03201506443356151,288,0.06398305694728847,0.0017340701470192066,0.018548990712477495,-0.10398890774654079,0.4583333333333333,1.1840198055877653,0.16319444444444445
0.8,10,deep_slow,0.7,2.0,0.75,6,0.03201506443356151,383,0.06386158288633964,0.0016944237094493886,0.025460149927031443,-0.07402880458162131,0.34464751958224543,1.9079935706947406,0.20365535248041775
0.8,10,shallow,0.8,4.0,2.5,24,0.04189406605295098,113,0.07613457037784012,0.001672413761400815,0.019411190036198452,-0.09583644793132107,0.4778761061946903,1.1045221410911255,0.22123893805309736
0.85,11,shallow,0.4,1.5,0.75,6,0.014641812176194218,334,0.06394311785324852,0.001633194896866641,0.03598657721898743,-0.050481895714240665,0.3772455089820359,1.6573102925547945,0.2964071856287425
0.8,10,base,0.8,2.0,0.75,6,0.041557390516231536,395,0.0610810154225202,0.001572895172142541,0.019688194907286634,-0.08886496904544905,0.3493670886075949,1.8802761820387734,0.19240506329113924
0.85,11,shallow,0.8,1.5,1.0,24,0.04206355121771392,346,0.060308390105583524,0.0015697439876525277,0.02486955875885053,-0.07020974347324149,0.41329479768786126,1.4362241283457517,0.41329479768786126
0.85,11,shallow,0.4,2.0,0.5,12,0.014641812176194218,325,0.06312592238573299,0.0014744033110851706,0.03736618806987751,-0.04389063040284236,0.23384615384615384,3.290167268019922,0.20615384615384616
0.8,10,shallow,0.7,2.0,1.0,24,0.034650808039162956,267,0.059133706714573436,0.0014632059292105648,0.015539782825513373,-0.10473565452916733,0.33707865168539325,1.9727494431070478,0.3295880149812734
0.9,12,base,0.7,3.0,1.0,12,0.029700257367501218,256,0.06022979693152515,0.0014338572978001007,0.016552139392204925,-0.09635741160056688,0.31640625,2.1664711822295177,0.1640625
0.95,12,base,0.7,3.0,1.0,12,0.029700257367501218,256,0.06022979693152515,0.0014338572978001007,0.016552139392204925,-0.09635741160056688,0.31640625,2.1664711822295177,0.1640625
0.9,12,shallow,0.8,4.0,1.5,24,0.04167225887876418,154,0.06413852433230978,0.0014268064956410864,0.014950122822267216,-0.10615818256335285,0.33766233766233766,1.9620237511699237,0.18181818181818182
0.95,12,shallow,0.8,4.0,1.5,24,0.04167225887876418,154,0.06413852433230978,0.0014268064956410864,0.014950122822267216,-0.10615818256335285,0.33766233766233766,1.9620237511699237,0.18181818181818182
0.9,12,deep_slow,0.6,1.5,0.75,24,0.026488612559532297,363,0.056514393473421985,0.0013779579960639943,0.02300930700083472,-0.06661383065550164,0.349862258953168,1.882247784175949,0.349862258953168
0.95,12,deep_slow,0.6,1.5,0.75,24,0.026488612559532297,363,0.056514393473421985,0.0013779579960639943,0.02300930700083472,-0.06661383065550164,0.349862258953168,1.882247784175949,0.349862258953168
0.8,10,shallow,0.8,1.0,0.75,12,0.04189406605295098,502,0.053717096512273445,0.0012864751472478897,0.020479530127590954,-0.06987328360663603,0.450199203187251,1.230976331471999,0.448207171314741
0.8,10,deep_slow,0.6,2.5,1.0,12,0.027441884318986948,254,0.053567049628926236,0.0012530164890685036,0.015352536155725603,-0.09078322001876471,0.3425196850393701,1.925084553594959,0.2283464566929134
0.8,10,deep_slow,0.5,2.5,0.5,24,0.02386910511055699,307,0.05516770739795763,0.0012023374514738006,0.020661677554748976,-0.0647274483363186,0.19218241042345277,4.217528969015923,0.1791530944625407
0.9,12,deep_slow,0.8,1.0,0.75,12,0.03478537134288336,501,0.05088226539990044,0.001162794614652407,0.016913708441971743,-0.0764699665206422,0.4491017964071856,1.2361777398182734,0.4471057884231537
0.95,12,deep_slow,0.8,1.0,0.75,12,0.03478537134288336,501,0.05088226539990044,0.001162794614652407,0.016913708441971743,-0.0764699665206422,0.4491017964071856,1.2361777398182734,0.4471057884231537
0.8,10,shallow,0.8,1.5,0.5,24,0.04189406605295098,483,0.05027325340459124,0.0011268465200673372,0.020400904665758113,-0.061438583502474664,0.2712215320910973,2.7202874489766757,0.2712215320910973
0.8,10,deep_slow,0.4,2.0,1.5,12,0.02012685895493155,203,0.04996129640128834,0.0010806167615475815,0.019634710614645848,-0.061216982934544584,0.46798029556650245,1.1386812717884285,0.35960591133004927
0.8,10,shallow,0.7,2.0,0.75,12,0.034650808039162956,331,0.04935540186940303,0.0010738612242602308,0.012240132936198387,-0.09758579142297885,0.3081570996978852,2.250272052882576,0.24773413897280966
0.85,11,shallow,0.4,2.0,1.0,12,0.014641812176194218,242,0.04870321958933689,0.0010381044027751862,0.013372880029218322,-0.08634551336293916,0.3677685950413223,1.7236295387289975,0.2892561983471074
0.85,11,base,0.8,2.5,0.5,24,0.037861802141293005,364,0.04768194835981503,0.0009936902634288813,0.01309227537175588,-0.08442255910535124,0.18681318681318682,4.344086677603533,0.17582417582417584
0.85,11,base,0.6,1.0,0.5,12,0.02743703889797145,509,0.0472463996719416,0.0009914396012185023,0.025131150146763294,-0.043880993520131084,0.35952848722986247,1.7978593365671458,0.35952848722986247
0.85,11,base,0.6,1.0,0.5,24,0.02743703889797145,509,0.0472463996719416,0.0009914396012185023,0.025131150146763294,-0.043880993520131084,0.35952848722986247,1.7978593365671458,0.35952848722986247
0.9,12,deep_slow,0.8,1.5,0.5,12,0.03478537134288336,472,0.046941565999387654,0.0009873743936150703,0.015145899024606646,-0.07251189564360827,0.2775423728813559,2.6348711555302122,0.2627118644067797
0.95,12,deep_slow,0.8,1.5,0.5,12,0.03478537134288336,472,0.046941565999387654,0.0009873743936150703,0.015145899024606646,-0.07251189564360827,0.2775423728813559,2.6348711555302122,0.2627118644067797
0.85,11,shallow,0.8,1.5,0.75,24,0.04206355121771392,409,0.04627084600184193,0.0009593086340127233,0.01774223910352092,-0.06014114577159935,0.35207823960880197,1.8604233693628949,0.35207823960880197
0.8,10,base,0.7,1.0,0.75,24,0.034786761033208866,469,0.045426223861760796,0.0009266283536928377,0.01683713653774302,-0.06121506675432864,0.44989339019189767,1.2322872695233036,0.44989339019189767
0.9,12,base,0.4,1.5,0.75,24,0.01632796766513659,305,0.045128419061662095,0.0009049034711823278,0.018734600306161257,-0.053725228235222966,0.35081967213114756,1.854576631372405,0.35081967213114756
0.95,12,base,0.4,1.5,0.75,24,0.01632796766513659,305,0.045128419061662095,0.0009049034711823278,0.018734600306161257,-0.053725228235222966,0.35081967213114756,1.854576631372405,0.35081967213114756
0.85,11,shallow,0.7,4.0,1.5,24,0.03422839379787348,152,0.046925645428050555,0.0008877195619845235,0.008964233724968471,-0.11014952971560066,0.34868421052631576,1.8657198736943426,0.17105263157894737
0.9,12,shallow,0.7,4.0,1.5,24,0.033289881212306936,154,0.0460858114945222,0.0008802095339681681,0.0097151115986958,-0.10077623291036486,0.33766233766233766,1.9592051841043945,0.18181818181818182
0.95,12,shallow,0.7,4.0,1.5,24,0.033289881212306936,154,0.0460858114945222,0.0008802095339681681,0.0097151115986958,-0.10077623291036486,0.33766233766233766,1.9592051841043945,0.18181818181818182
0.9,12,base,0.4,4.0,2.0,24,0.01632796766513659,112,0.04934219959910852,0.000870358893225065,0.010528139352189082,-0.09195309513223804,0.44642857142857145,1.2381403392142327,0.20535714285714285
0.95,12,base,0.4,4.0,2.0,24,0.01632796766513659,112,0.04934219959910852,0.000870358893225065,0.010528139352189082,-0.09195309513223804,0.44642857142857145,1.2381403392142327,0.20535714285714285
0.8,10,shallow,0.8,1.5,0.75,12,0.04189406605295098,412,0.04382371670464581,0.0008538333083845107,0.014142755335022053,-0.06715189418909917,0.3567961165048544,1.8223185463848364,0.33980582524271846
0.8,10,deep_slow,0.8,1.5,0.5,6,0.03652372924092767,516,0.04351272384801482,0.0008506114038540069,0.016880955781326232,-0.056047118968296505,0.29844961240310075,2.378203451331376,0.24612403100775193
0.8,10,deep_slow,0.6,2.0,1.5,12,0.027441884318986948,227,0.042904305591861265,0.000828726659074297,0.010553685277418177,-0.08734252891600791,0.45374449339207046,1.2049417495133536,0.34801762114537443
0.9,12,base,0.6,1.5,1.0,6,0.024507847669689414,354,0.0427502360367056,0.0008159875212205847,0.017212972428021858,-0.05272856172344931,0.4378531073446328,1.285989114111365,0.3305084745762712
0.95,12,base,0.6,1.5,1.0,6,0.024507847669689414,354,0.0427502360367056,0.0008159875212205847,0.017212972428021858,-0.05272856172344931,0.4378531073446328,1.285989114111365,0.3305084745762712
0.9,12,shallow,0.5,2.0,0.75,6,0.022171242241514764,316,0.042277855660684045,0.0008049030323431516,0.0182312149570066,-0.049107289416069344,0.36075949367088606,1.7755255045938276,0.19936708860759494
0.95,12,shallow,0.5,2.0,0.75,6,0.022171242241514764,316,0.042277855660684045,0.0008049030323431516,0.0182312149570066,-0.049107289416069344,0.36075949367088606,1.7755255045938276,0.19936708860759494
0.9,12,base,0.4,2.5,1.5,6,0.01632796766513659,237,0.041727316884452796,0.0007826362953342603,0.009481752256291198,-0.09180975950957748,0.459915611814346,1.1742138146653627,0.15611814345991562
0.95,12,base,0.4,2.5,1.5,6,0.01632796766513659,237,0.041727316884452796,0.0007826362953342603,0.009481752256291198,-0.09180975950957748,0.459915611814346,1.1742138146653627,0.15611814345991562
0.85,11,base,0.8,1.5,0.5,24,0.037861802141293005,484,0.04085463318653074,0.0007443569042351328,0.011983341357519241,-0.06909073715938918,0.26859504132231404,2.7544519145464506,0.26859504132231404
0.9,12,deep_slow,0.5,2.0,0.75,12,0.02263787441816482,294,0.03979827033198637,0.0007131978579555387,0.010286768870824954,-0.07711641384378953,0.30612244897959184,2.2705745034042875,0.25510204081632654
0.95,12,deep_slow,0.5,2.0,0.75,12,0.02263787441816482,294,0.03979827033198637,0.0007131978579555387,0.010286768870824954,-0.07711641384378953,0.30612244897959184,2.2705745034042875,0.25510204081632654
0.8,10,base,0.6,1.5,1.0,24,0.028890652717152483,316,0.039328298452115565,0.0006824918614016795,0.010958836633397962,-0.06927045704640444,0.41455696202531644,1.4279711766143204,0.41455696202531644
0.85,11,shallow,0.7,3.0,2.0,24,0.03422839379787348,141,0.038845410888566606,0.0006702710341162099,0.008231977794887397,-0.09056512539446837,0.44680851063829785,1.2386028359256622,0.2978723404255319
0.85,11,base,0.4,2.0,1.5,6,0.018069504979977443,243,0.038534490885796975,0.0006656557710984501,0.01438977883019445,-0.05145294075822704,0.48148148148148145,1.0775376192781148,0.22633744855967078
0.9,12,deep_slow,0.5,1.5,0.75,24,0.02263787441816482,339,0.03830856581788026,0.0006511577800378809,0.011374188767438401,-0.0636766295804958,0.35103244837758113,1.8513592742211675,0.35103244837758113
0.95,12,deep_slow,0.5,1.5,0.75,24,0.02263787441816482,339,0.03830856581788026,0.0006511577800378809,0.011374188767438401,-0.0636766295804958,0.35103244837758113,1.8513592742211675,0.35103244837758113
0.9,12,shallow,0.8,3.0,2.0,12,0.04167225887876418,186,0.037046219206998035,0.0006156921277555849,0.007701397967741269,-0.08892163437334977,0.478494623655914,1.090397578025727,0.20967741935483872
0.95,12,shallow,0.8,3.0,2.0,12,0.04167225887876418,186,0.037046219206998035,0.0006156921277555849,0.007701397967741269,-0.08892163437334977,0.478494623655914,1.090397578025727,0.20967741935483872
0.8,10,deep_slow,0.8,2.0,0.75,6,0.03652372924092767,391,0.03742593022260049,0.0006076091254394456,0.007610617083187538,-0.08880095183362968,0.35294117647058826,1.8355603293988958,0.1969309462915601
0.85,11,base,0.4,1.5,1.0,6,0.018069504979977443,302,0.03463574481171202,0.0005047886133431323,0.01658064205011596,-0.033862491252182436,0.44370860927152317,1.255252005872615,0.33112582781456956
0.8,10,deep_slow,0.6,3.0,1.0,24,0.027441884318986948,204,0.033242334173892975,0.0004939092116065247,0.0058863010065420066,-0.09332867364917596,0.28431372549019607,2.52039175976319,0.22058823529411764
0.85,11,shallow,0.5,3.0,1.0,12,0.021430229292638114,230,0.03178888388742394,0.00044327540770305873,0.007616083789560682,-0.06473678471204714,0.32608695652173914,2.0689752789559064,0.17391304347826086
0.8,10,shallow,0.4,2.0,0.5,6,0.016624676068168656,343,0.03090169000234676,0.0004154444640576127,0.011077835241775181,-0.0417125362711922,0.2565597667638484,2.901191652904785,0.16034985422740525
0.85,11,shallow,0.7,2.0,1.5,6,0.03422839379787348,291,0.03215833330943586,0.0003813990261343214,0.004172793843891336,-0.10166239669514743,0.4742268041237113,1.1085431899182223,0.21993127147766323
0.85,11,base,0.5,4.0,2.0,24,0.022967702564092134,120,0.029039235032671612,0.0003722911267969309,0.004118416934903665,-0.10054485348554254,0.4166666666666667,1.3960201713307743,0.2
0.85,11,deep_slow,0.4,1.0,0.75,6,0.015505342952291496,370,0.030227541347622122,0.00035610841287891937,0.010505279487430694,-0.03770350279777546,0.4540540540540541,1.203425333000325,0.43513513513513513
0.85,11,base,0.6,2.5,1.5,12,0.02743703889797145,215,0.030304072772615882,0.00033637329387459225,0.004137273295230444,-0.09043028386164742,0.4325581395348837,1.310598947164301,0.25116279069767444
0.9,12,shallow,0.6,2.5,0.75,12,0.02729219059178709,286,0.027771633739360528,0.00027567314823429,0.003694952197883946,-0.08298331094283762,0.28321678321678323,2.5325405997799373,0.1958041958041958
0.95,12,shallow,0.6,2.5,0.75,12,0.02729219059178709,286,0.027771633739360528,0.00027567314823429,0.003694952197883946,-0.08298331094283762,0.28321678321678323,2.5325405997799373,0.1958041958041958
0.8,10,deep_slow,0.7,2.5,1.0,6,0.03201506443356151,322,0.029591115750942372,0.0002722017474146021,0.003067459548802725,-0.09869998732805663,0.3944099378881988,1.5363053307920762,0.15217391304347827
0.85,11,base,0.6,2.0,0.75,24,0.02743703889797145,308,0.027461212703858227,0.00026411350231847486,0.004000505971348178,-0.07343118159149964,0.2922077922077922,2.4600801699427417,0.2857142857142857
0.9,12,shallow,0.4,2.5,2.0,12,0.01727300411761307,159,0.02492264028193998,0.00024130712170000734,0.004597294869058774,-0.058381071126228035,0.48427672955974843,1.0643376137823386,0.27672955974842767
0.95,12,shallow,0.4,2.5,2.0,12,0.01727300411761307,159,0.02492264028193998,0.00024130712170000734,0.004597294869058774,-0.058381071126228035,0.48427672955974843,1.0643376137823386,0.27672955974842767
0.85,11,shallow,0.8,1.5,0.5,6,0.04206355121771392,514,0.02791254122172992,0.00020677777623800964,0.0037267203481991785,-0.061713544946384036,0.29766536964980544,2.3841753670795884,0.245136186770428
0.85,11,shallow,0.4,2.0,0.5,24,0.014641812176194218,318,0.02285977330313867,0.0001540615251220956,0.0035767934692198583,-0.04790738682519735,0.22012578616352202,3.54441380054455,0.2169811320754717
0.85,11,deep_slow,0.7,1.5,0.75,24,0.032567944659426015,385,0.026783694021000202,0.00013944058225034972,0.0022880950344504433,-0.06778239750032211,0.34805194805194806,1.8736315708946398,0.34805194805194806
0.85,11,base,0.8,3.0,2.0,24,0.037861802141293005,144,0.021450444272218056,0.0001346595418034724,0.0016560620345829652,-0.09044034532237322,0.4375,1.2844715146353314,0.2986111111111111
0.85,11,deep_slow,0.5,1.5,1.0,6,0.02084289794941308,335,0.02539085333264768,9.408047971470879e-05,0.0017608353913173707,-0.05942667836977589,0.44776119402985076,1.2335780925732707,0.33432835820895523
0.8,10,deep_slow,0.6,2.5,0.75,24,0.027441884318986948,278,0.021373717618517033,2.953713488751397e-05,0.00041743789599649965,-0.07870015942031139,0.24820143884892087,3.0291938895239796,0.23381294964028776
0.8,10,shallow,0.8,1.5,0.5,12,0.04189406605295098,488,0.023244648124629133,2.173831664298298e-05,0.00038477027962806196,-0.06283813978545716,0.2766393442622951,2.641444718876981,0.26434426229508196
0.8,10,deep_slow,0.6,1.0,0.75,24,0.027441884318986948,455,0.022458920520226185,-4.299948966013378e-05,-0.00084734409259773,-0.05644179874144173,0.45054945054945056,1.2194116888291013,0.45054945054945056
0.8,10,base,0.4,2.5,0.5,24,0.018576634829056745,304,0.01598363526592858,-5.5450289892289284e-05,-0.0013973510809565026,-0.04413624004413741,0.1875,4.332653881712272,0.18092105263157895
0.8,10,shallow,0.4,3.0,2.5,24,0.016624676068168656,119,0.014231427571033689,-7.187989063128786e-05,-0.0009578703434205082,-0.08346364114380933,0.46218487394957986,1.161680668169435,0.33613445378151263
0.9,12,deep_slow,0.8,2.0,1.0,24,0.03478537134288336,273,0.01946991970787521,-8.537432077837526e-05,-0.0009786914677611972,-0.09702368767041814,0.34065934065934067,1.962028069060439,0.3333333333333333
0.95,12,deep_slow,0.8,2.0,1.0,24,0.03478537134288336,273,0.01946991970787521,-8.537432077837526e-05,-0.0009786914677611972,-0.09702368767041814,0.34065934065934067,1.962028069060439,0.3333333333333333
0.8,10,deep_slow,0.6,2.5,1.5,12,0.027441884318986948,211,0.017168227109095668,-0.00019292841589224619,-0.002295963525627316,-0.09345981353044452,0.4265402843601896,1.3415378019620536,0.24644549763033174
0.9,12,base,0.6,2.0,1.0,6,0.024507847669689414,317,0.016977307306002845,-0.00020046456951317015,-0.0025468250560599665,-0.08754513653781137,0.41009463722397477,1.437824958672882,0.19873817034700317
0.95,12,base,0.6,2.0,1.0,6,0.024507847669689414,317,0.016977307306002845,-0.00020046456951317015,-0.0025468250560599665,-0.08754513653781137,0.41009463722397477,1.437824958672882,0.19873817034700317
0.8,10,base,0.8,2.5,0.75,12,0.041557390516231536,321,0.016527839608430624,-0.00020357108964963455,-0.0024770264325328193,-0.09140688246942874,0.2803738317757009,2.5674633174904087,0.19314641744548286
0.9,12,base,0.5,1.5,0.75,6,0.020354141462207622,365,0.015082266132695888,-0.00025533862681836883,-0.0043308844559279925,-0.06557406337883498,0.37534246575342467,1.663289369314994,0.3013698630136986
0.95,12,base,0.5,1.5,0.75,6,0.020354141462207622,365,0.015082266132695888,-0.00025533862681836883,-0.0043308844559279925,-0.06557406337883498,0.37534246575342467,1.663289369314994,0.3013698630136986
0.8,10,deep_slow,0.4,1.5,0.5,24,0.02012685895493155,359,0.01141537512075046,-0.000289960566163594,-0.008841372814027242,-0.03647628213261822,0.26740947075208915,2.737478257442812,0.26740947075208915
0.9,12,base,0.5,3.0,1.5,12,0.020354141462207622,189,0.007865983309884824,-0.0003212804853653939,-0.0037899394444881876,-0.09428500833737563,0.3968253968253968,1.5158823396821786,0.19047619047619047
0.95,12,base,0.5,3.0,1.5,12,0.020354141462207622,189,0.007865983309884824,-0.0003212804853653939,-0.0037899394444881876,-0.09428500833737563,0.3968253968253968,1.5158823396821786,0.19047619047619047
0.8,10,base,0.8,3.0,1.0,12,0.041557390516231536,263,0.011091387033357887,-0.00033163675837344364,-0.003495558125367891,-0.10552040472919366,0.33460076045627374,1.9863492355619794,0.1634980988593156
0.9,12,deep_slow,0.7,2.0,0.75,6,0.03039343375568873,373,0.013933509264756476,-0.00036147232313599176,-0.0046628390498305115,-0.08622122979976166,0.3512064343163539,1.8587409731705793,0.1903485254691689
0.95,12,deep_slow,0.7,2.0,0.75,6,0.03039343375568873,373,0.013933509264756476,-0.00036147232313599176,-0.0046628390498305115,-0.08622122979976166,0.3512064343163539,1.8587409731705793,0.1903485254691689
0.9,12,base,0.4,3.0,0.75,24,0.01632796766513659,220,0.0005155335504722907,-0.00041763379897519215,-0.005151699944797114,-0.09016402633596188,0.22727272727272727,3.39582995139307,0.18636363636363637
0.95,12,base,0.4,3.0,0.75,24,0.01632796766513659,220,0.0005155335504722907,-0.00041763379897519215,-0.005151699944797114,-0.09016402633596188,0.22727272727272727,3.39582995139307,0.18636363636363637
0.9,12,deep_slow,0.5,1.0,0.5,12,0.02263787441816482,465,0.007226794077891333,-0.00045435399769755414,-0.010117512006755024,-0.04994683213973772,0.35913978494623655,1.7825068488322608,0.35913978494623655
0.9,12,deep_slow,0.5,1.0,0.5,24,0.02263787441816482,465,0.007226794077891333,-0.00045435399769755414,-0.010117512006755024,-0.04994683213973772,0.35913978494623655,1.7825068488322608,0.35913978494623655
0.95,12,deep_slow,0.5,1.0,0.5,12,0.02263787441816482,465,0.007226794077891333,-0.00045435399769755414,-0.010117512006755024,-0.04994683213973772,0.35913978494623655,1.7825068488322608,0.35913978494623655
0.95,12,deep_slow,0.5,1.0,0.5,24,0.02263787441816482,465,0.007226794077891333,-0.00045435399769755414,-0.010117512006755024,-0.04994683213973772,0.35913978494623655,1.7825068488322608,0.35913978494623655
0.8,10,base,0.6,1.0,0.5,12,0.028890652717152483,514,0.009422144373067081,-0.00045751000850813295,-0.014600989168769113,-0.03485022342594002,0.3638132295719844,1.759274276719111,0.3638132295719844
0.8,10,base,0.6,1.0,0.5,24,0.028890652717152483,514,0.009422144373067081,-0.00045751000850813295,-0.014600989168769113,-0.03485022342594002,0.3638132295719844,1.759274276719111,0.3638132295719844
0.9,12,shallow,0.8,1.5,1.0,12,0.04167225887876418,346,0.011905929634670895,-0.00047646510891952154,-0.006422660114475205,-0.0825093085344033,0.4190751445086705,1.3978341293823355,0.3901734104046243
0.95,12,shallow,0.8,1.5,1.0,12,0.04167225887876418,346,0.011905929634670895,-0.00047646510891952154,-0.006422660114475205,-0.0825093085344033,0.4190751445086705,1.3978341293823355,0.3901734104046243
0.85,11,shallow,0.4,2.0,1.0,24,0.014641812176194218,222,0.0038861834629479387,-0.0005633797211851421,-0.0070708728121712,-0.08861614438570442,0.34234234234234234,1.9182400438173053,0.32882882882882886
0.9,12,base,0.8,2.0,0.5,24,0.03553384163128094,399,0.0006409243325217383,-0.0007409048068035551,-0.011344081035750818,-0.07263959745630477,0.21553884711779447,3.6898407422263815,0.21303258145363407
0.95,12,base,0.8,2.0,0.5,24,0.03553384163128094,399,0.0006409243325217383,-0.0007409048068035551,-0.011344081035750818,-0.07263959745630477,0.21553884711779447,3.6898407422263815,0.21303258145363407
0.9,12,deep_slow,0.6,2.5,1.5,6,0.026488612559532297,273,0.003804210166203897,-0.0007981220132038391,-0.008574872938569547,-0.103519111861189,0.46153846153846156,1.1627203756115945,0.16483516483516483
0.95,12,deep_slow,0.6,2.5,1.5,6,0.026488612559532297,273,0.003804210166203897,-0.0007981220132038391,-0.008574872938569547,-0.103519111861189,0.46153846153846156,1.1627203756115945,0.16483516483516483
0.8,10,deep_slow,0.4,4.0,2.0,24,0.02012685895493155,115,-0.013279218723612067,-0.0008121829430317584,-0.010430330121977664,-0.08660329358111185,0.4260869565217391,1.3379613794403733,0.19130434782608696
0.8,10,shallow,0.6,3.0,2.0,24,0.0281987593635591,140,-0.009890266709372281,-0.0008158291051876265,-0.009383552526544763,-0.09669642439180226,0.44285714285714284,1.2536308135841676,0.29285714285714287
0.8,10,shallow,0.6,2.0,0.75,12,0.0281987593635591,317,-0.0018491598925172682,-0.0008304597430095484,-0.010070406704686292,-0.09171697598334894,0.3028391167192429,2.297803802896919,0.24605678233438485
0.9,12,deep_slow,0.8,4.0,2.5,24,0.03478537134288336,113,-0.012861652082580943,-0.0008326331653504271,-0.010194231427488716,-0.09084004001745027,0.4690265486725664,1.1359537191966385,0.23008849557522124
0.95,12,deep_slow,0.8,4.0,2.5,24,0.03478537134288336,113,-0.012861652082580943,-0.0008326331653504271,-0.010194231427488716,-0.09084004001745027,0.4690265486725664,1.1359537191966385,0.23008849557522124
0.9,12,deep_slow,0.8,1.5,0.5,24,0.03478537134288336,467,-0.0005482069665653162,-0.0008723035025722803,-0.013603889319312714,-0.07131512682307461,0.2698072805139186,2.7290426533826158,0.2698072805139186
0.95,12,deep_slow,0.8,1.5,0.5,24,0.03478537134288336,467,-0.0005482069665653162,-0.0008723035025722803,-0.013603889319312714,-0.07131512682307461,0.2698072805139186,2.7290426533826158,0.2698072805139186
0.9,12,shallow,0.8,2.0,0.5,24,0.04167225887876418,393,-0.004389888854730357,-0.0008836935926204159,-0.013732293955176054,-0.0715707336950352,0.21374045801526717,3.729154682564678,0.21374045801526717
0.95,12,shallow,0.8,2.0,0.5,24,0.04167225887876418,393,-0.004389888854730357,-0.0008836935926204159,-0.013732293955176054,-0.0715707336950352,0.21374045801526717,3.729154682564678,0.21374045801526717
0.85,11,base,0.7,3.0,2.5,24,0.03218380161661132,130,-0.011686320251510885,-0.00090383367259117,-0.010421872216376221,-0.09645375433616055,0.5,0.9962148909419482,0.33076923076923076
0.9,12,deep_slow,0.7,2.0,1.5,12,0.03039343375568873,245,-0.00023279673116108468,-0.0009360252053032259,-0.009867544356432757,-0.10550038263075145,0.4448979591836735,1.2441888550234657,0.3346938775510204
0.95,12,deep_slow,0.7,2.0,1.5,12,0.03039343375568873,245,-0.00023279673116108468,-0.0009360252053032259,-0.009867544356432757,-0.10550038263075145,0.4448979591836735,1.2441888550234657,0.3346938775510204
0.85,11,shallow,0.4,3.0,1.5,24,0.014641812176194218,146,-0.02251437017217367,-0.0010502987157092747,-0.014380534157324085,-0.08122890671794436,0.3767123287671233,1.6305624444516489,0.2602739726027397
0.85,11,base,0.4,3.0,2.0,24,0.018069504979977443,124,-0.02534492099002804,-0.0010549534085327883,-0.015008244637585955,-0.07817647021539853,0.4435483870967742,1.2486500665263665,0.29838709677419356
0.8,10,base,0.7,1.0,0.75,12,0.034786761033208866,469,-0.0009984950062354374,-0.0010557125636038167,-0.018603819938564414,-0.06311262182344712,0.44989339019189767,1.2278042609137236,0.44776119402985076
0.85,11,shallow,0.5,2.0,1.0,24,0.021430229292638114,234,-0.009269846033488531,-0.0010833657036654065,-0.015132073676032604,-0.07962484882943077,0.3418803418803419,1.9198686866598205,0.3247863247863248
0.8,10,deep_slow,0.7,2.5,1.0,24,0.03201506443356151,243,-0.005189275609723738,-0.0011077736277150807,-0.010984759659317668,-0.1121584121812802,0.3045267489711934,2.2782170720055905,0.2674897119341564
0.9,12,base,0.7,1.0,0.75,6,0.029700257367501218,489,-0.006130045038938593,-0.0012751952278970968,-0.024902278415684043,-0.05695146504546855,0.4539877300613497,1.2072114996664602,0.4335378323108384
0.95,12,base,0.7,1.0,0.75,6,0.029700257367501218,489,-0.006130045038938593,-0.0012751952278970968,-0.024902278415684043,-0.05695146504546855,0.4539877300613497,1.2072114996664602,0.4335378323108384
0.9,12,base,0.4,2.5,0.75,24,0.01632796766513659,251,-0.019722794544578627,-0.0012774300557136797,-0.015634390192475388,-0.09087060826980908,0.24302788844621515,3.104339774662528,0.23107569721115537
0.95,12,base,0.4,2.5,0.75,24,0.01632796766513659,251,-0.019722794544578627,-0.0012774300557136797,-0.015634390192475388,-0.09087060826980908,0.24302788844621515,3.104339774662528,0.23107569721115537
0.85,11,shallow,0.5,2.5,2.0,6,0.021430229292638114,247,-0.008733902483437295,-0.0012781485467351361,-0.016443681967949892,-0.08644691432623874,0.5020242914979757,0.9870367554181249,0.1700404858299595
0.85,11,shallow,0.5,1.0,0.5,12,0.021430229292638114,463,-0.015674588945272787,-0.0012797514934150822,-0.04099477188233789,-0.034718772805039655,0.3563714902807775,1.8005701845472357,0.3563714902807775
0.85,11,shallow,0.5,1.0,0.5,24,0.021430229292638114,463,-0.015674588945272787,-0.0012797514934150822,-0.04099477188233789,-0.034718772805039655,0.3563714902807775,1.8005701845472357,0.3563714902807775
0.9,12,deep_slow,0.8,1.0,0.75,6,0.03478537134288336,516,-0.004696548894025419,-0.001292008534074185,-0.018749161478388645,-0.07663910578361377,0.4496124031007752,1.228418168728283,0.42829457364341084
0.95,12,deep_slow,0.8,1.0,0.75,6,0.03478537134288336,516,-0.004696548894025419,-0.001292008534074185,-0.018749161478388645,-0.07663910578361377,0.4496124031007752,1.228418168728283,0.42829457364341084
0.85,11,base,0.4,1.0,0.5,12,0.018069504979977443,410,-0.02007740845906563,-0.0013045651440721784,-0.03477358017054809,-0.0417237134292473,0.35609756097560974,1.801878918458396,0.35609756097560974
0.85,11,base,0.4,1.0,0.5,24,0.018069504979977443,410,-0.02007740845906563,-0.0013045651440721784,-0.03477358017054809,-0.0417237134292473,0.35609756097560974,1.801878918458396,0.35609756097560974
0.85,11,shallow,0.6,1.0,0.75,12,0.026722697488877702,438,-0.011911335754689835,-0.0013792189666084198,-0.02761667520542213,-0.0555426500668168,0.4474885844748858,1.2394308963578329,0.4474885844748858
0.85,11,shallow,0.6,1.0,0.75,24,0.026722697488877702,438,-0.011911335754689835,-0.0013792189666084198,-0.02761667520542213,-0.0555426500668168,0.4474885844748858,1.2394308963578329,0.4474885844748858
0.85,11,deep_slow,0.6,2.5,1.5,6,0.02660926817449534,278,-0.011315417919313274,-0.0014019130183208217,-0.01599586047669603,-0.09747150600841581,0.460431654676259,1.1662965532990721,0.15827338129496402
0.8,10,deep_slow,0.8,3.0,0.75,24,0.03652372924092767,267,-0.023953401025623895,-0.0014273456248315997,-0.01652671923162182,-0.09605192955476693,0.2247191011235955,3.427451004084427,0.18352059925093633
0.8,10,shallow,0.8,2.5,0.75,24,0.04189406605295098,294,-0.018754071421196207,-0.001454158470171163,-0.015892003213987795,-0.10176443683432745,0.24829931972789115,3.0087435690378177,0.22789115646258504
0.85,11,shallow,0.4,1.5,0.75,24,0.014641812176194218,318,-0.019037558903455487,-0.0014971666110324966,-0.02940751626207001,-0.05662049717815232,0.34591194968553457,1.884315867029338,0.34591194968553457
0.8,10,deep_slow,0.8,2.0,0.75,12,0.03652372924092767,346,-0.017244615894869215,-0.0015168797279214719,-0.01967433211426497,-0.08574574130836765,0.3092485549132948,2.2267645570839583,0.24855491329479767
0.85,11,base,0.8,3.0,2.5,12,0.037861802141293005,169,-0.03692547761470027,-0.0015496268881163289,-0.020129662202064337,-0.08561527731590479,0.47928994082840237,1.0798064377159762,0.21301775147928995
0.8,10,deep_slow,0.6,2.5,2.0,24,0.027441884318986948,147,-0.02247920527735036,-0.0015614809119212092,-0.01980480636699855,-0.08768522105440169,0.46938775510204084,1.1245023499500437,0.3741496598639456
0.9,12,deep_slow,0.4,2.0,0.75,6,0.019103795708262847,296,-0.0253299735060126,-0.0016067601419995636,-0.02681126448754394,-0.06664889760905934,0.35135135135135137,1.8382764632439283,0.19932432432432431
0.95,12,deep_slow,0.4,2.0,0.75,6,0.019103795708262847,296,-0.0253299735060126,-0.0016067601419995636,-0.02681126448754394,-0.06664889760905934,0.35135135135135137,1.8382764632439283,0.19932432432432431
0.9,12,base,0.4,2.5,1.0,12,0.01632796766513659,223,-0.030615351166193114,-0.001616315208251784,-0.019881475171654377,-0.09041415722842971,0.32286995515695066,2.088172541081844,0.21973094170403587
0.95,12,base,0.4,2.5,1.0,12,0.01632796766513659,223,-0.030615351166193114,-0.001616315208251784,-0.019881475171654377,-0.09041415722842971,0.32286995515695066,2.088172541081844,0.21973094170403587
0.8,10,shallow,0.4,2.0,1.0,24,0.016624676068168656,223,-0.030050458501049135,-0.001702020892791145,-0.02434422536370336,-0.07775455143981569,0.34080717488789236,1.9257143794251765,0.3273542600896861
0.8,10,base,0.8,3.0,1.0,24,0.041557390516231536,226,-0.03487211283533331,-0.0017340472514063565,-0.017452845402924647,-0.11049707899669425,0.27876106194690264,2.5563158651458258,0.2168141592920354
0.9,12,shallow,0.8,1.0,0.75,24,0.04167225887876418,489,-0.017548983899840807,-0.0017632641585532127,-0.03308142187269772,-0.05927732690282883,0.44785276073619634,1.2362352686239488,0.44785276073619634
0.95,12,shallow,0.8,1.0,0.75,24,0.04167225887876418,489,-0.017548983899840807,-0.0017632641585532127,-0.03308142187269772,-0.05927732690282883,0.44785276073619634,1.2362352686239488,0.44785276073619634
0.85,11,deep_slow,0.4,3.0,1.0,24,0.015505342952291496,193,-0.03925696209702231,-0.001771690784943547,-0.035655731749827814,-0.05526036712271021,0.3005181347150259,2.3165999855234114,0.23834196891191708
0.9,12,shallow,0.6,1.0,0.75,6,0.02729219059178709,443,-0.024070155056538006,-0.0018548661003203737,-0.05147072244312635,-0.04007794673487608,0.45372460496614,1.1993689005685986,0.43115124153498874
0.95,12,shallow,0.6,1.0,0.75,6,0.02729219059178709,443,-0.024070155056538006,-0.0018548661003203737,-0.05147072244312635,-0.04007794673487608,0.45372460496614,1.1993689005685986,0.43115124153498874
0.9,12,base,0.4,1.5,0.75,12,0.01632796766513659,306,-0.03375553672333839,-0.0019317218653028823,-0.0391964697330643,-0.05480862794127506,0.35294117647058826,1.8246368428826356,0.3431372549019608
0.95,12,base,0.4,1.5,0.75,12,0.01632796766513659,306,-0.03375553672333839,-0.0019317218653028823,-0.0391964697330643,-0.05480862794127506,0.35294117647058826,1.8246368428826356,0.3431372549019608
0.8,10,deep_slow,0.6,1.0,0.75,12,0.027441884318986948,455,-0.02451337049383445,-0.002025340406956677,-0.03859309987813069,-0.05836296772830296,0.45054945054945056,1.2147781980984647,0.44835164835164837
0.9,12,deep_slow,0.8,2.0,0.5,12,0.03478537134288336,417,-0.035923773463699,-0.0020595074023621596,-0.029279724561338205,-0.07822481416020555,0.2278177458033573,3.4242179756822706,0.2014388489208633
0.95,12,deep_slow,0.8,2.0,0.5,12,0.03478537134288336,417,-0.035923773463699,-0.0020595074023621596,-0.029279724561338205,-0.07822481416020555,0.2278177458033573,3.4242179756822706,0.2014388489208633
0.8,10,base,0.7,4.0,2.0,24,0.034786761033208866,124,-0.06809524295122744,-0.0020882395619125083,-0.024179576258748215,-0.09604596007215016,0.4274193548387097,1.339309503683692,0.18548387096774194
0.85,11,base,0.4,3.0,2.0,12,0.018069504979977443,161,-0.05695947741044458,-0.0021220973010478428,-0.027969773013186542,-0.08437678885242927,0.4782608695652174,1.0879509986311964,0.19875776397515527
0.8,10,shallow,0.7,4.0,2.0,24,0.034650808039162956,126,-0.06384283213767705,-0.002182181965771135,-0.023483486864891955,-0.10334121324911905,0.4365079365079365,1.2902519665813232,0.18253968253968253
0.9,12,deep_slow,0.5,1.5,0.75,12,0.02263787441816482,342,-0.03839985812997638,-0.0023217396380591504,-0.039760427808173765,-0.06493879666288982,0.3567251461988304,1.794163015946669,0.34210526315789475
0.95,12,deep_slow,0.5,1.5,0.75,12,0.02263787441816482,342,-0.03839985812997638,-0.0023217396380591504,-0.039760427808173765,-0.06493879666288982,0.3567251461988304,1.794163015946669,0.34210526315789475
0.8,10,deep_slow,0.8,3.0,2.0,24,0.03652372924092767,147,-0.0540620550419215,-0.0023508469639144103,-0.02737522206360665,-0.09550096639400263,0.4489795918367347,1.2185464888806519,0.2925170068027211
0.8,10,base,0.4,2.5,0.75,24,0.018576634829056745,249,-0.05114811277543503,-0.002352885223780521,-0.04138702934417218,-0.06322334891634995,0.2570281124497992,2.8729097056585147,0.23694779116465864
0.8,10,shallow,0.4,2.0,1.5,24,0.016624676068168656,177,-0.051993949099658446,-0.0023535845116025023,-0.03040103363911192,-0.08609589390778738,0.4180790960451977,1.37868705136307,0.4067796610169492
0.85,11,base,0.6,2.0,1.0,12,0.02743703889797145,274,-0.0426634189374754,-0.002362483759559164,-0.03146484737326876,-0.08349951964813052,0.3722627737226277,1.70273153119471,0.28832116788321166
0.8,10,shallow,0.5,1.5,0.75,6,0.02225569419366929,362,-0.03933333959157581,-0.0024333073509462677,-0.051856841773330394,-0.052183109048434595,0.3756906077348066,1.652688329424996,0.3011049723756906
0.9,12,base,0.8,3.0,2.5,24,0.03553384163128094,132,-0.07055084930339985,-0.002515025037832408,-0.02827656254229329,-0.09891285809603878,0.4772727272727273,1.0864509326944836,0.3333333333333333
0.95,12,base,0.8,3.0,2.5,24,0.03553384163128094,132,-0.07055084930339985,-0.002515025037832408,-0.02827656254229329,-0.09891285809603878,0.4772727272727273,1.0864509326944836,0.3333333333333333
0.9,12,shallow,0.8,1.0,0.75,6,0.04167225887876418,506,-0.03472016452012427,-0.002536565493697851,-0.04797500200732382,-0.05879868371099828,0.44861660079051385,1.2307337445544941,0.4288537549407115
0.95,12,shallow,0.8,1.0,0.75,6,0.04167225887876418,506,-0.03472016452012427,-0.002536565493697851,-0.04797500200732382,-0.05879868371099828,0.44861660079051385,1.2307337445544941,0.4288537549407115
0.9,12,shallow,0.5,1.0,0.75,6,0.022171242241514764,409,-0.045769074961826445,-0.002580251773001252,-0.07441376676615638,-0.03856064193502318,0.4572127139364303,1.1803125259093703,0.4352078239608802
0.95,12,shallow,0.5,1.0,0.75,6,0.022171242241514764,409,-0.045769074961826445,-0.002580251773001252,-0.07441376676615638,-0.03856064193502318,0.4572127139364303,1.1803125259093703,0.4352078239608802
0.8,10,deep_slow,0.4,3.0,2.0,24,0.02012685895493155,132,-0.06147004110516316,-0.0026551949894031424,-0.03357214391913865,-0.08795306385310409,0.44696969696969696,1.2263937420553792,0.29545454545454547
0.8,10,deep_slow,0.4,2.0,1.0,12,0.02012685895493155,244,-0.05592324621777232,-0.0027390651299546986,-0.044520434519072304,-0.06841865715814544,0.3770491803278688,1.6408166159713817,0.28688524590163933
0.9,12,deep_slow,0.8,3.0,1.0,12,0.03478537134288336,257,-0.05873264613102493,-0.002761887521915307,-0.030602129839462668,-0.10036570940683909,0.31906614785992216,2.1197619724360157,0.15953307392996108
0.95,12,deep_slow,0.8,3.0,1.0,12,0.03478537134288336,257,-0.05873264613102493,-0.002761887521915307,-0.030602129839462668,-0.10036570940683909,0.31906614785992216,2.1197619724360157,0.15953307392996108
0.85,11,shallow,0.5,3.0,2.5,12,0.021430229292638114,155,-0.09604078742873816,-0.0028197001972050106,-0.031030729324090022,-0.10105098803157453,0.45161290322580644,1.2021268010909205,0.22580645161290322
0.85,11,shallow,0.7,2.0,1.5,12,0.03422839379787348,236,-0.04894226619811391,-0.0028240321006193225,-0.03227211914456915,-0.09731317706649878,0.4576271186440678,1.1770431585201147,0.3474576271186441
0.85,11,base,0.4,2.0,0.75,6,0.018069504979977443,306,-0.057233953987106484,-0.0028361350824763765,-0.08491978056516537,-0.03714045843458735,0.3366013071895425,1.956552046865618,0.20915032679738563
0.85,11,base,0.7,2.5,0.75,12,0.03218380161661132,314,-0.05431609028618944,-0.002857918790536762,-0.036420589287172414,-0.08726329243276132,0.267515923566879,2.7199414219718476,0.1910828025477707
0.85,11,shallow,0.5,1.0,0.5,6,0.021430229292638114,467,-0.05968164293934597,-0.0028857160132309545,-0.08973015639487542,-0.03576375946745192,0.35974304068522484,1.767491519596362,0.3490364025695932
0.8,10,deep_slow,0.7,3.0,2.0,12,0.03201506443356151,182,-0.07178085423455213,-0.0029102498783109,-0.034053571635280354,-0.09503750199365579,0.4835164835164835,1.0581763939645175,0.2032967032967033
0.85,11,shallow,0.7,3.0,1.5,24,0.03422839379787348,169,-0.0715765600615482,-0.0029723537674948286,-0.031366699163349,-0.10537984706594772,0.3727810650887574,1.653141947759733,0.2485207100591716
0.8,10,deep_slow,0.4,2.5,2.0,24,0.02012685895493155,138,-0.0697863610496417,-0.003002091823336328,-0.037031296916378104,-0.09015300518743374,0.45652173913043476,1.1766571327490745,0.36231884057971014
0.8,10,deep_slow,0.7,2.5,1.5,24,0.03201506443356151,187,-0.060350543741518735,-0.0030277831271222633,-0.032410298214922764,-0.10388821128711667,0.3850267379679144,1.5715843351710712,0.32620320855614976
0.9,12,deep_slow,0.5,3.0,0.75,24,0.02263787441816482,238,-0.08593511037723334,-0.003059558673313423,-0.04179242044656423,-0.08141136136699167,0.23109243697478993,3.300228425278542,0.19327731092436976
0.95,12,deep_slow,0.5,3.0,0.75,24,0.02263787441816482,238,-0.08593511037723334,-0.003059558673313423,-0.04179242044656423,-0.08141136136699167,0.23109243697478993,3.300228425278542,0.19327731092436976
0.9,12,shallow,0.5,2.0,1.5,12,0.022171242241514764,212,-0.0669851928879819,-0.0030778212532170945,-0.03643739294078131,-0.09393326273103775,0.4528301886792453,1.1980543223771987,0.33490566037735847
0.95,12,shallow,0.5,2.0,1.5,12,0.022171242241514764,212,-0.0669851928879819,-0.0030778212532170945,-0.03643739294078131,-0.09393326273103775,0.4528301886792453,1.1980543223771987,0.33490566037735847
0.85,11,base,0.4,1.5,0.75,6,0.018069504979977443,330,-0.06296296794436146,-0.0031933849121256186,-0.09166391941890051,-0.03874122357576737,0.3696969696969697,1.6915925281098534,0.30606060606060603
0.9,12,base,0.7,1.0,0.5,12,0.029700257367501218,551,-0.06032676574850927,-0.003224113903898762,-0.0674744633030207,-0.053136222192113225,0.35571687840290384,1.811908217739379,0.35571687840290384
0.9,12,base,0.7,1.0,0.5,24,0.029700257367501218,551,-0.06032676574850927,-0.003224113903898762,-0.0674744633030207,-0.053136222192113225,0.35571687840290384,1.811908217739379,0.35571687840290384
0.95,12,base,0.7,1.0,0.5,12,0.029700257367501218,551,-0.06032676574850927,-0.003224113903898762,-0.0674744633030207,-0.053136222192113225,0.35571687840290384,1.811908217739379,0.35571687840290384
0.95,12,base,0.7,1.0,0.5,24,0.029700257367501218,551,-0.06032676574850927,-0.003224113903898762,-0.0674744633030207,-0.053136222192113225,0.35571687840290384,1.811908217739379,0.35571687840290384
0.85,11,shallow,0.5,2.0,1.5,6,0.021430229292638114,268,-0.059299224656277565,-0.0032288388615137054,-0.04874962851222196,-0.07365371929147468,0.4664179104477612,1.1343036775983437,0.22014925373134328
0.8,10,deep_slow,0.5,2.0,1.0,24,0.02386910511055699,233,-0.07386375713351517,-0.0033166492674218118,-0.04147372904219749,-0.08892910842429269,0.33905579399141633,1.9338133501666028,0.33047210300429186
0.8,10,base,0.7,2.5,0.75,24,0.034786761033208866,284,-0.07497456564509515,-0.0034318093542732298,-0.03998453462786685,-0.09544337136320236,0.25,2.9585180180526947,0.22887323943661972
0.8,10,shallow,0.7,3.0,2.0,24,0.034650808039162956,143,-0.09217029111544944,-0.0034501750859644575,-0.04067621361603848,-0.09432239731883907,0.44755244755244755,1.22168558208552,0.2867132867132867
0.8,10,deep_slow,0.5,2.0,1.0,12,0.02386910511055699,260,-0.07255294947345764,-0.0034661555382788922,-0.04980760746081994,-0.07738667570762925,0.3730769230769231,1.6668696674526553,0.29615384615384616
0.9,12,base,0.6,4.0,2.5,24,0.024507847669689414,110,-0.11829983095426284,-0.0036014206152156225,-0.05093690407742473,-0.07862340013955027,0.4818181818181818,1.0596644640721424,0.22727272727272727
0.95,12,base,0.6,4.0,2.5,24,0.024507847669689414,110,-0.11829983095426284,-0.0036014206152156225,-0.05093690407742473,-0.07862340013955027,0.4818181818181818,1.0596644640721424,0.22727272727272727
0.85,11,shallow,0.5,2.5,0.75,12,0.021430229292638114,278,-0.0782600437388388,-0.003612298054830654,-0.05714045798807233,-0.07029915662689534,0.2733812949640288,2.634396905410172,0.1906474820143885
0.9,12,shallow,0.8,3.0,2.5,24,0.04167225887876418,128,-0.1040524508046739,-0.0036279061239923305,-0.04319966402552997,-0.09338681089810907,0.4609375,1.1560577641686252,0.328125
0.95,12,shallow,0.8,3.0,2.5,24,0.04167225887876418,128,-0.1040524508046739,-0.0036279061239923305,-0.04319966402552997,-0.09338681089810907,0.4609375,1.1560577641686252,0.328125
0.8,10,deep_slow,0.8,2.0,1.0,12,0.03652372924092767,300,-0.07014016908378404,-0.0037099164232390347,-0.03576944255105784,-0.11533465576821333,0.36333333333333334,1.7393147531403579,0.2833333333333333
0.85,11,shallow,0.5,2.5,0.75,24,0.021430229292638114,258,-0.0851912997414653,-0.0037171466315364388,-0.05614359617868,-0.07362361858576927,0.25193798449612403,2.941130673567218,0.2248062015503876
0.9,12,deep_slow,0.8,4.0,2.0,24,0.03478537134288336,129,-0.10971584971919661,-0.0037784223626144975,-0.038471144330475396,-0.10921482501783686,0.4186046511627907,1.382174662983333,0.17829457364341086
0.95,12,deep_slow,0.8,4.0,2.0,24,0.03478537134288336,129,-0.10971584971919661,-0.0037784223626144975,-0.038471144330475396,-0.10921482501783686,0.4186046511627907,1.382174662983333,0.17829457364341086
0.8,10,shallow,0.4,2.0,0.75,24,0.016624676068168656,265,-0.09111400555192083,-0.0038115246221116506,-0.056948515854421025,-0.07442549066554094,0.28679245283018867,2.4624808507637628,0.2792452830188679
0.85,11,base,0.7,2.5,0.75,24,0.03218380161661132,290,-0.08427148772081644,-0.0038268283790423574,-0.04782018963219662,-0.08898825799850785,0.24482758620689654,3.0401075888734703,0.22758620689655173
0.9,12,shallow,0.5,2.5,0.75,12,0.022171242241514764,278,-0.08704955533760352,-0.0038792620630609953,-0.06414562386068941,-0.06724899805514784,0.2697841726618705,2.6812734524764057,0.2014388489208633
0.95,12,shallow,0.5,2.5,0.75,12,0.022171242241514764,278,-0.08704955533760352,-0.0038792620630609953,-0.06414562386068941,-0.06724899805514784,0.2697841726618705,2.6812734524764057,0.2014388489208633
0.85,11,shallow,0.4,2.0,1.5,6,0.014641812176194218,252,-0.07946863466542724,-0.0038803694581527326,-0.04824545493135132,-0.08943764945126342,0.4722222222222222,1.1057116349495921,0.2261904761904762
0.8,10,shallow,0.4,2.0,1.5,6,0.016624676068168656,249,-0.08406131463573958,-0.003883450151962231,-0.0526071381903255,-0.08208743544731611,0.4859437751004016,1.0468492937375562,0.21686746987951808
0.9,12,deep_slow,0.4,2.0,0.75,12,0.019103795708262847,271,-0.09396891714678203,-0.003937252525541668,-0.059478828644085525,-0.07360938315335519,0.2988929889298893,2.32175015208206,0.25461254612546125
0.95,12,deep_slow,0.4,2.0,0.75,12,0.019103795708262847,271,-0.09396891714678203,-0.003937252525541668,-0.059478828644085525,-0.07360938315335519,0.2988929889298893,2.32175015208206,0.25461254612546125
0.85,11,shallow,0.4,3.0,1.0,24,0.014641812176194218,188,-0.11863032169387928,-0.004002377178952465,-0.053045846948515336,-0.08390104103502172,0.2872340425531915,2.4536666115667263,0.21808510638297873
0.8,10,deep_slow,0.5,4.0,2.5,24,0.02386910511055699,105,-0.1380513010682325,-0.004053292830468624,-0.04763730549296506,-0.09461506055278113,0.4666666666666667,1.1357825993977477,0.22857142857142856
0.9,12,shallow,0.6,3.0,1.0,12,0.02729219059178709,235,-0.10568965824331411,-0.0040942488004914734,-0.055103423302951954,-0.08262170045062633,0.3148936170212766,2.160065462512248,0.17446808510638298
0.95,12,shallow,0.6,3.0,1.0,12,0.02729219059178709,235,-0.10568965824331411,-0.0040942488004914734,-0.055103423302951954,-0.08262170045062633,0.3148936170212766,2.160065462512248,0.17446808510638298
0.85,11,deep_slow,0.5,2.5,2.0,24,0.02084289794941308,142,-0.10079404845322876,-0.004124311373036482,-0.06138614731419128,-0.07471001311645653,0.4647887323943662,1.137580524679272,0.36619718309859156
0.8,10,shallow,0.6,1.0,0.75,6,0.0281987593635591,456,-0.0782557890367339,-0.004146915884803981,-0.06569425987098666,-0.07019319228317633,0.43859649122807015,1.2695145287810912,0.4232456140350877
0.8,10,shallow,0.8,1.5,0.5,6,0.04189406605295098,513,-0.07810807443953445,-0.004158067288055012,-0.07106309725897965,-0.06506453047401928,0.2962962962962963,2.379699343162021,0.2475633528265107
0.9,12,base,0.8,1.5,1.0,12,0.03553384163128094,348,-0.07480533613315955,-0.004176097888221486,-0.057219068320514634,-0.0811570713405515,0.4166666666666667,1.402087985900379,0.3879310344827586
0.95,12,base,0.8,1.5,1.0,12,0.03553384163128094,348,-0.07480533613315955,-0.004176097888221486,-0.057219068320514634,-0.0811570713405515,0.4166666666666667,1.402087985900379,0.3879310344827586
0.8,10,shallow,0.4,1.0,0.5,12,0.016624676068168656,410,-0.10513725133706305,-0.004228664344019584,-0.11991514942776761,-0.03921248402143873,0.35853658536585364,1.7687012385045082,0.35853658536585364
0.8,10,shallow,0.4,1.0,0.5,24,0.016624676068168656,410,-0.10513725133706305,-0.004228664344019584,-0.11991514942776761,-0.03921248402143873,0.35853658536585364,1.7687012385045082,0.35853658536585364
0.8,10,shallow,0.8,2.0,0.75,24,0.04189406605295098,329,-0.0908460294315599,-0.004262675961563711,-0.0493045456865583,-0.09613681306312583,0.2826747720364742,2.550305251036662,0.2796352583586626
0.85,11,base,0.4,2.5,0.75,24,0.018069504979977443,241,-0.1100318886747485,-0.004322294991951248,-0.0895298092188662,-0.053683355057893456,0.2572614107883817,2.8536220608492386,0.23651452282157676
0.85,11,shallow,0.4,2.5,0.75,12,0.014641812176194218,263,-0.10472314577511734,-0.004325072756925508,-0.06790171051658027,-0.07082809163852943,0.2737642585551331,2.6233097185430045,0.20532319391634982
0.8,10,deep_slow,0.5,1.5,0.5,6,0.02386910511055699,411,-0.10115555786039228,-0.0043421066805847675,-0.12069225205057063,-0.040004930442697706,0.29927007299270075,2.3163114525302335,0.2384428223844282
0.8,10,base,0.8,2.0,1.0,6,0.041557390516231536,355,-0.0760339032995528,-0.004372762468730862,-0.0525861726678806,-0.09246470656550565,0.4056338028169014,1.4622065077108795,0.2056338028169014
0.85,11,base,0.6,2.5,2.0,6,0.02743703889797145,259,-0.08587452768872825,-0.004395926636725833,-0.05001951796165697,-0.09772418105490188,0.4942084942084942,1.011917265672184,0.1891891891891892
0.85,11,base,0.6,1.0,0.5,6,0.02743703889797145,515,-0.09599457749149601,-0.0044268597127530285,-0.11045755597683608,-0.04456466842125906,0.3592233009708738,1.7794284760639685,0.34951456310679613
0.8,10,base,0.6,1.0,0.5,6,0.028890652717152483,519,-0.09494435598810659,-0.004489165962100583,-0.1432349238296725,-0.03485022342594002,0.3622350674373796,1.756122818997235,0.35645472061657035
0.85,11,deep_slow,0.4,2.5,2.0,24,0.015505342952291496,140,-0.11647237298963638,-0.004524678988163777,-0.0749466829119424,-0.06713103074757765,0.4785714285714286,1.07509057589969,0.37857142857142856
0.8,10,deep_slow,0.8,2.0,0.5,12,0.03652372924092767,422,-0.10468040724045075,-0.004634268410609099,-0.0715053640653131,-0.07206557258336166,0.22985781990521326,3.3671532781070477,0.1966824644549763
0.85,11,base,0.8,3.0,1.5,24,0.037861802141293005,174,-0.1294850237369483,-0.0047731632406693425,-0.050730811310170626,-0.10462039702333892,0.367816091954023,1.6823864754337694,0.25287356321839083
0.9,12,deep_slow,0.5,3.0,1.0,24,0.02263787441816482,196,-0.14738030514794281,-0.004773816526299268,-0.0605873397876203,-0.08761242628062915,0.2857142857142857,2.4679541661242195,0.21428571428571427
0.95,12,deep_slow,0.5,3.0,1.0,24,0.02263787441816482,196,-0.14738030514794281,-0.004773816526299268,-0.0605873397876203,-0.08761242628062915,0.2857142857142857,2.4679541661242195,0.21428571428571427
0.8,10,deep_slow,0.4,2.5,0.75,24,0.02012685895493155,247,-0.11481547125958137,-0.004809011083318215,-0.07806377115562829,-0.06849947740354068,0.25101214574898784,2.9466268016585557,0.22672064777327935
0.85,11,shallow,0.8,1.5,1.0,6,0.04206355121771392,394,-0.08174770919813766,-0.004857698322714765,-0.07867924201597705,-0.06865152524223839,0.4365482233502538,1.2909942783842066,0.3299492385786802
0.8,10,deep_slow,0.7,4.0,2.0,24,0.03201506443356151,127,-0.16371901022331845,-0.00488073416785173,-0.04901340307164939,-0.11072598469176154,0.4330708661417323,1.298441363425261,0.18110236220472442
0.8,10,base,0.4,2.5,1.5,6,0.018576634829056745,247,-0.10412864459865093,-0.004881073739839814,-0.06288263615403275,-0.08631054816152794,0.46558704453441296,1.1360838037291843,0.17813765182186234
0.8,10,base,0.8,2.0,1.0,24,0.041557390516231536,276,-0.10287199725820258,-0.004883809822318397,-0.04793269587953719,-0.11329378005865531,0.3333333333333333,2.007360999144426,0.32971014492753625
0.9,12,base,0.8,4.0,2.0,24,0.03553384163128094,129,-0.16016895346582033,-0.004886938175645006,-0.05178482483984116,-0.1049333253158996,0.4108527131782946,1.422574283590219,0.17829457364341086
0.95,12,base,0.8,4.0,2.0,24,0.03553384163128094,129,-0.16016895346582033,-0.004886938175645006,-0.05178482483984116,-0.1049333253158996,0.4108527131782946,1.422574283590219,0.17829457364341086
0.9,12,shallow,0.5,3.0,0.75,12,0.022171242241514764,260,-0.1330445782024174,-0.004945123020222542,-0.0791668436457925,-0.06945626889522039,0.25384615384615383,2.902337152822607,0.15384615384615385
0.95,12,shallow,0.5,3.0,0.75,12,0.022171242241514764,260,-0.1330445782024174,-0.004945123020222542,-0.0791668436457925,-0.06945626889522039,0.25384615384615383,2.902337152822607,0.15384615384615385
0.9,12,deep_slow,0.8,2.0,0.75,12,0.03478537134288336,346,-0.10676042179817624,-0.005044859964731474,-0.062346952445803926,-0.08997236304388512,0.30346820809248554,2.302917355751554,0.25722543352601157
0.95,12,deep_slow,0.8,2.0,0.75,12,0.03478537134288336,346,-0.10676042179817624,-0.005044859964731474,-0.062346952445803926,-0.08997236304388512,0.30346820809248554,2.302917355751554,0.25722543352601157
0.8,10,base,0.8,2.0,0.75,24,0.041557390516231536,323,-0.10956080069932662,-0.005045810175046572,-0.0648710630697595,-0.08648785200142894,0.2848297213622291,2.519494873427267,0.2786377708978328
0.8,10,shallow,0.7,1.0,0.75,6,0.034650808039162956,488,-0.09510211471320527,-0.005079633720725951,-0.07416033152849494,-0.07616143632457573,0.444672131147541,1.2371830822893477,0.4262295081967213
0.9,12,deep_slow,0.8,1.5,1.0,24,0.03478537134288336,338,-0.09978564815650619,-0.005111066038376633,-0.06487711608585943,-0.08759787646652706,0.40532544378698226,1.4668183443319114,0.40532544378698226
0.95,12,deep_slow,0.8,1.5,1.0,24,0.03478537134288336,338,-0.09978564815650619,-0.005111066038376633,-0.06487711608585943,-0.08759787646652706,0.40532544378698226,1.4668183443319114,0.40532544378698226
0.9,12,deep_slow,0.5,3.0,1.5,12,0.02263787441816482,191,-0.13093553191945984,-0.00511855012904705,-0.05295528468866495,-0.10747590060387024,0.4031413612565445,1.4604732591274938,0.20418848167539266
0.95,12,deep_slow,0.5,3.0,1.5,12,0.02263787441816482,191,-0.13093553191945984,-0.00511855012904705,-0.05295528468866495,-0.10747590060387024,0.4031413612565445,1.4604732591274938,0.20418848167539266
0.85,11,base,0.5,2.5,0.75,24,0.022967702564092134,260,-0.12271742184299397,-0.005161356386073401,-0.07770049306844584,-0.07386053776844781,0.25384615384615383,2.901669718254988,0.22692307692307692
0.8,10,deep_slow,0.6,1.5,1.0,12,0.027441884318986948,324,-0.1052056578804623,-0.005203518910126936,-0.07277119158974096,-0.07950766738529413,0.4166666666666667,1.3857606016333237,0.39197530864197533
0.85,11,shallow,0.5,2.0,1.0,12,0.021430229292638114,257,-0.11656775083483022,-0.005213147954061137,-0.0766152073481475,-0.07565823322275522,0.36186770428015563,1.7417633408448279,0.28793774319066145
0.85,11,deep_slow,0.6,3.0,1.5,12,0.02660926817449534,201,-0.13394056399076718,-0.005286392031019438,-0.07359056835393356,-0.07987420419090163,0.39800995024875624,1.4910061947339286,0.19900497512437812
0.85,11,deep_slow,0.8,3.0,1.5,12,0.04023212551971341,213,-0.14209345191078157,-0.005444968687659757,-0.06390262340147415,-0.09474191421130884,0.4084507042253521,1.4277260640327583,0.18779342723004694
0.8,10,shallow,0.5,2.5,0.75,12,0.02225569419366929,278,-0.12599806600874888,-0.005472246689306792,-0.0927615054736689,-0.06559378134735949,0.27697841726618705,2.575973250766529,0.20503597122302158
0.8,10,base,0.7,3.0,2.0,24,0.034786761033208866,142,-0.16306016474498616,-0.0055280856312669435,-0.06341679463103389,-0.09692457333631832,0.44366197183098594,1.2346613539040996,0.2887323943661972
0.9,12,shallow,0.4,1.0,0.5,12,0.01727300411761307,402,-0.15035252436712998,-0.005571898323858626,-0.15969264619670862,-0.038795434202718804,0.3582089552238806,1.7641726994537015,0.3582089552238806
0.9,12,shallow,0.4,1.0,0.5,24,0.01727300411761307,402,-0.15035252436712998,-0.005571898323858626,-0.15969264619670862,-0.038795434202718804,0.3582089552238806,1.7641726994537015,0.3582089552238806
0.95,12,shallow,0.4,1.0,0.5,12,0.01727300411761307,402,-0.15035252436712998,-0.005571898323858626,-0.15969264619670862,-0.038795434202718804,0.3582089552238806,1.7641726994537015,0.3582089552238806
0.95,12,shallow,0.4,1.0,0.5,24,0.01727300411761307,402,-0.15035252436712998,-0.005571898323858626,-0.15969264619670862,-0.038795434202718804,0.3582089552238806,1.7641726994537015,0.3582089552238806
0.8,10,base,0.7,2.5,1.5,6,0.034786761033208866,283,-0.11661054466635841,-0.005613018588376706,-0.0654982505250111,-0.0952857871761037,0.4558303886925795,1.178071865279015,0.16607773851590105
0.85,11,shallow,0.5,3.0,2.5,24,0.021430229292638114,116,-0.20777726651970488,-0.005670442036722734,-0.06858491060188485,-0.09192809904571309,0.45689655172413796,1.1670357153901463,0.3275862068965517
0.9,12,shallow,0.8,1.0,0.75,12,0.04167225887876418,490,-0.1093760338730074,-0.005682541080844095,-0.1002171531958939,-0.06304638173427324,0.44693877551020406,1.2321850873237412,0.4448979591836735
0.95,12,shallow,0.8,1.0,0.75,12,0.04167225887876418,490,-0.1093760338730074,-0.005682541080844095,-0.1002171531958939,-0.06304638173427324,0.44693877551020406,1.2321850873237412,0.4448979591836735
0.8,10,base,0.4,1.5,0.75,24,0.018576634829056745,315,-0.13472792104854747,-0.005741059873480725,-0.14012061783410643,-0.04555627921038263,0.3523809523809524,1.8130990501417128,0.3523809523809524
0.85,11,deep_slow,0.4,3.0,2.0,12,0.015505342952291496,163,-0.16810916309703486,-0.00580862111751046,-0.08817683210048603,-0.07324451676088517,0.4601226993865031,1.1522583469922143,0.22085889570552147
0.85,11,shallow,0.7,4.0,2.0,24,0.03422839379787348,124,-0.20052811758538228,-0.005846385558567535,-0.06480285801517877,-0.10031108538074429,0.4274193548387097,1.3122516594738003,0.1774193548387097
0.9,12,deep_slow,0.8,1.5,0.5,6,0.03478537134288336,502,-0.12530246556128052,-0.005876091396576855,-0.08348737373779182,-0.07825690222367632,0.2968127490039841,2.36489422213538,0.2410358565737052
0.95,12,deep_slow,0.8,1.5,0.5,6,0.03478537134288336,502,-0.12530246556128052,-0.005876091396576855,-0.08348737373779182,-0.07825690222367632,0.2968127490039841,2.36489422213538,0.2410358565737052
0.85,11,shallow,0.8,3.0,1.5,24,0.04206355121771392,170,-0.16607550446497024,-0.005897424312407917,-0.06214482081332339,-0.10551442188599136,0.3764705882352941,1.61539967672375,0.24705882352941178
0.8,10,base,0.6,4.0,2.0,24,0.028890652717152483,119,-0.22581657078633594,-0.005956798968997812,-0.06772421018683475,-0.09779618876862517,0.42857142857142855,1.3173837030593334,0.19327731092436976
0.8,10,deep_slow,0.4,4.0,1.5,24,0.02012685895493155,134,-0.2118740114966079,-0.00599432368128805,-0.07091741269200791,-0.09398084051545574,0.35074626865671643,1.8100500462960503,0.16417910447761194
0.9,12,deep_slow,0.6,2.0,1.5,6,0.026488612559532297,281,-0.12710607656289036,-0.006160085153172901,-0.0634060933776008,-0.10801987761502929,0.47686832740213525,1.0814225023521231,0.22419928825622776
0.95,12,deep_slow,0.6,2.0,1.5,6,0.026488612559532297,281,-0.12710607656289036,-0.006160085153172901,-0.0634060933776008,-0.10801987761502929,0.47686832740213525,1.0814225023521231,0.22419928825622776
0.8,10,shallow,0.8,2.0,1.0,24,0.04189406605295098,281,-0.13303419902484426,-0.006194276604859161,-0.06012823485337649,-0.11454055012410425,0.3309608540925267,2.023480884851168,0.3274021352313167
0.8,10,base,0.4,3.0,1.5,24,0.018576634829056745,148,-0.2090283527308886,-0.006242420061647325,-0.06881488613517975,-0.10085943719568169,0.3716216216216216,1.642093547494046,0.2635135135135135
0.8,10,base,0.5,1.0,0.75,24,0.023983485622980496,404,-0.13827883050151513,-0.006268310850114145,-0.14052305980742566,-0.04959618146979006,0.44554455445544555,1.2276917528102071,0.44554455445544555
0.8,10,shallow,0.7,3.0,1.5,12,0.034650808039162956,206,-0.1736466206355538,-0.006281028171019054,-0.06936260645430799,-0.100681653296534,0.4174757281553398,1.3719697540773177,0.18446601941747573
0.8,10,base,0.6,4.0,2.5,24,0.028890652717152483,107,-0.23779557156715161,-0.006313872616636074,-0.07544137028897113,-0.09305301416659806,0.45794392523364486,1.155624785925088,0.205607476635514
0.8,10,shallow,0.8,1.0,0.75,6,0.04189406605295098,520,-0.12311713235782282,-0.006533890515383778,-0.09804003654028995,-0.0740981220849144,0.4480769230769231,1.2248500130350697,0.4288461538461538
0.85,11,base,0.7,3.0,2.5,12,0.03218380161661132,168,-0.18613496120337922,-0.0065339455242785505,-0.07287640482603212,-0.09968444179142799,0.4642857142857143,1.132782958949369,0.23214285714285715
0.85,11,shallow,0.5,1.5,0.75,6,0.021430229292638114,366,-0.1404067364163362,-0.006540096036424026,-0.15529848872525456,-0.04682260339152511,0.36885245901639346,1.6864900277789487,0.29508196721311475
0.85,11,shallow,0.4,1.5,0.75,12,0.014641812176194218,320,-0.1533042934074441,-0.006546712847726899,-0.12836520098379814,-0.05670410320426578,0.35,1.8288134120741233,0.334375
0.8,10,shallow,0.4,1.0,0.75,12,0.016624676068168656,363,-0.15659459072830034,-0.006622511178285384,-0.17124998154388937,-0.0429960748730539,0.4490358126721763,1.207442239543015,0.4490358126721763
0.8,10,shallow,0.4,1.0,0.75,24,0.016624676068168656,363,-0.15659459072830034,-0.006622511178285384,-0.17124998154388937,-0.0429960748730539,0.4490358126721763,1.207442239543015,0.4490358126721763
0.8,10,shallow,0.8,3.0,1.5,24,0.04189406605295098,173,-0.18075021114780315,-0.00665315473824335,-0.06590596277636056,-0.11223771314983455,0.3699421965317919,1.659485808558929,0.2543352601156069
0.9,12,deep_slow,0.5,1.0,0.75,12,0.02263787441816482,411,-0.14931364786307685,-0.006655496704543684,-0.12153906625684113,-0.0608836125660841,0.45012165450121655,1.204318188900671,0.45012165450121655
0.9,12,deep_slow,0.5,1.0,0.75,24,0.02263787441816482,411,-0.14931364786307685,-0.006655496704543684,-0.12153906625684113,-0.0608836125660841,0.45012165450121655,1.204318188900671,0.45012165450121655
0.95,12,deep_slow,0.5,1.0,0.75,12,0.02263787441816482,411,-0.14931364786307685,-0.006655496704543684,-0.12153906625684113,-0.0608836125660841,0.45012165450121655,1.204318188900671,0.45012165450121655
0.95,12,deep_slow,0.5,1.0,0.75,24,0.02263787441816482,411,-0.14931364786307685,-0.006655496704543684,-0.12153906625684113,-0.0608836125660841,0.45012165450121655,1.204318188900671,0.45012165450121655
0.9,12,base,0.8,2.0,1.0,6,0.03553384163128094,345,-0.13706942868356206,-0.006664614363469656,-0.08219272156945885,-0.09015239670077513,0.4028985507246377,1.4719954679779208,0.2
0.95,12,base,0.8,2.0,1.0,6,0.03553384163128094,345,-0.13706942868356206,-0.006664614363469656,-0.08219272156945885,-0.09015239670077513,0.4028985507246377,1.4719954679779208,0.2
0.8,10,shallow,0.5,2.0,0.5,24,0.02225569419366929,348,-0.18403283917771002,-0.006740332580981279,-0.13059621253861217,-0.057383165711020534,0.21551724137931033,3.5770023710143435,0.21551724137931033
0.8,10,deep_slow,0.4,2.5,1.5,6,0.02012685895493155,240,-0.1572761315212548,-0.00676330316645124,-0.09237764389679176,-0.08140014364804826,0.4791666666666667,1.0674594745863089,0.15416666666666667
0.9,12,deep_slow,0.7,1.0,0.5,12,0.03039343375568873,560,-0.14599555325429162,-0.006804829693569658,-0.12147613964486814,-0.0622814133086983,0.35714285714285715,1.78774782467042,0.35714285714285715
0.9,12,deep_slow,0.7,1.0,0.5,24,0.03039343375568873,560,-0.14599555325429162,-0.006804829693569658,-0.12147613964486814,-0.0622814133086983,0.35714285714285715,1.78774782467042,0.35714285714285715
0.95,12,deep_slow,0.7,1.0,0.5,12,0.03039343375568873,560,-0.14599555325429162,-0.006804829693569658,-0.12147613964486814,-0.0622814133086983,0.35714285714285715,1.78774782467042,0.35714285714285715
0.95,12,deep_slow,0.7,1.0,0.5,24,0.03039343375568873,560,-0.14599555325429162,-0.006804829693569658,-0.12147613964486814,-0.0622814133086983,0.35714285714285715,1.78774782467042,0.35714285714285715
0.8,10,base,0.8,4.0,2.5,24,0.041557390516231536,112,-0.23330718223519198,-0.006811192739561989,-0.07516504834287685,-0.10074865426753343,0.44642857142857145,1.2227616947987583,0.22321428571428573
0.9,12,base,0.7,1.0,0.5,6,0.029700257367501218,560,-0.15365900455511852,-0.006931508127541397,-0.1424033881265679,-0.05411734650311917,0.35892857142857143,1.7735574402400076,0.3464285714285714
0.95,12,base,0.7,1.0,0.5,6,0.029700257367501218,560,-0.15365900455511852,-0.006931508127541397,-0.1424033881265679,-0.05411734650311917,0.35892857142857143,1.7735574402400076,0.3464285714285714
0.8,10,base,0.7,4.0,1.5,24,0.034786761033208866,152,-0.23660678962478102,-0.006940681871026255,-0.0694002361474559,-0.1111911048248645,0.3355263157894737,1.9380847616191115,0.17763157894736842
0.8,10,deep_slow,0.5,2.0,1.0,6,0.02386910511055699,296,-0.16144442112768742,-0.006971679974700384,-0.1094158161244747,-0.07084112267234033,0.41216216216216217,1.4028022301606262,0.20608108108108109
0.8,10,deep_slow,0.5,4.0,2.0,24,0.02386910511055699,122,-0.23939431803825736,-0.0070237242589121784,-0.08158153830603437,-0.09571993281729618,0.4180327868852459,1.35875877661122,0.19672131147540983
0.8,10,base,0.7,2.0,1.5,6,0.034786761033208866,298,-0.14258649190037426,-0.007054590481168743,-0.08123904643476539,-0.09654572695544561,0.47651006711409394,1.0820610732785532,0.23825503355704697
0.8,10,deep_slow,0.6,2.0,0.75,24,0.027441884318986948,302,-0.17437361630381637,-0.0071204143998780944,-0.09477736697543028,-0.08352665409843163,0.2847682119205298,2.47146869711937,0.2814569536423841
0.85,11,deep_slow,0.4,3.0,1.5,24,0.015505342952291496,152,-0.22289220087422712,-0.007143253538590355,-0.10967540442382123,-0.07241202882066977,0.375,1.6164223614060347,0.26973684210526316
0.8,10,shallow,0.6,4.0,2.0,24,0.0281987593635591,125,-0.2409980102971913,-0.007165651060069167,-0.07430439520044545,-0.10721720928437473,0.424,1.338707200632475,0.192
0.85,11,base,0.5,2.5,1.5,12,0.022967702564092134,206,-0.16343764346155587,-0.007214620705560004,-0.08420729234537584,-0.0952545979822288,0.4029126213592233,1.4537854766488352,0.24757281553398058
0.85,11,deep_slow,0.8,3.0,2.0,24,0.04023212551971341,143,-0.21346296417826305,-0.007243364635402427,-0.08490481593568966,-0.0948482816620363,0.4405594405594406,1.2446530025432017,0.2867132867132867
0.85,11,base,0.8,2.5,2.0,6,0.037861802141293005,270,-0.1530609879965346,-0.0072446136744014344,-0.08086473592118641,-0.09960415874951556,0.4888888888888889,1.0278210096701559,0.17037037037037037
0.8,10,base,0.5,2.0,0.5,6,0.023983485622980496,386,-0.18393191499413727,-0.0072772691696658676,-0.14964414299527734,-0.05406663351298535,0.2538860103626943,2.8845876082384243,0.15284974093264247
0.9,12,shallow,0.8,3.0,1.0,24,0.04167225887876418,213,-0.21867553273619447,-0.007336407778459897,-0.08573649824267145,-0.09513424729522402,0.27230046948356806,2.6012690203910935,0.20657276995305165
0.95,12,shallow,0.8,3.0,1.0,24,0.04167225887876418,213,-0.21867553273619447,-0.007336407778459897,-0.08573649824267145,-0.09513424729522402,0.27230046948356806,2.6012690203910935,0.20657276995305165
0.8,10,deep_slow,0.8,2.0,0.75,24,0.03652372924092767,330,-0.16890605915356768,-0.007364831211082001,-0.10472318067033967,-0.07818770091281724,0.28484848484848485,2.4728986315023906,0.27575757575757576
0.9,12,shallow,0.4,2.5,0.75,12,0.01727300411761307,251,-0.20157250079588152,-0.007370134322597477,-0.1508051203934996,-0.05433474768798818,0.27091633466135456,2.638894252898053,0.20717131474103587
0.95,12,shallow,0.4,2.5,0.75,12,0.01727300411761307,251,-0.20157250079588152,-0.007370134322597477,-0.1508051203934996,-0.05433474768798818,0.27091633466135456,2.638894252898053,0.20717131474103587
0.9,12,base,0.4,4.0,1.5,24,0.01632796766513659,130,-0.2826905852557971,-0.007409801238583147,-0.07775041443611244,-0.10595494095597169,0.35384615384615387,1.7750381848764394,0.16923076923076924
0.95,12,base,0.4,4.0,1.5,24,0.01632796766513659,130,-0.2826905852557971,-0.007409801238583147,-0.07775041443611244,-0.10595494095597169,0.35384615384615387,1.7750381848764394,0.16923076923076924
0.9,12,shallow,0.7,1.0,0.5,12,0.033289881212306936,538,-0.17233225495027785,-0.007490379676096226,-0.19838990312771473,-0.04197586564136324,0.35687732342007433,1.7871177033788226,0.35687732342007433
0.9,12,shallow,0.7,1.0,0.5,24,0.033289881212306936,538,-0.17233225495027785,-0.007490379676096226,-0.19838990312771473,-0.04197586564136324,0.35687732342007433,1.7871177033788226,0.35687732342007433
0.95,12,shallow,0.7,1.0,0.5,12,0.033289881212306936,538,-0.17233225495027785,-0.007490379676096226,-0.19838990312771473,-0.04197586564136324,0.35687732342007433,1.7871177033788226,0.35687732342007433
0.95,12,shallow,0.7,1.0,0.5,24,0.033289881212306936,538,-0.17233225495027785,-0.007490379676096226,-0.19838990312771473,-0.04197586564136324,0.35687732342007433,1.7871177033788226,0.35687732342007433
0.8,10,deep_slow,0.5,1.5,1.0,24,0.02386910511055699,297,-0.17116562660250065,-0.007502281575072933,-0.12596832472844469,-0.0662135860399663,0.4074074074074074,1.431787060604663,0.40404040404040403
0.8,10,base,0.4,3.0,0.75,24,0.018576634829056745,222,-0.24688280098058055,-0.007572123859847624,-0.13239171859421722,-0.06358728493576449,0.23423423423423423,3.1995017249538464,0.1891891891891892
0.85,11,deep_slow,0.8,2.0,0.5,6,0.04023212551971341,469,-0.17647206200445129,-0.007628509000105033,-0.11584598399101836,-0.07321004797708341,0.255863539445629,2.888592772845236,0.1535181236673774
0.8,10,shallow,0.4,2.0,0.5,24,0.016624676068168656,318,-0.22250684695081982,-0.007757930601247409,-0.18679319089291194,-0.04617359512004804,0.2169811320754717,3.5294491314728353,0.2169811320754717
0.8,10,deep_slow,0.6,2.5,1.5,6,0.027441884318986948,273,-0.16376570519802397,-0.007790126132910413,-0.09189119833274868,-0.09424940712272756,0.45787545787545786,1.161934588142107,0.15384615384615385
0.8,10,shallow,0.8,1.5,0.75,24,0.04189406605295098,404,-0.15496815662305094,-0.007813870865680639,-0.12461067577079259,-0.0697137507386335,0.3465346534653465,1.8767205775174096,0.3465346534653465
0.8,10,base,0.5,2.0,1.5,6,0.023983485622980496,268,-0.1817410207928887,-0.007820857482198962,-0.0969213754284002,-0.08971025743268934,0.47761194029850745,1.0756229666399166,0.22761194029850745
0.8,10,deep_slow,0.4,2.0,1.5,24,0.02012685895493155,186,-0.20285781359348765,-0.007859201161474871,-0.10825101342203866,-0.08071472929260948,0.42473118279569894,1.3240497885952336,0.40860215053763443
0.9,12,deep_slow,0.5,2.5,0.75,12,0.02263787441816482,280,-0.1936151768951816,-0.007943800885103047,-0.11106057110516876,-0.0795193342251963,0.2714285714285714,2.633103021253717,0.2
0.95,12,deep_slow,0.5,2.5,0.75,12,0.02263787441816482,280,-0.1936151768951816,-0.007943800885103047,-0.11106057110516876,-0.0795193342251963,0.2714285714285714,2.633103021253717,0.2
0.85,11,deep_slow,0.4,2.0,1.5,6,0.015505342952291496,247,-0.19279512766931342,-0.008069147477564265,-0.13100831083076783,-0.06847468181201477,0.48582995951417,1.035952748163135,0.22672064777327935
0.9,12,shallow,0.4,1.0,0.75,12,0.01727300411761307,359,-0.20277346228264814,-0.008078623705756405,-0.2264239378329841,-0.03966578240999685,0.45403899721448465,1.1787043770580672,0.45403899721448465
0.9,12,shallow,0.4,1.0,0.75,24,0.01727300411761307,359,-0.20277346228264814,-0.008078623705756405,-0.2264239378329841,-0.03966578240999685,0.45403899721448465,1.1787043770580672,0.45403899721448465
0.95,12,shallow,0.4,1.0,0.75,12,0.01727300411761307,359,-0.20277346228264814,-0.008078623705756405,-0.2264239378329841,-0.03966578240999685,0.45403899721448465,1.1787043770580672,0.45403899721448465
0.95,12,shallow,0.4,1.0,0.75,24,0.01727300411761307,359,-0.20277346228264814,-0.008078623705756405,-0.2264239378329841,-0.03966578240999685,0.45403899721448465,1.1787043770580672,0.45403899721448465
0.85,11,base,0.6,4.0,2.5,24,0.02743703889797145,110,-0.26093641472659146,-0.008085733163945674,-0.08876853018397624,-0.10126542429627472,0.4636363636363636,1.1357620694666497,0.22727272727272727
0.8,10,shallow,0.4,2.0,0.5,12,0.016624676068168656,326,-0.23236868053087462,-0.008144557598271707,-0.2043346394965284,-0.04431235916908516,0.22392638036809817,3.385965795834073,0.19938650306748465
0.9,12,base,0.4,2.0,1.5,6,0.01632796766513659,245,-0.19803284009852024,-0.008161896298544913,-0.08948923340708978,-0.10139562793909151,0.46938775510204084,1.1059913487417128,0.21224489795918366
0.95,12,base,0.4,2.0,1.5,6,0.01632796766513659,245,-0.19803284009852024,-0.008161896298544913,-0.08948923340708978,-0.10139562793909151,0.46938775510204084,1.1059913487417128,0.21224489795918366
0.8,10,shallow,0.5,2.0,0.5,6,0.02225569419366929,384,-0.21460705094542126,-0.008177992582549254,-0.22417884869332677,-0.04055558103606993,0.2552083333333333,2.857773120502231,0.16145833333333334
0.85,11,base,0.5,4.0,2.5,24,0.022967702564092134,107,-0.2650513331384585,-0.008195194329046585,-0.08808391632620936,-0.1034333924522195,0.4672897196261682,1.11877634870091,0.2336448598130841
0.8,10,base,0.5,1.0,0.75,12,0.023983485622980496,404,-0.1890853339361258,-0.0082506517674108,-0.1780451391921346,-0.0515175149159095,0.44554455445544555,1.2223937471918682,0.4430693069306931
0.85,11,shallow,0.8,1.0,0.75,24,0.04206355121771392,499,-0.16334584913528286,-0.00827401112401871,-0.1303180335325917,-0.07058424598683433,0.44488977955911824,1.2369698365010438,0.44488977955911824
0.8,10,shallow,0.8,2.0,0.5,24,0.04189406605295098,405,-0.20891933605009072,-0.008314636878337667,-0.1129273262193439,-0.0818539126087603,0.2123456790123457,3.6980572892395878,0.2123456790123457
0.8,10,shallow,0.5,1.5,0.5,24,0.02225569419366929,397,-0.2168554206002264,-0.008342794526408182,-0.20712300927734895,-0.04477934244496329,0.26700251889168763,2.689877656102928,0.26700251889168763
0.9,12,deep_slow,0.5,1.0,0.5,6,0.02263787441816482,471,-0.21335265055286093,-0.008396904718276144,-0.1821981926181495,-0.051235189447311535,0.35668789808917195,1.7678255904031268,0.3481953290870488
0.95,12,deep_slow,0.5,1.0,0.5,6,0.02263787441816482,471,-0.21335265055286093,-0.008396904718276144,-0.1821981926181495,-0.051235189447311535,0.35668789808917195,1.7678255904031268,0.3481953290870488
0.8,10,base,0.4,3.0,2.0,24,0.018576634829056745,123,-0.3137118232924639,-0.008398735623344922,-0.10762370140679714,-0.08675592153390177,0.43089430894308944,1.2857419138990427,0.2926829268292683
0.9,12,base,0.7,2.0,1.5,6,0.029700257367501218,298,-0.17443133521731224,-0.008419467728152275,-0.09874814320419348,-0.09478690247172139,0.4597315436241611,1.1541677870738052,0.2348993288590604
0.95,12,base,0.7,2.0,1.5,6,0.029700257367501218,298,-0.17443133521731224,-0.008419467728152275,-0.09874814320419348,-0.09478690247172139,0.4597315436241611,1.1541677870738052,0.2348993288590604
0.8,10,deep_slow,0.7,2.5,2.0,6,0.03201506443356151,269,-0.16757620601156373,-0.008483522760155626,-0.09338312598783942,-0.10099477001834822,0.49814126394052044,0.9884461504579569,0.17843866171003717
0.8,10,deep_slow,0.5,2.0,1.5,12,0.02386910511055699,214,-0.21105358165223814,-0.008541474158539564,-0.11975628387295555,-0.07929104891059413,0.4485981308411215,1.2036781990320458,0.35514018691588783
0.8,10,base,0.5,1.0,0.5,12,0.023983485622980496,472,-0.2147113694792923,-0.008623624569378596,-0.26211306767156184,-0.036575375816367495,0.3580508474576271,1.7571796384689122,0.3580508474576271
0.8,10,base,0.5,1.0,0.5,24,0.023983485622980496,472,-0.2147113694792923,-0.008623624569378596,-0.26211306767156184,-0.036575375816367495,0.3580508474576271,1.7571796384689122,0.3580508474576271
0.85,11,base,0.5,2.0,1.5,12,0.022967702564092134,220,-0.21249033209646367,-0.008819186326292416,-0.11123429749565256,-0.08813991710987035,0.44545454545454544,1.2181449530112565,0.33636363636363636
0.85,11,base,0.6,3.0,2.0,12,0.02743703889797145,181,-0.24417443587909823,-0.008842274628392044,-0.09352344418945827,-0.10510558095655986,0.44751381215469616,1.2066579178176673,0.2154696132596685
0.85,11,shallow,0.4,2.0,0.75,6,0.014641812176194218,308,-0.2217025946979383,-0.00898683780174292,-0.1901931982266292,-0.05252797371427986,0.3409090909090909,1.8888005106726564,0.19155844155844157
0.85,11,shallow,0.7,2.0,1.5,24,0.03422839379787348,208,-0.2142243974169464,-0.009047364515860412,-0.09375704705222017,-0.10727423101627376,0.4230769230769231,1.333182977949368,0.40384615384615385
0.85,11,deep_slow,0.7,3.0,1.5,12,0.032567944659426015,207,-0.2566130288007099,-0.009119098620867128,-0.10208250601074566,-0.09930613354296947,0.4057971014492754,1.4310039661892748,0.19806763285024154
0.8,10,shallow,0.4,2.0,1.0,12,0.016624676068168656,245,-0.2339329286295505,-0.009145568006980298,-0.12361940883140703,-0.08224298330854773,0.3551020408163265,1.7750763968546244,0.2897959183673469
0.85,11,base,0.4,1.0,0.5,6,0.018069504979977443,415,-0.2505946078918513,-0.00915248667798374,-0.268868842444622,-0.03784193129600344,0.3566265060240964,1.7597307995245397,0.344578313253012
0.9,12,deep_slow,0.6,3.0,1.0,12,0.026488612559532297,239,-0.2663749781494176,-0.0091632310053682,-0.10912573233889356,-0.09334603286617005,0.32217573221757323,2.056844669321056,0.16317991631799164
0.95,12,deep_slow,0.6,3.0,1.0,12,0.026488612559532297,239,-0.2663749781494176,-0.0091632310053682,-0.10912573233889356,-0.09334603286617005,0.32217573221757323,2.056844669321056,0.16317991631799164
0.9,12,shallow,0.8,2.0,1.5,12,0.04167225887876418,243,-0.2069774859708806,-0.009238168209202757,-0.09160096379021127,-0.11211362283702664,0.448559670781893,1.204279128524577,0.32510288065843623
0.95,12,shallow,0.8,2.0,1.5,12,0.04167225887876418,243,-0.2069774859708806,-0.009238168209202757,-0.09160096379021127,-0.11211362283702664,0.448559670781893,1.204279128524577,0.32510288065843623
0.9,12,deep_slow,0.5,3.0,1.5,24,0.02263787441816482,157,-0.30021264736584313,-0.00931137528284931,-0.09183669682476786,-0.11271152998230449,0.36942675159235666,1.647605705001443,0.2611464968152866
0.95,12,deep_slow,0.5,3.0,1.5,24,0.02263787441816482,157,-0.30021264736584313,-0.00931137528284931,-0.09183669682476786,-0.11271152998230449,0.36942675159235666,1.647605705001443,0.2611464968152866
0.8,10,shallow,0.5,1.0,0.75,12,0.02225569419366929,404,-0.21790129666379335,-0.009316682171196855,-0.2332638663655898,-0.04440015123132324,0.44801980198019803,1.2072132241244014,0.44801980198019803
0.8,10,shallow,0.5,1.0,0.75,24,0.02225569419366929,404,-0.21790129666379335,-0.009316682171196855,-0.2332638663655898,-0.04440015123132324,0.44801980198019803,1.2072132241244014,0.44801980198019803
0.9,12,shallow,0.8,3.0,1.5,24,0.04167225887876418,170,-0.2715439523036535,-0.009362240282332901,-0.09545740467084748,-0.10902841096003779,0.36470588235294116,1.6847291335272825,0.25882352941176473
0.95,12,shallow,0.8,3.0,1.5,24,0.04167225887876418,170,-0.2715439523036535,-0.009362240282332901,-0.09545740467084748,-0.10902841096003779,0.36470588235294116,1.6847291335272825,0.25882352941176473
0.8,10,shallow,0.4,1.0,0.5,6,0.016624676068168656,413,-0.2557088997735212,-0.009379741864959712,-0.23395385433848087,-0.04456868030871852,0.3583535108958838,1.7452230057665474,0.35108958837772397
0.85,11,shallow,0.5,1.5,0.75,24,0.021430229292638114,341,-0.21740764297084123,-0.009387435331958183,-0.20908897330331375,-0.049909673884827144,0.34017595307917886,1.9005010515084604,0.34017595307917886
0.8,10,base,0.8,1.0,0.75,24,0.041557390516231536,503,-0.18982746057727296,-0.009414657032554175,-0.14752420135948272,-0.07094298663535448,0.44731610337972166,1.2225399216942303,0.44731610337972166
0.8,10,base,0.8,1.5,0.75,12,0.041557390516231536,416,-0.19132421353932877,-0.009432989832708127,-0.17382989585115122,-0.060324354474298625,0.3581730769230769,1.7783362868890833,0.3389423076923077
0.9,12,shallow,0.6,2.0,0.75,24,0.02729219059178709,284,-0.2565404581982111,-0.009447731165154738,-0.12057508388247046,-0.0871038556784074,0.27816901408450706,2.535664187424225,0.2746478873239437
0.95,12,shallow,0.6,2.0,0.75,24,0.02729219059178709,284,-0.2565404581982111,-0.009447731165154738,-0.12057508388247046,-0.0871038556784074,0.27816901408450706,2.535664187424225,0.2746478873239437
0.85,11,shallow,0.6,3.0,2.0,24,0.026722697488877702,135,-0.30690767449680156,-0.009457713157017933,-0.12526114169700284,-0.08393381300263325,0.42962962962962964,1.2916221161197199,0.2814814814814815
0.9,12,deep_slow,0.8,1.5,0.75,12,0.03478537134288336,401,-0.2008927449008074,-0.009461178117628033,-0.13336856498804467,-0.07886037464980311,0.3516209476309227,1.828571654020211,0.32917705735660846
0.95,12,deep_slow,0.8,1.5,0.75,12,0.03478537134288336,401,-0.2008927449008074,-0.009461178117628033,-0.13336856498804467,-0.07886037464980311,0.3516209476309227,1.828571654020211,0.32917705735660846
0.8,10,base,0.4,2.0,1.0,6,0.018576634829056745,274,-0.23956822901468566,-0.009487772154453733,-0.2235389361821291,-0.047182126469157204,0.4051094890510949,1.4331028637823306,0.2116788321167883
0.85,11,deep_slow,0.7,2.0,0.5,6,0.032567944659426015,441,-0.23115179540742561,-0.00955039941290503,-0.17654926822437272,-0.060134059177278876,0.2562358276643991,2.8413363314830744,0.15192743764172337
0.9,12,base,0.5,2.0,1.5,6,0.020354141462207622,265,-0.22569601600482164,-0.009601301546350749,-0.10277125302201505,-0.10385373432546163,0.4641509433962264,1.1276058490198384,0.21509433962264152
0.95,12,base,0.5,2.0,1.5,6,0.020354141462207622,265,-0.22569601600482164,-0.009601301546350749,-0.10277125302201505,-0.10385373432546163,0.4641509433962264,1.1276058490198384,0.21509433962264152
0.9,12,deep_slow,0.8,2.0,0.75,24,0.03478537134288336,323,-0.23199739455049445,-0.009607519703262457,-0.11796185239183696,-0.09053848159110067,0.28173374613003094,2.533697943162301,0.2786377708978328
0.95,12,deep_slow,0.8,2.0,0.75,24,0.03478537134288336,323,-0.23199739455049445,-0.009607519703262457,-0.11796185239183696,-0.09053848159110067,0.28173374613003094,2.533697943162301,0.2786377708978328
0.85,11,shallow,0.4,2.5,0.5,12,0.014641812176194218,307,-0.28456996306262733,-0.009612492043351017,-0.18130052554846288,-0.05893866778471257,0.20521172638436483,3.7641710315621317,0.15309446254071662
0.8,10,shallow,0.8,2.0,0.75,6,0.04189406605295098,387,-0.22040757638302008,-0.00968509482412927,-0.11641996463303896,-0.09247791257741389,0.35142118863049093,1.8217163866384085,0.18863049095607234
0.9,12,shallow,0.6,2.0,0.75,12,0.02729219059178709,297,-0.26066621306803067,-0.00971487135275284,-0.12535487348419402,-0.08615028228202426,0.3063973063973064,2.211108000285713,0.25252525252525254
0.95,12,shallow,0.6,2.0,0.75,12,0.02729219059178709,297,-0.26066621306803067,-0.00971487135275284,-0.12535487348419402,-0.08615028228202426,0.3063973063973064,2.211108000285713,0.25252525252525254
0.9,12,shallow,0.4,2.0,0.75,6,0.01727300411761307,292,-0.254067798573131,-0.009775311487353333,-0.2216608196628327,-0.04902313283021209,0.363013698630137,1.708212043829322,0.20205479452054795
0.95,12,shallow,0.4,2.0,0.75,6,0.01727300411761307,292,-0.254067798573131,-0.009775311487353333,-0.2216608196628327,-0.04902313283021209,0.363013698630137,1.708212043829322,0.20205479452054795
0.85,11,base,0.8,2.0,0.5,6,0.037861802141293005,468,-0.23308598664051464,-0.009830978991577033,-0.152312164817994,-0.07174971876697545,0.25854700854700857,2.835169840548693,0.1517094017094017
0.85,11,base,0.8,1.5,1.0,24,0.037861802141293005,339,-0.21135170551404867,-0.009904023449986088,-0.11539688558566266,-0.09540558661562493,0.40412979351032446,1.4613456860660372,0.40412979351032446
0.85,11,base,0.5,1.5,0.75,24,0.022967702564092134,343,-0.22851476637190257,-0.009913440122737982,-0.2020849663839961,-0.05453136696769645,0.3469387755102041,1.8425944062583313,0.3469387755102041
0.9,12,deep_slow,0.4,3.0,0.75,12,0.019103795708262847,244,-0.3089622352198404,-0.009964180946655521,-0.13854457246122842,-0.07994786073448645,0.2540983606557377,2.8560031645010144,0.15163934426229508
0.95,12,deep_slow,0.4,3.0,0.75,12,0.019103795708262847,244,-0.3089622352198404,-0.009964180946655521,-0.13854457246122842,-0.07994786073448645,0.2540983606557377,2.8560031645010144,0.15163934426229508
0.8,10,deep_slow,0.6,2.0,1.0,24,0.027441884318986948,254,-0.24454255612386483,-0.010001763615526404,-0.10774100013061878,-0.10319280554182653,0.3346456692913386,1.9447319863643404,0.33070866141732286
0.8,10,shallow,0.7,1.5,1.0,24,0.034650808039162956,331,-0.21852587668753817,-0.010030614317326103,-0.11800777459572966,-0.09448656051454052,0.40181268882175225,1.460967684163154,0.40181268882175225
0.8,10,shallow,0.7,1.0,0.5,12,0.034650808039162956,559,-0.2321100633881131,-0.010055354843545361,-0.17536442160429386,-0.06373946819857867,0.3542039355992844,1.7875926668655655,0.3542039355992844
0.8,10,shallow,0.7,1.0,0.5,24,0.034650808039162956,559,-0.2321100633881131,-0.010055354843545361,-0.17536442160429386,-0.06373946819857867,0.3542039355992844,1.7875926668655655,0.3542039355992844
0.9,12,deep_slow,0.4,1.0,0.5,12,0.019103795708262847,406,-0.28262645342159265,-0.010060828319269133,-0.24184306343552514,-0.04624369096511838,0.35467980295566504,1.770172080338345,0.35467980295566504
0.9,12,deep_slow,0.4,1.0,0.5,24,0.019103795708262847,406,-0.28262645342159265,-0.010060828319269133,-0.24184306343552514,-0.04624369096511838,0.35467980295566504,1.770172080338345,0.35467980295566504
0.95,12,deep_slow,0.4,1.0,0.5,12,0.019103795708262847,406,-0.28262645342159265,-0.010060828319269133,-0.24184306343552514,-0.04624369096511838,0.35467980295566504,1.770172080338345,0.35467980295566504
0.95,12,deep_slow,0.4,1.0,0.5,24,0.019103795708262847,406,-0.28262645342159265,-0.010060828319269133,-0.24184306343552514,-0.04624369096511838,0.35467980295566504,1.770172080338345,0.35467980295566504
0.8,10,deep_slow,0.6,2.0,1.5,24,0.027441884318986948,201,-0.2533373352490667,-0.010074848632189215,-0.1025810263037207,-0.10917508373016571,0.4228855721393035,1.329705992948033,0.4079601990049751
0.9,12,deep_slow,0.5,2.0,1.5,12,0.02263787441816482,214,-0.25572254892393775,-0.01017506736248619,-0.09992262997922267,-0.11319389955430137,0.4439252336448598,1.2214845064461606,0.32710280373831774
0.95,12,deep_slow,0.5,2.0,1.5,12,0.02263787441816482,214,-0.25572254892393775,-0.01017506736248619,-0.09992262997922267,-0.11319389955430137,0.4439252336448598,1.2214845064461606,0.32710280373831774
0.8,10,deep_slow,0.4,3.0,0.75,24,0.02012685895493155,222,-0.30058795324163906,-0.01020108143120535,-0.15504257219431572,-0.07313818794606897,0.22972972972972974,3.2570988489685,0.18468468468468469
0.8,10,base,0.4,1.5,0.75,12,0.018576634829056745,315,-0.2558851699043863,-0.010206368713278846,-0.23506271750109417,-0.048265445345100244,0.35555555555555557,1.7689696973704483,0.346031746031746
0.8,10,deep_slow,0.8,3.0,2.5,12,0.03652372924092767,169,-0.3079463754876994,-0.010231778030118432,-0.11171546096705023,-0.1018089647919308,0.47928994082840237,1.0552843314350455,0.21301775147928995
0.85,11,shallow,0.8,1.0,0.75,12,0.04206355121771392,499,-0.20854938625508196,-0.010256352041315364,-0.1572582945626287,-0.07249815397723947,0.44488977955911824,1.2326820147276545,0.44288577154308617
0.8,10,deep_slow,0.5,2.5,0.5,12,0.02386910511055699,322,-0.29656383472872855,-0.010267025620941617,-0.1743461132023209,-0.06546055823636021,0.21428571428571427,3.5616401543815903,0.15217391304347827
0.8,10,shallow,0.7,1.5,1.0,6,0.034650808039162956,377,-0.2131118760102371,-0.010295583469213998,-0.1322095350881368,-0.08656350118648837,0.4350132625994695,1.2735163423950708,0.3183023872679045
0.9,12,shallow,0.8,1.5,1.0,24,0.04167225887876418,332,-0.2287412962089788,-0.010336955528947755,-0.14000770670018212,-0.08207035626365866,0.4066265060240964,1.4446750835103412,0.4066265060240964
0.95,12,shallow,0.8,1.5,1.0,24,0.04167225887876418,332,-0.2287412962089788,-0.010336955528947755,-0.14000770670018212,-0.08207035626365866,0.4066265060240964,1.4446750835103412,0.4066265060240964
0.85,11,base,0.4,3.0,2.5,24,0.018069504979977443,115,-0.3775524615712952,-0.010407809797080225,-0.1239943149156532,-0.09330425460037584,0.45217391304347826,1.17188596694532,0.3217391304347826
0.9,12,base,0.5,1.5,0.75,12,0.020354141462207622,345,-0.25530869716326465,-0.010502892550485088,-0.16594243887534946,-0.07035468044201443,0.34782608695652173,1.83213692280728,0.336231884057971
0.95,12,base,0.5,1.5,0.75,12,0.020354141462207622,345,-0.25530869716326465,-0.010502892550485088,-0.16594243887534946,-0.07035468044201443,0.34782608695652173,1.83213692280728,0.336231884057971
0.8,10,deep_slow,0.4,2.5,0.75,12,0.02012685895493155,257,-0.27087957308310256,-0.010547758929274065,-0.18026429602344263,-0.06504155540615575,0.2723735408560311,2.5987294113231845,0.19455252918287938
0.8,10,base,0.6,2.5,2.0,6,0.028890652717152483,253,-0.2396429852050404,-0.010548552060232863,-0.13177438888391116,-0.08898201994562605,0.4782608695652174,1.0633815034815624,0.18181818181818182
0.8,10,deep_slow,0.4,2.0,0.75,12,0.02012685895493155,278,-0.26811114943681486,-0.01056088644417097,-0.1647869571761972,-0.07123897403108959,0.3057553956834532,2.21102147746833,0.25539568345323743
0.8,10,shallow,0.4,1.0,0.75,6,0.016624676068168656,371,-0.2629188956075306,-0.010592308135979,-0.26920350729754794,-0.04373702501429344,0.4474393530997305,1.2033360776670938,0.42857142857142855
0.85,11,shallow,0.4,3.0,2.5,24,0.014641812176194218,109,-0.4685299969790575,-0.010624045410222993,-0.12284547546598633,-0.09613229722824668,0.44954128440366975,1.1806227716002857,0.3119266055045872
0.8,10,shallow,0.5,1.0,0.75,6,0.02225569419366929,413,-0.2513978720520377,-0.010653711214093309,-0.261884507361602,-0.045219832886748246,0.44552058111380144,1.2155007687993558,0.42857142857142855
0.85,11,shallow,0.7,1.0,0.75,6,0.03422839379787348,478,-0.23117336270851352,-0.010654984713803994,-0.19279005772163604,-0.06143360572399914,0.4456066945606695,1.2268543421933913,0.4246861924686193
0.9,12,base,0.8,1.5,0.75,12,0.03553384163128094,406,-0.22381403502578578,-0.010714000455588568,-0.15744403403639906,-0.07564179249977243,0.35467980295566504,1.800947755338685,0.33251231527093594
0.95,12,base,0.8,1.5,0.75,12,0.03553384163128094,406,-0.22381403502578578,-0.010714000455588568,-0.15744403403639906,-0.07564179249977243,0.35467980295566504,1.800947755338685,0.33251231527093594
0.8,10,deep_slow,0.5,2.0,0.5,6,0.02386910511055699,376,-0.298832124230477,-0.01071754516717549,-0.22790593607420276,-0.05227282344002626,0.2632978723404255,2.7191626160651103,0.15691489361702127
0.85,11,deep_slow,0.5,1.0,0.75,6,0.02084289794941308,411,-0.2510867950284333,-0.010757970987760102,-0.2218940942554228,-0.05389145461861233,0.44768856447688565,1.2050135295508762,0.4282238442822384
0.8,10,base,0.7,1.0,0.75,6,0.034786761033208866,486,-0.2266719013176527,-0.010805368512402769,-0.16766049728010157,-0.07163791717479073,0.4444444444444444,1.232795411095683,0.42386831275720166
0.85,11,base,0.5,3.0,0.75,24,0.022967702564092134,237,-0.34318700437409116,-0.010808899691984175,-0.1702040678431305,-0.07059039011825496,0.2320675105485232,3.2151315880077598,0.189873417721519
0.8,10,deep_slow,0.4,2.0,0.5,12,0.02012685895493155,327,-0.300346284763712,-0.010889395658212453,-0.23178257613115344,-0.05222218602714168,0.22018348623853212,3.43467464664664,0.19571865443425077
0.85,11,shallow,0.5,3.0,1.5,12,0.021430229292638114,191,-0.32618431230880446,-0.010928541373179224,-0.15120425460253475,-0.0803395293931356,0.4083769633507853,1.4060125021492882,0.20418848167539266
0.8,10,base,0.6,2.0,1.5,6,0.028890652717152483,282,-0.24953592902889765,-0.010928669109470657,-0.15167046666217196,-0.08009351340838111,0.48226950354609927,1.0471263821151733,0.22695035460992907
0.85,11,base,0.6,1.5,0.75,12,0.02743703889797145,380,-0.24360165305610032,-0.011019748346571823,-0.18053568750926477,-0.06784806527230203,0.35,1.8352226847287343,0.33421052631578946
0.85,11,shallow,0.5,2.5,2.0,24,0.021430229292638114,141,-0.30842618153430557,-0.011073865180137643,-0.13320804567491878,-0.09240517673459037,0.44680851063829785,1.1991843163204197,0.3404255319148936
0.85,11,base,0.6,3.0,2.0,24,0.02743703889797145,139,-0.3373560962366762,-0.011135705573520172,-0.13053787301146383,-0.09482158629201465,0.4316546762589928,1.2759181828071866,0.28776978417266186
0.8,10,deep_slow,0.5,1.0,0.5,12,0.02386910511055699,463,-0.2874975439306609,-0.011156179163344548,-0.31115232503560414,-0.039853634707395225,0.3563714902807775,1.7588841257994048,0.3563714902807775
0.8,10,deep_slow,0.5,1.0,0.5,24,0.02386910511055699,463,-0.2874975439306609,-0.011156179163344548,-0.31115232503560414,-0.039853634707395225,0.3563714902807775,1.7588841257994048,0.3563714902807775
0.8,10,shallow,0.8,1.5,1.0,24,0.04189406605295098,348,-0.23581115720663046,-0.011161773889420634,-0.12710286434573903,-0.09761200904535983,0.40229885057471265,1.469474393060374,0.40229885057471265
0.9,12,deep_slow,0.5,1.0,0.75,6,0.02263787441816482,421,-0.263551736155921,-0.011190247483706561,-0.18746633381654848,-0.06635002258267486,0.44655581947743467,1.2098703645889124,0.42992874109263657
0.95,12,deep_slow,0.5,1.0,0.75,6,0.02263787441816482,421,-0.263551736155921,-0.011190247483706561,-0.18746633381654848,-0.06635002258267486,0.44655581947743467,1.2098703645889124,0.42992874109263657
0.8,10,deep_slow,0.5,2.0,0.5,12,0.02386910511055699,345,-0.3235899174942485,-0.011263753817275957,-0.22558880520918298,-0.055499423361273004,0.23768115942028986,3.1109324745233224,0.2
0.85,11,shallow,0.8,1.0,0.75,6,0.04206355121771392,516,-0.22894814175095365,-0.011278567900898318,-0.175416615697054,-0.07146702961303819,0.44573643410852715,1.2262519809024337,0.4263565891472868
0.8,10,deep_slow,0.4,2.0,0.75,24,0.02012685895493155,263,-0.29867031498437197,-0.011344177104841702,-0.16674161436845628,-0.0756223007950384,0.2813688212927757,2.4805855008552773,0.27756653992395436
0.9,12,base,0.5,1.5,0.75,24,0.020354141462207622,342,-0.2786875281229589,-0.01135783400914514,-0.18210175234112586,-0.06932692659688644,0.34210526315789475,1.875586057579811,0.34210526315789475
0.95,12,base,0.5,1.5,0.75,24,0.020354141462207622,342,-0.2786875281229589,-0.01135783400914514,-0.18210175234112586,-0.06932692659688644,0.34210526315789475,1.875586057579811,0.34210526315789475
0.8,10,deep_slow,0.4,2.0,1.0,6,0.02012685895493155,276,-0.2819824447166803,-0.011364982745967978,-0.2089705879524912,-0.06045107045798337,0.40942028985507245,1.4009878850782975,0.20652173913043478
0.8,10,base,0.8,1.0,0.75,12,0.041557390516231536,503,-0.2351679936404163,-0.011396997949850718,-0.1738752908311396,-0.07285715261122683,0.44731610337972166,1.2183263971237137,0.44532803180914515
0.85,11,deep_slow,0.6,1.0,0.75,6,0.02660926817449534,455,-0.25570764589605266,-0.011424676437201242,-0.213027998141409,-0.05961096284967238,0.44395604395604393,1.2242926686345583,0.42417582417582417
0.9,12,base,0.5,1.0,0.75,12,0.020354141462207622,404,-0.2801846837236906,-0.01150686737448503,-0.1897096211649613,-0.06741936324347375,0.44554455445544555,1.2133438051157526,0.44554455445544555
0.9,12,base,0.5,1.0,0.75,24,0.020354141462207622,404,-0.2801846837236906,-0.01150686737448503,-0.1897096211649613,-0.06741936324347375,0.44554455445544555,1.2133438051157526,0.44554455445544555
0.95,12,base,0.5,1.0,0.75,12,0.020354141462207622,404,-0.2801846837236906,-0.01150686737448503,-0.1897096211649613,-0.06741936324347375,0.44554455445544555,1.2133438051157526,0.44554455445544555
0.95,12,base,0.5,1.0,0.75,24,0.020354141462207622,404,-0.2801846837236906,-0.01150686737448503,-0.1897096211649613,-0.06741936324347375,0.44554455445544555,1.2133438051157526,0.44554455445544555
0.85,11,base,0.4,2.0,0.75,12,0.018069504979977443,274,-0.31882932756540444,-0.01151077883428997,-0.23713817462064482,-0.053953551396235255,0.3029197080291971,2.234354066502701,0.26277372262773724
0.85,11,base,0.5,1.5,0.75,12,0.022967702564092134,346,-0.2681597164899841,-0.011512748817413265,-0.24979018201898315,-0.05122953527159413,0.35260115606936415,1.7909560847873123,0.33815028901734107
0.8,10,shallow,0.8,3.0,2.0,24,0.04189406605295098,145,-0.3368333116650031,-0.011558349425975445,-0.1435539351160019,-0.08949450066301479,0.42758620689655175,1.297831497100341,0.2827586206896552
0.85,11,base,0.5,3.0,1.0,24,0.022967702564092134,197,-0.3652168499185482,-0.011561205408448294,-0.1711291118907379,-0.0750921920520643,0.2893401015228426,2.3816103847285497,0.2233502538071066
0.85,11,deep_slow,0.7,3.0,2.5,24,0.032567944659426015,131,-0.3697281698202195,-0.01156225107934905,-0.11818251290888503,-0.10874385168433631,0.48854961832061067,1.0139571493085016,0.3282442748091603
0.8,10,deep_slow,0.6,3.0,2.5,24,0.027441884318986948,121,-0.36870774788133337,-0.011686327097755855,-0.1431377880590902,-0.09074782500545242,0.5206611570247934,0.8885655993114969,0.3140495867768595
0.85,11,shallow,0.5,1.5,0.75,12,0.021430229292638114,344,-0.27455882061164805,-0.011690382103251906,-0.2600244586617102,-0.04997201878517721,0.34593023255813954,1.843204565854508,0.3313953488372093
0.85,11,deep_slow,0.6,3.0,2.5,24,0.02660926817449534,131,-0.3466473527765278,-0.011700271879106827,-0.1373402006598511,-0.09469137482771983,0.48854961832061067,1.0139882452348572,0.33587786259541985
0.8,10,shallow,0.5,1.5,0.5,12,0.02225569419366929,399,-0.31162438945615806,-0.01171501500054728,-0.2903138152709805,-0.044852528399246694,0.2706766917293233,2.6180543306323814,0.2606516290726817
0.9,12,shallow,0.5,3.0,1.5,12,0.022171242241514764,191,-0.3477316434845489,-0.011782344819335933,-0.13030633957791546,-0.10050237244967763,0.41361256544502617,1.37306998713825,0.18848167539267016
0.95,12,shallow,0.5,3.0,1.5,12,0.022171242241514764,191,-0.3477316434845489,-0.011782344819335933,-0.13030633957791546,-0.10050237244967763,0.41361256544502617,1.37306998713825,0.18848167539267016
0.9,12,deep_slow,0.4,2.0,1.5,6,0.019103795708262847,249,-0.2911647115056681,-0.011812159654763232,-0.11835743279781828,-0.11092850753350425,0.4738955823293173,1.076854399133852,0.21285140562248997
0.95,12,deep_slow,0.4,2.0,1.5,6,0.019103795708262847,249,-0.2911647115056681,-0.011812159654763232,-0.11835743279781828,-0.11092850753350425,0.4738955823293173,1.076854399133852,0.21285140562248997
0.8,10,base,0.4,1.5,0.75,6,0.018576634829056745,334,-0.3005139744393505,-0.012076047573664095,-0.279945408052525,-0.04794622106926916,0.36826347305389223,1.6662349582459546,0.2994011976047904
0.8,10,shallow,0.7,2.5,0.75,12,0.034650808039162956,311,-0.2942039362286189,-0.012086511571089864,-0.139764268542462,-0.09611860862856125,0.27009646302250806,2.6313145630368044,0.18971061093247588
0.8,10,deep_slow,0.7,3.0,2.5,24,0.03201506443356151,121,-0.4148049080121631,-0.01215353919111728,-0.13552090798080357,-0.09967757776846531,0.5041322314049587,0.9477154911848507,0.2975206611570248
0.8,10,deep_slow,0.8,2.5,0.75,12,0.03652372924092767,317,-0.3033379887360159,-0.01232377701977716,-0.15114387531434065,-0.09062543599258899,0.28391167192429023,2.4568272473877664,0.1892744479495268
0.85,11,deep_slow,0.6,4.0,2.5,24,0.02660926817449534,110,-0.4381239863740005,-0.012329522274919902,-0.13669342336900728,-0.10025252474812374,0.4727272727272727,1.0824200898284657,0.22727272727272727
0.8,10,deep_slow,0.5,3.0,0.75,12,0.02386910511055699,257,-0.3472989285056177,-0.012383403800606763,-0.1904819341533643,-0.07225727977206253,0.26848249027237353,2.6375900177502483,0.1556420233463035
0.9,12,deep_slow,0.8,2.5,2.0,6,0.03478537134288336,274,-0.27229568762638945,-0.012456867887566725,-0.14329612528471236,-0.09662020879108402,0.4744525547445255,1.0767935029820126,0.1678832116788321
0.95,12,deep_slow,0.8,2.5,2.0,6,0.03478537134288336,274,-0.27229568762638945,-0.012456867887566725,-0.14329612528471236,-0.09662020879108402,0.4744525547445255,1.0767935029820126,0.1678832116788321
0.85,11,base,0.5,2.5,2.0,24,0.022967702564092134,143,-0.32614010597119564,-0.012470274269635317,-0.13479534006395916,-0.10282396759698187,0.44755244755244755,1.1929376335937372,0.34965034965034963
0.8,10,base,0.8,3.0,1.5,12,0.041557390516231536,209,-0.3736313490957014,-0.012474882195139703,-0.12866988479034006,-0.10775877824497704,0.42105263157894735,1.3336452819151867,0.17703349282296652
0.9,12,deep_slow,0.7,2.0,0.75,12,0.03039343375568873,335,-0.2967940335249247,-0.012499057163945948,-0.1342691167211658,-0.10346504383227129,0.30149253731343284,2.2885901054278404,0.24776119402985075
0.95,12,deep_slow,0.7,2.0,0.75,12,0.03039343375568873,335,-0.2967940335249247,-0.012499057163945948,-0.1342691167211658,-0.10346504383227129,0.30149253731343284,2.2885901054278404,0.24776119402985075
0.9,12,base,0.6,1.0,0.75,12,0.024507847669689414,438,-0.29066329654677225,-0.012540866615505686,-0.24002762436764952,-0.05807080124028052,0.4474885844748858,1.2037278185728317,0.4474885844748858
0.9,12,base,0.6,1.0,0.75,24,0.024507847669689414,438,-0.29066329654677225,-0.012540866615505686,-0.24002762436764952,-0.05807080124028052,0.4474885844748858,1.2037278185728317,0.4474885844748858
0.95,12,base,0.6,1.0,0.75,12,0.024507847669689414,438,-0.29066329654677225,-0.012540866615505686,-0.24002762436764952,-0.05807080124028052,0.4474885844748858,1.2037278185728317,0.4474885844748858
0.95,12,base,0.6,1.0,0.75,24,0.024507847669689414,438,-0.29066329654677225,-0.012540866615505686,-0.24002762436764952,-0.05807080124028052,0.4474885844748858,1.2037278185728317,0.4474885844748858
0.8,10,shallow,0.7,1.5,0.75,24,0.034650808039162956,388,-0.2748837381022367,-0.012550983720455933,-0.19579836794026656,-0.07124591141969538,0.34536082474226804,1.850859539772579,0.34536082474226804
0.9,12,shallow,0.4,1.0,0.5,6,0.01727300411761307,405,-0.36276202931972756,-0.012615554983777977,-0.350325960169408,-0.04002429591985679,0.35802469135802467,1.7306670268626314,0.34814814814814815
0.95,12,shallow,0.4,1.0,0.5,6,0.01727300411761307,405,-0.36276202931972756,-0.012615554983777977,-0.350325960169408,-0.04002429591985679,0.35802469135802467,1.7306670268626314,0.34814814814814815
0.8,10,deep_slow,0.5,3.0,1.5,24,0.02386910511055699,160,-0.3684403078043508,-0.012640509254281063,-0.13883529157322638,-0.10119376210672415,0.375,1.595716976710042,0.2625
0.8,10,base,0.5,1.0,0.75,6,0.023983485622980496,416,-0.298696381488049,-0.012646230086819532,-0.2848520496233189,-0.049343577982218556,0.4423076923076923,1.226447626298778,0.4230769230769231
0.85,11,deep_slow,0.6,1.0,0.5,6,0.02660926817449534,522,-0.30884409165988036,-0.01267037334232779,-0.2760017544928353,-0.05102298740638411,0.3524904214559387,1.7878046314884593,0.34099616858237547
0.9,12,deep_slow,0.5,3.0,0.75,12,0.02263787441816482,264,-0.3847127685093464,-0.01272593260202437,-0.16798210125423468,-0.08420028431582549,0.25757575757575757,2.7904414582870225,0.1553030303030303
0.95,12,deep_slow,0.5,3.0,0.75,12,0.02263787441816482,264,-0.3847127685093464,-0.01272593260202437,-0.16798210125423468,-0.08420028431582549,0.25757575757575757,2.7904414582870225,0.1553030303030303
0.9,12,shallow,0.5,2.0,1.5,6,0.022171242241514764,263,-0.3163190764575913,-0.012753233494915528,-0.14243786277473802,-0.09951330271715864,0.4790874524714829,1.0546248701791325,0.22813688212927757
0.95,12,shallow,0.5,2.0,1.5,6,0.022171242241514764,263,-0.3163190764575913,-0.012753233494915528,-0.14243786277473802,-0.09951330271715864,0.4790874524714829,1.0546248701791325,0.22813688212927757
0.8,10,base,0.4,1.5,0.5,6,0.018576634829056745,378,-0.344936218886778,-0.012842963483943648,-0.30542334314004965,-0.04673552154323812,0.2857142857142857,2.4157441877233725,0.24074074074074073
0.85,11,shallow,0.4,3.0,2.5,12,0.014641812176194218,148,-0.4934521711703566,-0.012844139747449468,-0.1437947313326957,-0.09927641639580365,0.47297297297297297,1.0695828509174157,0.1891891891891892
0.9,12,base,0.8,2.0,0.5,6,0.03553384163128094,461,-0.3174713593021264,-0.012916788189927697,-0.1942242154990243,-0.073915142764024,0.25813449023861174,2.821759836469093,0.15184381778741865
0.95,12,base,0.8,2.0,0.5,6,0.03553384163128094,461,-0.3174713593021264,-0.012916788189927697,-0.1942242154990243,-0.073915142764024,0.25813449023861174,2.821759836469093,0.15184381778741865
0.8,10,deep_slow,0.8,2.5,0.75,24,0.03652372924092767,294,-0.33240301112774434,-0.012925042885400195,-0.143219415319311,-0.10030259090935967,0.24489795918367346,2.9867678000664637,0.22448979591836735
0.9,12,deep_slow,0.5,3.0,1.0,12,0.02263787441816482,226,-0.3996623295035086,-0.012932463352474999,-0.16204336167678404,-0.08870168804589906,0.3185840707964602,2.0694938852840177,0.17256637168141592
0.95,12,deep_slow,0.5,3.0,1.0,12,0.02263787441816482,226,-0.3996623295035086,-0.012932463352474999,-0.16204336167678404,-0.08870168804589906,0.3185840707964602,2.0694938852840177,0.17256637168141592
0.8,10,deep_slow,0.6,1.5,0.5,12,0.027441884318986948,442,-0.3185185185175751,-0.012937141454556489,-0.250383621611208,-0.05742674060739983,0.27149321266968324,2.608139094031894,0.26018099547511314
0.9,12,shallow,0.7,2.0,1.5,6,0.033289881212306936,290,-0.29945973364353956,-0.01299006637802047,-0.1452946728088293,-0.09936699030804463,0.4827586206896552,1.0417601543390345,0.21724137931034482
0.95,12,shallow,0.7,2.0,1.5,6,0.033289881212306936,290,-0.29945973364353956,-0.01299006637802047,-0.1452946728088293,-0.09936699030804463,0.4827586206896552,1.0417601543390345,0.21724137931034482
0.9,12,deep_slow,0.5,1.5,0.75,6,0.02263787441816482,364,-0.3094700847921121,-0.013036313350910933,-0.2006919561655965,-0.07219450532187621,0.37637362637362637,1.609570539977007,0.29945054945054944
0.95,12,deep_slow,0.5,1.5,0.75,6,0.02263787441816482,364,-0.3094700847921121,-0.013036313350910933,-0.2006919561655965,-0.07219450532187621,0.37637362637362637,1.609570539977007,0.29945054945054944
0.9,12,shallow,0.8,1.5,0.75,6,0.04167225887876418,433,-0.2801308626458021,-0.013157225726276423,-0.2180571978035326,-0.06706103418791387,0.3695150115473441,1.6808750636400893,0.28868360277136257
0.95,12,shallow,0.8,1.5,0.75,6,0.04167225887876418,433,-0.2801308626458021,-0.013157225726276423,-0.2180571978035326,-0.06706103418791387,0.3695150115473441,1.6808750636400893,0.28868360277136257
0.8,10,deep_slow,0.8,3.0,1.0,12,0.03652372924092767,263,-0.3358210048633447,-0.013190770438655575,-0.12420747444541988,-0.11803150760782621,0.3193916349809886,2.0701496664984944,0.155893536121673
0.85,11,deep_slow,0.5,1.0,0.75,12,0.02084289794941308,402,-0.3152056970724757,-0.013223136768493848,-0.2630709096077133,-0.055864561101815036,0.4427860696517413,1.2229451111663912,0.4427860696517413
0.85,11,deep_slow,0.5,1.0,0.75,24,0.02084289794941308,402,-0.3152056970724757,-0.013223136768493848,-0.2630709096077133,-0.055864561101815036,0.4427860696517413,1.2229451111663912,0.4427860696517413
0.9,12,base,0.8,1.5,0.75,24,0.03553384163128094,398,-0.2842009083009774,-0.01325038256986788,-0.20845928036644684,-0.07064496937469211,0.34673366834170855,1.856114699533781,0.34673366834170855
0.95,12,base,0.8,1.5,0.75,24,0.03553384163128094,398,-0.2842009083009774,-0.01325038256986788,-0.20845928036644684,-0.07064496937469211,0.34673366834170855,1.856114699533781,0.34673366834170855
0.9,12,deep_slow,0.8,1.5,0.75,6,0.03478537134288336,439,-0.2805936038985155,-0.013271919307902391,-0.19277173996960867,-0.07651804994657185,0.36674259681093396,1.7005165102626278,0.2938496583143508
0.95,12,deep_slow,0.8,1.5,0.75,6,0.03478537134288336,439,-0.2805936038985155,-0.013271919307902391,-0.19277173996960867,-0.07651804994657185,0.36674259681093396,1.7005165102626278,0.2938496583143508
0.9,12,deep_slow,0.5,2.0,0.75,6,0.02263787441816482,328,-0.33288042778068205,-0.013275286378571671,-0.1737930840872619,-0.08489553587222365,0.34146341463414637,1.868080213144252,0.1951219512195122
0.95,12,deep_slow,0.5,2.0,0.75,6,0.02263787441816482,328,-0.33288042778068205,-0.013275286378571671,-0.1737930840872619,-0.08489553587222365,0.34146341463414637,1.868080213144252,0.1951219512195122
0.8,10,shallow,0.7,3.0,1.5,24,0.034650808039162956,170,-0.3815819918674474,-0.013280583198077012,-0.1362871368233173,-0.10830177997299806,0.3764705882352941,1.5863693545553539,0.2529411764705882
0.8,10,deep_slow,0.6,1.0,0.75,6,0.027441884318986948,465,-0.2904556756935984,-0.013303062611252026,-0.24934047200820256,-0.05929684964502646,0.44731182795698926,1.2039344241490404,0.4258064516129032
0.9,12,deep_slow,0.8,1.5,1.0,6,0.03478537134288336,388,-0.283518577757489,-0.013382189453954974,-0.17215029957926725,-0.08639531820085933,0.43041237113402064,1.3030870979108566,0.31958762886597936
0.95,12,deep_slow,0.8,1.5,1.0,6,0.03478537134288336,388,-0.283518577757489,-0.013382189453954974,-0.17215029957926725,-0.08639531820085933,0.43041237113402064,1.3030870979108566,0.31958762886597936
0.9,12,deep_slow,0.7,2.0,0.75,24,0.03039343375568873,313,-0.32893671219241855,-0.01341267308834937,-0.14294063752081287,-0.1042868843194138,0.2779552715654952,2.560038736126521,0.2747603833865815
0.95,12,deep_slow,0.7,2.0,0.75,24,0.03039343375568873,313,-0.32893671219241855,-0.01341267308834937,-0.14294063752081287,-0.1042868843194138,0.2779552715654952,2.560038736126521,0.2747603833865815
0.8,10,deep_slow,0.4,2.5,1.0,12,0.02012685895493155,231,-0.3493467530270011,-0.013414323462705657,-0.1981174336220459,-0.07525166407043427,0.33766233766233766,1.8952600716189472,0.21212121212121213
0.8,10,deep_slow,0.6,2.0,1.0,6,0.027441884318986948,324,-0.3092210232662692,-0.01343072594976591,-0.14835189617518124,-0.10061807630436004,0.39814814814814814,1.4690436533594824,0.21296296296296297
0.85,11,base,0.8,2.5,0.75,12,0.037861802141293005,318,-0.33593650476208675,-0.013437528392975517,-0.15232388103250283,-0.09804396250051639,0.27044025157232704,2.6224389423498056,0.18553459119496854
0.9,12,deep_slow,0.7,1.0,0.5,6,0.03039343375568873,567,-0.3089962629380036,-0.013443526171812437,-0.23602067260389895,-0.06330419093700768,0.35802469135802467,1.7578192912689616,0.345679012345679
0.95,12,deep_slow,0.7,1.0,0.5,6,0.03039343375568873,567,-0.3089962629380036,-0.013443526171812437,-0.23602067260389895,-0.06330419093700768,0.35802469135802467,1.7578192912689616,0.345679012345679
0.9,12,shallow,0.7,3.0,1.5,24,0.033289881212306936,172,-0.41540406543642727,-0.013477218878917285,-0.12761419902880972,-0.11737342119888172,0.3546511627906977,1.7424966350518702,0.2558139534883721
0.95,12,shallow,0.7,3.0,1.5,24,0.033289881212306936,172,-0.41540406543642727,-0.013477218878917285,-0.12761419902880972,-0.11737342119888172,0.3546511627906977,1.7424966350518702,0.2558139534883721
0.8,10,base,0.4,3.0,1.0,12,0.018576634829056745,210,-0.4315988948412691,-0.013525291699718944,-0.25038486280537964,-0.06003518723535495,0.32857142857142857,1.9690777697610962,0.1619047619047619
0.9,12,deep_slow,0.8,2.0,1.5,6,0.03478537134288336,305,-0.3029476355979913,-0.013559971504700563,-0.15325407388315399,-0.0983361486443417,0.46557377049180326,1.115672501513827,0.2262295081967213
0.95,12,deep_slow,0.8,2.0,1.5,6,0.03478537134288336,305,-0.3029476355979913,-0.013559971504700563,-0.15325407388315399,-0.0983361486443417,0.46557377049180326,1.115672501513827,0.2262295081967213
0.8,10,deep_slow,0.5,2.5,0.75,24,0.02386910511055699,255,-0.37797807578090004,-0.01365201644271774,-0.19082397310119595,-0.07951115305185108,0.25098039215686274,2.8816063982463618,0.22745098039215686
0.9,12,shallow,0.6,3.0,1.5,24,0.02729219059178709,170,-0.41341051016179714,-0.013723159711112931,-0.12174595859968886,-0.12527430368968928,0.3588235294117647,1.7103889394253555,0.25882352941176473
0.95,12,shallow,0.6,3.0,1.5,24,0.02729219059178709,170,-0.41341051016179714,-0.013723159711112931,-0.12174595859968886,-0.12527430368968928,0.3588235294117647,1.7103889394253555,0.25882352941176473
0.8,10,shallow,0.5,2.0,0.75,24,0.02225569419366929,286,-0.3613242850150136,-0.013820548604078331,-0.18341661939408047,-0.08374263776231017,0.28321678321678323,2.4485705928960737,0.27972027972027974
0.9,12,shallow,0.4,2.0,0.75,24,0.01727300411761307,252,-0.39974381661612857,-0.013836139014216986,-0.23426002732795148,-0.0656411803837621,0.2896825396825397,2.361346314573518,0.2777777777777778
0.95,12,shallow,0.4,2.0,0.75,24,0.01727300411761307,252,-0.39974381661612857,-0.013836139014216986,-0.23426002732795148,-0.0656411803837621,0.2896825396825397,2.361346314573518,0.2777777777777778
0.85,11,deep_slow,0.5,3.0,2.0,24,0.02084289794941308,132,-0.4694026027526917,-0.013897893028577024,-0.18171305930022963,-0.08500039826392702,0.45454545454545453,1.1522500586062439,0.2803030303030303
0.8,10,base,0.4,2.0,0.75,24,0.018576634829056745,267,-0.39714729834728574,-0.013951627856628734,-0.23781159350557823,-0.06520016202807155,0.2883895131086142,2.3802198743275014,0.2846441947565543
0.8,10,base,0.8,3.0,2.0,24,0.041557390516231536,146,-0.42843945175799,-0.013973765926408865,-0.1609109737660954,-0.09651261238583964,0.4246575342465753,1.305430034760104,0.2808219178082192
0.8,10,deep_slow,0.5,2.5,1.5,24,0.02386910511055699,172,-0.3806350376643246,-0.013987464869002708,-0.15612581226331734,-0.09956810256969861,0.38953488372093026,1.4978957256051093,0.313953488372093
0.9,12,shallow,0.7,1.0,0.5,6,0.033289881212306936,543,-0.34305308376417804,-0.014139927018639642,-0.35097429790469215,-0.04477380845512091,0.35543278084714547,1.7738689520311268,0.34806629834254144
0.95,12,shallow,0.7,1.0,0.5,6,0.033289881212306936,543,-0.34305308376417804,-0.014139927018639642,-0.35097429790469215,-0.04477380845512091,0.35543278084714547,1.7738689520311268,0.34806629834254144
0.9,12,base,0.5,3.0,0.75,12,0.020354141462207622,264,-0.44131322798824774,-0.014359157912815834,-0.201315046117928,-0.07926829677326996,0.2537878787878788,2.8348944710946453,0.1553030303030303
0.95,12,base,0.5,3.0,0.75,12,0.020354141462207622,264,-0.44131322798824774,-0.014359157912815834,-0.201315046117928,-0.07926829677326996,0.2537878787878788,2.8348944710946453,0.1553030303030303
0.8,10,base,0.8,2.5,1.5,6,0.041557390516231536,295,-0.31681702450538357,-0.014391828104572513,-0.145618599504721,-0.10983609890713786,0.4576271186440678,1.1498879229960466,0.16271186440677965
0.8,10,shallow,0.5,1.5,0.75,24,0.02225569419366929,337,-0.35535186296987564,-0.014439221622967513,-0.2620842792431454,-0.061227655690251015,0.34421364985163205,1.8453757531207196,0.34421364985163205
0.8,10,shallow,0.7,1.5,0.75,12,0.034650808039162956,393,-0.32232443018778467,-0.014540852137515659,-0.21188482080605162,-0.0762662394207031,0.3486005089058524,1.8177723435688098,0.33078880407124683
0.8,10,deep_slow,0.4,2.5,2.0,6,0.02012685895493155,229,-0.36067750059383125,-0.014671976067165526,-0.2060193500754437,-0.07914430877419942,0.519650655021834,0.8889569857161058,0.15283842794759825
0.8,10,base,0.8,1.5,0.5,12,0.041557390516231536,491,-0.33988326976743477,-0.014673874307444601,-0.21752259353837794,-0.07496861171462121,0.2729124236252546,2.6152876635428015,0.2606924643584521
0.85,11,shallow,0.8,1.5,0.75,6,0.04206355121771392,445,-0.2986821615236263,-0.014701154223121682,-0.21931142333836806,-0.0744952454496195,0.3707865168539326,1.6681959184694162,0.2966292134831461
0.9,12,deep_slow,0.8,1.5,0.75,24,0.03478537134288336,393,-0.3273047750008107,-0.014735262361672552,-0.2210436311636468,-0.07408280242505261,0.3435114503816794,1.8764801803187765,0.3435114503816794
0.95,12,deep_slow,0.8,1.5,0.75,24,0.03478537134288336,393,-0.3273047750008107,-0.014735262361672552,-0.2210436311636468,-0.07408280242505261,0.3435114503816794,1.8764801803187765,0.3435114503816794
0.8,10,deep_slow,0.8,3.0,1.5,24,0.03652372924092767,177,-0.4114500269115577,-0.014794975221985363,-0.13841752610736469,-0.11878435006531185,0.3672316384180791,1.6485464984267213,0.2542372881355932
0.8,10,deep_slow,0.6,1.5,0.5,24,0.027441884318986948,438,-0.3698499867410609,-0.014807427916902816,-0.27939536654743596,-0.05889740871339,0.2648401826484018,2.686873146749795,0.2648401826484018
0.8,10,deep_slow,0.8,2.0,1.0,6,0.03652372924092767,347,-0.33413936777477155,-0.014866501606663585,-0.15003887280119346,-0.11011317765450734,0.4034582132564842,1.4353803363349904,0.19596541786743515
0.9,12,deep_slow,0.8,2.5,0.75,24,0.03478537134288336,293,-0.38495798531845316,-0.01487804761917455,-0.16019626041918145,-0.10321138188163936,0.24573378839590443,2.95131228339053,0.22184300341296928
0.95,12,deep_slow,0.8,2.5,0.75,24,0.03478537134288336,293,-0.38495798531845316,-0.01487804761917455,-0.16019626041918145,-0.10321138188163936,0.24573378839590443,2.95131228339053,0.22184300341296928
0.8,10,deep_slow,0.7,2.5,0.75,12,0.03201506443356151,310,-0.36032949591199964,-0.014931488450843466,-0.22255753989038526,-0.07455787089345078,0.2806451612903226,2.4815440616723947,0.1935483870967742
0.8,10,shallow,0.7,2.0,0.5,6,0.034650808039162956,444,-0.38659033519709657,-0.015128776068034644,-0.24591173836890573,-0.0683679229447488,0.25675675675675674,2.7983199827826213,0.15090090090090091
0.85,11,base,0.6,2.0,1.5,24,0.02743703889797145,202,-0.3948824259138935,-0.015205508534169576,-0.15119507540087157,-0.11176073927392738,0.4158415841584158,1.352244553218069,0.39603960396039606
0.8,10,base,0.8,1.5,1.0,12,0.041557390516231536,359,-0.3256768818092642,-0.015233566746778893,-0.17274809255278178,-0.09799718732794394,0.41225626740947074,1.4000046983185062,0.38440111420612816
0.85,11,shallow,0.6,2.5,2.0,6,0.026722697488877702,261,-0.33155784557379486,-0.015254950648010301,-0.18145087053945957,-0.09342788043668837,0.4942528735632184,0.988461265597223,0.17624521072796934
0.8,10,deep_slow,0.6,3.0,0.75,12,0.027441884318986948,275,-0.4458613379777367,-0.015260186959795585,-0.19819924532398242,-0.08556230475152748,0.2581818181818182,2.768438181666392,0.15272727272727274
0.85,11,deep_slow,0.4,3.0,2.5,12,0.015505342952291496,151,-0.5164209269316316,-0.01534312816891914,-0.18846142826232773,-0.09047196220162013,0.4768211920529801,1.0463616499839616,0.2251655629139073
0.8,10,base,0.5,1.0,0.5,6,0.023983485622980496,478,-0.39571221998562245,-0.01536065365716166,-0.46411264394421115,-0.036779721824955924,0.35564853556485354,1.7476330726467462,0.3472803347280335
0.85,11,base,0.6,1.0,0.75,12,0.02743703889797145,442,-0.3607159759991995,-0.015390942501649074,-0.2843680634316277,-0.060145867470881464,0.4411764705882353,1.2365785476985736,0.4411764705882353
0.85,11,base,0.6,1.0,0.75,24,0.02743703889797145,442,-0.3607159759991995,-0.015390942501649074,-0.2843680634316277,-0.060145867470881464,0.4411764705882353,1.2365785476985736,0.4411764705882353
0.85,11,base,0.6,2.0,1.5,12,0.02743703889797145,226,-0.39087489461413316,-0.015397921508444212,-0.1759375859457681,-0.09725785759673222,0.4557522123893805,1.1517978012194423,0.3274336283185841
0.8,10,deep_slow,0.7,2.0,1.0,12,0.03201506443356151,294,-0.35803523127431963,-0.015455873840277579,-0.1437546836050433,-0.119478939778769,0.35374149659863946,1.7703878725045363,0.2857142857142857
0.8,10,shallow,0.7,2.0,0.75,6,0.034650808039162956,375,-0.3708303518827419,-0.015687953390095655,-0.1898617519939305,-0.09182118458529176,0.3466666666666667,1.8226520517435063,0.184
0.8,10,base,0.4,2.0,0.5,24,0.018576634829056745,324,-0.469863196980336,-0.01578742709422387,-0.3511598647895426,-0.04995950428496854,0.21296296296296297,3.5354147478184315,0.21296296296296297
0.8,10,shallow,0.5,2.0,0.5,12,0.02225569419366929,358,-0.44988988879095315,-0.015826985593726972,-0.31283226155896005,-0.056220840526421734,0.22625698324022347,3.281130009312745,0.19553072625698323
0.8,10,base,0.7,1.0,0.5,12,0.034786761033208866,564,-0.37109345633388435,-0.01583226774655222,-0.38213849549254914,-0.046039740575727905,0.35638297872340424,1.7625347489813348,0.35638297872340424
0.8,10,base,0.7,1.0,0.5,24,0.034786761033208866,564,-0.37109345633388435,-0.01583226774655222,-0.38213849549254914,-0.046039740575727905,0.35638297872340424,1.7625347489813348,0.35638297872340424
0.8,10,deep_slow,0.5,1.5,1.0,12,0.02386910511055699,302,-0.38606037672941845,-0.01591320539929375,-0.2525705646933143,-0.0700137712780513,0.4105960264900662,1.3883172382121185,0.39072847682119205
0.8,10,deep_slow,0.5,1.5,1.0,6,0.02386910511055699,325,-0.3782853397640608,-0.015944968409747684,-0.29415530035011483,-0.06023580807576878,0.44,1.2290306893786211,0.3230769230769231
0.9,12,deep_slow,0.4,1.0,0.75,12,0.019103795708262847,363,-0.4163216124059018,-0.015976353453227676,-0.2889189312808239,-0.06144812611488293,0.4462809917355372,1.1935429034441587,0.4462809917355372
0.9,12,deep_slow,0.4,1.0,0.75,24,0.019103795708262847,363,-0.4163216124059018,-0.015976353453227676,-0.2889189312808239,-0.06144812611488293,0.4462809917355372,1.1935429034441587,0.4462809917355372
0.95,12,deep_slow,0.4,1.0,0.75,12,0.019103795708262847,363,-0.4163216124059018,-0.015976353453227676,-0.2889189312808239,-0.06144812611488293,0.4462809917355372,1.1935429034441587,0.4462809917355372
0.95,12,deep_slow,0.4,1.0,0.75,24,0.019103795708262847,363,-0.4163216124059018,-0.015976353453227676,-0.2889189312808239,-0.06144812611488293,0.4462809917355372,1.1935429034441587,0.4462809917355372
0.85,11,shallow,0.5,2.0,1.0,6,0.021430229292638114,303,-0.36934265939528876,-0.016025516785835192,-0.2938263458967468,-0.06060759927395121,0.3927392739273927,1.4895369367034093,0.20132013201320131
0.9,12,base,0.8,1.5,1.0,24,0.03553384163128094,339,-0.3655760396364085,-0.016349297346026415,-0.21927958988069035,-0.08285117640130313,0.40412979351032446,1.44403543819926,0.40412979351032446
0.95,12,base,0.8,1.5,1.0,24,0.03553384163128094,339,-0.3655760396364085,-0.016349297346026415,-0.21927958988069035,-0.08285117640130313,0.40412979351032446,1.44403543819926,0.40412979351032446
0.9,12,deep_slow,0.8,2.0,0.5,24,0.03478537134288336,403,-0.4322409903034328,-0.016381220229503723,-0.22879170971718418,-0.07956150249798433,0.2109181141439206,3.6614150762807505,0.2109181141439206
0.95,12,deep_slow,0.8,2.0,0.5,24,0.03478537134288336,403,-0.4322409903034328,-0.016381220229503723,-0.22879170971718418,-0.07956150249798433,0.2109181141439206,3.6614150762807505,0.2109181141439206
0.9,12,deep_slow,0.6,3.0,1.5,12,0.026488612559532297,201,-0.47167034668482555,-0.016557221540102973,-0.16961180488979455,-0.10847360132909978,0.40298507462686567,1.4226317475350867,0.20398009950248755
0.95,12,deep_slow,0.6,3.0,1.5,12,0.026488612559532297,201,-0.47167034668482555,-0.016557221540102973,-0.16961180488979455,-0.10847360132909978,0.40298507462686567,1.4226317475350867,0.20398009950248755
0.85,11,base,0.6,1.5,0.75,24,0.02743703889797145,375,-0.3820879235745312,-0.016642278235296737,-0.26039475517159427,-0.07101843949826503,0.3413333333333333,1.8857704860264994,0.3413333333333333
0.8,10,shallow,0.4,2.0,0.75,12,0.016624676068168656,273,-0.4564792814964108,-0.016644351233483068,-0.24904255494298183,-0.07426494039029985,0.2967032967032967,2.2705168300829595,0.2564102564102564
0.8,10,shallow,0.5,1.5,0.75,12,0.02225569419366929,340,-0.41409517422737047,-0.016763229460637574,-0.3085095076815364,-0.06037772376480943,0.35,1.7894358473713272,0.3352941176470588
0.8,10,shallow,0.7,2.0,1.5,6,0.034650808039162956,300,-0.36968129152640095,-0.016766521407600155,-0.1878962443035578,-0.0991544902631728,0.49,1.0046997900548735,0.22
0.85,11,base,0.8,2.0,0.75,24,0.037861802141293005,334,-0.4182936298986033,-0.016898955944198435,-0.19083561094336907,-0.09839764596857814,0.27844311377245506,2.5381708291755283,0.2754491017964072
0.8,10,shallow,0.8,1.5,1.0,6,0.04189406605295098,397,-0.34454201146712204,-0.016902981427567187,-0.2201650098451129,-0.08530984847150669,0.4282115869017632,1.3073784416560192,0.3249370277078086
0.9,12,shallow,0.8,3.0,2.0,24,0.04167225887876418,143,-0.5053714012750319,-0.016952753031909906,-0.1789291859635621,-0.10527905497611167,0.4195804195804196,1.32127827432608,0.27972027972027974
0.95,12,shallow,0.8,3.0,2.0,24,0.04167225887876418,143,-0.5053714012750319,-0.016952753031909906,-0.1789291859635621,-0.10527905497611167,0.4195804195804196,1.32127827432608,0.27972027972027974
0.85,11,shallow,0.5,2.0,0.75,6,0.021430229292638114,334,-0.41227061370449464,-0.016955493560587787,-0.38046404782725585,-0.04951989023362802,0.3323353293413174,1.928925278005786,0.18862275449101795
0.85,11,base,0.8,2.5,0.75,24,0.037861802141293005,292,-0.4504989256108168,-0.016985532916634183,-0.18858594396222172,-0.10008107884340889,0.24315068493150685,2.986828067399407,0.2226027397260274
0.9,12,shallow,0.4,1.0,0.75,6,0.01727300411761307,366,-0.4495426164424101,-0.017048470254629633,-0.38960861232437416,-0.048622517089509154,0.45081967213114754,1.1670755356371343,0.43169398907103823
0.95,12,shallow,0.4,1.0,0.75,6,0.01727300411761307,366,-0.4495426164424101,-0.017048470254629633,-0.38960861232437416,-0.048622517089509154,0.45081967213114754,1.1670755356371343,0.43169398907103823
0.8,10,base,0.8,2.5,0.75,24,0.041557390516231536,295,-0.44616862600791074,-0.01710918961249619,-0.179370761726751,-0.10598803984981497,0.24067796610169492,3.0284569155314935,0.22372881355932203
0.8,10,deep_slow,0.8,1.0,0.75,24,0.03652372924092767,499,-0.3675378129918357,-0.017127892789761345,-0.2707246215129031,-0.07029991389633339,0.4408817635270541,1.2308367965046463,0.4408817635270541
0.8,10,deep_slow,0.4,2.5,0.5,24,0.02012685895493155,291,-0.5173907348192668,-0.01720256248666774,-0.35360349965640264,-0.05405717693277212,0.17869415807560138,4.365162302449297,0.16494845360824742
0.8,10,base,0.7,3.0,1.5,24,0.034786761033208866,169,-0.5219541227996911,-0.01735632320580416,-0.16399354935643884,-0.11759908573563405,0.3668639053254438,1.6357133548814546,0.24260355029585798
0.9,12,deep_slow,0.6,3.0,0.75,12,0.026488612559532297,283,-0.5137020223027039,-0.01739328862779055,-0.20279686595174892,-0.09529991987987174,0.2579505300353357,2.7594458373916626,0.1519434628975265
0.95,12,deep_slow,0.6,3.0,0.75,12,0.026488612559532297,283,-0.5137020223027039,-0.01739328862779055,-0.20279686595174892,-0.09529991987987174,0.2579505300353357,2.7594458373916626,0.1519434628975265
0.8,10,base,0.7,1.0,0.5,6,0.034786761033208866,570,-0.4099736822064457,-0.017474883481171655,-0.4275064818984341,-0.04541942628000828,0.356140350877193,1.7586976016485367,0.3508771929824561
0.9,12,deep_slow,0.4,1.0,0.5,6,0.019103795708262847,409,-0.5052999756321591,-0.017517909224801675,-0.3924451591732731,-0.049598928435251266,0.35207823960880197,1.7535714694566917,0.3471882640586797
0.95,12,deep_slow,0.4,1.0,0.5,6,0.019103795708262847,409,-0.5052999756321591,-0.017517909224801675,-0.3924451591732731,-0.049598928435251266,0.35207823960880197,1.7535714694566917,0.3471882640586797
0.8,10,deep_slow,0.4,4.0,2.5,24,0.02012685895493155,105,-0.6001332824618841,-0.017545299538627157,-0.2269369221535209,-0.08590608948191936,0.45714285714285713,1.1198821965070085,0.20952380952380953
0.8,10,shallow,0.7,1.0,0.5,6,0.034650808039162956,567,-0.4204491903178724,-0.017581943118641252,-0.3022665136424219,-0.0646315027517862,0.3544973544973545,1.758788893997633,0.3439153439153439
0.85,11,shallow,0.6,1.0,0.75,6,0.026722697488877702,453,-0.4127298821952653,-0.017712943289132088,-0.35145859962548825,-0.05599906143688338,0.44150110375275936,1.2287406157722474,0.4216335540838852
0.8,10,deep_slow,0.6,1.5,0.75,12,0.027441884318986948,370,-0.420997542563427,-0.017952253006723318,-0.3024582076521303,-0.06594955590525997,0.35405405405405405,1.7589065216044766,0.32972972972972975
0.9,12,base,0.4,2.0,0.75,12,0.01632796766513659,275,-0.49862568020444453,-0.017960956986440957,-0.2348476670344314,-0.08497698090789851,0.2909090909090909,2.326818898315925,0.2545454545454545
0.95,12,base,0.4,2.0,0.75,12,0.01632796766513659,275,-0.49862568020444453,-0.017960956986440957,-0.2348476670344314,-0.08497698090789851,0.2909090909090909,2.326818898315925,0.2545454545454545
0.85,11,deep_slow,0.6,4.0,2.0,24,0.02660926817449534,127,-0.6457882407592418,-0.018354371917775114,-0.19685869012073504,-0.10359369134077878,0.4094488188976378,1.3647771209891812,0.1889763779527559
0.8,10,shallow,0.8,1.5,0.75,6,0.04189406605295098,445,-0.388432923200956,-0.018360481086890146,-0.26943650334327257,-0.07571393955064165,0.3685393258426966,1.6730184820670182,0.2966292134831461
0.8,10,deep_slow,0.7,2.0,1.0,24,0.03201506443356151,265,-0.442989122625118,-0.018373188617270664,-0.16858505103977028,-0.12109142206802315,0.3283018867924528,1.9680707682716418,0.32075471698113206
0.8,10,deep_slow,0.7,2.0,0.75,12,0.03201506443356151,340,-0.45129573004164686,-0.018502902400524213,-0.24370438124678206,-0.08435701994297673,0.3,2.2449061161827517,0.24705882352941178
0.9,12,deep_slow,0.4,1.0,0.75,6,0.019103795708262847,370,-0.483412912135716,-0.018607699843144476,-0.3239136779415619,-0.06382716093578744,0.44324324324324327,1.200091873707374,0.43243243243243246
0.95,12,deep_slow,0.4,1.0,0.75,6,0.019103795708262847,370,-0.483412912135716,-0.018607699843144476,-0.3239136779415619,-0.06382716093578744,0.44324324324324327,1.200091873707374,0.43243243243243246
0.85,11,base,0.6,3.0,1.5,24,0.02743703889797145,174,-0.5432923058103197,-0.018668695004211533,-0.18508007085653883,-0.1120714320433831,0.3505747126436782,1.7543350845241554,0.26436781609195403
0.85,11,deep_slow,0.6,2.5,2.0,6,0.02660926817449534,256,-0.43929840296868594,-0.01867949902157251,-0.19942725608165954,-0.10406892342942475,0.48828125,1.0025155229783378,0.16796875
0.8,10,base,0.4,2.5,1.5,12,0.018576634829056745,189,-0.5114083266501777,-0.018734215936981657,-0.21858308948360955,-0.09522653085137167,0.41798941798941797,1.329365647206975,0.2275132275132275
0.85,11,base,0.5,1.0,0.5,12,0.022967702564092134,459,-0.5056728612357931,-0.018769181290326342,-0.46743643081412733,-0.044612946817807586,0.3464052287581699,1.8037699206713622,0.3464052287581699
0.85,11,base,0.5,1.0,0.5,24,0.022967702564092134,459,-0.5056728612357931,-0.018769181290326342,-0.46743643081412733,-0.044612946817807586,0.3464052287581699,1.8037699206713622,0.3464052287581699
0.8,10,deep_slow,0.7,1.5,0.5,24,0.03201506443356151,472,-0.4495443923726841,-0.01879396065533312,-0.3122283526962553,-0.06687803478845045,0.2648305084745763,2.7005577690576077,0.2648305084745763
0.85,11,base,0.5,2.0,1.5,6,0.022967702564092134,271,-0.44618229168185897,-0.01882971747468465,-0.21422526313323748,-0.09765843579998834,0.4575645756457565,1.1342366450194625,0.22509225092250923
0.85,11,base,0.8,1.5,0.75,12,0.037861802141293005,417,-0.40487362733665727,-0.0188907910828382,-0.2478510516758802,-0.08468266502409183,0.34772182254196643,1.8306994550482412,0.328537170263789
0.85,11,deep_slow,0.5,4.0,2.5,24,0.02084289794941308,107,-0.722126684528687,-0.01902242441514279,-0.19246329715614413,-0.10981200860007756,0.4766355140186916,1.0414007262320193,0.21495327102803738
0.8,10,deep_slow,0.8,1.0,0.75,12,0.03652372924092767,499,-0.41325792441046005,-0.019110233707058,-0.2940049242350316,-0.07221727828632074,0.4408817635270541,1.2265145739500862,0.43887775551102204
0.85,11,shallow,0.7,3.0,1.5,12,0.03422839379787348,203,-0.5550096271873491,-0.0191677091645851,-0.2058761628524055,-0.10344093807550203,0.4187192118226601,1.3238130690029444,0.18719211822660098
0.9,12,base,0.4,2.0,0.75,24,0.01632796766513659,270,-0.538417413707509,-0.01917555926067349,-0.2262982205435497,-0.09414451249564004,0.2740740740740741,2.5204816769484313,0.27037037037037037
0.95,12,base,0.4,2.0,0.75,24,0.01632796766513659,270,-0.538417413707509,-0.01917555926067349,-0.2262982205435497,-0.09414451249564004,0.2740740740740741,2.5204816769484313,0.27037037037037037
0.8,10,base,0.8,1.5,0.75,24,0.041557390516231536,407,-0.4178199894680429,-0.01917557810192394,-0.3382880283823428,-0.06297815699856735,0.3464373464373464,1.839533147142306,0.3464373464373464
0.85,11,shallow,0.8,4.0,2.0,24,0.04206355121771392,129,-0.6470343002654411,-0.019206125970463894,-0.18756800772823318,-0.11376491949527234,0.4263565891472868,1.2822973449736157,0.17829457364341086
0.8,10,base,0.8,1.5,0.5,24,0.041557390516231536,486,-0.45528491083406064,-0.019249773909514767,-0.28914839694482886,-0.07396582799717621,0.2654320987654321,2.6922370495109154,0.2654320987654321
0.8,10,deep_slow,0.7,1.5,0.5,6,0.03201506443356151,500,-0.4630665932225201,-0.019421886583324444,-0.32029507124315487,-0.06736947902491774,0.29,2.3787858736775425,0.238
0.8,10,deep_slow,0.8,3.0,1.5,12,0.03652372924092767,215,-0.5406625687630294,-0.019447647171048632,-0.16969061116978681,-0.12732997328403817,0.40930232558139534,1.3790222485086987,0.1813953488372093
0.85,11,shallow,0.7,2.5,2.0,6,0.03422839379787348,267,-0.4322934607207531,-0.01952825941062375,-0.21840515812134914,-0.0993390608292547,0.49063670411985016,0.9947920325938634,0.17228464419475656
0.8,10,deep_slow,0.8,1.0,0.75,6,0.03652372924092767,519,-0.4169728663445329,-0.019567169536217843,-0.29668667059035264,-0.07327374986467317,0.44315992292870904,1.2142391483653021,0.42003853564547206
0.8,10,deep_slow,0.6,3.0,1.0,12,0.027441884318986948,239,-0.566032897676225,-0.019759851839259435,-0.20629914950944972,-0.10641428568879019,0.32217573221757323,2.004598209910023,0.1589958158995816
0.8,10,base,0.6,3.0,1.5,12,0.028890652717152483,194,-0.6174929779688043,-0.01980377655102805,-0.23094371510941328,-0.09526962876936584,0.41237113402061853,1.3535383829038252,0.19072164948453607
0.8,10,base,0.7,2.0,0.5,6,0.034786761033208866,442,-0.5150213537312738,-0.01986204759423882,-0.3181651905848365,-0.06935575753637613,0.248868778280543,2.9083496897472148,0.1515837104072398
0.9,12,base,0.5,1.0,0.75,6,0.020354141462207622,412,-0.4976132426044289,-0.01987177467433887,-0.3382614484993338,-0.0652672139185636,0.4441747572815534,1.197050344293562,0.42718446601941745
0.95,12,base,0.5,1.0,0.75,6,0.020354141462207622,412,-0.4976132426044289,-0.01987177467433887,-0.3382614484993338,-0.0652672139185636,0.4441747572815534,1.197050344293562,0.42718446601941745
0.8,10,deep_slow,0.7,1.5,0.5,12,0.03201506443356151,477,-0.47488252407982634,-0.019889550654858867,-0.32274506880391407,-0.06846613967306092,0.27044025157232704,2.618643257021874,0.2578616352201258
0.9,12,deep_slow,0.7,2.5,2.0,6,0.03039343375568873,269,-0.43331187701363705,-0.019897683700890845,-0.20604666120135204,-0.10728703075627366,0.4795539033457249,1.039212046636298,0.17100371747211895
0.95,12,deep_slow,0.7,2.5,2.0,6,0.03039343375568873,269,-0.43331187701363705,-0.019897683700890845,-0.20604666120135204,-0.10728703075627366,0.4795539033457249,1.039212046636298,0.17100371747211895
0.9,12,shallow,0.4,3.0,0.75,12,0.01727300411761307,237,-0.601682928705465,-0.019905176871478414,-0.34738924577791946,-0.06365899395368657,0.2489451476793249,2.853408325512845,0.1518987341772152
0.95,12,shallow,0.4,3.0,0.75,12,0.01727300411761307,237,-0.601682928705465,-0.019905176871478414,-0.34738924577791946,-0.06365899395368657,0.2489451476793249,2.853408325512845,0.1518987341772152
0.8,10,base,0.4,1.0,0.75,12,0.018576634829056745,365,-0.5148610016062924,-0.02000777061544512,-0.4473666873118068,-0.049686982686075076,0.4410958904109589,1.2075727417578435,0.4410958904109589
0.8,10,base,0.4,1.0,0.75,24,0.018576634829056745,365,-0.5148610016062924,-0.02000777061544512,-0.4473666873118068,-0.049686982686075076,0.4410958904109589,1.2075727417578435,0.4410958904109589
0.8,10,shallow,0.7,1.5,0.75,6,0.034650808039162956,425,-0.4403832590333396,-0.020050779299884414,-0.3179713409178771,-0.07005671719354645,0.36941176470588233,1.6427751781957936,0.29411764705882354
0.8,10,deep_slow,0.6,3.0,2.0,24,0.027441884318986948,137,-0.6284415305432165,-0.020065969404331252,-0.24642305285994615,-0.09046590692503464,0.45985401459854014,1.1118917392395131,0.2846715328467153
0.85,11,base,0.4,1.0,0.75,12,0.018069504979977443,360,-0.5379845174608382,-0.02027884784682743,-0.450299444817061,-0.050031409396301685,0.44166666666666665,1.2027897362707485,0.44166666666666665
0.85,11,base,0.4,1.0,0.75,24,0.018069504979977443,360,-0.5379845174608382,-0.02027884784682743,-0.450299444817061,-0.050031409396301685,0.44166666666666665,1.2027897362707485,0.44166666666666665
0.9,12,base,0.7,2.5,2.0,6,0.029700257367501218,267,-0.48008885631061005,-0.020315892187161788,-0.20683930513238027,-0.10911960531099252,0.4606741573033708,1.1200541551132543,0.17228464419475656
0.95,12,base,0.7,2.5,2.0,6,0.029700257367501218,267,-0.48008885631061005,-0.020315892187161788,-0.20683930513238027,-0.10911960531099252,0.4606741573033708,1.1200541551132543,0.17228464419475656
0.8,10,deep_slow,0.8,1.5,0.75,12,0.03652372924092767,416,-0.443475114472245,-0.0204744914600562,-0.33119840424853875,-0.06867852002556651,0.3485576923076923,1.8185137830939722,0.3317307692307692
0.85,11,base,0.8,1.5,0.5,6,0.037861802141293005,508,-0.48575518805087853,-0.020478683791906427,-0.3067023332608544,-0.07417898670482526,0.29133858267716534,2.3597314256402195,0.234251968503937
0.8,10,deep_slow,0.7,3.0,2.0,24,0.03201506443356151,141,-0.64606408374293,-0.020539214899995994,-0.22799018973342594,-0.10008341597590731,0.45390070921985815,1.138492425831483,0.2765957446808511
0.85,11,deep_slow,0.6,3.0,2.0,24,0.02660926817449534,142,-0.6292704915902536,-0.020561932527265236,-0.2269559929674467,-0.10065055046952331,0.44366197183098594,1.1877133481887248,0.2887323943661972
0.9,12,base,0.4,1.0,0.75,12,0.01632796766513659,359,-0.5535128432537628,-0.020588791666568684,-0.34389334138784416,-0.06651204616400586,0.4401114206128134,1.2088481128249506,0.4401114206128134
0.9,12,base,0.4,1.0,0.75,24,0.01632796766513659,359,-0.5535128432537628,-0.020588791666568684,-0.34389334138784416,-0.06651204616400586,0.4401114206128134,1.2088481128249506,0.4401114206128134
0.95,12,base,0.4,1.0,0.75,12,0.01632796766513659,359,-0.5535128432537628,-0.020588791666568684,-0.34389334138784416,-0.06651204616400586,0.4401114206128134,1.2088481128249506,0.4401114206128134
0.95,12,base,0.4,1.0,0.75,24,0.01632796766513659,359,-0.5535128432537628,-0.020588791666568684,-0.34389334138784416,-0.06651204616400586,0.4401114206128134,1.2088481128249506,0.4401114206128134
0.9,12,base,0.6,2.0,1.5,6,0.024507847669689414,283,-0.49709306396694064,-0.02087214555095873,-0.20184214507579087,-0.11487921461159079,0.4664310954063604,1.0927196092132374,0.21201413427561838
0.95,12,base,0.6,2.0,1.5,6,0.024507847669689414,283,-0.49709306396694064,-0.02087214555095873,-0.20184214507579087,-0.11487921461159079,0.4664310954063604,1.0927196092132374,0.21201413427561838
0.85,11,deep_slow,0.5,3.0,2.5,24,0.02084289794941308,121,-0.7426710115287333,-0.020896281981362397,-0.22010702871399468,-0.10546800443381954,0.49586776859504134,0.9548558085476777,0.3140495867768595
0.8,10,deep_slow,0.5,2.0,0.75,6,0.02386910511055699,327,-0.5455778690363094,-0.02092317713135916,-0.31409887289974453,-0.07400246888670758,0.3363914373088685,1.8751862792673304,0.19877675840978593
0.8,10,deep_slow,0.6,1.5,1.0,24,0.027441884318986948,313,-0.5016844301905835,-0.020973184690021296,-0.28463615355621974,-0.08185741748854258,0.402555910543131,1.4235807119610333,0.402555910543131
0.8,10,shallow,0.5,1.0,0.5,12,0.02225569419366929,461,-0.576994154044416,-0.021014229988649546,-0.5246120794731349,-0.04449978372830776,0.351409978308026,1.7538661562514806,0.351409978308026
0.8,10,shallow,0.5,1.0,0.5,24,0.02225569419366929,461,-0.576994154044416,-0.021014229988649546,-0.5246120794731349,-0.04449978372830776,0.351409978308026,1.7538661562514806,0.351409978308026
0.8,10,base,0.6,2.5,1.5,6,0.028890652717152483,272,-0.5093507616243649,-0.021316555714820606,-0.24462706451540148,-0.09680276539577626,0.45955882352941174,1.1205521250637993,0.16911764705882354
0.85,11,shallow,0.5,3.0,2.0,24,0.021430229292638114,132,-0.7469409333134541,-0.021327190507410054,-0.2489226131693695,-0.09517968614360761,0.42424242424242425,1.2742363029218824,0.2727272727272727
0.9,12,base,0.8,1.5,1.0,6,0.03553384163128094,388,-0.4633946098992285,-0.021328601041826656,-0.2852076285687488,-0.08307611326945485,0.4329896907216495,1.2707959035537375,0.3247422680412371
0.95,12,base,0.8,1.5,1.0,6,0.03553384163128094,388,-0.4633946098992285,-0.021328601041826656,-0.2852076285687488,-0.08307611326945485,0.4329896907216495,1.2707959035537375,0.3247422680412371
0.9,12,deep_slow,0.5,2.5,1.5,6,0.02263787441816482,261,-0.5298042267334309,-0.021637723579819634,-0.2213138075291122,-0.10861013525178853,0.4521072796934866,1.1523411512003594,0.16091954022988506
0.95,12,deep_slow,0.5,2.5,1.5,6,0.02263787441816482,261,-0.5298042267334309,-0.021637723579819634,-0.2213138075291122,-0.10861013525178853,0.4521072796934866,1.1523411512003594,0.16091954022988506
0.8,10,base,0.4,2.0,0.5,12,0.018576634829056745,328,-0.6496363107071276,-0.021720305733320178,-0.4176764407132552,-0.05776851574766517,0.21951219512195122,3.3422571385307727,0.19817073170731708
0.8,10,deep_slow,0.4,3.0,2.5,12,0.02012685895493155,156,-0.6336492645759789,-0.021725463855564064,-0.26716230583026684,-0.09033561419335301,0.5064102564102564,0.9147045663304403,0.1987179487179487
0.8,10,base,0.4,2.0,1.5,12,0.018576634829056745,201,-0.5996719731305523,-0.0217536342471929,-0.25988976660574886,-0.0929837535758411,0.4427860696517413,1.194399338733367,0.34328358208955223
0.9,12,base,0.4,3.0,1.0,12,0.01632796766513659,211,-0.6947705480998134,-0.02179573799338419,-0.24625622486415746,-0.09832133142997146,0.2985781990521327,2.2116530634161187,0.16113744075829384
0.95,12,base,0.4,3.0,1.0,12,0.01632796766513659,211,-0.6947705480998134,-0.02179573799338419,-0.24625622486415746,-0.09832133142997146,0.2985781990521327,2.2116530634161187,0.16113744075829384
0.85,11,shallow,0.8,3.0,2.0,24,0.04206355121771392,143,-0.6778066899686251,-0.021907562462375796,-0.2601026365769621,-0.09356424752467352,0.43356643356643354,1.2312509461223506,0.2727272727272727
0.9,12,base,0.4,2.5,0.75,12,0.01632796766513659,259,-0.6434279751225725,-0.022066045955766223,-0.2799090297814748,-0.08757180794883324,0.2625482625482625,2.6481343357526366,0.1969111969111969
0.95,12,base,0.4,2.5,0.75,12,0.01632796766513659,259,-0.6434279751225725,-0.022066045955766223,-0.2799090297814748,-0.08757180794883324,0.2625482625482625,2.6481343357526366,0.1969111969111969
0.8,10,deep_slow,0.4,2.0,0.5,24,0.02012685895493155,319,-0.642540855248323,-0.022140179475040767,-0.43664691208601225,-0.05632557283960948,0.20376175548589343,3.6693625174965696,0.20376175548589343
0.8,10,deep_slow,0.5,3.0,2.0,24,0.02386910511055699,137,-0.6679745748539497,-0.02216839210185817,-0.2628151044958165,-0.09369966729173962,0.43795620437956206,1.2075715801725035,0.291970802919708
0.9,12,base,0.4,1.0,0.75,6,0.01632796766513659,366,-0.5965733243212666,-0.02221024390745263,-0.40765284794952655,-0.06052237859970189,0.43989071038251365,1.204324006514125,0.4262295081967213
0.95,12,base,0.4,1.0,0.75,6,0.01632796766513659,366,-0.5965733243212666,-0.02221024390745263,-0.40765284794952655,-0.06052237859970189,0.43989071038251365,1.204324006514125,0.4262295081967213
0.9,12,shallow,0.4,3.0,2.5,12,0.01727300411761307,140,-0.7913387820520268,-0.022313426131597924,-0.28759694348335185,-0.08618517790718261,0.4642857142857143,1.0715713890320488,0.2
0.95,12,shallow,0.4,3.0,2.5,12,0.01727300411761307,140,-0.7913387820520268,-0.022313426131597924,-0.28759694348335185,-0.08618517790718261,0.4642857142857143,1.0715713890320488,0.2
0.8,10,deep_slow,0.4,1.5,0.5,6,0.02012685895493155,374,-0.6076266284753615,-0.02237461021209175,-0.49564747229758477,-0.05014546449073909,0.2807486631016043,2.4101633899669297,0.232620320855615
0.8,10,deep_slow,0.8,2.0,1.0,24,0.03652372924092767,275,-0.5492633644555299,-0.022494631118763264,-0.2062151434858122,-0.12117260053268453,0.32727272727272727,1.962937982085244,0.31636363636363635
0.8,10,deep_slow,0.8,2.0,0.5,24,0.03652372924092767,414,-0.5923169082741143,-0.022495559590263836,-0.3313640287692548,-0.0754114903398383,0.21014492753623187,3.634377728856255,0.20772946859903382
0.8,10,deep_slow,0.7,2.0,0.5,12,0.03201506443356151,415,-0.598802716060641,-0.022546130405960207,-0.31668059356334577,-0.07908523292672742,0.22650602409638554,3.2984473190112444,0.19518072289156627
0.85,11,base,0.5,1.5,0.75,6,0.022967702564092134,374,-0.5332378721833962,-0.022657468114564927,-0.44648497633289636,-0.056369814704845034,0.3582887700534759,1.7051005527009837,0.2994652406417112
0.8,10,shallow,0.7,2.5,2.0,6,0.034650808039162956,269,-0.5142274163287014,-0.022707981931707533,-0.22928719958655558,-0.11001187333948759,0.4944237918215613,0.9727722514752062,0.16728624535315986
0.8,10,deep_slow,0.4,3.0,1.0,12,0.02012685895493155,218,-0.6603280583642905,-0.022745696802150106,-0.33370288349912947,-0.07571452177103011,0.3302752293577982,1.9077751195887223,0.16055045871559634
0.8,10,deep_slow,0.7,1.5,0.75,12,0.03201506443356151,394,-0.5209242751841419,-0.022834601832433354,-0.3388561598049878,-0.07485412813894232,0.350253807106599,1.7941350174584783,0.33248730964467005
0.85,11,base,0.5,3.0,2.0,12,0.022967702564092134,168,-0.7021994880091468,-0.02295514183926195,-0.2632285199605998,-0.09686831700825904,0.44642857142857145,1.1649082476235126,0.20238095238095238
0.85,11,base,0.6,3.0,2.5,24,0.02743703889797145,124,-0.7467862515517835,-0.02303206623977261,-0.23514742128526875,-0.10879914759504017,0.47580645161290325,1.030732982355347,0.31451612903225806
0.8,10,base,0.4,1.0,0.5,12,0.018576634829056745,416,-0.6531889823353508,-0.023163636743116056,-0.48134368107749176,-0.053454100714268704,0.35096153846153844,1.738454002586681,0.35096153846153844
0.8,10,base,0.4,1.0,0.5,24,0.018576634829056745,416,-0.6531889823353508,-0.023163636743116056,-0.48134368107749176,-0.053454100714268704,0.35096153846153844,1.738454002586681,0.35096153846153844
0.9,12,shallow,0.8,1.5,1.0,6,0.04167225887876418,380,-0.5200634827759082,-0.02317163024251767,-0.3288784598118123,-0.07826192371717922,0.43157894736842106,1.272267803776174,0.3157894736842105
0.95,12,shallow,0.8,1.5,1.0,6,0.04167225887876418,380,-0.5200634827759082,-0.02317163024251767,-0.3288784598118123,-0.07826192371717922,0.43157894736842106,1.272267803776174,0.3157894736842105
0.9,12,shallow,0.4,2.0,1.5,12,0.01727300411761307,200,-0.6361389765329889,-0.02324060890726909,-0.33865030234255944,-0.07622960808304824,0.45,1.1509531116262088,0.345
0.95,12,shallow,0.4,2.0,1.5,12,0.01727300411761307,200,-0.6361389765329889,-0.02324060890726909,-0.33865030234255944,-0.07622960808304824,0.45,1.1509531116262088,0.345
0.85,11,shallow,0.4,3.0,1.5,12,0.014641812176194218,180,-0.7535630013020755,-0.02324466211685261,-0.26914994644846013,-0.0959304522345944,0.3888888888888889,1.4731939199240263,0.18888888888888888
0.8,10,deep_slow,0.5,2.5,1.5,12,0.02386910511055699,204,-0.6033839859930362,-0.023315016715990344,-0.2768317111798988,-0.09355041206116388,0.4117647058823529,1.3494258412749494,0.24509803921568626
0.8,10,deep_slow,0.7,1.5,0.75,6,0.03201506443356151,427,-0.5216333676363686,-0.023442745855905556,-0.32749210880636004,-0.07951156276095184,0.36533957845433257,1.6784042970304933,0.2927400468384075
0.8,10,deep_slow,0.4,3.0,2.5,24,0.02012685895493155,120,-0.689967129868464,-0.0235452498867027,-0.2650163260896507,-0.0986849187119726,0.48333333333333334,0.996902675939331,0.325
0.8,10,base,0.8,1.0,0.75,6,0.041557390516231536,520,-0.5064962929416271,-0.02359015206482218,-0.3226644217237062,-0.08120797121770718,0.4442307692307692,1.2078293483206515,0.42115384615384616
0.9,12,shallow,0.4,2.5,1.5,12,0.01727300411761307,183,-0.6742013588024574,-0.023636914617075178,-0.3029111167245343,-0.08667491377718806,0.41530054644808745,1.3205402633283838,0.25136612021857924
0.95,12,shallow,0.4,2.5,1.5,12,0.01727300411761307,183,-0.6742013588024574,-0.023636914617075178,-0.3029111167245343,-0.08667491377718806,0.41530054644808745,1.3205402633283838,0.25136612021857924
0.9,12,shallow,0.5,2.0,0.75,24,0.022171242241514764,272,-0.6708655710760032,-0.023689786542795854,-0.32156415661722104,-0.08182952852634773,0.2757352941176471,2.471684899968663,0.26838235294117646
0.95,12,shallow,0.5,2.0,0.75,24,0.022171242241514764,272,-0.6708655710760032,-0.023689786542795854,-0.32156415661722104,-0.08182952852634773,0.2757352941176471,2.471684899968663,0.26838235294117646
0.8,10,deep_slow,0.5,2.0,0.5,24,0.02386910511055699,330,-0.7290545289543708,-0.02380611024526491,-0.40540216801270385,-0.06522529159291945,0.20909090909090908,3.543409378678835,0.20909090909090908
0.8,10,deep_slow,0.4,3.0,1.5,24,0.02012685895493155,156,-0.7112967851347899,-0.023817971526468806,-0.27019550088300803,-0.09791292410489782,0.36538461538461536,1.611098517984303,0.25
0.8,10,deep_slow,0.8,1.5,1.0,12,0.03652372924092767,361,-0.5261841322069731,-0.023919144256997815,-0.2397242475444437,-0.11082673307538415,0.40166204986149584,1.4284593556279104,0.38227146814404434
0.8,10,deep_slow,0.4,2.5,1.5,12,0.02012685895493155,191,-0.6463760495472575,-0.023995508857327486,-0.31504100788771694,-0.08460028825851851,0.418848167539267,1.3025905975212873,0.2356020942408377
0.85,11,base,0.5,1.0,0.5,6,0.022967702564092134,465,-0.6527234670175062,-0.024174140846351944,-0.5783355338577191,-0.04642754453085185,0.34838709677419355,1.7642905997903362,0.33548387096774196
0.9,12,deep_slow,0.7,2.0,1.0,6,0.03039343375568873,338,-0.561755104390795,-0.0242308966680157,-0.24489057406294662,-0.10990072436282883,0.40236686390532544,1.4229942082450975,0.19230769230769232
0.95,12,deep_slow,0.7,2.0,1.0,6,0.03039343375568873,338,-0.561755104390795,-0.0242308966680157,-0.24489057406294662,-0.10990072436282883,0.40236686390532544,1.4229942082450975,0.19230769230769232
0.85,11,shallow,0.4,3.0,2.0,24,0.014641812176194218,124,-0.9403911535000327,-0.024264997034267544,-0.26043182317369906,-0.10348764056753101,0.4274193548387097,1.2410770493775392,0.2661290322580645
0.85,11,base,0.5,2.5,0.75,12,0.022967702564092134,279,-0.6441409217017398,-0.024290646149244366,-0.3380551331781199,-0.07980924304277093,0.2616487455197133,2.6607969418944606,0.1935483870967742
0.85,11,shallow,0.5,3.0,0.75,24,0.021430229292638114,239,-0.7999675744814876,-0.02432169506363846,-0.3535689418600262,-0.07640479600560235,0.22594142259414227,3.207164958925255,0.1799163179916318
0.85,11,shallow,0.4,2.0,0.75,24,0.014641812176194218,265,-0.6907259123213755,-0.024346784754830986,-0.30190236806083853,-0.08957263815860061,0.2792452830188679,2.420182815329836,0.27169811320754716
0.9,12,shallow,0.8,2.0,1.5,6,0.04167225887876418,301,-0.5629344291654736,-0.024603155254560694,-0.25021097111088153,-0.10921401626728455,0.4684385382059801,1.0780649797009716,0.21262458471760798
0.95,12,shallow,0.8,2.0,1.5,6,0.04167225887876418,301,-0.5629344291654736,-0.024603155254560694,-0.25021097111088153,-0.10921401626728455,0.4684385382059801,1.0780649797009716,0.21262458471760798
0.8,10,deep_slow,0.7,1.0,0.75,6,0.03201506443356151,501,-0.5368159985873011,-0.024719976932407794,-0.3816097578909101,-0.07194814743181988,0.437125748502994,1.2314232246465924,0.42115768463073855
0.8,10,base,0.4,2.0,1.5,24,0.018576634829056745,184,-0.7095454004346845,-0.02483010650430073,-0.266205201534836,-0.10359775476579947,0.41304347826086957,1.325553351049884,0.40217391304347827
0.8,10,deep_slow,0.7,3.0,0.75,24,0.03201506443356151,267,-0.7450593638500129,-0.02489288197804862,-0.3171993597085872,-0.08716248850334596,0.21722846441947566,3.383979344457322,0.1797752808988764
0.85,11,deep_slow,0.7,2.5,2.0,6,0.032567944659426015,263,-0.5900983661462708,-0.024924164789852488,-0.2599186739307272,-0.10650477991374596,0.4790874524714829,1.027552399243072,0.17110266159695817
0.8,10,deep_slow,0.4,1.5,0.75,12,0.02012685895493155,312,-0.6365744648789899,-0.024990715403160224,-0.37776650121742616,-0.0734749948124549,0.34935897435897434,1.7540539241442679,0.3301282051282051
0.9,12,shallow,0.6,2.0,1.5,12,0.02729219059178709,226,-0.6783777499561401,-0.025283317249971127,-0.23256620349221727,-0.12074371118200367,0.4424778761061947,1.1879874627483877,0.33185840707964603
0.95,12,shallow,0.6,2.0,1.5,12,0.02729219059178709,226,-0.6783777499561401,-0.025283317249971127,-0.23256620349221727,-0.12074371118200367,0.4424778761061947,1.1879874627483877,0.33185840707964603
0.8,10,shallow,0.5,1.5,0.5,6,0.02225569419366929,415,-0.6837047708016404,-0.02531415964752437,-0.5652503047122944,-0.04973922506767592,0.2819277108433735,2.3928123620658384,0.2385542168674699
0.9,12,base,0.6,1.0,0.75,6,0.024507847669689414,446,-0.6047862363561012,-0.025332884600186012,-0.474120465009957,-0.0593433124411602,0.4439461883408072,1.1891757095561357,0.4260089686098655
0.95,12,base,0.6,1.0,0.75,6,0.024507847669689414,446,-0.6047862363561012,-0.025332884600186012,-0.474120465009957,-0.0593433124411602,0.4439461883408072,1.1891757095561357,0.4260089686098655
0.8,10,base,0.8,2.0,0.5,12,0.041557390516231536,426,-0.6949036166848126,-0.025455794555772515,-0.2701317847144091,-0.1046607312253921,0.22535211267605634,3.300644446040825,0.19248826291079812
0.8,10,deep_slow,0.7,2.0,1.0,6,0.03201506443356151,342,-0.5776859519663214,-0.025485899862942918,-0.25062956417754395,-0.11293790379565705,0.39766081871345027,1.4393358428265108,0.20175438596491227
0.9,12,base,0.4,3.0,1.5,12,0.01632796766513659,174,-0.8367019263778792,-0.025578557347337938,-0.262408254825649,-0.10826007064451992,0.3793103448275862,1.5214776440674782,0.1896551724137931
0.95,12,base,0.4,3.0,1.5,12,0.01632796766513659,174,-0.8367019263778792,-0.025578557347337938,-0.262408254825649,-0.10826007064451992,0.3793103448275862,1.5214776440674782,0.1896551724137931
0.85,11,base,0.4,1.0,0.75,6,0.018069504979977443,374,-0.6776916704028293,-0.025588364475451875,-0.5227595638706879,-0.054363830646749545,0.4358288770053476,1.215249130809996,0.4197860962566845
0.8,10,deep_slow,0.6,1.5,0.75,6,0.027441884318986948,397,-0.5961273153273946,-0.02563617370646787,-0.3736858043644667,-0.07619297485199139,0.3602015113350126,1.685654824475356,0.2947103274559194
0.85,11,base,0.8,1.5,0.75,24,0.037861802141293005,409,-0.5696044332943901,-0.025916369989575916,-0.329084129607116,-0.08746385445068261,0.3374083129584352,1.8923983596156309,0.3374083129584352
0.8,10,base,0.8,4.0,1.5,24,0.041557390516231536,156,-0.9007086760470931,-0.025999710852679825,-0.23282543035790587,-0.12402162493500457,0.3333333333333333,1.863195124010261,0.16666666666666666
0.8,10,deep_slow,0.5,2.0,0.75,24,0.02386910511055699,281,-0.7243130631430916,-0.026015997122678325,-0.3225288526710485,-0.0895840750310073,0.2775800711743772,2.4427446486995117,0.27402135231316727
0.85,11,shallow,0.5,2.0,0.75,12,0.021430229292638114,296,-0.686382467727392,-0.026045100654203956,-0.3735490462494217,-0.07743487407053962,0.2905405405405405,2.2942374518192525,0.24662162162162163
0.8,10,deep_slow,0.5,1.0,0.5,6,0.02386910511055699,469,-0.6970824058876979,-0.026066040326955364,-0.6513532539641491,-0.04444430760629592,0.35394456289978676,1.7141170493873175,0.3390191897654584
0.85,11,base,0.8,1.0,0.75,24,0.037861802141293005,499,-0.5813352514504723,-0.02625639635115462,-0.33506738954603504,-0.08702737955202244,0.43687374749499,1.2384896986215548,0.43687374749499
0.8,10,deep_slow,0.7,1.0,0.75,24,0.03201506443356151,483,-0.5787001598940632,-0.026258853501768376,-0.407319993559725,-0.07159668598962088,0.4389233954451346,1.2191277830657856,0.4389233954451346
0.8,10,deep_slow,0.6,2.5,2.0,6,0.027441884318986948,256,-0.592159609870015,-0.026264426109230632,-0.28921056234430315,-0.10085710919094404,0.48046875,1.0166454897714343,0.1640625
0.8,10,deep_slow,0.5,3.0,2.5,24,0.02386910511055699,120,-0.8566531831032341,-0.026281187418056517,-0.2797363502090203,-0.10433941892399046,0.48333333333333334,0.9890233064499789,0.325
0.85,11,deep_slow,0.7,1.0,0.5,12,0.032567944659426015,546,-0.6484834806319681,-0.02639451189822639,-0.45090399106240026,-0.06500983749622347,0.34615384615384615,1.7915816200793868,0.34615384615384615
0.85,11,deep_slow,0.7,1.0,0.5,24,0.032567944659426015,546,-0.6484834806319681,-0.02639451189822639,-0.45090399106240026,-0.06500983749622347,0.34615384615384615,1.7915816200793868,0.34615384615384615
0.85,11,base,0.5,3.0,0.75,12,0.022967702564092134,264,-0.827654009983511,-0.02647525007004259,-0.3698812590572934,-0.07949233719230986,0.24621212121212122,2.865039167080916,0.1590909090909091
0.85,11,base,0.5,2.0,0.75,6,0.022967702564092134,340,-0.6600628988424649,-0.026483555598162623,-0.41123681809341783,-0.07152067720390587,0.3235294117647059,1.9656689252560724,0.19705882352941176
0.9,12,shallow,0.6,2.5,1.5,12,0.02729219059178709,213,-0.6949230695797115,-0.02650076279082203,-0.23096291920799183,-0.12742745353570484,0.4084507042253521,1.3601028178025596,0.23943661971830985
0.95,12,shallow,0.6,2.5,1.5,12,0.02729219059178709,213,-0.6949230695797115,-0.02650076279082203,-0.23096291920799183,-0.12742745353570484,0.4084507042253521,1.3601028178025596,0.23943661971830985
0.8,10,shallow,0.5,1.0,0.5,6,0.02225569419366929,465,-0.7294584965140726,-0.026539258331322313,-0.6024728237694678,-0.048921217338610434,0.35053763440860214,1.7364022811856403,0.34408602150537637
0.8,10,deep_slow,0.6,2.0,0.5,12,0.027441884318986948,388,-0.7502705194755227,-0.026739947541561393,-0.38512154652096026,-0.07710875511238358,0.22422680412371135,3.242455295786502,0.19329896907216496
0.9,12,shallow,0.4,2.0,0.75,12,0.01727300411761307,265,-0.7778086879549485,-0.026846121499779496,-0.465621846538286,-0.06403044597209895,0.29056603773584905,2.273325951570703,0.25660377358490566
0.95,12,shallow,0.4,2.0,0.75,12,0.01727300411761307,265,-0.7778086879549485,-0.026846121499779496,-0.465621846538286,-0.06403044597209895,0.29056603773584905,2.273325951570703,0.25660377358490566
0.85,11,base,0.4,2.0,0.75,24,0.018069504979977443,262,-0.7914129838633381,-0.02684849292495728,-0.4326038013726307,-0.06892358306274715,0.2786259541984733,2.4111530014973144,0.2748091603053435
0.9,12,shallow,0.4,3.0,1.5,12,0.01727300411761307,177,-0.7787991636914252,-0.026885457904325727,-0.3396502190112864,-0.08790688419820858,0.4067796610169492,1.3549129894409202,0.1977401129943503
0.95,12,shallow,0.4,3.0,1.5,12,0.01727300411761307,177,-0.7787991636914252,-0.026885457904325727,-0.3396502190112864,-0.08790688419820858,0.4067796610169492,1.3549129894409202,0.1977401129943503
0.85,11,shallow,0.4,3.0,0.75,24,0.014641812176194218,228,-0.9118052375756635,-0.02689530711467436,-0.3460717105491099,-0.0863072963736572,0.2236842105263158,3.216341782260273,0.18421052631578946
0.8,10,deep_slow,0.6,3.0,1.5,24,0.027441884318986948,163,-0.8193249373931397,-0.02694869644520248,-0.2578453756876887,-0.11606845275669986,0.36809815950920244,1.5856002787508778,0.24539877300613497
0.9,12,deep_slow,0.5,2.0,1.5,6,0.02263787441816482,269,-0.6758119299666714,-0.026961649968208157,-0.24619276804791548,-0.12162045760862061,0.4646840148698885,1.0817063566357714,0.21561338289962825
0.95,12,deep_slow,0.5,2.0,1.5,6,0.02263787441816482,269,-0.6758119299666714,-0.026961649968208157,-0.24619276804791548,-0.12162045760862061,0.4646840148698885,1.0817063566357714,0.21561338289962825
0.8,10,shallow,0.8,2.5,2.0,6,0.04189406605295098,275,-0.6121923736592537,-0.027051940878897396,-0.2689032044636723,-0.11172122021376163,0.48727272727272725,0.994141827573977,0.16363636363636364
0.8,10,base,0.8,2.5,0.5,24,0.041557390516231536,375,-0.7447901216080305,-0.027057335458539278,-0.2951102523121417,-0.10182016893667933,0.18133333333333335,4.220760375670223,0.168
0.8,10,deep_slow,0.5,2.0,1.5,24,0.02386910511055699,191,-0.7497279119576586,-0.027105364037102286,-0.29103255553244595,-0.10342977136568066,0.41361256544502617,1.324206881960306,0.39790575916230364
0.8,10,base,0.4,2.5,0.75,12,0.018576634829056745,262,-0.7687750283525542,-0.027148262084663588,-0.4257303928514819,-0.07081711112404832,0.27099236641221375,2.5052883334032696,0.1946564885496183
0.8,10,deep_slow,0.7,1.0,0.75,12,0.03201506443356151,483,-0.600536627053125,-0.027183808646493945,-0.41094222454386176,-0.07346144787465303,0.4389233954451346,1.2169290027856032,0.43685300207039335
0.8,10,deep_slow,0.7,2.5,0.5,24,0.03201506443356151,373,-0.74983993510321,-0.027185603447310025,-0.31228029417168235,-0.09667725262943505,0.1769436997319035,4.346947676485231,0.17158176943699732
0.8,10,deep_slow,0.7,3.0,1.5,12,0.03201506443356151,206,-0.8259921163834626,-0.027643359889402697,-0.2792054122271736,-0.10994754555975284,0.4077669902912621,1.3588868585061018,0.18932038834951456
0.9,12,base,0.8,1.0,0.5,12,0.03553384163128094,585,-0.65695303671586,-0.027672210639931527,-0.4673643470478196,-0.06575156634776991,0.347008547008547,1.798030122858871,0.347008547008547
0.9,12,base,0.8,1.0,0.5,24,0.03553384163128094,585,-0.65695303671586,-0.027672210639931527,-0.4673643470478196,-0.06575156634776991,0.347008547008547,1.798030122858871,0.347008547008547
0.95,12,base,0.8,1.0,0.5,12,0.03553384163128094,585,-0.65695303671586,-0.027672210639931527,-0.4673643470478196,-0.06575156634776991,0.347008547008547,1.798030122858871,0.347008547008547
0.95,12,base,0.8,1.0,0.5,24,0.03553384163128094,585,-0.65695303671586,-0.027672210639931527,-0.4673643470478196,-0.06575156634776991,0.347008547008547,1.798030122858871,0.347008547008547
0.9,12,shallow,0.8,2.0,1.0,6,0.04167225887876418,344,-0.6514379143595799,-0.02783214146653812,-0.32084501562310336,-0.09633080383437065,0.40406976744186046,1.403166819069295,0.19186046511627908
0.95,12,shallow,0.8,2.0,1.0,6,0.04167225887876418,344,-0.6514379143595799,-0.02783214146653812,-0.32084501562310336,-0.09633080383437065,0.40406976744186046,1.403166819069295,0.19186046511627908
0.8,10,shallow,0.5,2.0,0.75,12,0.02225569419366929,297,-0.7336400464417991,-0.027869619529060086,-0.38873099744349465,-0.07961498082138863,0.2996632996632997,2.185889267859642,0.24915824915824916
0.8,10,deep_slow,0.8,1.5,1.0,24,0.03652372924092767,348,-0.6302236972871853,-0.028063626341802816,-0.2795876002375867,-0.11146383841758845,0.3936781609195402,1.4650505284522428,0.3936781609195402
0.8,10,deep_slow,0.7,3.0,1.0,24,0.03201506443356151,216,-0.8747403709582192,-0.02831163868589559,-0.2623771842101156,-0.11982319472264014,0.2777777777777778,2.422912199358092,0.2037037037037037
0.85,11,base,0.5,2.0,0.75,24,0.022967702564092134,289,-0.7761272187097288,-0.02857318810802545,-0.3596955638922645,-0.08821025516411629,0.2768166089965398,2.438816772580649,0.2664359861591695
0.9,12,deep_slow,0.8,2.0,0.75,6,0.03478537134288336,387,-0.6876107249566457,-0.028708642136260676,-0.36333690870460805,-0.08773951524780088,0.3385012919896641,1.8547023454742046,0.18604651162790697
0.95,12,deep_slow,0.8,2.0,0.75,6,0.03478537134288336,387,-0.6876107249566457,-0.028708642136260676,-0.36333690870460805,-0.08773951524780088,0.3385012919896641,1.8547023454742046,0.18604651162790697
0.9,12,deep_slow,0.8,1.0,0.5,12,0.03478537134288336,586,-0.6841113513568723,-0.02896178587645648,-0.438705535587016,-0.07330574845608151,0.34812286689419797,1.785063509706749,0.34812286689419797
0.9,12,deep_slow,0.8,1.0,0.5,24,0.03478537134288336,586,-0.6841113513568723,-0.02896178587645648,-0.438705535587016,-0.07330574845608151,0.34812286689419797,1.785063509706749,0.34812286689419797
0.95,12,deep_slow,0.8,1.0,0.5,12,0.03478537134288336,586,-0.6841113513568723,-0.02896178587645648,-0.438705535587016,-0.07330574845608151,0.34812286689419797,1.785063509706749,0.34812286689419797
0.95,12,deep_slow,0.8,1.0,0.5,24,0.03478537134288336,586,-0.6841113513568723,-0.02896178587645648,-0.438705535587016,-0.07330574845608151,0.34812286689419797,1.785063509706749,0.34812286689419797
0.85,11,deep_slow,0.4,4.0,2.0,24,0.015505342952291496,117,-1.028239899938556,-0.028984851977009507,-0.34249605636949887,-0.09397249267719154,0.41025641025641024,1.3126909270663791,0.20512820512820512
0.8,10,deep_slow,0.5,3.0,1.0,12,0.02386910511055699,234,-0.7994997055056408,-0.02899800786053841,-0.34375057506804785,-0.09367196666009237,0.32051282051282054,1.972353411090225,0.1623931623931624
0.8,10,base,0.4,1.0,0.75,6,0.018576634829056745,375,-0.7557739170837476,-0.029013097097373652,-0.5980996871168545,-0.05386479979040082,0.43466666666666665,1.2116827305967839,0.41333333333333333
0.8,10,deep_slow,0.5,2.0,0.75,12,0.02386910511055699,299,-0.7808056577122623,-0.029018082007438273,-0.4399040567982536,-0.07324789468259296,0.30434782608695654,2.1324611942999385,0.25418060200668896
0.85,11,shallow,0.7,1.0,0.5,12,0.03422839379787348,543,-0.7302981556856131,-0.029123052915503544,-0.5577943799166306,-0.05797550861571221,0.3462246777163904,1.7918448458618608,0.3462246777163904
0.85,11,shallow,0.7,1.0,0.5,24,0.03422839379787348,543,-0.7302981556856131,-0.029123052915503544,-0.5577943799166306,-0.05797550861571221,0.3462246777163904,1.7918448458618608,0.3462246777163904
0.8,10,deep_slow,0.6,1.5,1.0,6,0.027441884318986948,352,-0.6874536657821126,-0.029180077219403633,-0.36808734597842474,-0.0880270068213439,0.42613636363636365,1.2688300283024392,0.3181818181818182
0.85,11,shallow,0.4,2.0,0.75,12,0.014641812176194218,279,-0.8190468841716559,-0.02935056510122358,-0.38870527252310877,-0.08384403790467498,0.2939068100358423,2.227692966863033,0.25089605734767023
0.8,10,deep_slow,0.5,2.5,0.75,12,0.02386910511055699,273,-0.8159531542493984,-0.029366368793451558,-0.41224564982386636,-0.0790988053387327,0.2783882783882784,2.4053023705385503,0.19047619047619047
0.8,10,deep_slow,0.4,2.0,1.5,6,0.02012685895493155,252,-0.7386556853955714,-0.029420880304065533,-0.402558657448256,-0.08115231155691283,0.4801587301587302,1.0072979698243636,0.2222222222222222
0.9,12,shallow,0.8,1.0,0.5,12,0.04167225887876418,570,-0.7169709999256282,-0.029424316619969137,-0.49269800551043236,-0.0663131866601605,0.3456140350877193,1.8012133248082154,0.3456140350877193
0.9,12,shallow,0.8,1.0,0.5,24,0.04167225887876418,570,-0.7169709999256282,-0.029424316619969137,-0.49269800551043236,-0.0663131866601605,0.3456140350877193,1.8012133248082154,0.3456140350877193
0.95,12,shallow,0.8,1.0,0.5,12,0.04167225887876418,570,-0.7169709999256282,-0.029424316619969137,-0.49269800551043236,-0.0663131866601605,0.3456140350877193,1.8012133248082154,0.3456140350877193
0.95,12,shallow,0.8,1.0,0.5,24,0.04167225887876418,570,-0.7169709999256282,-0.029424316619969137,-0.49269800551043236,-0.0663131866601605,0.3456140350877193,1.8012133248082154,0.3456140350877193
0.8,10,base,0.8,2.5,2.0,6,0.041557390516231536,274,-0.6787096315189226,-0.029731202088229325,-0.3261464558625229,-0.10122003814880665,0.4781021897810219,1.0254268581660004,0.16423357664233576
0.85,11,shallow,0.5,2.0,0.75,24,0.021430229292638114,286,-0.8010600187233983,-0.02990754109502025,-0.432978689460045,-0.07669666768620531,0.2727272727272727,2.4793400334072118,0.26573426573426573
0.9,12,base,0.8,1.0,0.5,6,0.03553384163128094,594,-0.7118306538814695,-0.03005567765516659,-0.510310783565905,-0.06539588252926243,0.35185185185185186,1.7520560860330208,0.3383838383838384
0.95,12,base,0.8,1.0,0.5,6,0.03553384163128094,594,-0.7118306538814695,-0.03005567765516659,-0.510310783565905,-0.06539588252926243,0.35185185185185186,1.7520560860330208,0.3383838383838384
0.85,11,base,0.8,1.0,0.75,12,0.037861802141293005,500,-0.6720783611914543,-0.030175673273445613,-0.3689679487094064,-0.09080797068226931,0.436,1.2344432754478134,0.434
0.85,11,deep_slow,0.7,1.0,0.5,6,0.032567944659426015,556,-0.7434342093278166,-0.03032814589016586,-0.5263522333434292,-0.06397661286335599,0.3489208633093525,1.7556976229778192,0.3363309352517986
0.8,10,base,0.8,4.0,2.0,24,0.041557390516231536,132,-1.0400751946650886,-0.03054718684168445,-0.2972575135752597,-0.11409977474239963,0.4090909090909091,1.3352563587896447,0.16666666666666666
0.8,10,deep_slow,0.7,2.5,0.75,24,0.03201506443356151,292,-0.7849932086815421,-0.03056894217263717,-0.3985612712802667,-0.08515912304677387,0.23972602739726026,2.949440237095311,0.2191780821917808
0.9,12,base,0.8,2.5,2.0,6,0.03553384163128094,271,-0.7477565411574364,-0.030637469205020307,-0.2983985997067683,-0.11399879702572391,0.4575645756457565,1.1091856936371702,0.16236162361623616
0.95,12,base,0.8,2.5,2.0,6,0.03553384163128094,271,-0.7477565411574364,-0.030637469205020307,-0.2983985997067683,-0.11399879702572391,0.4575645756457565,1.1091856936371702,0.16236162361623616
0.85,11,base,0.7,1.0,0.5,12,0.03218380161661132,544,-0.7618947730718826,-0.030647987211135597,-0.5925916550813917,-0.05742358816538484,0.3474264705882353,1.7778623294479599,0.3474264705882353
0.85,11,base,0.7,1.0,0.5,24,0.03218380161661132,544,-0.7618947730718826,-0.030647987211135597,-0.5925916550813917,-0.05742358816538484,0.3474264705882353,1.7778623294479599,0.3474264705882353
0.8,10,deep_slow,0.7,1.5,1.0,12,0.03201506443356151,345,-0.7027624301484202,-0.030768374857768066,-0.303774267220105,-0.11245906857487253,0.4028985507246377,1.4004171589370975,0.37971014492753624
0.8,10,base,0.8,1.5,1.0,24,0.041557390516231536,347,-0.6973213740334276,-0.0307684233202572,-0.33369492605889517,-0.10237561974713305,0.3976945244956772,1.4459603337371811,0.3976945244956772
0.8,10,deep_slow,0.7,2.5,1.0,12,0.03201506443356151,272,-0.7387680351450502,-0.031001235757481926,-0.31246700782236514,-0.11015645511599226,0.3235294117647059,1.9561742209520965,0.21691176470588236
0.85,11,base,0.6,3.0,2.5,12,0.02743703889797145,164,-1.0167346485422588,-0.031017092324217566,-0.2889861162854947,-0.11916777326240047,0.4634146341463415,1.063914128911154,0.21341463414634146
0.8,10,deep_slow,0.6,1.5,0.75,24,0.027441884318986948,362,-0.75367856672403,-0.03107727987172848,-0.4492467653494617,-0.07680531295140802,0.3370165745856354,1.8457089755960019,0.3370165745856354
0.9,12,deep_slow,0.8,2.0,1.0,6,0.03478537134288336,348,-0.727118239389197,-0.031354009085057366,-0.33658087661675323,-0.10342606018789324,0.39655172413793105,1.4385900325359031,0.1925287356321839
0.95,12,deep_slow,0.8,2.0,1.0,6,0.03478537134288336,348,-0.727118239389197,-0.031354009085057366,-0.33658087661675323,-0.10342606018789324,0.39655172413793105,1.4385900325359031,0.1925287356321839
0.8,10,deep_slow,0.8,1.5,0.75,24,0.03652372924092767,409,-0.6969918020489396,-0.031358862907249985,-0.47406150354317955,-0.07344324119713441,0.3374083129584352,1.8733928702268707,0.3374083129584352
0.8,10,deep_slow,0.7,2.0,0.5,24,0.03201506443356151,403,-0.8564839314367817,-0.03154916432429444,-0.4459414801604181,-0.07854733818232162,0.20843672456575682,3.594910081485978,0.20843672456575682
0.85,11,base,0.5,2.0,0.75,12,0.022967702564092134,304,-0.8473089448826147,-0.03173924518773563,-0.4165641699723719,-0.08459241726246669,0.2894736842105263,2.279740536043955,0.24671052631578946
0.8,10,deep_slow,0.5,1.5,0.75,12,0.02386910511055699,337,-0.8168983202077714,-0.0317711806133526,-0.45701341337471874,-0.07718277074286084,0.34718100890207715,1.7509283415551646,0.3264094955489614
0.8,10,deep_slow,0.4,1.5,1.0,6,0.02012685895493155,298,-0.7899076066275508,-0.03186766803001306,-0.5533492414343059,-0.06393880609471181,0.436241610738255,1.197181027719642,0.3187919463087248
0.8,10,deep_slow,0.8,1.0,0.5,12,0.03652372924092767,591,-0.7587144428545863,-0.0319791576976588,-0.5782338654283152,-0.06140083532176477,0.34856175972927245,1.7722948756188641,0.34856175972927245
0.8,10,deep_slow,0.8,1.0,0.5,24,0.03652372924092767,591,-0.7587144428545863,-0.0319791576976588,-0.5782338654283152,-0.06140083532176477,0.34856175972927245,1.7722948756188641,0.34856175972927245
0.8,10,base,0.8,1.5,1.0,6,0.041557390516231536,396,-0.6855425466444571,-0.03207317237553897,-0.3684875282572267,-0.09663346828907915,0.4292929292929293,1.266381050702513,0.3181818181818182
0.8,10,deep_slow,0.6,1.0,0.5,12,0.027441884318986948,527,-0.8103116297318211,-0.032228382281691004,-0.6867141320337997,-0.05210352430703491,0.34724857685009486,1.756785998950317,0.34724857685009486
0.8,10,deep_slow,0.6,1.0,0.5,24,0.027441884318986948,527,-0.8103116297318211,-0.032228382281691004,-0.6867141320337997,-0.05210352430703491,0.34724857685009486,1.756785998950317,0.34724857685009486
0.8,10,deep_slow,0.6,2.0,1.5,6,0.027441884318986948,287,-0.7598650658320533,-0.03224736697909236,-0.3048839197276693,-0.1174258862749552,0.47038327526132406,1.0496306227383871,0.21951219512195122
0.8,10,deep_slow,0.7,2.0,0.75,24,0.03201506443356151,324,-0.8207722949437409,-0.03262453509639085,-0.398155626046348,-0.09096748554881906,0.2716049382716049,2.5012339118788742,0.2654320987654321
0.8,10,deep_slow,0.7,1.5,0.75,24,0.03201506443356151,387,-0.7614383916295703,-0.03270995119047937,-0.4617119150952106,-0.0786504845362529,0.3385012919896641,1.8543016136893307,0.3385012919896641
0.8,10,base,0.4,1.0,0.5,6,0.018576634829056745,420,-0.9319918186137399,-0.03275107377345421,-0.5944680489667675,-0.06116297343866728,0.3476190476190476,1.7180132045494174,0.3380952380952381
0.85,11,deep_slow,0.4,3.0,2.0,24,0.015505342952291496,130,-1.1072010027507,-0.03292497762371871,-0.42852902225486483,-0.08529674968130896,0.4461538461538462,1.128773700445242,0.2923076923076923
0.8,10,deep_slow,0.7,2.0,0.5,6,0.03201506443356151,460,-0.8594226372717294,-0.032926157116300425,-0.46500679278085705,-0.0786083994211445,0.25217391304347825,2.7891474370299303,0.15
0.85,11,shallow,0.8,1.0,0.5,12,0.04206355121771392,589,-0.7876701766182158,-0.03300534770377428,-0.5193086067014533,-0.07055763639596135,0.34465195246179964,1.799159002297763,0.34465195246179964
0.85,11,shallow,0.8,1.0,0.5,24,0.04206355121771392,589,-0.7876701766182158,-0.03300534770377428,-0.5193086067014533,-0.07055763639596135,0.34465195246179964,1.799159002297763,0.34465195246179964
0.9,12,shallow,0.8,2.5,2.0,6,0.04167225887876418,274,-0.7424388429260717,-0.033259534593967244,-0.30061828221155257,-0.12282299392772311,0.4708029197080292,1.0481422098466553,0.1678832116788321
0.95,12,shallow,0.8,2.5,2.0,6,0.04167225887876418,274,-0.7424388429260717,-0.033259534593967244,-0.30061828221155257,-0.12282299392772311,0.4708029197080292,1.0481422098466553,0.1678832116788321
0.85,11,shallow,0.7,1.0,0.5,6,0.03422839379787348,552,-0.8378018582055015,-0.03349253921596618,-0.6396837112662596,-0.0581240514108059,0.34782608695652173,1.76326162093905,0.33695652173913043
0.9,12,shallow,0.8,1.0,0.5,6,0.04167225887876418,579,-0.8173451537063553,-0.033605611213603837,-0.5580346913446392,-0.0668529965870146,0.3488773747841105,1.7608112394428566,0.33506044905008636
0.95,12,shallow,0.8,1.0,0.5,6,0.04167225887876418,579,-0.8173451537063553,-0.033605611213603837,-0.5580346913446392,-0.0668529965870146,0.3488773747841105,1.7608112394428566,0.33506044905008636
0.8,10,deep_slow,0.5,2.0,1.5,6,0.02386910511055699,272,-0.8301089412140332,-0.03373265547985471,-0.41320716048234457,-0.09062537253317804,0.4742647058823529,1.0259029885840492,0.22058823529411764
0.85,11,shallow,0.4,3.0,0.75,12,0.014641812176194218,251,-1.1046411434062258,-0.03377032870444463,-0.4922711673638145,-0.07615476150127376,0.250996015936255,2.7225073270510336,0.15139442231075698
0.8,10,base,0.8,3.0,2.5,12,0.041557390516231536,172,-1.070632587682579,-0.03387606158577361,-0.3146976622328773,-0.11949863272544015,0.47093023255813954,1.0283379857526036,0.20348837209302326
0.85,11,base,0.8,1.5,0.75,6,0.037861802141293005,445,-0.7459376315685874,-0.0339771154773022,-0.4004199479667267,-0.0941958614223386,0.36629213483146067,1.641963786552346,0.2876404494382023
0.8,10,shallow,0.8,1.0,0.5,12,0.04189406605295098,594,-0.8148641808248122,-0.03401767006262335,-0.559621176016476,-0.0674792791877451,0.3468013468013468,1.7796223970504672,0.3468013468013468
0.8,10,shallow,0.8,1.0,0.5,24,0.04189406605295098,594,-0.8148641808248122,-0.03401767006262335,-0.559621176016476,-0.0674792791877451,0.3468013468013468,1.7796223970504672,0.3468013468013468
0.85,11,shallow,0.4,1.0,0.75,12,0.014641812176194218,368,-0.9125837358620374,-0.03405806504455866,-0.6119607677058967,-0.06178106535166561,0.42934782608695654,1.2245810998342321,0.42934782608695654
0.85,11,shallow,0.4,1.0,0.75,24,0.014641812176194218,368,-0.9125837358620374,-0.03405806504455866,-0.6119607677058967,-0.06178106535166561,0.42934782608695654,1.2245810998342321,0.42934782608695654
0.85,11,base,0.7,1.0,0.5,6,0.03218380161661132,553,-0.8472635666402619,-0.03420094633083215,-0.6418319383711729,-0.05915238236419529,0.34900542495479203,1.7528109033441082,0.33815551537070526
0.8,10,deep_slow,0.6,1.5,0.5,6,0.027441884318986948,463,-0.8831726940947607,-0.034309522066808706,-0.47663173680774407,-0.07990693026555495,0.28077753779697623,2.373002126460879,0.2267818574514039
0.9,12,deep_slow,0.8,1.0,0.5,6,0.03478537134288336,595,-0.8156456711264919,-0.03452718945813149,-0.529054450297129,-0.07244495796970218,0.35126050420168065,1.7418462237733068,0.3378151260504202
0.95,12,deep_slow,0.8,1.0,0.5,6,0.03478537134288336,595,-0.8156456711264919,-0.03452718945813149,-0.529054450297129,-0.07244495796970218,0.35126050420168065,1.7418462237733068,0.3378151260504202
0.85,11,base,0.7,1.0,0.75,24,0.03218380161661132,474,-0.7983869514744194,-0.03466127183705581,-0.4895036308493005,-0.0786018092443217,0.4345991561181435,1.2282444830796844,0.4345991561181435
0.85,11,base,0.6,1.0,0.75,6,0.02743703889797145,457,-0.8333096372906825,-0.03474029004568202,-0.558367747300195,-0.06906453801932855,0.4288840262582057,1.2503679656672215,0.4113785557986871
0.8,10,base,0.8,3.0,1.5,24,0.041557390516231536,173,-1.0819400756962345,-0.034826224550169704,-0.2962317901945384,-0.13050122411088927,0.3583815028901734,1.6259871827543877,0.23121387283236994
0.8,10,base,0.8,1.5,0.5,6,0.041557390516231536,513,-0.8544207371978262,-0.035123595366725824,-0.4454339350590683,-0.08752822095117807,0.28654970760233917,2.346793266516488,0.2378167641325536
0.8,10,deep_slow,0.5,2.5,2.0,24,0.02386910511055699,142,-1.0170986489024703,-0.035146507929151416,-0.39941774047093853,-0.09767573669011187,0.4507042253521127,1.1090185096032754,0.352112676056338
0.9,12,shallow,0.5,2.0,0.75,12,0.022171242241514764,285,-0.9872571662283374,-0.0351493729917256,-0.493656750324565,-0.07903588047055765,0.28421052631578947,2.306319733675313,0.24561403508771928
0.95,12,shallow,0.5,2.0,0.75,12,0.022171242241514764,285,-0.9872571662283374,-0.0351493729917256,-0.493656750324565,-0.07903588047055765,0.28421052631578947,2.306319733675313,0.24561403508771928
0.8,10,deep_slow,0.6,2.0,0.5,24,0.027441884318986948,373,-1.0251229332003369,-0.035179092777066656,-0.4670451024212644,-0.08360973852064857,0.2037533512064343,3.5843603311555494,0.2037533512064343
0.85,11,base,0.5,3.0,2.0,24,0.022967702564092134,129,-1.1834136405907631,-0.0354021639969917,-0.40238140340933903,-0.09766015208817524,0.4263565891472868,1.2111410539237903,0.2713178294573643
0.9,12,shallow,0.4,2.5,1.5,6,0.01727300411761307,235,-0.9454440466889645,-0.03563835871688825,-0.4246444171021737,-0.09315622287368786,0.4765957446808511,1.0001461957834938,0.1574468085106383
0.95,12,shallow,0.4,2.5,1.5,6,0.01727300411761307,235,-0.9454440466889645,-0.03563835871688825,-0.4246444171021737,-0.09315622287368786,0.4765957446808511,1.0001461957834938,0.1574468085106383
0.8,10,deep_slow,0.5,2.5,1.0,12,0.02386910511055699,243,-0.9530604099863442,-0.03571512566561841,-0.4119599669480002,-0.09623096647260931,0.3292181069958848,1.864957946732325,0.205761316872428
0.8,10,deep_slow,0.4,1.5,0.75,24,0.02012685895493155,308,-0.9281905163629519,-0.03579114443048592,-0.5029357254385712,-0.0789912309694456,0.3344155844155844,1.826059080513572,0.3344155844155844
0.85,11,deep_slow,0.4,4.0,2.5,24,0.015505342952291496,107,-1.3687167639351154,-0.03634609330756833,-0.3679861353762279,-0.10962969698641734,0.4392523364485981,1.1360348602512471,0.22429906542056074
0.85,11,shallow,0.8,1.0,0.5,6,0.04206355121771392,599,-0.8668792169583509,-0.036441479732730264,-0.5779458142696422,-0.06998555842565768,0.34724540901502504,1.7671248058372429,0.335559265442404
0.85,11,base,0.5,2.5,2.0,6,0.022967702564092134,249,-0.8609417655989048,-0.03645347825504519,-0.3534114269689922,-0.11448738552131199,0.4819277108433735,0.9884372397805058,0.1686746987951807
0.85,11,base,0.5,3.0,1.5,12,0.022967702564092134,197,-1.0630099866365734,-0.03668176629530784,-0.3620754888176645,-0.11244616969914423,0.38578680203045684,1.453590799291907,0.20304568527918782
0.8,10,deep_slow,0.4,3.0,1.5,12,0.02012685895493155,184,-1.0837719155624603,-0.03680291602148855,-0.45649485924695393,-0.08948224410153194,0.41304347826086957,1.287576740535332,0.19021739130434784
0.85,11,shallow,0.4,1.0,0.75,6,0.014641812176194218,375,-0.9958463833605609,-0.037111659297423105,-0.6659891503517298,-0.061848053496634026,0.42933333333333334,1.21401781159809,0.408
0.9,12,shallow,0.6,3.0,1.5,12,0.02729219059178709,200,-1.1469839323082331,-0.03717875694043671,-0.3110831643879932,-0.1326476312242597,0.395,1.4020435857924178,0.175
0.95,12,shallow,0.6,3.0,1.5,12,0.02729219059178709,200,-1.1469839323082331,-0.03717875694043671,-0.3110831643879932,-0.1326476312242597,0.395,1.4020435857924178,0.175
0.8,10,deep_slow,0.7,1.0,0.5,12,0.03201506443356151,568,-0.8915765402020629,-0.03721235748912133,-0.6539639057622746,-0.06315586794916994,0.34683098591549294,1.7643162385340347,0.34683098591549294
0.8,10,deep_slow,0.7,1.0,0.5,24,0.03201506443356151,568,-0.8915765402020629,-0.03721235748912133,-0.6539639057622746,-0.06315586794916994,0.34683098591549294,1.7643162385340347,0.34683098591549294
0.8,10,deep_slow,0.4,2.0,0.75,6,0.02012685895493155,304,-1.0061686293040788,-0.037882698664982284,-0.5534071670239327,-0.07597307173137335,0.3256578947368421,1.8765782993836413,0.19078947368421054
0.8,10,deep_slow,0.5,1.5,0.75,6,0.02386910511055699,359,-0.968809531766204,-0.038216314278741836,-0.5284356786673671,-0.080262352724501,0.3565459610027855,1.655471502121221,0.28969359331476324
0.9,12,shallow,0.4,3.0,2.0,12,0.01727300411761307,151,-1.2943750586704938,-0.038290295255561824,-0.48600400985122344,-0.08743840608954123,0.4503311258278146,1.0799159874963953,0.17218543046357615
0.95,12,shallow,0.4,3.0,2.0,12,0.01727300411761307,151,-1.2943750586704938,-0.038290295255561824,-0.48600400985122344,-0.08743840608954123,0.4503311258278146,1.0799159874963953,0.17218543046357615
0.85,11,shallow,0.4,3.0,1.0,12,0.014641812176194218,218,-1.2103670580290662,-0.03835817850407153,-0.4086403521615235,-0.1041761729075269,0.3073394495412844,2.0308736947968735,0.16055045871559634
0.8,10,deep_slow,0.7,1.0,0.5,6,0.03201506443356151,576,-0.9177466636737809,-0.03838207987483411,-0.7052489140186674,-0.06040002998122351,0.3489583333333333,1.7435282660106715,0.3385416666666667
0.8,10,shallow,0.8,1.0,0.5,6,0.04189406605295098,603,-0.9173636555261266,-0.038385505370457595,-0.6184815830939936,-0.06887973706418382,0.3482587064676617,1.7537199582249128,0.3383084577114428
0.85,11,base,0.7,1.0,0.75,12,0.03218380161661132,475,-0.8917408686750338,-0.03858054875934669,-0.5194860150363291,-0.08242152660401669,0.4336842105263158,1.2239898486768588,0.43157894736842106
0.8,10,shallow,0.7,3.0,2.5,12,0.034650808039162956,167,-1.2796312863738828,-0.0389919323477077,-0.37383393012030025,-0.11575289727052018,0.49101796407185627,0.9318421855417368,0.19161676646706588
0.8,10,deep_slow,0.7,3.0,1.5,24,0.03201506443356151,172,-1.1814104355600323,-0.03899491264346311,-0.33296013884730485,-0.12997249670043065,0.36046511627906974,1.5959824533552733,0.23837209302325582
0.8,10,deep_slow,0.6,2.0,0.5,6,0.027441884318986948,425,-1.0779854580067818,-0.03899728133766733,-0.4970472451491227,-0.08707076397663893,0.2447058823529412,2.8143031732407957,0.15058823529411763
0.8,10,deep_slow,0.8,1.0,0.5,6,0.03652372924092767,601,-0.9303662786244747,-0.03920895284044601,-0.7292275303982779,-0.059669526087777536,0.35108153078202997,1.7289474310539188,0.33777038269550747
0.9,12,shallow,0.6,2.0,1.5,6,0.02729219059178709,279,-1.0295986058126905,-0.040055823689660874,-0.3405397830163074,-0.13052900473982898,0.45878136200716846,1.0783506957650288,0.2007168458781362
0.95,12,shallow,0.6,2.0,1.5,6,0.02729219059178709,279,-1.0295986058126905,-0.040055823689660874,-0.3405397830163074,-0.13052900473982898,0.45878136200716846,1.0783506957650288,0.2007168458781362
0.8,10,base,0.4,2.0,0.75,12,0.018576634829056745,275,-1.1764443350725762,-0.04034050777670306,-0.5468144994990937,-0.08186597314621047,0.2909090909090909,2.194376019220607,0.2545454545454545
0.85,11,base,0.8,1.0,0.75,6,0.037861802141293005,515,-0.9004136435417636,-0.0404828871868419,-0.46590024944251096,-0.09642220563123405,0.4330097087378641,1.2270382036081966,0.4116504854368932
0.8,10,deep_slow,0.5,1.5,0.75,24,0.02386910511055699,331,-1.0834220451872232,-0.041368061345870455,-0.5283762905663195,-0.08687567858139011,0.3323262839879154,1.830017374196936,0.3323262839879154
0.85,11,base,0.5,3.0,1.5,24,0.022967702564092134,159,-1.3259077811594588,-0.041566250528677684,-0.4015258944513227,-0.11486790256296342,0.34591194968553457,1.6762214626112175,0.25157232704402516
0.9,12,deep_slow,0.7,2.0,1.5,6,0.03039343375568873,299,-0.9487229097822168,-0.04165069947341182,-0.37202624428308373,-0.12422757406950091,0.45819397993311034,1.0851917592389508,0.21070234113712374
0.95,12,deep_slow,0.7,2.0,1.5,6,0.03039343375568873,299,-0.9487229097822168,-0.04165069947341182,-0.37202624428308373,-0.12422757406950091,0.45819397993311034,1.0851917592389508,0.21070234113712374
0.8,10,base,0.8,1.5,0.75,6,0.041557390516231536,447,-0.919159461743513,-0.04167216508368243,-0.5398366866429369,-0.08565493991949003,0.3624161073825503,1.6468784250399924,0.28859060402684567
0.8,10,deep_slow,0.5,1.0,0.75,12,0.02386910511055699,408,-1.0322351366478741,-0.04181618954572952,-0.57987235358996,-0.08001606486435275,0.43137254901960786,1.2047964765444361,0.43137254901960786
0.8,10,deep_slow,0.5,1.0,0.75,24,0.02386910511055699,408,-1.0322351366478741,-0.04181618954572952,-0.57987235358996,-0.08001606486435275,0.43137254901960786,1.2047964765444361,0.43137254901960786
0.8,10,base,0.8,2.0,1.5,6,0.041557390516231536,311,-0.9325665350408253,-0.041865209806546955,-0.35208373191817,-0.13193840270436508,0.4694533762057878,1.0405447701924868,0.22508038585209003
0.8,10,deep_slow,0.6,1.0,0.5,6,0.027441884318986948,534,-1.0727977783447649,-0.04245785913474165,-0.7696373709755738,-0.061209805831076936,0.3464419475655431,1.7242166047787362,0.3352059925093633
0.8,10,deep_slow,0.4,1.0,0.5,12,0.02012685895493155,413,-1.2093919231248342,-0.04250951862145658,-0.7105926035972181,-0.06637633468699256,0.3365617433414044,1.7588591064325894,0.3365617433414044
0.8,10,deep_slow,0.4,1.0,0.5,24,0.02012685895493155,413,-1.2093919231248342,-0.04250951862145658,-0.7105926035972181,-0.06637633468699256,0.3365617433414044,1.7588591064325894,0.3365617433414044
0.8,10,deep_slow,0.7,1.5,1.0,24,0.03201506443356151,331,-1.0225978289273103,-0.04369847665492643,-0.41793083616503557,-0.11600583400866771,0.38972809667673713,1.4427746300388125,0.38972809667673713
0.8,10,base,0.4,2.0,1.5,6,0.018576634829056745,255,-1.1443437473770974,-0.04384066528210229,-0.489080131114377,-0.09945153666415285,0.4666666666666667,1.0294851579612807,0.2196078431372549
0.85,11,deep_slow,0.4,3.0,2.5,24,0.015505342952291496,121,-1.5372573445449138,-0.04417632252371695,-0.44304966365563364,-0.11062240828235859,0.4628099173553719,1.0182981183596012,0.3140495867768595
0.8,10,base,0.8,2.0,0.5,24,0.041557390516231536,405,-1.2597292731140874,-0.044186628633098746,-0.4551651618245078,-0.10770293899420391,0.20246913580246914,3.621628916293507,0.20246913580246914
0.9,12,shallow,0.4,2.0,1.5,6,0.01727300411761307,241,-1.2197039857240786,-0.04536447978065672,-0.5134580752334418,-0.09801376673627216,0.4854771784232365,0.941455689505143,0.21161825726141079
0.95,12,shallow,0.4,2.0,1.5,6,0.01727300411761307,241,-1.2197039857240786,-0.04536447978065672,-0.5134580752334418,-0.09801376673627216,0.4854771784232365,0.941455689505143,0.21161825726141079
0.8,10,base,0.4,2.0,0.75,6,0.018576634829056745,303,-1.279427250214306,-0.04545517068761429,-0.6035021234250474,-0.08355613560284592,0.3201320132013201,1.8800556062631364,0.1848184818481848
0.8,10,deep_slow,0.8,1.5,0.75,6,0.03652372924092767,447,-1.0215982708085725,-0.046101897263224556,-0.5867031906576328,-0.0871681759268087,0.36017897091722595,1.6491618587733818,0.28187919463087246
0.85,11,deep_slow,0.8,1.0,0.5,12,0.04023212551971341,590,-1.11920644368682,-0.046586965828447346,-0.6259770360223738,-0.08255653265375906,0.33728813559322035,1.8131375505836735,0.33728813559322035
0.85,11,deep_slow,0.8,1.0,0.5,24,0.04023212551971341,590,-1.11920644368682,-0.046586965828447346,-0.6259770360223738,-0.08255653265375906,0.33728813559322035,1.8131375505836735,0.33728813559322035
0.85,11,base,0.5,3.0,2.5,12,0.022967702564092134,156,-1.5520723367492795,-0.04698104200095943,-0.41235078811785936,-0.12638377680714175,0.4423076923076923,1.1078415181876957,0.22435897435897437
0.8,10,base,0.4,3.0,1.5,12,0.018576634829056745,180,-1.5676003930757785,-0.04772628029415793,-0.5274411246430083,-0.10036917900665265,0.4,1.317658943310659,0.17777777777777778
0.8,10,deep_slow,0.7,1.5,1.0,6,0.03201506443356151,377,-1.0846948988792453,-0.04814272791429741,-0.49639605547886334,-0.10757433491980173,0.4244031830238727,1.2382295264699055,0.3103448275862069
0.8,10,base,0.8,1.0,0.5,12,0.041557390516231536,595,-1.1510550492806655,-0.04817981611861433,-0.7124859859316673,-0.07500568383203432,0.34285714285714286,1.764237943262947,0.34285714285714286
0.8,10,base,0.8,1.0,0.5,24,0.041557390516231536,595,-1.1510550492806655,-0.04817981611861433,-0.7124859859316673,-0.07500568383203432,0.34285714285714286,1.764237943262947,0.34285714285714286
0.8,10,deep_slow,0.6,3.0,1.5,12,0.027441884318986948,199,-1.5108360256518911,-0.04938125949100447,-0.5078097452998767,-0.10785399908627302,0.3969849246231156,1.3431406005616402,0.18090452261306533
0.85,11,deep_slow,0.8,1.0,0.5,6,0.04023212551971341,599,-1.2060934768650478,-0.05040608642375821,-0.6659968288898859,-0.08393829126717578,0.34056761268781305,1.773407263461495,0.327212020033389
0.8,10,deep_slow,0.4,1.5,0.75,6,0.02012685895493155,331,-1.2914481091934553,-0.05076439073287442,-0.6639703937870041,-0.08479119169157256,0.35347432024169184,1.6162920014478008,0.283987915407855
0.85,11,base,0.5,3.0,2.5,24,0.022967702564092134,119,-1.7612911014661363,-0.051047320381765404,-0.467225532820128,-0.12116565248967615,0.453781512605042,1.0349135918047305,0.3025210084033613
0.85,11,shallow,0.5,1.0,0.75,12,0.021430229292638114,402,-1.328899686896486,-0.05171377199439664,-0.8095972591752334,-0.07083591787333843,0.4228855721393035,1.2176606463726227,0.4228855721393035
0.85,11,shallow,0.5,1.0,0.75,24,0.021430229292638114,402,-1.328899686896486,-0.05171377199439664,-0.8095972591752334,-0.07083591787333843,0.4228855721393035,1.2176606463726227,0.4228855721393035
0.8,10,base,0.8,1.0,0.5,6,0.041557390516231536,604,-1.232017679768061,-0.051774404883699776,-0.7689623345214087,-0.0746663389440384,0.34602649006622516,1.7278713758307596,0.3344370860927152
0.85,11,base,0.8,1.0,0.5,12,0.037861802141293005,593,-1.288513763955168,-0.05342238658300702,-0.7309763319866682,-0.0810388353066206,0.3372681281618887,1.790816578181141,0.3372681281618887
0.85,11,base,0.8,1.0,0.5,24,0.037861802141293005,593,-1.288513763955168,-0.05342238658300702,-0.7309763319866682,-0.0810388353066206,0.3372681281618887,1.790816578181141,0.3372681281618887
0.85,11,shallow,0.5,1.0,0.75,6,0.021430229292638114,414,-1.3669568548311397,-0.05367648195486041,-0.8212854266163375,-0.07246974462692435,0.4227053140096618,1.21166465573263,0.4033816425120773
0.8,10,deep_slow,0.8,1.5,1.0,6,0.03652372924092767,391,-1.2083907752094694,-0.05448602720395579,-0.5403269118544086,-0.11180851961043214,0.4194373401534527,1.253318091189571,0.30179028132992325
0.85,11,base,0.7,1.0,0.75,6,0.03218380161661132,491,-1.2803101707404316,-0.05557501285792188,-0.6899580694162935,-0.0893049844832331,0.42769857433808556,1.2153027252018613,0.4093686354378819
0.8,10,deep_slow,0.5,1.0,0.75,6,0.02386910511055699,417,-1.437443805488305,-0.057872231401141394,-0.7679448766143788,-0.08354123102455702,0.42685851318944845,1.1827982771767165,0.4028776978417266
0.8,10,deep_slow,0.4,1.0,0.5,6,0.02012685895493155,416,-1.6688243256574775,-0.05821554483722102,-0.8555059720897669,-0.07543413499228724,0.3317307692307692,1.7179841723212823,0.3173076923076923
0.85,11,base,0.8,1.0,0.5,6,0.037861802141293005,600,-1.4131569526260859,-0.0586768789619071,-0.7942216153752977,-0.08189655023354314,0.3383333333333333,1.764000441066157,0.32666666666666666
0.85,11,base,0.5,1.0,0.75,12,0.022967702564092134,403,-1.5122853757816106,-0.05919781936251922,-0.7886950655523504,-0.08320006916006661,0.41935483870967744,1.2169056051705411,0.41935483870967744
0.85,11,base,0.5,1.0,0.75,24,0.022967702564092134,403,-1.5122853757816106,-0.05919781936251922,-0.7886950655523504,-0.08320006916006661,0.41935483870967744,1.2169056051705411,0.41935483870967744
0.8,10,deep_slow,0.5,3.0,1.5,12,0.02386910511055699,194,-1.7959588542159182,-0.061382617964893194,-0.6340976854069837,-0.10729041270292472,0.3865979381443299,1.3627112273313433,0.18556701030927836
0.8,10,deep_slow,0.4,1.0,0.75,12,0.02012685895493155,367,-1.6617738056001503,-0.06418426253282594,-0.7111054882179397,-0.10002187858923839,0.4196185286103542,1.186331434978692,0.4196185286103542
0.8,10,deep_slow,0.4,1.0,0.75,24,0.02012685895493155,367,-1.6617738056001503,-0.06418426253282594,-0.7111054882179397,-0.10002187858923839,0.4196185286103542,1.186331434978692,0.4196185286103542
0.85,11,base,0.5,1.0,0.75,6,0.022967702564092134,417,-1.767471016041869,-0.06945977383338764,-0.8303208788683087,-0.09267305019794347,0.41247002398081534,1.222521245468977,0.39568345323741005
0.8,10,deep_slow,0.4,1.0,0.75,6,0.02012685895493155,375,-1.9012479168336887,-0.07332774943628051,-0.7393054142154,-0.1098529304372089,0.4186666666666667,1.1616143669235663,0.392
