dedup,n_factors,model,thr_q,tp_mult,sl_mult,max_hold,thr_abs,n,sharpe,total_return,calmar,max_drawdown,win_rate,payoff,tp_rate
0.95,25,shallow,0.4,2.5,1.5,24,0.020269252097180748,138,2.1488161869091584,0.06407145321378138,2.0709846745335896,-0.034531562456890375,0.4492753623188406,1.483185300886977,0.391304347826087
0.95,25,base,0.4,4.0,2.0,12,0.029393976690382538,120,2.333290546700099,0.0635425116741688,2.475035052735653,-0.028654918739840385,0.48333333333333334,1.318538880017022,0.16666666666666666
0.95,25,shallow,0.4,2.5,2.0,6,0.020269252097180748,176,1.6909020501488323,0.05540564732891595,2.2014256981153055,-0.028078581815217274,0.5113636363636364,1.14127608162253,0.18181818181818182
0.95,25,base,0.4,2.5,1.5,24,0.029393976690382538,138,1.7841670039685904,0.053559146246908496,1.535413287617225,-0.0389125814331186,0.4420289855072464,1.47710763728606,0.39855072463768115
0.95,25,base,0.7,3.0,2.0,12,-0.0012058456499734916,174,1.3202209750483165,0.04964548391005419,1.1317422818616039,-0.04892395822453466,0.4942528735632184,1.1571777617262864,0.21264367816091953
0.95,25,base,0.4,2.5,2.0,12,0.029393976690382538,136,1.5229937909632636,0.04617484013684203,1.2440589181990047,-0.041387746525473834,0.49264705882352944,1.1887149889460502,0.35294117647058826
0.95,25,shallow,0.4,3.0,1.5,24,0.020269252097180748,123,1.619740459380559,0.04616300769625581,1.4526998118797918,-0.03543441487262977,0.3983739837398374,1.7543702555318725,0.3170731707317073
0.95,25,shallow,0.4,4.0,1.5,24,0.020269252097180748,109,1.6808022046308402,0.04401211405947514,1.1934900775099158,-0.041115873972790595,0.3761467889908257,1.9382642392178009,0.21100917431192662
0.95,25,shallow,0.4,4.0,2.5,24,0.020269252097180748,84,1.7716778394708155,0.04201718588363268,0.8088897850627893,-0.05790904631014815,0.4642857142857143,1.3579316114002917,0.2619047619047619
0.95,25,shallow,0.4,2.5,1.5,6,0.020269252097180748,192,1.1223055992316737,0.03857710256478608,1.0439770671243749,-0.0411875284609966,0.46875,1.2678589715560282,0.1875
0.95,25,shallow,0.4,3.0,2.0,24,0.020269252097180748,105,1.3363410211721947,0.03834666067854342,0.8290203853111949,-0.05155656155907451,0.44761904761904764,1.4036121863618836,0.3523809523809524
0.95,25,base,0.4,2.5,0.75,24,0.029393976690382538,203,1.1206713768849428,0.038080544470732614,0.9801880851355076,-0.04330210464977047,0.27586206896551724,2.920445578186383,0.2561576354679803
0.8,14,shallow,0.5,3.0,1.5,24,0.012208613969103086,134,1.2294886566061378,0.038021095897464274,1.0471884918132763,-0.040468176048327864,0.39552238805970147,1.7150133013527957,0.30597014925373134
0.8,14,shallow,0.5,2.5,1.5,24,0.012208613969103086,155,1.0792986721046351,0.036232056957486325,0.9431568421320448,-0.04281346221910998,0.432258064516129,1.4518672914750936,0.36774193548387096
0.95,25,base,0.4,3.0,2.0,12,0.029393976690382538,127,1.2055058465915396,0.03618397868750889,1.2325473737303139,-0.032717704991515495,0.49606299212598426,1.1461986392352481,0.23622047244094488
0.95,25,base,0.4,4.0,2.5,12,0.029393976690382538,118,1.2132411388932949,0.035719879304138,0.9659601830672047,-0.041210685341478426,0.5,1.1313944662028266,0.16101694915254236
0.85,16,deep_slow,0.4,3.0,1.5,24,0.02136119538677576,134,1.1665426678013866,0.0354313215809674,0.8046822573679615,-0.049069895225668625,0.373134328358209,1.8697865811018366,0.31343283582089554
0.85,16,deep_slow,0.4,2.5,1.5,24,0.02136119538677576,147,1.1534554003492652,0.03520428861208913,0.7645039810831732,-0.05131716029249267,0.41496598639455784,1.5584369810064904,0.3741496598639456
0.8,14,shallow,0.5,4.0,1.5,24,0.012208613969103086,124,1.206165109945599,0.03470651553628423,0.7387319817981988,-0.05235510596066206,0.3629032258064516,1.9564803287577281,0.20161290322580644
0.95,25,base,0.4,3.0,0.5,24,0.029393976690382538,213,1.1692911928563692,0.034375198278016716,1.319765214459156,-0.02902522308706823,0.18309859154929578,5.045674318123587,0.15492957746478872
0.95,25,base,0.4,3.0,1.5,24,0.029393976690382538,124,1.1469626939605573,0.03370922492529749,0.9631514684672974,-0.03900006452481475,0.3790322580645161,1.8225998626128914,0.3225806451612903
0.85,16,deep_slow,0.8,2.5,0.75,24,-0.03812047939787101,295,0.8428942871648367,0.03248873989600809,0.6274582929885647,-0.05769391759910225,0.26440677966101694,2.9618751512457417,0.24745762711864408
0.95,25,base,0.4,2.0,0.5,6,0.029393976690382538,286,0.9909346883387745,0.03173202105044948,1.298097788304596,-0.027236687122999537,0.2692307692307692,3.0066473889903307,0.1958041958041958
0.95,25,shallow,0.6,4.0,2.0,24,-0.005076506216777017,104,1.2754685577286757,0.030801847001423743,0.6754825037133065,-0.05080475851920574,0.4326923076923077,1.4648034305486903,0.23076923076923078
0.95,25,shallow,0.4,4.0,2.0,12,0.020269252097180748,122,1.0936558821464772,0.029945213077981814,0.99543368399599,-0.033514777107021665,0.47540983606557374,1.2224357614473367,0.1557377049180328
0.95,25,base,0.4,3.0,0.75,24,0.029393976690382538,178,0.9312279844036038,0.029220710997393873,0.7018686671602009,-0.046380866454948766,0.24157303370786518,3.4333604044003785,0.20786516853932585
0.95,25,base,0.4,3.0,2.0,24,0.029393976690382538,104,1.0288060935113885,0.029077674173461965,0.8203386170080056,-0.03948817125974036,0.4519230769230769,1.3336463452427514,0.36538461538461536
0.95,25,base,0.8,3.0,2.0,12,-0.014188546735315654,177,0.7917082855787475,0.028631615272529665,0.5962518787945688,-0.05349410535293597,0.4971751412429379,1.0867743004066475,0.1977401129943503
0.8,14,shallow,0.5,3.0,2.0,12,0.012208613969103086,155,0.8121478562520523,0.028359264990284405,0.6559904247779406,-0.048159369459036316,0.5032258064516129,1.0660044544462906,0.2
0.95,25,base,0.4,4.0,2.0,24,0.029393976690382538,94,1.1214330600398508,0.02803332356859123,0.6852696676105365,-0.045571004410815186,0.44680851063829785,1.3721119238829902,0.2127659574468085
0.95,25,shallow,0.4,3.0,2.0,12,0.020269252097180748,128,0.9349955491745847,0.027916410204523512,0.859213357613105,-0.03619355747625752,0.5078125,1.0663685637817821,0.21875
0.95,25,base,0.4,2.0,1.5,12,0.029393976690382538,168,0.8704701068546365,0.02787496082129093,0.6922042086938052,-0.04485922422176469,0.47619047619047616,1.1955541738651754,0.39285714285714285
0.9,19,deep_slow,0.5,2.5,2.0,12,0.009505043314170823,162,0.7876117167824752,0.027630412075739574,0.5829870197158057,-0.05279518915183323,0.47530864197530864,1.1885560851980996,0.30864197530864196
0.95,25,shallow,0.4,2.5,2.0,24,0.020269252097180748,120,0.9334149283991526,0.02738382308939613,0.574332549944072,-0.053111750874632935,0.48333333333333334,1.161486498815509,0.425
0.9,19,shallow,0.5,3.0,2.5,12,0.0046669078333697435,139,0.8924770703578168,0.027334274316688223,0.5583948964952107,-0.05452866811632673,0.5107913669064749,1.0465405548107736,0.2158273381294964
0.95,25,shallow,0.4,4.0,2.0,24,0.020269252097180748,89,1.1762990774032611,0.02716957276132459,0.5424752220239166,-0.05579017711464618,0.42696629213483145,1.4888103465378408,0.23595505617977527
0.8,14,shallow,0.5,3.0,2.5,12,0.012208613969103086,142,0.8473928051162375,0.02695348872287795,0.5548059778301192,-0.054115729271920654,0.5352112676056338,0.93945171885739,0.2112676056338028
0.95,25,base,0.4,2.5,1.0,6,0.029393976690382538,213,0.8126992805761549,0.02693314126893709,0.5984761846274023,-0.05012903100314359,0.39436619718309857,1.6632256682919617,0.18309859154929578
0.95,25,base,0.4,2.0,0.5,12,0.029393976690382538,271,0.8437222232055788,0.02691533560493853,0.9931499066533234,-0.03018795823480669,0.24354243542435425,3.373217914006669,0.22140221402214022
0.95,25,base,0.4,2.5,2.0,24,0.029393976690382538,121,0.8997953924477938,0.026554473637049325,0.595887988823086,-0.049637873423867274,0.48760330578512395,1.1381694070201704,0.4297520661157025
0.9,19,deep_slow,0.4,3.0,1.5,12,0.02395796766272022,147,0.8502295402655807,0.02588903258074149,0.7277706038865202,-0.03962282770211867,0.4217687074829932,1.4855414818560253,0.22448979591836735
0.95,25,base,0.7,3.0,2.0,24,-0.0012058456499734916,129,0.7543115515726964,0.025710862402115175,0.4649497589175983,-0.06159287829045568,0.4573643410852713,1.277594579011663,0.31007751937984496
0.95,25,base,0.4,2.5,2.0,6,0.029393976690382538,173,0.7911314138600397,0.025612160646622417,0.5601934993953596,-0.050924370386654205,0.5086705202312138,1.0502518902663935,0.1907514450867052
0.95,25,base,0.4,3.0,1.5,12,0.029393976690382538,145,0.85112499019735,0.025606008423180393,0.8109079657444639,-0.03517124046193998,0.42758620689655175,1.454456228326182,0.22758620689655173
0.95,25,shallow,0.4,2.5,1.5,12,0.020269252097180748,154,0.8399262566913148,0.02557698866887903,0.7614777254954259,-0.03741182375195118,0.44805194805194803,1.333523362960795,0.3116883116883117
0.95,25,base,0.6,3.0,2.0,12,0.009270403581615787,157,0.7234299596974372,0.025527312480063902,0.6435671739487153,-0.044180099741909507,0.4968152866242038,1.0869258717046388,0.19745222929936307
0.95,25,shallow,0.8,2.5,1.0,12,-0.033862516362689936,274,0.6637331631773276,0.025494044353353784,0.5065484274754031,-0.05605733528302692,0.3467153284671533,1.9800919574685392,0.22262773722627738
0.95,25,base,0.4,2.5,1.5,12,0.029393976690382538,152,0.8530500422224179,0.025179810453670903,0.67623226119132,-0.041472834563679895,0.4276315789473684,1.4487471927511166,0.3092105263157895
0.95,25,base,0.7,2.0,1.0,6,-0.0012058456499734916,321,0.6274619483532107,0.02516393167464237,0.5742600074389178,-0.048806390789466136,0.411214953271028,1.5091907118227266,0.2336448598130841
0.95,25,shallow,0.4,2.5,1.0,6,0.020269252097180748,220,0.7577764407349113,0.025075161298271587,0.6838418627224334,-0.04084065425977412,0.37727272727272726,1.7773368163749959,0.16363636363636364
0.8,14,shallow,0.5,3.0,1.5,12,0.012208613969103086,173,0.7749156416121304,0.024931668849725863,0.6108281369041582,-0.045460427259429226,0.44508670520231214,1.3339078712983334,0.1907514450867052
0.85,16,deep_slow,0.8,2.5,1.0,12,-0.03812047939787101,271,0.6606339611282501,0.024679421784727706,0.5115824923075342,-0.05372970467195903,0.36162361623616235,1.8595416347244624,0.22509225092250923
0.9,19,shallow,0.4,2.5,1.5,6,0.019014132536386064,195,0.7072718380840662,0.02461494597368552,0.6860147042547109,-0.03996309007881116,0.441025641025641,1.364010997260497,0.1641025641025641
0.95,25,shallow,0.4,2.5,2.0,12,0.020269252097180748,136,0.8349338611711437,0.024528003383035735,0.7322074500917888,-0.037309511927408834,0.49264705882352944,1.115404388572621,0.33088235294117646
0.8,14,shallow,0.8,2.5,1.5,24,-0.02179247154392962,177,0.7005490927363672,0.02445149812378755,0.41125586493709504,-0.06621906539411415,0.423728813559322,1.443939944279911,0.3559322033898305
0.8,14,shallow,0.8,3.0,1.5,24,-0.02179247154392962,158,0.655775285766076,0.02383756868734732,0.44780623102943506,-0.05928526567680237,0.3924050632911392,1.6479172972231575,0.2848101265822785
0.9,19,deep_slow,0.8,2.5,1.0,12,-0.024449058955838984,271,0.6357690180111709,0.023637060414013256,0.4306434524760212,-0.0611287829019016,0.36531365313653136,1.8259036760165537,0.22878228782287824
0.95,25,shallow,0.4,2.5,0.75,24,0.020269252097180748,210,0.6891658465402885,0.023588359981018936,0.3990877136157282,-0.06582613442718555,0.2761904761904762,2.788843355970402,0.24761904761904763
0.95,25,base,0.4,2.0,1.5,24,0.029393976690382538,156,0.7399755493521853,0.02358731584743734,0.5458994284712165,-0.048121019632780926,0.46794871794871795,1.2162995400059882,0.44871794871794873
0.8,14,base,0.8,2.5,1.5,24,-0.006188371914272241,178,0.6541205308515742,0.023572067359673987,0.41551183419885135,-0.06318046938173583,0.4157303370786517,1.4851633420710566,0.3595505617977528
0.95,25,base,0.4,2.0,0.5,24,0.029393976690382538,266,0.7512861020282107,0.0235284085675338,0.9697110709197807,-0.027022014524787252,0.23308270676691728,3.535267756889881,0.23308270676691728
0.8,14,base,0.7,2.5,0.5,12,0.0027703769776574855,369,0.6173699830442299,0.02333356893156635,0.4242560067344695,-0.06125139956145109,0.21680216802168023,3.800371112067891,0.15718157181571815
0.95,25,shallow,0.6,4.0,2.5,24,-0.005076506216777017,97,1.0069808718626823,0.02281021813491657,0.47912552521287477,-0.05301886280331869,0.44329896907216493,1.3643094135104985,0.24742268041237114
0.95,25,base,0.4,2.0,1.5,6,0.029393976690382538,200,0.65391317019741,0.022766215520545918,0.771743827486535,-0.03285238468677498,0.48,1.1585411755025503,0.28
0.85,16,deep_slow,0.4,3.0,1.5,12,0.02136119538677576,156,0.7469546969602177,0.022659506920420736,0.5910686311722575,-0.042693248584915966,0.42948717948717946,1.4243343452085786,0.1858974358974359
0.95,25,shallow,0.8,2.0,1.0,24,-0.033862516362689936,278,0.5732020996021131,0.022553154625970517,0.3857321192982126,-0.06511268398469583,0.35611510791366907,1.878858411520476,0.3489208633093525
0.8,14,shallow,0.6,2.0,1.5,12,0.0018531278602289152,214,0.6062204990827814,0.02248701491637628,0.4963831183981223,-0.050449552649044604,0.4672897196261682,1.2011095763496906,0.35046728971962615
0.8,14,shallow,0.5,2.5,1.0,12,0.012208613969103086,224,0.6293847359181489,0.02198908364053742,0.5577876971542574,-0.043900427671354825,0.35714285714285715,1.901305918159281,0.23660714285714285
0.95,25,base,0.4,2.5,1.0,24,0.029393976690382538,174,0.712635896691807,0.021894244988324596,0.4070646791604867,-0.05989558688508789,0.3275862068965517,2.1694356505065775,0.29310344827586204
0.95,25,shallow,0.6,2.5,2.0,24,-0.005076506216777017,131,0.760783161167459,0.021767816921234973,0.45504852506296484,-0.05326996340276102,0.48091603053435117,1.1557820264636882,0.40458015267175573
0.95,25,base,0.7,3.0,0.75,24,-0.0012058456499734916,234,0.6336408842887407,0.021738642019770715,0.40739893236854835,-0.05942060323660325,0.24358974358974358,3.263336530944936,0.19658119658119658
0.8,14,base,0.7,2.5,0.75,24,0.0027703769776574855,273,0.5635199091580007,0.02172367194325453,0.3515978209310264,-0.06880361122912892,0.2673992673992674,2.8614247099772046,0.23809523809523808
0.95,25,shallow,0.6,3.0,0.75,24,-0.005076506216777017,208,0.660763224557683,0.021493633318873107,0.4999839029766766,-0.04787099518790772,0.24519230769230768,3.255279828138244,0.1971153846153846
0.95,25,deep_slow,0.4,2.0,0.5,24,0.024552703417721047,278,0.6585448621687024,0.021414230647797572,0.4651820550914007,-0.05126208392136111,0.2302158273381295,3.556866506140683,0.2302158273381295
0.9,19,shallow,0.4,3.0,1.5,12,0.019014132536386064,142,0.7173709757331721,0.021399925579486556,0.6826803528841473,-0.03490689736494823,0.43661971830985913,1.3847389595023125,0.2112676056338028
0.95,25,shallow,0.5,2.5,2.0,6,0.0076219438658689225,204,0.6443902405932693,0.02125591626929868,0.5853415081795075,-0.04043741979681459,0.47549019607843135,1.1779672464331665,0.1715686274509804
0.95,25,shallow,0.6,2.5,0.75,24,-0.005076506216777017,243,0.6145686261398492,0.020968893255041365,0.4670520619593556,-0.049993810776294056,0.2674897119341564,2.873714398711229,0.24691358024691357
0.8,14,shallow,0.5,2.0,1.0,12,0.012208613969103086,240,0.5755895905977143,0.020943696760037378,0.5084972142749025,-0.04586381576734544,0.37083333333333335,1.7839518036874813,0.30416666666666664
0.95,25,deep_slow,0.7,3.0,2.0,12,-0.014895904927337712,167,0.6028399875417864,0.02092948148255025,0.4212943437694518,-0.055319458447382175,0.48502994011976047,1.1224666659323184,0.19161676646706588
0.95,25,base,0.4,2.5,0.5,24,0.029393976690382538,242,0.6887815559038728,0.02090481276380496,0.5679026185309587,-0.04098990360364618,0.19421487603305784,4.436540550377587,0.1859504132231405
0.95,25,base,0.4,2.5,1.5,6,0.029393976690382538,189,0.627000441048104,0.020845661755942713,0.4992387639927295,-0.046495449523355936,0.4708994708994709,1.1987421308470003,0.1746031746031746
0.95,25,base,0.4,2.5,1.0,12,0.029393976690382538,188,0.6531571230737687,0.02073705696670114,0.39514614399109826,-0.05843725725887827,0.35638297872340424,1.909812514385729,0.26595744680851063
0.9,19,shallow,0.5,3.0,2.0,12,0.0046669078333697435,145,0.6523059987712768,0.020670048364781923,0.571009258768622,-0.040308550643614716,0.46206896551724136,1.2418205866642718,0.20689655172413793
0.95,25,base,0.4,2.5,0.75,12,0.029393976690382538,212,0.6094559109019321,0.02045135724406144,0.4470008931062098,-0.050945675410090874,0.29245283018867924,2.555589590395989,0.22641509433962265
0.95,25,base,0.4,1.5,0.5,6,0.029393976690382538,306,0.6311673311605793,0.020430456954129594,0.6998430257875284,-0.03250652300875745,0.29411764705882354,2.5607725335668836,0.2679738562091503
0.95,25,shallow,0.4,3.0,2.5,24,0.020269252097180748,96,0.8529631624867956,0.020367468941247635,0.42974660464003134,-0.05277353314131228,0.4791666666666667,1.1681462506026037,0.3541666666666667
0.95,25,deep_slow,0.4,2.5,1.5,12,0.024552703417721047,155,0.6463621818120544,0.019711166040646377,0.4274196674951562,-0.05134918858152948,0.44516129032258067,1.3250952154334272,0.2903225806451613
0.9,19,deep_slow,0.5,2.5,1.5,12,0.009505043314170823,172,0.5844980347158213,0.01964801441605246,0.46933048738124683,-0.04661376182424115,0.4418604651162791,1.332902473999621,0.28488372093023256
0.95,25,shallow,0.4,2.0,1.5,24,0.020269252097180748,162,0.6008322379903783,0.019517299993512482,0.46678801510410856,-0.046555516151429166,0.46296296296296297,1.225391924278927,0.4444444444444444
0.95,25,deep_slow,0.4,3.0,1.5,12,0.024552703417721047,149,0.6237694432054417,0.019142701010676832,0.43978688975723085,-0.048464420659343865,0.42953020134228187,1.410449692277106,0.2080536912751678
0.95,25,base,0.7,3.0,2.5,24,-0.0012058456499734916,118,0.6501707881780264,0.018943868443451972,0.2881203015114031,-0.07320691564481219,0.5,1.0569545463635184,0.3305084745762712
0.95,25,base,0.6,2.5,1.0,12,0.009270403581615787,234,0.5476159665346418,0.01890120038985743,0.4576034275552657,-0.04598925681423449,0.3717948717948718,1.7639771953655072,0.2264957264957265
0.8,14,shallow,0.6,2.5,1.0,12,0.0018531278602289152,240,0.5358433477082508,0.01874417319881383,0.44558064391626423,-0.04683736608300393,0.3458333333333333,1.977369649121287,0.23333333333333334
0.9,19,base,0.4,2.0,0.5,24,0.023221962544119495,260,0.6025097843404064,0.018602746474894127,0.6719297527761295,-0.030824943006796723,0.23076923076923078,3.5439499698661794,0.23076923076923078
0.95,25,base,0.4,2.0,1.0,6,0.029393976690382538,228,0.550834894410147,0.0185590005952998,0.501742968772284,-0.0411833170967284,0.41228070175438597,1.5048045853008354,0.2543859649122807
0.95,25,base,0.4,3.0,2.5,24,0.029393976690382538,97,0.7198909708483809,0.018316964744186093,0.44286250601624627,-0.04604969944807269,0.4742268041237113,1.1783818822005108,0.38144329896907214
0.8,14,shallow,0.5,4.0,2.0,24,0.012208613969103086,110,0.5738068435010268,0.018032310690486053,0.31076819157010455,-0.06460262538636141,0.42727272727272725,1.4234104374252823,0.20909090909090908
0.95,25,shallow,0.4,2.0,1.5,6,0.020269252097180748,201,0.5224000172451696,0.017850528188940507,0.4476824426079468,-0.044392742510379946,0.48258706467661694,1.129919706727782,0.26865671641791045
0.95,25,shallow,0.4,4.0,2.5,12,0.020269252097180748,118,0.6070140231388649,0.017795396742351866,0.38577199294919484,-0.05135782449851467,0.5084745762711864,1.029869349653789,0.1694915254237288
0.85,16,deep_slow,0.4,2.0,1.5,24,0.02136119538677576,164,0.533291280519806,0.017764526800531533,0.3277840310780982,-0.060338532922626364,0.45121951219512196,1.2770215836513206,0.4268292682926829
0.95,25,base,0.4,4.0,1.5,24,0.029393976690382538,114,0.6537343789426412,0.01775920839170131,0.47378900818232494,-0.041731826114415504,0.3508771929824561,1.9654853476686405,0.19298245614035087
0.9,19,shallow,0.4,2.0,1.5,6,0.019014132536386064,203,0.5053711567197233,0.017712884459566203,0.5181028642029398,-0.03806281875957107,0.43842364532019706,1.3500848023858143,0.270935960591133
0.85,16,deep_slow,0.8,2.0,1.0,24,-0.03812047939787101,275,0.4693288107313381,0.01765526468758294,0.3215479589240295,-0.06113004812730616,0.3563636363636364,1.8596116765726503,0.3490909090909091
0.9,19,deep_slow,0.4,2.5,1.5,12,0.02395796766272022,155,0.5787571231625487,0.017532914142378342,0.42081827859163595,-0.04638556214530476,0.432258064516129,1.3849428002614763,0.3032258064516129
0.95,25,base,0.6,2.5,2.0,12,0.009270403581615787,169,0.5076490355264832,0.017480745574466328,0.3851784967352838,-0.050526588287856056,0.47928994082840237,1.1368019555296605,0.3076923076923077
0.9,19,shallow,0.6,2.5,2.0,24,-0.00732066809770861,136,0.5246767551184555,0.01742987876579205,0.27250020487051363,-0.07121120974237583,0.47794117647058826,1.1491825980783572,0.39705882352941174
0.85,16,deep_slow,0.4,2.0,0.5,12,0.02136119538677576,295,0.5261074984768344,0.017341929714943305,0.39647848476301034,-0.04869636091252849,0.2271186440677966,3.584332656760511,0.20677966101694914
0.8,14,shallow,0.5,3.0,1.0,12,0.012208613969103086,206,0.5282312525204014,0.016955713771497294,0.40869394975817774,-0.046187799202767055,0.35436893203883496,1.9089918974198068,0.1650485436893204
0.85,16,deep_slow,0.4,2.0,0.5,6,0.02136119538677576,310,0.49961835625327367,0.016659816939070815,0.41744690554986186,-0.044429481577160534,0.24838709677419354,3.1797176465339914,0.18387096774193548
0.9,19,deep_slow,0.4,2.5,1.5,6,0.02395796766272022,198,0.49274506369657467,0.016607416769322647,0.3716971366710893,-0.04974092671640851,0.4595959595959596,1.2358001634059972,0.15656565656565657
0.95,25,base,0.4,3.0,2.5,12,0.029393976690382538,123,0.556763412978189,0.016271393326116046,0.3701583971860188,-0.048936176864163294,0.5121951219512195,1.0093481325188502,0.23577235772357724
0.95,25,base,0.6,3.0,2.5,12,0.009270403581615787,145,0.4840080375028824,0.01617605669289479,0.27189689050344185,-0.06623065036799725,0.5379310344827586,0.9017681822248712,0.20689655172413793
0.95,25,shallow,0.8,2.0,1.0,12,-0.033862516362689936,295,0.40831046142435407,0.01614780536666105,0.27412575411057494,-0.0655773081477502,0.36610169491525424,1.7815086345831226,0.31864406779661014
0.8,14,shallow,0.7,2.5,1.0,24,-0.009456977029506219,225,0.467025553957363,0.016138620263330905,0.278569173353227,-0.06449455414012961,0.3244444444444444,2.146399148110214,0.28444444444444444
0.95,25,deep_slow,0.7,3.0,0.75,24,-0.014895904927337712,227,0.47538900200419665,0.015977243160293364,0.26649697857720234,-0.0667414072969289,0.24669603524229075,3.1656909165072404,0.2026431718061674
0.9,19,shallow,0.8,2.5,1.5,24,-0.03623754955899112,179,0.465003782533802,0.015975169082213192,0.30558095756290665,-0.05819758061131275,0.4134078212290503,1.4758294142996753,0.3575418994413408
0.95,25,shallow,0.4,1.5,1.0,6,0.020269252097180748,247,0.4570737281457742,0.015909097631766844,0.35387267727602467,-0.05004753315122312,0.4331983805668016,1.3690710597863038,0.3603238866396761
0.95,25,shallow,0.4,2.0,1.0,6,0.020269252097180748,233,0.46346302559030855,0.01538864570828391,0.4076694255991384,-0.042020756106881496,0.3948497854077253,1.6028789124035425,0.24034334763948498
0.9,19,shallow,0.6,3.0,2.0,12,-0.00732066809770861,161,0.46169882912895777,0.01529960356126514,0.3563207456874884,-0.04779786775713557,0.4968944099378882,1.0581942161348132,0.20496894409937888
0.8,14,shallow,0.7,2.0,1.5,24,-0.009456977029506219,202,0.41295705681452394,0.015232054223073277,0.28964012655370247,-0.05854200230678097,0.4603960396039604,1.214214031339791,0.43564356435643564
0.95,25,deep_slow,0.4,2.0,0.5,12,0.024552703417721047,280,0.47294311973004255,0.015172877910946347,0.3294868617095601,-0.05126208392136111,0.23214285714285715,3.452333253018455,0.21785714285714286
0.95,25,deep_slow,0.4,2.0,1.5,12,0.024552703417721047,173,0.4522450724235802,0.015114052136335099,0.31776783416535276,-0.05294634168786727,0.4682080924855491,1.1874544683427186,0.37572254335260113
0.9,19,shallow,0.4,3.0,2.0,24,0.019014132536386064,107,0.5015341917019729,0.014908647307539269,0.23445666798810227,-0.07078409275273967,0.45794392523364486,1.2462642964184019,0.3364485981308411
0.85,16,deep_slow,0.4,2.5,1.5,12,0.02136119538677576,164,0.49039409135997164,0.01480128196633368,0.3492682771682234,-0.047173447490812315,0.43902439024390244,1.335137166664098,0.27439024390243905
0.9,19,shallow,0.4,2.5,2.0,12,0.019014132536386064,138,0.484172266625581,0.01474509440672267,0.37551821004487435,-0.04370917656808859,0.47101449275362317,1.18068030945224,0.30434782608695654
0.85,16,shallow,0.8,2.5,1.5,24,-0.01892708337290167,178,0.42759677970555454,0.014474069645460386,0.2773241020810464,-0.05809684768925871,0.4044943820224719,1.523839846016611,0.3539325842696629
0.9,19,deep_slow,0.6,2.5,1.5,12,-0.000270114899313196,189,0.42670641849832636,0.014371215096401935,0.27857950486360133,-0.057423726125605534,0.43386243386243384,1.3544846682596157,0.25396825396825395
0.85,16,shallow,0.4,2.5,1.0,12,0.019536983020591658,189,0.44258023940547886,0.014035390436744732,0.22016555537723553,-0.07096007324866083,0.3492063492063492,1.9410470696380595,0.24338624338624337
0.8,14,shallow,0.5,2.5,2.0,12,0.012208613969103086,165,0.38071862980972254,0.01374160670127278,0.33424120474304186,-0.045762459955057566,0.4909090909090909,1.073872370214637,0.296969696969697
0.95,25,deep_slow,0.7,2.5,2.0,12,-0.014895904927337712,176,0.4141744621550448,0.01355829598268743,0.25697903371554814,-0.05872659562182536,0.4772727272727273,1.134063285598206,0.2840909090909091
0.95,25,base,0.7,2.5,2.0,12,-0.0012058456499734916,181,0.3903046114135743,0.013473641712274276,0.2507614314223658,-0.059806669160492376,0.4861878453038674,1.0933768531650012,0.287292817679558
0.95,25,deep_slow,0.7,2.5,0.75,24,-0.014895904927337712,279,0.3737004349155984,0.013371209287740493,0.2208363113239577,-0.06739428784788815,0.2616487455197133,2.8932391289025117,0.24372759856630824
0.95,25,base,0.8,3.0,1.0,12,-0.014188546735315654,243,0.37573606140489424,0.013239595276325788,0.23819386352754762,-0.06186768228050188,0.3497942386831276,1.9103528444936682,0.15637860082304528
0.95,25,base,0.4,4.0,1.0,24,0.029393976690382538,143,0.47815091429682266,0.01323290465644944,0.24320310362932712,-0.060562753870774144,0.25874125874125875,2.962477613380067,0.17482517482517482
0.95,25,deep_slow,0.7,2.5,2.0,24,-0.014895904927337712,144,0.40217495319744584,0.01308563209515623,0.18672263950768817,-0.07800343235888951,0.4722222222222222,1.1582837580345013,0.3958333333333333
0.8,14,base,0.5,2.0,1.5,24,0.01796004567886604,192,0.364210322249791,0.013033581179548115,0.23718651758226583,-0.061162959264541295,0.4583333333333333,1.2188677474019898,0.4322916666666667
0.95,25,shallow,0.4,3.0,1.5,12,0.020269252097180748,146,0.4420191203353429,0.013025557232710483,0.3487787801459309,-0.04156815898564781,0.4452054794520548,1.3011424285638322,0.21232876712328766
0.95,25,base,0.7,3.0,1.0,12,-0.0012058456499734916,238,0.367955963914024,0.012987604795474228,0.2501834482499509,-0.05778087401959919,0.35714285714285715,1.8498129796759404,0.15546218487394958
0.95,25,shallow,0.6,3.0,2.0,24,-0.005076506216777017,117,0.4560713166679304,0.012939636359997397,0.3428389180591102,-0.04200920012584897,0.4358974358974359,1.355178406178175,0.3162393162393162
0.85,16,deep_slow,0.4,3.0,2.5,24,0.02136119538677576,108,0.44196734969376045,0.012914940198249347,0.1821628635185177,-0.07891224787556006,0.4537037037037037,1.253505114478914,0.3611111111111111
0.95,25,base,0.7,2.0,0.5,6,-0.0012058456499734916,421,0.34670344672923975,0.01284524007441279,0.27015192377472785,-0.05292298554655972,0.2660332541567696,2.842679687054802,0.18052256532066507
0.9,19,shallow,0.4,2.5,2.0,6,0.019014132536386064,180,0.38222002461767124,0.012813885886235443,0.27680208328801686,-0.05152534576709167,0.4722222222222222,1.1658715656079217,0.16111111111111112
0.95,25,deep_slow,0.4,3.0,2.5,12,0.024552703417721047,127,0.43166241271614475,0.012787486662651615,0.29266339807499087,-0.04863238427094707,0.5039370078740157,1.0307823094362318,0.2204724409448819
0.85,16,deep_slow,0.4,4.0,1.5,24,0.02136119538677576,121,0.47310216935372135,0.012677509578885804,0.25756469010304667,-0.05478400056912336,0.33884297520661155,2.0359117985964255,0.18181818181818182
0.95,25,base,0.4,1.5,0.5,12,0.029393976690382538,301,0.39819233123002246,0.012585612446302852,0.39412119185037064,-0.03554254039744276,0.27906976744186046,2.674083000188831,0.27906976744186046
0.95,25,base,0.4,1.5,0.5,24,0.029393976690382538,301,0.39819233123002246,0.012585612446302852,0.39412119185037064,-0.03554254039744276,0.27906976744186046,2.674083000188831,0.27906976744186046
0.9,19,deep_slow,0.4,2.5,1.5,24,0.02395796766272022,137,0.4223285706108871,0.012057984485615014,0.2592385800980512,-0.05176857704348681,0.40875912408759124,1.501496584333431,0.36496350364963503
0.95,25,base,0.6,2.0,1.0,24,0.009270403581615787,233,0.35033153224541896,0.011952636822368579,0.31607615994663635,-0.04208822172125648,0.351931330472103,1.8801016527577414,0.34763948497854075
0.85,16,base,0.5,2.0,0.5,24,0.01654176117862261,321,0.3355818871331317,0.011685862351029197,0.2344750142728993,-0.055468489071125116,0.22118380062305296,3.6329041171561434,0.22118380062305296
0.9,19,shallow,0.4,2.5,1.5,12,0.019014132536386064,150,0.3921627946232964,0.011632890264796858,0.3442063874346992,-0.03761400390864522,0.44,1.3214792651032414,0.29333333333333333
0.95,25,base,0.7,2.0,1.0,12,-0.0012058456499734916,279,0.31121311045092387,0.0115725856069957,0.24419647696460114,-0.05274367765229415,0.3727598566308244,1.7183194988970352,0.3118279569892473
0.95,25,base,0.7,2.5,1.0,12,-0.0012058456499734916,256,0.329535793777516,0.011561275856455833,0.2230809728642417,-0.05767961605166683,0.359375,1.823366510197373,0.2265625
0.95,25,deep_slow,0.4,2.5,0.5,24,0.024552703417721047,252,0.3683817701390193,0.01114590393506365,0.2887573413170776,-0.042958720552025875,0.19047619047619047,4.3894193258960765,0.18253968253968253
0.85,16,base,0.5,2.0,0.5,12,0.01654176117862261,333,0.3135117818028675,0.010987209694616862,0.21460374479676336,-0.05697906967010291,0.22822822822822822,3.4804974039206646,0.2012012012012012
0.85,16,deep_slow,0.4,2.5,0.5,12,0.02136119538677576,270,0.3578907134314895,0.010885323138839498,0.24682041953128167,-0.04908208585358309,0.2074074074074074,3.957891193462891,0.16296296296296298
0.9,19,deep_slow,0.4,2.5,2.0,6,0.02395796766272022,183,0.3237957366765724,0.010808695823077752,0.2001197185803198,-0.06010966784006688,0.4918032786885246,1.070620060421173,0.16393442622950818
0.8,14,shallow,0.8,2.0,1.5,24,-0.02179247154392962,208,0.296094788912391,0.010788948434413692,0.179086440865405,-0.06704661407907364,0.46153846153846156,1.1944191752723026,0.4326923076923077
0.9,19,shallow,0.6,3.0,2.5,12,-0.00732066809770861,152,0.3568792433317993,0.01071331975405121,0.21709318380458428,-0.054920753536128575,0.5460526315789473,0.8591229255591668,0.19078947368421054
0.9,19,shallow,0.4,2.5,2.0,24,0.019014132536386064,117,0.369367004400082,0.010679360676600469,0.16722477805956285,-0.07107263417261833,0.47863247863247865,1.1280582487214668,0.4017094017094017
0.95,25,base,0.8,3.0,1.5,24,-0.014188546735315654,154,0.3410447684279825,0.010582661455478704,0.2186628247713981,-0.05386112175716384,0.38961038961038963,1.611955205198462,0.2727272727272727
0.85,16,deep_slow,0.4,3.0,1.0,24,0.02136119538677576,165,0.3256479143555014,0.010378727172064561,0.157635527600829,-0.07327241392971684,0.28484848484848485,2.589099539562137,0.24848484848484848
0.9,19,shallow,0.6,2.5,1.5,24,-0.00732066809770861,157,0.3251956281582517,0.01021177877584778,0.18140129018571832,-0.06264804063219309,0.4140127388535032,1.4557413184638226,0.34394904458598724
0.95,25,base,0.4,4.0,2.5,24,0.029393976690382538,88,0.43814579765630013,0.010164193657488552,0.23766807536571144,-0.04759347284462967,0.4659090909090909,1.1899760543469502,0.22727272727272727
0.95,25,shallow,0.4,2.5,1.0,24,0.020269252097180748,177,0.3359557820797261,0.010063021197243893,0.17357037491224306,-0.06452019189341318,0.3163841807909605,2.205496958812808,0.288135593220339
0.8,14,deep_slow,0.8,2.5,1.5,24,-0.037658496495412044,178,0.2948987882692892,0.009988563972469278,0.15643744347907879,-0.07105643373157511,0.4101123595505618,1.4759821299610851,0.34831460674157305
0.95,25,base,0.6,3.0,1.0,12,0.009270403581615787,218,0.2938785592883417,0.009801547267978439,0.2322923601519374,-0.04695655687503353,0.3577981651376147,1.8351660256005482,0.16055045871559634
0.95,25,base,0.7,2.0,1.0,24,-0.0012058456499734916,265,0.26542798703155124,0.009561085661266677,0.18158077845998477,-0.05859600990779246,0.35471698113207545,1.8438140771787952,0.3433962264150943
0.8,14,base,0.7,2.5,1.5,24,0.0027703769776574855,176,0.28159593899384017,0.009420654288709196,0.171543196132806,-0.06111317902201818,0.4090909090909091,1.4806842490091932,0.3522727272727273
0.95,25,base,0.7,4.0,2.5,24,-0.0012058456499734916,104,0.38784285086583886,0.009362567479931583,0.1500100057126705,-0.06945453891501396,0.4423076923076923,1.3000324971790318,0.22115384615384615
0.9,19,deep_slow,0.6,2.5,0.75,24,-0.000270114899313196,258,0.264114635759893,0.009302893019751846,0.1423556472681962,-0.07272232914258236,0.26356589147286824,2.8383175484448278,0.24031007751937986
0.9,19,deep_slow,0.6,2.5,1.0,12,-0.000270114899313196,244,0.26439085107782406,0.009181545039276262,0.15057095684630628,-0.06785722140193995,0.3524590163934426,1.8775893411197426,0.22131147540983606
0.85,16,shallow,0.6,2.0,1.0,12,-0.000379516882682105,260,0.2582508899426088,0.009005626036496794,0.1998854427321432,-0.05013603597925287,0.36153846153846153,1.8025913979110306,0.3076923076923077
0.95,25,base,0.6,4.0,2.5,24,0.009270403581615787,100,0.34734432072344473,0.008954190713565069,0.15747150115264977,-0.063276198135651,0.44,1.3118751246251739,0.22
0.8,14,base,0.7,2.5,0.5,24,0.0027703769776574855,339,0.25359094321450754,0.008760126836898419,0.16595756295829356,-0.05873874287148084,0.19469026548672566,4.2113208752343985,0.17994100294985252
0.95,25,shallow,0.8,2.5,1.0,24,-0.033862516362689936,232,0.2546802237694695,0.008695724575025654,0.15246077383960516,-0.06346837760639279,0.3103448275862069,2.2503291992295056,0.27155172413793105
0.95,25,base,0.8,2.5,1.0,12,-0.014188546735315654,266,0.2504701320399546,0.008630643298215945,0.1501930369984161,-0.0639442550719127,0.34962406015037595,1.8895421107878703,0.22556390977443608
0.95,25,base,0.4,2.5,0.5,12,0.029393976690382538,248,0.2868601774219006,0.008509053161725122,0.24177907537785118,-0.03916225953235064,0.2056451612903226,3.960109556246906,0.1693548387096774
0.85,16,shallow,0.6,3.0,2.5,24,-0.000379516882682105,112,0.3059241854590001,0.008296587690542534,0.1367121178267854,-0.0675293490030695,0.49107142857142855,1.065752624628488,0.3392857142857143
0.8,14,base,0.6,2.0,1.5,24,0.010485141393924495,200,0.23386160252695537,0.00829428159659562,0.1437089930770781,-0.06422362867749365,0.45,1.2454482717447173,0.435
0.95,25,base,0.7,1.5,1.0,6,-0.0012058456499734916,347,0.20668487740571184,0.007983336237998406,0.1528190471826111,-0.05812987714519291,0.4409221902017291,1.2897885777938192,0.3515850144092219
0.95,25,shallow,0.4,3.0,0.75,24,0.020269252097180748,183,0.26384916517292184,0.00790351086622354,0.13528026235718182,-0.06500939942063821,0.23497267759562843,3.317209294044352,0.19672131147540983
0.95,25,deep_slow,0.4,2.0,0.5,6,0.024552703417721047,296,0.2521178320112917,0.007881629343653218,0.17186262974547262,-0.05102988147802079,0.2533783783783784,3.026523501164081,0.17567567567567569
0.95,25,deep_slow,0.6,4.0,2.5,24,-9.84969022274224e-05,99,0.32625995522685125,0.00784919084314728,0.1352135834498889,-0.06459423879134496,0.43434343434343436,1.3397019640390408,0.23232323232323232
0.95,25,shallow,0.5,4.0,2.0,24,0.0076219438658689225,100,0.340834256661772,0.007844774386339681,0.17844354558658135,-0.04891800372203292,0.42,1.4207034816238708,0.23
0.8,14,shallow,0.7,2.5,1.5,24,-0.009456977029506219,171,0.2430278459323847,0.0077705373548446754,0.1484290323024737,-0.05825316253737978,0.4093567251461988,1.474215910773849,0.3508771929824561
0.95,25,base,0.6,3.0,1.5,24,0.009270403581615787,141,0.25826276279887206,0.007729742288578922,0.16737843959784174,-0.05138682937493344,0.375886524822695,1.699037971845858,0.2765957446808511
0.95,25,base,0.7,3.0,1.0,24,-0.0012058456499734916,195,0.2389328864166598,0.007713971427523614,0.13545724718060548,-0.06336679185799554,0.29743589743589743,2.3904307167933916,0.22564102564102564
0.9,19,base,0.8,2.5,1.0,24,-0.02406222399551668,232,0.22605704270061375,0.007651914823256112,0.12318521566186105,-0.0691187656282346,0.31896551724137934,2.15708945048487,0.27586206896551724
0.8,14,shallow,0.8,3.0,1.0,12,-0.02179247154392962,257,0.21811828203620415,0.007621547666305739,0.13773867608821866,-0.06157025666405003,0.3424124513618677,1.9465939518616344,0.1556420233463035
0.9,19,deep_slow,0.8,2.0,1.0,24,-0.024449058955838984,277,0.21630792797887005,0.007615579945769779,0.12399071179031039,-0.06834352609546357,0.35379061371841153,1.8435089020916176,0.34296028880866425
0.85,16,deep_slow,0.4,3.0,0.5,24,0.02136119538677576,241,0.24884249497782043,0.007532352447205071,0.15850506241317383,-0.05287727067123471,0.17427385892116182,4.862850862115308,0.15352697095435686
0.95,25,base,0.4,3.0,1.0,12,0.029393976690382538,172,0.26025443231089607,0.00745947301305927,0.1616555643385664,-0.05134489337403947,0.3430232558139535,1.9531508487254279,0.19186046511627908
0.95,25,shallow,0.8,2.5,0.75,24,-0.033862516362689936,289,0.2097184759276099,0.007440180145154018,0.13646171496511317,-0.060666917009217336,0.25259515570934254,2.9921818929897612,0.22837370242214533
0.85,16,shallow,0.7,2.5,2.0,24,-0.00973145051073512,146,0.2291280693474184,0.007406509858804311,0.12070644465019145,-0.06827498755833805,0.4726027397260274,1.1405349855931164,0.4041095890410959
0.9,19,base,0.4,2.0,0.5,12,0.023221962544119495,267,0.2501599690925224,0.007387391186551184,0.21310166542341144,-0.03857289827829424,0.23220973782771537,3.3874618462967807,0.20599250936329588
0.8,14,shallow,0.5,2.5,1.5,12,0.012208613969103086,185,0.22376132657440725,0.007258250247324405,0.1672717487167631,-0.048281886032440435,0.44324324324324327,1.2800454383697906,0.2594594594594595
0.95,25,base,0.6,2.0,1.0,12,0.009270403581615787,252,0.21359445828544976,0.007236892420800167,0.18728514289705106,-0.04299551527967782,0.373015873015873,1.7039168113917331,0.3055555555555556
0.8,14,deep_slow,0.8,2.0,1.5,24,-0.037658496495412044,215,0.20041127268882974,0.007162763037766862,0.11254885689921315,-0.07081284859423675,0.4558139534883721,1.2143110174188632,0.4325581395348837
0.85,16,shallow,0.6,2.5,2.0,24,-0.000379516882682105,139,0.22401696092594375,0.007157663758738719,0.1370362645910163,-0.058117674343627135,0.4748201438848921,1.130553903634386,0.4028776978417266
0.8,14,base,0.8,2.0,1.5,24,-0.006188371914272241,213,0.1946932558718855,0.006995016636053064,0.11586144307947813,-0.06717664626400588,0.460093896713615,1.191413772492088,0.431924882629108
0.85,16,base,0.5,2.0,0.5,6,0.01654176117862261,359,0.19987721514057646,0.006806946769956079,0.17700507993445275,-0.04278884469085309,0.25069637883008355,3.0412005663740826,0.1671309192200557
0.95,25,deep_slow,0.4,2.5,2.0,6,0.024552703417721047,175,0.22019220638366616,0.006763900856454175,0.15610479022602552,-0.04821075083957549,0.4857142857142857,1.0834692546410467,0.17714285714285713
0.95,25,base,0.5,2.5,0.75,24,0.01986995396446551,233,0.2102884699806001,0.0067391714041726836,0.13973368025169908,-0.05366210403307747,0.2575107296137339,2.917778258342583,0.23605150214592274
0.85,16,shallow,0.6,2.5,1.0,12,-0.000379516882682105,242,0.20409360369569057,0.006601509440188336,0.1436440205067385,-0.051134574643167285,0.34297520661157027,1.9470329388929788,0.2231404958677686
0.8,14,shallow,0.7,2.5,1.0,12,-0.009456977029506219,260,0.19313906578641665,0.006530666674408492,0.11307830154968838,-0.06425922348122615,0.35,1.8846723737545956,0.2230769230769231
0.9,19,deep_slow,0.4,2.5,2.0,12,0.02395796766272022,144,0.2097878305795727,0.006419675584334872,0.1419962371151805,-0.050302640652088115,0.4722222222222222,1.1413317316046219,0.3125
0.9,19,shallow,0.4,4.0,1.5,24,0.019014132536386064,110,0.25600101399808467,0.006369091900469304,0.13221061068660783,-0.053599966038132885,0.34545454545454546,1.9399543961507717,0.2
0.85,16,shallow,0.4,3.0,1.5,12,0.019536983020591658,148,0.22099809886665267,0.006305386645925282,0.14423783434837842,-0.048638961494232746,0.4391891891891892,1.3025743007087995,0.21621621621621623
0.95,25,base,0.6,2.0,1.0,6,0.009270403581615787,292,0.1826885224035497,0.006295793506806868,0.14412200008541276,-0.04860396797119504,0.4041095890410959,1.4978925443023994,0.2328767123287671
0.85,16,base,0.5,2.5,0.5,12,0.01654176117862261,306,0.19918097329999274,0.00623142684557676,0.12120915708920328,-0.05720079154552993,0.21241830065359477,3.773622752999395,0.15359477124183007
0.95,25,deep_slow,0.5,2.0,0.5,6,0.01302946283325905,336,0.1926954652803423,0.006144099837256611,0.09629983316376527,-0.07098728693618384,0.2648809523809524,2.8270893490920206,0.1875
0.85,16,deep_slow,0.4,2.5,2.0,24,0.02136119538677576,126,0.20593047383111512,0.006135178269209618,0.0886147057823973,-0.07703161779629875,0.4603174603174603,1.1943822738938101,0.40476190476190477
0.9,19,deep_slow,0.6,2.5,1.5,24,-0.000270114899313196,164,0.1934560557920746,0.006012981512174553,0.11474811082126475,-0.058302743314863736,0.4024390243902439,1.5118072562756193,0.3475609756097561
0.9,19,shallow,0.4,2.5,1.0,12,0.019014132536386064,186,0.20405704531416366,0.005949421774931185,0.11270053735491364,-0.0587343131561463,0.34946236559139787,1.8945641536284186,0.24731182795698925
0.85,16,deep_slow,0.6,4.0,2.5,24,-0.005917748686304392,101,0.24505926691845983,0.005887417878644996,0.07336511594405178,-0.08928466455098416,0.45544554455445546,1.222126187627315,0.21782178217821782
0.85,16,shallow,0.4,2.5,1.5,12,0.019536983020591658,154,0.20180249209583012,0.005839766554422532,0.12626619340573478,-0.051457520862312256,0.43506493506493504,1.3218886596945918,0.2727272727272727
0.8,14,shallow,0.5,2.0,1.5,24,0.012208613969103086,183,0.17600199981992168,0.005831475363589522,0.1419367163534941,-0.04571133975587738,0.44808743169398907,1.2525823918608965,0.4262295081967213
0.8,14,base,0.4,3.0,2.5,12,0.02654735060013038,131,0.22616647250845387,0.005707584910348507,0.12287510111877928,-0.05168038536643549,0.5038167938931297,1.002706089665883,0.21374045801526717
0.9,19,shallow,0.4,2.5,1.5,24,0.019014132536386064,131,0.21448753740887205,0.005695057918734259,0.12481278133669511,-0.05076636061506867,0.4122137404580153,1.453790510182428,0.35877862595419846
0.9,19,shallow,0.5,2.5,2.0,12,0.0046669078333697435,150,0.19065171130355676,0.005639433354041046,0.13258316101284773,-0.047324136141308926,0.46,1.1957766302091195,0.29333333333333333
0.95,25,base,0.4,3.0,0.75,12,0.029393976690382538,192,0.1917592725975515,0.005614357084342991,0.12452910736731328,-0.05016076401637226,0.2760416666666667,2.652528163713367,0.16666666666666666
0.95,25,shallow,0.4,2.0,1.5,12,0.020269252097180748,172,0.1817928772543017,0.0054890896410899614,0.12368864827941525,-0.04937446744132512,0.47093023255813954,1.1434171267838302,0.37209302325581395
0.95,25,deep_slow,0.7,3.0,2.0,24,-0.014895904927337712,128,0.1704945151308517,0.005328648433115868,0.08364024764847743,-0.07088099503626122,0.4375,1.307171294736426,0.3125
0.85,16,deep_slow,0.4,3.0,2.0,24,0.02136119538677576,117,0.17904364116124585,0.005273381864996152,0.0740206522864568,-0.07926163357715543,0.4188034188034188,1.411521387488099,0.3418803418803419
0.95,25,shallow,0.4,3.0,0.5,24,0.020269252097180748,219,0.19177829689458975,0.00526780541573868,0.11284705558765051,-0.051935708727602004,0.1780821917808219,4.683214254515748,0.1506849315068493
0.9,19,base,0.8,2.5,1.5,24,-0.02406222399551668,176,0.166998761826298,0.005250874835057928,0.082968668942741,-0.07041151714070937,0.4090909090909091,1.4633169208955803,0.3522727272727273
0.9,19,deep_slow,0.6,2.5,1.0,24,-0.000270114899313196,215,0.1615548038266057,0.005111818962468373,0.07766576121382067,-0.07322656166059927,0.31627906976744186,2.1732715417206543,0.27906976744186046
0.8,14,shallow,0.8,2.0,1.0,24,-0.02179247154392962,277,0.14768623784514578,0.0050903308441132555,0.08200181983967174,-0.06906289484798511,0.35379061371841153,1.833931564129361,0.34296028880866425
0.95,25,base,0.7,2.5,1.0,24,-0.0012058456499734916,225,0.1579443298111742,0.004869164740749055,0.08856584871799046,-0.06116529371679191,0.31555555555555553,2.1781896563549528,0.27555555555555555
0.95,25,base,0.8,3.0,2.5,24,-0.014188546735315654,122,0.1827908791568573,0.004828591503508894,0.08571443136640695,-0.06267327906710007,0.48360655737704916,1.0832003060742845,0.3442622950819672
0.8,14,shallow,0.7,4.0,2.5,24,-0.009456977029506219,107,0.17858234074974993,0.004709019381714974,0.06477392355922659,-0.08088039588138574,0.4392523364485981,1.2980787262895959,0.22429906542056074
0.9,19,deep_slow,0.5,2.5,2.0,24,0.009505043314170823,137,0.14473998124443904,0.004499512873751721,0.06354814121467832,-0.07877176027503396,0.46715328467153283,1.1589956382295339,0.39416058394160586
0.8,14,base,0.7,4.0,2.5,24,0.0027703769776574855,107,0.1722348492743595,0.004484913601057627,0.05852264287756603,-0.0852585023248873,0.4485981308411215,1.249476338747316,0.21495327102803738
0.95,25,deep_slow,0.7,4.0,2.0,24,-0.014895904927337712,112,0.1793810364938848,0.004407787707688682,0.0640500233979536,-0.07656090374178082,0.4107142857142857,1.4563680687228429,0.21428571428571427
0.9,19,deep_slow,0.6,2.0,1.0,12,-0.000270114899313196,267,0.13254033046733066,0.004364349522927968,0.06446934729340369,-0.07531315993406107,0.36329588014981273,1.7699819961010506,0.31086142322097376
0.9,19,base,0.6,3.0,2.0,24,0.0010325266825469196,124,0.14447698306682424,0.004355564603486073,0.08322990129268891,-0.05821963596869395,0.4274193548387097,1.3632322432400539,0.3225806451612903
0.95,25,shallow,0.6,3.0,2.0,12,-0.005076506216777017,154,0.1501302021081885,0.00429619227335154,0.08964755431250455,-0.05331485422553106,0.487012987012987,1.0665112175848779,0.18831168831168832
0.95,25,base,0.8,2.5,2.0,12,-0.014188546735315654,185,0.13826440095998782,0.0042509435860143,0.07724408349436776,-0.061224039359452975,0.4864864864864865,1.0677219663647626,0.2864864864864865
0.8,14,base,0.7,2.0,1.5,24,0.0027703769776574855,213,0.12757294891822452,0.004190006221912235,0.08053479644190521,-0.057880394702448434,0.4507042253521127,1.230205225461325,0.431924882629108
0.95,25,base,0.8,3.0,1.5,12,-0.014188546735315654,201,0.1373262451267631,0.0041342743457992714,0.09055846449997083,-0.050788954078156645,0.4228855721393035,1.3799450432586704,0.1890547263681592
0.85,16,deep_slow,0.4,2.0,1.5,12,0.02136119538677576,177,0.1345879982659411,0.0039888519595254746,0.08027796818983188,-0.055277327512360475,0.4519774011299435,1.2280227103252044,0.3502824858757062
0.95,25,shallow,0.5,2.5,2.0,24,0.0076219438658689225,127,0.15143662742244327,0.003913321964695626,0.08780991543295162,-0.04957876190526389,0.4645669291338583,1.166989296058266,0.4015748031496063
0.95,25,base,0.7,2.5,0.75,24,-0.0012058456499734916,272,0.1250182112185669,0.0038943507472126715,0.07025537709101982,-0.06166641328355671,0.25735294117647056,2.8966110014404256,0.23161764705882354
0.95,25,shallow,0.8,3.0,0.75,24,-0.033862516362689936,246,0.12666951611954094,0.0038721359722591053,0.07491470521966469,-0.05750110343284154,0.23577235772357724,3.254349605067617,0.18292682926829268
0.85,16,deep_slow,0.8,2.0,1.0,12,-0.03812047939787101,297,0.11683845968322933,0.0038578600554048936,0.07345471906230447,-0.05842773820756342,0.37037037037037035,1.7137784384326729,0.30303030303030304
0.9,19,shallow,0.8,2.5,0.75,24,-0.03623754955899112,291,0.11628657468509408,0.0037365188579288056,0.06807273468983815,-0.06106373120788189,0.2542955326460481,2.941768474172852,0.23711340206185566
0.95,25,deep_slow,0.7,3.0,1.0,12,-0.014895904927337712,238,0.11752422524644111,0.0036621839421118185,0.06253721956240102,-0.06514620706886809,0.35294117647058826,1.8435006389690902,0.15966386554621848
0.8,14,base,0.7,2.0,0.5,12,0.0027703769776574855,407,0.11170754639460598,0.0035550590081796507,0.0579588189001172,-0.06823579124660639,0.22604422604422605,3.440177265787205,0.20884520884520885
0.95,25,base,0.7,3.0,1.5,12,-0.0012058456499734916,198,0.1167879250018601,0.0034969919117400217,0.0832550998974001,-0.04672693710379461,0.41919191919191917,1.3990878825257385,0.1919191919191919
0.85,16,shallow,0.4,2.0,1.5,12,0.019536983020591658,168,0.11953686769435184,0.00344217465309149,0.06756989718526656,-0.05667112630166293,0.4642857142857143,1.165177263213379,0.34523809523809523
0.85,16,base,0.5,2.5,0.5,24,0.01654176117862261,290,0.11867514690510449,0.003416884395078146,0.07114362026854727,-0.05342886013787107,0.1896551724137931,4.315052470823654,0.17586206896551723
0.95,25,shallow,0.8,3.0,2.0,12,-0.033862516362689936,179,0.10901166670264056,0.0032423514484618554,0.06177271102614728,-0.058390307996451174,0.4860335195530726,1.0667422413970897,0.18435754189944134
0.95,25,base,0.8,2.5,1.5,24,-0.014188546735315654,173,0.11324540625064705,0.0031047312634149282,0.059580216427524466,-0.05796901637720109,0.41040462427745666,1.448609626109862,0.3468208092485549
0.8,14,deep_slow,0.8,4.0,1.5,24,-0.037658496495412044,144,0.1135656430828242,0.003040564466368245,0.04542284896650627,-0.07446501439275899,0.3333333333333333,2.021559940216128,0.20833333333333334
0.95,25,base,0.7,2.0,0.5,24,-0.0012058456499734916,384,0.09861222436601903,0.002950273840477191,0.05310868997610742,-0.06179694066923591,0.22135416666666666,3.5303130329308186,0.22135416666666666
0.95,25,deep_slow,0.4,2.5,1.0,12,0.024552703417721047,192,0.10592807787812891,0.0029408802631785136,0.05762106706595459,-0.05677616487566228,0.34375,1.918045491624794,0.23958333333333334
0.9,19,shallow,0.5,3.0,1.5,12,0.0046669078333697435,161,0.10836255378459474,0.002895573460892198,0.06635537494657798,-0.04854308633839621,0.42857142857142855,1.3470578932309374,0.19875776397515527
0.95,25,base,0.8,4.0,1.5,24,-0.014188546735315654,140,0.11086895003494723,0.0028349296808802826,0.04879598985150252,-0.06462872502090344,0.35,1.8734459402168286,0.19285714285714287
0.85,16,base,0.6,3.0,2.5,24,0.00727389547987417,114,0.10788770813027564,0.002757793172134315,0.05095924693581746,-0.06020107462107682,0.45614035087719296,1.2052137656995687,0.34210526315789475
0.95,25,base,0.8,3.0,2.0,24,-0.014188546735315654,131,0.0994849172826015,0.0027511416520686893,0.043987796352146676,-0.06957386620884165,0.4351145038167939,1.3094385331115577,0.32061068702290074
0.8,14,shallow,0.5,2.0,1.5,12,0.012208613969103086,203,0.09211522970076634,0.0027098638605926872,0.06196551285806775,-0.04864764393674781,0.4630541871921182,1.167909362354813,0.3399014778325123
0.95,25,base,0.4,3.0,1.0,24,0.029393976690382538,158,0.1052044953827418,0.0026530266997084606,0.05390289548887213,-0.05475105981071482,0.27848101265822783,2.587730969391811,0.24050632911392406
0.85,16,base,0.8,4.0,1.5,24,-0.009391219307694848,144,0.09857057363730264,0.0025988339785969483,0.041008089041604946,-0.07049700879128462,0.3333333333333333,2.015205307280456,0.19444444444444445
0.95,25,deep_slow,0.5,2.0,0.5,12,0.01302946283325905,317,0.09088828315505175,0.002497605898179822,0.036987033073010656,-0.07511620494650273,0.2334384858044164,3.2940415421328746,0.21766561514195584
0.9,19,shallow,0.6,2.5,1.0,24,-0.00732066809770861,205,0.09006133564137099,0.0024837907138042237,0.039399452318307,-0.07012674812748809,0.3170731707317073,2.1477188999859953,0.28292682926829266
0.95,25,base,0.4,2.0,1.0,12,0.029393976690382538,206,0.09061543890255622,0.0024614608896134094,0.04428461233090026,-0.06182988452478311,0.3737864077669903,1.6806686714101007,0.32524271844660196
0.95,25,deep_slow,0.7,2.5,1.5,12,-0.014895904927337712,202,0.08305450269592263,0.0021911723904861624,0.04655206489209489,-0.05235876120726568,0.44554455445544555,1.2528299266197138,0.2524752475247525
0.8,14,base,0.5,2.5,2.0,24,0.01796004567886604,138,0.0764310052656174,0.0019592033210447113,0.032103734453569656,-0.06788441394178824,0.4782608695652174,1.1001082078281856,0.39855072463768115
0.95,25,deep_slow,0.5,2.5,0.5,24,0.01302946283325905,286,0.07455744975103214,0.001873457743441831,0.031961396006141715,-0.06520219160656116,0.19230769230769232,4.206313132899943,0.1853146853146853
0.95,25,base,0.4,1.5,1.0,6,0.029393976690382538,239,0.07142876334651727,0.0018497718328487345,0.044932255510669636,-0.04579345355610198,0.4393305439330544,1.2854459517876275,0.3598326359832636
0.95,25,shallow,0.7,3.0,2.0,12,-0.018651083800840466,166,0.06547174463877549,0.0016426195139425115,0.03132057096743153,-0.058337218669162416,0.46987951807228917,1.1334853369608855,0.19879518072289157
0.85,16,deep_slow,0.5,3.0,0.5,24,0.006164899354047,269,0.0682006879161224,0.0015961880173731569,0.02649389588147012,-0.06701553711914432,0.17472118959107807,4.746453826917252,0.1524163568773234
0.9,19,deep_slow,0.8,2.5,0.75,24,-0.024449058955838984,293,0.060845943775342005,0.0015443887797659261,0.024888095816188376,-0.06902413744637848,0.2525597269624573,2.95501735623394,0.23208191126279865
0.95,25,shallow,0.4,2.5,0.5,24,0.020269252097180748,257,0.06515634937568555,0.0015359049538641312,0.0343416340140758,-0.049748409395203086,0.19066147859922178,4.247424416346632,0.1828793774319066
0.8,14,shallow,0.6,2.5,1.5,24,0.0018531278602289152,163,0.06358108558329356,0.0015197546612544244,0.03233734855422778,-0.05227625852731299,0.4049079754601227,1.4797282434613668,0.3558282208588957
0.95,25,deep_slow,0.7,3.0,1.5,12,-0.014895904927337712,197,0.062293697237828786,0.001514114947025469,0.03532671165439922,-0.04767502359572107,0.4263959390862944,1.3521423533934338,0.18274111675126903
0.95,25,shallow,0.5,3.0,2.0,24,0.0076219438658689225,114,0.0626253497336251,0.001353489629499327,0.030886394043182674,-0.04874376787751311,0.4298245614035088,1.3338096000025195,0.3157894736842105
0.9,19,shallow,0.8,2.5,1.0,12,-0.03623754955899112,269,0.05195318216584531,0.0011767209321817962,0.022910053289913575,-0.057131344819754015,0.35315985130111527,1.8310204425747134,0.21189591078066913
0.8,14,base,0.7,2.0,0.5,6,0.0027703769776574855,430,0.05128196189145253,0.0011544618320509237,0.024249106755332907,-0.05295541295054862,0.2534883720930233,2.956866725737808,0.17674418604651163
0.85,16,shallow,0.8,3.0,1.5,24,-0.01892708337290167,162,0.051656911550647534,0.0011468497399189648,0.021331138751521282,-0.05980242839829797,0.36419753086419754,1.7521265349923645,0.2777777777777778
0.95,25,base,0.7,3.0,1.5,24,-0.0012058456499734916,155,0.05057619494967452,0.0010706164549292296,0.021594626291428488,-0.05514583342116974,0.38064516129032255,1.6331452822788632,0.2709677419354839
0.8,14,base,0.8,4.0,1.5,24,-0.006188371914272241,145,0.050842177530729546,0.001066044062990823,0.016319049661171935,-0.07266155097570193,0.3310344827586207,2.0282045475005863,0.2
0.85,16,shallow,0.6,2.5,1.0,24,-0.000379516882682105,214,0.049543346929301256,0.0010512064296346324,0.017849952883767048,-0.0655050745162743,0.3177570093457944,2.1372007182352815,0.2803738317757009
0.95,25,shallow,0.4,2.5,1.0,12,0.020269252097180748,194,0.04894668198767203,0.0010095090771522486,0.016590365031529063,-0.06768263863989643,0.35051546391752575,1.851277582205882,0.25257731958762886
0.9,19,shallow,0.4,2.0,1.5,12,0.019014132536386064,168,0.04670404020054777,0.0009495750848504958,0.02486881778775937,-0.04247131480230615,0.4642857142857143,1.158995967440518,0.36904761904761907
0.9,19,deep_slow,0.8,2.5,1.0,24,-0.024449058955838984,237,0.04425737418488025,0.0008756595752712482,0.012516774047279192,-0.07781487484690963,0.31223628691983124,2.192282147977016,0.2742616033755274
0.8,14,base,0.8,3.0,1.5,24,-0.006188371914272241,160,0.04340719983882364,0.0008454331884339972,0.015104769754110568,-0.06225642545046506,0.375,1.67166691995701,0.2875
0.95,25,shallow,0.7,4.0,2.5,24,-0.018651083800840466,104,0.04480149646929459,0.0007951061355779832,0.011374222710009445,-0.07775371522979024,0.41346153846153844,1.4290550130252833,0.2403846153846154
0.95,25,base,0.6,3.0,0.75,24,0.009270403581615787,217,0.03423676052923239,0.0005211160345017785,0.009132165741559901,-0.06347047505991266,0.2350230414746544,3.2394938831505717,0.18433179723502305
0.95,25,shallow,0.4,2.0,0.5,12,0.020269252097180748,283,0.03345114085198356,0.0004973055042929442,0.009828867027172488,-0.056276920402568376,0.22614840989399293,3.4128831606491787,0.21908127208480566
0.95,25,base,0.4,2.5,0.75,6,0.029393976690382538,240,0.03343627536672069,0.0004881381549859398,0.01096058362464712,-0.04953582146548374,0.32083333333333336,2.1244158797772967,0.15416666666666667
0.9,19,shallow,0.8,3.0,1.5,24,-0.03623754955899112,160,0.03311891839177705,0.00047587775744895033,0.009412503686850038,-0.05623416388935376,0.38125,1.629547185627541,0.275
0.9,19,base,0.8,2.5,0.75,24,-0.02406222399551668,287,0.03345353841185655,0.0004583967451370352,0.008208588329417345,-0.062113016160244894,0.25435540069686413,2.92016812440543,0.22996515679442509
0.85,16,shallow,0.7,2.5,1.5,24,-0.00973145051073512,172,0.03122993240539971,0.00040923190390373954,0.007909080416757499,-0.05755086615270277,0.4069767441860465,1.459842049786402,0.3430232558139535
0.9,19,deep_slow,0.6,2.5,2.0,24,-0.000270114899313196,145,0.0293744560473174,0.0003556918879696891,0.006278952385876745,-0.06300773061857612,0.4689655172413793,1.1367644875027998,0.3931034482758621
0.9,19,shallow,0.4,4.0,2.0,24,0.019014132536386064,93,0.027898607942684346,0.0003492556147512982,0.005161549023000722,-0.07526104603616435,0.43010752688172044,1.3285293578683544,0.20430107526881722
0.95,25,shallow,0.6,1.5,0.75,12,-0.005076506216777017,329,0.022049168516897116,-1.3401629213039001e-06,-2.0821548844460205e-05,-0.07158844548458587,0.3617021276595745,1.7658503020063863,0.3525835866261398
0.9,19,base,0.8,2.5,1.0,12,-0.02406222399551668,268,0.019495113657763737,-9.402032761207657e-05,-0.0015576505162651884,-0.06713482232712298,0.35447761194029853,1.8156380802731626,0.208955223880597
0.95,25,base,0.8,2.0,1.0,12,-0.014188546735315654,293,0.019291468976857032,-0.00011367372626824856,-0.0018146272927285114,-0.06967360564740721,0.3651877133105802,1.7334318167156502,0.31399317406143346
0.95,25,deep_slow,0.4,3.0,0.75,24,0.024552703417721047,174,0.01360561266377446,-0.00012066930637000262,-0.0025137996512216406,-0.053390207933110334,0.23563218390804597,3.216987845063686,0.1839080459770115
0.9,19,shallow,0.6,2.5,2.0,12,-0.00732066809770861,168,0.015530642337366016,-0.0001761175285255323,-0.0035672953496614355,-0.05491078098981239,0.4880952380952381,1.0491097714568276,0.27380952380952384
0.85,16,shallow,0.4,2.5,1.0,24,0.019536983020591658,175,0.011517549873566253,-0.00020277524698830707,-0.0035627816691990834,-0.06330225573854042,0.30857142857142855,2.2393888993195143,0.28
0.85,16,deep_slow,0.4,2.5,1.0,6,0.02136119538677576,231,0.014520228094594976,-0.00021989177968451123,-0.003405992175624129,-0.07180561187305101,0.38095238095238093,1.624026595295033,0.15151515151515152
0.95,25,base,0.8,2.0,1.0,24,-0.014188546735315654,276,0.014291583903561863,-0.0002786177526087341,-0.0042261654184213215,-0.07332530873914744,0.35144927536231885,1.8331516538209902,0.3442028985507246
0.85,16,deep_slow,0.4,2.5,0.5,24,0.02136119538677576,261,0.008202536521939197,-0.0003043341331857574,-0.007153338236245833,-0.047318708673143695,0.18773946360153257,4.322189103809616,0.17624521072796934
0.85,16,deep_slow,0.4,2.0,0.5,24,0.02136119538677576,289,0.008247292182982226,-0.00036683595719366746,-0.008251021652330541,-0.04944855769075196,0.2179930795847751,3.583236755015639,0.21453287197231835
0.9,19,base,0.4,2.5,1.0,12,0.023221962544119495,189,0.005070382918676949,-0.0004168310697924005,-0.01090663089452839,-0.042506730861417874,0.3492063492063492,1.861309311221332,0.2328042328042328
0.85,16,deep_slow,0.4,2.5,1.0,12,0.02136119538677576,202,0.005543310217535288,-0.0004755819643457171,-0.007120005295068026,-0.0742902578156972,0.3415841584158416,1.9250120729544622,0.24257425742574257
0.95,25,shallow,0.5,4.0,2.5,24,0.0076219438658689225,94,-0.00983736489231321,-0.0004787090491731316,-0.009148334770736517,-0.05819910661289285,0.43617021276595747,1.2921354901148803,0.23404255319148937
0.85,16,shallow,0.7,2.0,0.5,24,-0.00973145051073512,381,0.008131157785477405,-0.0004908089865215404,-0.00975124788810801,-0.055980753990965915,0.2178477690288714,3.5753857562130573,0.2178477690288714
0.9,19,shallow,0.6,3.0,2.5,24,-0.00732066809770861,115,0.000423706278317993,-0.0005039242865682025,-0.007963468716757356,-0.0703799778901345,0.4782608695652174,1.09302074123907,0.34782608695652173
0.85,16,shallow,0.7,3.0,2.5,24,-0.00973145051073512,121,0.0001900127979101435,-0.0006258840881252503,-0.00965838475309011,-0.07207299171535253,0.4628099173553719,1.1598622659467246,0.34710743801652894
0.95,25,shallow,0.4,4.0,1.0,24,0.020269252097180748,142,-0.015875836062042913,-0.0009025441104144605,-0.015396393485649995,-0.06519673237806745,0.2605633802816901,2.7996059523342987,0.1619718309859155
0.9,19,shallow,0.4,3.0,1.5,24,0.019014132536386064,120,-0.01751800157150286,-0.0009649859008024064,-0.02254802331057818,-0.04759785318129495,0.36666666666666664,1.7237454794603875,0.2916666666666667
0.85,16,shallow,0.6,2.0,1.0,24,-0.000379516882682105,247,-0.007048354403161583,-0.00103983267379959,-0.018622770358977664,-0.06210008843575365,0.3481781376518219,1.8556578268077593,0.340080971659919
0.95,25,base,0.7,1.5,1.0,12,-0.0012058456499734916,311,-0.003944129796481779,-0.0011273747709449333,-0.021746657073848492,-0.05765629316182541,0.4212218649517685,1.3673359565471819,0.39228295819935693
0.95,25,deep_slow,0.4,3.0,2.0,12,0.024552703417721047,136,-0.015135979530846385,-0.0011611217589281297,-0.02837870507617362,-0.045504597526522916,0.4411764705882353,1.2646506757022795,0.22058823529411764
0.95,25,deep_slow,0.4,3.0,1.5,24,0.024552703417721047,124,-0.022753417118894698,-0.0011758481082755345,-0.024858814886300592,-0.052606636323913825,0.3709677419354839,1.6911188399665418,0.2903225806451613
0.8,14,shallow,0.6,2.0,1.0,12,0.0018531278602289152,258,-0.010471194707015215,-0.0011997165907623453,-0.02201072739659582,-0.060619648920205216,0.35271317829457366,1.8314557948060581,0.29457364341085274
0.95,25,deep_slow,0.4,2.5,1.5,24,0.024552703417721047,138,-0.024941585773043066,-0.0012468335715825063,-0.027028541498355933,-0.05130431272142988,0.4057971014492754,1.4603418242814725,0.36231884057971014
0.85,16,base,0.7,2.5,1.5,24,2.2421718387172765e-05,174,-0.01635200663086795,-0.0012836915713315689,-0.024914027189239994,-0.057303857006975045,0.39655172413793105,1.5213134456061168,0.3505747126436782
0.8,14,shallow,0.6,3.0,0.75,24,0.0018531278602289152,224,-0.021205794069874405,-0.0013205848945956333,-0.028347493743696918,-0.051810508663888366,0.23660714285714285,3.195269558333666,0.19642857142857142
0.8,14,shallow,0.6,2.0,1.5,24,0.0018531278602289152,191,-0.016490974919036134,-0.0013940684175308693,-0.026495506929130826,-0.05851621967687637,0.44502617801047123,1.246395896366534,0.42408376963350786
0.85,16,base,0.8,2.5,1.5,24,-0.009391219307694848,179,-0.018021544127823873,-0.0013986772249712232,-0.02682676863015815,-0.05798470252354948,0.39106145251396646,1.553411596699573,0.35195530726256985
0.8,14,shallow,0.8,4.0,1.5,24,-0.02179247154392962,143,-0.02842217127279237,-0.0014332522044353535,-0.022921054571167488,-0.06954268807997688,0.3356643356643357,1.977774637007665,0.1958041958041958
0.8,14,base,0.7,2.5,0.75,12,0.0027703769776574855,305,-0.012468515431305493,-0.0014763045999892643,-0.01994891221389506,-0.08230366103437625,0.28852459016393445,2.4462509008911453,0.1901639344262295
0.95,25,base,0.7,2.0,0.75,24,-0.0012058456499734916,321,-0.01477832257723207,-0.0014818957347719763,-0.026067771015987035,-0.06322313315325079,0.2897196261682243,2.432799925712874,0.2834890965732087
0.95,25,shallow,0.6,1.5,0.75,24,-0.005076506216777017,327,-0.018095144111503907,-0.0015865785423109235,-0.024647810948989837,-0.07158844548458587,0.3547400611620795,1.804047307865357,0.3547400611620795
0.8,14,deep_slow,0.5,2.5,2.0,24,0.010632801658885678,133,-0.03599323236110196,-0.0016777125772007295,-0.025042407204352024,-0.07450732535259574,0.47368421052631576,1.109507215966198,0.39097744360902253
0.95,25,base,0.4,1.5,0.75,24,0.029393976690382538,259,-0.027252295263465384,-0.0016793332424374086,-0.03662407120697538,-0.05099501360792014,0.35135135135135137,1.8261936372772856,0.35135135135135137
0.9,19,deep_slow,0.4,3.0,1.5,24,0.02395796766272022,124,-0.040295560145713144,-0.0016879637481038712,-0.03592452979398432,-0.052255169272157564,0.3629032258064516,1.7479574722509144,0.2903225806451613
0.8,14,base,0.7,2.0,0.5,24,0.0027703769776574855,398,-0.024586316061148934,-0.0017698325566679607,-0.030368679131635674,-0.06481290917534988,0.2185929648241206,3.5504565532362946,0.2185929648241206
0.95,25,shallow,0.8,3.0,1.0,24,-0.033862516362689936,201,-0.02974587603708856,-0.00178050482719605,-0.02984807307331964,-0.06634097262108885,0.2835820895522388,2.4965060234779117,0.21890547263681592
0.95,25,base,0.6,4.0,1.5,24,0.009270403581615787,132,-0.04162841771509365,-0.0017917522363124494,-0.033329878126568666,-0.05978592229497026,0.3333333333333333,1.9916885458402633,0.1893939393939394
0.95,25,base,0.6,4.0,1.0,24,0.009270403581615787,169,-0.04157924339974773,-0.0018069687046687877,-0.029498795402941255,-0.06812408493265054,0.25443786982248523,2.8902240051242174,0.15976331360946747
0.9,19,base,0.8,3.0,1.0,24,-0.02406222399551668,201,-0.03160703395451338,-0.0018474444585909744,-0.03020431465277259,-0.06802299498991105,0.29850746268656714,2.3219419472049005,0.22388059701492538
0.95,25,base,0.5,2.5,2.0,12,0.01986995396446551,156,-0.037670360964496594,-0.00185203602845041,-0.03833936699014144,-0.053722686919709384,0.46153846153846156,1.1628358232590734,0.3076923076923077
0.95,25,shallow,0.4,2.0,1.0,24,0.020269252097180748,207,-0.03721668003299938,-0.0019395164037598889,-0.033526767661410516,-0.06433582438234631,0.3526570048309179,1.811039358730706,0.34782608695652173
0.9,19,deep_slow,0.4,4.0,1.5,24,0.02395796766272022,118,-0.05477194423179099,-0.001973288977765053,-0.037769224066214614,-0.05810358124127124,0.3305084745762712,2.0149992004470043,0.211864406779661
0.9,19,shallow,0.6,2.5,0.75,24,-0.00732066809770861,252,-0.033669087139322165,-0.0019830120791499706,-0.036040539187894495,-0.061190516150943064,0.25396825396825395,2.903292473137649,0.23015873015873015
0.95,25,shallow,0.6,2.0,0.75,24,-0.005076506216777017,287,-0.03190286474218685,-0.001995983818599334,-0.03528885946251512,-0.06290267490392965,0.2926829268292683,2.393279587169409,0.2857142857142857
0.95,25,shallow,0.4,1.5,0.75,6,0.020269252097180748,280,-0.03595953002169003,-0.0020534654490298454,-0.03862350731265388,-0.059126750092324154,0.375,1.6606724918673899,0.3142857142857143
0.95,25,base,0.7,4.0,1.0,24,-0.0012058456499734916,181,-0.04730209209009466,-0.0020843113196131746,-0.035978853610286896,-0.06442624653804385,0.2541436464088398,2.8953184185954535,0.16574585635359115
0.8,14,shallow,0.8,2.0,1.0,12,-0.02179247154392962,297,-0.0266954817098951,-0.002099134155898019,-0.03206409624115943,-0.0728062050553746,0.37037037037037035,1.688914352384972,0.3063973063973064
0.95,25,deep_slow,0.6,3.0,2.0,12,-9.84969022274224e-05,159,-0.04162519538806706,-0.0021328585763102925,-0.05298769555794909,-0.04476446585884675,0.4716981132075472,1.115554467164159,0.1949685534591195
0.9,19,shallow,0.6,3.0,2.0,24,-0.00732066809770861,122,-0.049141302460810554,-0.0022212161706011146,-0.0382392511552838,-0.06459898149042087,0.4426229508196721,1.2552268738809913,0.319672131147541
0.9,19,deep_slow,0.5,3.0,2.0,12,0.009505043314170823,150,-0.04798633620913533,-0.0022217752117865697,-0.04980910811117117,-0.04960615445457184,0.4666666666666667,1.1360351613577593,0.19333333333333333
0.95,25,deep_slow,0.8,3.0,2.0,12,-0.031353780956353744,179,-0.04468418951337894,-0.0022465588190561103,-0.04353226642099848,-0.05739183618746402,0.4860335195530726,1.0523769764884259,0.17318435754189945
0.95,25,base,0.7,3.0,2.5,12,-0.0012058456499734916,161,-0.04534188923048609,-0.0023066334007462164,-0.039063957152508925,-0.06566659230646166,0.515527950310559,0.9356516340063068,0.19875776397515527
0.95,25,base,0.7,2.5,2.0,24,-0.0012058456499734916,145,-0.04962265461064577,-0.0023355023825878396,-0.033300254220071664,-0.07799633557150654,0.4689655172413793,1.1264615474757789,0.38620689655172413
0.9,19,shallow,0.6,3.0,1.5,24,-0.00732066809770861,138,-0.06093286860795374,-0.0023921212318689378,-0.045594016445721065,-0.05834657741571325,0.391304347826087,1.5464044025401695,0.2753623188405797
0.85,16,shallow,0.6,2.0,0.5,24,-0.000379516882682105,355,-0.04674971579835905,-0.00243509065143932,-0.04909184957871125,-0.05516260168527476,0.21690140845070421,3.576584307472463,0.21690140845070421
0.8,14,shallow,0.6,4.0,2.5,24,0.0018531278602289152,103,-0.0747536715709385,-0.0024866574841910793,-0.03351357565122659,-0.08251500804732148,0.44660194174757284,1.2328993050336146,0.22330097087378642
0.85,16,deep_slow,0.4,3.0,0.75,24,0.02136119538677576,190,-0.05405138899787193,-0.0024896353586552067,-0.043867753285563256,-0.06311433664694466,0.22631578947368422,3.3914840692802937,0.2
0.8,14,deep_slow,0.8,3.0,1.5,24,-0.037658496495412044,158,-0.05287824338685325,-0.0026085937613266053,-0.045307556803698586,-0.06402809409662535,0.37341772151898733,1.6719309796753825,0.27848101265822783
0.8,14,shallow,0.6,3.0,1.0,12,0.0018531278602289152,224,-0.05983899456014059,-0.002684990997243508,-0.04955139184628861,-0.06025871658115323,0.33035714285714285,2.0147665734130036,0.15625
0.85,16,shallow,0.7,2.0,0.5,12,-0.00973145051073512,389,-0.04904470408813606,-0.0026854555059221408,-0.050836007497688046,-0.058746150879508185,0.2210796915167095,3.491326546729978,0.20308483290488433
0.9,19,base,0.7,3.0,2.0,12,-0.01070085499890775,169,-0.058112272586034526,-0.002766417347201844,-0.06414313680243,-0.047962125187845484,0.47928994082840237,1.0793771698765224,0.17751479289940827
0.9,19,deep_slow,0.5,4.0,2.5,24,0.009505043314170823,98,-0.10201025818898046,-0.002768684712238123,-0.037665501679794613,-0.081744888268111,0.4387755102040816,1.2739576853499104,0.21428571428571427
0.95,25,deep_slow,0.4,2.5,1.5,6,0.024552703417721047,193,-0.059249620327943495,-0.0027938874262878333,-0.05305292795711737,-0.058563872798334415,0.44559585492227977,1.2368411697764998,0.16062176165803108
0.95,25,base,0.6,3.0,1.5,12,0.009270403581615787,180,-0.06324032827021878,-0.002828920781044464,-0.07054148679492096,-0.044596991712954503,0.42777777777777776,1.3301397297322046,0.18888888888888888
0.95,25,base,0.7,2.0,0.75,6,-0.0012058456499734916,359,-0.046395518249893394,-0.0028987505547496406,-0.05304318996127111,-0.06077275056601705,0.34818941504178275,1.8636338742103307,0.20891364902506965
0.95,25,shallow,0.7,3.0,0.75,24,-0.018651083800840466,232,-0.06442181218198482,-0.0029245672397183453,-0.047248020877023914,-0.0688343223401584,0.2413793103448276,3.1012215421830476,0.1810344827586207
0.85,16,deep_slow,0.8,2.5,1.0,24,-0.03812047939787101,239,-0.057790054173678,-0.002929768122433396,-0.03918561900226956,-0.08314448788279338,0.30962343096234307,2.2011337565791886,0.27615062761506276
0.85,16,base,0.6,4.0,2.5,24,0.00727389547987417,101,-0.0989843808303661,-0.002956952881575936,-0.04218518948280609,-0.07794902029640427,0.43564356435643564,1.2863712522100499,0.22772277227722773
0.85,16,deep_slow,0.4,3.0,1.0,12,0.02136119538677576,187,-0.07132492435158837,-0.0030813804301021985,-0.05510654317629443,-0.06218209843187439,0.3315508021390374,1.9976256637431298,0.1711229946524064
0.95,25,shallow,0.4,3.0,1.0,24,0.020269252097180748,156,-0.09073847719959104,-0.003191224918032365,-0.05577059415477733,-0.06363157647192397,0.27564102564102566,2.5752656104472096,0.23076923076923078
0.95,25,deep_slow,0.7,2.0,1.5,12,-0.014895904927337712,226,-0.06382477659099435,-0.0032740974373801635,-0.05477708740484218,-0.06646778086958927,0.4557522123893805,1.1872878774954618,0.35398230088495575
0.95,25,shallow,0.4,2.0,0.5,24,0.020269252097180748,282,-0.07897899959303757,-0.003286032997689259,-0.06466398293576452,-0.05651031047203536,0.22340425531914893,3.426748816605665,0.22340425531914893
0.95,25,shallow,0.6,3.0,2.5,24,-0.005076506216777017,110,-0.10535545565081275,-0.003360691058533316,-0.06752310780537187,-0.05534680665552605,0.45454545454545453,1.193308657349855,0.32727272727272727
0.95,25,base,0.7,1.5,1.0,24,-0.0012058456499734916,309,-0.05758758697441586,-0.0033687203116720132,-0.06426376903270571,-0.05829280674681492,0.41423948220064727,1.3964088409053252,0.41423948220064727
0.95,25,base,0.5,2.0,1.5,12,0.01986995396446551,193,-0.07707021356672787,-0.0034014232410860545,-0.0903716464786667,-0.041854666511042304,0.44559585492227977,1.2354598314479934,0.36787564766839376
0.95,25,deep_slow,0.7,4.0,1.5,24,-0.014895904927337712,136,-0.09789584929105404,-0.0034274182281189836,-0.04868374223411549,-0.07828849037411234,0.3382352941176471,1.939716370992418,0.19852941176470587
0.95,25,base,0.7,4.0,2.0,24,-0.0012058456499734916,116,-0.10454877871756176,-0.0034400556072803345,-0.050081927155597984,-0.07638338363037289,0.39655172413793105,1.5077926338676424,0.19827586206896552
0.8,14,shallow,0.5,2.5,2.0,24,0.012208613969103086,139,-0.073683766477224,-0.003449962521568928,-0.06420978625126549,-0.0597485504193066,0.4676258992805755,1.1315506243745597,0.39568345323741005
0.9,19,deep_slow,0.4,2.5,1.0,12,0.02395796766272022,193,-0.08395967485968382,-0.0034566683020544886,-0.05223211448729902,-0.07359260158302272,0.3471502590673575,1.8621492273817752,0.23834196891191708
0.85,16,deep_slow,0.8,4.0,2.5,24,-0.03812047939787101,106,-0.1276227405484043,-0.003456951372356132,-0.04569513373641893,-0.08412738067832315,0.4339622641509434,1.2938936446446785,0.20754716981132076
0.95,25,deep_slow,0.6,3.0,0.75,24,-9.84969022274224e-05,218,-0.08405325698126787,-0.0035272718468774,-0.06407811393470925,-0.061212701047778206,0.23853211009174313,3.141454950245502,0.18807339449541285
0.95,25,shallow,0.7,3.0,2.0,24,-0.018651083800840466,128,-0.08084855321576197,-0.003528398817181033,-0.05851143718504551,-0.06705778536269102,0.4140625,1.40731310936255,0.328125
0.95,25,deep_slow,0.4,4.0,2.5,12,0.024552703417721047,120,-0.11135825951597396,-0.003547342980749657,-0.09307707642440959,-0.04238110626835845,0.45,1.209976705169566,0.15
0.9,19,base,0.4,2.5,0.75,24,0.023221962544119495,202,-0.0971273292940864,-0.003586380916131726,-0.09326233473774206,-0.042762296377570785,0.2524752475247525,2.9279380497486707,0.2376237623762376
0.95,25,shallow,0.7,4.0,2.0,24,-0.018651083800840466,113,-0.11517155030749747,-0.0036062018353234526,-0.05189145899441386,-0.07727954421167527,0.3893805309734513,1.5584080924627386,0.21238938053097345
0.85,16,base,0.7,4.0,2.5,24,2.2421718387172765e-05,106,-0.12686142633425682,-0.0036982325056916787,-0.04912034345848935,-0.08372226553393136,0.44339622641509435,1.2444047430699559,0.20754716981132076
0.95,25,deep_slow,0.5,2.0,0.5,24,0.01302946283325905,314,-0.08766175764961673,-0.0037324991322044143,-0.05502725103803497,-0.0754274135645161,0.22611464968152867,3.3751832031306015,0.22611464968152867
0.85,16,shallow,0.7,2.0,1.0,24,-0.00973145051073512,263,-0.07423778917735718,-0.003748172142017059,-0.0660414253840518,-0.06311172132736353,0.34600760456273766,1.8635372199934175,0.33840304182509506
0.9,19,base,0.7,2.5,2.0,12,-0.01070085499890775,176,-0.09245955978585349,-0.003926210119863938,-0.08726317175568214,-0.05003168492025567,0.48295454545454547,1.0607407440388112,0.26136363636363635
0.95,25,deep_slow,0.4,2.5,0.5,12,0.024552703417721047,259,-0.10542008606265002,-0.003936672038291067,-0.0822720720006531,-0.053208268924647695,0.1969111969111969,4.007729869170655,0.16602316602316602
0.95,25,deep_slow,0.7,4.0,2.5,24,-0.014895904927337712,103,-0.13951071601451756,-0.003962575074002883,-0.05180082071143861,-0.08506336506508294,0.4174757281553398,1.3794466883589533,0.22330097087378642
0.85,16,shallow,0.7,3.0,2.0,24,-0.00973145051073512,133,-0.08750991474101598,-0.003986398870075125,-0.061168930857704695,-0.07246878425732617,0.42857142857142855,1.3234470203366098,0.3233082706766917
0.95,25,deep_slow,0.4,2.5,0.75,24,0.024552703417721047,202,-0.10068593290400005,-0.004033697528294189,-0.08224700380903355,-0.054535990028216186,0.25742574257425743,2.8286019162620244,0.23267326732673269
0.9,19,shallow,0.4,4.0,2.5,24,0.019014132536386064,86,-0.1406113526738109,-0.004044013756449694,-0.056856332352417466,-0.0790921697090845,0.43023255813953487,1.3062722472818686,0.23255813953488372
0.85,16,deep_slow,0.8,2.5,0.75,12,-0.03812047939787101,325,-0.07581168920707634,-0.0040576668869212185,-0.06245758043227429,-0.07224214088007908,0.28615384615384615,2.4630759909340165,0.2
0.9,19,shallow,0.8,2.5,2.0,24,-0.03623754955899112,149,-0.0973938969362751,-0.004080986890385052,-0.05560865886427194,-0.08160590424584924,0.4697986577181208,1.1204075345145956,0.40268456375838924
0.95,25,base,0.8,2.0,1.5,24,-0.014188546735315654,213,-0.0866623069362614,-0.004128430919708714,-0.07778644266780979,-0.059017220880694166,0.4460093896713615,1.2325175916864237,0.4272300469483568
0.95,25,base,0.4,1.5,0.75,12,0.029393976690382538,260,-0.09701220296847368,-0.004164667662498123,-0.09091530129901336,-0.05093779324712733,0.35384615384615387,1.7938047921139246,0.34615384615384615
0.95,25,shallow,0.7,2.5,2.0,12,-0.018651083800840466,174,-0.10471447740850574,-0.004217458174558653,-0.08301399372973434,-0.05649303981631859,0.46551724137931033,1.1367786085655747,0.28735632183908044
0.9,19,base,0.8,3.0,1.5,24,-0.02406222399551668,156,-0.10921875792685248,-0.004371246293476294,-0.07328867224731017,-0.06632238454977069,0.3782051282051282,1.6275345070573841,0.27564102564102566
0.95,25,deep_slow,0.4,2.0,1.0,12,0.024552703417721047,208,-0.10918857768674106,-0.004518159584913306,-0.08884954853916331,-0.056545032649140015,0.3605769230769231,1.7447422438014226,0.3076923076923077
0.85,16,deep_slow,0.8,2.5,1.5,24,-0.03812047939787101,186,-0.10258133167223671,-0.00453026099482623,-0.06963510876187247,-0.07234071336662529,0.3978494623655914,1.5023187422289737,0.34946236559139787
0.95,25,base,0.5,3.0,0.75,24,0.01986995396446551,204,-0.12033284843323962,-0.004572294676639221,-0.09212009120115569,-0.05519079471746868,0.23039215686274508,3.2735342789710185,0.18137254901960784
0.95,25,base,0.5,3.0,1.5,12,0.01986995396446551,167,-0.12505365157070286,-0.004606578334024558,-0.10436889898139515,-0.04907872992604101,0.40718562874251496,1.4398505563223365,0.19760479041916168
0.85,16,shallow,0.6,1.5,0.75,6,-0.000379516882682105,365,-0.0914202075660282,-0.0046345321529570604,-0.09830696217001542,-0.05242119258092881,0.3726027397260274,1.6684770353212828,0.2958904109589041
0.85,16,base,0.7,4.0,1.5,24,2.2421718387172765e-05,141,-0.13242121518712277,-0.004638756178234504,-0.0739379983320227,-0.06976201670276228,0.3333333333333333,1.9815680926442352,0.19148936170212766
0.9,19,deep_slow,0.5,3.0,2.5,12,0.009505043314170823,144,-0.11289339661478053,-0.0046914080101359,-0.07549187266770763,-0.06910140683894983,0.4930555555555556,1.0149755353284495,0.2222222222222222
0.85,16,shallow,0.8,3.0,2.5,24,-0.01892708337290167,124,-0.11658875784233569,-0.004699463747277033,-0.06573503285647457,-0.07949413818000006,0.4435483870967742,1.241860638402185,0.3548387096774194
0.85,16,shallow,0.6,3.0,1.5,12,-0.000379516882682105,181,-0.12516651014341187,-0.004784050722951849,-0.12284085685013858,-0.04330465236445169,0.4585635359116022,1.166950874738012,0.1878453038674033
0.85,16,deep_slow,0.6,4.0,1.5,24,-0.005917748686304392,136,-0.13989431661445687,-0.004803484480884301,-0.08508864289090111,-0.06277199592306759,0.34558823529411764,1.8742542203198185,0.18382352941176472
0.95,25,base,0.7,2.0,1.5,12,-0.0012058456499734916,228,-0.1038760252853961,-0.0049646818290270955,-0.10148936947514461,-0.05439363321892288,0.4473684210526316,1.2239904225711495,0.36403508771929827
0.8,14,shallow,0.6,2.5,1.5,12,0.0018531278602289152,190,-0.12304488601612634,-0.004982173160669845,-0.12139384029914961,-0.04563509314011516,0.4368421052631579,1.2740887859661216,0.24736842105263157
0.9,19,shallow,0.4,2.5,1.0,6,0.019014132536386064,224,-0.1233418853545859,-0.004996870904546036,-0.09863849500011186,-0.0563284896823506,0.36160714285714285,1.7406475163583834,0.15625
0.8,14,base,0.7,3.0,0.75,24,0.0027703769776574855,244,-0.1213506789509285,-0.005195721947895526,-0.08244080518949479,-0.07007695600013064,0.24180327868852458,3.0780307969335268,0.18442622950819673
0.85,16,deep_slow,0.8,2.5,1.5,12,-0.03812047939787101,215,-0.11663896166335423,-0.005212497204167832,-0.12950233761985996,-0.04475477406095141,0.4372093023255814,1.2731640017032062,0.24186046511627907
0.95,25,base,0.5,2.5,2.0,6,0.01986995396446551,203,-0.13895708156692338,-0.0052193653998834355,-0.10746177760516938,-0.05400508522521952,0.49261083743842365,1.0165067726117882,0.15270935960591134
0.95,25,shallow,0.6,2.5,2.0,12,-0.005076506216777017,162,-0.15164322206718303,-0.00528469534746745,-0.11477375288302519,-0.05119726365093913,0.4506172839506173,1.202746672266303,0.30246913580246915
0.9,19,base,0.6,3.0,1.5,24,0.0010325266825469196,142,-0.15092679292167857,-0.0052850999312584745,-0.1359994472906524,-0.04321011541030528,0.3732394366197183,1.6594269474997247,0.2676056338028169
0.95,25,deep_slow,0.6,2.5,2.0,12,-9.84969022274224e-05,167,-0.1408905868987643,-0.005348935141365252,-0.12236849226200247,-0.04860327431816691,0.46706586826347307,1.1272718674310371,0.2994011976047904
0.95,25,base,0.7,2.0,0.5,12,-0.0012058456499734916,395,-0.1158081543261509,-0.005357518966102037,-0.08647296607353563,-0.06888917066780031,0.22531645569620254,3.3870617931845604,0.20506329113924052
0.9,19,deep_slow,0.5,3.0,1.5,12,0.009505043314170823,160,-0.14041873198558644,-0.005365790892338795,-0.1377835298286411,-0.04330158866143796,0.425,1.3331384258635834,0.1875
0.8,14,shallow,0.8,4.0,2.5,24,-0.02179247154392962,109,-0.17513823222450892,-0.005393180146516685,-0.06212916004331768,-0.09651974543711328,0.43119266055045874,1.3016227359519996,0.22018348623853212
0.85,16,base,0.6,2.0,1.5,6,0.00727389547987417,271,-0.10614294421520369,-0.005446115321768641,-0.10078214833197723,-0.0600853575262843,0.4612546125461255,1.1552893711069983,0.25092250922509224
0.9,19,base,0.8,2.0,1.0,24,-0.02406222399551668,275,-0.11763219038111183,-0.005489860379272238,-0.08095454271091973,-0.07540227227738439,0.34545454545454546,1.8630001733325887,0.33454545454545453
0.95,25,shallow,0.8,2.5,0.5,24,-0.033862516362689936,361,-0.12723271410061054,-0.005494825725000818,-0.11101250155944188,-0.05503592503237409,0.18282548476454294,4.3993067880676255,0.1745152354570637
0.95,25,base,0.8,2.5,0.75,24,-0.014188546735315654,279,-0.12483402961555054,-0.005503331531502065,-0.09835694687200433,-0.06221350448978524,0.25448028673835127,2.879014335078536,0.22580645161290322
0.95,25,base,0.8,3.0,0.75,24,-0.014188546735315654,236,-0.14305415629853674,-0.0057664908177859076,-0.10384020064838725,-0.06174526765043986,0.23728813559322035,3.1486949922295313,0.18220338983050846
0.95,25,base,0.4,2.0,0.75,6,0.029393976690382538,258,-0.14288838898950723,-0.005791239943476967,-0.14417244124176712,-0.04466283560516049,0.3372093023255814,1.9373650218554996,0.21705426356589147
0.8,14,base,0.7,3.0,1.5,24,0.0027703769776574855,155,-0.1485979543311938,-0.005909205722929967,-0.11666917511731006,-0.05631538820947457,0.3741935483870968,1.6520017813047645,0.27741935483870966
0.9,19,deep_slow,0.6,4.0,2.5,24,-0.000270114899313196,102,-0.22999021993541344,-0.005915751409603542,-0.09518781793456986,-0.06910070595299411,0.43137254901960786,1.2959343715516058,0.22549019607843138
0.8,14,base,0.5,2.5,2.0,12,0.01796004567886604,163,-0.14366771028346204,-0.005924631018916715,-0.10502808933602277,-0.06272050775460847,0.4662576687116564,1.1278869016887805,0.2883435582822086
0.95,25,deep_slow,0.4,2.5,2.0,12,0.024552703417721047,141,-0.1705311023286873,-0.006093175883845281,-0.1244546475996588,-0.05443549714535467,0.45390070921985815,1.1837144672187518,0.3120567375886525
0.8,14,base,0.4,2.5,0.5,12,0.02654735060013038,268,-0.17515421326217895,-0.006142259536854322,-0.10108797846813643,-0.06755804119850739,0.20522388059701493,3.7967861205356104,0.15298507462686567
0.85,16,deep_slow,0.4,4.0,1.0,24,0.02136119538677576,143,-0.1992093273053713,-0.006152090822323819,-0.07968815300293627,-0.08583751457702715,0.2517482517482518,2.9119658608159953,0.16083916083916083
0.8,14,shallow,0.8,3.0,1.0,24,-0.02179247154392962,205,-0.15056652376476812,-0.006249672898864467,-0.09910385712109543,-0.07011525192525059,0.2926829268292683,2.3623461690819574,0.2097560975609756
0.85,16,shallow,0.7,3.0,2.0,12,-0.00973145051073512,176,-0.14007905612674604,-0.00635934380662706,-0.13823274771122643,-0.05114985998147381,0.4659090909090909,1.1297613667950468,0.20454545454545456
0.9,19,base,0.6,2.5,1.5,24,0.0010325266825469196,164,-0.17608523778117458,-0.0063634962179229815,-0.15123019905646756,-0.04678431228832103,0.39634146341463417,1.5031709567871039,0.34146341463414637
0.9,19,shallow,0.5,2.5,2.0,24,0.0046669078333697435,125,-0.18977698387777053,-0.006410806356870968,-0.0839995504103584,-0.08485501660847083,0.464,1.1348000927385133,0.376
0.95,25,shallow,0.6,1.5,0.75,6,-0.005076506216777017,345,-0.13877216857295677,-0.006459093312225939,-0.10163901131933839,-0.07065644303483776,0.3826086956521739,1.5918473630252614,0.3101449275362319
0.8,14,shallow,0.6,3.0,1.5,12,0.0018531278602289152,180,-0.17439740473274107,-0.006463122521597753,-0.16198505607414207,-0.044361679867103154,0.43333333333333335,1.286286268354315,0.17222222222222222
0.85,16,shallow,0.7,4.0,2.5,24,-0.00973145051073512,108,-0.2260320705893484,-0.00648721179953593,-0.09044795816594668,-0.07974422939009529,0.4166666666666667,1.3750811129372678,0.23148148148148148
0.95,25,shallow,0.4,1.5,1.0,24,0.020269252097180748,232,-0.16184442848464545,-0.006520617919192673,-0.12139909405564067,-0.05971898877120996,0.41379310344827586,1.3813286691380533,0.41379310344827586
0.95,25,deep_slow,0.5,2.5,0.5,12,0.01302946283325905,294,-0.17882085409982046,-0.006638437125937036,-0.1034536977110418,-0.07134377447968532,0.20408163265306123,3.811020668768304,0.16666666666666666
0.95,25,deep_slow,0.6,3.0,2.5,24,-9.84969022274224e-05,110,-0.22749274188931154,-0.006643455272758114,-0.10922134258044437,-0.06762739143940644,0.4636363636363636,1.1340276383416816,0.32727272727272727
0.95,25,deep_slow,0.4,2.0,1.5,6,0.024552703417721047,199,-0.1646081030768992,-0.006669443567280053,-0.15888770991549775,-0.04666967662757193,0.4472361809045226,1.214775469690226,0.25125628140703515
0.9,19,shallow,0.5,3.0,2.0,24,0.0046669078333697435,114,-0.2003317925392922,-0.0067002947910461685,-0.08976581362685594,-0.08298845489684115,0.4298245614035088,1.3003249551571132,0.3157894736842105
0.95,25,base,0.8,2.5,2.0,24,-0.014188546735315654,148,-0.17882378023276047,-0.006705426872112397,-0.08698457874037391,-0.08570749069090533,0.47297297297297297,1.0963143222994958,0.39864864864864863
0.85,16,deep_slow,0.7,2.5,1.0,12,-0.022526671088844777,256,-0.15557011963945397,-0.006714157572678792,-0.10495045883638161,-0.07112816229984475,0.34375,1.8822198739263465,0.22265625
0.85,16,deep_slow,0.5,2.5,2.0,24,0.006164899354047,137,-0.18192966597728513,-0.006735924765350454,-0.08745245497929977,-0.08563653562803908,0.46715328467153283,1.123750043254841,0.38686131386861317
0.95,25,deep_slow,0.7,2.5,0.75,12,-0.014895904927337712,299,-0.15240311112291977,-0.006790159230208315,-0.08944042974516621,-0.08440703043014675,0.2842809364548495,2.4682232891874003,0.20066889632107024
0.95,25,shallow,0.7,4.0,1.5,24,-0.018651083800840466,136,-0.20409463566294878,-0.006851287419859742,-0.10852499469059187,-0.07018971149795505,0.33088235294117646,1.9900793158832932,0.18382352941176472
0.9,19,shallow,0.5,2.0,1.5,6,0.0046669078333697435,237,-0.15255335214756535,-0.006922935708528533,-0.12159365386993425,-0.06330072421325628,0.43037974683544306,1.3037019311164806,0.270042194092827
0.9,19,shallow,0.8,4.0,2.5,24,-0.03623754955899112,109,-0.24406509817610839,-0.006989264218449032,-0.089097352193788,-0.08721563081586825,0.44036697247706424,1.2479123985725673,0.21100917431192662
0.8,14,shallow,0.5,4.0,2.5,24,0.012208613969103086,99,-0.23564673991959104,-0.00703403690991411,-0.10150818411172363,-0.07704246211142152,0.4444444444444444,1.2249070695256898,0.21212121212121213
0.8,14,base,0.6,2.0,1.5,12,0.010485141393924495,217,-0.15923569841450455,-0.0071757259195780465,-0.09592007937415878,-0.08317243432582966,0.46543778801843316,1.1317797725555243,0.3548387096774194
0.95,25,shallow,0.4,2.5,0.5,12,0.020269252097180748,260,-0.20179277761935083,-0.0071828421930449915,-0.1473652294505813,-0.054190633270099764,0.19615384615384615,3.9850710602427943,0.16923076923076924
0.85,16,deep_slow,0.7,4.0,2.5,24,-0.022526671088844777,104,-0.2891344363154695,-0.0071876900643096375,-0.0943071356987057,-0.08473592882707559,0.4423076923076923,1.2350975178038694,0.21153846153846154
0.9,19,deep_slow,0.7,4.0,2.5,24,-0.011679573210607598,106,-0.25366304108158094,-0.007190901904129965,-0.09518332624782036,-0.083993410375234,0.4339622641509434,1.2787252200452948,0.22641509433962265
0.95,25,base,0.6,2.5,1.0,24,0.009270403581615787,199,-0.20130732317215672,-0.00720759710529606,-0.12357103591280369,-0.0648479324970409,0.3065326633165829,2.2022709436562136,0.271356783919598
0.85,16,shallow,0.6,3.0,1.0,24,-0.000379516882682105,189,-0.20691071047910053,-0.007214451498526064,-0.13860288651998778,-0.05786996169431402,0.2962962962962963,2.310547750271626,0.2222222222222222
0.85,16,base,0.5,1.5,0.5,6,0.01654176117862261,387,-0.1702707148781338,-0.007296797008904399,-0.17335898833455918,-0.046795709474821034,0.27648578811369506,2.5697608261125398,0.23772609819121446
0.85,16,deep_slow,0.5,3.0,2.5,24,0.006164899354047,113,-0.21633277271653176,-0.007344231281307567,-0.10300621590525126,-0.07926872735164037,0.46017699115044247,1.15065160797758,0.3274336283185841
0.9,19,shallow,0.8,2.5,1.0,24,-0.03623754955899112,234,-0.18066626953838144,-0.007345629576246293,-0.11957515744444543,-0.06829784523385829,0.3076923076923077,2.1991366213738233,0.27350427350427353
0.9,19,base,0.4,2.0,1.0,12,0.023221962544119495,204,-0.2022815134131413,-0.007379087152543207,-0.21663692646528832,-0.03786938692399966,0.35784313725490197,1.757082112120635,0.30392156862745096
0.95,25,shallow,0.6,3.0,1.5,24,-0.005076506216777017,144,-0.2243465950472165,-0.00738323062254076,-0.16403394694706064,-0.05004154593885923,0.3680555555555556,1.6873766805157857,0.2708333333333333
0.85,16,deep_slow,0.5,3.0,2.5,12,0.006164899354047,144,-0.22153429448357426,-0.0074412663400198475,-0.13560013878181618,-0.061010321349324714,0.5069444444444444,0.9521644222358755,0.2152777777777778
0.95,25,shallow,0.4,2.0,1.0,12,0.020269252097180748,213,-0.19881774310251962,-0.007595975549771539,-0.12488723184436412,-0.06762049207874388,0.37089201877934275,1.6548779542826053,0.3145539906103286
0.9,19,base,0.4,3.0,0.75,12,0.023221962544119495,197,-0.25183026614675613,-0.007674149001357655,-0.17090295316858964,-0.049921951416956656,0.27411167512690354,2.581056721840557,0.15736040609137056
0.9,19,shallow,0.4,3.0,2.0,12,0.019014132536386064,131,-0.22463752643081975,-0.007697444534112474,-0.2088998251718311,-0.04096555230081078,0.45038167938931295,1.19171753593865,0.19083969465648856
0.8,14,deep_slow,0.7,4.0,2.5,24,-0.02092844120651946,108,-0.24714056373230367,-0.0077194139399273665,-0.08865763691465327,-0.09680058079798604,0.42592592592592593,1.3207711724605202,0.2222222222222222
0.85,16,shallow,0.7,4.0,1.0,24,-0.00973145051073512,178,-0.24777736606164008,-0.007810995282688693,-0.16469847313876215,-0.052725941541771015,0.25842696629213485,2.7864785889659984,0.15730337078651685
0.95,25,base,0.8,2.5,0.5,24,-0.014188546735315654,362,-0.19176331204980987,-0.007829895171771906,-0.12658178358942515,-0.06876885844954717,0.1878453038674033,4.232600823003412,0.17403314917127072
0.85,16,deep_slow,0.5,2.0,0.5,24,0.006164899354047,331,-0.19423614425649705,-0.007861756024626576,-0.1274483611854691,-0.06857907208177927,0.2175226586102719,3.5224298124469704,0.2175226586102719
0.85,16,deep_slow,0.4,2.5,1.0,24,0.02136119538677576,186,-0.21617141457612893,-0.007939562523712751,-0.10507022762186277,-0.08400812500124677,0.3064516129032258,2.2137696983731177,0.27956989247311825
0.8,14,shallow,0.7,2.0,1.0,24,-0.009456977029506219,262,-0.18168309844352296,-0.007945328583748634,-0.1210777406664625,-0.07295445282451485,0.3473282442748092,1.8366382667406858,0.33969465648854963
0.8,14,base,0.6,4.0,2.5,24,0.010485141393924495,101,-0.29269970812065943,-0.008013316859651232,-0.1052394437258757,-0.08465183109432972,0.42574257425742573,1.3196048661510555,0.21782178217821782
0.95,25,base,0.8,2.0,1.5,12,-0.014188546735315654,235,-0.18673472819133186,-0.008032217193609026,-0.16770230225028643,-0.053247416402505854,0.451063829787234,1.1984553724489093,0.3617021276595745
0.95,25,base,0.6,2.5,2.0,6,0.009270403581615787,226,-0.19353373832369797,-0.008032933748900573,-0.16327467940164173,-0.054696237116796054,0.4823008849557522,1.0537065472454294,0.1504424778761062
0.8,14,shallow,0.8,3.0,2.0,24,-0.02179247154392962,139,-0.1858925312995007,-0.008034424548771568,-0.11114743303582009,-0.08036323432839765,0.4244604316546763,1.3322527163248883,0.31654676258992803
0.9,19,shallow,0.5,1.5,0.75,24,0.0046669078333697435,304,-0.187821256517965,-0.008050789751312903,-0.10799320457839849,-0.0828788513063693,0.35526315789473684,1.7806337914696502,0.35526315789473684
0.9,19,shallow,0.8,4.0,1.5,24,-0.03623754955899112,145,-0.238030706096582,-0.00808825415066372,-0.13369627126586303,-0.06725680660634603,0.3310344827586207,1.984851926661805,0.19310344827586207
0.85,16,base,0.8,3.0,1.5,24,-0.009391219307694848,162,-0.2043567536764505,-0.00815811234054431,-0.14596020297215825,-0.06213756921887781,0.37037037037037035,1.6681141969124247,0.2716049382716049
0.9,19,deep_slow,0.5,2.5,1.5,24,0.009505043314170823,155,-0.22179935937658857,-0.00820829038891746,-0.13304892273978813,-0.06858658152328456,0.4,1.4721109800194938,0.3419354838709677
0.95,25,base,0.4,2.0,1.0,24,0.029393976690382538,200,-0.22321659282078687,-0.008226787125962143,-0.14338187715896453,-0.06378717260698141,0.35,1.7997562668979012,0.345
0.9,19,deep_slow,0.5,3.0,2.5,24,0.009505043314170823,113,-0.2620351399622928,-0.008231656934823306,-0.11780653489259744,-0.07768105503671285,0.4424778761061947,1.2357987260507708,0.336283185840708
0.8,14,deep_slow,0.4,2.0,0.5,12,0.025687802785900486,288,-0.2225902765883232,-0.008269754890952719,-0.11392607216351545,-0.08069856548830623,0.22916666666666666,3.2801302022663306,0.21180555555555555
0.9,19,base,0.7,2.5,1.5,24,-0.01070085499890775,169,-0.23210743481673635,-0.00835856791384415,-0.14544710544372355,-0.06388823906524399,0.40236686390532544,1.456545320459892,0.3431952662721893
0.85,16,shallow,0.6,2.0,0.5,12,-0.000379516882682105,366,-0.21010042204329793,-0.008381618216805053,-0.16823904079685897,-0.05538531774172539,0.2185792349726776,3.49166795106687,0.1994535519125683
0.9,19,shallow,0.5,2.5,1.0,12,0.0046669078333697435,211,-0.2334140925156297,-0.008397161080190507,-0.15620938277081955,-0.05976109511683747,0.33649289099526064,1.9280973377401782,0.22274881516587677
0.95,25,shallow,0.4,3.0,2.5,12,0.020269252097180748,123,-0.2725731256861473,-0.008462985187032146,-0.1649040277985884,-0.05705370911927499,0.5203252032520326,0.8970661066823771,0.22764227642276422
0.8,14,deep_slow,0.6,2.0,1.5,12,-0.006382668772450415,216,-0.20107134318404285,-0.008510112776360268,-0.1649423560752615,-0.05735793836325376,0.4537037037037037,1.182801349505909,0.36574074074074076
0.9,19,deep_slow,0.6,2.0,1.0,24,-0.000270114899313196,254,-0.1988235042817937,-0.008515572783416414,-0.11954032573093867,-0.07919353111640182,0.3464566929133858,1.8399470090368368,0.33858267716535434
0.9,19,deep_slow,0.5,2.5,0.5,24,0.009505043314170823,294,-0.22846676106512348,-0.008557710354966774,-0.14787020372650891,-0.06433779266881956,0.18027210884353742,4.438211576157367,0.17006802721088435
0.85,16,base,0.7,3.0,1.5,24,2.2421718387172765e-05,158,-0.22360837258024288,-0.00856329071086448,-0.16187113916595153,-0.05881124495330736,0.37341772151898733,1.6469996632264716,0.2721518987341772
0.9,19,shallow,0.5,2.0,1.0,12,0.0046669078333697435,234,-0.21656145401349924,-0.00863281928641979,-0.14814954144730028,-0.06477982078228584,0.3504273504273504,1.815041935945461,0.3076923076923077
0.95,25,deep_slow,0.5,3.0,1.5,24,0.01302946283325905,133,-0.26058952219689957,-0.008654884676848273,-0.14868664893675831,-0.0647107115145108,0.37593984962406013,1.618536422681638,0.2781954887218045
0.95,25,shallow,0.4,2.0,0.75,6,0.020269252097180748,263,-0.22595586442403823,-0.008691885374361275,-0.18432037158404235,-0.05242357200972003,0.33460076045627374,1.9447197689472413,0.20912547528517111
0.95,25,deep_slow,0.7,2.5,1.0,12,-0.014895904927337712,259,-0.20920541535812173,-0.0087608369105866,-0.13676276326883807,-0.07121344487404468,0.3474903474903475,1.8367410700085587,0.22007722007722008
0.95,25,base,0.6,2.0,1.5,12,0.009270403581615787,207,-0.21621943698928278,-0.008830138174768631,-0.20174911800436313,-0.04865622623962074,0.4492753623188406,1.2026228851466574,0.36231884057971014
0.85,16,deep_slow,0.5,4.0,1.5,24,0.006164899354047,129,-0.28370529397352084,-0.008834971141534087,-0.14977928114346334,-0.06557462902652933,0.3488372093023256,1.8234030707273472,0.17829457364341086
0.95,25,base,0.6,2.5,0.75,24,0.009270403581615787,248,-0.22544677154567655,-0.008837892342825504,-0.14550592749694438,-0.0675227931041058,0.25,2.9183211265078364,0.22580645161290322
0.95,25,deep_slow,0.7,2.5,1.0,6,-0.014895904927337712,306,-0.19538293951221908,-0.008912237726331318,-0.13505878994133852,-0.07335748997686631,0.3627450980392157,1.7268656709618873,0.1503267973856209
0.95,25,shallow,0.8,2.0,1.0,6,-0.033862516362689936,342,-0.17878133780980254,-0.008924966727686057,-0.15595160542926392,-0.06362048838396539,0.3888888888888889,1.5467265959851784,0.22514619883040934
0.9,19,deep_slow,0.6,2.5,0.5,24,-0.000270114899313196,323,-0.22877539242446499,-0.008986508377414215,-0.14353162544015144,-0.06960206336882968,0.18575851393188855,4.262119303992367,0.17647058823529413
0.85,16,deep_slow,0.4,4.0,2.5,24,0.02136119538677576,93,-0.31951341237199954,-0.009066844057667556,-0.12172200214261326,-0.08280638466006074,0.41935483870967744,1.3434454784346164,0.21505376344086022
0.85,16,base,0.8,3.0,1.0,12,-0.009391219307694848,259,-0.22641008894747816,-0.00908781463148578,-0.17860608078617723,-0.05656391614239531,0.33204633204633205,1.9668457187032726,0.15444015444015444
0.8,14,shallow,0.6,4.0,2.0,24,0.0018531278602289152,119,-0.2513895658636463,-0.009088222999142248,-0.1442986984114584,-0.07001527543128505,0.40336134453781514,1.446003594339523,0.21008403361344538
0.85,16,deep_slow,0.4,2.5,2.0,12,0.02136119538677576,151,-0.2545479177639658,-0.009105914849908525,-0.15632624481637789,-0.06475413345449854,0.4503311258278146,1.1910412655107623,0.2980132450331126
0.95,25,deep_slow,0.5,2.5,1.5,24,0.01302946283325905,156,-0.26456133495687156,-0.009192780988626303,-0.1524893637605095,-0.06701639127159909,0.40384615384615385,1.4418886245731644,0.34615384615384615
0.8,14,deep_slow,0.7,2.5,1.5,24,-0.02092844120651946,181,-0.2227018662706418,-0.009225704427931136,-0.1433365532246961,-0.07155095742312434,0.39779005524861877,1.4864304118906897,0.3425414364640884
0.95,25,shallow,0.4,2.5,0.75,12,0.020269252097180748,221,-0.24254415021887385,-0.009240803467073122,-0.14964163406990735,-0.06864830069560668,0.27601809954751133,2.5355404624600144,0.21266968325791855
0.9,19,base,0.8,4.0,2.5,24,-0.02406222399551668,107,-0.32252932424555136,-0.00924591341150649,-0.1259105467771565,-0.08163193408061897,0.42990654205607476,1.2943754931927887,0.205607476635514
0.8,14,base,0.4,3.0,1.5,12,0.02654735060013038,159,-0.28601478117864404,-0.009291785526217233,-0.19460588384513036,-0.05307798890774862,0.4339622641509434,1.2720563316346039,0.18867924528301888
0.9,19,deep_slow,0.4,2.0,1.5,6,0.02395796766272022,207,-0.2391138625007741,-0.009305114208592258,-0.21913902579358707,-0.04720335896560013,0.4444444444444444,1.2203835658179372,0.2608695652173913
0.9,19,shallow,0.8,2.0,1.0,24,-0.03623754955899112,279,-0.21007833938520387,-0.009317459952763785,-0.1455718524281533,-0.07115259538020835,0.34408602150537637,1.8608785673483492,0.33691756272401435
0.85,16,shallow,0.8,2.0,1.5,24,-0.01892708337290167,209,-0.2175054355592051,-0.00936112961541502,-0.15586481213932873,-0.06676513433912734,0.4449760765550239,1.2240593379784792,0.4258373205741627
0.95,25,deep_slow,0.7,3.0,2.5,12,-0.014895904927337712,156,-0.2605935181164932,-0.009361917838128786,-0.17207798080953898,-0.06047961999466478,0.5,0.9761541463612812,0.1858974358974359
0.9,19,deep_slow,0.4,2.5,2.0,24,0.02395796766272022,126,-0.2762194446745828,-0.009399642473915781,-0.1396474128291433,-0.0748250551295695,0.4603174603174603,1.1423577045725666,0.40476190476190477
0.95,25,deep_slow,0.4,2.0,0.75,12,0.024552703417721047,235,-0.24684130623828376,-0.00940664834041438,-0.20983136269371186,-0.04983482532779093,0.2936170212765957,2.3268283173483484,0.251063829787234
0.9,19,shallow,0.6,2.0,1.0,12,-0.00732066809770861,260,-0.21885995260855576,-0.009415395440750984,-0.15809089372593577,-0.06620639313336696,0.35,1.8051707857664958,0.3076923076923077
0.85,16,shallow,0.6,3.0,1.0,12,-0.000379516882682105,228,-0.2630817008015316,-0.009422315795019287,-0.2237938440021643,-0.04680341780192254,0.3333333333333333,1.954427648485375,0.15789473684210525
0.95,25,deep_slow,0.7,3.0,1.0,24,-0.014895904927337712,194,-0.25039086282783796,-0.009504216215709849,-0.1346569080740407,-0.07846097664414176,0.29381443298969073,2.3261601155688623,0.22164948453608246
0.85,16,deep_slow,0.4,4.0,2.0,24,0.02136119538677576,99,-0.32174197049603254,-0.009510251237577427,-0.12634736753678974,-0.08367422229171151,0.3939393939393939,1.490323658705123,0.1919191919191919
0.9,19,deep_slow,0.6,3.0,1.5,12,-0.000270114899313196,180,-0.2583453690104698,-0.009581372156304724,-0.1829735925278784,-0.0582107831310843,0.42777777777777776,1.3044169796240095,0.17222222222222222
0.9,19,base,0.4,1.5,0.75,24,0.023221962544119495,257,-0.2536682155980368,-0.009590750994513897,-0.19177354947296393,-0.05559398773865387,0.3463035019455253,1.8374672351865968,0.3463035019455253
0.85,16,shallow,0.7,2.5,1.0,24,-0.00973145051073512,229,-0.2461076782629963,-0.009633109127181183,-0.213671911794367,-0.050116637327633606,0.3056768558951965,2.2063475740733143,0.27510917030567683
0.9,19,deep_slow,0.8,3.0,1.0,24,-0.024449058955838984,205,-0.24835128356841385,-0.009663692032952031,-0.15662838393013548,-0.06858588442326052,0.28292682926829266,2.4576879340980207,0.21951219512195122
0.95,25,shallow,0.4,2.0,0.5,6,0.020269252097180748,298,-0.270319746771831,-0.009671216668593385,-0.21774311500240953,-0.049374035618657386,0.24496644295302014,2.998636916689565,0.18456375838926176
0.8,14,shallow,0.5,3.0,0.75,24,0.012208613969103086,210,-0.27678516924872354,-0.009686263266660444,-0.1855303881024194,-0.0580367108105625,0.23333333333333334,3.1939408848817563,0.19523809523809524
0.9,19,base,0.4,2.5,0.5,24,0.023221962544119495,239,-0.3151378270352926,-0.009709847531959359,-0.24298212921210036,-0.04442209884206627,0.18828451882845187,4.1654442179971705,0.1799163179916318
0.85,16,shallow,0.6,3.0,1.5,24,-0.000379516882682105,147,-0.28787815186344484,-0.009717473603505722,-0.20578763444585194,-0.05249221568506579,0.3945578231292517,1.4986309151129031,0.272108843537415
0.95,25,deep_slow,0.4,2.5,0.75,12,0.024552703417721047,215,-0.2621573293790626,-0.009739059475804557,-0.18912210305071764,-0.057244663915911986,0.2651162790697674,2.673350779568698,0.19534883720930232
0.85,16,base,0.7,2.5,0.5,24,2.2421718387172765e-05,359,-0.24110764893551673,-0.009841234221304673,-0.18879236726409823,-0.05794592638961482,0.18384401114206128,4.324254916620444,0.17548746518105848
0.95,25,shallow,0.5,3.0,2.0,12,0.0076219438658689225,147,-0.2853074542524316,-0.009843468889095264,-0.1967737613532815,-0.055608183070887884,0.46938775510204084,1.1007618082600126,0.2108843537414966
0.8,14,shallow,0.6,3.0,1.5,24,0.0018531278602289152,150,-0.27643923975472373,-0.009902573495835232,-0.20629451049712572,-0.05336010464024887,0.36666666666666664,1.6875074282767994,0.2866666666666667
0.85,16,shallow,0.7,2.0,0.5,6,-0.00973145051073512,422,-0.2351244321977826,-0.009937543008968763,-0.1998008253632883,-0.05528879888325433,0.25118483412322273,2.9207126473015688,0.17061611374407584
0.8,14,base,0.4,2.5,0.5,24,0.02654735060013038,253,-0.30603180307109534,-0.009984250930879512,-0.15940928822266082,-0.06962354477797417,0.1857707509881423,4.239875615368745,0.17391304347826086
0.95,25,base,0.5,2.5,1.0,12,0.01986995396446551,219,-0.2676897070923739,-0.010011133857295573,-0.16587045017018873,-0.06709155405044664,0.3470319634703196,1.8275625410946568,0.2328767123287671
0.85,16,deep_slow,0.7,2.5,2.0,24,-0.022526671088844777,143,-0.26911921109490783,-0.010011783359270776,-0.1414129120236791,-0.07870022404752242,0.46153846153846156,1.14060813050667,0.3916083916083916
0.95,25,base,0.6,3.0,1.0,24,0.009270403581615787,187,-0.27762289483423974,-0.010162594620717558,-0.16286188908598934,-0.06936414302435756,0.27807486631016043,2.505767569697772,0.2192513368983957
0.85,16,deep_slow,0.5,2.0,0.5,12,0.006164899354047,339,-0.25848659581230343,-0.010206359209909754,-0.16526692292909193,-0.06864892251443966,0.22123893805309736,3.4264848873358726,0.20058997050147492
0.9,19,deep_slow,0.7,2.5,1.0,12,-0.011679573210607598,263,-0.24873678433487487,-0.01023560667600898,-0.1629934856307927,-0.06980578914948277,0.34220532319391633,1.8818296264995038,0.22053231939163498
0.95,25,base,0.8,2.5,1.0,24,-0.014188546735315654,228,-0.27621915666359054,-0.010258616652787711,-0.15343874949331127,-0.07431924444581539,0.31140350877192985,2.144804566174087,0.2719298245614035
0.85,16,shallow,0.4,2.5,1.5,24,0.019536983020591658,134,-0.3191398247929402,-0.010305825195022433,-0.24238922585811915,-0.04726240710792029,0.39552238805970147,1.48059387548016,0.34328358208955223
0.9,19,deep_slow,0.4,2.0,1.5,12,0.02395796766272022,171,-0.28248354369883194,-0.010382827123899041,-0.21289191778790584,-0.05421268734731077,0.4444444444444444,1.2163151662433886,0.3567251461988304
0.95,25,shallow,0.5,2.0,0.5,6,0.0076219438658689225,338,-0.28791829284066256,-0.010406151805696706,-0.28950311404544166,-0.03995589217135698,0.2485207100591716,2.9441174469841527,0.17455621301775148
0.85,16,base,0.5,2.5,1.0,12,0.01654176117862261,221,-0.2788791118087269,-0.010446360893756612,-0.20704858702774154,-0.05608357410199505,0.3438914027149321,1.8586914764335252,0.22171945701357465
0.95,25,base,0.4,2.0,0.75,24,0.029393976690382538,237,-0.277465370056621,-0.010457774607479098,-0.23875096688013506,-0.04868966500373595,0.2869198312236287,2.3975787213756368,0.28270042194092826
0.9,19,shallow,0.8,3.0,1.0,24,-0.03623754955899112,205,-0.29000404675015523,-0.010490002266147824,-0.1886724778334875,-0.06180290457071058,0.28780487804878047,2.394734749747281,0.21951219512195122
0.9,19,shallow,0.6,2.0,0.75,24,-0.00732066809770861,291,-0.25567674690870384,-0.010526374231230595,-0.16693483001653378,-0.07009270353139962,0.28865979381443296,2.390128255701626,0.281786941580756
0.9,19,base,0.4,1.5,0.5,24,0.023221962544119495,303,-0.2922760873615596,-0.01052791690931576,-0.24009771246198972,-0.048741103029892874,0.26732673267326734,2.653028694002659,0.26732673267326734
0.85,16,shallow,0.7,2.0,1.0,12,-0.00973145051073512,278,-0.24055090589874548,-0.010537752651777477,-0.1890439988642874,-0.06196205179909431,0.3597122302158273,1.7373319651495749,0.302158273381295
0.95,25,base,0.4,1.5,0.75,6,0.029393976690382538,270,-0.27208731539988407,-0.010548363584043319,-0.23584061123302277,-0.04971723002814632,0.37037037037037035,1.6537318485863977,0.3148148148148148
0.85,16,shallow,0.4,2.0,1.0,12,0.019536983020591658,204,-0.28958103178179445,-0.010571766434195107,-0.1534250034071086,-0.07659338595220655,0.35294117647058826,1.780285757521547,0.29411764705882354
0.85,16,shallow,0.7,2.0,1.5,12,-0.00973145051073512,220,-0.2518036650284713,-0.010592438909713175,-0.3137297849038983,-0.03753008600765162,0.45,1.1952214629382998,0.33181818181818185
0.8,14,shallow,0.8,2.5,0.75,24,-0.02179247154392962,278,-0.25151633657708944,-0.010638452019201106,-0.19330754726240104,-0.0611741358255834,0.2517985611510791,2.8875303612526064,0.22302158273381295
0.85,16,shallow,0.6,1.5,1.0,12,-0.000379516882682105,299,-0.23725960084052775,-0.010697657199059796,-0.19518867230640796,-0.06092153371649911,0.4180602006688963,1.3623845741185023,0.39464882943143814
0.8,14,base,0.6,2.0,1.5,6,0.010485141393924495,265,-0.23411784433412075,-0.010702065362818702,-0.2265856650461817,-0.05250151326670438,0.44528301886792454,1.2188640669661124,0.24150943396226415
0.85,16,base,0.5,1.5,0.5,24,0.01654176117862261,372,-0.2614265757308557,-0.010731746751540538,-0.20213718945012382,-0.059014688248122615,0.26344086021505375,2.72167796718047,0.26344086021505375
0.8,14,base,0.5,3.0,1.5,24,0.01796004567886604,148,-0.3097948939454327,-0.010811085637642992,-0.18772636135910437,-0.06401445057139454,0.3716216216216216,1.6428854744319041,0.2702702702702703
0.9,19,base,0.4,1.5,0.5,6,0.023221962544119495,314,-0.30111853709376296,-0.01086665380396079,-0.24754127290941028,-0.04879561822700418,0.2770700636942675,2.5233538845713808,0.24522292993630573
0.95,25,shallow,0.5,2.5,2.0,12,0.0076219438658689225,153,-0.33619689933345487,-0.010873380615260553,-0.21841966090708753,-0.05533568751217188,0.45751633986928103,1.1514224008418488,0.3006535947712418
0.85,16,shallow,0.5,2.5,2.0,24,0.009243240555932723,131,-0.3024155096801575,-0.010897245235397035,-0.1217242038107123,-0.09951112691058295,0.48091603053435117,1.0508661167641262,0.40458015267175573
0.85,16,shallow,0.6,1.5,1.0,24,-0.000379516882682105,295,-0.24422718750111885,-0.01093599699641945,-0.1949368055246907,-0.06235846965753766,0.4101694915254237,1.3976716143543182,0.4101694915254237
0.85,16,deep_slow,0.4,2.0,1.0,6,0.02136119538677576,243,-0.26767881314093167,-0.010969535361519234,-0.18208922125150914,-0.06696287352034735,0.38271604938271603,1.5671731997640928,0.2345679012345679
0.9,19,shallow,0.8,4.0,2.0,24,-0.03623754955899112,122,-0.34382885804535795,-0.01103629421179142,-0.1662328415619539,-0.07379635138351837,0.39344262295081966,1.5002325373083827,0.19672131147540983
0.95,25,shallow,0.4,3.0,0.75,12,0.020269252097180748,198,-0.3201047980876965,-0.011051632371471554,-0.18057561459011923,-0.06802920579565486,0.2727272727272727,2.55180558211209,0.15656565656565657
0.9,19,shallow,0.6,2.0,1.0,24,-0.00732066809770861,246,-0.26700840397315767,-0.011075700194537408,-0.17187326365030228,-0.07162924103453672,0.34552845528455284,1.8326124358158693,0.33739837398373984
0.85,16,base,0.5,1.5,0.5,12,0.01654176117862261,372,-0.2724305153380885,-0.01113109925573219,-0.21696199213199582,-0.05702699893649821,0.26344086021505375,2.7185259112782756,0.260752688172043
0.8,14,deep_slow,0.5,2.5,2.0,12,0.010632801658885678,160,-0.31847116214753346,-0.011208615797716925,-0.15104853194266663,-0.08248209685233598,0.46875,1.1014009831972198,0.30625
0.9,19,deep_slow,0.8,3.0,2.0,12,-0.024449058955838984,180,-0.2662077888056134,-0.011209703031490603,-0.18718917290798975,-0.06656371831286989,0.49444444444444446,0.9955661375442773,0.18333333333333332
0.85,16,shallow,0.5,2.5,2.0,12,0.009243240555932723,157,-0.29968572004528676,-0.0112245351699376,-0.1528821749369916,-0.08160848968439305,0.46496815286624205,1.116308327877044,0.28662420382165604
0.8,14,shallow,0.5,3.0,1.0,24,0.012208613969103086,177,-0.3336114534447694,-0.011352752260723409,-0.1817044090056224,-0.06944746142727332,0.2824858757062147,2.4387596864579146,0.23163841807909605
0.9,19,deep_slow,0.8,2.5,1.5,24,-0.024449058955838984,187,-0.28512793878177706,-0.011379627798265957,-0.1902013595594419,-0.06650196232519168,0.40106951871657753,1.4598278303990693,0.3422459893048128
0.9,19,shallow,0.5,3.0,1.0,12,0.0046669078333697435,197,-0.3401953152947901,-0.011471314304607128,-0.2274522812108665,-0.05605839392116896,0.3197969543147208,2.057964120540359,0.15736040609137056
0.85,16,shallow,0.7,4.0,2.0,24,-0.00973145051073512,121,-0.34574016938253593,-0.01147419406554584,-0.177149819830135,-0.07199447580284402,0.4049586776859504,1.428267946071047,0.2231404958677686
0.95,25,deep_slow,0.7,2.5,1.5,24,-0.014895904927337712,175,-0.33061020793843643,-0.01156112334426107,-0.17253195396907087,-0.07448109572854311,0.4,1.4600761421889616,0.34285714285714286
0.95,25,base,0.6,2.5,1.5,24,0.009270403581615787,162,-0.33839859808239914,-0.011578205833490118,-0.24412628630236188,-0.05271592910923095,0.3950617283950617,1.4873489755104308,0.3395061728395062
0.8,14,base,0.8,2.0,1.0,24,-0.006188371914272241,276,-0.25978256997465055,-0.011593571992834395,-0.15093114851846892,-0.08537941068876376,0.34782608695652173,1.8216563995515676,0.34057971014492755
0.95,25,deep_slow,0.5,2.5,2.0,24,0.01302946283325905,133,-0.3269278328500962,-0.01161422174776705,-0.18755047465814473,-0.06883133699181898,0.46616541353383456,1.1098296205916969,0.39097744360902253
0.8,14,shallow,0.7,2.0,1.5,6,-0.009456977029506219,280,-0.2532183517978684,-0.011632183470026147,-0.26934964841830084,-0.04800192442364293,0.4357142857142857,1.2650898685773506,0.24285714285714285
0.95,25,shallow,0.6,4.0,1.5,24,-0.005076506216777017,129,-0.419200632330161,-0.011719213032995834,-0.2652736485575258,-0.04910390368813422,0.3333333333333333,1.936477849340672,0.18604651162790697
0.9,19,deep_slow,0.4,4.0,1.0,24,0.02395796766272022,142,-0.3879157789662933,-0.011725939559500742,-0.15934191229430908,-0.08179544927456806,0.2535211267605634,2.8315832845664173,0.176056338028169
0.95,25,shallow,0.4,2.0,0.75,24,0.020269252097180748,246,-0.3069964135391982,-0.011740519631825319,-0.20192798053790334,-0.06462521111214348,0.2886178861788618,2.3732307008203994,0.2845528455284553
0.9,19,deep_slow,0.8,2.0,0.5,6,-0.024449058955838984,473,-0.270584285093114,-0.011837291577535325,-0.22793206056316917,-0.05772390584607168,0.24947145877378435,2.942841484060673,0.1733615221987315
0.85,16,base,0.6,2.0,1.5,12,0.00727389547987417,219,-0.2825439548405647,-0.011839073818684098,-0.2506905883756973,-0.052491433843099955,0.4657534246575342,1.1182101657937247,0.3378995433789954
0.9,19,deep_slow,0.4,4.0,2.0,24,0.02395796766272022,101,-0.4048790382467244,-0.011852548459921453,-0.18059908732506377,-0.07294652276043445,0.39603960396039606,1.4676632416384483,0.22772277227722773
0.9,19,deep_slow,0.5,2.5,1.0,12,0.009505043314170823,217,-0.29923991682251966,-0.011867291795125579,-0.1577566736999413,-0.08361263776332029,0.33640552995391704,1.9156904708575029,0.22580645161290322
0.95,25,base,0.5,2.5,1.5,24,0.01986995396446551,156,-0.36653077182808824,-0.01189094224673437,-0.2488311959840632,-0.05311521038648226,0.391025641025641,1.5097466084120377,0.3525641025641026
0.95,25,deep_slow,0.6,3.0,2.0,24,-9.84969022274224e-05,123,-0.33264628985035694,-0.011898469922043908,-0.23914396492955864,-0.05530176214736948,0.43902439024390244,1.2338961829940343,0.2926829268292683
0.9,19,deep_slow,0.6,2.0,0.5,24,-0.000270114899313196,356,-0.3015347428473317,-0.011909881106598963,-0.17362784621270394,-0.07624213443079897,0.21629213483146068,3.5039920298845457,0.21629213483146068
0.9,19,base,0.4,2.0,0.5,6,0.023221962544119495,286,-0.35450627791975525,-0.011986921075318069,-0.3027965641553134,-0.044000925223216636,0.24125874125874125,3.023964545450413,0.16783216783216784
0.95,25,shallow,0.7,2.5,0.75,24,-0.018651083800840466,263,-0.3072456587015636,-0.012002201824154124,-0.1806087792715449,-0.07386297544945242,0.25475285171102663,2.8276810753248123,0.22433460076045628
0.85,16,deep_slow,0.6,2.5,2.0,24,-0.005917748686304392,145,-0.30871796213129,-0.012020744600222621,-0.1623057396015034,-0.0823193185905956,0.46206896551724136,1.1328046269793626,0.38620689655172413
0.95,25,deep_slow,0.6,3.0,1.0,12,-9.84969022274224e-05,224,-0.31050321728410646,-0.012108940093921383,-0.2056167829391094,-0.06545603269250111,0.33035714285714285,1.9602519620444063,0.16071428571428573
0.95,25,base,0.6,1.5,1.0,6,0.009270403581615787,310,-0.281117244043293,-0.01211022584315613,-0.2267272069483818,-0.05936776249523279,0.44193548387096776,1.2313757623428705,0.33548387096774196
0.95,25,deep_slow,0.8,2.5,1.0,12,-0.031353780956353744,274,-0.2924607832025092,-0.012139166287638226,-0.179472000237991,-0.07517847700403724,0.3467153284671533,1.8323068554855393,0.21897810218978103
0.95,25,base,0.4,1.0,0.5,6,0.029393976690382538,341,-0.3644723081648316,-0.012152360390121686,-0.30715291085909696,-0.043975121367330505,0.36363636363636365,1.6738331684368073,0.3460410557184751
0.95,25,shallow,0.6,2.5,2.0,6,-0.005076506216777017,220,-0.32509312017435366,-0.012159478455048278,-0.1697803456634612,-0.07960281041103667,0.4636363636363636,1.1189763245410242,0.1590909090909091
0.9,19,deep_slow,0.4,3.0,2.0,24,0.02395796766272022,112,-0.36938352351061776,-0.012227039335665935,-0.19740881064507051,-0.06884208013395221,0.41964285714285715,1.3314125605470934,0.32142857142857145
0.9,19,base,0.4,2.5,0.5,12,0.023221962544119495,250,-0.39756846721741856,-0.012246385778078794,-0.3221521805465185,-0.04225183670863364,0.204,3.738949516440133,0.16
0.8,14,shallow,0.7,4.0,1.5,24,-0.009456977029506219,139,-0.37240964119968606,-0.012287226102748905,-0.19311102017964918,-0.07072036935989878,0.3381294964028777,1.8986291634572814,0.19424460431654678
0.9,19,shallow,0.4,3.0,1.0,12,0.019014132536386064,170,-0.39460004503439966,-0.012291684531337776,-0.24587035880986408,-0.05556519583894359,0.32941176470588235,1.955862931288817,0.1588235294117647
0.85,16,base,0.4,3.0,1.5,12,0.024913286708163326,153,-0.36920045341453495,-0.01231762452776708,-0.2867238512703704,-0.047748542740911115,0.41830065359477125,1.3413015078925146,0.19607843137254902
0.9,19,shallow,0.5,1.5,0.75,12,0.0046669078333697435,305,-0.29907714216699827,-0.012335048784903768,-0.1654221655081246,-0.0828788513063693,0.35737704918032787,1.7462361010180392,0.3475409836065574
0.8,14,base,0.8,2.5,0.75,24,-0.006188371914272241,287,-0.28361651753073575,-0.012379776280234456,-0.17694874686219858,-0.0777608071121203,0.2508710801393728,2.8936316661801715,0.22996515679442509
0.85,16,shallow,0.6,2.5,1.5,12,-0.000379516882682105,185,-0.3444061646911827,-0.012396324431488415,-0.287036262163616,-0.04800110288241388,0.4540540540540541,1.1651020044818472,0.23783783783783785
0.85,16,shallow,0.4,1.5,1.0,6,0.019536983020591658,258,-0.2983236261199524,-0.012414789113142977,-0.17968148166163914,-0.07679458907622827,0.42248062015503873,1.3239703184521339,0.34108527131782945
0.85,16,deep_slow,0.4,2.0,1.0,24,0.02136119538677576,209,-0.324500485056519,-0.0124374175367572,-0.20012128886230188,-0.06907660130271753,0.3397129186602871,1.8810502563778724,0.3349282296650718
0.8,14,deep_slow,0.4,2.0,0.5,24,0.025687802785900486,281,-0.3486475741766477,-0.012460088932966018,-0.16820480242897862,-0.08233343448598851,0.22419928825622776,3.329126659465872,0.22419928825622776
0.9,19,shallow,0.4,4.0,1.0,24,0.019014132536386064,138,-0.42871714780167924,-0.012553550538878744,-0.2006003187401862,-0.0695546454693361,0.26811594202898553,2.610322475172837,0.15942028985507245
0.85,16,base,0.8,2.0,1.0,24,-0.009391219307694848,282,-0.289613137176874,-0.012556914964507171,-0.20265096758007028,-0.06886925319218584,0.34397163120567376,1.8500712985737484,0.33687943262411346
0.95,25,shallow,0.8,4.0,1.0,24,-0.033862516362689936,187,-0.36856264861762156,-0.01256154296894818,-0.20809562533932777,-0.06709204447062556,0.25133689839572193,2.8608205151787716,0.15508021390374332
0.8,14,shallow,0.6,2.0,1.5,6,0.0018531278602289152,268,-0.27763483064726246,-0.012624128236101706,-0.31536699764337167,-0.04449124966146367,0.44029850746268656,1.237941573006683,0.2537313432835821
0.8,14,base,0.5,3.0,2.0,24,0.01796004567886604,125,-0.3803364781803168,-0.012679112019436611,-0.1929990138095394,-0.07301664067465219,0.432,1.2713787624761688,0.32
0.8,14,deep_slow,0.7,2.5,2.0,24,-0.02092844120651946,148,-0.3288480603044332,-0.012687617384148586,-0.1687284466413451,-0.08357562926434481,0.4527027027027027,1.1749868083954105,0.3918918918918919
0.95,25,base,0.6,1.5,1.0,24,0.009270403581615787,278,-0.31073599701027993,-0.01276708902545498,-0.27447874517081466,-0.05169744791009123,0.4064748201438849,1.4108700222617168,0.4064748201438849
0.9,19,base,0.4,2.5,1.0,24,0.023221962544119495,170,-0.4049494368166921,-0.01289542509685937,-0.2811474569918208,-0.05097817532448712,0.3058823529411765,2.1808691077205165,0.2823529411764706
0.9,19,deep_slow,0.4,3.0,2.0,12,0.02395796766272022,138,-0.36776929761940025,-0.01294180714711013,-0.30479577025304677,-0.047191918270202526,0.4420289855072464,1.216190004213896,0.21739130434782608
0.9,19,base,0.4,1.5,0.5,12,0.023221962544119495,303,-0.3648422973455664,-0.012960822094092217,-0.29554143096713653,-0.048741103029892874,0.26732673267326734,2.6327592432542772,0.264026402640264
0.85,16,deep_slow,0.4,3.0,2.5,12,0.02136119538677576,137,-0.38661669125269726,-0.012982620276800194,-0.1938846898860022,-0.07442168149239392,0.4744525547445255,1.0661143261430002,0.2116788321167883
0.95,25,base,0.5,3.0,2.0,12,0.01986995396446551,146,-0.3582557585531331,-0.012996368537338876,-0.28176818569930634,-0.05126374909588893,0.4520547945205479,1.1708483453069667,0.2054794520547945
0.95,25,shallow,0.6,2.5,1.5,24,-0.005076506216777017,161,-0.40857958444921444,-0.012998361958503346,-0.2708396036205775,-0.05334045424192979,0.391304347826087,1.5080825940172427,0.3416149068322981
0.95,25,base,0.7,2.5,0.5,24,-0.0012058456499734916,337,-0.34507983506488704,-0.013013378078681415,-0.25380918542215863,-0.05698526813606497,0.18397626112759644,4.279713704603272,0.17210682492581603
0.85,16,shallow,0.6,2.0,1.0,6,-0.000379516882682105,305,-0.30649701874121665,-0.013081237930199219,-0.2703239942921974,-0.053782683152561406,0.38688524590163936,1.542141883356766,0.2262295081967213
0.9,19,shallow,0.6,2.5,1.0,12,-0.00732066809770861,237,-0.3365443955088583,-0.013192970365561996,-0.24218319703736713,-0.06054440954649942,0.3333333333333333,1.9215738535961366,0.2109704641350211
0.8,14,shallow,0.5,2.0,1.0,24,0.012208613969103086,227,-0.33788432781163746,-0.01319704836115898,-0.2668715694678243,-0.05496039779563522,0.3436123348017621,1.8367852798415847,0.33480176211453744
0.95,25,deep_slow,0.6,2.5,2.0,24,-9.84969022274224e-05,137,-0.3897911714590888,-0.013198604532318359,-0.20997042753846587,-0.06986267564707405,0.46715328467153283,1.1004432174056409,0.3795620437956204
0.85,16,deep_slow,0.6,3.0,2.5,24,-0.005917748686304392,116,-0.40920588938110025,-0.013202562100403936,-0.18295074367310693,-0.08020459924939072,0.45689655172413796,1.1466352333809982,0.3275862068965517
0.95,25,shallow,0.4,1.5,0.5,6,0.020269252097180748,317,-0.3734151409519241,-0.013257930832957232,-0.24189001671308374,-0.0609160418937742,0.2807570977917981,2.467181415967119,0.25236593059936907
0.8,14,deep_slow,0.7,2.5,1.5,12,-0.02092844120651946,212,-0.3234577627210932,-0.013303739052124008,-0.2508019432889519,-0.05895431079798519,0.4339622641509434,1.2662781689933178,0.25471698113207547
0.9,19,shallow,0.5,2.5,1.5,6,0.0046669078333697435,220,-0.3334789329197863,-0.013355279321962898,-0.24843848839362156,-0.059745551780419515,0.42727272727272725,1.2969358675220932,0.1590909090909091
0.95,25,shallow,0.4,3.0,1.0,12,0.020269252097180748,175,-0.41921977366116425,-0.0134227871942032,-0.23653926437024,-0.0630680324315912,0.33714285714285713,1.8739022149227507,0.17714285714285713
0.95,25,base,0.8,4.0,2.5,24,-0.014188546735315654,107,-0.5483399780277786,-0.013427374002263792,-0.211622474120889,-0.07051784058029487,0.42990654205607476,1.2741653861296522,0.21495327102803738
0.85,16,deep_slow,0.5,2.0,0.5,6,0.006164899354047,359,-0.342029803417509,-0.013437212641798979,-0.2733963152908372,-0.05462431417867897,0.23676880222841226,3.1128588474790986,0.17270194986072424
0.85,16,shallow,0.7,2.5,1.0,12,-0.00973145051073512,261,-0.3327196466874425,-0.013451359871715196,-0.27444713079344163,-0.05447241296558014,0.3371647509578544,1.9039480964567324,0.21839080459770116
0.95,25,shallow,0.5,2.5,1.5,6,0.0076219438658689225,221,-0.3467307099773608,-0.01346314238815105,-0.24345170075417574,-0.06146140063372352,0.4343891402714932,1.259150686208836,0.16289592760180996
0.9,19,base,0.6,4.0,2.0,24,0.0010325266825469196,112,-0.45621997775589773,-0.01346436370973736,-0.21715974292933202,-0.06890889927563781,0.4017857142857143,1.4336805240445405,0.19642857142857142
0.95,25,shallow,0.5,2.0,0.5,12,0.0076219438658689225,317,-0.38734291411056765,-0.013689998968148709,-0.29476623206224317,-0.051616545349297493,0.21766561514195584,3.4450592129767923,0.20504731861198738
0.8,14,base,0.7,2.5,2.0,24,0.0027703769776574855,146,-0.3566459607952788,-0.01370361102247264,-0.16948530678733506,-0.08985989005867534,0.4657534246575342,1.110798881113168,0.3904109589041096
0.8,14,base,0.7,4.0,1.5,24,0.0027703769776574855,142,-0.4006574402491225,-0.013711150336756628,-0.22559222279574248,-0.06754800050278187,0.3380281690140845,1.8930138798285026,0.18309859154929578
0.85,16,deep_slow,0.7,3.0,2.5,24,-0.022526671088844777,120,-0.40160281028064154,-0.013739787970721506,-0.19695352991810716,-0.07753151785723544,0.45,1.1786097426129543,0.31666666666666665
0.95,25,deep_slow,0.8,3.0,1.5,24,-0.031353780956353744,160,-0.3896244714385104,-0.01377232120049543,-0.2418231505131855,-0.06329515857828127,0.36875,1.6550721979728384,0.26875
0.9,19,shallow,0.6,2.0,0.5,12,-0.00732066809770861,361,-0.3587998400350016,-0.013778232241099087,-0.24399708180929353,-0.06275812322205399,0.2188365650969529,3.4349153527284826,0.1994459833795014
0.9,19,deep_slow,0.6,2.0,1.5,12,-0.000270114899313196,211,-0.34305090300606655,-0.013785787035709318,-0.2398360687995401,-0.06388192012562388,0.44075829383886256,1.2305971777365123,0.35545023696682465
0.85,16,base,0.8,2.5,0.75,24,-0.009391219307694848,301,-0.3160167656059181,-0.013795638271903998,-0.22559089551216613,-0.06796430515086338,0.24584717607973422,2.9657174332490905,0.22591362126245848
0.85,16,shallow,0.5,1.5,0.75,6,0.009243240555932723,327,-0.3272565153010739,-0.013802640083828477,-0.17115854371296868,-0.08962394564817966,0.37003058103975534,1.636559373385937,0.2996941896024465
0.95,25,base,0.8,2.0,1.0,6,-0.014188546735315654,346,-0.30606917323998384,-0.013878227909753349,-0.2710208998952251,-0.05691016595588172,0.3988439306358382,1.4697440882152843,0.23410404624277456
0.85,16,shallow,0.8,4.0,2.5,24,-0.01892708337290167,107,-0.504340013714275,-0.013882619802898843,-0.17947344307862328,-0.08596659932696682,0.4205607476635514,1.3234698117817552,0.18691588785046728
0.85,16,deep_slow,0.4,2.0,1.0,12,0.02136119538677576,216,-0.36211400439035657,-0.013897612575813678,-0.22869643008969762,-0.0675365634833871,0.35185185185185186,1.775224664182454,0.30092592592592593
0.95,25,base,0.8,2.0,0.75,24,-0.014188546735315654,339,-0.32614096158926986,-0.013968955438783182,-0.24713732906334698,-0.06281769138587223,0.2861356932153392,2.415723216671498,0.28023598820059
0.95,25,shallow,0.7,2.5,2.0,24,-0.018651083800840466,140,-0.40072780897922744,-0.013969561090770077,-0.17396230086816875,-0.0892450200816397,0.45714285714285713,1.1483333867691687,0.4
0.8,14,base,0.8,2.0,1.5,12,-0.006188371914272241,236,-0.3172318749103595,-0.013971904450829409,-0.20830041620172848,-0.074545560604929,0.461864406779661,1.133247743713503,0.3474576271186441
0.95,25,base,0.4,1.0,0.5,12,0.029393976690382538,339,-0.42588001714113577,-0.014078045310743414,-0.31781057558787557,-0.04922976004735191,0.35398230088495575,1.7355591393977756,0.35398230088495575
0.95,25,base,0.4,1.0,0.5,24,0.029393976690382538,339,-0.42588001714113577,-0.014078045310743414,-0.31781057558787557,-0.04922976004735191,0.35398230088495575,1.7355591393977756,0.35398230088495575
0.8,14,shallow,0.6,3.0,2.5,24,0.0018531278602289152,118,-0.43573646943327937,-0.014167678195847744,-0.19973137190414722,-0.07883224579750281,0.4491525423728814,1.1810422546223363,0.3474576271186441
0.8,14,base,0.8,2.5,1.0,24,-0.006188371914272241,236,-0.3520480857061104,-0.01417382245408949,-0.20161785735870358,-0.07812847413116875,0.3050847457627119,2.194395148284213,0.2711864406779661
0.9,19,deep_slow,0.6,2.0,0.5,12,-0.000270114899313196,361,-0.35901268777730166,-0.014181506135321431,-0.20197765283474214,-0.07803154329961293,0.22160664819944598,3.3783206976809113,0.20221606648199447
0.95,25,shallow,0.8,4.0,1.5,24,-0.033862516362689936,144,-0.4234967263260438,-0.014203186807383195,-0.20126585618566278,-0.07842712971684673,0.3333333333333333,1.9294222090062245,0.2013888888888889
0.9,19,shallow,0.6,1.5,1.0,12,-0.00732066809770861,298,-0.32122244077730433,-0.014206536466622621,-0.2466786671999888,-0.06400400665431849,0.412751677852349,1.371097262348658,0.3959731543624161
0.85,16,shallow,0.7,4.0,1.5,24,-0.00973145051073512,141,-0.4592059847878141,-0.01422457360486773,-0.2240949272764068,-0.07054355338368712,0.3333333333333333,1.9276974892664862,0.19858156028368795
0.9,19,deep_slow,0.8,3.0,2.0,24,-0.024449058955838984,137,-0.3767406727312855,-0.014262808302248353,-0.19453225197612758,-0.08148217086180531,0.4233576642335766,1.3153715051985957,0.32116788321167883
0.8,14,shallow,0.7,2.5,2.0,24,-0.009456977029506219,147,-0.37374198349669857,-0.01430964402306445,-0.19208976386593837,-0.08278899592788225,0.4557823129251701,1.1550988166609684,0.3945578231292517
0.9,19,base,0.4,2.5,0.75,12,0.023221962544119495,214,-0.42502776819468374,-0.014316661038752065,-0.31833339055399373,-0.04998128105825306,0.2803738317757009,2.4555270596226384,0.205607476635514
0.8,14,shallow,0.7,2.0,1.0,12,-0.009456977029506219,280,-0.3310957261549833,-0.014321009030735743,-0.20319880704660673,-0.07832496205167527,0.36428571428571427,1.695643620138632,0.3
0.8,14,shallow,0.5,3.0,2.0,24,0.012208613969103086,122,-0.402425268674035,-0.01437393346922089,-0.23368387250004288,-0.0683586245816169,0.4262295081967213,1.2937489629662324,0.30327868852459017
0.95,25,base,0.5,3.0,1.0,12,0.01986995396446551,200,-0.4025431384258809,-0.0143817631230434,-0.23204528822558687,-0.06887880612125119,0.335,1.899339095707842,0.165
0.85,16,deep_slow,0.6,4.0,2.0,24,-0.005917748686304392,113,-0.46737303685559345,-0.01438744795297675,-0.1924814824003686,-0.08306936770763462,0.4247787610619469,1.2995304261088192,0.19469026548672566
0.85,16,base,0.5,2.0,1.0,12,0.01654176117862261,242,-0.354370776751824,-0.014389301629579077,-0.26894039064423136,-0.05946066108481696,0.359504132231405,1.7225866645670282,0.29338842975206614
0.95,25,shallow,0.4,1.5,0.75,24,0.020269252097180748,270,-0.3804230756766165,-0.014419075789168012,-0.2307973895163863,-0.06943074863915089,0.34814814814814815,1.7910097046511961,0.34814814814814815
0.9,19,shallow,0.7,2.5,1.5,24,-0.02069939223100179,176,-0.3766024996486444,-0.014431620826829361,-0.24492481848429418,-0.06548281219139185,0.3977272727272727,1.4651048601409182,0.3465909090909091
0.95,25,deep_slow,0.8,3.0,2.0,24,-0.031353780956353744,134,-0.3808378244698772,-0.01445356484932736,-0.20553550076605637,-0.07815065048500536,0.417910447761194,1.3438311627599,0.31343283582089554
0.95,25,base,0.7,1.5,0.75,6,-0.0012058456499734916,383,-0.3125420538076361,-0.014457914071824174,-0.23520896895320534,-0.06831186171437309,0.3785900783289817,1.596564214216086,0.3028720626631854
0.8,14,deep_slow,0.8,2.5,0.5,12,-0.037658496495412044,381,-0.3615170211764442,-0.014472246499589447,-0.24011308269573767,-0.06698292915550308,0.2047244094488189,3.747286931150067,0.15223097112860892
0.85,16,shallow,0.7,3.0,1.0,24,-0.00973145051073512,203,-0.3896190431550324,-0.014631453668342398,-0.3354117451685303,-0.0484785141667633,0.27586206896551724,2.5124972186509362,0.21674876847290642
0.95,25,shallow,0.5,2.0,1.5,6,0.0076219438658689225,234,-0.35672954004650037,-0.014645070123360915,-0.29851087704182455,-0.054521908605981495,0.44871794871794873,1.1862915366371134,0.25213675213675213
0.9,19,base,0.7,3.0,2.0,24,-0.01070085499890775,129,-0.3935803795834742,-0.01467511083472528,-0.24204953164303253,-0.06737769653204195,0.4186046511627907,1.337192856499005,0.32558139534883723
0.95,25,shallow,0.5,3.0,2.5,24,0.0076219438658689225,107,-0.5299004438760372,-0.014702843374250318,-0.3281684140287927,-0.04979008714230704,0.4485981308411215,1.1751901939760399,0.32710280373831774
0.85,16,deep_slow,0.8,2.0,1.5,24,-0.03812047939787101,217,-0.3516855202372017,-0.01478879655916887,-0.26359983055416125,-0.062348200955246846,0.4377880184331797,1.2497475289060687,0.42857142857142855
0.95,25,base,0.8,2.5,1.5,12,-0.014188546735315654,210,-0.40570262026931475,-0.014806020565474087,-0.3178008104209232,-0.05177488496923699,0.4380952380952381,1.241482829549661,0.23809523809523808
0.9,19,base,0.4,3.0,2.0,24,0.023221962544119495,106,-0.4804872713288972,-0.014838084355963566,-0.27381916296045333,-0.06022114421223068,0.44339622641509435,1.1946025400659075,0.3113207547169811
0.9,19,deep_slow,0.5,2.0,0.5,12,0.009505043314170823,317,-0.398737712186164,-0.014921090935018921,-0.2202784856066874,-0.07527685354154656,0.22082018927444794,3.3861790070059055,0.19558359621451105
0.8,14,shallow,0.8,2.5,2.0,24,-0.02179247154392962,152,-0.39081816018351045,-0.015017564100333392,-0.16952817340917087,-0.09844376163447899,0.46710526315789475,1.1027788531128846,0.39473684210526316
0.8,14,base,0.8,2.5,1.0,12,-0.006188371914272241,280,-0.34744964916330123,-0.015094451127287356,-0.21441469761815332,-0.07823326757166271,0.34285714285714286,1.854504404388875,0.21785714285714286
0.9,19,base,0.4,4.0,2.5,24,0.023221962544119495,86,-0.5856244882117346,-0.015117413348477604,-0.24865152790015152,-0.06756386518641466,0.4418604651162791,1.1925940014131438,0.22093023255813954
0.85,16,deep_slow,0.4,1.5,0.5,24,0.02136119538677576,324,-0.4197873742378645,-0.015121691702558837,-0.25225163439905673,-0.06661843351282504,0.25617283950617287,2.7771698591492187,0.25617283950617287
0.85,16,shallow,0.5,3.0,1.5,12,0.009243240555932723,169,-0.44744861289659144,-0.015123705548736655,-0.25595833433349496,-0.06566242443526682,0.4319526627218935,1.2620416465431004,0.1952662721893491
0.9,19,shallow,0.6,2.0,0.5,24,-0.00732066809770861,351,-0.4010481293726926,-0.015127525494651906,-0.2667207130682772,-0.06302879902740333,0.21367521367521367,3.52698723542202,0.21367521367521367
0.9,19,deep_slow,0.5,2.0,1.5,12,0.009505043314170823,190,-0.3974143659371938,-0.01515299945682036,-0.28736592387681054,-0.05859905263425402,0.45789473684210524,1.1400496519213126,0.34210526315789475
0.8,14,shallow,0.8,2.5,1.0,12,-0.02179247154392962,279,-0.364632472871475,-0.015161610688277594,-0.24756356499105026,-0.06805901445122087,0.34408602150537637,1.843765179516124,0.21863799283154123
0.95,25,base,0.7,2.5,1.5,24,-0.0012058456499734916,175,-0.42852589051261386,-0.015173199737673948,-0.2831791105158003,-0.059544646231306286,0.4,1.4478654214743083,0.33714285714285713
0.95,25,base,0.8,3.0,1.0,24,-0.014188546735315654,197,-0.42033768890430606,-0.015179840482169138,-0.20688254386476113,-0.08153985867187041,0.29441624365482233,2.2868449913392386,0.20812182741116753
0.95,25,base,0.8,4.0,2.0,24,-0.014188546735315654,118,-0.5243387036802839,-0.015203297076953781,-0.21746792203582543,-0.07769062121343251,0.3983050847457627,1.4467467202860103,0.19491525423728814
0.95,25,base,0.7,2.5,0.75,12,-0.0012058456499734916,295,-0.3755782565163035,-0.015360807581632163,-0.25178422061585737,-0.06779656327021677,0.27796610169491526,2.4980959799672315,0.18983050847457628
0.9,19,base,0.6,4.0,1.5,24,0.0010325266825469196,134,-0.5136976175019928,-0.015378803340898473,-0.3167529203833967,-0.05395399560665348,0.3283582089552239,1.9620185822550322,0.1865671641791045
0.85,16,shallow,0.8,3.0,2.0,24,-0.01892708337290167,137,-0.3877480127299466,-0.015380137849283826,-0.2277858194559721,-0.07503350045660129,0.40875912408759124,1.3950503949472324,0.3284671532846715
0.9,19,deep_slow,0.5,2.0,0.5,24,0.009505043314170823,312,-0.41870715318900825,-0.015442194950516464,-0.2291859886307866,-0.07487573584874674,0.21153846153846154,3.5713700041802583,0.21153846153846154
0.95,25,shallow,0.6,2.0,0.75,6,-0.005076506216777017,325,-0.381428172837895,-0.015456813150707793,-0.2681367822241733,-0.06405946978353372,0.3415384615384615,1.8618509452880248,0.20615384615384616
0.9,19,deep_slow,0.6,4.0,1.5,24,-0.000270114899313196,133,-0.5059627044170957,-0.015458002872528631,-0.2473711167096289,-0.06944230705437349,0.3383458646616541,1.8761516865561547,0.18796992481203006
0.95,25,shallow,0.5,2.0,0.5,24,0.0076219438658689225,314,-0.4409234717237916,-0.015477181022418574,-0.3505417891583256,-0.04906494742237144,0.21337579617834396,3.5152195458205147,0.21337579617834396
0.8,14,shallow,0.5,1.5,1.0,12,0.012208613969103086,275,-0.36395385665824626,-0.015511518467057672,-0.2832673589544168,-0.06085218963563033,0.4072727272727273,1.4067651219564894,0.3890909090909091
0.9,19,shallow,0.5,2.5,1.0,6,0.0046669078333697435,254,-0.404230779571717,-0.01551475487543641,-0.2772191178547217,-0.0621927972672055,0.35826771653543305,1.722436191262028,0.15748031496062992
0.95,25,base,0.4,2.0,0.75,12,0.029393976690382538,238,-0.4230956709645816,-0.01552122412279322,-0.3408620659848547,-0.050601744373525825,0.29831932773109243,2.2345129749088004,0.2689075630252101
0.9,19,base,0.4,1.5,0.75,12,0.023221962544119495,258,-0.423860661341077,-0.01552883280485251,-0.29883241729084076,-0.057746957694084,0.3449612403100775,1.8173932067474983,0.3372093023255814
0.95,25,base,0.4,1.0,0.75,6,0.029393976690382538,307,-0.4197874170858342,-0.01554782514269648,-0.2968444008599659,-0.05820473569321005,0.4495114006514658,1.1626429790662123,0.4234527687296417
0.95,25,deep_slow,0.7,2.0,1.0,24,-0.014895904927337712,268,-0.3705638521841981,-0.015580351944631143,-0.22575690142324586,-0.07669251192734983,0.35074626865671643,1.7808359365140858,0.3358208955223881
0.95,25,deep_slow,0.5,4.0,2.5,24,0.01302946283325905,97,-0.5669664197614375,-0.015582977226889172,-0.2275831515433693,-0.07608989742226668,0.4329896907216495,1.243011735077983,0.21649484536082475
0.8,14,shallow,0.6,2.5,2.0,6,0.0018531278602289152,234,-0.3572347414311795,-0.015589564153793978,-0.265405582213388,-0.06527403021117684,0.452991452991453,1.164307325569635,0.16666666666666666
0.8,14,base,0.7,2.0,0.75,24,0.0027703769776574855,322,-0.3581315474146028,-0.015590024972695238,-0.2277063912571513,-0.07608308020665677,0.2888198757763975,2.373650346585885,0.2826086956521739
0.95,25,deep_slow,0.7,4.0,1.0,24,-0.014895904927337712,177,-0.4824623892303535,-0.01564513878977647,-0.221736997549454,-0.07840728156548016,0.2542372881355932,2.7879031510029106,0.1638418079096045
0.85,16,deep_slow,0.5,2.5,1.5,24,0.006164899354047,164,-0.4589241372738349,-0.015688460719996966,-0.2800387839624692,-0.062255284788487186,0.39634146341463417,1.4670434472984644,0.34146341463414637
0.95,25,base,0.7,2.0,0.75,12,-0.0012058456499734916,327,-0.36496829366148564,-0.015766482432742368,-0.25162770975878,-0.06962873383691848,0.29357798165137616,2.3188562034836435,0.2599388379204893
0.95,25,deep_slow,0.8,2.5,0.5,12,-0.031353780956353744,393,-0.3943612661592876,-0.015881412756866387,-0.2572701597339528,-0.06859761843914469,0.2010178117048346,3.825399151776019,0.15267175572519084
0.85,16,deep_slow,0.8,2.0,0.75,24,-0.03812047939787101,341,-0.3678564646818313,-0.015918891993365936,-0.25981742432287175,-0.06808523820311907,0.2873900293255132,2.392861434415406,0.28152492668621704
0.9,19,shallow,0.6,2.5,1.0,6,-0.00732066809770861,285,-0.36777230803338257,-0.01592255058495884,-0.2668580911690983,-0.06630412836400301,0.3684210526315789,1.6405869537630569,0.15087719298245614
0.85,16,shallow,0.5,4.0,2.5,24,0.009243240555932723,94,-0.56218951057344,-0.015922721375502658,-0.20131788302306244,-0.08789076501433501,0.46808510638297873,1.0769098062623434,0.2127659574468085
0.95,25,deep_slow,0.7,3.0,1.5,24,-0.014895904927337712,152,-0.4639475568958536,-0.01593070866190116,-0.25031097048372847,-0.07072343053429986,0.375,1.5987466970326596,0.27631578947368424
0.85,16,deep_slow,0.4,1.5,0.5,12,0.02136119538677576,325,-0.4449368989333286,-0.015966814798255347,-0.2722981507258534,-0.0651599607378971,0.2553846153846154,2.781608225883039,0.2523076923076923
0.9,19,base,0.4,4.0,2.0,24,0.023221962544119495,95,-0.584885780263804,-0.016070650766223604,-0.2794818394658261,-0.06389759776762705,0.42105263157894735,1.2969968924540618,0.21052631578947367
0.8,14,deep_slow,0.8,2.5,0.5,24,-0.037658496495412044,361,-0.4122842835899202,-0.016118248597409846,-0.2629572511656778,-0.06811396893243182,0.18559556786703602,4.214681461106217,0.1745152354570637
0.9,19,shallow,0.5,2.5,1.5,12,0.0046669078333697435,165,-0.49374959337439,-0.01615700378605145,-0.3212365998309659,-0.05589054443185548,0.42424242424242425,1.2977435529850885,0.2606060606060606
0.9,19,deep_slow,0.4,4.0,2.5,24,0.02395796766272022,94,-0.5793547584397442,-0.016159193222727075,-0.24011353671796876,-0.07478345215961024,0.43617021276595747,1.2257195895641355,0.23404255319148937
0.95,25,deep_slow,0.8,2.5,2.0,12,-0.031353780956353744,190,-0.43390971788827437,-0.016165127265693968,-0.32481786748862457,-0.055302090810491644,0.47368421052631576,1.071650294412585,0.2789473684210526
0.9,19,shallow,0.6,3.0,1.0,12,-0.00732066809770861,219,-0.4608323135323882,-0.016184108691296495,-0.34878929133481884,-0.05156173352123994,0.3333333333333333,1.9019476111804454,0.1598173515981735
0.9,19,shallow,0.4,2.5,1.0,24,0.019014132536386064,172,-0.5161080680455755,-0.01628250881714366,-0.25287951576981377,-0.0715495840210918,0.313953488372093,2.077247569890362,0.27325581395348836
0.85,16,base,0.6,2.5,1.5,24,0.00727389547987417,166,-0.4625271076199279,-0.01629084453518126,-0.35385170201435906,-0.05115894116806741,0.39759036144578314,1.4584589297194739,0.3373493975903614
0.9,19,base,0.4,3.0,1.5,24,0.023221962544119495,126,-0.5160404655476445,-0.016300095229949907,-0.3519717539204134,-0.05146136937938539,0.373015873015873,1.5979075975034518,0.2857142857142857
0.85,16,deep_slow,0.5,2.0,1.5,24,0.006164899354047,187,-0.4264898643679357,-0.016314703664689345,-0.26405594219221984,-0.06865653699520657,0.4385026737967914,1.2357339499357916,0.41711229946524064
0.85,16,deep_slow,0.5,3.0,1.5,12,0.006164899354047,175,-0.4709165026827804,-0.016373589099037966,-0.33966125718649215,-0.053566722342923256,0.42857142857142855,1.2781492552166378,0.18857142857142858
0.95,25,shallow,0.4,1.5,1.0,12,0.020269252097180748,234,-0.4371603319891264,-0.01644440218080012,-0.2858867953874719,-0.06391745105378188,0.41452991452991456,1.3468372509061934,0.39316239316239315
0.9,19,shallow,0.6,1.5,0.75,12,-0.00732066809770861,334,-0.39715915914396405,-0.01647155752683105,-0.25922161425760154,-0.07060870426789412,0.3532934131736527,1.7551697371591768,0.3383233532934132
0.9,19,base,0.4,2.5,2.0,24,0.023221962544119495,119,-0.521106337988624,-0.016576983957680924,-0.30252081271875153,-0.06088950544661864,0.47058823529411764,1.069271226727249,0.3865546218487395
0.85,16,base,0.4,2.0,0.5,12,0.024913286708163326,278,-0.4846159318496279,-0.016609086920958083,-0.3170511736168018,-0.05821136588101361,0.21942446043165467,3.3735206852017914,0.2014388489208633
0.8,14,base,0.8,2.5,0.5,24,-0.006188371914272241,374,-0.4252631194789095,-0.016679882267445878,-0.33295583526486033,-0.05566676748849764,0.18181818181818182,4.3219223039317285,0.17379679144385027
0.8,14,base,0.8,2.0,1.0,12,-0.006188371914272241,294,-0.37148381857398116,-0.016758510361128742,-0.20764619417047306,-0.08968073355029482,0.36054421768707484,1.7129661833255223,0.30272108843537415
0.95,25,deep_slow,0.4,2.0,1.5,24,0.024552703417721047,157,-0.4867015122364317,-0.016763901322007002,-0.307165721859838,-0.06064429186671838,0.4394904458598726,1.2170291296720555,0.4140127388535032
0.95,25,shallow,0.8,2.0,0.75,24,-0.033862516362689936,335,-0.3806703440145634,-0.016785435947845984,-0.24491964458422746,-0.07615458511103679,0.28059701492537314,2.467982117613628,0.2746268656716418
0.8,14,shallow,0.6,4.0,1.5,24,0.0018531278602289152,133,-0.5339538878951815,-0.016800697498440154,-0.2859067692344437,-0.06529644693659864,0.3308270676691729,1.9339040345707599,0.19548872180451127
0.8,14,base,0.7,4.0,2.0,24,0.0027703769776574855,120,-0.515404042920406,-0.01681746123166805,-0.22832722429456315,-0.08184440594591347,0.4083333333333333,1.3851006068192573,0.19166666666666668
0.9,19,shallow,0.6,4.0,2.0,24,-0.00732066809770861,110,-0.5806948438998453,-0.016843679666946554,-0.25098644736871434,-0.07457140380186333,0.4090909090909091,1.3741739025967181,0.22727272727272727
0.9,19,shallow,0.4,2.0,1.5,24,0.019014132536386064,150,-0.5027236083915099,-0.01689376301327561,-0.39149685357649305,-0.047949325683660504,0.44,1.212001208508199,0.41333333333333333
0.9,19,base,0.4,2.0,0.75,12,0.023221962544119495,231,-0.4851252615542691,-0.016901589581761578,-0.4173434166555234,-0.045000586500331674,0.2943722943722944,2.280314243902981,0.2510822510822511
0.9,19,base,0.5,2.5,1.5,24,0.011181462595549165,149,-0.5298578178493285,-0.016922494729357918,-0.38925262313756614,-0.04830771706655046,0.3959731543624161,1.4549343171839892,0.33557046979865773
0.95,25,shallow,0.4,1.5,0.5,12,0.020269252097180748,310,-0.48851893797436463,-0.016923750996000186,-0.3026022760099042,-0.06214527011947846,0.267741935483871,2.58767526721515,0.267741935483871
0.95,25,shallow,0.4,1.5,0.5,24,0.020269252097180748,310,-0.48851893797436463,-0.016923750996000186,-0.3026022760099042,-0.06214527011947846,0.267741935483871,2.58767526721515,0.267741935483871
0.8,14,shallow,0.8,4.0,2.0,24,-0.02179247154392962,121,-0.5557144473321245,-0.016935511967157812,-0.20844493750629586,-0.09027974668368655,0.39669421487603307,1.454675255088808,0.19008264462809918
0.85,16,deep_slow,0.7,2.5,1.0,24,-0.022526671088844777,236,-0.436500250406337,-0.016999760101996553,-0.21400073998768224,-0.08826921980562175,0.3008474576271186,2.2237717163187054,0.2711864406779661
0.95,25,base,0.6,2.0,0.5,12,0.009270403581615787,362,-0.4428266119753489,-0.017066765687163366,-0.3290844166011826,-0.05762673680047836,0.22099447513812154,3.3687655772832588,0.19889502762430938
0.85,16,base,0.4,2.0,0.5,24,0.024913286708163326,273,-0.49731653507607454,-0.017073251539910128,-0.3142040570155664,-0.06037879057566187,0.21611721611721613,3.4324273964410343,0.21611721611721613
0.8,14,shallow,0.7,1.5,1.0,12,-0.009456977029506219,319,-0.37542958541503063,-0.017076269746460926,-0.2616823076164662,-0.0725101043925469,0.4169278996865204,1.3536237700694111,0.3887147335423197
0.8,14,deep_slow,0.8,2.0,0.5,6,-0.037658496495412044,454,-0.4124331790725374,-0.017120328092463333,-0.3197734197427004,-0.059490623504777074,0.2533039647577093,2.8493821742682774,0.17180616740088106
0.85,16,shallow,0.6,2.5,1.5,24,-0.000379516882682105,163,-0.49200159586868064,-0.017179354182631168,-0.3542372797222309,-0.05388773297227212,0.3987730061349693,1.4476857858154368,0.3374233128834356
0.85,16,deep_slow,0.4,1.5,0.5,6,0.02136119538677576,337,-0.4763270637976096,-0.01718024094706283,-0.3008043279243217,-0.06346327676983388,0.27002967359050445,2.570505164825743,0.2344213649851632
0.9,19,deep_slow,0.4,2.0,1.5,24,0.02395796766272022,156,-0.5045562285818391,-0.0171840001064526,-0.36914899891474473,-0.051724916859226644,0.4358974358974359,1.2339441460749854,0.4166666666666667
0.95,25,deep_slow,0.8,2.5,0.5,24,-0.031353780956353744,373,-0.44572535969824073,-0.017257809841783933,-0.28591622282793017,-0.0670690711546148,0.18498659517426275,4.222651652693394,0.1742627345844504
0.9,19,deep_slow,0.8,4.0,2.0,24,-0.024449058955838984,118,-0.5677978352120718,-0.017265760353300297,-0.2451401843239274,-0.07826118412723237,0.4067796610169492,1.3905061841920976,0.2033898305084746
0.8,14,shallow,0.7,3.0,1.5,24,-0.009456977029506219,154,-0.501797825093346,-0.017271336730446674,-0.3201114975963077,-0.05995145878887165,0.37662337662337664,1.5868330058630717,0.2597402597402597
0.8,14,shallow,0.6,3.0,2.5,12,0.0018531278602289152,152,-0.5089099728676235,-0.017333316214905192,-0.3352714022842015,-0.05744585507460809,0.506578947368421,0.9312544978021917,0.19736842105263158
0.95,25,base,0.5,4.0,1.0,24,0.01986995396446551,160,-0.5613348604748419,-0.0173974239941872,-0.2872891738523436,-0.0672880056222781,0.25625,2.7277345336764625,0.15625
0.85,16,shallow,0.6,4.0,2.5,24,-0.000379516882682105,101,-0.6980638704324417,-0.017421560648388512,-0.25827452117800537,-0.07495090237731128,0.44554455445544555,1.1770401572576843,0.2079207920792079
0.8,14,shallow,0.6,2.0,1.0,6,0.0018531278602289152,301,-0.4227821824707193,-0.01743438682194598,-0.38365199219797996,-0.0504940583477389,0.3787375415282392,1.5801856962532868,0.21926910299003322
0.85,16,deep_slow,0.5,2.0,1.5,6,0.006164899354047,245,-0.4138521616661719,-0.017434794577753654,-0.28366097711738336,-0.068294902259457,0.4448979591836735,1.1985688045034673,0.2571428571428571
0.9,19,shallow,0.4,1.5,1.0,6,0.019014132536386064,250,-0.4497970051371538,-0.0174754654464504,-0.3035141811482358,-0.06397640159909446,0.424,1.296453240236607,0.348
0.95,25,deep_slow,0.7,2.0,1.0,12,-0.014895904927337712,284,-0.4045006578735488,-0.01753128005294058,-0.23734850655356793,-0.08207214669999108,0.3591549295774648,1.7180633737689348,0.30633802816901406
0.95,25,deep_slow,0.7,2.0,1.5,24,-0.014895904927337712,205,-0.4369143110686105,-0.017560383375275435,-0.245119397214166,-0.0796020522745935,0.44878048780487806,1.183326597159531,0.4195121951219512
0.95,25,shallow,0.6,2.0,0.5,6,-0.005076506216777017,371,-0.47900376671510303,-0.01757188988242475,-0.3006092789374963,-0.06495068848872965,0.24797843665768193,2.889462128285966,0.16981132075471697
0.8,14,shallow,0.6,1.5,1.0,12,0.0018531278602289152,293,-0.41457802338804967,-0.01760148495316116,-0.3319006342400573,-0.05892616325578626,0.4061433447098976,1.4098530786012438,0.3822525597269625
0.95,25,base,0.6,2.0,0.5,6,0.009270403581615787,387,-0.4565453043226093,-0.017749946366503178,-0.4414045284995497,-0.044681067301625355,0.2558139534883721,2.7910502105042263,0.1731266149870801
0.85,16,deep_slow,0.5,3.0,1.5,24,0.006164899354047,149,-0.5214768445245629,-0.017790922437821877,-0.3636454649960789,-0.05436038926575515,0.35570469798657717,1.7302831759946113,0.2751677852348993
0.85,16,deep_slow,0.6,2.0,0.5,12,-0.005917748686304392,380,-0.44156505602240576,-0.01779208976660973,-0.27038293828696813,-0.07311557782899547,0.21842105263157896,3.4322569987703,0.2026315789473684
0.95,25,deep_slow,0.4,2.0,0.75,6,0.024552703417721047,257,-0.4732944281039165,-0.017821389536758825,-0.3694341450114913,-0.0536001551313845,0.32684824902723736,1.9612984593807417,0.19455252918287938
0.8,14,base,0.4,4.0,1.5,24,0.02654735060013038,120,-0.623064995523409,-0.0178383937614639,-0.29592117137152757,-0.06697933106313936,0.3416666666666667,1.818904789760906,0.18333333333333332
0.9,19,shallow,0.8,3.0,2.0,24,-0.03623754955899112,138,-0.5004431570793424,-0.01786438735205509,-0.25757242747267195,-0.07706358562104298,0.427536231884058,1.2825050184156885,0.3188405797101449
0.85,16,deep_slow,0.7,3.0,2.0,24,-0.022526671088844777,131,-0.48769867743594114,-0.017899460518335353,-0.2624257215482553,-0.07578672374696804,0.4351145038167939,1.239199808655978,0.29770992366412213
0.85,16,shallow,0.4,2.5,2.0,12,0.019536983020591658,140,-0.5362962419782834,-0.01792138382655517,-0.25391902907518277,-0.07842153578409938,0.44285714285714284,1.19021348236961,0.3
0.95,25,deep_slow,0.7,2.0,0.75,24,-0.014895904927337712,322,-0.427174180911426,-0.017973172360291834,-0.2757006266760588,-0.07243438204298425,0.2888198757763975,2.3604139506590416,0.2795031055900621
0.85,16,deep_slow,0.5,2.5,0.5,12,0.006164899354047,310,-0.5166466151066681,-0.017980293653117707,-0.29548216418787676,-0.06761189478689622,0.2,3.799446236147257,0.15483870967741936
0.8,14,shallow,0.8,2.0,1.5,12,-0.02179247154392962,236,-0.42290484293045055,-0.017996362463082116,-0.26083542535172205,-0.07666115506477678,0.4576271186440678,1.1430302022776095,0.3432203389830508
0.8,14,base,0.4,2.5,0.75,12,0.02654735060013038,233,-0.4948682827464657,-0.018014219615888782,-0.26791254468804204,-0.07471007370901483,0.26180257510729615,2.6810227717028012,0.19742489270386265
0.8,14,deep_slow,0.7,2.5,1.0,12,-0.02092844120651946,267,-0.43154809114340636,-0.018029034928540688,-0.2421553447716879,-0.08272462686473703,0.3445692883895131,1.83190077605753,0.2209737827715356
0.9,19,base,0.6,3.0,2.5,24,0.0010325266825469196,114,-0.5921110682436131,-0.01803551706542783,-0.2666518693641558,-0.07515194087073374,0.4649122807017544,1.0945809102132975,0.3157894736842105
0.95,25,shallow,0.8,2.5,1.5,24,-0.033862516362689936,183,-0.4853525426917968,-0.018036481965508444,-0.27880195008103753,-0.07188068994409924,0.39344262295081966,1.4809510656609002,0.3442622950819672
0.95,25,shallow,0.7,3.0,1.0,12,-0.018651083800840466,228,-0.48633224189781954,-0.018087441319428632,-0.2553590097894773,-0.07870111858592166,0.34649122807017546,1.8044052319589423,0.15789473684210525
0.9,19,base,0.7,3.0,2.5,24,-0.01070085499890775,117,-0.574345213573937,-0.018115973123878915,-0.2794403034756159,-0.07203223252961166,0.4700854700854701,1.072573307154096,0.3162393162393162
0.95,25,base,0.8,1.5,1.0,12,-0.014188546735315654,328,-0.412470180617565,-0.01826036166913725,-0.3030118401235828,-0.06695769070700464,0.4146341463414634,1.360295281777847,0.3902439024390244
0.95,25,deep_slow,0.5,2.5,2.0,6,0.01302946283325905,199,-0.5002117384349739,-0.01826500563515887,-0.31513484010067794,-0.0643982353524144,0.47738693467336685,1.0412865314418729,0.15577889447236182
0.95,25,deep_slow,0.6,2.5,0.75,24,-9.84969022274224e-05,251,-0.4917054454584469,-0.01834784789743149,-0.3140738199951455,-0.0649085529541712,0.250996015936255,2.833918644113796,0.23107569721115537
0.9,19,shallow,0.6,4.0,1.5,24,-0.00732066809770861,130,-0.6201033216169047,-0.018378239884683456,-0.296047870130633,-0.06897469013345459,0.3384615384615385,1.8533115477581898,0.18461538461538463
0.9,19,deep_slow,0.7,2.5,2.0,24,-0.011679573210607598,151,-0.5014521905997203,-0.01839515861594032,-0.2218683586539454,-0.0921203400102385,0.45695364238410596,1.139568262698777,0.39072847682119205
0.9,19,shallow,0.5,1.5,1.0,24,0.0046669078333697435,269,-0.4486132872101879,-0.01846461301570801,-0.2507138309226096,-0.0818290613801339,0.41263940520446096,1.3657073236378128,0.41263940520446096
0.95,25,deep_slow,0.4,2.0,1.0,6,0.024552703417721047,235,-0.4913920641431994,-0.0185121569678931,-0.356553945463367,-0.05768677460540961,0.37872340425531914,1.5623430973958143,0.225531914893617
0.9,19,base,0.4,3.0,1.0,12,0.023221962544119495,176,-0.5868223366091132,-0.018533911366714784,-0.4713391727914987,-0.04368954175468809,0.32954545454545453,1.9157202464342964,0.16477272727272727
0.95,25,deep_slow,0.5,3.0,0.75,24,0.01302946283325905,198,-0.5536357829056682,-0.018557635837172737,-0.2710704777713334,-0.07606480998413334,0.22727272727272727,3.186265248586364,0.18181818181818182
0.95,25,shallow,0.8,3.0,1.5,24,-0.033862516362689936,158,-0.5367086218895922,-0.01865489653151986,-0.306475041073813,-0.06762989154763632,0.3670886075949367,1.6463883376285897,0.26582278481012656
0.85,16,deep_slow,0.5,2.5,0.5,24,0.006164899354047,300,-0.5371839040022497,-0.018655170815017108,-0.3173367392222042,-0.0653160370449517,0.18,4.3172306220978545,0.17
0.85,16,base,0.8,2.0,0.5,12,-0.009391219307694848,435,-0.4379015653556301,-0.018725940521140294,-0.3053039370221411,-0.06814758035409274,0.2206896551724138,3.3889378042471265,0.2045977011494253
0.85,16,base,0.8,2.5,1.0,12,-0.009391219307694848,276,-0.45974993618481036,-0.018791751788121536,-0.3303306844397154,-0.06320565437328274,0.34057971014492755,1.856987459174313,0.21014492753623187
0.95,25,shallow,0.4,1.0,0.5,12,0.020269252097180748,348,-0.5624948974701832,-0.018858457281080265,-0.3973076181681936,-0.05273697387407028,0.3505747126436782,1.7481930932107812,0.3505747126436782
0.95,25,shallow,0.4,1.0,0.5,24,0.020269252097180748,348,-0.5624948974701832,-0.018858457281080265,-0.3973076181681936,-0.05273697387407028,0.3505747126436782,1.7481930932107812,0.3505747126436782
0.95,25,deep_slow,0.4,1.5,0.5,6,0.024552703417721047,315,-0.5467340617928277,-0.018875579872398185,-0.3413354141267887,-0.06144046110251877,0.2761904761904762,2.4761019085417346,0.23492063492063492
0.95,25,deep_slow,0.4,2.0,0.75,24,0.024552703417721047,233,-0.5195204997176389,-0.018879174053859304,-0.36351796923356783,-0.057702221236187845,0.2832618025751073,2.380788985240738,0.27467811158798283
0.8,14,shallow,0.5,2.0,0.5,12,0.012208613969103086,336,-0.4898586770497722,-0.0189060473758208,-0.240777577994371,-0.08724076434437089,0.21726190476190477,3.4277907679091655,0.19345238095238096
0.9,19,shallow,0.6,1.5,1.0,24,-0.00732066809770861,294,-0.43897267043890814,-0.018919164904707575,-0.30710045503222816,-0.06844723998199476,0.40816326530612246,1.3839449357843772,0.40816326530612246
0.85,16,shallow,0.8,3.0,1.5,12,-0.01892708337290167,206,-0.4778571616042481,-0.018969033197126728,-0.3634602575711319,-0.057985776055697213,0.41262135922330095,1.3642768199487483,0.1941747572815534
0.95,25,shallow,0.8,2.0,1.5,24,-0.033862516362689936,212,-0.45357140064536383,-0.018991967064623805,-0.2814465168782953,-0.07497331460454382,0.44339622641509435,1.2079096108842438,0.419811320754717
0.85,16,shallow,0.7,3.0,1.5,12,-0.00973145051073512,193,-0.48785367759970405,-0.019026712406629676,-0.4681977380886361,-0.04515088076313378,0.42487046632124353,1.2938841126102054,0.18652849740932642
0.95,25,base,0.7,1.5,0.75,24,-0.0012058456499734916,360,-0.4280565277106399,-0.019030108876698537,-0.2862613501133971,-0.07386016236347948,0.34444444444444444,1.8245218673901438,0.34444444444444444
0.9,19,shallow,0.6,3.0,0.75,24,-0.00732066809770861,216,-0.5809779156693391,-0.01905762938253952,-0.34608652960179287,-0.06118080710912832,0.22685185185185186,3.203711060549244,0.18055555555555555
0.9,19,base,0.4,3.0,0.75,24,0.023221962544119495,176,-0.6821864977765357,-0.01908256344383774,-0.45768334366470914,-0.04632356909899671,0.2159090909090909,3.39617917791638,0.18181818181818182
0.95,25,base,0.8,1.5,1.0,24,-0.014188546735315654,324,-0.4339965016188644,-0.019119507406221037,-0.3150968554062275,-0.06741586697438795,0.4074074074074074,1.3951991228302605,0.4074074074074074
0.85,16,deep_slow,0.7,2.5,0.5,24,-0.022526671088844777,344,-0.5181766732581835,-0.019125463540855536,-0.3224689590367005,-0.06589514246711281,0.18313953488372092,4.242080991577037,0.1744186046511628
0.95,25,deep_slow,0.7,2.5,1.0,24,-0.014895904927337712,224,-0.5251760721804446,-0.019133463319303545,-0.2746468908469578,-0.07740126361684829,0.30357142857142855,2.1773064247250704,0.27232142857142855
0.8,14,base,0.6,3.0,2.5,24,0.010485141393924495,117,-0.5264905783312016,-0.019134397867692776,-0.2293732465619865,-0.09268323097393272,0.452991452991453,1.1470806978458985,0.3333333333333333
0.95,25,shallow,0.7,2.0,0.75,24,-0.018651083800840466,315,-0.46205564183225883,-0.01919640624180341,-0.2698898467135257,-0.07902435897505411,0.2857142857142857,2.3883344812193616,0.27936507936507937
0.8,14,shallow,0.7,3.0,1.0,24,-0.009456977029506219,191,-0.5849296488746972,-0.019209052210430455,-0.311038926284699,-0.06861490668435499,0.2879581151832461,2.3313990752893816,0.2094240837696335
0.8,14,base,0.7,3.0,2.0,24,0.0027703769776574855,134,-0.511560253443888,-0.01921605154953343,-0.296638662448337,-0.0719719902203183,0.4253731343283582,1.2866263018899213,0.31343283582089554
0.8,14,deep_slow,0.6,2.5,0.5,24,-0.006382668772450415,314,-0.5454526613224695,-0.019223614934988587,-0.29249163183356713,-0.07302112806623096,0.18789808917197454,4.091015034175917,0.17834394904458598
0.85,16,shallow,0.5,2.0,1.0,12,0.009243240555932723,241,-0.4877378225228646,-0.01923613094188492,-0.2346247558360899,-0.09108995904785755,0.34854771784232363,1.7869446762536152,0.2987551867219917
0.95,25,base,0.5,3.0,1.5,24,0.01986995396446551,137,-0.6087736644423387,-0.019244863331734918,-0.3841017191379215,-0.05566663644086256,0.35036496350364965,1.7537769647919341,0.2773722627737226
0.8,14,base,0.5,2.5,2.0,6,0.01796004567886604,212,-0.49064459448708775,-0.01927609373314132,-0.33068045742587426,-0.06476436761302251,0.4811320754716981,1.0238429315668172,0.15566037735849056
0.8,14,deep_slow,0.4,2.0,0.5,6,0.025687802785900486,304,-0.5397900493752034,-0.0192849851961735,-0.29103472501952343,-0.07362069442907904,0.2532894736842105,2.779525161237314,0.17763157894736842
0.9,19,deep_slow,0.6,3.0,1.5,24,-0.000270114899313196,144,-0.571161401750123,-0.01935559328521652,-0.38872669846681995,-0.055320460330507304,0.3680555555555556,1.6315635150610184,0.2777777777777778
0.95,25,base,0.4,1.5,1.0,12,0.029393976690382538,223,-0.5359876104000646,-0.019406945634378725,-0.3756323606638982,-0.05740062079979458,0.4080717488789238,1.3690425344334463,0.3901345291479821
0.9,19,deep_slow,0.4,3.0,1.0,12,0.02395796766272022,179,-0.5950022215536998,-0.019416606220621913,-0.290585014918643,-0.07423731734224348,0.31843575418994413,2.0154583387565417,0.16759776536312848
0.8,14,base,0.4,3.0,1.5,24,0.02654735060013038,131,-0.6399853814939631,-0.019440068759112306,-0.34780079830774957,-0.062099600222695006,0.366412213740458,1.6293634049633277,0.2748091603053435
0.9,19,shallow,0.6,3.0,1.0,24,-0.00732066809770861,180,-0.5912910135734021,-0.019458679407870716,-0.35642107672755946,-0.06065562859362006,0.28888888888888886,2.3077665404250984,0.2222222222222222
0.95,25,base,0.4,1.5,1.0,24,0.029393976690382538,222,-0.5355337916985295,-0.019463253981165662,-0.3763216840104099,-0.057461534062166475,0.40540540540540543,1.3788718133538145,0.40540540540540543
0.8,14,shallow,0.7,2.0,1.5,12,-0.009456977029506219,227,-0.4709482732992444,-0.01954000918553611,-0.31888215281630694,-0.06807907798591861,0.4581497797356828,1.1346748918569587,0.3436123348017621
0.9,19,shallow,0.8,2.0,1.5,24,-0.03623754955899112,212,-0.4743581971267205,-0.019542809626621804,-0.3169492920125865,-0.06850405212187627,0.4386792452830189,1.2301392989439726,0.419811320754717
0.85,16,shallow,0.6,2.0,0.5,6,-0.000379516882682105,394,-0.5064416699878712,-0.01956305593326302,-0.3811601321417585,-0.057022699593381354,0.24619289340101522,2.9168411730272763,0.16243654822335024
0.8,14,deep_slow,0.5,2.0,0.5,12,0.010632801658885678,329,-0.5418308812014854,-0.019660855334328042,-0.23671159099212746,-0.09227817888039558,0.22188449848024316,3.311867258212175,0.19756838905775076
0.85,16,shallow,0.6,2.5,0.5,24,-0.000379516882682105,309,-0.5606969163777884,-0.019664129727083313,-0.37996011735541857,-0.05749800397461291,0.18446601941747573,4.169748252398867,0.1715210355987055
0.85,16,shallow,0.8,4.0,1.5,24,-0.01892708337290167,144,-0.6064188455773536,-0.019776142551268916,-0.31169349352627906,-0.07048993869703835,0.3125,2.091474276440428,0.19444444444444445
0.95,25,shallow,0.7,3.0,1.5,24,-0.018651083800840466,156,-0.5674468902228732,-0.01977828431848938,-0.369018840471097,-0.05954609809772682,0.358974358974359,1.703037686453811,0.26282051282051283
0.85,16,shallow,0.4,3.0,2.5,12,0.019536983020591658,130,-0.5925315644823875,-0.019845093656091328,-0.2632776430976365,-0.08374343186448796,0.5076923076923077,0.9074778608591069,0.2076923076923077
0.9,19,deep_slow,0.7,2.5,1.5,24,-0.011679573210607598,174,-0.5442449101893765,-0.01985946788732873,-0.31975351263678903,-0.06900229127565471,0.3850574712643678,1.5279992111058038,0.3390804597701149
0.85,16,shallow,0.4,2.5,2.0,24,0.019536983020591658,117,-0.6044429791668856,-0.019933211595990374,-0.2663414603027359,-0.08314725341033391,0.452991452991453,1.1350651026225147,0.37606837606837606
0.9,19,base,0.4,2.0,1.5,12,0.023221962544119495,167,-0.5807738750370718,-0.01993511610253562,-0.49756519420939666,-0.044512105422862214,0.46107784431137727,1.104706245601786,0.33532934131736525
0.85,16,shallow,0.4,1.5,1.0,24,0.019536983020591658,236,-0.5081001975790285,-0.019984471003936632,-0.28804049867884857,-0.07708098298740618,0.4025423728813559,1.4109188087119573,0.4025423728813559
0.85,16,deep_slow,0.5,2.0,1.5,12,0.006164899354047,203,-0.5150178808596783,-0.020000679866143622,-0.35199767480012334,-0.06312664455305239,0.458128078817734,1.1290888717503433,0.35467980295566504
0.95,25,shallow,0.8,1.5,1.0,24,-0.033862516362689936,327,-0.43983090348166504,-0.02004764961235228,-0.35824483930166307,-0.06217132196756914,0.40061162079510704,1.433220602174185,0.40061162079510704
0.8,14,shallow,0.8,2.5,1.0,24,-0.02179247154392962,237,-0.5204505874875661,-0.020055674077546937,-0.2962082695847713,-0.07522227566320339,0.3037974683544304,2.178351683340262,0.26582278481012656
0.85,16,deep_slow,0.6,3.0,2.0,24,-0.005917748686304392,130,-0.5662832517089557,-0.0200649021949334,-0.2648925248294838,-0.08415375512491496,0.4307692307692308,1.2527614293128635,0.3076923076923077
0.85,16,deep_slow,0.6,2.0,0.5,24,-0.005917748686304392,376,-0.5059770039060401,-0.02010390043893151,-0.3065581426007977,-0.07285723097292363,0.2127659574468085,3.528949316267359,0.2127659574468085
0.85,16,base,0.8,3.0,0.75,24,-0.009391219307694848,251,-0.5302671467130423,-0.020107067997110928,-0.3178768410054255,-0.07027404825490469,0.22709163346613545,3.2224493982647604,0.18326693227091634
0.85,16,shallow,0.4,3.0,1.5,24,0.019536983020591658,126,-0.6549521520933496,-0.020133464330890694,-0.48122586238347437,-0.0464808447801216,0.35714285714285715,1.6867782639589972,0.2777777777777778
0.95,25,shallow,0.8,1.5,1.0,12,-0.033862516362689936,335,-0.439698229957782,-0.02013547039963315,-0.38450892158449146,-0.05817813189561705,0.40298507462686567,1.4230675972509979,0.37910447761194027
0.95,25,base,0.5,2.5,1.5,12,0.01986995396446551,178,-0.6121290619191193,-0.020222877647200543,-0.36010511568954173,-0.062390133884582144,0.4044943820224719,1.3965458942901114,0.2640449438202247
0.85,16,shallow,0.8,2.5,2.0,24,-0.01892708337290167,150,-0.5342862603463262,-0.020236138085519273,-0.2501300757038293,-0.08988012061632511,0.44666666666666666,1.1814172473006623,0.3933333333333333
0.9,19,base,0.6,4.0,2.5,24,0.0010325266825469196,100,-0.8374890324881797,-0.020272847686631512,-0.2927048921860905,-0.07694595541559268,0.45,1.1458855856506267,0.19
0.8,14,shallow,0.7,4.0,1.0,24,-0.009456977029506219,181,-0.6531663489224807,-0.02029166253630188,-0.31980162334027395,-0.07049162508399365,0.2541436464088398,2.7575415858708383,0.16022099447513813
0.9,19,base,0.7,3.0,1.5,24,-0.01070085499890775,147,-0.6142448594846667,-0.020333033276016765,-0.37723358996678485,-0.05988131770521121,0.3741496598639456,1.5825283827730359,0.2585034013605442
0.95,25,base,0.5,3.0,2.5,12,0.01986995396446551,136,-0.6412028018538801,-0.02041727343035138,-0.38045527704329335,-0.05961994701859552,0.5,0.938883378720135,0.20588235294117646
0.9,19,deep_slow,0.5,4.0,1.5,24,0.009505043314170823,130,-0.6593098934994681,-0.02042340177817692,-0.31550036692260125,-0.07191599841053709,0.33076923076923076,1.9119985000592081,0.2
0.9,19,shallow,0.4,3.0,2.5,12,0.019014132536386064,126,-0.6707790718582041,-0.020428761164440035,-0.47794230629911416,-0.047485796334883146,0.47619047619047616,1.0279038810343426,0.20634920634920634
0.95,25,base,0.5,2.5,1.0,6,0.01986995396446551,250,-0.5503013917550144,-0.020454702278071002,-0.3887708991845232,-0.0584515378948699,0.376,1.5771796493139199,0.152
0.95,25,shallow,0.5,2.5,1.5,24,0.0076219438658689225,155,-0.6461077838988419,-0.02052354297878234,-0.36781213220579634,-0.0619899253103291,0.3870967741935484,1.4996242505571076,0.3419354838709677
0.95,25,shallow,0.4,1.0,0.75,6,0.020269252097180748,314,-0.5548713221869601,-0.02052688558402549,-0.3700207334782573,-0.06162994036508562,0.43630573248407645,1.2205142370996263,0.42356687898089174
0.95,25,base,0.5,2.5,2.0,24,0.01986995396446551,133,-0.6151542940402461,-0.02055837984865061,-0.27314201474137273,-0.0836169544213009,0.45864661654135336,1.1155357811231887,0.39097744360902253
0.8,14,shallow,0.8,3.0,2.0,12,-0.02179247154392962,181,-0.4948896603912252,-0.020584178298824973,-0.3217458962269696,-0.07107450587926512,0.44751381215469616,1.1768947901362197,0.19337016574585636
0.8,14,shallow,0.6,1.5,0.75,6,0.0018531278602289152,357,-0.4877614330472676,-0.020606081444609847,-0.3309287909258819,-0.06917571373005071,0.36694677871148457,1.650788340588414,0.29411764705882354
0.95,25,shallow,0.5,1.5,0.5,6,0.0076219438658689225,364,-0.5681581568945622,-0.02060671914570089,-0.47825287511844683,-0.04786786262659448,0.2774725274725275,2.469589192721365,0.2445054945054945
0.95,25,deep_slow,0.6,3.0,2.5,12,-9.84969022274224e-05,149,-0.6323245888445814,-0.020720729501142787,-0.4093228635054981,-0.056237886982454355,0.4899328859060403,0.9832739783224647,0.20134228187919462
0.9,19,base,0.8,4.0,2.0,24,-0.02406222399551668,121,-0.6597347262117773,-0.02072479494132351,-0.2753042647250782,-0.08363097494677652,0.371900826446281,1.601127763546056,0.2066115702479339
0.95,25,base,0.5,2.0,1.0,12,0.01986995396446551,239,-0.5485840660036087,-0.020745919194935514,-0.34351370920622004,-0.06709311299954024,0.35564853556485354,1.7180972275371973,0.3054393305439331
0.95,25,shallow,0.8,2.0,0.5,24,-0.033862516362689936,419,-0.5076885146104352,-0.020780334491150576,-0.3350974374093063,-0.06889217747638454,0.20763723150357996,3.6414606304700405,0.20763723150357996
0.85,16,shallow,0.8,3.0,2.5,12,-0.01892708337290167,171,-0.5712033623281995,-0.020847785079760817,-0.32028174664009995,-0.07231269559904074,0.49707602339181284,0.9627388231345002,0.2046783625730994
0.9,19,base,0.4,3.0,1.5,12,0.023221962544119495,151,-0.640063661780262,-0.020861891429666213,-0.5699958999887257,-0.04066009777243995,0.423841059602649,1.2776911421589539,0.19205298013245034
0.9,19,deep_slow,0.8,3.0,1.5,12,-0.024449058955838984,212,-0.49913080464539755,-0.020872621129869318,-0.44431928015765404,-0.0521876853971347,0.419811320754717,1.3202200466509377,0.19339622641509435
0.95,25,base,0.6,2.0,1.5,6,0.009270403581615787,256,-0.4948627705320842,-0.020892480183093975,-0.5058180942059619,-0.045886121601779406,0.453125,1.153640338528814,0.25
0.95,25,shallow,0.4,1.5,0.75,12,0.020269252097180748,270,-0.5619461348879942,-0.020892494485987956,-0.3342905975324476,-0.06943074863915089,0.34814814814814815,1.7594153983160707,0.34074074074074073
0.8,14,shallow,0.8,1.5,1.0,12,-0.02179247154392962,334,-0.4596522063613421,-0.020898863280822244,-0.3696668868108547,-0.06280549904537458,0.4101796407185629,1.379815732540921,0.38323353293413176
0.9,19,deep_slow,0.5,2.0,0.5,6,0.009505043314170823,345,-0.5548374165629376,-0.020908451441259746,-0.32869179114121716,-0.07066727253138227,0.24347826086956523,2.9373640031831973,0.1681159420289855
0.9,19,shallow,0.5,4.0,2.5,24,0.0046669078333697435,94,-0.832003027550097,-0.020926665069611605,-0.2592448085830753,-0.089675710085101,0.43617021276595747,1.2055432236116161,0.2127659574468085
0.95,25,deep_slow,0.4,4.0,2.5,24,0.024552703417721047,89,-0.873807967398926,-0.020929640806615968,-0.4349572500102781,-0.053456435500829236,0.449438202247191,1.1324687375079825,0.19101123595505617
0.9,19,base,0.7,2.5,1.0,24,-0.01070085499890775,223,-0.5735519294760486,-0.020991220696870094,-0.30310852577040537,-0.07693479775620082,0.31390134529147984,2.0655922510371987,0.2645739910313901
0.95,25,base,0.6,2.5,0.75,12,0.009270403581615787,268,-0.5478439280187765,-0.020998945640151923,-0.32574861074154576,-0.0716140112642506,0.27238805970149255,2.523593800596224,0.19402985074626866
0.95,25,deep_slow,0.6,4.0,2.0,24,-9.84969022274224e-05,112,-0.7247771820548192,-0.02103580419911022,-0.35212391597241527,-0.06636601931843356,0.4107142857142857,1.3424311301618652,0.20535714285714285
0.85,16,deep_slow,0.7,2.0,0.5,12,-0.022526671088844777,394,-0.5318806409040459,-0.02108184470707264,-0.2907400857248793,-0.08055355851284429,0.2182741116751269,3.4042310055116896,0.20050761421319796
0.85,16,deep_slow,0.7,2.5,1.5,24,-0.022526671088844777,180,-0.5752142313496696,-0.021145945840379987,-0.40373079910199045,-0.05818548850631955,0.38333333333333336,1.5369752509739343,0.34444444444444444
0.95,25,base,0.5,3.0,2.0,24,0.01986995396446551,119,-0.613643738507258,-0.02118303923158482,-0.41236223571565966,-0.057067377992126356,0.4117647058823529,1.3425567785942387,0.31932773109243695
0.95,25,deep_slow,0.4,1.5,0.5,12,0.024552703417721047,306,-0.6195067159122465,-0.02122150334701034,-0.3700465159515648,-0.06370850446203202,0.2581699346405229,2.678615219192852,0.2581699346405229
0.95,25,deep_slow,0.4,1.5,0.5,24,0.024552703417721047,306,-0.6195067159122465,-0.02122150334701034,-0.3700465159515648,-0.06370850446203202,0.2581699346405229,2.678615219192852,0.2581699346405229
0.95,25,base,0.7,1.5,0.75,12,-0.0012058456499734916,364,-0.47839363661179996,-0.021239841223474887,-0.3194612143472551,-0.07386016236347948,0.34615384615384615,1.8028328864117835,0.33791208791208793
0.8,14,base,0.4,2.5,1.5,12,0.02654735060013038,167,-0.6581725218863744,-0.021284919606643138,-0.37866302349597813,-0.06244463510650833,0.4311377245508982,1.244931174933419,0.25149700598802394
0.9,19,shallow,0.5,2.0,1.0,6,0.0046669078333697435,269,-0.5423220421696843,-0.02128858296619618,-0.370434745901227,-0.06384265865448413,0.37174721189591076,1.6048938783822475,0.2342007434944238
0.85,16,shallow,0.6,2.0,1.5,12,-0.000379516882682105,208,-0.5472555294319382,-0.0213143348696736,-0.41099966821991424,-0.057611025070625876,0.46634615384615385,1.0897686601245289,0.3317307692307692
0.9,19,base,0.5,2.5,2.0,24,0.011181462595549165,133,-0.6394953774979799,-0.021318822861045028,-0.3190137719282235,-0.0742384622186103,0.45864661654135336,1.112605335525547,0.39097744360902253
0.9,19,shallow,0.6,2.5,2.0,6,-0.00732066809770861,225,-0.5111448619901572,-0.021345636454190076,-0.27543653648703365,-0.08609185697929223,0.43555555555555553,1.2273608423000495,0.17333333333333334
0.95,25,deep_slow,0.8,3.0,2.5,24,-0.031353780956353744,126,-0.6321000124331627,-0.02136219176914156,-0.2859729935271331,-0.08298410117524746,0.4523809523809524,1.1478729425546697,0.3333333333333333
0.95,25,shallow,0.5,1.5,0.75,6,0.0076219438658689225,314,-0.5422995237136965,-0.021392458994802688,-0.37122971638093805,-0.06401641258564217,0.36942675159235666,1.6230565897751803,0.3089171974522293
0.95,25,base,0.5,4.0,2.5,24,0.01986995396446551,96,-0.8436289481630201,-0.021395407196898142,-0.3936674846545886,-0.06037599439145502,0.4270833333333333,1.244552488454907,0.19791666666666666
0.85,16,deep_slow,0.8,3.0,1.5,12,-0.03812047939787101,203,-0.5864965943938493,-0.021426946010434267,-0.5268655395895235,-0.04517862275136564,0.4236453201970443,1.2944715020667013,0.17733990147783252
0.9,19,deep_slow,0.8,4.0,2.5,24,-0.024449058955838984,108,-0.7879655997636044,-0.021428583974167803,-0.2529825684051477,-0.09409690552364658,0.4351851851851852,1.2186923612595573,0.21296296296296297
0.95,25,base,0.4,1.0,0.75,24,0.029393976690382538,302,-0.5879496741179109,-0.021442008535556778,-0.36605614622983484,-0.06507136171425354,0.44039735099337746,1.1873762444379454,0.44039735099337746
0.95,25,shallow,0.4,1.0,0.75,24,0.020269252097180748,312,-0.5798254986483057,-0.021461555940682775,-0.3682859957968872,-0.06473626670165988,0.4358974358974359,1.220479932861923,0.4358974358974359
0.95,25,deep_slow,0.8,2.5,1.5,24,-0.031353780956353744,182,-0.6161093834387101,-0.02153316977565156,-0.3530772794168644,-0.0677498087383901,0.3956043956043956,1.454891165259239,0.33516483516483514
0.85,16,deep_slow,0.7,2.5,2.0,6,-0.022526671088844777,245,-0.5271509686189253,-0.021540245942269887,-0.28642014378493924,-0.08354429621613502,0.4489795918367347,1.1652820626954024,0.15510204081632653
0.8,14,base,0.4,2.0,0.5,12,0.02654735060013038,287,-0.6438403779453727,-0.021544550936642648,-0.3079294424414609,-0.07772412290603936,0.21602787456445993,3.3938216335244284,0.1916376306620209
0.9,19,shallow,0.5,1.5,1.0,6,0.0046669078333697435,292,-0.519905824317871,-0.021550010770773453,-0.377974691234339,-0.06333652543781931,0.4246575342465753,1.2885177320951613,0.3424657534246575
0.9,19,base,0.4,2.5,1.5,24,0.023221962544119495,135,-0.68514156862989,-0.0215693348828756,-0.4073385451154979,-0.058823414734301305,0.4,1.4047645462815006,0.34074074074074073
0.8,14,shallow,0.6,2.5,2.0,24,0.0018531278602289152,147,-0.587260214718285,-0.02158198108807341,-0.3745773019869332,-0.06400568125312134,0.4489795918367347,1.1667842039016474,0.3945578231292517
0.8,14,base,0.7,2.0,0.75,12,0.0027703769776574855,333,-0.4922207068905689,-0.02159419960212383,-0.27925750377756126,-0.08590147709157592,0.2972972972972973,2.2516416209547025,0.25825825825825827
0.85,16,deep_slow,0.8,2.0,1.5,12,-0.03812047939787101,238,-0.51177578565444,-0.0216363413015217,-0.45603388144109375,-0.05270527013934867,0.4495798319327731,1.171810464468521,0.3403361344537815
0.9,19,shallow,0.6,1.5,0.75,24,-0.00732066809770861,329,-0.5325433809235472,-0.021653956957958798,-0.33067522092576757,-0.07274489336102419,0.3465045592705167,1.7876808942597076,0.3465045592705167
0.85,16,shallow,0.6,1.5,0.5,6,-0.000379516882682105,429,-0.541406872368574,-0.02167728252921841,-0.42064871441206253,-0.057246849405989675,0.2773892773892774,2.468989343655273,0.2331002331002331
0.95,25,deep_slow,0.4,2.5,2.0,24,0.024552703417721047,123,-0.6677482154059975,-0.02174858124925405,-0.3417905054122606,-0.07068633956290904,0.44715447154471544,1.1611535315787727,0.4065040650406504
0.8,14,shallow,0.5,1.5,1.0,24,0.012208613969103086,272,-0.5203263912203924,-0.021784186999897703,-0.37309108107153205,-0.06486197442069341,0.4007352941176471,1.4159932186746496,0.4007352941176471
0.8,14,base,0.4,2.0,0.5,24,0.02654735060013038,279,-0.6619570421473625,-0.021838031084497445,-0.3080053201668538,-0.07876215782582785,0.2078853046594982,3.557172974539623,0.2078853046594982
0.85,16,shallow,0.5,3.0,2.5,24,0.009243240555932723,107,-0.6646246971301711,-0.02186223039691948,-0.24749790377284614,-0.09812613378273694,0.48598130841121495,0.9891492737687017,0.3364485981308411
0.9,19,deep_slow,0.8,2.5,2.0,12,-0.024449058955838984,189,-0.5433745077262047,-0.021869788490852304,-0.32771250311622974,-0.07413326547946186,0.49206349206349204,0.981587439375616,0.25925925925925924
0.95,25,deep_slow,0.8,2.5,0.75,24,-0.031353780956353744,294,-0.546425473094677,-0.021919415460642022,-0.35319842446537714,-0.06893988311984312,0.24829931972789115,2.8727007401766786,0.22108843537414966
0.9,19,shallow,0.4,3.0,1.0,24,0.019014132536386064,150,-0.748986068294317,-0.02193683478496966,-0.33035947908004426,-0.07376444737638699,0.28,2.385418812186516,0.22
0.8,14,base,0.7,3.0,2.5,24,0.0027703769776574855,124,-0.5723940159670938,-0.02195047230391678,-0.2972739274694664,-0.08202507054748132,0.4435483870967742,1.1845407480466155,0.3387096774193548
0.9,19,deep_slow,0.6,3.0,2.5,24,-0.000270114899313196,112,-0.7808593009227164,-0.021996404395449476,-0.30897616444711756,-0.07908336609027389,0.44642857142857145,1.1604875561018118,0.32142857142857145
0.9,19,shallow,0.6,1.5,0.75,6,-0.00732066809770861,350,-0.5370099521119556,-0.02201138429909566,-0.3662578851464993,-0.06676032327364323,0.3742857142857143,1.5810599854286074,0.29428571428571426
0.95,25,deep_slow,0.5,2.5,1.0,12,0.01302946283325905,219,-0.6044887480622348,-0.02201409493647144,-0.321645503158235,-0.07602936129884486,0.3287671232876712,1.9233233255839313,0.228310502283105
0.9,19,deep_slow,0.8,1.5,1.0,24,-0.024449058955838984,331,-0.4915650451029376,-0.022027287425215758,-0.3677976887090921,-0.06652879967748437,0.40181268882175225,1.4223090997638599,0.40181268882175225
0.95,25,base,0.6,2.0,1.5,24,0.009270403581615787,191,-0.5759982028720332,-0.022042053546973084,-0.4682423118787756,-0.052292414801150544,0.4293193717277487,1.2648988012866071,0.4083769633507853
0.85,16,shallow,0.8,2.0,1.0,24,-0.01892708337290167,271,-0.5355622080757736,-0.02204422413863849,-0.3645596342129668,-0.06717125838414606,0.34317343173431736,1.8185791580719182,0.33579335793357934
0.85,16,shallow,0.7,3.0,1.0,12,-0.00973145051073512,245,-0.5630329713842979,-0.022085930953416932,-0.505163984989931,-0.048566806158856,0.3183673469387755,2.0298247350366996,0.15510204081632653
0.8,14,base,0.4,2.5,1.0,12,0.02654735060013038,204,-0.635013319841988,-0.022090519375758233,-0.33780590866789934,-0.07264316980622532,0.3235294117647059,1.9694571574827893,0.23039215686274508
0.85,16,deep_slow,0.8,4.0,1.5,24,-0.03812047939787101,149,-0.6658160314229586,-0.022093335411786375,-0.32600976476928534,-0.07528123050488189,0.31543624161073824,2.060072234654839,0.19463087248322147
0.85,16,shallow,0.8,2.5,1.5,12,-0.01892708337290167,216,-0.5722631582464558,-0.022113674034431652,-0.4203443264761345,-0.05844013929852654,0.42592592592592593,1.284096651453945,0.24537037037037038
0.9,19,base,0.6,2.5,2.0,24,0.0010325266825469196,140,-0.6198861532623136,-0.022129267112601103,-0.3116310239912962,-0.07888264919235244,0.45,1.1578674725201141,0.38571428571428573
0.95,25,deep_slow,0.7,2.0,1.0,6,-0.014895904927337712,322,-0.504837715978085,-0.022141835116074704,-0.332949895524965,-0.07387365075148611,0.37577639751552794,1.590823879976193,0.2329192546583851
0.85,16,deep_slow,0.5,3.0,2.0,12,0.006164899354047,157,-0.6191304541066392,-0.022183894053662057,-0.35236586264548553,-0.06993551023275923,0.46496815286624205,1.0850820509344148,0.20382165605095542
0.8,14,shallow,0.5,2.0,1.0,6,0.012208613969103086,275,-0.5511216152714303,-0.02221639696735389,-0.46232046298243445,-0.05338060592394467,0.38181818181818183,1.5386784192047867,0.22545454545454546
0.85,16,shallow,0.6,2.0,1.5,6,-0.000379516882682105,264,-0.5204560209446225,-0.022256567604343358,-0.5190955865734884,-0.047628055091480714,0.4356060606060606,1.2340118654478187,0.25
0.95,25,base,0.7,2.0,1.5,24,-0.0012058456499734916,206,-0.5490574982812174,-0.022317950874046533,-0.32768866189172696,-0.07565600061651201,0.4368932038834951,1.2299901343735111,0.41262135922330095
0.8,14,deep_slow,0.8,2.0,1.0,24,-0.037658496495412044,287,-0.5209726555856357,-0.02234658143310264,-0.3009681854159242,-0.08247840878890766,0.34146341463414637,1.8367459889343634,0.3344947735191638
0.95,25,shallow,0.7,2.0,1.0,12,-0.018651083800840466,272,-0.5509869445059884,-0.02236122899485926,-0.31607381894185993,-0.07858805713591421,0.35661764705882354,1.7222011379585003,0.3088235294117647
0.95,25,shallow,0.4,1.0,0.5,6,0.020269252097180748,348,-0.6716452414993221,-0.022362075738728282,-0.47294083538016707,-0.05252362426436996,0.3505747126436782,1.7285530974759438,0.3448275862068966
0.95,25,deep_slow,0.6,3.0,1.5,24,-9.84969022274224e-05,144,-0.6776546981843449,-0.0223744174817605,-0.40283041745135184,-0.06169906200404773,0.3680555555555556,1.6120796591795388,0.2638888888888889
0.85,16,shallow,0.6,3.0,2.0,12,-0.000379516882682105,169,-0.597146285522223,-0.02237967551403508,-0.4528385629000401,-0.05489835516723207,0.47928994082840237,1.0266219975202686,0.1952662721893491
0.9,19,base,0.8,4.0,1.5,24,-0.02406222399551668,145,-0.6820137921823491,-0.022382166623393762,-0.3222969487525684,-0.07714269724321632,0.32413793103448274,1.9706411561613943,0.19310344827586207
0.95,25,deep_slow,0.5,2.5,1.5,6,0.01302946283325905,220,-0.5467687412582862,-0.022419597850059203,-0.33580533320312245,-0.07416315419521646,0.4409090909090909,1.2008431376159527,0.16363636363636364
0.95,25,base,0.4,1.0,0.75,12,0.029393976690382538,303,-0.616817873535558,-0.022457050712534676,-0.3777050971809938,-0.06604605943224828,0.44224422442244227,1.1749383914393832,0.43564356435643564
0.95,25,base,0.6,3.0,2.0,24,0.009270403581615787,128,-0.6034294532097895,-0.022489173275504815,-0.3777677487616537,-0.06612944153427769,0.3984375,1.4186074148766592,0.3125
0.9,19,deep_slow,0.8,2.5,2.0,24,-0.024449058955838984,147,-0.6295681364616408,-0.022511589482738015,-0.2907917536387748,-0.08599431908136623,0.4557823129251701,1.1316801794502371,0.3877551020408163
0.95,25,deep_slow,0.8,3.0,2.5,12,-0.031353780956353744,169,-0.6603043334207696,-0.022523335691052915,-0.430091471373941,-0.05817243949170092,0.5088757396449705,0.9125204757913276,0.17159763313609466
0.95,25,shallow,0.8,2.5,2.0,12,-0.033862516362689936,191,-0.5637381038948828,-0.022529412289191697,-0.3870089969058387,-0.06466570975539099,0.4607329842931937,1.1135034345789623,0.2774869109947644
0.85,16,shallow,0.4,4.0,1.5,24,0.019536983020591658,117,-0.7699666779193781,-0.022555742638773912,-0.499757647446664,-0.05013514531549301,0.3162393162393162,2.0079093275629294,0.19658119658119658
0.8,14,base,0.4,2.5,1.5,24,0.02654735060013038,146,-0.7189257387446009,-0.022569093323964506,-0.39262726271758863,-0.06385250295660216,0.3904109589041096,1.4649353680265587,0.3356164383561644
0.8,14,base,0.4,2.5,0.75,24,0.02654735060013038,215,-0.6458505410160551,-0.022601335539534584,-0.32186659312572785,-0.07800126894671844,0.25116279069767444,2.786627273564282,0.22325581395348837
0.85,16,deep_slow,0.5,1.5,0.5,6,0.006164899354047,382,-0.5889898892038141,-0.022605440483991268,-0.37685104941521363,-0.06663257728899152,0.27486910994764396,2.4887063894043484,0.2356020942408377
0.8,14,base,0.4,2.0,1.5,12,0.02654735060013038,183,-0.646498524695493,-0.022626872531660736,-0.3798186193724328,-0.0661745681832343,0.45901639344262296,1.1112903907136744,0.3442622950819672
0.85,16,base,0.8,2.0,1.5,6,-0.009391219307694848,299,-0.5000481361716532,-0.02266143403669596,-0.35319606281974836,-0.07127110904478762,0.451505016722408,1.1632578102700997,0.23411371237458195
0.95,25,base,0.6,2.0,0.5,24,0.009270403581615787,352,-0.6120596425010482,-0.0226789792294807,-0.46600828150334234,-0.054059424276689416,0.21306818181818182,3.47741212778602,0.21022727272727273
0.9,19,deep_slow,0.6,2.0,0.75,24,-0.000270114899313196,292,-0.5738327849144857,-0.022718238240298394,-0.2992824885717244,-0.08432064493579139,0.2876712328767123,2.336762277019336,0.2808219178082192
0.95,25,deep_slow,0.4,3.0,1.0,12,0.024552703417721047,177,-0.6738573562790205,-0.02272495591410373,-0.417025150499561,-0.06053146875678872,0.3220338983050847,1.9514794834967373,0.15819209039548024
0.9,19,deep_slow,0.5,3.0,1.5,24,0.009505043314170823,141,-0.6603391405412823,-0.02276019707552912,-0.4266310547379016,-0.05926019713760644,0.3617021276595745,1.6595317948861688,0.2765957446808511
0.85,16,base,0.5,2.5,2.0,6,0.01654176117862261,217,-0.5442445590228305,-0.02276363113794333,-0.32483029996898033,-0.07784387741463539,0.4608294930875576,1.1035707317235284,0.16589861751152074
0.9,19,base,0.8,3.0,2.0,12,-0.02406222399551668,180,-0.6444518839904897,-0.022765623585766726,-0.3335660585435177,-0.07581185124475631,0.4722222222222222,1.0582085752629273,0.17777777777777778
0.95,25,deep_slow,0.8,2.0,0.75,24,-0.031353780956353744,342,-0.539849012166591,-0.022769699110749664,-0.34681262298451815,-0.07292924188061123,0.28362573099415206,2.4039476832596414,0.2777777777777778
0.85,16,deep_slow,0.5,3.0,2.0,24,0.006164899354047,123,-0.6772809845011358,-0.02279728537410486,-0.2913907412983103,-0.08690524903752705,0.42276422764227645,1.2798588303172924,0.3089430894308943
0.95,25,base,0.6,2.5,1.5,12,0.009270403581615787,193,-0.6418375123521398,-0.022841084852355142,-0.45261286186632976,-0.05605668009744347,0.42487046632124353,1.2823163105034934,0.25906735751295334
0.8,14,deep_slow,0.7,2.0,1.5,24,-0.02092844120651946,211,-0.5345102735309243,-0.022854173904105046,-0.3742328718475965,-0.06783609020292225,0.44075829383886256,1.213303425379325,0.4265402843601896
0.95,25,shallow,0.6,2.0,0.5,12,-0.005076506216777017,354,-0.623717420347207,-0.02285441203242755,-0.30953469490380303,-0.08201587556712941,0.2175141242937853,3.381499315680247,0.20056497175141244
0.8,14,base,0.7,2.0,1.0,24,0.0027703769776574855,275,-0.540188701304003,-0.022863902108629097,-0.3059187198167507,-0.08301972143242875,0.3381818181818182,1.8583413674966178,0.33090909090909093
0.85,16,shallow,0.8,2.0,1.5,12,-0.01892708337290167,237,-0.542665351276877,-0.022878136563249107,-0.41306122359211556,-0.06152375607816729,0.4472573839662447,1.180170900665612,0.34177215189873417
0.8,14,shallow,0.5,2.0,0.5,24,0.012208613969103086,328,-0.6050438354557879,-0.022931831436483918,-0.2956529800973458,-0.08615723883035209,0.21036585365853658,3.5305991722506995,0.21036585365853658
0.8,14,base,0.7,2.0,1.0,12,0.0027703769776574855,289,-0.5266837558925228,-0.02298728026695096,-0.28650120684737534,-0.08912407915459175,0.35294117647058826,1.7530694014273764,0.2975778546712803
0.85,16,shallow,0.4,1.5,1.0,12,0.019536983020591658,238,-0.5872519652446008,-0.022987886324423057,-0.3312727416189834,-0.07708098298740618,0.40336134453781514,1.3955186479327402,0.3907563025210084
0.9,19,base,0.6,2.5,0.75,24,0.0010325266825469196,252,-0.6117652216311087,-0.023013086388389947,-0.345239540142569,-0.07404361607952792,0.24603174603174602,2.87834464163929,0.2261904761904762
0.95,25,base,0.8,2.5,2.0,6,-0.014188546735315654,257,-0.5482554901467434,-0.02307198041186098,-0.2920437888176421,-0.08775436440631723,0.4591439688715953,1.1203837361582927,0.1517509727626459
0.85,16,deep_slow,0.6,2.5,1.5,12,-0.005917748686304392,202,-0.6052042283639122,-0.023083334489037655,-0.44605571421343504,-0.057483205918932745,0.4306930693069307,1.2521175792583106,0.2524752475247525
0.8,14,shallow,0.5,2.5,0.5,24,0.012208613969103086,284,-0.6576091456564228,-0.023087966915718017,-0.3701044425108038,-0.06929355177995256,0.18309859154929578,4.16635831056486,0.16901408450704225
0.95,25,deep_slow,0.5,2.5,0.75,24,0.01302946283325905,235,-0.6316583377825464,-0.023096289189036834,-0.3006185252684646,-0.085340993042343,0.24680851063829787,2.850310174587513,0.2297872340425532
0.85,16,shallow,0.6,1.5,0.5,12,-0.000379516882682105,410,-0.5822607947450897,-0.02310280703214085,-0.3825485782514837,-0.06708249708727387,0.2634146341463415,2.6393062719174565,0.26097560975609757
0.95,25,shallow,0.6,2.0,0.75,12,-0.005076506216777017,294,-0.5865868341282181,-0.02312589816786037,-0.3291962886170734,-0.07803225713255002,0.29931972789115646,2.2190203512683477,0.25510204081632654
0.9,19,deep_slow,0.8,3.0,0.75,24,-0.024449058955838984,247,-0.592990962025258,-0.023143387511096902,-0.38048551674002207,-0.06756454481114305,0.22267206477732793,3.27677870106039,0.17813765182186234
0.9,19,base,0.4,2.0,0.75,24,0.023221962544119495,224,-0.6805119768658151,-0.02316681843642776,-0.5656044438268719,-0.04549703135451022,0.2767857142857143,2.4372088095402487,0.27232142857142855
0.95,25,shallow,0.8,2.0,0.5,6,-0.033862516362689936,461,-0.5521771222606707,-0.023182305645473855,-0.43155098591171837,-0.05966966632357762,0.2472885032537961,2.905698343377226,0.1648590021691974
0.8,14,shallow,0.8,3.0,0.75,24,-0.02179247154392962,252,-0.5803521711489122,-0.02323479161562425,-0.3521458684734984,-0.0732898749205747,0.23015873015873015,3.144005219690232,0.17857142857142858
0.95,25,shallow,0.6,2.5,0.75,12,-0.005076506216777017,267,-0.6182025407550448,-0.023242826288441876,-0.36346613536733,-0.07103176079152473,0.27715355805243447,2.4637440306079124,0.1947565543071161
0.95,25,base,0.6,1.5,1.0,12,0.009270403581615787,282,-0.5805946309612732,-0.023245092406542378,-0.470414949114531,-0.05488803758022209,0.40425531914893614,1.3960297132189157,0.37943262411347517
0.85,16,deep_slow,0.5,1.5,0.5,24,0.006164899354047,366,-0.6078484724386998,-0.023251148938793542,-0.3358302229707711,-0.0769045493611692,0.26229508196721313,2.6474927878589107,0.26229508196721313
0.9,19,base,0.4,3.0,1.0,24,0.023221962544119495,156,-0.7668066400327661,-0.023279285558851615,-0.49584327527801275,-0.052149712095146517,0.2692307692307692,2.5164281666797432,0.23076923076923078
0.95,25,base,0.6,2.0,0.75,24,0.009270403581615787,290,-0.5960228413450399,-0.023282343203074762,-0.39761194037777914,-0.06504200019533102,0.2793103448275862,2.4338353352250715,0.27586206896551724
0.85,16,shallow,0.7,3.0,2.5,12,-0.00973145051073512,164,-0.619265844471064,-0.023287314198727982,-0.4310947799981909,-0.06000302356075493,0.5060975609756098,0.9222642593238752,0.1951219512195122
0.9,19,deep_slow,0.6,2.0,1.5,24,-0.000270114899313196,192,-0.6116552734188664,-0.023292506288433046,-0.39796588590912507,-0.06501248160072337,0.4375,1.2225843810576449,0.4166666666666667
0.85,16,deep_slow,0.4,3.0,2.0,12,0.02136119538677576,145,-0.666058931397999,-0.023317223291799083,-0.3810266550026377,-0.06797468907613935,0.42758620689655175,1.2514561176172296,0.19310344827586207
0.95,25,deep_slow,0.8,2.0,1.5,24,-0.031353780956353744,214,-0.5813599266818221,-0.02331822266792516,-0.37331637686522934,-0.06938157181094051,0.4392523364485981,1.21774178066724,0.4158878504672897
0.9,19,shallow,0.6,2.0,0.75,12,-0.00732066809770861,302,-0.5760686139199732,-0.023350094638876717,-0.3632282086504588,-0.07140588711332596,0.2947019867549669,2.2561210680408768,0.25165562913907286
0.8,14,base,0.6,2.5,2.0,24,0.010485141393924495,142,-0.6108325119839499,-0.023381776012015743,-0.3174795820915984,-0.08180613124159164,0.45774647887323944,1.1181429230012117,0.38028169014084506
0.95,25,deep_slow,0.8,2.5,1.0,24,-0.031353780956353744,237,-0.6261499251567315,-0.02339493114365243,-0.3195719490473286,-0.08131617709915806,0.3080168776371308,2.118323895821406,0.26582278481012656
0.9,19,deep_slow,0.7,4.0,2.0,24,-0.011679573210607598,120,-0.726067886800879,-0.02344853503027511,-0.31623498392225124,-0.08236227019032905,0.4083333333333333,1.3574237655102988,0.20833333333333334
0.8,14,deep_slow,0.7,2.5,1.0,24,-0.02092844120651946,227,-0.6084414885643543,-0.023471636782992134,-0.28894790863160214,-0.09022891920759335,0.30837004405286345,2.1098518367498706,0.2643171806167401
0.85,16,deep_slow,0.5,4.0,2.5,24,0.006164899354047,99,-0.8151323674943409,-0.023539483541972106,-0.31299892315777106,-0.08353612818526335,0.41414141414141414,1.3132230778660634,0.2222222222222222
0.9,19,deep_slow,0.7,3.0,2.0,12,-0.011679573210607598,172,-0.6236122231804837,-0.023545867490150862,-0.37054087214513703,-0.07058276603753244,0.48255813953488375,1.0093625194600664,0.18023255813953487
0.9,19,deep_slow,0.6,2.5,2.0,12,-0.000270114899313196,173,-0.6102227265396537,-0.023628046909921374,-0.3617532420619389,-0.07254933832477206,0.45664739884393063,1.1218241224953522,0.2658959537572254
0.95,25,shallow,0.4,1.0,0.75,12,0.020269252097180748,312,-0.6409800059038284,-0.023635459946119042,-0.4055405517963338,-0.06473626670165988,0.4358974358974359,1.2130209526143463,0.4326923076923077
0.9,19,base,0.5,3.0,1.5,24,0.011181462595549165,133,-0.7375972018672093,-0.02367767934108478,-0.47946823954143164,-0.054852462010646086,0.3684210526315789,1.5934618345810303,0.2556390977443609
0.95,25,shallow,0.7,2.0,1.0,6,-0.018651083800840466,317,-0.5552524662199783,-0.02374180492629907,-0.33840390171705964,-0.07792801576082065,0.38485804416403785,1.5222706742021985,0.2302839116719243
0.9,19,deep_slow,0.4,3.0,2.5,12,0.02395796766272022,131,-0.7121629489602277,-0.02375746169478532,-0.4220000817571007,-0.06253200624916122,0.48091603053435117,1.0036934603689192,0.22137404580152673
0.85,16,deep_slow,0.5,2.5,1.5,12,0.006164899354047,183,-0.6935463968434119,-0.023813247563304052,-0.43696689910127845,-0.060531796897784096,0.43169398907103823,1.2392811620724893,0.26229508196721313
0.95,25,base,0.6,2.5,1.5,6,0.009270403581615787,246,-0.5847180148140169,-0.0238361742980584,-0.5157810833340107,-0.051331511656183326,0.44715447154471544,1.1712985023556708,0.15040650406504066
0.95,25,deep_slow,0.5,3.0,2.0,24,0.01302946283325905,116,-0.7008598869664151,-0.023868911395903636,-0.3899399336177169,-0.06799030665262207,0.4224137931034483,1.2694325059378733,0.3017241379310345
0.95,25,shallow,0.8,2.0,0.75,6,-0.033862516362689936,386,-0.5362325506329426,-0.023891331424212847,-0.38555433817456636,-0.06882818302062366,0.33419689119170987,1.9037598663159123,0.19948186528497408
0.8,14,shallow,0.8,1.5,0.75,6,-0.02179247154392962,410,-0.5210373462043064,-0.02396091367257258,-0.3322478079994399,-0.08010342273733473,0.37317073170731707,1.60557030030688,0.2926829268292683
0.95,25,deep_slow,0.5,3.0,1.5,12,0.01302946283325905,166,-0.708504736989545,-0.024029862363920684,-0.4221835493963548,-0.06322052424277103,0.4036144578313253,1.3850836196517025,0.1927710843373494
0.95,25,deep_slow,0.8,3.0,1.5,12,-0.031353780956353744,206,-0.6468534092239375,-0.024122510701944155,-0.4834037623281375,-0.05542660831804336,0.41262135922330095,1.3492523768902709,0.17475728155339806
0.85,16,base,0.8,3.0,1.0,24,-0.009391219307694848,211,-0.6800122090034755,-0.024180399413495035,-0.3881715991106908,-0.06919012298883565,0.2796208530805687,2.412903403696764,0.2037914691943128
0.9,19,deep_slow,0.6,3.0,0.75,24,-0.000270114899313196,219,-0.6920851043626619,-0.024183453550734035,-0.34572934809789607,-0.07769380425294625,0.2328767123287671,3.0523539628042813,0.182648401826484
0.85,16,deep_slow,0.5,1.5,0.5,12,0.006164899354047,366,-0.634778681374682,-0.024191192992550126,-0.3562547039898034,-0.07542247859566142,0.26229508196721313,2.6401724027823232,0.25956284153005466
0.9,19,deep_slow,0.8,2.0,1.0,12,-0.024449058955838984,300,-0.5734445343115766,-0.024208417817376593,-0.3802807364708373,-0.07070754770677445,0.36,1.6973885098996504,0.29333333333333333
0.9,19,deep_slow,0.5,2.5,1.5,6,0.009505043314170823,226,-0.5821098125855505,-0.024244817269294283,-0.32552025065592877,-0.08272631852991141,0.4336283185840708,1.2317400332030315,0.15486725663716813
0.85,16,deep_slow,0.8,3.0,2.0,12,-0.03812047939787101,181,-0.6517220684094974,-0.024250789397510797,-0.44105878184067954,-0.061070581100422405,0.4696132596685083,1.064905572839543,0.18232044198895028
0.9,19,base,0.8,4.0,1.0,24,-0.02406222399551668,193,-0.7159664174247274,-0.024263268857278697,-0.37465763973459015,-0.0719311584650616,0.2538860103626943,2.7441076541990292,0.15025906735751296
0.8,14,shallow,0.8,2.5,0.5,24,-0.02179247154392962,358,-0.6568482469175949,-0.0242823629288913,-0.5729264919625484,-0.04707538772589703,0.1787709497206704,4.32567667472817,0.16759776536312848
0.8,14,shallow,0.8,1.5,0.75,24,-0.02179247154392962,379,-0.5373943539831628,-0.02428716401450215,-0.31851739469711315,-0.08469258646542488,0.34564643799472294,1.8005273195203175,0.34564643799472294
0.8,14,deep_slow,0.7,4.0,2.0,24,-0.02092844120651946,124,-0.7145094640497724,-0.02430572910948381,-0.31487975392155326,-0.08573639163590296,0.3870967741935484,1.4854341401173787,0.20161290322580644
0.85,16,deep_slow,0.8,3.0,0.75,24,-0.03812047939787101,241,-0.701403548217795,-0.024314503985215064,-0.44759124422872637,-0.06033716497362329,0.22821576763485477,3.1608624832909684,0.17427385892116182
0.95,25,base,0.6,2.5,0.5,24,0.009270403581615787,311,-0.7021186485641313,-0.024339688516921476,-0.5836463117223963,-0.04631969758855514,0.18006430868167203,4.246305251457357,0.16720257234726688
0.85,16,deep_slow,0.7,3.0,1.5,12,-0.022526671088844777,199,-0.6373466305462302,-0.02436311683325365,-0.4786589616327213,-0.05653358388210483,0.4120603015075377,1.3473931895168145,0.18592964824120603
0.85,16,shallow,0.6,2.5,0.75,24,-0.000379516882682105,261,-0.6438658582429436,-0.02436656266790649,-0.4492658064455765,-0.06024079324116138,0.2413793103448276,2.93990057570172,0.21839080459770116
0.95,25,shallow,0.8,4.0,2.5,24,-0.033862516362689936,111,-0.797668558894275,-0.024370731816306113,-0.30910256881769593,-0.08757207334121153,0.4144144144144144,1.3205201513007492,0.21621621621621623
0.8,14,deep_slow,0.6,2.5,0.5,12,-0.006382668772450415,335,-0.6748357175190124,-0.024377130003834457,-0.32305290833939787,-0.08381243060686949,0.20597014925373133,3.6044477035453606,0.15223880597014924
0.8,14,base,0.4,1.5,0.5,24,0.02654735060013038,325,-0.6801801824801411,-0.024386909474572893,-0.3181347608722083,-0.08514220957871954,0.26153846153846155,2.631244502523529,0.26153846153846155
0.85,16,shallow,0.4,4.0,1.0,24,0.019536983020591658,145,-0.8224111898465627,-0.024509225020926118,-0.4188070558976865,-0.06499977229049869,0.23448275862068965,3.004444999125919,0.16551724137931034
0.95,25,base,0.5,2.5,1.0,24,0.01986995396446551,192,-0.7325933536464182,-0.024512053035957937,-0.40904801711373184,-0.06655820052821226,0.3020833333333333,2.142252501187021,0.2604166666666667
0.9,19,deep_slow,0.8,1.5,1.0,12,-0.024449058955838984,337,-0.5481400077642641,-0.024620569126738046,-0.41934247101199584,-0.06521128018788924,0.4094955489614243,1.3789712955532933,0.3827893175074184
0.95,25,deep_slow,0.6,4.0,1.0,24,-9.84969022274224e-05,169,-0.7458995929730937,-0.02462383719933592,-0.28824662058465766,-0.09488223674460805,0.25443786982248523,2.7061596689585166,0.15976331360946747
0.85,16,shallow,0.6,1.5,0.75,12,-0.000379516882682105,347,-0.5798460229605666,-0.024633673642969756,-0.3699570971128678,-0.0739555862370248,0.34293948126801155,1.8195684669867807,0.3314121037463977
0.9,19,deep_slow,0.7,3.0,2.5,24,-0.011679573210607598,119,-0.8020833989331257,-0.02466993030964193,-0.3113307219618562,-0.08801125411752575,0.453781512605042,1.1251065594980025,0.33613445378151263
0.9,19,shallow,0.6,4.0,2.5,24,-0.00732066809770861,103,-0.9143325516214593,-0.02470805261439435,-0.31932364669940166,-0.08594067462598409,0.4368932038834951,1.1945937460867717,0.22330097087378642
0.85,16,shallow,0.6,1.5,0.5,24,-0.000379516882682105,409,-0.6266263646693423,-0.02478311225201646,-0.4103326600358453,-0.06708249708727387,0.2616136919315403,2.6534392200689014,0.2616136919315403
0.85,16,deep_slow,0.7,2.5,0.5,12,-0.022526671088844777,359,-0.6642286757203478,-0.02482517423478059,-0.3937742389354088,-0.07002182482228558,0.20055710306406685,3.739766111439902,0.1532033426183844
0.8,14,shallow,0.6,2.0,1.0,24,0.0018531278602289152,246,-0.6440718284048864,-0.025008752528318023,-0.3901023014184957,-0.07120285190941444,0.33739837398373984,1.8437428457692249,0.32926829268292684
0.95,25,shallow,0.7,2.5,1.0,12,-0.018651083800840466,252,-0.6645439170782449,-0.02501445932381763,-0.3396920327220517,-0.08178798154193068,0.3373015873015873,1.857884585743261,0.2222222222222222
0.85,16,base,0.6,2.5,2.0,24,0.00727389547987417,144,-0.6708292555089459,-0.025049550128241838,-0.3058787832310602,-0.09095643673064291,0.4583333333333333,1.111716263058675,0.3819444444444444
0.95,25,deep_slow,0.5,4.0,1.0,24,0.01302946283325905,158,-0.8158512690214125,-0.02508444061478643,-0.31381679636133303,-0.08877899680608703,0.25949367088607594,2.617362771834734,0.15822784810126583
0.95,25,shallow,0.6,2.5,1.0,6,-0.005076506216777017,278,-0.6611156105175309,-0.025120484279906097,-0.46661542887570273,-0.05979295497168746,0.36330935251798563,1.6535563255373547,0.1510791366906475
0.8,14,shallow,0.6,2.5,0.75,24,0.0018531278602289152,252,-0.6654230572458251,-0.025147659949837475,-0.4599277389887661,-0.060727920028592175,0.24603174603174602,2.8575328350631732,0.21428571428571427
0.95,25,shallow,0.7,3.0,2.5,24,-0.018651083800840466,115,-0.8349703845854295,-0.025163374392464855,-0.34779162330782654,-0.08035812652658647,0.4434782608695652,1.169695557601541,0.3130434782608696
0.85,16,shallow,0.8,4.0,2.0,24,-0.01892708337290167,122,-0.8023301098317677,-0.02517898446116218,-0.33352283609378863,-0.08384791916511847,0.38524590163934425,1.4937125330945917,0.19672131147540983
0.9,19,base,0.8,2.0,1.0,12,-0.02406222399551668,297,-0.5977107213748857,-0.025205694116881228,-0.3570039927324584,-0.07841598120838333,0.3569023569023569,1.7119719216864924,0.2895622895622896
0.95,25,deep_slow,0.8,2.0,1.5,12,-0.031353780956353744,241,-0.6196554813927929,-0.02521920464470584,-0.4401625734830366,-0.06363512940683835,0.44398340248962653,1.1911943386403354,0.35269709543568467
0.95,25,deep_slow,0.4,4.0,1.5,24,0.024552703417721047,115,-0.9136365462055644,-0.025254032004793592,-0.4505981850114071,-0.0622470943247635,0.33043478260869563,1.8584848738469348,0.17391304347826086
0.85,16,deep_slow,0.5,2.0,1.0,6,0.006164899354047,281,-0.626425626502792,-0.02533726515903234,-0.4388417068510152,-0.06412502884073279,0.37722419928825623,1.5587329277473416,0.2313167259786477
0.85,16,base,0.5,2.0,0.75,24,0.01654176117862261,271,-0.6152512580842152,-0.025357160904198928,-0.3631067315669062,-0.07756067244794551,0.28413284132841327,2.3686645761063123,0.28044280442804426
0.8,14,shallow,0.4,2.0,0.5,12,0.022918085700536522,292,-0.7435654308273318,-0.025398438228830034,-0.31512017615903204,-0.08951689678072683,0.2191780821917808,3.296504991100504,0.1952054794520548
0.85,16,base,0.5,2.0,1.5,24,0.01654176117862261,184,-0.6593128072843577,-0.025426876678065757,-0.47933824727222696,-0.05891480507192204,0.43478260869565216,1.226577005718201,0.41847826086956524
0.8,14,base,0.7,3.0,1.0,12,0.0027703769776574855,252,-0.6400364823520123,-0.025437935736726702,-0.3781813004010087,-0.0747059259181545,0.32936507936507936,1.9248839301807834,0.15079365079365079
0.9,19,shallow,0.5,3.0,2.5,24,0.0046669078333697435,110,-0.8177863300917105,-0.02548267244030855,-0.32551442455380347,-0.08694545061817327,0.45454545454545453,1.1132320400334605,0.32727272727272727
0.85,16,deep_slow,0.7,4.0,2.0,24,-0.022526671088844777,115,-0.8781790093979739,-0.025514873650513414,-0.3317571917682424,-0.08541701826352877,0.40869565217391307,1.3429903364256748,0.19130434782608696
0.85,16,base,0.5,3.0,2.5,24,0.01654176117862261,113,-0.8019973678839558,-0.025554824661396802,-0.3868641394020481,-0.07336429898622787,0.4690265486725664,1.0544093337581706,0.336283185840708
0.9,19,shallow,0.7,3.0,2.0,12,-0.02069939223100179,174,-0.6495713666465407,-0.0255756997187222,-0.42594588035720904,-0.06668726797620717,0.46551724137931033,1.0750445556144403,0.1839080459770115
0.85,16,base,0.8,2.0,1.5,12,-0.009391219307694848,243,-0.5985183766199639,-0.02557735466329758,-0.4516650565746887,-0.06289395649111562,0.448559670781893,1.1700420985643312,0.3497942386831276
0.95,25,deep_slow,0.4,1.5,0.75,6,0.024552703417721047,272,-0.6837187381158856,-0.025579363763935214,-0.4596295788882229,-0.061808969295749194,0.35661764705882354,1.682256480479584,0.29411764705882354
0.95,25,deep_slow,0.5,1.5,0.5,6,0.01302946283325905,358,-0.7062093091182261,-0.025598057830502174,-0.34572310208132545,-0.08223333134161837,0.2849162011173184,2.346339218139551,0.24022346368715083
0.9,19,shallow,0.5,2.0,1.0,24,0.0046669078333697435,225,-0.6853666471013793,-0.02564856623051215,-0.3613123213645779,-0.07884031276682302,0.3422222222222222,1.8037187066801794,0.3333333333333333
0.95,25,deep_slow,0.4,1.5,0.75,12,0.024552703417721047,262,-0.6953606531677458,-0.02565441578508809,-0.46986925618365377,-0.06063913143115407,0.3320610687022901,1.8625721515133664,0.3320610687022901
0.95,25,base,0.6,1.0,0.5,24,0.009270403581615787,454,-0.6856044664240901,-0.025662014362077268,-0.9687697680162446,-0.02941967363188447,0.3436123348017621,1.7910298944793,0.3436123348017621
0.95,25,deep_slow,0.8,2.5,2.0,24,-0.031353780956353744,149,-0.709177503773707,-0.025704511059149837,-0.30342088357431385,-0.0940871924970682,0.4563758389261745,1.1192708442941752,0.38926174496644295
0.8,14,base,0.7,2.0,1.0,6,0.0027703769776574855,336,-0.5712119953691773,-0.025721097243610824,-0.32401546690845495,-0.08816373276287326,0.375,1.5875699981122093,0.22321428571428573
0.95,25,shallow,0.5,2.5,0.75,24,0.0076219438658689225,232,-0.7183511042868407,-0.025731641084275836,-0.4154742167856092,-0.06878430695211357,0.24568965517241378,2.842616117734146,0.22413793103448276
0.95,25,base,0.6,1.0,0.5,12,0.009270403581615787,455,-0.6882667714847206,-0.02578492180987879,-0.9693531380762763,-0.029542581079685992,0.34285714285714286,1.7965465465836328,0.34285714285714286
0.8,14,deep_slow,0.8,2.0,0.5,12,-0.037658496495412044,429,-0.6296174930033814,-0.025861897711754844,-0.3808365748807571,-0.07541964240093901,0.21678321678321677,3.4141482437867383,0.20279720279720279
0.9,19,shallow,0.7,2.5,0.75,24,-0.02069939223100179,278,-0.6471562336775839,-0.025897580491145877,-0.35603305396280477,-0.08078499775834957,0.2446043165467626,2.895765498229434,0.22302158273381295
0.85,16,deep_slow,0.6,3.0,1.5,24,-0.005917748686304392,150,-0.772949071286688,-0.02591042429422341,-0.5442567039613041,-0.052872794446173765,0.36,1.6635330805220687,0.26666666666666666
0.95,25,deep_slow,0.8,4.0,1.5,24,-0.031353780956353744,144,-0.8321339638991904,-0.0259378130176513,-0.37046106141219237,-0.07775917359720919,0.3263888888888889,1.9276022774827573,0.1875
0.9,19,deep_slow,0.8,3.0,1.5,24,-0.024449058955838984,167,-0.658519027522861,-0.025947617827870473,-0.45254229752026753,-0.06367939376443932,0.3592814371257485,1.680344511560632,0.2634730538922156
0.95,25,deep_slow,0.4,1.5,0.75,24,0.024552703417721047,262,-0.7043657288818473,-0.0259747258380858,-0.47572714514937775,-0.06063913143115407,0.3320610687022901,1.860990317277258,0.3320610687022901
0.8,14,base,0.5,2.0,1.5,12,0.01796004567886604,207,-0.6574013296958481,-0.025991431635797535,-0.42943886215859084,-0.06721843189351284,0.45410628019323673,1.1319773711021728,0.34299516908212563
0.95,25,base,0.8,1.5,1.0,6,-0.014188546735315654,373,-0.561951676566224,-0.02601508507973538,-0.42157717950696216,-0.06853415917243233,0.4343163538873995,1.2432471502719797,0.3378016085790885
0.85,16,base,0.5,1.5,1.0,12,0.01654176117862261,271,-0.6252429363536299,-0.026044910246072694,-0.6177196211791931,-0.04682628042016779,0.4022140221402214,1.4015118962068513,0.3874538745387454
0.8,14,shallow,0.8,1.5,1.0,24,-0.02179247154392962,329,-0.5781659784400457,-0.026062907091015997,-0.4409980224078579,-0.06563628024218604,0.4012158054711246,1.4144252330304476,0.4012158054711246
0.9,19,deep_slow,0.8,3.0,2.5,24,-0.024449058955838984,127,-0.6347261949259158,-0.026065983750218735,-0.2959375303583226,-0.09782092052963587,0.4409448818897638,1.1881643013302916,0.3464566929133858
0.95,25,shallow,0.8,2.0,1.5,12,-0.033862516362689936,237,-0.6218720751837105,-0.026067222602381923,-0.43857599447200113,-0.06600966725410917,0.4430379746835443,1.1937961576515874,0.35864978902953587
0.85,16,base,0.5,2.0,1.0,24,0.01654176117862261,233,-0.6637082044442916,-0.026100111326242348,-0.4300390126656262,-0.0674048781583334,0.33476394849785407,1.8541430645184278,0.3261802575107296
0.9,19,shallow,0.7,1.5,1.0,12,-0.02069939223100179,315,-0.5908822760121999,-0.02615612425712721,-0.40691230073409485,-0.07138845925852721,0.4095238095238095,1.3699827025863736,0.38412698412698415
0.8,14,deep_slow,0.5,2.0,0.5,6,0.010632801658885678,347,-0.7309036065412655,-0.02617734928437765,-0.36589649932094764,-0.07945519955155433,0.2420749279538905,2.9101333799013935,0.17002881844380405
0.95,25,base,0.5,2.0,1.0,6,0.01986995396446551,265,-0.6837176416030459,-0.026210382745980865,-0.48412991305011155,-0.060126446262442235,0.39245283018867927,1.4528673776881655,0.22264150943396227
0.85,16,shallow,0.5,1.5,1.0,6,0.009243240555932723,300,-0.6048095390648993,-0.026264671038106813,-0.32361776578485685,-0.09013476995560321,0.42,1.2916429312205784,0.34
0.95,25,shallow,0.7,2.0,1.5,12,-0.018651083800840466,224,-0.6599650949032021,-0.026295479432947078,-0.41725673889243386,-0.06998898806810139,0.44642857142857145,1.171435241751381,0.3482142857142857
0.95,25,base,0.6,2.0,0.75,6,0.009270403581615787,325,-0.651461095871524,-0.026360732938755738,-0.49575274549649634,-0.05905310198821656,0.3446153846153846,1.792885406204887,0.20615384615384616
0.8,14,deep_slow,0.5,4.0,2.0,24,0.010632801658885678,108,-0.9263450790917933,-0.026362726714432627,-0.3653183825750471,-0.08014364935978757,0.4074074074074074,1.3375508072111488,0.2037037037037037
0.9,19,shallow,0.7,2.0,0.5,24,-0.02069939223100179,396,-0.6604080903899741,-0.026371323055457196,-0.3804785467439035,-0.07697538052511477,0.20959595959595959,3.5469933343691777,0.20959595959595959
0.85,16,base,0.4,2.5,1.5,12,0.024913286708163326,159,-0.8371630085773444,-0.02648548151499075,-0.607443475346495,-0.04842272993699792,0.4088050314465409,1.3385049776710154,0.2641509433962264
0.85,16,deep_slow,0.4,2.0,0.75,6,0.02136119538677576,268,-0.6956715766052421,-0.026490039821344014,-0.4246896942287138,-0.06927205071096665,0.30597014925373134,2.1087999895488228,0.2126865671641791
0.95,25,base,0.5,1.0,0.75,6,0.01986995396446551,358,-0.670480996630437,-0.02649998616523086,-0.533278968629323,-0.05518716693002912,0.441340782122905,1.1788199893544973,0.4134078212290503
0.8,14,shallow,0.6,3.0,2.0,24,0.0018531278602289152,135,-0.7254488523936756,-0.026551072567855605,-0.4151264080544825,-0.07103090534268641,0.4222222222222222,1.2780810387721526,0.31851851851851853
0.8,14,base,0.8,2.5,2.0,6,-0.006188371914272241,264,-0.6075104403478249,-0.026565052043711068,-0.3950460619361782,-0.0746806741360776,0.4772727272727273,1.0340869524997838,0.15151515151515152
0.95,25,base,0.7,1.5,0.5,6,-0.0012058456499734916,451,-0.6496522196100343,-0.02658781463640625,-0.4606450845312027,-0.06410042838847285,0.2838137472283814,2.385479947989676,0.24390243902439024
0.9,19,shallow,0.5,2.5,1.0,24,0.0046669078333697435,189,-0.8146316619681547,-0.026616000490482628,-0.37939513360053845,-0.07791033499123823,0.30687830687830686,2.0966423163467653,0.2698412698412698
0.9,19,shallow,0.6,2.5,1.5,12,-0.00732066809770861,182,-0.7563331434741424,-0.026640025072228513,-0.4630830387116726,-0.06388798498686277,0.43956043956043955,1.188323907658031,0.24175824175824176
0.95,25,deep_slow,0.4,2.5,1.0,24,0.024552703417721047,172,-0.8214452173299782,-0.02664236937689557,-0.4278004898920392,-0.06916317877661704,0.3023255813953488,2.1075303701117853,0.26744186046511625
0.8,14,shallow,0.8,1.5,0.75,12,-0.02179247154392962,386,-0.5903050398822074,-0.026660627922669877,-0.3473577739911112,-0.08523859369443676,0.35233160621761656,1.748320612936316,0.3290155440414508
0.9,19,deep_slow,0.6,2.5,0.5,12,-0.000270114899313196,341,-0.7054750737452725,-0.02666302713348434,-0.37887370647134827,-0.07815519544896554,0.19941348973607037,3.7325034485599846,0.15249266862170088
0.9,19,shallow,0.5,1.5,1.0,12,0.0046669078333697435,270,-0.6565462420408765,-0.026670725495105962,-0.35158136663433914,-0.08424645865120717,0.4111111111111111,1.3486828489942604,0.4
0.8,14,shallow,0.5,2.5,0.75,12,0.012208613969103086,259,-0.6820670088717931,-0.026726942556281164,-0.385611377337782,-0.07697340905457895,0.26640926640926643,2.573499317565709,0.1891891891891892
0.95,25,deep_slow,0.8,3.0,0.75,24,-0.031353780956353744,244,-0.731465227084105,-0.026737769724336724,-0.4346488907243543,-0.06831681560772351,0.22540983606557377,3.193312491421771,0.1762295081967213
0.95,25,shallow,0.5,3.0,0.75,24,0.0076219438658689225,205,-0.8070088718055586,-0.026739078976250275,-0.4706556754675014,-0.06309342784661309,0.2146341463414634,3.350638547810728,0.18048780487804877
0.85,16,shallow,0.5,2.5,1.0,12,0.009243240555932723,225,-0.7292272503231415,-0.026747844585680136,-0.3466642492950102,-0.08568809677362033,0.32,1.9884340498788362,0.2222222222222222
0.95,25,base,0.6,1.0,0.75,6,0.009270403581615787,398,-0.6484681846424049,-0.02678603613723174,-0.5916460715998989,-0.0502789592796723,0.44472361809045224,1.1703529243259962,0.40954773869346733
0.85,16,base,0.8,2.5,0.5,12,-0.009391219307694848,400,-0.6687947135592284,-0.02678813140443792,-0.4382418936104443,-0.0678841355053399,0.1975,3.820933179019067,0.155
0.85,16,shallow,0.4,3.0,1.0,24,0.019536983020591658,155,-0.8873090911084415,-0.026791547067367305,-0.42277045607158265,-0.0703773386649813,0.2709677419354839,2.460547843102787,0.22580645161290322
0.85,16,deep_slow,0.6,3.0,2.0,12,-0.005917748686304392,170,-0.7089794618826722,-0.026794254574391885,-0.43676285903053996,-0.06812956088318045,0.47058823529411764,1.0497380889707566,0.18823529411764706
0.8,14,deep_slow,0.7,2.0,0.5,12,-0.02092844120651946,407,-0.6567237097211175,-0.026837183885246807,-0.37961174191131053,-0.07851196561995522,0.21375921375921375,3.457760162814028,0.19901719901719903
0.85,16,base,0.8,2.5,0.5,24,-0.009391219307694848,384,-0.6884392020825281,-0.02684719800994817,-0.46158127634735535,-0.06459353899680331,0.1796875,4.2896970405313635,0.171875
0.85,16,base,0.8,2.0,1.0,12,-0.009391219307694848,304,-0.618509115855814,-0.026850696209650193,-0.4254918107376162,-0.07008136558876321,0.3519736842105263,1.7453280967452094,0.29276315789473684
0.9,19,deep_slow,0.5,3.0,2.0,24,0.009505043314170823,123,-0.7502517778434211,-0.026860053317354193,-0.383795029907773,-0.07772227469093229,0.4146341463414634,1.3107952545475356,0.3008130081300813
0.95,25,shallow,0.7,2.0,1.0,24,-0.018651083800840466,257,-0.6871582289921637,-0.02687231097775522,-0.36105550014930615,-0.08265492306341882,0.3424124513618677,1.8006259823627035,0.3346303501945525
0.9,19,deep_slow,0.8,2.0,0.75,24,-0.024449058955838984,343,-0.6405792453097614,-0.02687784739474408,-0.4110518056081216,-0.07261652473459956,0.27988338192419826,2.4295544365779564,0.27405247813411077
0.8,14,base,0.4,3.0,2.5,24,0.02654735060013038,104,-0.9300201461815253,-0.02688659298515117,-0.3922322798445372,-0.07612543034018804,0.47115384615384615,1.0282541531275982,0.3269230769230769
0.95,25,deep_slow,0.8,2.0,1.0,12,-0.031353780956353744,297,-0.6447899779894166,-0.0268882965903261,-0.40441527731340593,-0.07383682516769796,0.3569023569023569,1.7059858554613105,0.30303030303030304
0.85,16,shallow,0.6,1.5,1.0,6,-0.000379516882682105,326,-0.6204704782979816,-0.026892415804458558,-0.5022645583806862,-0.0594613081603641,0.4263803680981595,1.2731322394243036,0.3343558282208589
0.8,14,deep_slow,0.4,3.0,2.5,12,0.025687802785900486,132,-0.8836627549674273,-0.026902818404197837,-0.342310284234031,-0.08728000264708724,0.49242424242424243,0.9487063005058901,0.20454545454545456
0.8,14,base,0.4,1.5,0.5,12,0.02654735060013038,325,-0.7544352006316631,-0.02691579955875323,-0.35107424014827987,-0.08514220957871954,0.26153846153846155,2.6113616824875803,0.25846153846153846
0.95,25,shallow,0.7,2.5,1.5,24,-0.018651083800840466,171,-0.7924287691138024,-0.026951330736167844,-0.43204386652459853,-0.06927684227935182,0.38011695906432746,1.5315485788330305,0.3391812865497076
0.9,19,base,0.4,2.5,1.0,6,0.023221962544119495,223,-0.7607482913723911,-0.026966913609756338,-0.5503052423238256,-0.054420549367613424,0.3632286995515695,1.6237395549163218,0.15695067264573992
0.8,14,base,0.5,4.0,1.5,24,0.01796004567886604,135,-0.8578711947455984,-0.027017928656707935,-0.40231554797429886,-0.07457947056870096,0.3333333333333333,1.8496531278705328,0.17777777777777778
0.9,19,base,0.4,2.5,1.5,12,0.023221962544119495,151,-0.8799721889785608,-0.027088177752851994,-0.6442430979217737,-0.04669413511008447,0.4370860927152318,1.1836850146430713,0.24503311258278146
0.8,14,shallow,0.7,4.0,2.0,24,-0.009456977029506219,120,-0.8508553764745539,-0.02709859430313999,-0.3210701852243585,-0.09373004932035622,0.39166666666666666,1.442385275144441,0.2
0.8,14,base,0.4,3.0,2.0,24,0.02654735060013038,111,-0.8870501488093071,-0.027164883997897737,-0.45443982362316765,-0.0663837663014617,0.42342342342342343,1.2451153073728718,0.3063063063063063
0.85,16,deep_slow,0.8,2.5,0.5,24,-0.03812047939787101,370,-0.7424885444999325,-0.0271926912340702,-0.6174321787922599,-0.04890943636089884,0.1783783783783784,4.3161939485115886,0.17027027027027028
0.9,19,shallow,0.6,1.5,0.5,12,-0.00732066809770861,402,-0.7006535650564394,-0.027239017410020328,-0.45816859160836354,-0.06602291578269814,0.263681592039801,2.606503788675197,0.26119402985074625
0.8,14,deep_slow,0.4,2.5,0.5,24,0.025687802785900486,261,-0.8379466242063001,-0.02724302824654745,-0.44716710579629915,-0.06765719828245176,0.18007662835249041,4.164573106028289,0.1724137931034483
0.9,19,deep_slow,0.6,2.0,1.0,6,-0.000270114899313196,305,-0.6438042242033416,-0.02724430898600161,-0.40242467438201335,-0.07518299833023045,0.380327868852459,1.5386476892968721,0.22295081967213115
0.85,16,shallow,0.6,2.0,0.75,6,-0.000379516882682105,344,-0.6861377460843524,-0.027252511741303054,-0.6997127987608284,-0.04325287297854696,0.3226744186046512,1.972254584408364,0.19476744186046513
0.8,14,deep_slow,0.6,2.0,0.5,12,-0.006382668772450415,375,-0.7069312315068983,-0.027267734534145216,-0.3045728563870806,-0.09942273949814195,0.216,3.39034805376586,0.19733333333333333
0.85,16,shallow,0.8,2.0,0.5,24,-0.01892708337290167,422,-0.6700538182541479,-0.027290251052092596,-0.3784229443919844,-0.08008614263492664,0.20853080568720378,3.57500905117312,0.20853080568720378
0.85,16,shallow,0.5,3.0,2.0,12,0.009243240555932723,150,-0.8075916612679945,-0.027299595041486824,-0.40226580751843266,-0.07536507915635215,0.46,1.08397880297835,0.2
0.9,19,shallow,0.6,2.0,0.75,6,-0.00732066809770861,331,-0.6802974968866531,-0.02734038584491849,-0.49953237393484556,-0.06078089093982719,0.32628398791540786,1.928004326796393,0.20241691842900303
0.8,14,deep_slow,0.6,2.0,1.5,24,-0.006382668772450415,197,-0.7042845518865251,-0.027386933083498155,-0.40915580580655475,-0.07433264547577367,0.4416243654822335,1.1897232199732284,0.4263959390862944
0.9,19,shallow,0.4,2.0,1.0,12,0.019014132536386064,205,-0.7844654742078908,-0.027409708383434372,-0.4859677945856774,-0.06263560368893673,0.3463414634146341,1.7483554064647746,0.2975609756097561
0.8,14,shallow,0.6,3.0,1.0,24,0.0018531278602289152,190,-0.8138140917759624,-0.027427791136232726,-0.3567339221503079,-0.08538278529189347,0.2789473684210526,2.3839950263777054,0.22631578947368422
0.8,14,shallow,0.7,2.0,1.0,6,-0.009456977029506219,327,-0.6310358411510308,-0.02761662658505315,-0.4398144356186103,-0.06973011073739488,0.38837920489296635,1.4911327801399112,0.21712538226299694
0.8,14,base,0.4,2.5,1.5,6,0.02654735060013038,206,-0.7443931850972033,-0.027641720810323456,-0.40874650180921224,-0.0750982144763731,0.4223300970873786,1.2680461359376047,0.15048543689320387
0.85,16,base,0.8,2.0,1.5,24,-0.009391219307694848,217,-0.6644867360866774,-0.027649859992975978,-0.4309487830990149,-0.07125012981753398,0.43317972350230416,1.238420422637475,0.41935483870967744
0.9,19,base,0.8,2.0,1.5,24,-0.02406222399551668,208,-0.6823670856703632,-0.027661947767368855,-0.4265503709830003,-0.07201625195662009,0.4326923076923077,1.2391867790650957,0.4182692307692308
0.85,16,base,0.8,2.0,0.5,24,-0.009391219307694848,428,-0.6740968622331582,-0.027699488052718046,-0.43618725024923105,-0.0705205881683264,0.21261682242990654,3.487408609116554,0.21261682242990654
0.8,14,base,0.6,3.0,2.5,12,0.010485141393924495,156,-0.806256063153702,-0.02778546805494897,-0.411752148815215,-0.07493709600370879,0.5064102564102564,0.9025952843771727,0.20512820512820512
0.8,14,shallow,0.8,3.0,1.5,12,-0.02179247154392962,206,-0.6861274163460285,-0.027801814706358452,-0.4437234145750699,-0.06957855559635806,0.42718446601941745,1.2584293741857733,0.16990291262135923
0.85,16,deep_slow,0.4,2.5,0.75,24,0.02136119538677576,218,-0.7835191617397398,-0.027822954649807663,-0.3959473616555087,-0.07803328327568049,0.23853211009174313,2.9431125199881256,0.22477064220183487
0.85,16,shallow,0.4,2.0,1.5,6,0.019536983020591658,206,-0.7464734828638334,-0.027824062842796038,-0.5274172263900697,-0.05858417163287866,0.42718446601941745,1.2395780883363625,0.23300970873786409
0.85,16,shallow,0.6,3.0,2.5,12,-0.000379516882682105,158,-0.8424028768578206,-0.02786975831756977,-0.4816352917629953,-0.06425809178143527,0.5063291139240507,0.9046856796926843,0.1962025316455696
0.8,14,shallow,0.7,1.5,1.0,24,-0.009456977029506219,314,-0.6299055961617984,-0.027876905119468276,-0.40407322718755795,-0.07661207542554638,0.4012738853503185,1.4059245371512898,0.4012738853503185
0.8,14,deep_slow,0.8,2.0,1.5,12,-0.037658496495412044,245,-0.6563996473391571,-0.027881242864977618,-0.4370899687219473,-0.07083598366498012,0.4489795918367347,1.1609939582782487,0.3469387755102041
0.8,14,base,0.5,4.0,2.0,24,0.01796004567886604,109,-0.9877944488770877,-0.02789555463995097,-0.4441166183870029,-0.06975097141602593,0.3944954128440367,1.4097103993907993,0.2018348623853211
0.95,25,deep_slow,0.5,2.0,1.0,12,0.01302946283325905,239,-0.737283805708199,-0.027924289211931796,-0.3896363307668631,-0.07958555570516346,0.3472803347280335,1.750508249004947,0.3054393305439331
0.85,16,shallow,0.7,3.0,1.5,24,-0.00973145051073512,157,-0.7595149822501572,-0.027934756776966774,-0.5469907521413019,-0.0567121642729721,0.3630573248407643,1.6362080214324939,0.2611464968152866
0.95,25,shallow,0.4,2.0,0.75,12,0.020269252097180748,248,-0.764068268881595,-0.02794798537190979,-0.455527293039978,-0.06813136448349622,0.29435483870967744,2.203853641090062,0.2540322580645161
0.8,14,deep_slow,0.7,2.5,0.5,24,-0.02092844120651946,342,-0.7386952102752606,-0.02795141819325231,-0.4404887596418594,-0.07046604787553168,0.1783625730994152,4.285247109331543,0.16666666666666666
0.8,14,shallow,0.7,3.0,2.0,24,-0.009456977029506219,136,-0.7755885444666714,-0.027963300027063487,-0.37601234212796836,-0.08258419206221435,0.41911764705882354,1.290800075650022,0.29411764705882354
0.85,16,base,0.5,3.0,2.5,12,0.01654176117862261,147,-0.8577158740396484,-0.027969812818302575,-0.5062633257194944,-0.061351266548330674,0.5170068027210885,0.8610039247227036,0.19727891156462585
0.9,19,base,0.4,1.5,0.75,6,0.023221962544119495,273,-0.7609532469585083,-0.027979976955301633,-0.446411124842516,-0.06960213023948048,0.358974358974359,1.6508359866693805,0.30036630036630035
0.8,14,deep_slow,0.7,2.0,1.0,24,-0.02092844120651946,273,-0.6535137815188852,-0.027982751567426134,-0.35316911557477854,-0.0879868598370106,0.34065934065934067,1.8184458429122607,0.32967032967032966
0.8,14,base,0.4,1.5,0.5,6,0.02654735060013038,335,-0.7850153022866749,-0.0280392038823275,-0.4074915444034395,-0.07641098448056427,0.27761194029850744,2.3969648140800834,0.23582089552238805
0.85,16,shallow,0.4,3.0,1.0,12,0.019536983020591658,177,-0.899671131324499,-0.028063401883672845,-0.43346260441129814,-0.07189468693350243,0.327683615819209,1.8767961360174275,0.1638418079096045
0.9,19,deep_slow,0.4,2.0,1.0,12,0.02395796766272022,211,-0.7716017064594314,-0.02812689907770749,-0.405478007338378,-0.07703021185953707,0.3459715639810427,1.7525000386735896,0.3033175355450237
0.9,19,shallow,0.6,2.5,0.75,12,-0.00732066809770861,275,-0.7165173410366236,-0.02814995548528021,-0.4460243091901391,-0.07008501195330663,0.2690909090909091,2.520489460627521,0.19272727272727272
0.9,19,deep_slow,0.8,2.5,0.5,12,-0.024449058955838984,396,-0.70096641727241,-0.02816941885096058,-0.4275177171413434,-0.07316935982588779,0.20202020202020202,3.6990356642014124,0.15151515151515152
0.95,25,shallow,0.5,4.0,1.5,24,0.0076219438658689225,126,-0.9799723675820651,-0.028188972305624893,-0.5028880286399825,-0.06224621458873991,0.31746031746031744,1.9740460326029838,0.19047619047619047
0.9,19,deep_slow,0.6,2.5,0.75,12,-0.000270114899313196,277,-0.6967794457195602,-0.028189430505064172,-0.34865274634162124,-0.08978384500892,0.2743682310469314,2.4595450718131047,0.19494584837545126
0.95,25,base,0.6,4.0,2.0,24,0.009270403581615787,116,-0.9355212750290972,-0.028205314083543098,-0.3915472806816591,-0.07999287801889443,0.3793103448275862,1.5075144033691854,0.20689655172413793
0.8,14,shallow,0.5,3.0,2.5,24,0.012208613969103086,111,-0.9012474850451524,-0.028223812515291158,-0.424248781935018,-0.07387529181133567,0.45045045045045046,1.1242551460565833,0.32432432432432434
0.95,25,base,0.5,2.0,1.5,24,0.01986995396446551,179,-0.7866968473190017,-0.02824832379377007,-0.6048239956856889,-0.05186414180720933,0.4301675977653631,1.2365567602720768,0.4134078212290503
0.85,16,base,0.4,2.5,1.0,12,0.024913286708163326,191,-0.8827740979982266,-0.0282967417704989,-0.4618787202728198,-0.06803161831169136,0.32460732984293195,1.9167923982539,0.23036649214659685
0.9,19,shallow,0.6,2.5,0.5,24,-0.00732066809770861,317,-0.810529134265701,-0.028329343098176363,-0.5877743138707492,-0.053521393922977833,0.17665615141955837,4.294804447405479,0.167192429022082
0.85,16,deep_slow,0.6,2.0,1.5,12,-0.005917748686304392,225,-0.6968307623943165,-0.028336901338484988,-0.4680896516220571,-0.06722404560834583,0.4533333333333333,1.134849642295668,0.3422222222222222
0.9,19,shallow,0.8,2.5,2.0,6,-0.03623754955899112,261,-0.6575409068265772,-0.028353611155591874,-0.40511360392674767,-0.07771994132128757,0.48659003831417624,0.9925098607680706,0.16475095785440613
0.85,16,shallow,0.4,2.0,1.0,24,0.019536983020591658,196,-0.8157394384549018,-0.02838424725678923,-0.44998352508711603,-0.07004560960083406,0.33163265306122447,1.8586291133683928,0.32142857142857145
0.85,16,shallow,0.7,2.5,0.5,24,-0.00973145051073512,339,-0.8010953252659281,-0.028384500429283865,-0.5624654434319889,-0.056038377775940895,0.17699115044247787,4.3152400033149565,0.168141592920354
0.85,16,deep_slow,0.5,3.0,1.0,24,0.006164899354047,183,-0.8533030840221533,-0.028385303081282176,-0.34953713868863834,-0.09017794499306842,0.2786885245901639,2.3715428455619247,0.22404371584699453
0.9,19,deep_slow,0.7,2.5,1.0,24,-0.011679573210607598,236,-0.7590454232174363,-0.028400787799489957,-0.3883022774152505,-0.08121947726916645,0.2966101694915254,2.2109319560468803,0.2669491525423729
0.85,16,base,0.5,3.0,1.0,12,0.01654176117862261,209,-0.8740494956912717,-0.028463123454385175,-0.5523599455947404,-0.05722141212705323,0.33014354066985646,1.8762459311541537,0.15311004784688995
0.8,14,shallow,0.5,2.5,1.0,24,0.012208613969103086,199,-0.806743332319588,-0.028468501207348007,-0.41033797848097675,-0.07704082912466359,0.3065326633165829,2.0806181371883268,0.2663316582914573
0.9,19,shallow,0.7,2.5,1.0,12,-0.02069939223100179,253,-0.7301873239428072,-0.028481718063299355,-0.44401471153324007,-0.071230592110203,0.3359683794466403,1.855277984749313,0.2134387351778656
0.95,25,deep_slow,0.6,2.0,1.5,12,-9.84969022274224e-05,211,-0.7307447555238527,-0.028492188302613464,-0.49218976379914087,-0.06428219527731838,0.44075829383886256,1.1898694159063992,0.3412322274881517
0.95,25,shallow,0.8,4.0,2.0,24,-0.033862516362689936,120,-0.905722883373759,-0.02850505024734018,-0.34459841827110754,-0.09185560945478632,0.38333333333333336,1.4894132687241486,0.2
0.8,14,deep_slow,0.6,2.0,1.0,12,-0.006382668772450415,269,-0.696369213584367,-0.02855477576359522,-0.4341973456649026,-0.07302768050442443,0.35687732342007433,1.6909611377504516,0.3048327137546468
0.95,25,deep_slow,0.8,2.0,1.0,24,-0.031353780956353744,280,-0.7075684402920839,-0.028567267539789665,-0.39896538717791846,-0.0795113430636426,0.3392857142857143,1.8292262936693753,0.32857142857142857
0.8,14,shallow,0.8,2.0,1.0,6,-0.02179247154392962,347,-0.6326978575438967,-0.02858397188528805,-0.5114283095802139,-0.06206303415955827,0.3861671469740634,1.5072818961562846,0.21613832853025935
0.85,16,shallow,0.8,2.0,0.5,12,-0.01892708337290167,432,-0.690097367325204,-0.02859626299579532,-0.3800290020930628,-0.08355788294745758,0.2152777777777778,3.4252585496010073,0.19444444444444445
0.95,25,deep_slow,0.6,2.5,1.5,12,-9.84969022274224e-05,192,-0.8158585837445945,-0.02863251741481454,-0.5405382932046363,-0.058820275448816295,0.4166666666666667,1.306842323886804,0.2552083333333333
0.85,16,shallow,0.6,2.5,2.0,12,-0.000379516882682105,174,-0.7401190335371153,-0.028645966498811237,-0.4997453700104664,-0.06365145753180168,0.47701149425287354,1.0222126042445618,0.27011494252873564
0.85,16,base,0.8,2.5,2.0,24,-0.009391219307694848,149,-0.7363217225778074,-0.028656461553153934,-0.3662600211022274,-0.08688132570982854,0.436241610738255,1.2074472262335263,0.38926174496644295
0.9,19,shallow,0.5,3.0,0.75,24,0.0046669078333697435,202,-0.8873100689179669,-0.028665552286468388,-0.47951270865382617,-0.06638246232117184,0.21782178217821782,3.2877739335416147,0.1782178217821782
0.9,19,shallow,0.7,2.0,0.5,12,-0.02069939223100179,403,-0.7060256294840787,-0.028666484881038512,-0.40343699531038046,-0.07890269998253563,0.21588089330024815,3.4003309951657053,0.19851116625310175
0.85,16,base,0.4,3.0,2.0,12,0.024913286708163326,143,-0.8241078661559174,-0.028677121547753703,-0.5517339016040453,-0.057716337654737826,0.46153846153846156,1.0733796806522635,0.2097902097902098
0.8,14,shallow,0.7,2.5,2.0,6,-0.009456977029506219,246,-0.6809907837802806,-0.028680691370135958,-0.4476091530771571,-0.07115139959370842,0.45528455284552843,1.1214946943303892,0.15853658536585366
0.95,25,base,0.7,2.5,1.5,12,-0.0012058456499734916,208,-0.7838057418518711,-0.02871675281403452,-0.6331327086408285,-0.05036542161647739,0.4230769230769231,1.2778446770324414,0.24519230769230768
0.8,14,base,0.5,2.5,1.5,24,0.01796004567886604,161,-0.8250475512084657,-0.028733776560568414,-0.4836266278079046,-0.06597417640500203,0.391304347826087,1.4431345270387304,0.32919254658385094
0.8,14,deep_slow,0.4,3.0,2.5,24,0.025687802785900486,107,-0.937511351302283,-0.0287449564915101,-0.4295142933250503,-0.07431478552514248,0.4485981308411215,1.1288289437122394,0.3364485981308411
0.85,16,shallow,0.5,1.5,1.0,24,0.009243240555932723,272,-0.6909266875806956,-0.028768574748436748,-0.3639911810987892,-0.08776434023866353,0.4007352941176471,1.3917299768205522,0.4007352941176471
0.8,14,base,0.7,2.5,1.0,12,0.0027703769776574855,266,-0.7125939764383197,-0.02877353198941135,-0.4286867751286356,-0.07453213702706918,0.33458646616541354,1.8713516350926933,0.20676691729323307
0.8,14,deep_slow,0.4,2.5,0.5,12,0.025687802785900486,272,-0.8689131963580005,-0.028787202451283522,-0.4486874120662382,-0.07124357778116608,0.19117647058823528,3.857115666285013,0.15073529411764705
0.9,19,deep_slow,0.4,2.0,1.0,6,0.02395796766272022,232,-0.7828407573000515,-0.02880484659073712,-0.5073227448168978,-0.06304794556742166,0.3706896551724138,1.5673547286947616,0.21982758620689655
0.85,16,deep_slow,0.5,2.0,1.0,12,0.006164899354047,248,-0.746264174929949,-0.028820110516286523,-0.40534458124767797,-0.07895153853644832,0.3588709677419355,1.669785072061555,0.29838709677419356
0.85,16,shallow,0.8,3.0,2.0,12,-0.01892708337290167,183,-0.7278945245925744,-0.028836479886101496,-0.4713522745798644,-0.06793374518017792,0.45901639344262296,1.1023571380569237,0.20218579234972678
0.85,16,shallow,0.5,1.5,1.0,12,0.009243240555932723,274,-0.694622322789799,-0.02884665961860189,-0.381327053847088,-0.08400141075983314,0.4051094890510949,1.3661466022021043,0.38686131386861317
0.95,25,deep_slow,0.4,3.0,2.0,24,0.024552703417721047,109,-0.8793996552786861,-0.02885568406307859,-0.49068798954710663,-0.06530018175460028,0.4036697247706422,1.3461042855731271,0.3119266055045872
0.85,16,deep_slow,0.5,2.0,1.0,24,0.006164899354047,235,-0.7656823665848297,-0.028910165906569918,-0.4407603048827576,-0.07283417405746184,0.33617021276595743,1.8304432138561837,0.3276595744680851
0.85,16,deep_slow,0.4,2.0,1.5,6,0.02136119538677576,215,-0.7202127471665147,-0.028929683817170204,-0.43541326406135356,-0.07377829897153154,0.4418604651162791,1.1727235972750076,0.2558139534883721
0.9,19,deep_slow,0.7,4.0,1.5,24,-0.011679573210607598,142,-0.9007224427495447,-0.028967914612924806,-0.4036619098478415,-0.07968656696676946,0.33098591549295775,1.87386967999245,0.18309859154929578
0.95,25,deep_slow,0.8,4.0,2.0,24,-0.031353780956353744,119,-0.9626775191429281,-0.028993754351163248,-0.3731468119159378,-0.08627992000894469,0.3865546218487395,1.4637755746762509,0.18487394957983194
0.85,16,deep_slow,0.8,3.0,1.5,24,-0.03812047939787101,161,-0.8383819059989603,-0.029140119038244205,-0.49485861959697935,-0.06538702234251914,0.36024844720496896,1.6580932085504232,0.2670807453416149
0.85,16,shallow,0.5,2.5,1.5,24,0.009243240555932723,154,-0.8761142121791295,-0.02917243754062071,-0.5318272248434666,-0.0609091765915577,0.38961038961038963,1.4528079405509942,0.33766233766233766
0.95,25,shallow,0.7,3.0,2.5,12,-0.018651083800840466,154,-0.9038435294067635,-0.029181206000069237,-0.5358449080721439,-0.06047062897421884,0.512987012987013,0.8756510339478341,0.18831168831168832
0.9,19,deep_slow,0.5,2.5,0.5,12,0.009505043314170823,303,-0.8180369446450613,-0.0291910134056953,-0.45199497382073395,-0.07171263505588954,0.18811881188118812,3.969846820982813,0.15181518151815182
0.95,25,shallow,0.6,2.0,0.5,24,-0.005076506216777017,348,-0.8094893427481044,-0.029222764840480364,-0.40413146863710175,-0.08029305073054438,0.20977011494252873,3.4826216971955026,0.20977011494252873
0.85,16,deep_slow,0.7,4.0,1.5,24,-0.022526671088844777,144,-0.9188598797107631,-0.029243030792907243,-0.46603052990789584,-0.06967658144883748,0.3194444444444444,1.978047786075703,0.1875
0.9,19,shallow,0.4,2.0,1.0,6,0.019014132536386064,234,-0.8036272366704412,-0.029255896679075466,-0.5531808458264711,-0.05872523745020941,0.36324786324786323,1.6164043989056212,0.2264957264957265
0.9,19,deep_slow,0.6,1.5,0.75,6,-0.000270114899313196,356,-0.694046961284808,-0.029287622333817098,-0.43653720194245366,-0.07449730617600203,0.36797752808988765,1.6122826685368337,0.29213483146067415
0.95,25,deep_slow,0.5,2.0,0.75,6,0.01302946283325905,295,-0.7531836854975579,-0.029289945134586493,-0.4386918509241213,-0.07413727979592111,0.3288135593220339,1.9010230249183746,0.20677966101694914
0.85,16,base,0.7,2.0,1.5,6,2.2421718387172765e-05,292,-0.6530143996758265,-0.02934176527783805,-0.45735404228635224,-0.07123773213693507,0.4520547945205479,1.144403765137057,0.2465753424657534
0.8,14,deep_slow,0.5,2.5,0.5,12,0.010632801658885678,305,-0.8693497232188329,-0.02937062993463113,-0.40208907473575217,-0.08110855041004417,0.19672131147540983,3.736052971791215,0.15081967213114755
0.9,19,shallow,0.8,2.0,1.0,12,-0.03623754955899112,299,-0.6905894336291744,-0.02938802962607623,-0.4332103982969014,-0.0753263312236393,0.35785953177257523,1.6959666634698565,0.28762541806020064
0.85,16,shallow,0.7,3.0,0.75,24,-0.00973145051073512,242,-0.8128633820812688,-0.029413415449249913,-0.5979568949372719,-0.05461980777558051,0.21487603305785125,3.366818554867786,0.17355371900826447
0.85,16,base,0.5,3.0,1.0,24,0.01654176117862261,181,-0.944346703477854,-0.02941765648773742,-0.5345516223828696,-0.06110727301587582,0.27071823204419887,2.451909625156134,0.20441988950276244
0.9,19,base,0.5,3.0,2.0,24,0.011181462595549165,117,-0.9305033591661008,-0.029420314678964776,-0.4950244201056686,-0.06599257987427254,0.4188034188034188,1.2685462217661125,0.3076923076923077
0.85,16,shallow,0.5,4.0,1.5,24,0.009243240555932723,129,-0.9727189125606808,-0.02943772978664516,-0.5634153857530765,-0.058016242283256414,0.3333333333333333,1.8358473192825129,0.18604651162790697
0.85,16,base,0.4,2.5,0.5,24,0.024913286708163326,248,-0.9495486574445592,-0.029439883188354887,-0.6191679453781931,-0.05279606421750194,0.1774193548387097,4.183292107641355,0.1693548387096774
0.85,16,base,0.8,3.0,1.5,12,-0.009391219307694848,209,-0.748712509600212,-0.0294516937484105,-0.6011472106534007,-0.05440052321118094,0.41626794258373206,1.3148161763767345,0.18181818181818182
0.8,14,base,0.6,2.0,0.5,12,0.010485141393924495,372,-0.765778186864885,-0.029463512161042038,-0.35777676470941233,-0.09144200205605102,0.21505376344086022,3.391122080608131,0.1935483870967742
0.85,16,base,0.8,4.0,2.5,24,-0.009391219307694848,115,-0.9934897903098838,-0.02946952372831113,-0.3477008408725618,-0.09411103944268684,0.41739130434782606,1.2914291678436944,0.21739130434782608
0.95,25,shallow,0.5,1.5,0.75,24,0.0076219438658689225,304,-0.7643116252823593,-0.029499109327548068,-0.3770504059380491,-0.08687242597518186,0.34210526315789475,1.7813146970333804,0.34210526315789475
0.85,16,base,0.6,2.5,1.5,12,0.00727389547987417,194,-0.8118410177174182,-0.029512655920397646,-0.581174451175317,-0.0563863396043941,0.4329896907216495,1.2169150708368441,0.23195876288659795
0.9,19,deep_slow,0.7,3.0,2.5,12,-0.011679573210607598,157,-0.9238053398829426,-0.029537731252311628,-0.3820873213857326,-0.08583926830197075,0.5286624203821656,0.8201845485666447,0.17834394904458598
0.8,14,deep_slow,0.8,2.5,1.0,12,-0.037658496495412044,279,-0.7195076193079076,-0.029568828642033695,-0.4176563411798904,-0.07861144282249721,0.34408602150537637,1.7954987165894771,0.21505376344086022
0.9,19,shallow,0.5,2.0,0.5,24,0.0046669078333697435,312,-0.8528516778963807,-0.029582492661380133,-0.4587119425211537,-0.07160858717576402,0.20833333333333334,3.4926891570734067,0.20833333333333334
0.95,25,deep_slow,0.8,2.0,0.5,6,-0.031353780956353744,466,-0.7328820959379042,-0.02964190855245219,-0.584194409427499,-0.05634010822725477,0.24892703862660945,2.8426618453721995,0.16952789699570817
0.85,16,shallow,0.5,2.0,1.5,12,0.009243240555932723,193,-0.804394504756084,-0.02965058905923257,-0.4366651261908632,-0.07539690377255415,0.45077720207253885,1.1308518356317654,0.3316062176165803
0.85,16,base,0.8,2.5,1.0,24,-0.009391219307694848,236,-0.7925108881513526,-0.02966446784300225,-0.4642757000092368,-0.070946170476619,0.2923728813559322,2.251240025365844,0.2584745762711864
0.85,16,base,0.7,2.0,0.5,12,2.2421718387172765e-05,411,-0.7352676551117715,-0.029749471883539602,-0.47008710445111035,-0.07026954800648066,0.2116788321167883,3.479091832546219,0.19464720194647203
0.9,19,deep_slow,0.8,2.0,0.5,24,-0.024449058955838984,434,-0.7276588636223258,-0.0297949628591907,-0.4318332493157349,-0.07661113154847143,0.20967741935483872,3.5368840317789907,0.20967741935483872
0.95,25,shallow,0.7,2.0,0.5,24,-0.018651083800840466,387,-0.7959362425155662,-0.029869003775215508,-0.3785282079110442,-0.0876164707511925,0.20930232558139536,3.5147850321795926,0.20930232558139536
0.95,25,shallow,0.5,3.0,1.5,24,0.0076219438658689225,138,-0.9834170546169969,-0.029874135198014518,-0.5377612702751023,-0.061683493156844516,0.34782608695652173,1.7201856705678642,0.26811594202898553
0.85,16,shallow,0.4,2.0,0.5,12,0.019536983020591658,282,-0.8975452437346148,-0.029886573886446333,-0.44593333092135484,-0.07441646342936559,0.20921985815602837,3.438632287821528,0.18439716312056736
0.95,25,shallow,0.8,2.0,0.5,12,-0.033862516362689936,427,-0.7240429625093968,-0.029927402296664685,-0.42618518017892953,-0.07797089021720238,0.2107728337236534,3.5055426140040167,0.19437939110070257
0.9,19,shallow,0.4,2.0,0.5,6,0.019014132536386064,301,-0.8831159268346984,-0.029971685756031596,-0.5409809873863951,-0.06151625414301465,0.2292358803986711,3.0627844225247487,0.15946843853820597
0.85,16,deep_slow,0.7,2.5,0.75,24,-0.022526671088844777,284,-0.7583196558721879,-0.03004056066158134,-0.40195832073293075,-0.08298240412289071,0.23943661971830985,2.9549020931818655,0.22183098591549297
0.85,16,base,0.8,3.0,2.0,24,-0.009391219307694848,139,-0.7695087253593702,-0.030067979480114193,-0.3895252917940181,-0.08570909397241189,0.4028776978417266,1.377419002800769,0.30935251798561153
0.95,25,base,0.7,2.5,1.5,6,-0.0012058456499734916,265,-0.6950913744070337,-0.030081857453784888,-0.4424932489509608,-0.07548418589010353,0.44528301886792454,1.1707952286659173,0.1509433962264151
0.9,19,shallow,0.6,1.5,0.5,24,-0.00732066809770861,401,-0.7769003233895241,-0.030082132078941837,-0.497398808746234,-0.0671524468399437,0.26184538653366585,2.61423974413458,0.26184538653366585
0.95,25,base,0.5,1.0,0.5,24,0.01986995396446551,406,-0.8471719972586899,-0.03008581625379736,-0.8325471885510483,-0.04012460937098372,0.34236453201970446,1.7654091982531537,0.34236453201970446
0.8,14,deep_slow,0.7,4.0,1.5,24,-0.02092844120651946,145,-0.9063848168020642,-0.03016879335518563,-0.44780601107128815,-0.07480383020877535,0.31724137931034485,1.9970152403453107,0.19310344827586207
0.95,25,base,0.5,1.0,0.5,12,0.01986995396446551,407,-0.8497365533882483,-0.030208723701598994,-0.8359424532946067,-0.04012460937098372,0.3415233415233415,1.7714807616439545,0.3415233415233415
0.85,16,deep_slow,0.8,3.0,2.5,24,-0.03812047939787101,121,-0.9973536660601555,-0.03025408498573301,-0.4303839237197712,-0.07805157588256251,0.4462809917355372,1.144272302374823,0.32231404958677684
0.95,25,base,0.5,4.0,2.0,24,0.01986995396446551,108,-1.111786118209499,-0.03026173753761452,-0.551672581050035,-0.0609068255433044,0.4074074074074074,1.3176467245665073,0.18518518518518517
0.8,14,base,0.6,3.0,0.75,24,0.010485141393924495,238,-0.8266340399093306,-0.030271633335973935,-0.41322168341072324,-0.08134034489913933,0.226890756302521,3.1305554528111705,0.18067226890756302
0.8,14,base,0.4,3.0,0.75,24,0.02654735060013038,192,-0.9618202394689084,-0.030284286094029778,-0.48207283921562244,-0.06975215347682129,0.22395833333333334,3.132906003425808,0.171875
0.9,19,shallow,0.5,3.0,1.5,24,0.0046669078333697435,133,-0.9897832168888402,-0.030284690482426546,-0.5117105075787319,-0.0657130670505881,0.3533834586466165,1.670880487808127,0.2781954887218045
0.9,19,deep_slow,0.8,2.0,0.5,12,-0.024449058955838984,441,-0.7272697930865458,-0.030300375633280252,-0.432639173447019,-0.07776330595753578,0.21541950113378686,3.414927197731093,0.2018140589569161
0.85,16,deep_slow,0.8,2.0,0.5,12,-0.03812047939787101,431,-0.7425718468453028,-0.03030603967921952,-0.47512611061960947,-0.07082273467597255,0.21577726218097448,3.402991624663133,0.19953596287703015
0.85,16,shallow,0.4,2.0,1.0,6,0.019536983020591658,239,-0.8266416637976576,-0.03033252658721919,-0.42214572301191244,-0.07978071740903392,0.3682008368200837,1.5795342333970142,0.200836820083682
0.8,14,shallow,0.8,2.5,0.75,12,-0.02179247154392962,319,-0.7167832238815551,-0.03034421376998797,-0.41506947762430346,-0.08117205558784546,0.28213166144200624,2.3770169393745433,0.1786833855799373
0.8,14,shallow,0.6,1.5,0.75,12,0.0018531278602289152,339,-0.7240339546661926,-0.030353332835796887,-0.36110146429325096,-0.0933315248113965,0.3421828908554572,1.8018732105335795,0.3333333333333333
0.85,16,shallow,0.6,3.0,0.75,24,-0.000379516882682105,227,-0.929654358556756,-0.030435683536846114,-0.6628866532067863,-0.05097919389914707,0.21585903083700442,3.3105475299693685,0.17180616740088106
0.85,16,shallow,0.4,2.0,0.5,6,0.019536983020591658,304,-0.8922140044321245,-0.03044100274235595,-0.47504029601341574,-0.07115043345093341,0.23684210526315788,2.933183287991841,0.1513157894736842
0.95,25,base,0.6,2.5,2.0,24,0.009270403581615787,140,-0.8656369907966647,-0.030517950071085154,-0.40211872815066596,-0.08426518749064904,0.45,1.126602681506687,0.37142857142857144
0.85,16,deep_slow,0.7,2.0,0.5,24,-0.022526671088844777,388,-0.801023031880765,-0.03054208317678686,-0.4008852911095832,-0.08459117688421047,0.20876288659793815,3.5238699921856393,0.20876288659793815
0.85,16,base,0.6,2.0,0.5,24,0.00727389547987417,374,-0.7726688240816698,-0.030548748487283728,-0.41993590240806206,-0.08077124635320287,0.20320855614973263,3.6315761012582164,0.20320855614973263
0.85,16,deep_slow,0.8,1.5,1.0,24,-0.03812047939787101,332,-0.6782821451853569,-0.03057297496431799,-0.482292702524038,-0.07038381047929265,0.39759036144578314,1.425501548548146,0.39759036144578314
0.9,19,shallow,0.5,4.0,1.5,24,0.0046669078333697435,127,-1.0764583235407716,-0.03061126938283687,-0.4728716241154587,-0.07187583423655497,0.3228346456692913,1.9119750658973584,0.18110236220472442
0.9,19,deep_slow,0.4,3.0,0.75,12,0.02395796766272022,203,-0.9418193087458384,-0.03064308506831792,-0.38056222385351574,-0.08940274067014631,0.24630541871921183,2.7771503400951567,0.15270935960591134
0.85,16,base,0.5,2.5,0.75,24,0.01654176117862261,245,-0.7922702792146968,-0.03065118688799129,-0.45921356452192114,-0.07410993092558793,0.24489795918367346,2.849667028756166,0.22448979591836735
0.9,19,shallow,0.6,2.0,1.5,24,-0.00732066809770861,182,-0.8252430954899637,-0.03066037144759759,-0.4771954941293814,-0.0713386143847412,0.4340659340659341,1.2121042391682755,0.41208791208791207
0.85,16,shallow,0.7,2.5,1.5,12,-0.00973145051073512,198,-0.8386767069594793,-0.030850088390413588,-0.8303087408062613,-0.04125301329020359,0.4292929292929293,1.2325656710448167,0.23232323232323232
0.85,16,base,0.5,1.5,0.75,24,0.01654176117862261,314,-0.7184757073410801,-0.030894853856985427,-0.427459249641842,-0.0802470704255549,0.34076433121019106,1.7938808330320108,0.34076433121019106
0.9,19,deep_slow,0.8,2.0,1.0,6,-0.024449058955838984,350,-0.7143209302816695,-0.030940086109569664,-0.5412317175515431,-0.06347093763941591,0.38857142857142857,1.4850813763771504,0.22285714285714286
0.95,25,deep_slow,0.5,1.5,0.5,12,0.01302946283325905,346,-0.8685858615204857,-0.030942509281584263,-0.41629050772707393,-0.08252691236699805,0.2658959537572254,2.5292323955202103,0.2630057803468208
0.9,19,base,0.5,4.0,1.5,24,0.011181462595549165,130,-1.0728973551042307,-0.030997067334532336,-0.674961066708517,-0.050989071358255145,0.33076923076923076,1.8398289809458979,0.16923076923076924
0.8,14,base,0.5,2.0,1.5,6,0.01796004567886604,244,-0.7625657566973069,-0.031013507869896317,-0.586054972339806,-0.05875534021149742,0.4385245901639344,1.1916778508468047,0.24180327868852458
0.95,25,deep_slow,0.6,3.0,1.5,12,-9.84969022274224e-05,181,-0.8923118182308489,-0.031033917876164163,-0.5978619146843466,-0.057632839789761525,0.4088397790055249,1.336429916474764,0.16574585635359115
0.85,16,base,0.6,3.0,1.5,24,0.00727389547987417,148,-0.9791961733188127,-0.03108377851138089,-0.6416677576626808,-0.053784439795233396,0.3716216216216216,1.5548378056576986,0.2635135135135135
0.85,16,base,0.5,1.5,0.75,12,0.01654176117862261,317,-0.719736112836486,-0.031102613156530068,-0.4291616770355273,-0.08046528203952663,0.3438485804416404,1.778598631342927,0.33753943217665616
0.9,19,deep_slow,0.6,2.0,0.5,6,-0.000270114899313196,388,-0.8145542684289419,-0.031113015459181104,-0.5126529692718023,-0.06738309605607218,0.23711340206185566,2.971428563572058,0.16494845360824742
0.8,14,deep_slow,0.8,2.0,0.5,24,-0.037658496495412044,419,-0.7850134839672186,-0.0311691212949059,-0.4660028443886933,-0.07426204933388725,0.2100238663484487,3.512365533151165,0.2100238663484487
0.95,25,deep_slow,0.4,3.0,2.5,24,0.024552703417721047,98,-1.1985235336509814,-0.031183229683008795,-0.5666152879174443,-0.06110312090629633,0.4489795918367347,1.103379518404692,0.32653061224489793
0.85,16,shallow,0.8,2.0,1.0,12,-0.01892708337290167,298,-0.7294777639822614,-0.03123377036704722,-0.4865194239838585,-0.07127768060838657,0.35906040268456374,1.6749680752700296,0.28859060402684567
0.9,19,base,0.8,2.5,2.0,12,-0.02406222399551668,190,-0.8483729629368651,-0.031310874975397085,-0.47402254234834434,-0.0733370811275651,0.46842105263157896,1.0572369212522206,0.2578947368421053
0.8,14,deep_slow,0.7,2.0,1.0,12,-0.02092844120651946,289,-0.7145252547751817,-0.03134614132060143,-0.4055415227424007,-0.0858173884551604,0.356401384083045,1.698342055228441,0.30103806228373703
0.8,14,shallow,0.8,2.0,1.5,6,-0.02179247154392962,300,-0.6750471226809573,-0.0313478233154042,-0.41147974447206875,-0.08458345511614429,0.44,1.198153595468385,0.23666666666666666
0.9,19,base,0.4,2.0,1.5,24,0.023221962544119495,151,-0.924764154702668,-0.031399165400505025,-0.5882901802346049,-0.05925864553323845,0.4370860927152318,1.175124609701263,0.40397350993377484
0.95,25,shallow,0.6,2.5,0.5,24,-0.005076506216777017,308,-0.9325409100204106,-0.031417838177664525,-0.5292186306998695,-0.06591221772159028,0.17532467532467533,4.293780282447023,0.16883116883116883
0.9,19,shallow,0.7,1.5,0.75,12,-0.02069939223100179,366,-0.7194063053662414,-0.03145724085921631,-0.39887085708393605,-0.08756127798101543,0.3442622950819672,1.7893200809741685,0.32786885245901637
0.9,19,shallow,0.5,2.0,1.5,12,0.0046669078333697435,186,-0.8751521158053331,-0.031501457212552375,-0.4816471379140616,-0.07261466369894776,0.45161290322580644,1.1207690907883825,0.3387096774193548
0.95,25,deep_slow,0.7,2.0,0.75,12,-0.014895904927337712,331,-0.7521129683140128,-0.03152743853290574,-0.4020541855146326,-0.08706149565035493,0.2930513595166163,2.2501821792871186,0.2537764350453172
0.85,16,deep_slow,0.6,2.5,0.5,12,-0.005917748686304392,348,-0.8466874578601082,-0.03155204098849529,-0.4869153626042147,-0.07194413442264191,0.19827586206896552,3.7312348928493377,0.15229885057471265
0.85,16,base,0.5,2.5,2.0,12,0.01654176117862261,167,-0.8250964103938178,-0.03158457138509352,-0.4949002961564579,-0.07085620303492912,0.4550898203592814,1.103791100249745,0.2934131736526946
0.85,16,deep_slow,0.8,2.0,0.5,24,-0.03812047939787101,420,-0.7959600131077634,-0.03160407296421708,-0.5215848647313903,-0.06727259675661756,0.20952380952380953,3.5204897753888362,0.20952380952380953
0.95,25,deep_slow,0.5,2.0,1.5,12,0.01302946283325905,192,-0.8555494864198848,-0.03162518503422307,-0.44259601215320027,-0.0793314094166091,0.4427083333333333,1.1629892067345833,0.359375
0.8,14,base,0.5,4.0,2.5,24,0.01796004567886604,100,-1.1655545429792062,-0.03166503993177905,-0.39354854270419765,-0.08933061650125562,0.43,1.1998578703522347,0.21
0.95,25,shallow,0.7,2.0,0.75,12,-0.018651083800840466,323,-0.7641202752329939,-0.03170784926712311,-0.3952172265407144,-0.08907348681305294,0.29102167182662536,2.279965828930219,0.25386996904024767
0.8,14,deep_slow,0.4,2.5,2.0,24,0.025687802785900486,131,-0.9084431318544721,-0.03170885871729057,-0.3453188969787281,-0.10194778050653641,0.46564885496183206,1.0559172768646123,0.3893129770992366
0.8,14,deep_slow,0.5,3.0,2.5,24,0.010632801658885678,111,-1.0556323464092736,-0.0317474173568576,-0.4408987891740506,-0.07994403139557893,0.46846846846846846,1.0339589112757943,0.3153153153153153
0.95,25,deep_slow,0.5,2.5,1.5,12,0.01302946283325905,175,-0.9333267891986118,-0.031761491630969085,-0.45746112366777764,-0.07708376120128113,0.4057142857142857,1.3489809625847364,0.28
0.95,25,shallow,0.6,3.0,1.5,12,-0.005076506216777017,179,-0.9368000070513437,-0.03180594638051015,-0.6106942596034128,-0.05782286122950764,0.4134078212290503,1.307229722317727,0.18994413407821228
0.9,19,deep_slow,0.6,2.0,0.75,6,-0.000270114899313196,330,-0.8045200249739711,-0.031813275776282124,-0.5406842448312341,-0.06532502525233075,0.3212121212121212,1.9550647212374896,0.20303030303030303
0.8,14,deep_slow,0.5,3.0,2.0,24,0.010632801658885678,118,-1.045297441943413,-0.03183461417401667,-0.42281535610898174,-0.08359171173472357,0.423728813559322,1.2311538469227243,0.2966101694915254
0.85,16,base,0.8,2.0,0.75,24,-0.009391219307694848,350,-0.7434846554178924,-0.03191657197093922,-0.46191387463770156,-0.07671275358025054,0.28,2.407119398493297,0.2742857142857143
0.95,25,shallow,0.5,2.0,0.75,6,0.0076219438658689225,299,-0.8437215835197601,-0.032025593420323295,-0.6344319513939627,-0.05604305035507662,0.32441471571906355,1.925836125190689,0.20735785953177258
0.9,19,shallow,0.7,1.5,0.75,6,-0.02069939223100179,386,-0.7279121573175147,-0.03202785325321644,-0.4390462443849543,-0.08098920458444481,0.36528497409326427,1.629429175157497,0.29015544041450775
0.9,19,base,0.6,2.5,2.0,12,0.0010325266825469196,173,-0.8737125485847023,-0.03204117275469365,-0.5347922396936166,-0.06651698343318191,0.45664739884393063,1.0968905959671695,0.27167630057803466
0.85,16,base,0.4,2.0,0.5,6,0.024913286708163326,298,-0.9399813352013211,-0.032054729157186546,-0.6269619069032468,-0.056762283484191434,0.24496644295302014,2.7826018871426967,0.1644295302013423
0.85,16,shallow,0.7,2.5,2.0,12,-0.00973145051073512,182,-0.8447060886928849,-0.03211352995570049,-0.6287168962979354,-0.05670748050265506,0.46703296703296704,1.0571916816249545,0.25824175824175827
0.95,25,deep_slow,0.8,2.0,0.75,6,-0.031353780956353744,392,-0.7343500017083096,-0.03212191348364668,-0.5073401249714822,-0.07029257055196925,0.33418367346938777,1.8761674810888347,0.20408163265306123
0.9,19,base,0.4,2.0,1.0,24,0.023221962544119495,191,-0.9740525848847456,-0.032138440993154105,-0.7527039846694202,-0.04740317249529025,0.33507853403141363,1.804142396703509,0.32460732984293195
0.8,14,deep_slow,0.7,2.0,0.5,24,-0.02092844120651946,397,-0.8138126756511923,-0.03214440746839786,-0.46133674308183037,-0.07735600777573703,0.20654911838790932,3.5659357837191346,0.20654911838790932
0.85,16,deep_slow,0.8,3.0,1.0,24,-0.03812047939787101,210,-0.9107450992672058,-0.03214925135075153,-0.4607863459146878,-0.07746005678683665,0.28095238095238095,2.3511591083962236,0.20952380952380953
0.95,25,shallow,0.5,2.0,1.0,6,0.0076219438658689225,270,-0.8458185985415063,-0.032155432959043107,-0.5885467898537198,-0.060656837134364316,0.37407407407407406,1.5495896927327886,0.22592592592592592
0.95,25,base,0.6,2.0,0.75,12,0.009270403581615787,292,-0.8296504070167171,-0.03221883959116023,-0.4997441926552596,-0.07157592261140655,0.2876712328767123,2.2852846064793537,0.2568493150684932
0.85,16,shallow,0.8,2.5,2.0,6,-0.01892708337290167,266,-0.7271267995539065,-0.03222975548214724,-0.4086333740509345,-0.08756442930288899,0.46616541353383456,1.0703157639825687,0.16165413533834586
0.9,19,shallow,0.7,2.5,2.0,24,-0.02069939223100179,144,-0.8893746607648573,-0.03224866928294434,-0.4156084046089173,-0.0861452926424583,0.4513888888888889,1.1226093470538854,0.3888888888888889
0.8,14,shallow,0.6,2.5,0.75,12,0.0018531278602289152,279,-0.8158984195004838,-0.032257250322145214,-0.46488156164378663,-0.07703514123090971,0.26523297491039427,2.552330586749795,0.1863799283154122
0.9,19,shallow,0.6,1.5,0.5,6,-0.00732066809770861,415,-0.8302394533346971,-0.032262498568846554,-0.5258388857924807,-0.06811598302854838,0.27951807228915665,2.3768197296219977,0.23373493975903614
0.95,25,base,0.6,3.0,2.5,24,0.009270403581615787,112,-1.0718322210842044,-0.032280207046617604,-0.5231341730942624,-0.06850566862382901,0.4375,1.167950479951242,0.32142857142857145
0.95,25,shallow,0.5,1.5,0.75,12,0.0076219438658689225,304,-0.841124879410411,-0.03232833177584871,-0.41314588861337664,-0.08687242597518186,0.34210526315789475,1.768679983917185,0.33881578947368424
0.95,25,deep_slow,0.6,2.0,1.0,6,-9.84969022274224e-05,294,-0.7925794262580768,-0.03234028005564038,-0.5818775760093126,-0.061704089521391614,0.3741496598639456,1.5598661736462995,0.23129251700680273
0.95,25,base,0.8,2.0,0.5,6,-0.014188546735315654,468,-0.7781506800092359,-0.032359411201422494,-0.5060020187495338,-0.07099858248853608,0.25,2.8114134504028736,0.17094017094017094
0.95,25,deep_slow,0.4,1.5,1.0,24,0.024552703417721047,230,-0.8641463741818541,-0.03237042798065215,-0.5255346820032443,-0.06838299247058599,0.39565217391304347,1.3920916236830534,0.39565217391304347
0.9,19,shallow,0.6,2.0,0.5,6,-0.00732066809770861,386,-0.8526680696359554,-0.032393494474293516,-0.5792740073826522,-0.062083218995339085,0.23834196891191708,2.9382593927926095,0.16839378238341968
0.9,19,shallow,0.8,3.0,2.5,24,-0.03623754955899112,125,-0.8532585799913327,-0.03241267394740088,-0.39531703328549134,-0.09102681007406699,0.44,1.171803116189913,0.344
0.8,14,deep_slow,0.5,2.5,0.5,24,0.010632801658885678,286,-1.0087012909609636,-0.03255327049603518,-0.4809090526298911,-0.07514985806785934,0.18181818181818182,4.061080170253188,0.16783216783216784
0.85,16,base,0.7,3.0,2.5,24,2.2421718387172765e-05,124,-0.8815728735799057,-0.03257451122205468,-0.42175875306266736,-0.08574518950270882,0.45161290322580644,1.1140098766724142,0.33064516129032256
0.8,14,base,0.5,3.0,2.0,12,0.01796004567886604,155,-0.9307557549605123,-0.032616356160298565,-0.48333876778742185,-0.07491671563170388,0.45806451612903226,1.0794435488721303,0.16774193548387098
0.85,16,shallow,0.4,2.0,0.5,24,0.019536983020591658,277,-0.978895520997981,-0.032626556024326736,-0.4825797030969463,-0.07505797556277116,0.20216606498194944,3.556580138179409,0.20216606498194944
0.8,14,shallow,0.4,2.0,0.5,24,0.022918085700536522,286,-0.9703384137890912,-0.0326802482076709,-0.4009566256413872,-0.09048597706707306,0.2097902097902098,3.403706153297888,0.2097902097902098
0.85,16,base,0.4,2.5,2.0,12,0.024913286708163326,146,-0.9800003556567197,-0.03269060180970207,-0.5588692245849946,-0.06493902911666327,0.4589041095890411,1.072515935338089,0.2876712328767123
0.95,25,deep_slow,0.5,3.0,2.0,12,0.01302946283325905,150,-0.9068400713899288,-0.03271207993376368,-0.4808913083406668,-0.07551857157660902,0.43333333333333335,1.1967969507611562,0.21333333333333335
0.8,14,shallow,0.8,2.0,0.75,24,-0.02179247154392962,330,-0.7858413917146297,-0.03272534455316023,-0.47285461834671444,-0.07683317817631308,0.2787878787878788,2.4098209425248514,0.2727272727272727
0.9,19,deep_slow,0.8,3.0,2.5,12,-0.024449058955838984,169,-0.9171258754042603,-0.032726053384974585,-0.5249387406630784,-0.06921133035279214,0.5207100591715976,0.8478127221328938,0.17751479289940827
0.95,25,shallow,0.6,3.0,1.0,24,-0.005076506216777017,181,-1.0367530077490197,-0.032779775065916894,-0.4192004407032364,-0.08681106585553311,0.26519337016574585,2.5061239180551946,0.2154696132596685
0.85,16,base,0.7,2.5,2.0,24,2.2421718387172765e-05,149,-0.8550986756524878,-0.03278117778058309,-0.4003966945962965,-0.09089183773280118,0.4429530201342282,1.164184751670968,0.3825503355704698
0.9,19,shallow,0.4,2.0,0.5,12,0.019014132536386064,279,-1.007310986238205,-0.03278479236503273,-0.5272234555915319,-0.06903485852100721,0.2078853046594982,3.425992943896059,0.1863799283154122
0.85,16,deep_slow,0.8,2.0,1.0,6,-0.03812047939787101,354,-0.740447067351272,-0.032794336574252236,-0.5777551167545696,-0.06301523155726663,0.3898305084745763,1.472597327042579,0.211864406779661
0.85,16,shallow,0.8,2.5,0.5,24,-0.01892708337290167,371,-0.8828974830209408,-0.032867889287288565,-0.5815860153779132,-0.06274028914663854,0.1778975741239892,4.274438681845369,0.16711590296495957
0.9,19,deep_slow,0.8,2.5,0.5,24,-0.024449058955838984,375,-0.8473541368347173,-0.032873400059175495,-0.51437912855731,-0.07094957608378294,0.17866666666666667,4.251463985421128,0.168
0.9,19,shallow,0.8,3.0,2.0,12,-0.03623754955899112,181,-0.8442002738295059,-0.03291962568300011,-0.5184070355651375,-0.07049711890192156,0.48066298342541436,0.9985112852785285,0.17679558011049723
0.8,14,base,0.4,2.0,0.5,6,0.02654735060013038,302,-0.9937887747251901,-0.03292240646578248,-0.5088804461766043,-0.07182292815246594,0.23841059602649006,2.8793102794369196,0.15894039735099338
0.95,25,deep_slow,0.4,2.0,1.0,24,0.024552703417721047,200,-0.940816829361628,-0.03294328558521464,-0.510742667832438,-0.07160635187227149,0.335,1.795388159931284,0.325
0.8,14,deep_slow,0.6,2.5,1.0,24,-0.006382668772450415,217,-0.9027473423672374,-0.03296443321603715,-0.410094310735361,-0.08923764892009722,0.3087557603686636,2.0509819887699976,0.2672811059907834
0.85,16,base,0.7,2.0,0.5,24,2.2421718387172765e-05,405,-0.8285896386449243,-0.03296486967785084,-0.49355191675818866,-0.0741489081697696,0.20493827160493827,3.5973377558406012,0.20493827160493827
0.85,16,base,0.7,2.5,0.75,24,2.2421718387172765e-05,292,-0.8046281695027219,-0.033014742706289124,-0.5602782103610202,-0.06541678289632469,0.23972602739726026,2.934470194964586,0.21575342465753425
0.8,14,deep_slow,0.8,4.0,2.5,24,-0.037658496495412044,109,-1.147001419055032,-0.03301619821606738,-0.35869681529478925,-0.1021843776494622,0.42201834862385323,1.2439680172831264,0.2018348623853211
0.85,16,deep_slow,0.4,1.5,1.0,24,0.02136119538677576,240,-0.850709845854777,-0.03302609689102154,-0.5070602760126398,-0.07230733870057571,0.39166666666666666,1.428932749408516,0.39166666666666666
0.8,14,base,0.5,3.0,2.5,12,0.01796004567886604,146,-0.9731412747496874,-0.033060534891067195,-0.492460583522662,-0.07452847897355785,0.4931506849315068,0.9343696027612803,0.19863013698630136
0.9,19,deep_slow,0.6,3.0,1.0,24,-0.000270114899313196,186,-0.969903676147253,-0.033062300856457116,-0.5040541843775056,-0.07281815360510846,0.27956989247311825,2.3323117822670083,0.22043010752688172
0.85,16,deep_slow,0.5,2.5,2.0,12,0.006164899354047,163,-0.9544330411745109,-0.033104838386818436,-0.4900874516733872,-0.07498953199186975,0.4662576687116564,1.0490868604253138,0.2822085889570552
0.8,14,base,0.6,4.0,1.5,24,0.010485141393924495,140,-1.0311394050296927,-0.033122726828764826,-0.46815158148768926,-0.07854560631132157,0.32142857142857145,1.9304465627722383,0.18571428571428572
0.8,14,shallow,0.6,1.5,1.0,24,0.0018531278602289152,289,-0.8033544846491316,-0.03312342948945024,-0.5715045558981949,-0.06434249388222235,0.3944636678200692,1.4235078161005856,0.3944636678200692
0.85,16,shallow,0.6,3.0,2.0,24,-0.000379516882682105,127,-0.9987204487958772,-0.033141077072696756,-0.5895970194686783,-0.06240123581061441,0.4330708661417323,1.1912870981878556,0.30708661417322836
0.85,16,deep_slow,0.8,1.5,1.0,12,-0.03812047939787101,342,-0.7259178275368962,-0.03314758531774775,-0.5283200836753038,-0.06965246103122891,0.4064327485380117,1.3756456932678631,0.37719298245614036
0.95,25,shallow,0.8,1.5,0.75,12,-0.033862516362689936,392,-0.7306995100648227,-0.03315145219400617,-0.4828526319717756,-0.0762201057918479,0.3392857142857143,1.8220177383895035,0.3239795918367347
0.95,25,deep_slow,0.8,2.0,0.5,12,-0.031353780956353744,437,-0.8139174812851303,-0.033153347683660184,-0.4402956722950941,-0.08359196168130345,0.2151029748283753,3.3976182454649044,0.20137299771167047
0.85,16,base,0.5,4.0,2.5,24,0.01654176117862261,100,-1.2409803826348311,-0.03320949388991368,-0.44438282018207115,-0.08296313282313805,0.45,1.1020357939122647,0.21
0.85,16,shallow,0.4,3.0,2.0,12,0.019536983020591658,134,-1.0256715211031313,-0.03321706459340035,-0.4940976855103635,-0.07463256880324243,0.44029850746268656,1.1396319751769237,0.208955223880597
0.85,16,base,0.7,3.0,0.75,24,2.2421718387172765e-05,249,-0.9006624101221014,-0.03323969856184916,-0.5298328403312897,-0.06964622763176698,0.2248995983935743,3.1513261634694136,0.17269076305220885
0.8,14,shallow,0.5,2.5,0.75,24,0.012208613969103086,232,-0.891412299131574,-0.03324156497750064,-0.4740451110990444,-0.07784686684946118,0.25,2.736152523764657,0.21551724137931033
0.8,14,shallow,0.5,2.0,1.5,6,0.012208613969103086,244,-0.7912606498952542,-0.033299339219589386,-0.5594554130694016,-0.06607665420358066,0.4426229508196721,1.1664683454818412,0.2459016393442623
0.8,14,deep_slow,0.6,2.5,1.0,12,-0.006382668772450415,247,-0.8620144957858696,-0.033305699320831716,-0.43361530224359557,-0.08526910558007683,0.3441295546558704,1.7608426108034734,0.21862348178137653
0.8,14,base,0.5,3.0,2.5,24,0.01796004567886604,115,-1.0479756504573914,-0.0333337290222353,-0.47040354928600514,-0.07866659688069577,0.46956521739130436,1.0285863542171538,0.33043478260869563
0.9,19,deep_slow,0.7,2.5,2.0,12,-0.011679573210607598,180,-0.8589844207552155,-0.0333357063223233,-0.4702946899007347,-0.07868946440726432,0.4666666666666667,1.0544652261772993,0.25555555555555554
0.95,25,shallow,0.7,2.0,0.5,12,-0.018651083800840466,398,-0.8658415351348117,-0.03335837140696829,-0.3888188634130227,-0.09524319412797311,0.21608040201005024,3.3510288081975617,0.1934673366834171
0.95,25,base,0.5,2.5,0.75,12,0.01986995396446551,248,-0.9121937299611091,-0.03336233458883542,-0.48173069296887394,-0.07688266967973689,0.2620967741935484,2.559514545444931,0.1975806451612903
0.85,16,base,0.5,2.5,1.5,6,0.01654176117862261,231,-0.8405686561569625,-0.03338359923171641,-0.6144039115980622,-0.06031911986492611,0.4329004329004329,1.2063799546058223,0.15151515151515152
0.95,25,deep_slow,0.5,3.0,2.5,24,0.01302946283325905,105,-1.220847790271408,-0.03341682571432103,-0.44729040376447676,-0.08293743405006915,0.45714285714285713,1.0662640456459318,0.3238095238095238
0.85,16,base,0.6,2.0,1.5,24,0.00727389547987417,199,-0.8576634803729828,-0.03349617925995996,-0.5754809236449504,-0.06461559461396904,0.4271356783919598,1.2495824826651283,0.4120603015075377
0.95,25,deep_slow,0.8,4.0,2.5,24,-0.031353780956353744,110,-1.2061516457323593,-0.03350126036458667,-0.40988285372841077,-0.09073488087377657,0.4090909090909091,1.312473232657801,0.20909090909090908
0.9,19,shallow,0.8,3.0,0.75,24,-0.03623754955899112,246,-0.9191887515584845,-0.033521817541869225,-0.5794842758637903,-0.06421822067736405,0.21951219512195122,3.2513746110233392,0.17479674796747968
0.95,25,shallow,0.7,2.0,0.5,6,-0.018651083800840466,427,-0.8702543549463155,-0.033552848793004575,-0.4718449087675545,-0.07894083566315147,0.24355971896955503,2.8717931443924796,0.16393442622950818
0.8,14,base,0.8,2.5,2.0,24,-0.006188371914272241,152,-0.8460180662844656,-0.03356185318083138,-0.35392515321952667,-0.10527030307114182,0.4473684210526316,1.1410062847213545,0.3815789473684211
0.85,16,shallow,0.5,2.0,0.75,6,0.009243240555932723,307,-0.8758864477355233,-0.03356854814236443,-0.44670365960189723,-0.08342270152664488,0.31921824104234525,1.9492328658609133,0.19218241042345277
0.9,19,base,0.7,2.5,0.75,24,-0.01070085499890775,270,-0.8940063799406094,-0.03357892080095726,-0.5387766368888149,-0.0691877046256163,0.24444444444444444,2.8408380658185144,0.21481481481481482
0.95,25,base,0.5,4.0,1.5,24,0.01986995396446551,127,-1.1351595921345787,-0.0335816151445133,-0.664079283004354,-0.056137429754779644,0.3228346456692913,1.8890921006731185,0.1732283464566929
0.95,25,shallow,0.8,1.5,0.75,24,-0.033862516362689936,385,-0.744828840219279,-0.03358641382961447,-0.4882681541213973,-0.07636177098504171,0.33506493506493507,1.8548796219048904,0.33506493506493507
0.95,25,deep_slow,0.5,2.0,1.5,6,0.01302946283325905,233,-0.802088611409121,-0.033606859427520064,-0.43014057743644035,-0.08673367794053433,0.45493562231759654,1.1050124974881572,0.26609442060085836
0.95,25,deep_slow,0.5,1.5,0.5,24,0.01302946283325905,345,-0.9472610038672643,-0.03360999455563707,-0.452108856398415,-0.08252691236699805,0.263768115942029,2.5379380535461125,0.263768115942029
0.85,16,deep_slow,0.8,3.0,2.5,12,-0.03812047939787101,166,-0.9391754727205763,-0.03361536578811697,-0.6294748121470142,-0.05928291087808912,0.5,0.9164903291464297,0.16265060240963855
0.8,14,deep_slow,0.6,2.0,0.5,6,-0.006382668772450415,394,-0.8848158087995887,-0.033636235200120934,-0.46748711794083864,-0.07987433365254903,0.23857868020304568,2.949230095594077,0.16751269035532995
0.8,14,deep_slow,0.8,2.5,2.0,24,-0.037658496495412044,152,-0.8563315249090931,-0.03363909150143063,-0.3946443932151956,-0.09462540807161135,0.4473684210526316,1.1423415505384238,0.3881578947368421
0.95,25,deep_slow,0.6,4.0,1.5,24,-9.84969022274224e-05,137,-1.042841032717622,-0.03366175553648387,-0.47116321828462276,-0.07931115265387079,0.3284671532846715,1.8557462620353813,0.18248175182481752
0.95,25,base,0.5,2.0,0.5,12,0.01986995396446551,321,-0.9623447278448778,-0.03367495608883864,-0.5915288228803764,-0.06319746787107927,0.21495327102803738,3.305679858862024,0.19003115264797507
0.95,25,shallow,0.5,1.5,0.5,12,0.0076219438658689225,356,-0.9512679186789219,-0.03370006665155423,-0.5863512460003092,-0.06380296074097802,0.25842696629213485,2.610873924983927,0.25842696629213485
0.95,25,shallow,0.5,1.5,0.5,24,0.0076219438658689225,356,-0.9512679186789219,-0.03370006665155423,-0.5863512460003092,-0.06380296074097802,0.25842696629213485,2.610873924983927,0.25842696629213485
0.9,19,shallow,0.4,1.5,0.5,6,0.019014132536386064,322,-0.9729093325322186,-0.03370412276522328,-0.5088935528228079,-0.07352311572054826,0.2639751552795031,2.5184656749730774,0.2329192546583851
0.85,16,deep_slow,0.6,3.0,2.5,12,-0.005917748686304392,157,-1.004773338719913,-0.03371072883707249,-0.5047885559678754,-0.07413551365953008,0.49044585987261147,0.949387779818259,0.19745222929936307
0.95,25,shallow,0.8,3.0,2.0,24,-0.033862516362689936,139,-0.8864069486562106,-0.033732076505413655,-0.4583013038164727,-0.08170697106311331,0.4028776978417266,1.3619822156084735,0.30935251798561153
0.85,16,base,0.4,2.0,1.0,12,0.024913286708163326,208,-0.9730604276103078,-0.03384244950113291,-0.41752278540076093,-0.08997999925727274,0.34615384615384615,1.7197051844732443,0.2980769230769231
0.95,25,deep_slow,0.4,1.5,1.0,6,0.024552703417721047,246,-0.8972544938809721,-0.03385327201102206,-0.6168779883147125,-0.060920784053035915,0.4105691056910569,1.3107371167035107,0.3333333333333333
0.9,19,base,0.4,1.5,1.0,6,0.023221962544119495,248,-0.9050967608312527,-0.033931315921239436,-0.6609481423086969,-0.056989582928354654,0.4112903225806452,1.3042272287831995,0.3346774193548387
0.8,14,deep_slow,0.6,2.5,0.75,12,-0.006382668772450415,280,-0.8592215621892019,-0.033959875562564856,-0.4463220966353839,-0.08446546009879485,0.275,2.4204541226472167,0.19285714285714287
0.85,16,shallow,0.8,2.5,2.0,12,-0.01892708337290167,193,-0.8775177255170257,-0.0339693275855566,-0.5101726969608885,-0.07391472277920741,0.47150259067357514,1.0393545911640327,0.25906735751295334
0.9,19,shallow,0.4,2.0,0.5,24,0.019014132536386064,275,-1.0378163156768463,-0.033992535724664985,-0.6080480513073416,-0.06205921790171143,0.2,3.5808425748863915,0.2
0.9,19,deep_slow,0.7,3.0,1.5,24,-0.011679573210607598,152,-0.9899004828963575,-0.034027246744109174,-0.5756046230362761,-0.06562394102996505,0.3618421052631579,1.614818476188693,0.2565789473684211
0.8,14,deep_slow,0.8,2.0,1.0,12,-0.037658496495412044,302,-0.7874942588063841,-0.03403874570583154,-0.44097708072292796,-0.08568740980833167,0.3609271523178808,1.6601086739466338,0.2980132450331126
0.8,14,deep_slow,0.5,3.0,2.5,12,0.010632801658885678,148,-1.0597589921731054,-0.03404514978535722,-0.4654352116590229,-0.08119987083295233,0.49324324324324326,0.9357371356722026,0.19594594594594594
0.85,16,shallow,0.7,2.5,0.75,24,-0.00973145051073512,277,-0.9016355117025189,-0.03405765105597236,-0.7411741002371803,-0.051009782321043584,0.23465703971119134,2.9985119149419717,0.21660649819494585
0.9,19,shallow,0.5,1.5,0.75,6,0.0046669078333697435,321,-0.8524747635845931,-0.034088621297359345,-0.4254076948150474,-0.08895335589230657,0.367601246105919,1.584603705508243,0.3052959501557632
0.8,14,base,0.6,2.0,1.0,24,0.010485141393924495,257,-0.830027877771074,-0.03411871645982145,-0.41542257341861016,-0.09117170665422303,0.33073929961089493,1.8681443124112216,0.31906614785992216
0.95,25,base,0.5,3.0,1.0,24,0.01986995396446551,174,-1.0319738083539354,-0.03412088547641268,-0.4952887508895159,-0.07647496135912435,0.27011494252873564,2.424807905924715,0.20689655172413793
0.9,19,shallow,0.6,3.0,1.5,12,-0.00732066809770861,175,-1.0198915259286607,-0.03412472001843536,-0.6617367540310828,-0.05724547744673203,0.4228571428571429,1.2467727595366305,0.18285714285714286
0.85,16,deep_slow,0.7,2.0,1.0,12,-0.022526671088844777,286,-0.815144599537023,-0.03413583001158638,-0.44333690897738826,-0.08547392415825861,0.3531468531468531,1.70963102319991,0.2937062937062937
0.95,25,base,0.8,2.5,0.75,12,-0.014188546735315654,313,-0.8430665855052255,-0.03415165604620296,-0.4994201553901304,-0.07591059104742981,0.2747603833865815,2.4412671164832225,0.18210862619808307
0.9,19,deep_slow,0.6,1.5,1.0,12,-0.000270114899313196,301,-0.7978235858993248,-0.034199331120090326,-0.48172952849733514,-0.07880791292168321,0.39867109634551495,1.4078251097290075,0.3853820598006645
0.95,25,deep_slow,0.4,1.5,1.0,12,0.024552703417721047,231,-0.919482482456356,-0.034230190839525054,-0.5897454652309054,-0.06443167522728732,0.3939393939393939,1.3991309710211468,0.38095238095238093
0.9,19,base,0.4,4.0,1.0,24,0.023221962544119495,143,-1.1952738145195296,-0.0342936180457577,-0.6050636382831573,-0.06291662004749032,0.23076923076923078,2.9618174289664307,0.15384615384615385
0.95,25,shallow,0.7,4.0,1.0,24,-0.018651083800840466,178,-1.140333060349294,-0.034311129662407236,-0.39263210416032557,-0.09700673885470312,0.24719101123595505,2.7489584642529015,0.15168539325842698
0.95,25,shallow,0.8,1.5,0.75,6,-0.033862516362689936,414,-0.7540200435122056,-0.03431135182693834,-0.5223069729755349,-0.0729230282166553,0.3647342995169082,1.6337318446549753,0.28502415458937197
0.95,25,base,0.5,2.0,0.5,24,0.01986995396446551,313,-1.0062664960763448,-0.034340417937829604,-0.6325992346233952,-0.06025996560211622,0.20447284345047922,3.5136917543831254,0.20447284345047922
0.8,14,shallow,0.7,2.5,0.75,24,-0.009456977029506219,267,-0.8951345737585382,-0.03442966496594513,-0.5207849751953458,-0.07338783750376288,0.24344569288389514,2.848916576070351,0.21348314606741572
0.8,14,shallow,0.7,3.0,2.5,24,-0.009456977029506219,119,-1.0679314936503124,-0.03444323931987614,-0.535438166015565,-0.07140753915001352,0.44537815126050423,1.1317199954173562,0.31932773109243695
0.85,16,deep_slow,0.5,4.0,2.0,24,0.006164899354047,107,-1.1742923813498656,-0.034444675805114344,-0.41652617537597203,-0.09179714386572346,0.3925233644859813,1.388855071625527,0.19626168224299065
0.9,19,base,0.6,3.0,1.0,12,0.0010325266825469196,227,-0.901323263610987,-0.03444679953070662,-0.44025086367056343,-0.086855629862849,0.33480176211453744,1.824692558979151,0.15418502202643172
0.9,19,deep_slow,0.8,4.0,1.5,24,-0.024449058955838984,148,-1.1236233315169963,-0.03448410904681476,-0.4979615890842687,-0.0768725961777803,0.32432432432432434,1.9112979394012322,0.1891891891891892
0.85,16,shallow,0.8,3.0,1.0,12,-0.01892708337290167,259,-0.8561160894920246,-0.03450151746190866,-0.5991335766429524,-0.0639237856792586,0.3204633204633205,1.9621814917608595,0.15444015444015444
0.85,16,deep_slow,0.6,2.5,2.0,12,-0.005917748686304392,180,-0.8551265339132936,-0.034526383408085226,-0.5152745846243106,-0.07438060321028228,0.4666666666666667,1.052949360919145,0.28888888888888886
0.9,19,shallow,0.8,1.5,1.0,12,-0.03623754955899112,341,-0.7636577779607931,-0.03453976804240233,-0.6082348720789278,-0.06303693605803806,0.4046920821114369,1.3822249238802176,0.3782991202346041
0.85,16,base,0.5,2.5,2.0,24,0.01654176117862261,141,-0.9299982113177641,-0.03458033988614473,-0.4654525767711767,-0.08247072308386871,0.46099290780141844,1.0730949421386957,0.3829787234042553
0.8,14,shallow,0.5,2.0,0.5,6,0.012208613969103086,353,-0.9090913530410988,-0.03459803258341909,-0.47149141277779744,-0.08145601478762599,0.23796033994334279,2.9213949325958044,0.1671388101983003
0.95,25,shallow,0.6,4.0,1.0,24,-0.005076506216777017,166,-1.1901105550064899,-0.03461676822922788,-0.4579855195387272,-0.08390345582263747,0.23493975903614459,2.913209324762192,0.1566265060240964
0.85,16,deep_slow,0.7,2.0,0.5,6,-0.022526671088844777,425,-0.8856402530683047,-0.034688685104931394,-0.5290011603262428,-0.07279046530977751,0.24705882352941178,2.8236119306928416,0.16705882352941176
0.8,14,base,0.6,4.0,2.0,24,0.010485141393924495,115,-1.14046826892398,-0.034707333564293785,-0.4497512942446418,-0.08566267759503376,0.3826086956521739,1.4604650733524596,0.20869565217391303
0.9,19,shallow,0.4,3.0,2.5,24,0.019014132536386064,100,-1.1579305547583447,-0.034707671931549,-0.5073145286883903,-0.07594356714515349,0.45,1.0911824574007938,0.33
0.95,25,deep_slow,0.5,3.0,1.0,24,0.01302946283325905,172,-1.026947632567587,-0.03474443486377099,-0.3777765899996877,-0.10209209173964462,0.27325581395348836,2.3792039874579154,0.22093023255813954
0.8,14,deep_slow,0.8,3.0,2.0,24,-0.037658496495412044,141,-0.8876061493724245,-0.034763869086110954,-0.45235855943754216,-0.08530739906328522,0.41134751773049644,1.3153215650238699,0.3049645390070922
0.95,25,base,0.6,1.0,0.5,6,0.009270403581615787,462,-0.9389768744132585,-0.03478252257739001,-1.001816680675578,-0.0385401818471971,0.3528138528138528,1.6823557599464865,0.329004329004329
0.9,19,base,0.7,2.5,1.0,12,-0.01070085499890775,254,-0.9012194484958581,-0.034798537684541664,-0.4577989373636276,-0.08437752008993071,0.3464566929133858,1.740437414019111,0.20866141732283464
0.95,25,base,0.5,1.0,0.75,12,0.01986995396446551,353,-0.8879969420869789,-0.03481961802346456,-0.5623605352999237,-0.06873044950209217,0.43059490084985835,1.2079664778174637,0.42776203966005666
0.8,14,base,0.8,2.0,0.5,6,-0.006188371914272241,467,-0.8592083073982936,-0.034870267556592616,-0.5586482321566326,-0.06928761385092996,0.24411134903640258,2.8883954031158505,0.16488222698072805
0.8,14,base,0.4,2.0,1.5,6,0.02654735060013038,215,-0.9216772648666024,-0.034879355879517404,-0.5547282953105125,-0.06979537823326709,0.4325581395348837,1.1953479981206299,0.2372093023255814
0.9,19,base,0.4,1.5,1.0,24,0.023221962544119495,227,-0.9450217732821126,-0.034898947919182244,-0.6955531773699901,-0.05569549073891511,0.3964757709251101,1.3864298621115938,0.3964757709251101
0.95,25,base,0.8,3.0,2.5,12,-0.014188546735315654,168,-0.9797705384479133,-0.03491479618698623,-0.4784139916034692,-0.08101086746157471,0.5238095238095238,0.8321932857739479,0.18452380952380953
0.85,16,shallow,0.6,1.5,0.75,24,-0.000379516882682105,346,-0.8340289502730235,-0.03492641915013428,-0.523564023136323,-0.07404941287271771,0.33236994219653176,1.8571728430988892,0.33236994219653176
0.85,16,base,0.8,2.0,0.5,6,-0.009391219307694848,472,-0.8437753848379795,-0.034928452939095855,-0.6194442370021683,-0.0625913669882543,0.24364406779661016,2.896670029563318,0.1694915254237288
0.95,25,deep_slow,0.8,3.0,1.0,24,-0.031353780956353744,200,-0.9608279416524177,-0.034936832016698394,-0.4245683868331706,-0.09134251440482188,0.285,2.277576041410795,0.2
0.9,19,deep_slow,0.8,2.5,2.0,6,-0.024449058955838984,262,-0.8090816077640492,-0.03496205767549132,-0.4700634677580097,-0.08256138123077605,0.46564885496183206,1.0621394586238473,0.15267175572519084
0.85,16,shallow,0.6,4.0,1.5,24,-0.000379516882682105,135,-1.167097250379427,-0.03497011621084434,-0.6142413574043363,-0.06319668316851534,0.3333333333333333,1.8140355317148806,0.17777777777777778
0.95,25,base,0.6,1.5,0.75,6,0.009270403581615787,344,-0.8620497965924985,-0.034985671399295315,-0.6623257505560091,-0.05863466506887949,0.37209302325581395,1.561593810295705,0.2877906976744186
0.85,16,shallow,0.4,2.0,1.5,24,0.019536983020591658,152,-1.0220280793285703,-0.03498827584347519,-0.6006561265377367,-0.06465951489486199,0.4276315789473684,1.211018278728267,0.40789473684210525
0.9,19,shallow,0.8,1.5,1.0,24,-0.03623754955899112,334,-0.7792844641220504,-0.03499417228074708,-0.5814097181682566,-0.06681117400075465,0.39520958083832336,1.428594206407181,0.39520958083832336
0.8,14,base,0.8,3.0,2.0,24,-0.006188371914272241,140,-0.885739038733561,-0.034997437920309404,-0.44578405293665707,-0.08714596960311838,0.4,1.3756393934465823,0.30714285714285716
0.85,16,deep_slow,0.6,2.0,0.5,6,-0.005917748686304392,406,-0.8916368931290919,-0.03505298786559696,-0.606315862793428,-0.0641741772207659,0.2315270935960591,3.0577069129618395,0.16502463054187191
0.95,25,shallow,0.5,3.0,2.5,12,0.0076219438658689225,140,-1.086697646790883,-0.03505882068626487,-0.592053908551002,-0.06573097927586158,0.4785714285714286,0.9826127582105247,0.2
0.95,25,base,0.7,4.0,1.5,24,-0.0012058456499734916,142,-1.1389280996159532,-0.035079443111315056,-0.5585353175490109,-0.0697165019451399,0.323943661971831,1.8985842882833768,0.176056338028169
0.85,16,deep_slow,0.8,2.0,0.75,6,-0.03812047939787101,398,-0.8208927345061057,-0.03509349389988714,-0.5799068994529952,-0.06717404795496018,0.33668341708542715,1.8445934001823778,0.1984924623115578
0.8,14,shallow,0.4,2.5,2.0,6,0.022918085700536522,191,-0.9041514678029836,-0.03511948667083109,-0.6314340573711085,-0.06173801979619997,0.46596858638743455,1.0379708628979136,0.16230366492146597
0.95,25,deep_slow,0.8,1.5,1.0,24,-0.031353780956353744,327,-0.8063284693420484,-0.03513120839850792,-0.49030308782866217,-0.07953544339046092,0.40061162079510704,1.3935499662072888,0.40061162079510704
0.9,19,base,0.8,3.0,0.75,24,-0.02406222399551668,246,-0.9610772622136349,-0.035146336439005,-0.5990698691958848,-0.06512300831662077,0.22357723577235772,3.1614455340072047,0.17073170731707318
0.9,19,shallow,0.8,2.5,2.0,12,-0.03623754955899112,189,-0.8912661439472391,-0.03515896108562733,-0.5376502815399146,-0.07258848132617823,0.48677248677248675,0.9734151404592558,0.25396825396825395
0.9,19,shallow,0.5,2.0,0.75,12,0.0046669078333697435,276,-0.9185395725268609,-0.03522312239976033,-0.516422641511098,-0.07570987533573792,0.286231884057971,2.2837827699488735,0.2463768115942029
0.9,19,deep_slow,0.6,2.0,1.5,6,-0.000270114899313196,266,-0.818330630050403,-0.035231456169740105,-0.44729690477039596,-0.08743079888731697,0.44360902255639095,1.1621548332989968,0.24812030075187969
0.8,14,shallow,0.4,1.5,0.75,6,0.022918085700536522,293,-0.9250009807680927,-0.035238158452380874,-0.43711229286915537,-0.08948490114450502,0.36177474402730375,1.606620390903716,0.2935153583617747
0.85,16,base,0.8,2.5,0.75,12,-0.009391219307694848,326,-0.811340380145953,-0.035272472317295356,-0.4671955518873789,-0.08380422707969182,0.27300613496932513,2.4654453562070278,0.18711656441717792
0.85,16,base,0.6,2.5,0.5,24,0.00727389547987417,327,-0.9791541800648991,-0.03531394013845912,-0.5252446588562683,-0.07462979011120385,0.1743119266055046,4.295647491409836,0.1620795107033639
0.85,16,base,0.6,4.0,1.5,24,0.00727389547987417,135,-1.1725524819788982,-0.035318881480688735,-0.5782882958578499,-0.06779381971002041,0.3333333333333333,1.8096538101626551,0.18518518518518517
0.9,19,base,0.5,3.0,2.5,12,0.011181462595549165,141,-1.0853165027979799,-0.035342853422749454,-0.579143500933288,-0.06773956286411265,0.48226950354609927,0.9615032266565566,0.18439716312056736
0.95,25,deep_slow,0.6,2.5,1.0,12,-9.84969022274224e-05,240,-0.9503931157610911,-0.035344739435642536,-0.5369807965421941,-0.07306223441292037,0.325,1.9044708541903541,0.2125
0.9,19,deep_slow,0.5,4.0,2.0,24,0.009505043314170823,110,-1.2354097802097574,-0.03543348957251147,-0.47250616529956946,-0.08323982364599891,0.38181818181818183,1.4570194716684919,0.2
0.9,19,shallow,0.8,2.0,1.0,6,-0.03623754955899112,349,-0.801477811239616,-0.035458569232343695,-0.5974842718458678,-0.06587472433363406,0.39255014326647564,1.4483770231344935,0.2148997134670487
0.9,19,base,0.4,3.0,2.5,12,0.023221962544119495,125,-1.2275553262111765,-0.035460659564351404,-0.6324232587240012,-0.06223905700273402,0.472,0.9907286942932995,0.2
0.8,14,deep_slow,0.5,2.0,0.5,24,0.010632801658885678,319,-1.0286902368089983,-0.03548214538778882,-0.42927746332923417,-0.09174771872547782,0.21003134796238246,3.390458852615138,0.20689655172413793
0.95,25,shallow,0.8,2.5,2.0,24,-0.033862516362689936,151,-0.9340602535987527,-0.03548940722338634,-0.40184663320171565,-0.09803061397050727,0.44370860927152317,1.1506700934536607,0.3841059602649007
0.85,16,deep_slow,0.8,1.5,1.0,6,-0.03812047939787101,383,-0.7469451383540079,-0.03550272728556425,-0.5370481221712665,-0.0733789499940879,0.4281984334203655,1.2543957552905278,0.33159268929503916
0.85,16,shallow,0.8,3.0,1.0,24,-0.01892708337290167,211,-0.95303872892193,-0.035543679223034474,-0.6191695386176765,-0.0637198516334514,0.27014218009478674,2.4617171661055317,0.2037914691943128
0.9,19,shallow,0.7,4.0,2.0,24,-0.02069939223100179,114,-1.165000417511477,-0.03555983748125091,-0.5192068756861166,-0.0760222793080575,0.40350877192982454,1.3287684178616521,0.20175438596491227
0.85,16,deep_slow,0.7,3.0,2.0,12,-0.022526671088844777,177,-0.8897395000494169,-0.035562674719416765,-0.5694225695459378,-0.06932361856251068,0.4576271186440678,1.0859763160324931,0.1864406779661017
0.95,25,shallow,0.6,1.5,0.5,6,-0.005076506216777017,406,-0.9448608816249545,-0.03556805147107567,-0.5479174393748963,-0.07205536118025091,0.2733990147783251,2.4296608161614035,0.23891625615763548
0.8,14,base,0.8,4.0,1.0,24,-0.006188371914272241,194,-1.1023956399291646,-0.0355816825876103,-0.43897525099464885,-0.08997201654552012,0.2422680412371134,2.8417300025796677,0.15463917525773196
0.95,25,deep_slow,0.5,1.0,0.75,6,0.01302946283325905,353,-0.9349336575965147,-0.03566459707168412,-0.5382339103091734,-0.07355042830938985,0.43059490084985835,1.2033250563971447,0.40226628895184136
0.9,19,base,0.8,2.5,2.0,24,-0.02406222399551668,149,-0.9897497151407902,-0.03567886208766391,-0.43004502438709935,-0.09209067411975236,0.4429530201342282,1.1547376896481094,0.3825503355704698
0.9,19,base,0.6,2.0,0.75,24,0.0010325266825469196,296,-0.9199254137359832,-0.03576151815873252,-0.5457661275672696,-0.07273206048758629,0.28040540540540543,2.3546756630403634,0.27364864864864863
0.9,19,deep_slow,0.7,3.0,2.0,24,-0.011679573210607598,132,-1.0698576605370207,-0.03581224281642803,-0.46664923608855585,-0.08518364460790095,0.4318181818181818,1.1931073916263537,0.30303030303030304
0.95,25,deep_slow,0.5,4.0,1.5,24,0.01302946283325905,127,-1.2016605062206458,-0.035843201085405285,-0.4957167580351506,-0.08025787778332638,0.33070866141732286,1.8094809291620912,0.1732283464566929
0.9,19,shallow,0.4,3.0,0.75,24,0.019014132536386064,184,-1.1541196875979685,-0.03587883537592329,-0.4915713154633809,-0.08101499309699778,0.21195652173913043,3.295769712562552,0.18478260869565216
0.8,14,deep_slow,0.7,2.0,0.5,6,-0.02092844120651946,430,-0.9083389782678576,-0.035897394311344755,-0.6266643773504699,-0.06358300495684954,0.24186046511627907,2.900181262253044,0.16046511627906976
0.85,16,shallow,0.8,2.5,1.0,24,-0.01892708337290167,239,-0.9528880090609805,-0.035903535961196,-0.5934200093829071,-0.06715649387304334,0.28870292887029286,2.2621172312271827,0.26359832635983266
0.9,19,base,0.5,2.0,1.5,24,0.011181462595549165,177,-1.015956253958419,-0.035917136194342114,-0.7882603980113981,-0.05057601787513111,0.4293785310734463,1.2146099826818235,0.4011299435028249
0.95,25,shallow,0.5,2.0,0.75,24,0.0076219438658689225,276,-0.94665936047836,-0.03592392988494697,-0.5643247740202163,-0.07065895219707208,0.2753623188405797,2.3951394813525053,0.2717391304347826
0.9,19,shallow,0.8,2.0,1.5,12,-0.03623754955899112,237,-0.8730963576634975,-0.035925622637927646,-0.6088248711382424,-0.06549744294809234,0.4472573839662447,1.1498455188800412,0.33755274261603374
0.9,19,shallow,0.7,2.0,0.5,6,-0.02069939223100179,429,-0.8913634024018198,-0.035936274803123336,-0.5826491115367971,-0.06846019443571827,0.23543123543123542,3.0072583119346605,0.16783216783216784
0.9,19,deep_slow,0.7,2.0,1.5,12,-0.011679573210607598,227,-0.9122929335873583,-0.0359413503797249,-0.6623368194173983,-0.06023203362489804,0.43612334801762115,1.1988159412797312,0.34801762114537443
0.9,19,base,0.6,2.5,1.0,24,0.0010325266825469196,214,-1.0093781870479164,-0.03594200232894329,-0.4130102750786284,-0.0965947293234124,0.29439252336448596,2.1780756679357993,0.26635514018691586
0.85,16,base,0.6,2.5,0.75,24,0.00727389547987417,269,-0.9232160026052671,-0.03596898970219231,-0.5652911382527758,-0.07062645483386842,0.241635687732342,2.8637640723854463,0.21561338289962825
0.9,19,deep_slow,0.5,2.5,0.75,24,0.009505043314170823,238,-0.9365390957222468,-0.03600951156506238,-0.4365438847676274,-0.0915587079118737,0.24369747899159663,2.8049401593345493,0.2184873949579832
0.8,14,shallow,0.5,2.5,2.0,6,0.012208613969103086,215,-0.852311969936451,-0.03602328285605949,-0.49936580721574375,-0.08007085688251214,0.4604651162790698,1.0728654396148214,0.16279069767441862
0.8,14,shallow,0.6,2.5,1.0,24,0.0018531278602289152,214,-1.0100301955455682,-0.0360352785252368,-0.45475771286530975,-0.087954385758781,0.3037383177570093,2.0798766593634666,0.2570093457943925
0.9,19,deep_slow,0.5,2.5,1.0,24,0.009505043314170823,201,-0.9879549075666718,-0.036053688151463925,-0.4250170441923044,-0.09415699340615524,0.29850746268656714,2.121763408324613,0.25870646766169153
0.9,19,deep_slow,0.6,2.0,0.75,12,-0.000270114899313196,300,-0.9019793789702781,-0.03606010227709522,-0.4289237811044142,-0.09331595376987656,0.29,2.2443452673604294,0.25333333333333335
0.95,25,shallow,0.6,2.0,1.0,6,-0.005076506216777017,296,-0.9085468847161619,-0.03606437505229665,-0.6292792598398403,-0.06361271868078233,0.3783783783783784,1.5152643105774293,0.22297297297297297
0.8,14,base,0.4,3.0,2.0,12,0.02654735060013038,141,-1.1075839656450481,-0.03606646969027738,-0.6688147990382352,-0.0598558595589509,0.45390070921985815,1.0815583791992496,0.18439716312056736
0.9,19,deep_slow,0.6,4.0,1.0,24,-0.000270114899313196,174,-1.177963983526442,-0.03613233013444572,-0.5645977006303505,-0.07103365027583453,0.2413793103448276,2.8123606319513272,0.15517241379310345
0.85,16,deep_slow,0.5,2.5,1.0,24,0.006164899354047,208,-1.0518651442266223,-0.03616717973379324,-0.46944836009385416,-0.08551321142162682,0.2980769230769231,2.130219831185477,0.2644230769230769
0.95,25,deep_slow,0.8,2.0,0.5,24,-0.031353780956353744,426,-0.9177607338023511,-0.03617570245129598,-0.5134705705596382,-0.07820015276096004,0.2112676056338028,3.4492612395299376,0.20892018779342722
0.9,19,shallow,0.6,1.0,0.75,12,-0.00732066809770861,398,-0.885998073336893,-0.03620861465809311,-0.5829747652539842,-0.06893940281515165,0.4371859296482412,1.1836065007975767,0.43467336683417085
0.9,19,base,0.7,2.5,2.0,24,-0.01070085499890775,144,-1.0094375632931603,-0.036212465837825114,-0.47098699072161887,-0.08534035696191533,0.4444444444444444,1.1439456372858972,0.3819444444444444
0.9,19,base,0.4,2.5,2.0,12,0.023221962544119495,140,-1.1163529782563208,-0.036245218293024184,-0.6547755893388972,-0.061441624552169394,0.45714285714285713,1.063006834627715,0.2714285714285714
0.95,25,shallow,0.7,3.0,1.0,24,-0.018651083800840466,194,-1.048573046091222,-0.03625591579774978,-0.427560639089285,-0.0941207427170958,0.27319587628865977,2.4007510002597123,0.20618556701030927
0.85,16,base,0.7,2.0,1.0,24,2.2421718387172765e-05,276,-0.8934751800601539,-0.03630037858121038,-0.5332352121734479,-0.0755606017317848,0.3333333333333333,1.846565097361529,0.32608695652173914
0.8,14,base,0.7,2.0,1.5,12,0.0027703769776574855,234,-0.8707737908652016,-0.0363123668472779,-0.5024946939974443,-0.08020950782513803,0.44871794871794873,1.1402407665283163,0.3418803418803419
0.95,25,shallow,0.5,2.0,1.5,12,0.0076219438658689225,191,-1.011797823779041,-0.036371934694139796,-0.6249616968755368,-0.06459728860839364,0.4397905759162304,1.1634193703516353,0.3507853403141361
0.95,25,deep_slow,0.7,2.0,0.5,6,-0.014895904927337712,423,-0.9378096836928774,-0.036405447700990856,-0.554124329018412,-0.07292217419081382,0.2458628841607565,2.828730204993919,0.1607565011820331
0.85,16,shallow,0.7,2.0,0.75,6,-0.00973145051073512,365,-0.8846197073135276,-0.03645615136178737,-0.697584197116008,-0.05800606037694944,0.32054794520547947,1.9676835030044273,0.2
0.9,19,deep_slow,0.7,2.0,1.0,24,-0.011679573210607598,271,-0.9120136000570737,-0.036573278738306736,-0.48793907487994986,-0.08319448901253912,0.33210332103321033,1.8546155008935479,0.3247232472324723
0.95,25,base,0.5,2.5,0.5,24,0.01986995396446551,282,-1.1254715061921128,-0.03657358260523891,-0.8954953731628499,-0.045331533565551196,0.1702127659574468,4.338862219764294,0.16312056737588654
0.95,25,base,0.5,1.0,0.5,6,0.01986995396446551,411,-1.03714333117679,-0.03657500446264561,-0.85084507180269,-0.04771227425309277,0.35036496350364965,1.67370799048192,0.3284671532846715
0.9,19,base,0.7,4.0,2.0,24,-0.01070085499890775,115,-1.244671882529729,-0.03658833451348409,-0.5263784132590269,-0.07715080389831974,0.391304347826087,1.39474286008491,0.1826086956521739
0.95,25,shallow,0.8,3.0,2.5,12,-0.033862516362689936,166,-0.992693509819698,-0.03659005053211084,-0.5143165095832901,-0.07896386298401092,0.5180722891566265,0.8459311562406553,0.1746987951807229
0.95,25,deep_slow,0.8,1.5,1.0,6,-0.031353780956353744,376,-0.7917288637242678,-0.03660567316359853,-0.5338788076815304,-0.07610289330909148,0.425531914893617,1.2651254438503217,0.3404255319148936
0.95,25,base,0.6,1.5,0.5,6,0.009270403581615787,407,-0.9680421288403113,-0.036608704876841425,-0.7420211746406868,-0.05476000043704021,0.2800982800982801,2.357177061295932,0.23587223587223588
0.95,25,base,0.8,2.0,0.75,6,-0.014188546735315654,391,-0.8433197114966025,-0.03662059948283991,-0.6130453043812374,-0.0663022030133148,0.3350383631713555,1.8510951205736474,0.1969309462915601
0.8,14,shallow,0.5,2.0,0.75,12,0.012208613969103086,284,-0.912643370149675,-0.03663372951131583,-0.4300076979919307,-0.09455830005131971,0.28169014084507044,2.3361526113886355,0.23943661971830985
0.9,19,base,0.7,4.0,2.5,24,-0.01070085499890775,102,-1.474355175643527,-0.036641055132610734,-0.5104058787227553,-0.07967954996264959,0.43137254901960786,1.170859893535274,0.18627450980392157
0.8,14,base,0.8,1.5,1.0,12,-0.006188371914272241,337,-0.8088607895074371,-0.036642043673556834,-0.42621370489150606,-0.09542162803672538,0.4065281899109792,1.3621856118978122,0.3857566765578635
0.95,25,shallow,0.5,2.5,0.5,24,0.0076219438658689225,285,-1.1294025810435537,-0.03667288947774283,-0.7608391885994998,-0.0534990450571976,0.16842105263157894,4.393660074482051,0.16140350877192983
0.9,19,shallow,0.4,1.5,0.5,24,0.019014132536386064,311,-1.0783420495224951,-0.03668127902502427,-0.5473974971972978,-0.0743764127075831,0.2508038585209003,2.669133039053796,0.2508038585209003
0.8,14,deep_slow,0.6,2.0,1.5,6,-0.006382668772450415,264,-0.8571729537957702,-0.036683697157582795,-0.7626190953416176,-0.05338987798806838,0.4318181818181818,1.2163661516906992,0.25757575757575757
0.8,14,deep_slow,0.4,3.0,1.5,24,0.025687802785900486,134,-1.1556541157798925,-0.03673692646957749,-0.5535499405389674,-0.07366109760029005,0.3582089552238806,1.6094724192981194,0.27611940298507465
0.85,16,base,0.7,2.0,1.5,24,2.2421718387172765e-05,211,-0.9295948068820855,-0.03678137511746238,-0.6192463581289059,-0.06592582392092705,0.4265402843601896,1.2464711210305166,0.41232227488151657
0.9,19,shallow,0.7,2.5,0.5,24,-0.02069939223100179,356,-0.9732210994230773,-0.03688400584713314,-0.5892118084389207,-0.06947925338821925,0.17696629213483145,4.243014775886213,0.16573033707865167
0.95,25,base,0.8,1.5,0.75,24,-0.014188546735315654,384,-0.8506750614809749,-0.03694669706357134,-0.5530395419481193,-0.07414918343764709,0.3359375,1.8352692064730258,0.3359375
0.9,19,shallow,0.7,4.0,2.5,24,-0.02069939223100179,106,-1.2516018109331493,-0.036967378453102606,-0.47964158632438775,-0.08554374194829406,0.4339622641509434,1.162711805761575,0.20754716981132076
0.95,25,deep_slow,0.4,1.0,0.5,12,0.024552703417721047,353,-1.112990753565822,-0.03697199866408585,-0.6354199110120512,-0.06458005561000868,0.3286118980169972,1.815667791585777,0.3286118980169972
0.95,25,deep_slow,0.4,1.0,0.5,24,0.024552703417721047,353,-1.112990753565822,-0.03697199866408585,-0.6354199110120512,-0.06458005561000868,0.3286118980169972,1.815667791585777,0.3286118980169972
0.8,14,base,0.7,2.0,1.5,6,0.0027703769776574855,287,-0.8254534683344853,-0.0370017614906214,-0.5241643843828453,-0.07835026200688655,0.42857142857142855,1.2393813082136897,0.24041811846689895
0.9,19,deep_slow,0.7,2.5,0.75,24,-0.011679573210607598,281,-0.9414201907341655,-0.037060901180230976,-0.515822198638069,-0.07974437019760716,0.23843416370106763,2.9198368402906865,0.21708185053380782
0.9,19,base,0.4,1.0,0.5,12,0.023221962544119495,347,-1.165269486932972,-0.03708915020512049,-0.7759205044906775,-0.05305337707123492,0.33429394812680113,1.7740957199962095,0.33429394812680113
0.9,19,base,0.4,1.0,0.5,24,0.023221962544119495,347,-1.165269486932972,-0.03708915020512049,-0.7759205044906775,-0.05305337707123492,0.33429394812680113,1.7740957199962095,0.33429394812680113
0.95,25,deep_slow,0.7,2.0,0.5,12,-0.014895904927337712,403,-0.9541842291905206,-0.037091083973628036,-0.4630490656009297,-0.08890493010282585,0.21339950372208435,3.379651195041021,0.1935483870967742
0.95,25,shallow,0.5,1.0,0.75,6,0.0076219438658689225,357,-0.9663644564555274,-0.03712473044735598,-0.586968772180503,-0.07019898027613825,0.43137254901960786,1.1957417443133953,0.42016806722689076
0.8,14,base,0.7,2.0,0.75,6,0.0027703769776574855,373,-0.8706261309870729,-0.03715466900737863,-0.583650882452055,-0.07065485242142966,0.32439678284182305,1.9360254511329649,0.2037533512064343
0.9,19,deep_slow,0.5,2.0,0.75,6,0.009505043314170823,297,-0.9546903231829277,-0.03716109547592672,-0.5034321379246788,-0.08192739659993176,0.3164983164983165,1.9694475796634707,0.19865319865319866
0.8,14,base,0.6,2.5,1.0,12,0.010485141393924495,251,-0.9243192975287631,-0.037168874706400845,-0.45816600370862465,-0.09004050880678494,0.33067729083665337,1.8574999646556432,0.21115537848605578
0.95,25,base,0.8,4.0,1.0,24,-0.014188546735315654,189,-1.146350826091591,-0.03721143618938949,-0.4796567200164408,-0.08610457437250929,0.24338624338624337,2.799618945075181,0.15343915343915343
0.85,16,shallow,0.6,2.0,1.5,24,-0.000379516882682105,193,-0.9742745274699546,-0.037221420895138024,-0.621124034035905,-0.06651118564196645,0.43523316062176165,1.1961277822148575,0.41450777202072536
0.85,16,shallow,0.4,2.5,0.5,24,0.019536983020591658,260,-1.128148921283335,-0.03725056848750152,-0.5965869896214487,-0.06930083622190819,0.17307692307692307,4.2161840861746285,0.16153846153846155
0.9,19,deep_slow,0.4,2.5,0.75,24,0.02395796766272022,206,-1.0750914709028645,-0.03725695287671216,-0.4724984029751388,-0.08751574137874962,0.23786407766990292,2.8613022665987677,0.21844660194174756
0.8,14,shallow,0.4,2.0,1.0,12,0.022918085700536522,223,-1.0047738154447032,-0.03726285538023133,-0.5270722808982253,-0.0784666289885052,0.34080717488789236,1.7555606141350502,0.2825112107623318
0.9,19,shallow,0.7,1.5,1.0,24,-0.02069939223100179,308,-0.8697120245768679,-0.03729612253874892,-0.651528397027685,-0.06353434311410544,0.3961038961038961,1.4080199779134193,0.3961038961038961
0.95,25,base,0.5,2.0,0.75,24,0.01986995396446551,272,-1.0064624578966372,-0.03735643185676074,-0.6152596129420729,-0.0673881731857181,0.27205882352941174,2.425106443501877,0.26838235294117646
0.95,25,shallow,0.7,2.0,1.5,24,-0.018651083800840466,207,-0.9469130868119222,-0.03738487830786452,-0.5913396051354414,-0.07016733751437798,0.42995169082125606,1.227899657417819,0.4106280193236715
0.9,19,shallow,0.5,2.5,1.5,24,0.0046669078333697435,145,-1.233948119099772,-0.03739733162846337,-0.6012925509664402,-0.06902882390999188,0.38620689655172413,1.4285122994244448,0.3310344827586207
0.85,16,shallow,0.4,1.5,0.5,12,0.019536983020591658,323,-1.0510151926995073,-0.03743770325787488,-0.5094448799086481,-0.08156177517764396,0.25077399380804954,2.676145502567156,0.25077399380804954
0.85,16,shallow,0.4,1.5,0.5,24,0.019536983020591658,323,-1.0510151926995073,-0.03743770325787488,-0.5094448799086481,-0.08156177517764396,0.25077399380804954,2.676145502567156,0.25077399380804954
0.8,14,base,0.4,2.0,1.5,24,0.02654735060013038,166,-1.1064465329585338,-0.03746964529016028,-0.6435597240452364,-0.06461964991234137,0.42771084337349397,1.2095971753104007,0.39759036144578314
0.95,25,deep_slow,0.8,2.0,1.5,6,-0.031353780956353744,299,-0.8466094887888096,-0.03748568447939127,-0.6365152627219347,-0.06536271729134258,0.43478260869565216,1.2106950622433272,0.2508361204013378
0.95,25,deep_slow,0.5,3.0,1.0,12,0.01302946283325905,201,-1.0764299831694786,-0.03752180538777172,-0.48639087893273364,-0.08561914313055596,0.31840796019900497,1.916451873961418,0.15422885572139303
0.9,19,shallow,0.6,1.0,0.75,24,-0.00732066809770861,397,-0.9201361953583018,-0.03753203432950025,-0.6042364290545192,-0.06893940281515165,0.4357682619647355,1.1869994861854962,0.4357682619647355
0.9,19,shallow,0.4,1.5,1.0,24,0.019014132536386064,232,-1.0029903659783053,-0.0375396197845852,-0.5315068165030391,-0.07838864522113187,0.39655172413793105,1.3801335885983874,0.39655172413793105
0.8,14,shallow,0.5,1.5,0.75,6,0.012208613969103086,336,-0.9026021256013577,-0.03760052090667865,-0.4367273042997936,-0.0955551553396734,0.3630952380952381,1.609810542684978,0.28869047619047616
0.8,14,base,0.6,2.0,0.5,24,0.010485141393924495,362,-1.0166328920176277,-0.03761940387150087,-0.4730083824922347,-0.08827001625798303,0.20718232044198895,3.4785629518782573,0.20441988950276244
0.95,25,deep_slow,0.7,2.0,1.5,6,-0.014895904927337712,277,-0.8694598594144956,-0.03766654623782828,-0.4876120930645506,-0.08573344774214553,0.4404332129963899,1.1759772566513575,0.2490974729241877
0.85,16,base,0.8,2.5,1.5,12,-0.009391219307694848,214,-0.9664140790990952,-0.0376720888505474,-0.734431571458039,-0.05692947543005655,0.4158878504672897,1.292121259443582,0.2336448598130841
0.9,19,shallow,0.7,3.0,1.5,12,-0.02069939223100179,193,-1.0258007468020998,-0.037672508056901144,-0.6496277527732126,-0.06436188752186534,0.40932642487046633,1.314215095397752,0.18134715025906736
0.9,19,shallow,0.5,2.0,0.5,12,0.0046669078333697435,319,-1.0913141884522701,-0.03770613075367146,-0.5297965252792031,-0.07898976673078184,0.21003134796238246,3.3799556433063547,0.18808777429467086
0.9,19,deep_slow,0.4,2.0,0.5,12,0.02395796766272022,285,-1.1380375534331426,-0.03771315142373788,-0.5166222312564988,-0.08101912086866825,0.20701754385964913,3.399132479129986,0.1824561403508772
0.95,25,shallow,0.5,1.0,0.5,12,0.0076219438658689225,405,-1.0877683380951069,-0.0377233353403682,-0.8299224297586605,-0.05044755470869122,0.3358024691358025,1.779071426977571,0.3358024691358025
0.95,25,shallow,0.5,1.0,0.5,24,0.0076219438658689225,405,-1.0877683380951069,-0.0377233353403682,-0.8299224297586605,-0.05044755470869122,0.3358024691358025,1.779071426977571,0.3358024691358025
0.9,19,shallow,0.5,2.0,1.5,24,0.0046669078333697435,164,-1.1097465761664422,-0.0377296371823298,-0.6331683049176644,-0.06613492151155054,0.43902439024390244,1.1548914452829133,0.40853658536585363
0.95,25,shallow,0.8,2.5,0.75,12,-0.033862516362689936,319,-0.8999395807569939,-0.037731787939585426,-0.5572708854093655,-0.07514643075582494,0.26959247648902823,2.4913506034781627,0.1755485893416928
0.8,14,deep_slow,0.6,3.0,2.5,12,-0.006382668772450415,149,-1.221263671905022,-0.03774417012887987,-0.6900868920328963,-0.06070341447441463,0.5033557046979866,0.8836225413561147,0.174496644295302
0.9,19,deep_slow,0.6,1.5,1.0,24,-0.000270114899313196,299,-0.8811592103459068,-0.03776016788103087,-0.5071761873410066,-0.08263074710898277,0.39464882943143814,1.412592309862665,0.39464882943143814
0.95,25,deep_slow,0.5,2.5,1.0,24,0.01302946283325905,195,-1.1203978825103311,-0.03778767976052522,-0.43236946540186316,-0.09699763390652827,0.29743589743589743,2.115479633187136,0.26666666666666666
0.9,19,deep_slow,0.7,2.0,1.0,12,-0.011679573210607598,286,-0.9206404184502819,-0.03780425458886305,-0.525210770209003,-0.07988634873776312,0.34965034965034963,1.7251367692866242,0.2902097902097902
0.85,16,shallow,0.7,2.0,1.5,6,-0.00973145051073512,282,-0.8434486537275259,-0.0378044193597068,-0.5568839444981063,-0.07534308294926506,0.44680851063829785,1.147006507251411,0.24113475177304963
0.9,19,shallow,0.7,3.0,1.5,24,-0.02069939223100179,151,-1.0808721255083131,-0.037813968487226735,-0.6857070112549909,-0.06120387805084104,0.3576158940397351,1.6248624679982433,0.2582781456953642
0.85,16,base,0.7,3.0,1.0,24,2.2421718387172765e-05,207,-1.1105599992038453,-0.03783289430741632,-0.5405712897235799,-0.07767502315034391,0.28019323671497587,2.3186283136116637,0.19806763285024154
0.95,25,shallow,0.6,1.0,0.75,12,-0.005076506216777017,389,-0.9378563387682247,-0.03783772832702759,-0.5334204788170157,-0.07872633780432681,0.4370179948586118,1.1779630323599968,0.43444730077120824
0.95,25,base,0.5,1.0,0.75,24,0.01986995396446551,352,-0.9678491888275839,-0.03786435365618779,-0.6007466800326785,-0.069952490752066,0.4289772727272727,1.2072558463704222,0.4289772727272727
0.9,19,deep_slow,0.4,2.5,1.0,24,0.02395796766272022,175,-1.1898528414504201,-0.037874126311639,-0.5085594758071876,-0.08265414591335196,0.29714285714285715,2.1099697135989715,0.2571428571428571
0.8,14,deep_slow,0.6,2.0,0.5,24,-0.006382668772450415,367,-1.0158606409176991,-0.037902673523200536,-0.42533538180198593,-0.09890116108257951,0.20708446866485014,3.481270781761668,0.20708446866485014
0.85,16,base,0.5,2.5,1.0,6,0.01654176117862261,263,-0.9619493653338299,-0.03794029079070427,-0.6117832414432282,-0.06882800724847549,0.3574144486692015,1.6414164479748932,0.1520912547528517
0.85,16,shallow,0.8,2.0,0.5,6,-0.01892708337290167,470,-0.915619208748719,-0.037945364682147376,-0.5818037175593873,-0.07238427504149458,0.2425531914893617,2.8957280400727266,0.16382978723404254
0.85,16,shallow,0.7,2.0,0.75,24,-0.00973145051073512,320,-0.9450924419740364,-0.037988044889066375,-0.6862213456605715,-0.06143892989768074,0.271875,2.459404165205755,0.265625
0.8,14,deep_slow,0.7,2.5,0.75,24,-0.02092844120651946,272,-0.9472320347320033,-0.038004720391796365,-0.4759457051174824,-0.08862181418647963,0.23897058823529413,2.9006911182615887,0.21323529411764705
0.85,16,base,0.6,3.0,1.5,12,0.00727389547987417,185,-1.1154764150745564,-0.03800884905555346,-0.6878267128878774,-0.061329028354701665,0.43243243243243246,1.187207559833478,0.15675675675675677
0.85,16,base,0.5,2.5,1.5,24,0.01654176117862261,162,-1.082590090507214,-0.038098914410194196,-0.686887899413951,-0.06155805483432164,0.3765432098765432,1.5059953084902693,0.3333333333333333
0.85,16,base,0.8,1.5,1.0,24,-0.009391219307694848,333,-0.8499254331008866,-0.03810411453850304,-0.6523057047963465,-0.0648304028194312,0.3933933933933934,1.4310403795714164,0.3933933933933934
0.95,25,base,0.7,1.0,0.5,6,-0.0012058456499734916,510,-0.9740667154528415,-0.03814504929190299,-0.7149639850202679,-0.05921217508382626,0.35294117647058826,1.6832044917821598,0.32941176470588235
0.8,14,shallow,0.5,4.0,1.0,24,0.012208613969103086,166,-1.2281982053017715,-0.03814865788184829,-0.522760563954076,-0.08099036483094146,0.23493975903614459,2.8837694277934647,0.1566265060240964
0.9,19,base,0.8,1.5,1.0,12,-0.02406222399551668,341,-0.8540343511150198,-0.038155368924422284,-0.5238590640324317,-0.08083471962472666,0.4046920821114369,1.368772987506513,0.3782991202346041
0.8,14,base,0.6,3.0,1.5,24,0.010485141393924495,153,-1.1324028836273603,-0.03815950016516323,-0.6547094099185826,-0.06468606504160812,0.35947712418300654,1.6118401735946497,0.2549019607843137
0.8,14,shallow,0.4,1.5,0.5,24,0.022918085700536522,323,-1.0906749457992468,-0.0381759043599057,-0.45245886810275676,-0.0936410894739258,0.25696594427244585,2.5848813724552784,0.25696594427244585
0.85,16,base,0.7,2.5,1.0,12,2.2421718387172765e-05,264,-0.9782760671185204,-0.03820520701080432,-0.6001839270270586,-0.07064699483530246,0.32954545454545453,1.859545827855265,0.20075757575757575
0.8,14,base,0.8,3.0,1.0,24,-0.006188371914272241,209,-1.0207749842832403,-0.03823961848031909,-0.4464145516526469,-0.09506701201104995,0.27751196172248804,2.355858826039403,0.20574162679425836
0.85,16,shallow,0.4,4.0,2.0,24,0.019536983020591658,101,-1.3431471692041443,-0.038256373178689684,-0.5770730639540153,-0.0735744813698882,0.38613861386138615,1.39573691266515,0.21782178217821782
0.85,16,deep_slow,0.4,1.5,1.0,12,0.02136119538677576,241,-0.9948398964451524,-0.03828490077284996,-0.6010445521948449,-0.07069266678261443,0.3900414937759336,1.4178966801362103,0.37344398340248963
0.9,19,shallow,0.5,4.0,2.0,24,0.0046669078333697435,102,-1.471066864924725,-0.038286000826948,-0.4825738163977342,-0.08805007437333867,0.38235294117647056,1.4215350491921845,0.18627450980392157
0.95,25,shallow,0.5,1.5,1.0,6,0.0076219438658689225,286,-0.9679597690967222,-0.03839502541776718,-0.6372379299323798,-0.06686888675905256,0.4125874125874126,1.3018028570802525,0.3356643356643357
0.85,16,base,0.5,2.5,1.0,24,0.01654176117862261,205,-1.1026449328896084,-0.03839773937440316,-0.573325069008312,-0.07432850683336889,0.2926829268292683,2.1686523589864644,0.24878048780487805
0.8,14,base,0.6,2.5,2.0,12,0.010485141393924495,175,-1.0002053330336975,-0.0383996059957159,-0.545090264398731,-0.07818239678664751,0.45714285714285713,1.0801304571157193,0.26285714285714284
0.85,16,base,0.5,1.5,1.0,24,0.01654176117862261,272,-0.9255760732933503,-0.03842140945373418,-0.7116847173859666,-0.05991502499640966,0.39338235294117646,1.4057822088175314,0.39338235294117646
0.85,16,shallow,0.4,1.5,0.5,6,0.019536983020591658,334,-1.0726104100715783,-0.03842754614150601,-0.5729036079708273,-0.07444080043334445,0.2634730538922156,2.4976868166011243,0.2275449101796407
0.85,16,shallow,0.8,2.0,1.5,6,-0.01892708337290167,298,-0.8610441219838696,-0.03842878126372784,-0.5508247082464603,-0.07742712015852704,0.4429530201342282,1.1682851788045412,0.23825503355704697
0.9,19,shallow,0.8,2.0,1.5,6,-0.03623754955899112,298,-0.8526673436034455,-0.03844182831875276,-0.599025504522977,-0.07122103867996343,0.44966442953020136,1.1378995719610867,0.23825503355704697
0.9,19,deep_slow,0.6,3.0,2.0,12,-0.000270114899313196,165,-1.0290542748357858,-0.03850039541148975,-0.61869694890497,-0.0690613929013616,0.46060606060606063,1.0565662355998335,0.17575757575757575
0.9,19,base,0.7,4.0,1.5,24,-0.01070085499890775,136,-1.3073957403098626,-0.038607233832244736,-0.6071139112316586,-0.07057387252823688,0.3235294117647059,1.870958960157784,0.16911764705882354
0.9,19,shallow,0.6,1.0,0.75,6,-0.00732066809770861,407,-0.9343893867593872,-0.03861543538679757,-0.6529678993332154,-0.06563180470696761,0.4398034398034398,1.1639588789508801,0.4103194103194103
0.85,16,shallow,0.5,3.0,1.5,24,0.009243240555932723,139,-1.2128023406461228,-0.038617398846588435,-0.6671437213111833,-0.0642404844506107,0.3669064748201439,1.5434899844914907,0.26618705035971224
0.95,25,shallow,0.6,2.5,1.0,24,-0.005076506216777017,207,-1.1867695423713336,-0.03862042754330142,-0.5158014667877961,-0.08309590490452268,0.2898550724637681,2.2015939192092095,0.26570048309178745
0.9,19,base,0.8,3.0,2.0,24,-0.02406222399551668,135,-1.1286686492078255,-0.03862554617643621,-0.49169186644866214,-0.08718195396806949,0.4,1.3605848611697744,0.31851851851851853
0.8,14,deep_slow,0.6,2.0,1.0,24,-0.006382668772450415,257,-0.9733253267174875,-0.03862876842901064,-0.6004533095258467,-0.07139643514861937,0.33852140077821014,1.7847326492852056,0.32684824902723736
0.9,19,base,0.5,2.5,2.0,12,0.011181462595549165,163,-1.0747246931688323,-0.0386703581511586,-0.6492636560123954,-0.06609992554042232,0.4539877300613497,1.0846844220863394,0.27607361963190186
0.95,25,base,0.8,2.0,0.5,24,-0.014188546735315654,429,-0.9731978852552853,-0.03879139604346482,-0.5541755397060723,-0.07768352055527272,0.20745920745920746,3.513157913899641,0.20745920745920746
0.8,14,shallow,0.6,2.0,0.75,12,0.0018531278602289152,304,-0.957742967318347,-0.03879361726710617,-0.4863723968913929,-0.08851811244137053,0.28289473684210525,2.312276111102406,0.24013157894736842
0.8,14,base,0.6,2.0,0.5,6,0.010485141393924495,391,-1.0360614208180925,-0.03884289071569935,-0.5472898937699177,-0.07876507112243902,0.23785166240409208,2.9236127589633925,0.1636828644501279
0.85,16,shallow,0.6,2.5,0.75,12,-0.000379516882682105,285,-1.0020962964333573,-0.03886093825901793,-0.6368162119264724,-0.06772332536899206,0.2631578947368421,2.5377314976474294,0.18596491228070175
0.85,16,base,0.7,3.0,2.0,24,2.2421718387172765e-05,140,-1.01520461855478,-0.03886425907780755,-0.49313787506871576,-0.08746233224367161,0.40714285714285714,1.3242352071900774,0.32142857142857145
0.85,16,base,0.5,3.0,0.75,24,0.01654176117862261,213,-1.178283337781186,-0.03887156387214952,-0.6540139599494973,-0.06596048391061715,0.215962441314554,3.2384402847843807,0.1784037558685446
0.8,14,base,0.8,4.0,2.0,24,-0.006188371914272241,125,-1.1737099916986118,-0.038872443915853205,-0.4434652620341227,-0.097279438660278,0.376,1.4984293403865672,0.184
0.9,19,base,0.5,3.0,0.75,24,0.011181462595549165,207,-1.1396089116382753,-0.038883195462551035,-0.5795907041059929,-0.07445246558085239,0.21256038647342995,3.2685946649028166,0.18357487922705315
0.8,14,shallow,0.4,3.0,2.5,12,0.022918085700536522,135,-1.255622070587132,-0.038888265103060315,-0.5317693060942177,-0.08115844608523248,0.48148148148148145,0.9550471207867388,0.2074074074074074
0.8,14,base,0.4,2.5,2.0,24,0.02654735060013038,123,-1.2282021495206756,-0.03892066023679819,-0.555816126136696,-0.07771174595631203,0.43902439024390244,1.1359046867720115,0.36585365853658536
0.95,25,shallow,0.7,3.0,1.5,12,-0.018651083800840466,195,-1.0994014466506365,-0.03892683944947972,-0.7229373888638052,-0.059756604744001685,0.4,1.3653038793137344,0.17435897435897435
0.85,16,deep_slow,0.5,2.5,1.0,12,0.006164899354047,230,-1.1048027135833713,-0.038930416274693846,-0.5132229045438127,-0.08418222182823554,0.3347826086956522,1.8034297505128716,0.2217391304347826
0.85,16,deep_slow,0.8,2.0,0.75,12,-0.03812047939787101,357,-0.9083365283488591,-0.03893380720327266,-0.5805125486961067,-0.07443077543732513,0.29411764705882354,2.21658000091149,0.24929971988795518
0.95,25,deep_slow,0.7,1.5,1.0,6,-0.014895904927337712,354,-0.8491775304044089,-0.03894008447006225,-0.501511726857881,-0.0861693707415484,0.4152542372881356,1.3081234475624002,0.3389830508474576
0.9,19,deep_slow,0.6,4.0,2.0,24,-0.000270114899313196,117,-1.326318801787172,-0.03904949914473321,-0.6697194386784155,-0.06470784732040125,0.39316239316239315,1.3759895650485328,0.20512820512820512
0.85,16,deep_slow,0.6,3.0,1.5,12,-0.005917748686304392,192,-1.081408003491396,-0.03905801715805557,-0.7643050013828251,-0.056712352939210176,0.40625,1.3271082283191127,0.171875
0.95,25,deep_slow,0.8,1.5,1.0,12,-0.031353780956353744,332,-0.8988027228273253,-0.03907992501391122,-0.5495075083394484,-0.07892484155423973,0.4066265060240964,1.3525860916395784,0.3795180722891566
0.8,14,shallow,0.6,3.0,2.0,12,0.0018531278602289152,170,-1.0388086051981569,-0.03908429751404385,-0.6848678260291045,-0.06333285480186512,0.4764705882352941,0.9963428518952889,0.18235294117647058
0.8,14,deep_slow,0.4,2.5,2.0,12,0.025687802785900486,150,-1.1320153903226309,-0.03909254371699522,-0.38542321709585214,-0.11256137009818978,0.44666666666666666,1.1124190069499194,0.3
0.9,19,shallow,0.4,1.5,0.5,12,0.019014132536386064,311,-1.1532068724511928,-0.03911418420980073,-0.5836222224198366,-0.0743764127075831,0.2508038585209003,2.648038440577096,0.24758842443729903
0.9,19,base,0.5,2.5,0.75,24,0.011181462595549165,234,-1.0841698583168229,-0.039120749077824146,-0.6190837864362791,-0.07012782002859519,0.23931623931623933,2.8335728180747024,0.21794871794871795
0.95,25,shallow,0.6,1.0,0.75,24,-0.005076506216777017,388,-0.9724555725960455,-0.03916114799843473,-0.5554951583040184,-0.07823601713909711,0.43556701030927836,1.1814125441846108,0.43556701030927836
0.95,25,base,0.7,2.0,1.5,6,-0.0012058456499734916,279,-0.884071139901774,-0.03917099489848963,-0.5725044693122088,-0.07593064188248821,0.45878136200716846,1.0910124904086678,0.24372759856630824
0.85,16,deep_slow,0.6,2.5,1.0,12,-0.005917748686304392,254,-1.0079542091065772,-0.039183929622223834,-0.5843999659767031,-0.0744095764736461,0.33070866141732286,1.8547106669521711,0.21653543307086615
0.9,19,base,0.6,2.0,1.5,24,0.0010325266825469196,195,-1.0224263790786285,-0.0392232500184263,-0.7271709494369388,-0.05986005330484778,0.4256410256410256,1.2387358770924295,0.40512820512820513
0.95,25,deep_slow,0.6,2.0,1.5,24,-9.84969022274224e-05,191,-1.0332320259092511,-0.03923807045267447,-0.7001373588382895,-0.062194798266993256,0.4293193717277487,1.21464322240535,0.4031413612565445
0.9,19,shallow,0.4,2.5,0.5,24,0.019014132536386064,261,-1.2311706231754513,-0.03924739692209367,-0.7615500090816835,-0.05719286722642036,0.1685823754789272,4.319101546028113,0.15708812260536398
0.95,25,base,0.6,1.0,0.75,12,0.009270403581615787,384,-0.9767400984642546,-0.03925722064429149,-0.6792313844987801,-0.06414030164989803,0.4322916666666667,1.1970670556052652,0.4296875
0.85,16,deep_slow,0.8,2.0,0.5,6,-0.03812047939787101,466,-0.974597220897358,-0.03926905399081526,-0.7348530120016249,-0.0593032996534445,0.24678111587982832,2.819183766262208,0.1630901287553648
0.8,14,shallow,0.7,3.0,2.0,12,-0.009456977029506219,177,-1.05065001484496,-0.03937221558246695,-0.6164502805726512,-0.07087908744108651,0.4689265536723164,1.0298039208860799,0.1807909604519774
0.85,16,shallow,0.6,2.0,0.75,12,-0.000379516882682105,303,-1.0012529118874638,-0.03937542803006,-0.6109074727053602,-0.07152800093414646,0.28052805280528054,2.331896880254498,0.24092409240924093
0.9,19,deep_slow,0.4,2.0,1.0,24,0.02395796766272022,202,-1.1227544087561414,-0.039383731154747026,-0.5220717598145206,-0.08371681281642762,0.32673267326732675,1.8499289426762957,0.3217821782178218
0.95,25,deep_slow,0.4,3.0,1.0,24,0.024552703417721047,153,-1.2397001217571944,-0.03939749317466601,-0.5393530033117271,-0.08106272015296512,0.2679738562091503,2.368967563621455,0.20915032679738563
0.8,14,base,0.5,3.0,0.75,24,0.01796004567886604,215,-1.2037839139882933,-0.03940002153259081,-0.4902597361819341,-0.08918582911403117,0.22325581395348837,3.0835298488290928,0.17674418604651163
0.9,19,base,0.6,3.0,2.0,12,0.0010325266825469196,165,-1.0622521048324696,-0.039546967387418364,-0.6958699107698492,-0.06306771173979664,0.4484848484848485,1.1079269703942722,0.17575757575757575
0.85,16,base,0.6,2.0,0.5,12,0.00727389547987417,379,-1.0011026554688554,-0.03960337759036958,-0.5264191380883037,-0.08348742991130598,0.20580474934036938,3.4974796515226467,0.18733509234828497
0.85,16,shallow,0.4,1.5,0.75,24,0.019536983020591658,275,-1.019583182410432,-0.03961002163080918,-0.45229988018557904,-0.09718494110495923,0.33454545454545453,1.7935828733079986,0.33454545454545453
0.8,14,shallow,0.4,1.5,0.5,6,0.022918085700536522,333,-1.1231253460465593,-0.039616513683755294,-0.46253675469937333,-0.09504958212819647,0.2702702702702703,2.4033426620266036,0.23423423423423423
0.9,19,shallow,0.5,4.0,1.0,24,0.0046669078333697435,165,-1.2753695439952881,-0.03962771933107956,-0.5709315991629196,-0.0770255705884344,0.24242424242424243,2.774501917707037,0.16363636363636364
0.9,19,deep_slow,0.4,2.5,0.75,12,0.02395796766272022,216,-1.1214388516872025,-0.039628966776542596,-0.46347627386360213,-0.09488665514998973,0.25925925925925924,2.5361039634143587,0.19907407407407407
0.9,19,deep_slow,0.4,2.0,0.5,24,0.02395796766272022,275,-1.221669217296513,-0.03963557024472997,-0.6189495824568206,-0.0710639864599455,0.2,3.513498357397262,0.19636363636363635
0.85,16,base,0.5,3.0,2.0,24,0.01654176117862261,128,-1.1471143589982342,-0.03967431856927961,-0.6102632382734495,-0.07214579566249402,0.4296875,1.1901658698746345,0.3046875
0.85,16,base,0.4,3.0,1.5,24,0.024913286708163326,139,-1.2307681871996121,-0.03971952854680261,-0.7133262154260047,-0.06179218171622736,0.3597122302158273,1.5859355225058194,0.2589928057553957
0.8,14,base,0.6,3.0,2.0,24,0.010485141393924495,131,-1.094519720937392,-0.03974318886751371,-0.58228507630796,-0.07574327660490432,0.4198473282442748,1.2391095737757791,0.2900763358778626
0.9,19,shallow,0.8,2.0,0.75,24,-0.03623754955899112,341,-0.9485711889716147,-0.03974591926878235,-0.5708039942645958,-0.07727206380698548,0.2756598240469208,2.4186318797280375,0.2697947214076246
0.95,25,shallow,0.6,2.0,1.5,24,-0.005076506216777017,192,-1.0865707118200665,-0.039750531819000345,-0.6744039975424494,-0.06540932406447653,0.4270833333333333,1.2268352896204389,0.4114583333333333
0.9,19,shallow,0.8,2.0,0.75,6,-0.03623754955899112,389,-0.9517684267323894,-0.03975531210444405,-0.7541880741538941,-0.058496817715078864,0.3341902313624679,1.844720939208137,0.18766066838046272
0.9,19,base,0.5,3.0,2.0,12,0.011181462595549165,153,-1.148141937661719,-0.039761886071550734,-0.732086742322333,-0.06027274959841877,0.4444444444444444,1.1154396851318285,0.1830065359477124
0.8,14,shallow,0.4,2.5,1.5,24,0.022918085700536522,144,-1.2856345446101856,-0.03977490748152357,-0.7334276271232056,-0.06018221346570296,0.3819444444444444,1.440819371805996,0.3333333333333333
0.95,25,shallow,0.7,1.5,0.75,12,-0.018651083800840466,360,-0.9360123490691992,-0.03978152539362301,-0.47352929564640484,-0.0932289209330961,0.3416666666666667,1.7771475624884525,0.33055555555555555
0.85,16,shallow,0.7,2.0,1.5,24,-0.00973145051073512,199,-1.001479610849269,-0.039783434191760225,-0.5899874685490005,-0.0748299599676856,0.4321608040201005,1.2048737206126625,0.40703517587939697
0.8,14,shallow,0.8,3.0,2.5,24,-0.02179247154392962,126,-0.9796820086576647,-0.0397931410241158,-0.4475928172050096,-0.09865995206353706,0.4444444444444444,1.12482167392759,0.31746031746031744
0.8,14,base,0.5,2.5,0.75,24,0.01796004567886604,231,-1.1185832225535075,-0.039818433789758134,-0.4471888203999094,-0.09881170442540144,0.24675324675324675,2.7183063359593542,0.21645021645021645
0.85,16,deep_slow,0.5,3.0,1.0,12,0.006164899354047,216,-1.1572853547477608,-0.03982679816469359,-0.5689823419604593,-0.07767684010219023,0.32407407407407407,1.8762966079129073,0.16203703703703703
0.95,25,base,0.8,2.0,0.75,12,-0.014188546735315654,350,-0.9461123021247249,-0.03982875501085925,-0.6191725291123034,-0.07138384682043686,0.2914285714285714,2.237250703889939,0.25142857142857145
0.85,16,deep_slow,0.4,2.5,0.75,12,0.02136119538677576,227,-1.1331915575555593,-0.03989970080778338,-0.4936008118885845,-0.08970298501547858,0.2599118942731278,2.531036122138737,0.19383259911894274
0.95,25,base,0.5,1.5,0.5,6,0.01986995396446551,360,-1.1160098160484508,-0.039900666104963345,-0.7104015307136228,-0.06232888453141516,0.2777777777777778,2.3356632188065234,0.23055555555555557
0.85,16,base,0.4,2.0,1.5,12,0.024913286708163326,172,-1.1543913855337822,-0.039932905536841035,-0.7703648661627784,-0.057523689525588395,0.436046511627907,1.1568193934927935,0.3313953488372093
0.9,19,deep_slow,0.5,4.0,1.0,24,0.009505043314170823,166,-1.2714771910043123,-0.03993875505880984,-0.48461794847826045,-0.09145494074111793,0.24096385542168675,2.773486173272518,0.1566265060240964
0.9,19,base,0.6,2.5,0.75,12,0.0010325266825469196,275,-1.0342559255386965,-0.040026496462883476,-0.48697611668921786,-0.09121155595133135,0.27636363636363637,2.3777532892763125,0.1890909090909091
0.85,16,deep_slow,0.8,4.0,2.0,24,-0.03812047939787101,120,-1.3006539378782367,-0.04004345594140668,-0.46077600373252414,-0.0964386722690368,0.375,1.4930066030163514,0.18333333333333332
0.85,16,shallow,0.6,1.0,0.75,6,-0.000379516882682105,413,-0.9753733465227343,-0.04014267584504583,-0.761913900940216,-0.05846654930577189,0.4261501210653753,1.22903157113889,0.4019370460048426
0.9,19,shallow,0.7,1.5,0.75,24,-0.02069939223100179,359,-0.9325775262742326,-0.0401684328048858,-0.507844253194864,-0.08777295954517605,0.3342618384401114,1.8285627595211444,0.3342618384401114
0.9,19,base,0.4,2.5,2.0,6,0.023221962544119495,177,-1.1482712087776412,-0.04020876405151863,-0.6469153760012416,-0.06897292399171251,0.4632768361581921,1.01937178672013,0.15819209039548024
0.95,25,shallow,0.6,2.0,1.0,24,-0.005076506216777017,245,-1.0651063926902646,-0.04021676027100407,-0.5120258153154531,-0.08716064026324943,0.3346938775510204,1.7995047713617853,0.32653061224489793
0.95,25,shallow,0.5,1.5,1.0,24,0.0076219438658689225,265,-1.0382522617869911,-0.04026092135681236,-0.5501219874023999,-0.08121360485527951,0.39622641509433965,1.376363197017313,0.39622641509433965
0.95,25,base,0.8,1.5,0.75,12,-0.014188546735315654,388,-0.9249794375833236,-0.040261565519940645,-0.583759019545281,-0.07653518211797405,0.3402061855670103,1.789089493010101,0.327319587628866
0.85,16,base,0.8,1.5,1.0,12,-0.009391219307694848,340,-0.8960219464469897,-0.040276026609459725,-0.702543363962804,-0.06361758623678193,0.4,1.3905887998777107,0.3764705882352941
0.85,16,shallow,0.5,2.0,1.0,6,0.009243240555932723,279,-1.0041830876048392,-0.04028592010761489,-0.5187390776440226,-0.0861802556376644,0.36917562724014336,1.5557297412499587,0.21505376344086022
0.85,16,base,0.4,3.0,2.5,12,0.024913286708163326,134,-1.2940065277676083,-0.04029351504830336,-0.635317792284783,-0.07037969872283534,0.48507462686567165,0.932429761490357,0.208955223880597
0.9,19,deep_slow,0.6,3.0,2.0,24,-0.000270114899313196,128,-1.2602890011016628,-0.040324634481165744,-0.6665539943203838,-0.06713323750824063,0.4296875,1.1823630006780692,0.3046875
0.8,14,base,0.8,1.5,1.0,24,-0.006188371914272241,333,-0.8953848543990819,-0.04032599443906326,-0.46314165224639636,-0.09662148291561978,0.3993993993993994,1.3900480746881967,0.3993993993993994
0.8,14,shallow,0.4,2.5,0.5,12,0.022918085700536522,278,-1.2636646910822356,-0.040334799805923804,-0.553187672574778,-0.08091138684143306,0.1906474820143885,3.7315963849080105,0.1510791366906475
0.95,25,deep_slow,0.8,2.5,1.5,12,-0.031353780956353744,216,-1.1190046825395725,-0.04034883296313785,-0.776028683922115,-0.05769724619984251,0.4212962962962963,1.2579182639108104,0.24074074074074073
0.95,25,deep_slow,0.7,2.5,0.5,24,-0.014895904927337712,346,-1.1503474157891804,-0.040405546212914145,-0.6616970532798306,-0.06776138024995826,0.17341040462427745,4.292763646360886,0.16473988439306358
0.8,14,shallow,0.4,2.0,0.5,6,0.022918085700536522,307,-1.1707532062130406,-0.04043665460772716,-0.48969886146455266,-0.09163171347843757,0.23778501628664495,2.833186843513739,0.16612377850162866
0.95,25,deep_slow,0.8,2.0,1.0,6,-0.031353780956353744,349,-0.9342065296794795,-0.04045241732424376,-0.6713244709276677,-0.06686691544204126,0.38108882521489973,1.506572228778221,0.22636103151862463
0.8,14,deep_slow,0.5,2.5,0.75,12,0.010632801658885678,252,-1.1134381791905714,-0.04048914157275574,-0.5401161024937681,-0.08318591804730413,0.25793650793650796,2.572922769936956,0.19444444444444445
0.85,16,base,0.8,4.0,2.0,24,-0.009391219307694848,125,-1.2704647900619872,-0.04049074993017343,-0.4594853276883997,-0.09778731056215983,0.384,1.44202301256844,0.192
0.85,16,deep_slow,0.8,2.5,2.0,12,-0.03812047939787101,192,-1.0439863433830525,-0.040636703515170014,-0.6861900265991532,-0.06571564044256584,0.4583333333333333,1.077375134021549,0.2552083333333333
0.9,19,base,0.8,2.5,0.5,24,-0.02406222399551668,371,-1.0930800943659227,-0.04068906587335375,-0.8306399673252081,-0.0543573480751508,0.1752021563342318,4.273699978476828,0.16172506738544473
0.8,14,shallow,0.4,1.5,0.5,12,0.022918085700536522,323,-1.166805568652506,-0.04070479444408592,-0.4823608806046844,-0.0936410894739258,0.25696594427244585,2.564652793523935,0.25386996904024767
0.9,19,deep_slow,0.5,2.0,1.5,6,0.009505043314170823,237,-1.004526329589937,-0.04070739712707294,-0.5196262145677639,-0.08693110249102864,0.43037974683544306,1.2000967338075157,0.25316455696202533
0.9,19,deep_slow,0.4,2.0,0.5,6,0.02395796766272022,301,-1.218261586734688,-0.04073325238160119,-0.6788498091999612,-0.0665836573457731,0.2292358803986711,2.961514972505034,0.15614617940199335
0.95,25,shallow,0.5,1.0,0.5,6,0.0076219438658689225,406,-1.17904376464364,-0.040819539299060015,-0.8464169112311485,-0.05351479492361089,0.3374384236453202,1.7502236771976643,0.33004926108374383
0.9,19,base,0.6,3.0,0.75,24,0.0010325266825469196,216,-1.185787074360881,-0.04088205059478023,-0.5751297168751596,-0.07887791034952985,0.2175925925925926,3.176490044044346,0.1712962962962963
0.95,25,shallow,0.8,2.0,0.75,12,-0.033862516362689936,345,-0.9497195848877439,-0.04091066244466768,-0.5538522028100665,-0.08196537714498864,0.28695652173913044,2.280123390559963,0.24057971014492754
0.95,25,shallow,0.6,2.0,1.5,12,-0.005076506216777017,204,-1.129218906387935,-0.0409316588335813,-0.6389875150464477,-0.07108112032569935,0.4362745098039216,1.1720172567248663,0.3480392156862745
0.8,14,deep_slow,0.6,4.0,2.0,24,-0.006382668772450415,111,-1.4107699643120146,-0.04093937000557857,-0.5581918257332465,-0.0813850774585918,0.38738738738738737,1.3903697912151547,0.1891891891891892
0.85,16,base,0.4,2.5,2.0,6,0.024913286708163326,187,-1.127811968279947,-0.040967039513928216,-0.78526485429479,-0.0578901701146014,0.45454545454545453,1.0556126460903306,0.15508021390374332
0.8,14,base,0.4,4.0,2.0,24,0.02654735060013038,99,-1.512122006183232,-0.04097130100736479,-0.5995658443828259,-0.07582792453253806,0.37373737373737376,1.44738165097527,0.20202020202020202
0.9,19,shallow,0.7,4.0,1.5,24,-0.02069939223100179,141,-1.3097777881600854,-0.041031323366247374,-0.6297239267898591,-0.07230196908527753,0.3120567375886525,1.9743074328902643,0.19148936170212766
0.95,25,deep_slow,0.4,4.0,2.0,24,0.024552703417721047,98,-1.6175503880522746,-0.04106438124526979,-0.6376367836714588,-0.07146211883060793,0.3877551020408163,1.36373921032653,0.1836734693877551
0.8,14,shallow,0.6,4.0,1.0,24,0.0018531278602289152,177,-1.316086739906679,-0.041138730048904226,-0.516140870787882,-0.0884432589069335,0.23728813559322035,2.846271001277578,0.15819209039548024
0.95,25,shallow,0.5,1.0,0.75,12,0.0076219438658689225,354,-1.0726674990268827,-0.04114924223540217,-0.6242658371396146,-0.07314322683717234,0.4293785310734463,1.1951199491145648,0.4293785310734463
0.95,25,shallow,0.5,1.0,0.75,24,0.0076219438658689225,354,-1.0726674990268827,-0.04114924223540217,-0.6242658371396146,-0.07314322683717234,0.4293785310734463,1.1951199491145648,0.4293785310734463
0.8,14,deep_slow,0.4,2.5,0.75,12,0.025687802785900486,235,-1.1344848426907856,-0.04116925316554654,-0.5329807584089412,-0.08571223109645598,0.2553191489361702,2.59918374729369,0.19148936170212766
0.9,19,deep_slow,0.8,1.5,1.0,6,-0.024449058955838984,379,-0.8917340503449674,-0.04118870728648438,-0.5447292818977075,-0.08390315559540418,0.42744063324538256,1.2445888108918963,0.3324538258575198
0.8,14,shallow,0.8,3.0,2.5,12,-0.02179247154392962,166,-1.1414966985135828,-0.04120228049424135,-0.6849215907148297,-0.06675148201334846,0.5060240963855421,0.8832965612703584,0.18674698795180722
0.95,25,base,0.6,1.5,0.75,12,0.009270403581615787,324,-1.0433452057031611,-0.041226048242479996,-0.6745059616486998,-0.06782125688136187,0.3333333333333333,1.8135753224518114,0.32407407407407407
0.85,16,shallow,0.5,2.0,1.5,24,0.009243240555932723,178,-1.1266761363316282,-0.04127883494773443,-0.5833050953336926,-0.07852541830142745,0.43258426966292135,1.1883203889683605,0.4157303370786517
0.9,19,shallow,0.6,2.0,1.0,6,-0.00732066809770861,299,-0.986727035650563,-0.04128253639241419,-0.6519661546518905,-0.07026188973390779,0.3779264214046823,1.4910885109022463,0.22073578595317725
0.8,14,base,0.5,2.5,0.75,12,0.01796004567886604,256,-1.1074993720050819,-0.04128672023245561,-0.4642021000706178,-0.09869193940696486,0.2578125,2.5772626683623026,0.1875
0.95,25,base,0.5,2.0,0.5,6,0.01986995396446551,343,-1.1676018759878737,-0.04129113757468561,-0.7664732625778895,-0.059777552219997476,0.2478134110787172,2.708920138730076,0.15743440233236153
0.8,14,base,0.6,2.0,0.75,12,0.010485141393924495,311,-0.9915462137851329,-0.04135429961054926,-0.45211531849467806,-0.1014958196743676,0.2797427652733119,2.342986616745092,0.24437299035369775
0.8,14,base,0.8,2.5,1.5,12,-0.006188371914272241,217,-1.0355352301755556,-0.041376980128491114,-0.6171946177783469,-0.0743896987404783,0.423963133640553,1.2436700403965562,0.2350230414746544
0.8,14,shallow,0.6,1.5,0.75,24,0.0018531278602289152,336,-1.001956742237712,-0.04138642694961414,-0.4917186798359188,-0.09339360282813813,0.3333333333333333,1.8208660778320944,0.3333333333333333
0.85,16,base,0.4,2.5,1.5,6,0.024913286708163326,198,-1.1742404500873744,-0.041386805400680515,-0.7659263496279528,-0.05995850390340529,0.42424242424242425,1.2008453812290552,0.15151515151515152
0.8,14,base,0.8,2.0,1.5,6,-0.006188371914272241,300,-0.8963200344313444,-0.0414365486070446,-0.610846984357802,-0.07527067098317186,0.43666666666666665,1.192224066634475,0.23666666666666666
0.9,19,shallow,0.5,2.0,0.75,24,0.0046669078333697435,268,-1.0957237295258682,-0.041443699310853566,-0.5571565776325642,-0.08253833811222067,0.27611940298507465,2.357905256747774,0.26865671641791045
0.85,16,shallow,0.4,4.0,2.5,24,0.019536983020591658,89,-1.4313873723089257,-0.04149445030547916,-0.5536494447964229,-0.08316265462165418,0.42696629213483145,1.151937774262711,0.21348314606741572
0.95,25,shallow,0.5,2.0,1.5,24,0.0076219438658689225,180,-1.1733116585544539,-0.041537196121867015,-0.6873468676358339,-0.0670553363831019,0.4222222222222222,1.2343642183727184,0.40555555555555556
0.95,25,deep_slow,0.5,2.0,1.5,24,0.01302946283325905,176,-1.147718480363773,-0.041553363309308144,-0.5629167118512484,-0.08190940293802518,0.4318181818181818,1.184520920378864,0.4090909090909091
0.85,16,shallow,0.4,1.5,0.75,12,0.019536983020591658,277,-1.0672810416349847,-0.04155343954504365,-0.4744382785727103,-0.09718494110495923,0.33574007220216606,1.7751435602175747,0.3285198555956679
0.8,14,deep_slow,0.5,3.0,2.0,12,0.010632801658885678,154,-1.2482938158390988,-0.04163717491977015,-0.5620879255904999,-0.08219523105474824,0.474025974025974,0.9904357915662518,0.18181818181818182
0.8,14,deep_slow,0.7,3.0,1.5,24,-0.02092844120651946,163,-1.1152825644595519,-0.04168426364972033,-0.6692619470851312,-0.06911056503796054,0.3496932515337423,1.6856396689527815,0.26380368098159507
0.85,16,deep_slow,0.7,3.0,2.5,12,-0.022526671088844777,162,-1.167714458601714,-0.041704603246866534,-0.5812066855002082,-0.07961984454613025,0.47530864197530864,0.9883957055874427,0.19135802469135801
0.95,25,base,0.5,2.0,1.5,6,0.01986995396446551,233,-1.0668544509826867,-0.04170789754014603,-0.743492128033496,-0.06224575993435544,0.44206008583690987,1.1368543765235837,0.23605150214592274
0.9,19,base,0.6,3.0,1.5,12,0.0010325266825469196,184,-1.1951115034224964,-0.04172874098547685,-0.6900181495602778,-0.06710302451380856,0.41847826086956524,1.2493547567480363,0.1793478260869565
0.95,25,shallow,0.7,2.5,1.0,24,-0.018651083800840466,215,-1.2214996865782786,-0.041744961969882644,-0.5187758603540141,-0.08928761695205412,0.2930232558139535,2.160990177201092,0.2558139534883721
0.95,25,shallow,0.6,2.0,1.0,12,-0.005076506216777017,256,-1.0842473834548152,-0.041750109324191986,-0.542307139117043,-0.08542383958609912,0.34765625,1.7080696565258335,0.30078125
0.9,19,base,0.8,3.0,2.5,24,-0.02406222399551668,125,-1.1065356390706387,-0.041751810920731325,-0.5530060365094064,-0.08377456762737345,0.432,1.1818675842797268,0.328
0.85,16,deep_slow,0.6,2.5,1.5,24,-0.005917748686304392,173,-1.1578228231740888,-0.04176742036609604,-0.8096475461848417,-0.05724110490237022,0.37572254335260113,1.506753241926848,0.3236994219653179
0.8,14,deep_slow,0.5,3.0,1.5,24,0.010632801658885678,140,-1.3324418395699615,-0.041800779953836686,-0.7093426032364354,-0.06538736915838794,0.35,1.6497258764682414,0.2785714285714286
0.8,14,base,0.4,2.5,2.0,12,0.02654735060013038,147,-1.2729841353246265,-0.04181874788721729,-0.6963551493855785,-0.0666354456884336,0.4421768707482993,1.1185665824440354,0.2789115646258503
0.9,19,base,0.5,2.0,1.5,12,0.011181462595549165,193,-1.1814954969461917,-0.04185101899295274,-0.8666773237985755,-0.05358125326990881,0.44559585492227977,1.118355850501224,0.3316062176165803
0.95,25,deep_slow,0.5,2.5,0.75,12,0.01302946283325905,248,-1.1322242282517747,-0.04185163794666058,-0.49255370838085677,-0.09428076883592762,0.2540322580645161,2.612124655550752,0.1935483870967742
0.9,19,base,0.4,1.5,1.0,12,0.023221962544119495,232,-1.1308779566566194,-0.04192705984762757,-0.7941767493747296,-0.05857868245101361,0.39655172413793105,1.35947956794139,0.3793103448275862
0.8,14,shallow,0.5,1.5,0.75,12,0.012208613969103086,320,-1.0208435188685134,-0.0420012943931346,-0.4380286068669944,-0.10639487274786674,0.33125,1.8350004420073713,0.325
0.95,25,shallow,0.5,3.0,1.5,12,0.0076219438658689225,166,-1.2932182293010277,-0.04201299456667573,-0.7163824659893451,-0.0650727104119212,0.39759036144578314,1.3508480867700314,0.18072289156626506
0.8,14,base,0.8,3.0,0.75,24,-0.006188371914272241,246,-1.1459197538312702,-0.04206302635233916,-0.5999506367862012,-0.07779361439930343,0.21951219512195122,3.1820751185480995,0.17479674796747968
0.85,16,base,0.6,2.0,1.0,24,0.00727389547987417,252,-1.0794919584578306,-0.042078310827697085,-0.5514191846092931,-0.0846710596701018,0.3333333333333333,1.8106029324964665,0.32142857142857145
0.95,25,deep_slow,0.6,1.5,0.75,12,-9.84969022274224e-05,329,-1.039517722030593,-0.04208846057650595,-0.5858337754881735,-0.07971626636290197,0.3373860182370821,1.7805864962741293,0.3282674772036474
0.8,14,base,0.5,2.0,0.75,24,0.01796004567886604,278,-1.085857536743568,-0.042117209246261056,-0.453511121510803,-0.10304554945285027,0.27697841726618705,2.345093090623282,0.2697841726618705
0.85,16,base,0.5,2.0,1.5,12,0.01654176117862261,201,-1.096304742785292,-0.04213471321815154,-0.6560929918861568,-0.07125769985355257,0.4427860696517413,1.1371921633835875,0.3283582089552239
0.95,25,base,0.6,1.5,0.75,24,0.009270403581615787,321,-1.0697777827536155,-0.04214276751528945,-0.6892648224308024,-0.06784125795414009,0.3302180685358255,1.8356885562983491,0.3302180685358255
0.8,14,deep_slow,0.6,2.5,2.0,24,-0.006382668772450415,140,-1.2698519243197288,-0.042169283444773,-0.5852555866933529,-0.07994787837010875,0.4357142857142857,1.1629202423532041,0.37857142857142856
0.8,14,deep_slow,0.7,2.0,1.5,12,-0.02092844120651946,236,-1.0019313011601694,-0.042209048080270706,-0.6922140650475066,-0.06765819877222401,0.4364406779661017,1.183938513195823,0.3432203389830508
0.8,14,shallow,0.4,2.5,2.0,24,0.022918085700536522,126,-1.2792569800174265,-0.04221856412033975,-0.577348894814004,-0.08113722955171176,0.4444444444444444,1.1036531377366539,0.373015873015873
0.9,19,deep_slow,0.7,1.5,1.0,12,-0.011679573210607598,326,-0.9635865141734969,-0.04222658377899813,-0.6546298413020794,-0.07157230476138776,0.3987730061349693,1.3922647324172057,0.3773006134969325
0.9,19,deep_slow,0.5,2.0,1.0,12,0.009505043314170823,239,-1.0912964085540526,-0.0422864747694619,-0.5178610877666443,-0.09060278659429111,0.3389121338912134,1.7652238157860565,0.28451882845188287
0.85,16,shallow,0.5,2.5,1.5,12,0.009243240555932723,175,-1.251736117669592,-0.0423817165860253,-0.6848797632985372,-0.06866179848099707,0.41714285714285715,1.2461163742292438,0.24
0.9,19,deep_slow,0.5,2.0,1.5,24,0.009505043314170823,178,-1.153426446496139,-0.042391654729481476,-0.6026769593658846,-0.07804525385352656,0.42696629213483145,1.212024805509522,0.4044943820224719
0.9,19,deep_slow,0.8,2.0,1.5,24,-0.024449058955838984,218,-1.0405495140515244,-0.04239223010232063,-0.5668482566970141,-0.08297937336559758,0.43119266055045874,1.213779799909382,0.40825688073394495
0.95,25,base,0.6,1.0,0.75,24,0.009270403581615787,383,-1.0579935517070533,-0.04244451987624431,-0.7332897287715896,-0.06422371376144098,0.4308093994778068,1.1960675532715754,0.4308093994778068
0.95,25,deep_slow,0.5,4.0,2.0,24,0.01302946283325905,105,-1.5903248368173577,-0.042459079531640964,-0.641024759801001,-0.07349280054706242,0.3904761904761905,1.3511074729322552,0.19047619047619047
0.8,14,deep_slow,0.5,4.0,2.5,24,0.010632801658885678,100,-1.5770267323387825,-0.042468259419884746,-0.5000255390224773,-0.09423691745936469,0.44,1.1106584790013065,0.2
0.95,25,shallow,0.5,2.5,1.5,12,0.0076219438658689225,172,-1.3024026057133897,-0.04252593967329488,-0.6592545858018762,-0.0715728169277704,0.4069767441860465,1.3005014113404938,0.2558139534883721
0.95,25,base,0.8,2.0,0.5,12,-0.014188546735315654,436,-1.048552821725947,-0.042551953713992896,-0.5690463695652419,-0.08296951413074294,0.21330275229357798,3.3656111753715363,0.19724770642201836
0.8,14,deep_slow,0.4,4.0,2.5,24,0.025687802785900486,96,-1.5356335570191955,-0.04257018811398272,-0.5402674295182222,-0.08742648636520511,0.40625,1.2676183464015176,0.21875
0.85,16,shallow,0.5,1.5,0.75,12,0.009243240555932723,312,-1.0507656039990516,-0.04257167980518406,-0.44050682274968916,-0.10722951758665689,0.33653846153846156,1.773033872553614,0.3269230769230769
0.85,16,base,0.6,2.5,1.0,12,0.00727389547987417,242,-1.1433445120550998,-0.04258840537853947,-0.6520139053714548,-0.07247367873862753,0.33884297520661155,1.763567460612573,0.2024793388429752
0.9,19,shallow,0.7,2.0,1.0,12,-0.02069939223100179,278,-1.0507596020080088,-0.042599000044985846,-0.5657231067492507,-0.08354895199868195,0.34532374100719426,1.7368443006901786,0.2949640287769784
0.95,25,deep_slow,0.5,1.5,0.75,6,0.01302946283325905,311,-1.098721314922023,-0.04260656543855579,-0.5736649973989693,-0.0824068862802787,0.35691318327974275,1.6243083705291106,0.2861736334405145
0.95,25,deep_slow,0.4,1.0,0.5,6,0.024552703417721047,354,-1.2896434867582753,-0.042623179518113785,-0.6942520205606725,-0.0681198376644544,0.3305084745762712,1.767261379394368,0.3192090395480226
0.85,16,base,0.5,1.5,0.75,6,0.01654176117862261,335,-0.982198515695247,-0.04269091833881511,-0.567109881617723,-0.0835240409996173,0.3582089552238806,1.625751767266692,0.29253731343283584
0.8,14,shallow,0.4,2.0,0.75,12,0.022918085700536522,251,-1.175266601489663,-0.04269357637449456,-0.5390108638889846,-0.0878836663744682,0.28286852589641437,2.254873789047142,0.23904382470119523
0.8,14,shallow,0.6,1.5,1.0,6,0.0018531278602289152,325,-1.014489362639407,-0.04273778420886187,-0.7998458317347622,-0.05928540029736029,0.40923076923076923,1.3211869267366627,0.3261538461538461
0.8,14,deep_slow,0.8,4.0,2.0,24,-0.037658496495412044,125,-1.3111131139282166,-0.04274153324671326,-0.49615035020731374,-0.09558257839886952,0.384,1.4342640162265046,0.184
0.95,25,base,0.5,2.0,1.0,24,0.01986995396446551,229,-1.1729741326972922,-0.042749829508228365,-0.5936867194534995,-0.07989485108776706,0.32751091703056767,1.8364815987830665,0.3231441048034934
0.95,25,shallow,0.8,2.5,2.0,6,-0.033862516362689936,258,-0.9629461600511096,-0.04279052460394339,-0.4568003594441922,-0.10393501721219878,0.4573643410852713,1.0781803278198756,0.15503875968992248
0.9,19,base,0.8,2.0,0.5,6,-0.02406222399551668,472,-1.0607642069964516,-0.042832001831815014,-0.7774770125347887,-0.06112522823540012,0.23940677966101695,2.9171753769012936,0.16101694915254236
0.85,16,base,0.5,2.5,1.5,12,0.01654176117862261,182,-1.2213945331128697,-0.04288302735441807,-0.6613347818787614,-0.07194530730811222,0.41208791208791207,1.2746281468170768,0.24725274725274726
0.8,14,base,0.5,2.0,1.0,12,0.01796004567886604,247,-1.0976808495602364,-0.04291567875394231,-0.4878403754252302,-0.09760584488781554,0.3441295546558704,1.7215289751423617,0.29554655870445345
0.95,25,deep_slow,0.6,2.5,1.5,6,-9.84969022274224e-05,243,-1.0455140829614733,-0.04299327281750176,-0.7090261437048031,-0.06727812704369995,0.4156378600823045,1.274551478412341,0.1522633744855967
0.95,25,deep_slow,0.8,2.5,2.0,6,-0.031353780956353744,260,-1.0246574609940031,-0.04299405311474236,-0.5389933983179634,-0.08850352291835184,0.4461538461538462,1.1301043742550771,0.16538461538461538
0.85,16,shallow,0.8,3.0,0.75,24,-0.01892708337290167,252,-1.1691949685178165,-0.04299613163642946,-0.6925119112349073,-0.06888706785571697,0.21428571428571427,3.279956544369495,0.17063492063492064
0.8,14,base,0.5,2.5,1.0,12,0.01796004567886604,225,-1.1778883336117223,-0.04301068841196065,-0.5345783169354743,-0.08926891430442163,0.3244444444444444,1.8670656965122072,0.2222222222222222
0.9,19,base,0.5,3.0,1.5,12,0.011181462595549165,169,-1.24556553253472,-0.04303320569319147,-0.7598167700655052,-0.06283902797405994,0.40236686390532544,1.3154825724604013,0.17159763313609466
0.9,19,base,0.8,3.0,1.5,12,-0.02406222399551668,206,-1.158103577517386,-0.0430575298163528,-0.607791754096282,-0.0786010470295766,0.4223300970873786,1.2416735676759503,0.17475728155339806
0.9,19,deep_slow,0.4,1.5,1.0,6,0.02395796766272022,248,-1.1395756708028537,-0.043096362128123955,-0.6529837625148784,-0.07322700640088031,0.4153225806451613,1.2521193381042657,0.3185483870967742
0.9,19,deep_slow,0.7,1.5,1.0,24,-0.011679573210607598,323,-0.9840164311129181,-0.04310762170487681,-0.6343674136428185,-0.0753955936271663,0.3931888544891641,1.4149893214103235,0.3931888544891641
0.8,14,base,0.8,3.0,2.5,24,-0.006188371914272241,130,-1.027522265685411,-0.043117053921505444,-0.44782314405314877,-0.10682553478388912,0.4461538461538462,1.1175588693669825,0.33076923076923076
0.8,14,shallow,0.4,2.0,1.5,12,0.022918085700536522,185,-1.1788758324597846,-0.043118184961663086,-0.7012016791962309,-0.06822601835020592,0.43783783783783786,1.1466887393403729,0.34054054054054056
0.8,14,deep_slow,0.7,3.0,1.0,24,-0.02092844120651946,202,-1.2388595161707792,-0.043132231094120344,-0.5196043263037443,-0.09210035746122902,0.28217821782178215,2.261982224137621,0.20297029702970298
0.9,19,base,0.4,4.0,1.5,24,0.023221962544119495,116,-1.5137126103553527,-0.043154354940024064,-0.8450767689743622,-0.05665784632382964,0.3275862068965517,1.7735245463515994,0.1810344827586207
0.8,14,shallow,0.4,2.5,0.5,24,0.022918085700536522,264,-1.401120605930799,-0.043165001976766204,-0.5821649275546178,-0.0822653701782119,0.17424242424242425,4.11050117791887,0.16287878787878787
0.95,25,shallow,0.6,1.0,0.5,6,-0.005076506216777017,458,-1.1800148396498051,-0.04318496725368692,-0.7202735422463205,-0.06652210153999816,0.34497816593886466,1.7052283622441429,0.32751091703056767
0.95,25,deep_slow,0.6,2.5,0.75,12,-9.84969022274224e-05,268,-1.1440765125731427,-0.04319232660372441,-0.5319649110310537,-0.09008536770218423,0.26119402985074625,2.5279944956216545,0.19029850746268656
0.8,14,base,0.8,2.5,0.75,12,-0.006188371914272241,323,-1.002353344898615,-0.04319579083253511,-0.503994268251385,-0.09509252711523464,0.2786377708978328,2.3570381443131003,0.17956656346749225
0.9,19,base,0.4,3.0,2.0,12,0.023221962544119495,135,-1.3222976369290862,-0.04320200257581164,-0.8165285187359423,-0.05870335488352907,0.42962962962962964,1.1623121341005238,0.1925925925925926
0.95,25,shallow,0.7,2.5,0.75,12,-0.018651083800840466,293,-1.1074795591669806,-0.04323515455647842,-0.5843939574158074,-0.08208444552898131,0.26621160409556316,2.500731857534085,0.18088737201365188
0.85,16,shallow,0.8,2.5,1.0,12,-0.01892708337290167,277,-1.079028034633751,-0.04325519096612396,-0.69646307713833,-0.06890792997827999,0.3285198555956679,1.8632942802410157,0.20938628158844766
0.85,16,base,0.6,3.0,2.0,12,0.00727389547987417,170,-1.1576760385020637,-0.043261493600444734,-0.5510736758544058,-0.08710052101456134,0.4647058823529412,1.028419716512125,0.18823529411764706
0.95,25,shallow,0.6,3.0,2.5,12,-0.005076506216777017,146,-1.3354660564704697,-0.04335015484654969,-0.6356598361180081,-0.07566456981888436,0.5068493150684932,0.8575983511281967,0.1780821917808219
0.85,16,base,0.7,4.0,2.0,24,2.2421718387172765e-05,121,-1.3910632326274979,-0.04335162565696715,-0.48313085592083677,-0.09955595929774108,0.38016528925619836,1.4489381909120929,0.19008264462809918
0.9,19,shallow,0.8,1.5,0.75,6,-0.03623754955899112,418,-0.9725241560747824,-0.043400828150154336,-0.7459982648146783,-0.06454841969602398,0.36363636363636365,1.6133525244357934,0.2799043062200957
0.95,25,shallow,0.8,3.0,2.5,24,-0.033862516362689936,123,-1.3058732522154721,-0.043444753374669354,-0.534426390183871,-0.09019319129059211,0.42276422764227645,1.2155846494464926,0.3170731707317073
0.95,25,deep_slow,0.7,1.5,0.75,12,-0.014895904927337712,372,-0.9944639251164659,-0.04345114942408901,-0.5122080763826492,-0.09411936754602956,0.34139784946236557,1.7629838693210356,0.33064516129032256
0.85,16,deep_slow,0.6,2.5,0.5,24,-0.005917748686304392,334,-1.208662950070565,-0.04347263750101482,-0.6482014378630092,-0.07440971027882015,0.17065868263473055,4.338704730804588,0.16167664670658682
0.9,19,base,0.4,2.0,0.75,6,0.023221962544119495,254,-1.2538210575146471,-0.04354426901536179,-0.7667537853886355,-0.0630081738593612,0.3110236220472441,1.951028501258824,0.1889763779527559
0.95,25,deep_slow,0.7,2.0,0.5,24,-0.014895904927337712,390,-1.163876126647793,-0.043560765546292846,-0.5783866083564412,-0.08356004745147905,0.20512820512820512,3.492645496471459,0.20256410256410257
0.95,25,deep_slow,0.6,2.0,0.75,24,-9.84969022274224e-05,289,-1.1461665718836793,-0.04356151880378045,-0.6062115102134834,-0.07972604487125212,0.2768166089965398,2.346184150745543,0.2664359861591695
0.8,14,deep_slow,0.6,2.5,1.5,24,-0.006382668772450415,174,-1.228779292834446,-0.04359889310512255,-0.5799987905073514,-0.08340053231363587,0.3793103448275862,1.475767834544084,0.3448275862068966
0.9,19,base,0.4,1.0,0.5,6,0.023221962544119495,348,-1.376697489684757,-0.043614930620928916,-0.8467913363866785,-0.05714507731698981,0.3333333333333333,1.7443866290201047,0.32471264367816094
0.8,14,shallow,0.4,3.0,1.5,12,0.022918085700536522,158,-1.3736525584156236,-0.0436708082598003,-0.7486704407503518,-0.06471712061815682,0.3987341772151899,1.325754931891003,0.18354430379746836
0.85,16,deep_slow,0.6,2.0,1.0,12,-0.005917748686304392,273,-1.063147596838531,-0.043678542996284264,-0.6130966851144544,-0.0790419460137628,0.3443223443223443,1.738644687909724,0.29304029304029305
0.8,14,base,0.6,2.0,1.0,12,0.010485141393924495,274,-1.035123880186689,-0.04370326340027608,-0.4492239764881889,-0.10793660872587629,0.3357664233576642,1.8021742771509648,0.2846715328467153
0.8,14,deep_slow,0.4,2.5,0.75,24,0.025687802785900486,223,-1.2378648957192067,-0.043705497427463325,-0.5425988857943578,-0.08936653979921838,0.23766816143497757,2.807538742000258,0.2242152466367713
0.9,19,shallow,0.8,2.5,0.75,12,-0.03623754955899112,319,-1.0349663490012604,-0.04372126058508019,-0.6006770553492041,-0.08075492340383805,0.27586206896551724,2.382896357991188,0.18181818181818182
0.85,16,deep_slow,0.5,3.0,0.75,24,0.006164899354047,221,-1.2956389204772005,-0.043732230949423356,-0.5529102910150099,-0.08775342217150806,0.2171945701357466,3.1835544363881954,0.18552036199095023
0.9,19,shallow,0.4,2.0,1.0,24,0.019014132536386064,197,-1.2988743951091586,-0.043763183795708316,-0.6972528883131949,-0.06963617586791315,0.3248730964467005,1.833072993177442,0.3147208121827411
0.8,14,base,0.5,2.5,1.5,12,0.01796004567886604,184,-1.2627781891341663,-0.04378295402967558,-0.8000892408581766,-0.06071310713870082,0.41847826086956524,1.241922338726648,0.23369565217391305
0.8,14,shallow,0.7,2.5,0.75,12,-0.009456977029506219,303,-1.0818681086706883,-0.04380120256847564,-0.5260300574466569,-0.09238274145211256,0.2739273927392739,2.394147629311979,0.1848184818481848
0.9,19,base,0.5,2.0,0.5,12,0.011181462595549165,326,-1.2559963761295225,-0.043812665221822034,-0.6148888450643322,-0.0790529612980041,0.2116564417177914,3.2792239594767683,0.18711656441717792
0.9,19,shallow,0.5,2.5,0.75,12,0.0046669078333697435,247,-1.2081635549239578,-0.0438204223802916,-0.6045034179919654,-0.08042529978188351,0.2591093117408907,2.5376703662975357,0.1862348178137652
0.85,16,base,0.5,2.0,0.75,6,0.01654176117862261,310,-1.04485409827615,-0.043840874695071586,-0.6073147801228838,-0.08009026608863357,0.3193548387096774,1.9205907887744198,0.1967741935483871
0.85,16,shallow,0.8,2.5,0.75,24,-0.01892708337290167,293,-1.1192180443043598,-0.043902525725334485,-0.7209796145343693,-0.06755839924856255,0.2354948805460751,2.9364762212123625,0.21160409556313994
0.85,16,deep_slow,0.7,2.0,1.0,24,-0.022526671088844777,270,-1.0979484916710205,-0.043904856654850444,-0.5808859544684545,-0.08385606123710398,0.3296296296296296,1.8448976033508855,0.32222222222222224
0.85,16,shallow,0.7,1.5,0.75,6,-0.00973145051073512,399,-1.004886949746273,-0.043936292242138575,-0.7814797847312723,-0.06237601690456562,0.3558897243107769,1.6611317028080745,0.2832080200501253
0.95,25,deep_slow,0.8,2.5,0.75,12,-0.031353780956353744,323,-1.0756173940285536,-0.043948822045342895,-0.5702166754233045,-0.08551041103471435,0.2693498452012384,2.46407286717001,0.1826625386996904
0.85,16,shallow,0.5,2.0,0.5,6,0.009243240555932723,354,-1.2356246408610643,-0.043961178725005934,-0.6151352286783317,-0.079288479094764,0.2344632768361582,2.884261142729899,0.15254237288135594
0.95,25,deep_slow,0.6,1.5,0.75,24,-9.84969022274224e-05,323,-1.0974899742613953,-0.04398207977257673,-0.5958700930870745,-0.08189077992871685,0.33436532507739936,1.7965042423415303,0.33436532507739936
0.95,25,base,0.8,1.5,0.75,6,-0.014188546735315654,418,-0.9854529777473614,-0.04399658966914688,-0.679031008964244,-0.07188526476147283,0.36363636363636365,1.6127712068258164,0.2894736842105263
0.85,16,base,0.7,2.5,1.0,24,2.2421718387172765e-05,232,-1.1895953500347636,-0.04401904894012221,-0.6158498922796686,-0.07930045730220892,0.28879310344827586,2.2126068498854186,0.25
0.8,14,deep_slow,0.8,2.0,1.5,6,-0.037658496495412044,306,-0.9379592181466204,-0.04402191243562381,-0.5978372217717592,-0.0816950587044849,0.42483660130718953,1.2470740118725063,0.2581699346405229
0.9,19,deep_slow,0.8,2.0,1.5,12,-0.024449058955838984,246,-1.0672962184768227,-0.044120107880011084,-0.8106953836738823,-0.06037904454985343,0.44308943089430897,1.151852309941026,0.34146341463414637
0.9,19,shallow,0.8,2.5,1.5,12,-0.03623754955899112,213,-1.142813674867988,-0.04421462422903388,-0.8434466552453699,-0.05815851609612377,0.431924882629108,1.193218262470466,0.22065727699530516
0.85,16,shallow,0.6,2.0,0.75,24,-0.000379516882682105,297,-1.1387645563350348,-0.04422348192231873,-0.7657482517964925,-0.06407250392665276,0.26936026936026936,2.434691269994615,0.26262626262626265
0.9,19,deep_slow,0.5,2.5,0.75,12,0.009505043314170823,249,-1.1190905015845005,-0.04424149447805026,-0.488978219394691,-0.10037940082209795,0.2570281124497992,2.579535395643989,0.19678714859437751
0.85,16,shallow,0.5,1.5,0.75,24,0.009243240555932723,313,-1.0912641652316795,-0.04424188804617368,-0.45774500629201215,-0.10722951758665689,0.33226837060702874,1.801783139474178,0.33226837060702874
0.9,19,shallow,0.7,2.5,1.0,24,-0.02069939223100179,225,-1.1952601739934068,-0.044319262564609496,-0.5773442448712625,-0.08516478563007512,0.28888888888888886,2.203278178152585,0.2577777777777778
0.85,16,shallow,0.5,3.0,2.0,24,0.009243240555932723,118,-1.366849033463455,-0.04438121323035937,-0.5007613482987254,-0.09832618485057754,0.4322033898305085,1.1488158721987207,0.3135593220338983
0.85,16,deep_slow,0.4,2.0,0.75,12,0.02136119538677576,249,-1.2007300242041306,-0.044390009584731716,-0.5933350134849381,-0.08300148433141685,0.27710843373493976,2.306215118006466,0.24497991967871485
0.9,19,base,0.5,3.0,1.0,12,0.011181462595549165,212,-1.2534945177992467,-0.04441965631178624,-0.6606691737772631,-0.07459178568070957,0.32075471698113206,1.8626201180122037,0.15566037735849056
0.95,25,deep_slow,0.6,2.0,0.5,6,-9.84969022274224e-05,377,-1.236638654621699,-0.04443218589840048,-0.7138741718226638,-0.06905188668615336,0.2440318302387268,2.771877904629834,0.16180371352785147
0.8,14,shallow,0.4,3.0,2.0,24,0.022918085700536522,115,-1.3676623116008626,-0.044469196889711626,-0.641148553888876,-0.0769483354030267,0.40869565217391307,1.254803787744652,0.30434782608695654
0.9,19,deep_slow,0.7,2.5,1.5,12,-0.011679573210607598,205,-1.1977786812472342,-0.04447323814266768,-0.7014052578287657,-0.07034419170334527,0.4146341463414634,1.2725440270129478,0.23414634146341465
0.8,14,base,0.8,3.0,2.0,12,-0.006188371914272241,185,-1.092346043148406,-0.04452221676579693,-0.6375135828721521,-0.0774791088542689,0.4756756756756757,0.9927864856078119,0.16756756756756758
0.8,14,base,0.6,2.0,0.75,24,0.010485141393924495,301,-1.1001176750446249,-0.044549299861037395,-0.48482850311488646,-0.1019411054062741,0.2724252491694352,2.4064807232567196,0.26578073089701
0.9,19,deep_slow,0.4,3.0,0.75,24,0.02395796766272022,184,-1.4383450482113638,-0.044642432983485913,-0.5982292125223393,-0.08278935532666332,0.21195652173913043,3.1967818308804596,0.1793478260869565
0.85,16,shallow,0.5,2.0,1.0,24,0.009243240555932723,225,-1.2094397873063127,-0.04466624218981319,-0.4818913655450066,-0.10283097083246029,0.3288888888888889,1.8129033031956963,0.32
0.95,25,deep_slow,0.7,1.5,1.0,24,-0.014895904927337712,312,-1.0315479316153064,-0.044675999760952934,-0.578758107725359,-0.08563880752021713,0.3974358974358974,1.3805478169471794,0.3974358974358974
0.8,14,base,0.4,2.5,2.0,6,0.02654735060013038,191,-1.1958311949933453,-0.044676033538258664,-0.5949535938640362,-0.08330765974970522,0.4293193717277487,1.1688010169353464,0.16753926701570682
0.9,19,shallow,0.7,2.0,1.5,24,-0.02069939223100179,203,-1.1403315716604694,-0.04468903073674335,-0.7182035576816508,-0.06903136729939263,0.42857142857142855,1.211892432886856,0.4088669950738916
0.95,25,shallow,0.6,1.5,1.0,6,-0.005076506216777017,317,-1.0542731994215697,-0.044734225173782005,-0.7242457257341621,-0.06852450964797474,0.4195583596214511,1.2567081322351583,0.3312302839116719
0.9,19,base,0.5,2.5,1.0,12,0.011181462595549165,224,-1.2652991039094226,-0.04475508057323008,-0.6881456124132039,-0.07215284040637115,0.33035714285714285,1.79115328677066,0.20535714285714285
0.9,19,deep_slow,0.4,1.5,0.75,24,0.02395796766272022,261,-1.2287282892469862,-0.04479083382384963,-0.5279924599099014,-0.09411350839789678,0.3333333333333333,1.7671816291036793,0.3333333333333333
0.95,25,shallow,0.6,1.5,1.0,12,-0.005076506216777017,291,-1.0862177701692022,-0.044803817531796075,-0.621279716147689,-0.08000517064651536,0.39862542955326463,1.3711100182406146,0.37800687285223367
0.85,16,base,0.8,2.0,1.0,6,-0.009391219307694848,351,-1.0277169426366686,-0.04484656271339371,-0.8323089427779328,-0.05977694813413226,0.3789173789173789,1.5085853552817996,0.21367521367521367
0.95,25,deep_slow,0.7,1.5,0.75,6,-0.014895904927337712,391,-1.0096714422869268,-0.04486423260486716,-0.5519120916290482,-0.09018182685530651,0.3631713554987212,1.606297694245254,0.30179028132992325
0.95,25,base,0.8,2.0,1.5,6,-0.014188546735315654,298,-1.0192523058339393,-0.04487274332070368,-0.7174412374367989,-0.06938806329661973,0.4563758389261745,1.0923593134744976,0.2483221476510067
0.9,19,base,0.7,3.0,2.5,12,-0.01070085499890775,158,-1.3037555705439912,-0.044880473086128414,-0.7409719379039885,-0.06719608207524286,0.5063291139240507,0.8581571367274078,0.17088607594936708
0.95,25,deep_slow,0.6,2.0,0.5,12,-9.84969022274224e-05,356,-1.2525896256605347,-0.044885564468878036,-0.6015554177834409,-0.0827788153983594,0.21067415730337077,3.3305448848834542,0.18820224719101122
0.95,25,deep_slow,0.6,2.0,1.0,12,-9.84969022274224e-05,262,-1.13647573409138,-0.04490280885351072,-0.6231454281624187,-0.07994141317706505,0.33969465648854963,1.7565950630392202,0.2900763358778626
0.9,19,base,0.6,2.0,1.5,12,0.0010325266825469196,212,-1.18473849676855,-0.04492336421477272,-0.7741819132489881,-0.06437488420111237,0.44339622641509435,1.134475461902603,0.33962264150943394
0.9,19,shallow,0.5,2.5,0.75,24,0.0046669078333697435,232,-1.2762715177586326,-0.04494012287053528,-0.7067405112931321,-0.07054415861294261,0.23275862068965517,2.907372227485399,0.21120689655172414
0.9,19,shallow,0.6,1.5,1.0,6,-0.00732066809770861,327,-1.027958303274309,-0.04495025189305557,-0.6475577954765276,-0.07700875964586218,0.42201834862385323,1.2369805499482103,0.327217125382263
0.9,19,shallow,0.4,1.5,1.0,12,0.019014132536386064,232,-1.2127115391363823,-0.04497522922197339,-0.6365113236308283,-0.07838864522113187,0.39655172413793105,1.3520852623418298,0.38362068965517243
0.8,14,deep_slow,0.7,4.0,1.0,24,-0.02092844120651946,187,-1.3528482852804657,-0.045010094541470425,-0.5217556217399144,-0.09570349984523308,0.23529411764705882,2.8669396576442616,0.15508021390374332
0.95,25,deep_slow,0.5,2.5,2.0,12,0.01302946283325905,158,-1.2834909345620937,-0.04501541297407485,-0.5751783050207631,-0.08682476981505605,0.4430379746835443,1.1169034012530552,0.3037974683544304
0.9,19,deep_slow,0.8,2.5,0.75,12,-0.024449058955838984,321,-1.0685001375091783,-0.0450404146069322,-0.5840333505083332,-0.0855557105975362,0.27414330218068533,2.395540152159419,0.1838006230529595
0.9,19,base,0.8,2.5,0.75,12,-0.02406222399551668,322,-1.076908743878346,-0.04507116478384432,-0.6044087514158886,-0.08272781167849863,0.27639751552795033,2.370965103161413,0.17080745341614906
0.95,25,deep_slow,0.6,1.0,0.5,24,-9.84969022274224e-05,449,-1.2400218694098315,-0.04511787595665495,-0.847638554584341,-0.05905004997353103,0.33407572383073497,1.7823900094588545,0.33407572383073497
0.85,16,shallow,0.5,2.5,0.75,24,0.009243240555932723,249,-1.2029881478613438,-0.045124915060282045,-0.4932910682474031,-0.10148346672600594,0.23694779116465864,2.843081769527132,0.21686746987951808
0.8,14,shallow,0.6,2.0,0.75,24,0.0018531278602289152,296,-1.1406125583562818,-0.045133572191262794,-0.5833465263017952,-0.08583314458839975,0.27364864864864863,2.381668294827794,0.2668918918918919
0.95,25,shallow,0.5,2.5,0.75,12,0.0076219438658689225,246,-1.2584163450689678,-0.045233479518987374,-0.5749140500706732,-0.08728437312895587,0.25609756097560976,2.552577490490412,0.1951219512195122
0.95,25,deep_slow,0.6,1.0,0.5,12,-9.84969022274224e-05,450,-1.2421530843016362,-0.045240783404456475,-0.8481950440882824,-0.059171642636899446,0.3333333333333333,1.7878702293334519,0.3333333333333333
0.8,14,deep_slow,0.4,2.5,1.5,24,0.025687802785900486,150,-1.3819852308997709,-0.04524309642177904,-0.641118667901506,-0.07828761794671235,0.38,1.4428826080081998,0.3333333333333333
0.9,19,base,0.6,2.0,1.0,24,0.0010325266825469196,253,-1.1816760592039648,-0.04530221749761676,-0.5762621097012284,-0.08721217002687809,0.33201581027667987,1.8099048805757034,0.3241106719367589
0.9,19,deep_slow,0.4,1.5,0.5,24,0.02395796766272022,310,-1.3537502896285607,-0.04531199169524813,-0.6034798001705326,-0.0832967133286564,0.24193548387096775,2.726168284557323,0.24193548387096775
0.8,14,base,0.5,2.0,0.5,12,0.01796004567886604,335,-1.2813202145984475,-0.04531569566780702,-0.4719057433676568,-0.10652971051872773,0.208955223880597,3.342195908556088,0.1880597014925373
0.85,16,deep_slow,0.7,2.5,1.5,12,-0.022526671088844777,211,-1.2160709787147086,-0.04533183701208876,-0.8054694479758152,-0.06243544330905626,0.41232227488151657,1.2841510418875253,0.23222748815165878
0.95,25,deep_slow,0.7,1.5,0.75,24,-0.014895904927337712,366,-1.0482891847600924,-0.04538444012427867,-0.5342552787913583,-0.09423967771951225,0.3360655737704918,1.7972898021884829,0.3360655737704918
0.95,25,shallow,0.5,2.0,0.75,12,0.0076219438658689225,277,-1.2058243006158231,-0.04539106593803188,-0.6715261901449581,-0.07498646695286015,0.2815884476534296,2.264269752822504,0.2527075812274368
0.95,25,base,0.7,1.0,0.5,24,-0.0012058456499734916,500,-1.1725873873963288,-0.04539896365478013,-0.8312313394352275,-0.06058976911157976,0.338,1.7702623392229508,0.338
0.8,14,shallow,0.4,2.5,1.5,12,0.022918085700536522,165,-1.3860827734845755,-0.04546012941599942,-0.6456673647255328,-0.07810800822048825,0.4,1.3178247351849437,0.2545454545454545
0.9,19,deep_slow,0.7,2.0,1.0,6,-0.011679573210607598,332,-1.0643022163190397,-0.045469115117724335,-0.6801531688777691,-0.07416231568769649,0.3795180722891566,1.4949468296194004,0.21385542168674698
0.8,14,shallow,0.5,1.5,0.75,24,0.012208613969103086,318,-1.1111679139041548,-0.04547307563797587,-0.4741404808546781,-0.10639487274786674,0.3270440251572327,1.8462514644676722,0.3270440251572327
0.8,14,deep_slow,0.5,4.0,1.5,24,0.010632801658885678,131,-1.5226791074262807,-0.04547978592425461,-0.6613787445784116,-0.07628539788812194,0.31297709923664124,1.922931923279792,0.183206106870229
0.85,16,deep_slow,0.4,1.5,1.0,6,0.02136119538677576,261,-1.150875074455933,-0.045484332804453076,-0.6574687855565703,-0.07674671811185274,0.4099616858237548,1.2786635042566714,0.3218390804597701
0.85,16,shallow,0.6,1.0,0.75,12,-0.000379516882682105,403,-1.1145543388204397,-0.04549408954121337,-0.8001968270204497,-0.06307119088748125,0.4218362282878412,1.2369195686227343,0.41935483870967744
0.95,25,base,0.7,1.0,0.5,12,-0.0012058456499734916,501,-1.1747011515002597,-0.04552187110258177,-0.8334757865645113,-0.06058976911157976,0.3373253493013972,1.775177931319402,0.3373253493013972
0.9,19,deep_slow,0.6,1.5,0.75,12,-0.000270114899313196,339,-1.0851476615285083,-0.04553096879251495,-0.4966757305865295,-0.10169647596586584,0.3392330383480826,1.7682359160714163,0.3303834808259587
0.9,19,base,0.6,2.5,1.5,12,0.0010325266825469196,188,-1.3440092514479425,-0.045550371066597095,-0.7513480892996495,-0.06725463150377442,0.4308510638297872,1.1772475053367573,0.24468085106382978
0.95,25,base,0.6,1.5,0.5,12,0.009270403581615787,397,-1.2185711464821662,-0.045560278928979736,-0.8871688666021662,-0.05697066610243584,0.25440806045340053,2.619068902143323,0.2518891687657431
0.8,14,base,0.6,2.0,0.75,6,0.010485141393924495,340,-1.0943584982202297,-0.045570626939815506,-0.47788504323469994,-0.10578705354313389,0.31470588235294117,1.9765170592963446,0.20588235294117646
0.95,25,deep_slow,0.7,1.5,1.0,12,-0.014895904927337712,320,-1.0439973788259467,-0.04557620296451215,-0.6186046314404866,-0.08173268931116928,0.403125,1.350948155523873,0.378125
0.85,16,base,0.4,1.5,0.5,6,0.024913286708163326,322,-1.3191365461377105,-0.045616024313784864,-0.7923747599279477,-0.06386407316639553,0.2701863354037267,2.3475908476639473,0.2267080745341615
0.9,19,base,0.5,2.5,1.5,12,0.011181462595549165,172,-1.4226563523717255,-0.04562055019290823,-0.7725211863416327,-0.06551184367346674,0.4186046511627907,1.2197398803759443,0.22674418604651161
0.8,14,base,0.8,2.0,0.5,12,-0.006188371914272241,438,-1.115946935026085,-0.04563422950593454,-0.5471066944803961,-0.09253116958286034,0.2100456621004566,3.4127677671051537,0.1917808219178082
0.95,25,deep_slow,0.6,2.0,1.5,6,-9.84969022274224e-05,260,-1.0486793007643327,-0.045741899107736406,-0.685817170594897,-0.07398990865656785,0.4307692307692308,1.198923673829242,0.2653846153846154
0.8,14,deep_slow,0.6,3.0,1.5,24,-0.006382668772450415,148,-1.3848345458769504,-0.04575030177851169,-0.6969175564642442,-0.07282474968697361,0.34459459459459457,1.6796589105147475,0.2702702702702703
0.8,14,shallow,0.7,2.0,0.5,12,-0.009456977029506219,400,-1.1610085188278283,-0.04575321228411455,-0.5650485988004765,-0.0898260201309089,0.205,3.4886727393888317,0.1875
0.8,14,shallow,0.4,3.0,1.5,24,0.022918085700536522,129,-1.530354050037243,-0.04579031561929514,-0.7904463263956532,-0.06426384242941074,0.34108527131782945,1.6701773653021479,0.2713178294573643
0.95,25,deep_slow,0.7,3.0,2.5,24,-0.014895904927337712,118,-1.4331591968216204,-0.04580996339335108,-0.5682060661413946,-0.08943737059806933,0.4322033898305085,1.151545411123892,0.3050847457627119
0.9,19,shallow,0.8,2.0,0.5,6,-0.03623754955899112,468,-1.1320895407488458,-0.04591323449605722,-0.808657960372726,-0.06298474458111669,0.23931623931623933,2.898768680905717,0.1581196581196581
0.95,25,deep_slow,0.6,1.0,0.5,6,-9.84969022274224e-05,454,-1.2631172499280143,-0.04597750597142136,-0.8514826658299677,-0.05990048422203731,0.3436123348017621,1.7035354915923195,0.3237885462555066
0.95,25,shallow,0.6,2.5,1.0,12,-0.005076506216777017,234,-1.3166722127049522,-0.045991473499339186,-0.6527992930197737,-0.07815522765919791,0.3247863247863248,1.8600476317849701,0.21794871794871795
0.9,19,base,0.8,1.5,1.0,24,-0.02406222399551668,336,-1.0365667099273612,-0.04603447388141757,-0.5773689608845068,-0.08844821138285164,0.39285714285714285,1.4139274358703324,0.39285714285714285
0.8,14,deep_slow,0.6,2.5,0.75,24,-0.006382668772450415,254,-1.2259030167779625,-0.04604150078182856,-0.5799173506517622,-0.08807294039923808,0.24015748031496062,2.8004491225057677,0.21653543307086615
0.8,14,base,0.8,2.0,0.5,24,-0.006188371914272241,425,-1.1638645318259109,-0.04604968974917123,-0.5965552143657136,-0.08563178237672842,0.2023529411764706,3.5695124102574045,0.2023529411764706
0.85,16,base,0.6,2.0,0.5,6,0.00727389547987417,405,-1.1535229255546504,-0.046068762314704914,-0.6566095422426067,-0.07783192947150774,0.22962962962962963,2.9979572290196734,0.16296296296296298
0.85,16,deep_slow,0.5,4.0,1.0,24,0.006164899354047,166,-1.4911480410647238,-0.046159285556991336,-0.5543078468529444,-0.09237707766655356,0.24096385542168675,2.718582473232105,0.15060240963855423
0.9,19,deep_slow,0.5,1.5,0.75,6,0.009505043314170823,316,-1.1872212723248348,-0.04634212863447473,-0.5684017608299743,-0.09044241215599369,0.35443037974683544,1.6256221866591187,0.2879746835443038
0.8,14,deep_slow,0.5,2.5,1.5,24,0.010632801658885678,157,-1.4288951202397895,-0.0463496441553809,-0.703756106559469,-0.07305931771062679,0.3821656050955414,1.4268111246948005,0.33121019108280253
0.85,16,shallow,0.4,1.5,0.75,6,0.019536983020591658,288,-1.2119167102781236,-0.04642250431475048,-0.5443577098830182,-0.09460056713742904,0.3506944444444444,1.634226922041273,0.2916666666666667
0.8,14,base,0.6,2.5,1.5,24,0.010485141393924495,167,-1.3150895880598104,-0.04642541248739196,-0.7435837467832179,-0.06925886381526425,0.3772455089820359,1.4717851134740811,0.31736526946107785
0.85,16,deep_slow,0.7,3.0,0.75,24,-0.022526671088844777,241,-1.272872487924023,-0.046425800716474175,-0.6658178660651606,-0.07734877296707388,0.2157676348547718,3.2023511427462896,0.17012448132780084
0.85,16,base,0.7,3.0,1.0,12,2.2421718387172765e-05,248,-1.2916306594006968,-0.046425834232990626,-0.8680225574878665,-0.05933052268683836,0.3064516129032258,2.01807851225599,0.1532258064516129
0.8,14,base,0.5,3.0,1.5,12,0.01796004567886604,176,-1.3654023561626514,-0.04644368184244374,-0.7876004896088196,-0.06541384608518219,0.4034090909090909,1.3047594430877454,0.1590909090909091
0.9,19,base,0.5,4.0,2.0,24,0.011181462595549165,108,-1.646328938504464,-0.04644435317976492,-0.6767724925878612,-0.07612708920815803,0.3888888888888889,1.3507477717520704,0.18518518518518517
0.85,16,base,0.4,2.5,1.0,24,0.024913286708163326,175,-1.5050617506235489,-0.04645507351153777,-0.6043944462174818,-0.08526315940535933,0.2914285714285714,2.092994112369997,0.26285714285714284
0.9,19,shallow,0.7,3.0,2.5,24,-0.02069939223100179,117,-1.4802349271145518,-0.04649396695425101,-0.5736940048164674,-0.08990090181158117,0.4358974358974359,1.1313147186437542,0.3247863247863248
0.9,19,shallow,0.6,1.0,0.5,24,-0.00732066809770861,463,-1.2349639961309662,-0.046530256278054294,-0.7832430671765981,-0.06590004788138104,0.3369330453563715,1.7577838404183264,0.3369330453563715
0.95,25,deep_slow,0.5,2.0,1.0,6,0.01302946283325905,269,-1.187162165996542,-0.0465394106809327,-0.6364541730481363,-0.08111484753180831,0.3643122676579926,1.5636264291165738,0.23048327137546468
0.95,25,shallow,0.5,1.5,1.0,12,0.0076219438658689225,267,-1.1991836978869177,-0.04654050936990062,-0.6041952450465623,-0.08544770770272869,0.3970037453183521,1.3562291682147847,0.38202247191011235
0.85,16,base,0.8,2.0,0.75,6,-0.009391219307694848,399,-1.0982605992650016,-0.04660336483093863,-0.8248322483637341,-0.0626753329739842,0.3258145363408521,1.895086404364518,0.19298245614035087
0.85,16,deep_slow,0.7,2.0,1.5,24,-0.022526671088844777,212,-1.1640363156005162,-0.04663270496187122,-0.6983316954098306,-0.07407524965873702,0.42452830188679247,1.2326867301669413,0.41037735849056606
0.9,19,shallow,0.6,1.0,0.5,12,-0.00732066809770861,464,-1.2370033349526466,-0.046653163725855706,-0.7853063803044398,-0.06590004788138104,0.33620689655172414,1.7630456224423328,0.33620689655172414
0.85,16,shallow,0.7,1.5,0.5,6,-0.00973145051073512,470,-1.1507865476627597,-0.04666531724648226,-0.8549633517366277,-0.06054665768301193,0.2680851063829787,2.4664932357530054,0.2276595744680851
0.85,16,shallow,0.7,2.0,0.75,12,-0.00973145051073512,325,-1.137461624705033,-0.046668471138583856,-0.6370478261245187,-0.08126338460655602,0.28307692307692306,2.284212766477808,0.24
0.95,25,deep_slow,0.6,3.0,1.0,24,-9.84969022274224e-05,190,-1.3411490906477537,-0.04667364905863214,-0.47335856607744126,-0.10937668502001818,0.26842105263157895,2.382062596516353,0.21052631578947367
0.9,19,shallow,0.6,1.0,0.5,6,-0.00732066809770861,470,-1.234218791991705,-0.04669890743654537,-0.791796564423493,-0.06542379207965365,0.3446808510638298,1.6974059828424437,0.32553191489361705
0.8,14,deep_slow,0.8,1.5,1.0,24,-0.037658496495412044,335,-1.0434398355808874,-0.046701595130956064,-0.6642401894887413,-0.07799182882441769,0.39104477611940297,1.4226354372412282,0.39104477611940297
0.95,25,base,0.6,1.5,0.5,24,0.009270403581615787,394,-1.2583675943893788,-0.046711832065060244,-0.9095317935076392,-0.05697066610243584,0.25380710659898476,2.618611799188717,0.25380710659898476
0.85,16,shallow,0.6,1.0,0.75,24,-0.000379516882682105,402,-1.1471762417716045,-0.04679551496890144,-0.8219695384287967,-0.06315222921329278,0.42039800995024873,1.240753337394387,0.42039800995024873
0.8,14,shallow,0.6,1.0,0.75,6,0.0018531278602289152,418,-1.118107421404025,-0.04683539112958124,-0.6806948438197511,-0.07632395482179433,0.4258373205741627,1.2221535293148078,0.4043062200956938
0.9,19,deep_slow,0.4,3.0,1.0,24,0.02395796766272022,158,-1.5271660925061565,-0.046843182740520906,-0.5454618176478749,-0.09526229046484846,0.25949367088607594,2.449011620603484,0.2088607594936709
0.9,19,shallow,0.8,3.0,1.5,12,-0.03623754955899112,205,-1.230504249672864,-0.04685582277113354,-0.8398388287742063,-0.06188797607724017,0.424390243902439,1.2183449148998717,0.17073170731707318
0.85,16,base,0.8,3.0,2.0,12,-0.009391219307694848,185,-1.1953901874283661,-0.046938241039924056,-0.72455878011093,-0.07186042426843309,0.4594594594594595,1.0533202587584625,0.1783783783783784
0.9,19,shallow,0.6,2.0,1.5,12,-0.00732066809770861,203,-1.2457799168955412,-0.04694989457777643,-0.6803807612997079,-0.07654536411874358,0.43842364532019706,1.1454697137785528,0.33497536945812806
0.9,19,deep_slow,0.6,1.5,0.75,24,-0.000270114899313196,338,-1.1211402721778374,-0.046958217278838865,-0.5122026070677076,-0.10169647596586584,0.3343195266272189,1.7932465562597102,0.3343195266272189
0.9,19,deep_slow,0.4,1.5,1.0,24,0.02395796766272022,227,-1.272250821637902,-0.0469601134698191,-0.6190663339814639,-0.0841449371805586,0.3876651982378855,1.393732528270271,0.3876651982378855
0.8,14,deep_slow,0.7,3.0,1.0,12,-0.02092844120651946,248,-1.2674068624510653,-0.0469641038844012,-0.6137342153561364,-0.08488318050494492,0.3185483870967742,1.9232399067542667,0.1532258064516129
0.9,19,deep_slow,0.8,2.5,1.5,12,-0.024449058955838984,222,-1.1881614078129858,-0.046972797268945876,-0.8877558912202405,-0.058693307201674094,0.42342342342342343,1.2311966262338538,0.24324324324324326
0.8,14,deep_slow,0.4,2.5,1.0,12,0.025687802785900486,208,-1.332722905354514,-0.046974540921052244,-0.5957830960755301,-0.08746011510097929,0.3173076923076923,1.8972686787730544,0.22115384615384615
0.8,14,shallow,0.7,2.5,1.5,12,-0.009456977029506219,200,-1.3178364032092709,-0.046996878393908204,-0.7933606695962542,-0.0657103016848104,0.415,1.2597824733740852,0.225
0.9,19,base,0.4,3.0,2.5,24,0.023221962544119495,98,-1.6971015135923977,-0.04705413285550353,-0.6820164560184517,-0.07653086054410163,0.4489795918367347,1.0417004592759533,0.3163265306122449
0.9,19,shallow,0.6,2.0,1.5,6,-0.00732066809770861,259,-1.0950886466284317,-0.04715348362991412,-0.6124251286944833,-0.08540670345888868,0.42857142857142855,1.2020942586252572,0.2548262548262548
0.95,25,deep_slow,0.4,1.0,0.75,12,0.024552703417721047,308,-1.3069557005067596,-0.04718940358966417,-0.6328343735997265,-0.08271508163500774,0.4155844155844156,1.2260321126470275,0.4155844155844156
0.95,25,deep_slow,0.4,1.0,0.75,24,0.024552703417721047,308,-1.3069557005067596,-0.04718940358966417,-0.6328343735997265,-0.08271508163500774,0.4155844155844156,1.2260321126470275,0.4155844155844156
0.9,19,shallow,0.5,1.5,0.5,12,0.0046669078333697435,356,-1.3146278080853704,-0.04722786176083582,-0.6989540774881089,-0.07495126177993394,0.25280898876404495,2.602487390109513,0.25280898876404495
0.9,19,shallow,0.5,1.5,0.5,24,0.0046669078333697435,356,-1.3146278080853704,-0.04722786176083582,-0.6989540774881089,-0.07495126177993394,0.25280898876404495,2.602487390109513,0.25280898876404495
0.95,25,deep_slow,0.4,1.0,0.75,6,0.024552703417721047,311,-1.3110798119127574,-0.04723333180281375,-0.6380281464975783,-0.08211791497031296,0.41479099678456594,1.2275178851137885,0.40192926045016075
0.9,19,shallow,0.7,3.0,2.5,12,-0.02069939223100179,160,-1.4745965296374903,-0.04723536201703471,-0.8307758506799123,-0.06306850023943944,0.5125,0.8326521773252916,0.16875
0.95,25,shallow,0.6,3.0,1.0,12,-0.005076506216777017,214,-1.4085374908167265,-0.047235637920944984,-0.6008608090034836,-0.0872017135442904,0.32242990654205606,1.8555190216986872,0.1588785046728972
0.8,14,deep_slow,0.4,2.0,0.75,6,0.025687802785900486,274,-1.2675399933720661,-0.047276588627051086,-0.6542282932763848,-0.08015763439466206,0.31386861313868614,1.9189147512520477,0.18248175182481752
0.8,14,deep_slow,0.6,3.0,1.5,12,-0.006382668772450415,183,-1.39704556173415,-0.047279865625387885,-0.8043454330963486,-0.06520210749423272,0.4098360655737705,1.2716279823252634,0.15846994535519127
0.9,19,base,0.7,3.0,1.0,24,-0.01070085499890775,196,-1.3216297822080294,-0.047309751322912375,-0.5886066121957239,-0.08915645202612532,0.28061224489795916,2.2480917246382774,0.20918367346938777
0.9,19,shallow,0.6,4.0,1.0,24,-0.00732066809770861,172,-1.5055100523348384,-0.04734557672317563,-0.7482925726648755,-0.07018338719935147,0.23837209302325582,2.7593044828581923,0.1569767441860465
0.95,25,shallow,0.6,1.0,0.75,6,-0.005076506216777017,401,-1.1703443779029106,-0.04738751846978917,-0.6584527425375996,-0.07982972788239562,0.4339152119700748,1.1682300031102064,0.4089775561097257
0.9,19,shallow,0.7,2.5,2.0,12,-0.02069939223100179,184,-1.1888190915102819,-0.04739639250079386,-0.7244334991809256,-0.07257245796813239,0.46195652173913043,1.0401079688499693,0.2554347826086957
0.9,19,deep_slow,0.4,1.5,0.5,12,0.02395796766272022,311,-1.4177866162978419,-0.0474129489677364,-0.631384267444723,-0.0832967133286564,0.24115755627009647,2.7203796948652683,0.2379421221864952
0.9,19,base,0.4,2.0,1.5,6,0.023221962544119495,199,-1.3245093942388084,-0.047444464834998645,-0.8443053257588752,-0.06233183099487272,0.44221105527638194,1.0997635553793956,0.22613065326633167
0.85,16,shallow,0.5,2.5,1.0,24,0.009243240555932723,206,-1.3662984346518823,-0.047590495103269626,-0.4988543765486541,-0.10581972402415996,0.2912621359223301,2.1328894717887774,0.25728155339805825
0.9,19,base,0.7,2.0,1.5,24,-0.01070085499890775,199,-1.2672285362928184,-0.04760037127926753,-0.8132596269312898,-0.06492337185067698,0.4221105527638191,1.2337734005656895,0.4020100502512563
0.85,16,shallow,0.4,2.5,0.75,24,0.019536983020591658,217,-1.3097556076354628,-0.047603016127075515,-0.5763358924061526,-0.09161755065331156,0.2350230414746544,2.8303082721758206,0.2119815668202765
0.8,14,deep_slow,0.6,3.0,2.0,24,-0.006382668772450415,124,-1.5206294062029913,-0.047616023925618256,-0.6163773458369368,-0.08568918369078848,0.4112903225806452,1.2408364392013986,0.2903225806451613
0.8,14,shallow,0.4,3.0,2.0,12,0.022918085700536522,143,-1.4313014333867335,-0.0476684012187818,-0.6917693356074347,-0.07643416191827201,0.4405594405594406,1.1075324792314039,0.20279720279720279
0.85,16,base,0.4,1.5,0.5,24,0.024913286708163326,312,-1.385768523317906,-0.04769362612466732,-0.7462314356368128,-0.07089317013317209,0.2467948717948718,2.636626205032802,0.2467948717948718
0.9,19,deep_slow,0.5,2.0,1.0,6,0.009505043314170823,275,-1.1831886842042019,-0.047704032451216793,-0.6405516519403037,-0.08260726980633148,0.36,1.5896996353570567,0.21818181818181817
0.95,25,shallow,0.8,3.0,1.5,12,-0.033862516362689936,207,-1.3017886929920122,-0.04771729920449963,-0.6905356943547418,-0.07664904021042773,0.4106280193236715,1.2899526036787592,0.16908212560386474
0.8,14,shallow,0.6,1.0,0.75,24,0.0018531278602289152,406,-1.1513751181007532,-0.04772579869217619,-0.6962469547482945,-0.07603379744635663,0.4236453201970443,1.2306432437474824,0.4236453201970443
0.85,16,base,0.6,1.5,0.5,6,0.00727389547987417,429,-1.1908963557454444,-0.04775530412289675,-0.6743081701075774,-0.07855597737205589,0.26573426573426573,2.4657883414854136,0.22843822843822845
0.85,16,shallow,0.5,1.5,0.5,6,0.009243240555932723,383,-1.2972550096754332,-0.04775769187742185,-0.6058959470346398,-0.0874301582985787,0.2689295039164491,2.3898900613617617,0.2245430809399478
0.85,16,base,0.4,3.0,1.0,12,0.024913286708163326,186,-1.489025869979578,-0.04775858730939486,-0.6426829352352882,-0.08242722209832753,0.3064516129032258,1.9592712841407605,0.16666666666666666
0.8,14,shallow,0.5,1.5,1.0,6,0.012208613969103086,301,-1.1415734439435814,-0.047761761695274574,-0.7141126228727424,-0.07418729018698889,0.4152823920265781,1.2664207287249865,0.3289036544850498
0.8,14,shallow,0.7,2.0,0.5,24,-0.009456977029506219,393,-1.242365394602178,-0.04777603317253709,-0.6116719238901824,-0.08663772955197513,0.1984732824427481,3.6135057406155364,0.1984732824427481
0.95,25,base,0.7,1.5,0.5,24,-0.0012058456499734916,441,-1.1900879329252811,-0.04779985941396814,-0.7204053807715187,-0.07359775950297043,0.2585034013605442,2.5800946697056673,0.2585034013605442
0.9,19,deep_slow,0.7,3.0,0.75,24,-0.011679573210607598,236,-1.369400453443626,-0.04786001041323118,-0.662174329684263,-0.08017036433840186,0.211864406779661,3.2555069253604825,0.17372881355932204
0.95,25,shallow,0.7,2.5,1.5,12,-0.018651083800840466,201,-1.3795670044610484,-0.04790968657373906,-0.7504500119589957,-0.07081311846752569,0.4129353233830846,1.2678278376127492,0.23383084577114427
0.95,25,shallow,0.7,1.5,0.75,24,-0.018651083800840466,358,-1.1373696442692292,-0.04791102690938576,-0.5693019849215796,-0.09334797627712699,0.3324022346368715,1.8133752831883343,0.3324022346368715
0.9,19,shallow,0.4,1.5,0.75,6,0.019014132536386064,281,-1.2727850056003476,-0.0479189913369521,-0.5618641556091875,-0.09459937481364522,0.3487544483985765,1.6389752380584004,0.298932384341637
0.8,14,base,0.8,2.0,0.75,24,-0.006188371914272241,333,-1.155676746323612,-0.047930732434101064,-0.6181840639168058,-0.08600186915637908,0.27627627627627627,2.367873688335036,0.2702702702702703
0.85,16,shallow,0.5,2.0,1.5,6,0.009243240555932723,241,-1.1735269562731248,-0.04795259127762308,-0.7764400480983178,-0.06850388988743994,0.4107883817427386,1.278211946034193,0.24896265560165975
0.8,14,shallow,0.4,2.0,1.5,6,0.022918085700536522,218,-1.2070981502262639,-0.04797414727323812,-0.7843501074267368,-0.06784343698900641,0.42201834862385323,1.2109718445750828,0.25229357798165136
0.9,19,deep_slow,0.4,1.5,0.75,12,0.02395796766272022,261,-1.321746498350827,-0.04802040608390723,-0.565956743270915,-0.09411350839789678,0.3333333333333333,1.7501866664038093,0.32567049808429116
0.95,25,base,0.7,1.5,0.5,12,-0.0012058456499734916,442,-1.1955098701033111,-0.048040607279173475,-0.7240236639329022,-0.07359775950297043,0.2579185520361991,2.586659645190593,0.2579185520361991
0.9,19,shallow,0.5,3.0,1.0,24,0.0046669078333697435,172,-1.542430909628728,-0.0481144901219277,-0.6539394067456523,-0.08161037731987808,0.26744186046511625,2.367743743499938,0.20930232558139536
0.85,16,deep_slow,0.7,3.0,1.5,24,-0.022526671088844777,161,-1.3353825432033302,-0.04811861659099792,-0.8931674913976699,-0.059756771863081815,0.3416149068322981,1.7154667764078013,0.2484472049689441
0.9,19,base,0.8,2.0,1.5,12,-0.02406222399551668,238,-1.179204905307624,-0.04811981371818341,-0.6487788338228664,-0.08226860584709961,0.42857142857142855,1.2111992385624268,0.3403361344537815
0.8,14,base,0.5,2.0,1.0,24,0.01796004567886604,235,-1.2732734924051459,-0.048148011402256774,-0.5458380635531731,-0.09784095895935851,0.33191489361702126,1.7829796609668196,0.32340425531914896
0.9,19,deep_slow,0.6,3.0,2.5,12,-0.000270114899313196,153,-1.552661382312377,-0.04816655284140081,-0.6976026504081815,-0.0765848984987384,0.48366013071895425,0.9269497879616531,0.1830065359477124
0.85,16,deep_slow,0.8,2.5,2.0,24,-0.03812047939787101,147,-1.3098608465624575,-0.04821794472394869,-0.5215744636053351,-0.10254081822101957,0.43537414965986393,1.1531136197343703,0.3741496598639456
0.85,16,base,0.6,2.5,2.0,12,0.00727389547987417,177,-1.241293876948817,-0.048244530882300074,-0.578270458270361,-0.09253815073087379,0.4689265536723164,1.003795223931138,0.2655367231638418
0.9,19,shallow,0.4,1.0,0.5,12,0.019014132536386064,350,-1.4794397025402235,-0.048249400206840765,-0.7994065883735022,-0.0669464894200289,0.32285714285714284,1.8069545333419648,0.32285714285714284
0.9,19,shallow,0.4,1.0,0.5,24,0.019014132536386064,350,-1.4794397025402235,-0.048249400206840765,-0.7994065883735022,-0.0669464894200289,0.32285714285714284,1.8069545333419648,0.32285714285714284
0.8,14,shallow,0.6,2.0,0.75,6,0.0018531278602289152,337,-1.2180343371025601,-0.048260963752038366,-0.7384719842894933,-0.07248786153766595,0.3086053412462908,2.01545544424344,0.19584569732937684
0.95,25,deep_slow,0.6,2.0,1.0,24,-9.84969022274224e-05,247,-1.2761099562871947,-0.04833807458376582,-0.6605517369980513,-0.0811678214504955,0.3319838056680162,1.790054599919344,0.31983805668016196
0.8,14,deep_slow,0.8,3.0,2.5,24,-0.037658496495412044,126,-1.2116532230094148,-0.04834127130519861,-0.5045206296197917,-0.10627728204196663,0.4365079365079365,1.1420231357965722,0.3253968253968254
0.85,16,base,0.6,2.0,0.75,24,0.00727389547987417,305,-1.1924233707598502,-0.048352933135588305,-0.636949057518954,-0.08420136496705,0.2721311475409836,2.3897234746573877,0.26557377049180325
0.8,14,deep_slow,0.8,1.5,1.0,12,-0.037658496495412044,340,-1.0776883023481476,-0.04836104512365269,-0.6739993164915405,-0.07958606361451548,0.4,1.3729786632585963,0.37058823529411766
0.8,14,shallow,0.7,3.0,0.75,24,-0.009456977029506219,241,-1.417396072416418,-0.04837180395085783,-0.7706354690860735,-0.06962157158062021,0.21991701244813278,3.1095182802601307,0.17427385892116182
0.85,16,deep_slow,0.7,3.0,1.0,24,-0.022526671088844777,208,-1.3265396496464874,-0.04853065418117619,-0.6803986358446866,-0.07911325368089484,0.2644230769230769,2.4504757256325207,0.20192307692307693
0.85,16,base,0.5,3.0,1.5,24,0.01654176117862261,145,-1.5281552774798386,-0.048592401402194674,-0.9940514848970065,-0.05421936967817509,0.3448275862068966,1.6626911950693968,0.2620689655172414
0.8,14,shallow,0.5,2.0,0.75,24,0.012208613969103086,277,-1.2361780242197462,-0.04866938616771965,-0.5420413048364731,-0.09959018287121824,0.27075812274368233,2.3900186786068143,0.26353790613718414
0.8,14,deep_slow,0.4,3.0,2.0,24,0.025687802785900486,118,-1.441368560411598,-0.04880916461271523,-0.5311540309182976,-0.10192258214044336,0.423728813559322,1.1768310490015963,0.3050847457627119
0.85,16,base,0.4,1.5,0.5,12,0.024913286708163326,312,-1.4223416847238193,-0.048831186863999454,-0.7779959672304225,-0.06961597415876286,0.2467948717948718,2.625142714242183,0.24358974358974358
0.8,14,base,0.4,2.0,1.0,12,0.02654735060013038,217,-1.392395620143403,-0.04884456790756875,-0.6809200962171177,-0.0795625609715721,0.3317972350230415,1.768621089604687,0.28110599078341014
0.9,19,shallow,0.7,3.0,2.0,24,-0.02069939223100179,130,-1.4475271237853746,-0.048882603781553624,-0.6706915608948818,-0.08083867105392917,0.4076923076923077,1.2671066756498324,0.3076923076923077
0.8,14,base,0.7,3.0,2.5,12,0.0027703769776574855,163,-1.378016217098116,-0.04888354115794147,-0.757089923669555,-0.07161481022745608,0.49693251533742333,0.8926904819485664,0.18404907975460122
0.85,16,shallow,0.5,3.0,0.75,24,0.009243240555932723,213,-1.510109136352572,-0.048957562725443715,-0.6038059988097773,-0.08993073744684976,0.215962441314554,3.1035825255055896,0.17370892018779344
0.85,16,shallow,0.5,3.0,2.5,12,0.009243240555932723,144,-1.4391473915887854,-0.04896835240157882,-0.5971723484482363,-0.09094971018862241,0.4861111111111111,0.9139586402307026,0.2013888888888889
0.85,16,deep_slow,0.5,1.5,1.0,24,0.006164899354047,275,-1.1999247336543277,-0.048975790148086285,-0.6518475613628173,-0.083333713754287,0.3927272727272727,1.3858762872414692,0.3927272727272727
0.95,25,shallow,0.7,2.5,2.0,6,-0.018651083800840466,244,-1.1883250078423355,-0.04901529596619236,-0.477389916655256,-0.11387875837674366,0.45081967213114754,1.0846341590704882,0.1598360655737705
0.85,16,base,0.6,2.0,1.0,12,0.00727389547987417,269,-1.2214707855637832,-0.04912457573526097,-0.600559427165846,-0.09072446345019192,0.34572490706319703,1.7025717765715895,0.2788104089219331
0.95,25,shallow,0.7,1.5,1.0,6,-0.018651083800840466,341,-1.1214419133947555,-0.04916295563915807,-0.6093546652614719,-0.0894846331708894,0.4222873900293255,1.238813638713067,0.3284457478005865
0.9,19,shallow,0.7,1.5,0.5,12,-0.02069939223100179,448,-1.2059060266579886,-0.04918510596251502,-0.6768950981568868,-0.08059206850664513,0.25892857142857145,2.568287837674304,0.2544642857142857
0.9,19,deep_slow,0.4,2.5,0.5,24,0.02395796766272022,256,-1.5956751467014951,-0.049219890749805706,-0.7570504591657434,-0.07210991818073997,0.1640625,4.297217606937629,0.15234375
0.8,14,shallow,0.6,1.0,0.75,12,0.0018531278602289152,406,-1.1892677900969957,-0.04922076152248822,-0.6988657768431429,-0.07811487057291833,0.4236453201970443,1.2263947032489282,0.4211822660098522
0.8,14,shallow,0.4,2.5,2.0,12,0.022918085700536522,149,-1.4662710293366203,-0.04922119937409353,-0.6624899842620363,-0.0824047083694387,0.436241610738255,1.1262501277675334,0.30201342281879195
0.8,14,base,0.7,1.5,1.0,12,0.0027703769776574855,324,-1.1103156597262662,-0.04926035808864404,-0.5992427870598387,-0.09117440020227197,0.3950617283950617,1.3944918802637056,0.37037037037037035
0.85,16,deep_slow,0.6,2.0,1.0,6,-0.005917748686304392,314,-1.170007500103002,-0.04930592109437837,-0.7157883722158429,-0.07639966523970765,0.35987261146496813,1.6074064444520006,0.22611464968152867
0.9,19,base,0.5,2.0,1.0,12,0.011181462595549165,247,-1.3199019104765577,-0.049309536129568565,-0.7861538907946818,-0.06956651959748084,0.3441295546558704,1.6829609609660041,0.2874493927125506
0.8,14,shallow,0.7,1.5,1.0,6,-0.009456977029506219,355,-1.0808550517296023,-0.04935238690132293,-0.5995586075010246,-0.09129612992191005,0.4225352112676056,1.2452375863907075,0.3267605633802817
0.9,19,shallow,0.4,1.5,0.75,24,0.019014132536386064,269,-1.3414337510094791,-0.04942854314002498,-0.5616214942011354,-0.09761308086785825,0.3308550185873606,1.769329897552523,0.3308550185873606
0.95,25,deep_slow,0.5,2.0,0.75,12,0.01302946283325905,274,-1.311659059523363,-0.049451962027052265,-0.6034915871775114,-0.09088362637776903,0.2773722627737226,2.2893085011310896,0.24817518248175183
0.95,25,shallow,0.6,2.0,1.5,6,-0.005076506216777017,263,-1.1922452603904832,-0.049467457865900455,-0.6335573502997361,-0.08659775022162941,0.44106463878326996,1.1365321356357918,0.25475285171102663
0.85,16,base,0.8,2.0,0.75,12,-0.009391219307694848,363,-1.1362007981402427,-0.049496915277935094,-0.6682855473423212,-0.08214635046832319,0.2865013774104683,2.2565605860501123,0.24517906336088155
0.95,25,deep_slow,0.7,1.5,0.5,6,-0.014895904927337712,458,-1.2496810710556276,-0.04953602489392528,-0.7130558116292761,-0.0770493275773676,0.27074235807860264,2.422156950794831,0.2292576419213974
0.95,25,shallow,0.6,1.0,0.5,24,-0.005076506216777017,452,-1.3641507307627214,-0.049555711147249215,-0.7823133136282824,-0.07025604851535128,0.334070796460177,1.7629816017971232,0.334070796460177
0.95,25,deep_slow,0.5,2.0,1.0,24,0.01302946283325905,226,-1.3600636547887395,-0.04956728526684506,-0.5659750375498702,-0.0971333335000022,0.33185840707964603,1.7662520381913793,0.3230088495575221
0.8,14,base,0.5,2.0,0.5,24,0.01796004567886604,327,-1.4272440252452943,-0.04957143384069118,-0.5148421177987887,-0.10678930127879671,0.20489296636085627,3.3762922429812616,0.2018348623853211
0.95,25,deep_slow,0.5,1.0,0.5,6,0.01302946283325905,403,-1.4328597765012567,-0.049583797585090905,-0.7370259021215064,-0.07461515675153407,0.3424317617866005,1.672405694947778,0.3225806451612903
0.9,19,deep_slow,0.4,3.0,2.5,24,0.02395796766272022,105,-1.609418216417669,-0.04963091218036686,-0.689299489874077,-0.0798570263617967,0.42857142857142855,1.1428420354791957,0.3238095238095238
0.95,25,shallow,0.6,1.0,0.5,12,-0.005076506216777017,453,-1.3660984874325095,-0.04967861859505074,-0.78256471813988,-0.07040716860273921,0.3333333333333333,1.7683628837626444,0.3333333333333333
0.8,14,shallow,0.6,2.0,0.5,12,0.0018531278602289152,372,-1.3198757827889376,-0.04969405726974263,-0.5871172401350805,-0.09387433352301533,0.20698924731182797,3.380903338909529,0.1827956989247312
0.85,16,deep_slow,0.4,2.0,0.75,24,0.02136119538677576,245,-1.3461578493777822,-0.04972645175288548,-0.666207580096715,-0.08278360391815254,0.2653061224489796,2.408446046506929,0.2612244897959184
0.8,14,base,0.5,2.0,0.75,12,0.01796004567886604,282,-1.2781845112853982,-0.0498237762456708,-0.5170285801519221,-0.10687744580262559,0.2765957446808511,2.3080180288646184,0.24113475177304963
0.8,14,shallow,0.7,2.5,0.5,24,-0.009456977029506219,345,-1.3950818573149444,-0.04982708836540595,-0.7461664836151188,-0.07406169811441587,0.17101449275362318,4.265499860372026,0.15942028985507245
0.85,16,base,0.7,2.0,0.5,6,2.2421718387172765e-05,443,-1.245564062404308,-0.049839500142631055,-0.8052563927738954,-0.06864407813736217,0.23024830699774265,2.9944252932404667,0.16027088036117382
0.9,19,shallow,0.7,1.5,0.5,6,-0.02069939223100179,467,-1.2176437542238017,-0.04987411703992983,-0.7117460461581078,-0.07771643404829032,0.27194860813704497,2.402146807185894,0.23126338329764454
0.85,16,deep_slow,0.8,3.0,2.0,24,-0.03812047939787101,135,-1.4154785654229352,-0.04989972632902817,-0.6325752085816642,-0.08748791359173902,0.4,1.3195099862815776,0.2962962962962963
0.8,14,shallow,0.8,2.0,0.75,6,-0.02179247154392962,380,-1.1756661023562078,-0.04993872519343301,-0.7015070676378462,-0.07895260822907735,0.33421052631578946,1.8043812886993356,0.19210526315789472
0.85,16,deep_slow,0.7,2.0,1.5,12,-0.022526671088844777,235,-1.231012412124237,-0.04994608561949432,-0.7943214451844494,-0.06973745029137535,0.43829787234042555,1.1550978867032162,0.33191489361702126
0.85,16,base,0.5,3.0,2.0,12,0.01654176117862261,159,-1.431208552169346,-0.0499762275016421,-0.8242265459228251,-0.06724763388264299,0.44654088050314467,1.0805304772536848,0.1949685534591195
0.95,25,deep_slow,0.8,2.0,0.75,12,-0.031353780956353744,352,-1.184585781457048,-0.04998292744240029,-0.6439726547598882,-0.0860823728558544,0.2869318181818182,2.242416100167199,0.2471590909090909
0.85,16,deep_slow,0.4,1.5,0.75,12,0.02136119538677576,271,-1.3458265602614072,-0.05009217286866141,-0.5885088797015785,-0.09440045024616128,0.3210332103321033,1.845769089089396,0.3173431734317343
0.95,25,base,0.5,1.5,0.5,24,0.01986995396446551,351,-1.417625209520357,-0.05012759717380033,-0.8502263046893418,-0.06538809319341721,0.25071225071225073,2.5969194174256125,0.25071225071225073
0.8,14,deep_slow,0.4,1.5,0.5,24,0.025687802785900486,316,-1.4569776056179087,-0.05013686306715015,-0.5656501830646536,-0.09830267024345307,0.25,2.5775213544790487,0.25
0.85,16,deep_slow,0.6,3.0,1.0,24,-0.005917748686304392,197,-1.4733565501754096,-0.050165326241807584,-0.6313354612414386,-0.08812493897552576,0.2639593908629442,2.424823428142688,0.20812182741116753
0.8,14,shallow,0.7,1.5,0.75,24,-0.009456977029506219,362,-1.161869567022883,-0.05016976164398601,-0.5723808840250143,-0.09721027616671807,0.3342541436464088,1.793700009094133,0.3342541436464088
0.85,16,shallow,0.5,2.0,0.5,24,0.009243240555932723,323,-1.4480251437741651,-0.050188807237534716,-0.591866899595764,-0.09404540963734176,0.19814241486068113,3.500321947515399,0.19814241486068113
0.85,16,shallow,0.6,4.0,2.0,24,-0.000379516882682105,115,-1.6860743562284948,-0.05019080639720175,-0.9277376674943072,-0.06000034029481316,0.391304347826087,1.3345577504419435,0.2
0.8,14,shallow,0.8,1.5,1.0,6,-0.02179247154392962,377,-1.0754305188605189,-0.05021234427067789,-0.6762982916705368,-0.0823429448707178,0.4217506631299735,1.2523518352669751,0.32360742705570295
0.95,25,deep_slow,0.6,2.5,1.5,24,-9.84969022274224e-05,165,-1.5336822421553846,-0.050219460261203386,-0.7456479424186181,-0.0746951192783678,0.37575757575757573,1.459112610989406,0.3151515151515151
0.9,19,deep_slow,0.7,1.5,0.75,6,-0.011679573210607598,392,-1.162280228534874,-0.05022160049258573,-0.7179032750637383,-0.07758514364923441,0.3596938775510204,1.6105138429414012,0.28061224489795916
0.8,14,base,0.7,2.5,1.0,24,0.0027703769776574855,233,-1.3087332227978412,-0.05022176764784281,-0.5405646498770316,-0.10303820936005681,0.2875536480686695,2.1978311369790897,0.2532188841201717
0.85,16,base,0.4,2.5,1.5,24,0.024913286708163326,149,-1.5867692463522427,-0.050285152460614935,-0.8559120688887045,-0.065157284133738,0.3825503355704698,1.4017206742628843,0.3221476510067114
0.85,16,base,0.5,2.0,0.75,12,0.01654176117862261,277,-1.2462677933582544,-0.05029141158883654,-0.6020003033906167,-0.09265082924885859,0.2851985559566787,2.21438621479402,0.23826714801444043
0.9,19,deep_slow,0.6,1.5,0.5,6,-0.000270114899313196,421,-1.2888450694216207,-0.05035714686270831,-0.7116599988355994,-0.07847640487086671,0.2660332541567696,2.4407466087516716,0.22565320665083136
0.95,25,base,0.5,1.5,0.5,12,0.01986995396446551,352,-1.4234754451360967,-0.05036834503900578,-0.8511819129885834,-0.06562745327722552,0.25,2.6051093197929993,0.25
0.85,16,base,0.4,3.0,0.75,12,0.024913286708163326,213,-1.5266373989076212,-0.05040335368293214,-0.7548003701600491,-0.07405880567404222,0.23943661971830985,2.7156717771879206,0.15023474178403756
0.85,16,deep_slow,0.8,1.5,0.75,6,-0.03812047939787101,424,-1.1312565938864538,-0.050413585985457754,-0.7828180608228181,-0.07142263525724613,0.3608490566037736,1.6122880181802945,0.2806603773584906
0.8,14,base,0.5,1.5,0.75,12,0.01796004567886604,317,-1.2652821914200376,-0.050429551221265134,-0.44584654541742513,-0.1254435719166418,0.334384858044164,1.763755045606285,0.3280757097791798
0.9,19,deep_slow,0.6,1.5,1.0,6,-0.000270114899313196,332,-1.140710775389085,-0.05045015816182441,-0.6381107082695103,-0.08768285746994087,0.41566265060240964,1.2696696384228323,0.3313253012048193
0.8,14,deep_slow,0.4,1.5,0.5,6,0.025687802785900486,328,-1.4593983718783539,-0.05049155274544059,-0.6006094310010773,-0.0932338742021881,0.27439024390243905,2.268283353972592,0.22560975609756098
0.8,14,shallow,0.7,1.5,0.75,6,-0.009456977029506219,386,-1.17494859530973,-0.050504744957001635,-0.6286416943965462,-0.089099613413123,0.3601036269430052,1.6059274540447859,0.27979274611398963
0.95,25,shallow,0.7,1.5,1.0,12,-0.018651083800840466,303,-1.2162527773543184,-0.05052063481482083,-0.7084604367479043,-0.07908600092619078,0.39933993399339934,1.3554035326726528,0.37293729372937295
0.9,19,base,0.5,2.5,0.5,24,0.011181462595549165,285,-1.5334338832867294,-0.050547539118860785,-0.8847774434359346,-0.0633594962759062,0.17192982456140352,4.099130536513611,0.16140350877192983
0.8,14,shallow,0.7,2.0,0.5,6,-0.009456977029506219,424,-1.292103464635423,-0.05057443369947878,-0.7183233223499127,-0.0780829341276068,0.23113207547169812,2.974485579789774,0.1580188679245283
0.95,25,deep_slow,0.5,1.0,0.5,12,0.01302946283325905,400,-1.466520098777273,-0.05057508974045488,-0.760749184131581,-0.073729317451948,0.3325,1.7452936250810285,0.3325
0.95,25,deep_slow,0.5,1.0,0.5,24,0.01302946283325905,400,-1.466520098777273,-0.05057508974045488,-0.760749184131581,-0.073729317451948,0.3325,1.7452936250810285,0.3325
0.8,14,deep_slow,0.8,2.0,1.0,6,-0.037658496495412044,355,-1.1274452706505849,-0.05060156712932118,-0.7544069124682703,-0.07438796660276936,0.37183098591549296,1.5404405490388051,0.22535211267605634
0.8,14,base,0.5,2.0,0.5,6,0.01796004567886604,353,-1.4515775600507246,-0.05061756373392012,-0.6051719421173384,-0.09276121536732274,0.23229461756373937,2.8882143106412737,0.15864022662889518
0.85,16,shallow,0.5,4.0,2.0,24,0.009243240555932723,107,-1.7859967133328476,-0.050628764584289776,-0.6176407032127443,-0.09090863048164599,0.40186915887850466,1.2656949887123132,0.205607476635514
0.95,25,shallow,0.6,1.5,1.0,24,-0.005076506216777017,287,-1.2357039415395512,-0.05065392520243017,-0.6889875556832664,-0.08153513351075226,0.3902439024390244,1.3931381542038621,0.3902439024390244
0.9,19,base,0.5,2.5,1.0,24,0.011181462595549165,198,-1.5193041881622549,-0.0506554289019614,-0.6661670971481658,-0.08433072621725901,0.29292929292929293,2.0811136225720617,0.25757575757575757
0.85,16,shallow,0.7,1.5,0.75,12,-0.00973145051073512,378,-1.1737699078498136,-0.05065621213891469,-0.7167818608898224,-0.07837701290879318,0.3306878306878307,1.834155869500982,0.3201058201058201
0.85,16,base,0.5,3.0,1.5,12,0.01654176117862261,173,-1.5466292160549098,-0.05066023604525349,-0.7881696575081114,-0.07128372697232699,0.42196531791907516,1.1913202574028474,0.1676300578034682
0.85,16,base,0.6,3.0,0.75,24,0.00727389547987417,232,-1.4976107121385458,-0.050679034934661416,-0.7542446010346897,-0.07451754748154416,0.21982758620689655,3.0634228081059116,0.16810344827586207
0.8,14,shallow,0.6,2.5,0.5,24,0.0018531278602289152,318,-1.465359331352901,-0.05073044723611053,-0.8061722548338012,-0.0697881964272703,0.16981132075471697,4.239710884601852,0.16037735849056603
0.85,16,base,0.6,3.0,2.0,24,0.00727389547987417,132,-1.4913075710391142,-0.05086305899054566,-0.5856043938776457,-0.09632431689034093,0.4090909090909091,1.2574809337136956,0.30303030303030304
0.8,14,deep_slow,0.5,3.0,0.75,24,0.010632801658885678,213,-1.5735198336084202,-0.05089343860256701,-0.7596295460715684,-0.07430139526846447,0.2112676056338028,3.188766192632814,0.1784037558685446
0.8,14,base,0.6,2.5,2.0,6,0.010485141393924495,235,-1.207759383050226,-0.050946504555575034,-0.7313053244614371,-0.07725940195899961,0.4723404255319149,0.9884717663257436,0.15319148936170213
0.95,25,shallow,0.6,1.5,0.5,12,-0.005076506216777017,400,-1.3627133195382317,-0.051022496105333714,-0.6225784754472288,-0.09088691641101476,0.2525,2.6075780262640813,0.2525
0.9,19,base,0.7,3.0,1.5,12,-0.01070085499890775,189,-1.4860799274348608,-0.05102294935379903,-0.7784962764305156,-0.07268466238927751,0.4126984126984127,1.2530973349637968,0.1746031746031746
0.8,14,shallow,0.7,1.5,0.75,12,-0.009456977029506219,368,-1.1781231293861985,-0.051056473618033116,-0.5701097302103045,-0.09931738476848073,0.33967391304347827,1.7560349590609259,0.3233695652173913
0.95,25,shallow,0.7,2.0,0.75,6,-0.018651083800840466,359,-1.220245522229832,-0.051097821395764575,-0.6048735505648004,-0.09368491348095676,0.32590529247910865,1.8587315492542162,0.1977715877437326
0.9,19,base,0.4,2.0,1.0,6,0.023221962544119495,230,-1.4706977452309558,-0.05110177038662789,-0.9977672921638349,-0.05679870761387751,0.36086956521739133,1.5325027556237765,0.20869565217391303
0.95,25,deep_slow,0.7,1.0,0.5,24,-0.014895904927337712,506,-1.3120732889316036,-0.05110468676713997,-0.8369601202175855,-0.0677154335051664,0.33201581027667987,1.7964938333071285,0.33201581027667987
0.85,16,shallow,0.8,2.0,0.75,24,-0.01892708337290167,340,-1.2361457589878875,-0.05115549411005971,-0.6812158825344987,-0.08327946669964659,0.27058823529411763,2.423515063891015,0.2647058823529412
0.9,19,deep_slow,0.4,1.5,0.5,6,0.02395796766272022,322,-1.5120777242121124,-0.05116440550028434,-0.7033317716729273,-0.08067479821381651,0.2577639751552795,2.4642014863587303,0.21428571428571427
0.95,25,shallow,0.7,1.5,0.75,6,-0.018651083800840466,380,-1.195897473842876,-0.05117917619722778,-0.6074295633697022,-0.09343878560262764,0.3605263157894737,1.5970277442940608,0.2894736842105263
0.85,16,base,0.4,3.0,2.5,24,0.024913286708163326,107,-1.6892158613482113,-0.051190574177963466,-0.7412340840918595,-0.07658860366093545,0.4485981308411215,1.050554566601192,0.308411214953271
0.95,25,deep_slow,0.7,1.0,0.5,12,-0.014895904927337712,507,-1.3140186534697615,-0.051227594214941385,-0.8389670342416404,-0.0677154335051664,0.33136094674556216,1.8013742821747143,0.33136094674556216
0.9,19,deep_slow,0.7,2.0,1.5,24,-0.011679573210607598,208,-1.3236857694375441,-0.05123979071579765,-0.7780684096020342,-0.0730327838924898,0.4182692307692308,1.2510160801348706,0.39903846153846156
0.95,25,deep_slow,0.7,2.0,0.75,6,-0.014895904927337712,363,-1.2163748266691983,-0.05128182837612927,-0.624359497477586,-0.09108691845134675,0.32231404958677684,1.8955430985871191,0.20110192837465565
0.9,19,shallow,0.7,1.5,0.5,24,-0.02069939223100179,445,-1.2611128868742445,-0.05129840268811858,-0.7065482709677469,-0.08051722855395194,0.25617977528089886,2.5933849825089874,0.25617977528089886
0.8,14,base,0.8,2.0,1.0,6,-0.006188371914272241,348,-1.1360476554197634,-0.051337217648367406,-0.6291064731549257,-0.09049696366161719,0.3735632183908046,1.5255933130239028,0.21264367816091953
0.8,14,base,0.7,1.5,1.0,6,0.0027703769776574855,362,-1.1125535938622138,-0.05134029676533847,-0.5372467154710011,-0.10597669286410194,0.4143646408839779,1.2853310215836162,0.3259668508287293
0.8,14,shallow,0.4,3.0,2.5,24,0.022918085700536522,106,-1.6727389189266897,-0.05134729744428135,-0.7080399983522115,-0.08042394609721348,0.4339622641509434,1.1089053102920938,0.3113207547169811
0.85,16,deep_slow,0.6,2.0,1.5,24,-0.005917748686304392,202,-1.2816754375838089,-0.0513624284101063,-0.8649384717939314,-0.06585451161036437,0.4207920792079208,1.2345223709258901,0.40594059405940597
0.95,25,deep_slow,0.5,1.5,0.75,24,0.01302946283325905,295,-1.3502285847452298,-0.05137036212395529,-0.6331829318653458,-0.0899722179550112,0.3254237288135593,1.8174072807032715,0.3254237288135593
0.85,16,shallow,0.5,2.0,0.5,12,0.009243240555932723,331,-1.487797857371142,-0.0515540715611944,-0.6131114768951148,-0.09324893717671268,0.20241691842900303,3.4012623369521915,0.18126888217522658
0.9,19,shallow,0.5,2.0,0.5,6,0.0046669078333697435,347,-1.451484662749713,-0.051554765220710785,-0.7446966107107765,-0.07677322511574847,0.2334293948126801,2.847127152298801,0.16138328530259366
0.85,16,base,0.4,2.0,1.0,24,0.024913286708163326,202,-1.514955833262524,-0.05158660413300331,-0.6273365789595964,-0.09119181812554988,0.32673267326732675,1.7706916983527652,0.31683168316831684
0.8,14,deep_slow,0.7,3.0,2.0,24,-0.02092844120651946,138,-1.4627846333846524,-0.051603044393263686,-0.658546777132829,-0.08689760896478038,0.4057971014492754,1.2816096836290665,0.2898550724637681
0.8,14,shallow,0.4,2.5,0.75,12,0.022918085700536522,236,-1.4907878972418154,-0.05166468072296648,-0.643413961863218,-0.08904731849636749,0.2542372881355932,2.532074372647479,0.1864406779661017
0.8,14,deep_slow,0.4,1.5,0.75,6,0.025687802785900486,290,-1.371863338796048,-0.0516756948700563,-0.5909367400930604,-0.09697563502308304,0.35172413793103446,1.601467593356864,0.27586206896551724
0.85,16,deep_slow,0.4,1.5,0.75,24,0.02136119538677576,271,-1.3887888067969532,-0.05175329713052634,-0.5933590537419485,-0.09672434371920191,0.3210332103321033,1.8385157421763707,0.3210332103321033
0.95,25,shallow,0.5,4.0,1.0,24,0.0076219438658689225,160,-1.754976309883441,-0.05177777350329327,-0.6793458638221145,-0.08452149307759615,0.225,2.899124509766077,0.15
0.85,16,base,0.4,3.0,0.75,24,0.024913286708163326,194,-1.615016534214858,-0.051819279628961934,-0.7722440189900102,-0.07441328815703219,0.20618556701030927,3.246708073752683,0.17010309278350516
0.85,16,shallow,0.7,1.5,0.75,24,-0.00973145051073512,375,-1.208187696706145,-0.051864621764626695,-0.7740120421855696,-0.07430807852385601,0.3253333333333333,1.866777068326418,0.3253333333333333
0.85,16,shallow,0.5,2.5,0.75,12,0.009243240555932723,263,-1.3533175174998917,-0.051886325232298525,-0.5733581912047739,-0.10035496841693492,0.25475285171102663,2.546639904277846,0.19011406844106463
0.8,14,shallow,0.4,1.5,0.75,12,0.022918085700536522,282,-1.3771968177150884,-0.0519325028141584,-0.525601774664419,-0.10957040123467865,0.32978723404255317,1.7753667313790462,0.32269503546099293
0.9,19,base,0.6,2.5,1.0,12,0.0010325266825469196,243,-1.3758836948823432,-0.05194188589030979,-0.5864727394063781,-0.09821559880277952,0.3333333333333333,1.7706900787773598,0.205761316872428
0.8,14,deep_slow,0.5,2.5,1.0,12,0.010632801658885678,224,-1.4635762582698975,-0.05194676454381264,-0.6458555106300036,-0.08919357995100052,0.3169642857142857,1.8762838066018848,0.21875
0.8,14,shallow,0.8,2.5,1.5,12,-0.02179247154392962,211,-1.3810535332543097,-0.051952456380873535,-0.8252515562208869,-0.06981199560785611,0.4265402843601896,1.1927670268673458,0.22274881516587677
0.9,19,deep_slow,0.7,2.5,0.75,12,-0.011679573210607598,306,-1.2736137040246944,-0.0519724098650407,-0.6055011731630586,-0.09518481731826278,0.2647058823529412,2.464709236223257,0.18627450980392157
0.8,14,deep_slow,0.6,3.0,2.5,24,-0.006382668772450415,113,-1.51128992338293,-0.05205014373498418,-0.6880978521964257,-0.08388408755434218,0.45132743362831856,1.0378544947308062,0.2920353982300885
0.95,25,shallow,0.6,1.5,0.5,24,-0.005076506216777017,399,-1.3917532077418393,-0.0520770926855727,-0.6277178954701251,-0.09200033207499214,0.2531328320802005,2.592724403996567,0.2531328320802005
0.8,14,base,0.7,1.5,0.5,6,0.0027703769776574855,477,-1.2703502433315266,-0.05208326252285289,-0.9458822621532583,-0.06106159128811106,0.2662473794549266,2.464743647706004,0.22641509433962265
0.8,14,base,0.7,1.5,0.75,12,0.0027703769776574855,378,-1.1862054188999378,-0.05209800435245571,-0.6006117103961072,-0.09619088903939343,0.3333333333333333,1.8081400370879936,0.3201058201058201
0.9,19,deep_slow,0.5,1.5,1.0,12,0.009505043314170823,263,-1.3155810350451693,-0.05213640140948572,-0.7192086022134461,-0.08038811709143956,0.38783269961977185,1.3987964143533234,0.3688212927756654
0.95,25,deep_slow,0.5,1.5,0.75,12,0.01302946283325905,297,-1.3651141536203013,-0.05213748011436137,-0.6426096769815351,-0.0899722179550112,0.3265993265993266,1.8050568891001526,0.32323232323232326
0.8,14,base,0.5,1.5,0.5,6,0.01796004567886604,381,-1.43186294201015,-0.05214550678154439,-0.5546298256116458,-0.10426033604284468,0.2677165354330709,2.393781357718351,0.2283464566929134
0.95,25,deep_slow,0.6,2.0,0.5,24,-9.84969022274224e-05,347,-1.4995135983217127,-0.05216994289658039,-0.7290921555000832,-0.07934923926994053,0.2017291066282421,3.444899638189703,0.1988472622478386
0.85,16,base,0.5,4.0,2.0,24,0.01654176117862261,112,-1.7710901154297876,-0.05229026103640233,-0.7320858933109708,-0.07920645340065158,0.39285714285714285,1.317830569553493,0.19642857142857142
0.8,14,deep_slow,0.5,3.0,1.5,12,0.010632801658885678,175,-1.5630711796245746,-0.05230211242637073,-0.7930370891825326,-0.07313533041769527,0.4057142857142857,1.2787165405457654,0.17714285714285713
0.85,16,deep_slow,0.8,2.0,1.5,6,-0.03812047939787101,307,-1.1538980594357389,-0.05231367394960518,-0.7654261203547892,-0.0757902165656722,0.44299674267100975,1.1377300343108627,0.23127035830618892
0.8,14,shallow,0.5,2.0,0.75,6,0.012208613969103086,313,-1.3044932864408947,-0.052315132476685844,-0.6633790649672457,-0.08745139388324985,0.30990415335463256,1.9672178411400334,0.19488817891373802
0.85,16,shallow,0.5,1.5,0.5,12,0.009243240555932723,366,-1.439895394086829,-0.05239369700436669,-0.6242315392014839,-0.09307488811553077,0.25136612021857924,2.5817401079358198,0.24863387978142076
0.85,16,deep_slow,0.7,2.0,0.75,24,-0.022526671088844777,320,-1.3042954253520838,-0.0524029318573932,-0.653828847694583,-0.08887721975517449,0.271875,2.3836667404967113,0.265625
0.9,19,shallow,0.5,1.0,0.5,12,0.0046669078333697435,417,-1.4865877475822238,-0.05253861339017274,-0.9423882982790133,-0.06182217086855801,0.33093525179856115,1.7629614115780767,0.33093525179856115
0.9,19,shallow,0.5,1.0,0.5,24,0.0046669078333697435,417,-1.4865877475822238,-0.05253861339017274,-0.9423882982790133,-0.06182217086855801,0.33093525179856115,1.7629614115780767,0.33093525179856115
0.9,19,base,0.4,1.0,0.75,12,0.023221962544119495,307,-1.5044526806027025,-0.052579764167984155,-0.7587616851912466,-0.07684360524181444,0.4169381107491857,1.207416699096045,0.41368078175895767
0.85,16,base,0.6,1.5,1.0,12,0.00727389547987417,301,-1.2340172513923662,-0.052626228330228675,-0.6996617410263876,-0.08340794813053043,0.3953488372093023,1.374078290109266,0.3787375415282392
0.9,19,base,0.4,1.0,0.75,6,0.023221962544119495,311,-1.5022241826479148,-0.05270862076399141,-0.760769701511574,-0.076828027463962,0.4180064308681672,1.2007900093868331,0.3954983922829582
0.9,19,shallow,0.5,1.0,0.75,24,0.0046669078333697435,359,-1.3765673273662813,-0.05272674800770294,-0.689029636160861,-0.08485625596858604,0.42618384401114207,1.1866847006643824,0.42618384401114207
0.95,25,shallow,0.7,2.5,0.5,24,-0.018651083800840466,333,-1.56264791640122,-0.05273490683235238,-0.7243682436931894,-0.08072895967724192,0.17117117117117117,4.205770769320177,0.16216216216216217
0.9,19,base,0.8,2.0,1.0,6,-0.02406222399551668,353,-1.191987171167933,-0.05275622985384476,-0.6863621110261677,-0.08523353242173859,0.3881019830028329,1.4299133864756233,0.2096317280453258
0.8,14,base,0.4,1.5,1.0,24,0.02654735060013038,245,-1.3497307505327287,-0.052815067530418425,-0.6888650182619123,-0.08501826943560942,0.3836734693877551,1.4093594121684103,0.3836734693877551
0.8,14,deep_slow,0.5,2.5,1.5,12,0.010632801658885678,186,-1.5341680059400888,-0.05283443141951227,-0.6772272354992457,-0.08651087131437629,0.4032258064516129,1.296598323127849,0.25268817204301075
0.85,16,deep_slow,0.6,2.0,1.0,24,-0.005917748686304392,261,-1.3205847704626994,-0.05285815674003069,-0.7491124903318763,-0.07824425156693715,0.32567049808429116,1.8357330223299202,0.31417624521072796
0.95,25,shallow,0.7,1.5,1.0,24,-0.018651083800840466,298,-1.2753834942202444,-0.0528699656153212,-0.7350043632150445,-0.07976388108159393,0.3926174496644295,1.3799168690328618,0.3926174496644295
0.8,14,base,0.6,2.5,1.0,24,0.010485141393924495,222,-1.3991251815755779,-0.05288110669836332,-0.5716787074169993,-0.10257355414823799,0.2882882882882883,2.1609325628284592,0.24774774774774774
0.8,14,shallow,0.4,1.5,0.75,24,0.022918085700536522,282,-1.3999619847919844,-0.05288386172425996,-0.524418675200858,-0.11182317725010138,0.3262411347517731,1.800990824755474,0.3262411347517731
0.85,16,deep_slow,0.4,1.5,0.75,6,0.02136119538677576,286,-1.401081774173039,-0.052902630621772806,-0.6911346587257042,-0.08487913361065014,0.33916083916083917,1.685465556412335,0.2867132867132867
0.8,14,shallow,0.8,2.5,2.0,12,-0.02179247154392962,190,-1.3886823012545966,-0.05296089276937377,-0.77114511065899,-0.0761559884856885,0.45789473684210524,1.0505632643711347,0.2578947368421053
0.9,19,shallow,0.4,1.0,0.5,6,0.019014132536386064,352,-1.626946881516999,-0.05297975979546765,-0.877539293487363,-0.0669464894200289,0.32386363636363635,1.7706762978524098,0.3153409090909091
0.8,14,deep_slow,0.8,2.5,1.0,24,-0.037658496495412044,244,-1.370124241758326,-0.052988104998674235,-0.591104520300655,-0.09940272546406703,0.28688524590163933,2.2013453006456083,0.2540983606557377
0.9,19,deep_slow,0.6,1.0,0.75,6,-0.000270114899313196,408,-1.2699973195888916,-0.05299485318572139,-0.7316893956000142,-0.08031394274557646,0.42892156862745096,1.1826941690915573,0.40441176470588236
0.95,25,deep_slow,0.5,1.0,0.75,12,0.01302946283325905,344,-1.4180289041355756,-0.053065066844237396,-0.6414038877748546,-0.09174013382592894,0.4186046511627907,1.21099638740802,0.4186046511627907
0.95,25,deep_slow,0.5,1.0,0.75,24,0.01302946283325905,344,-1.4180289041355756,-0.053065066844237396,-0.6414038877748546,-0.09174013382592894,0.4186046511627907,1.21099638740802,0.4186046511627907
0.8,14,deep_slow,0.8,2.5,0.75,24,-0.037658496495412044,290,-1.3182773615016494,-0.05315147209614335,-0.6299317168370724,-0.09356251391433168,0.23448275862068965,2.8909858285293213,0.2103448275862069
0.9,19,deep_slow,0.5,1.5,0.5,24,0.009505043314170823,356,-1.4629190247678252,-0.05322283936735739,-0.6494241397093086,-0.09087572125668464,0.2443820224719101,2.6843702951903086,0.2443820224719101
0.85,16,shallow,0.7,1.5,0.5,24,-0.00973145051073512,453,-1.3219981128784286,-0.0532260315588553,-0.8228118692262383,-0.07173014641425801,0.25165562913907286,2.6476545903135666,0.25165562913907286
0.9,19,base,0.6,2.0,1.0,6,0.0010325266825469196,303,-1.3135413661875004,-0.05328117831388213,-0.6874291092911515,-0.08594541004622269,0.38283828382838286,1.4361310964650447,0.21122112211221122
0.9,19,base,0.6,3.0,2.5,12,0.0010325266825469196,150,-1.4894688231076332,-0.05331510390556471,-0.7094758032954531,-0.08332754765918948,0.48,0.9315970177440116,0.17333333333333334
0.8,14,shallow,0.8,2.0,0.5,12,-0.02179247154392962,429,-1.3476661030832968,-0.05340919747610118,-0.7711016637699629,-0.07680296129807718,0.20279720279720279,3.50051114761333,0.18414918414918416
0.85,16,shallow,0.7,1.5,0.5,12,-0.00973145051073512,454,-1.3273351234573443,-0.05346677942406075,-0.8247839557608995,-0.07188129957128031,0.2511013215859031,2.654127618050988,0.2511013215859031
0.9,19,shallow,0.4,2.5,0.75,24,0.019014132536386064,215,-1.5572742396456505,-0.05347655831254694,-0.6856548812921581,-0.0864827974122494,0.23255813953488372,2.808136409821956,0.20930232558139536
0.85,16,base,0.8,3.0,2.5,24,-0.009391219307694848,131,-1.362220490879146,-0.05352255755575963,-0.6063935344471688,-0.09787076582910492,0.4351145038167939,1.1404771855379754,0.3435114503816794
0.9,19,base,0.8,2.0,0.75,24,-0.02406222399551668,337,-1.3209727773532827,-0.05356237733330371,-0.769993453905562,-0.07713340384902967,0.26706231454005935,2.4535304665049362,0.26112759643916916
0.8,14,base,0.4,1.5,1.0,12,0.02654735060013038,249,-1.3668518345597072,-0.053614041768453635,-0.7253470077063365,-0.08195984061550965,0.3895582329317269,1.3719698816551176,0.36947791164658633
0.95,25,shallow,0.5,3.0,1.0,12,0.0076219438658689225,201,-1.664198407009979,-0.05364920767240655,-0.7653804681102396,-0.07772369336601681,0.30845771144278605,1.91571025820559,0.16417910447761194
0.85,16,base,0.6,4.0,2.0,24,0.00727389547987417,116,-1.78989664435605,-0.05366524787643279,-0.5595687405416498,-0.10634247941180897,0.3793103448275862,1.3963393513690425,0.21551724137931033
0.9,19,deep_slow,0.5,1.5,1.0,24,0.009505043314170823,261,-1.3500540859583452,-0.05368916287670045,-0.6836535585008855,-0.08707972267287067,0.3831417624521073,1.4132135861403998,0.3831417624521073
0.95,25,base,0.5,1.5,1.0,6,0.01986995396446551,277,-1.4016587526328337,-0.05369644799891138,-0.8626839232480169,-0.06901764764630458,0.4187725631768953,1.2152373863390924,0.3176895306859206
0.8,14,deep_slow,0.8,2.0,0.75,6,-0.037658496495412044,385,-1.265473145672039,-0.05373488971645102,-0.6661065109180018,-0.08944951945529067,0.3220779220779221,1.8984144527209388,0.2051948051948052
0.8,14,base,0.5,2.5,0.5,24,0.01796004567886604,289,-1.668598020906781,-0.05379468527776832,-0.6106885437301832,-0.09767499925052281,0.1695501730103806,4.156414295905727,0.16262975778546712
0.9,19,shallow,0.5,2.5,0.5,24,0.0046669078333697435,282,-1.7038829706402554,-0.05380934521695924,-0.9805788783957763,-0.060846923010882126,0.16666666666666666,4.22120146240927,0.15602836879432624
0.8,14,base,0.6,2.5,0.5,24,0.010485141393924495,316,-1.5411223058250425,-0.05382418466881489,-0.7414093528249207,-0.08049751484527612,0.16772151898734178,4.267262688056259,0.15822784810126583
0.9,19,base,0.4,1.0,0.75,24,0.023221962544119495,306,-1.5447206882564462,-0.0539031838393913,-0.76490666288447,-0.07813885660218334,0.4150326797385621,1.212301811672668,0.4150326797385621
0.8,14,base,0.6,3.0,2.0,12,0.010485141393924495,167,-1.5092195594511368,-0.05394866970607792,-0.668179208129956,-0.08952569715809344,0.4550898203592814,1.034895242017668,0.17964071856287425
0.8,14,shallow,0.4,1.0,0.5,12,0.022918085700536522,358,-1.6371729925866974,-0.05395281651840578,-0.7270723899807718,-0.08228038072490795,0.3240223463687151,1.7731114096259402,0.3240223463687151
0.8,14,shallow,0.4,1.0,0.5,24,0.022918085700536522,358,-1.6371729925866974,-0.05395281651840578,-0.7270723899807718,-0.08228038072490795,0.3240223463687151,1.7731114096259402,0.3240223463687151
0.95,25,base,0.5,2.0,0.75,12,0.01986995396446551,276,-1.455916872079123,-0.05395744295313143,-0.7541362773079677,-0.0793343439803762,0.2753623188405797,2.2830239415765385,0.2463768115942029
0.9,19,base,0.6,4.0,1.0,24,0.0010325266825469196,173,-1.7363226940671708,-0.053983929719823576,-0.5924642911832168,-0.10103255921765286,0.2254335260115607,2.921895380511625,0.15028901734104047
0.9,19,deep_slow,0.8,2.0,0.75,6,-0.024449058955838984,400,-1.250271868407861,-0.05399154581557852,-0.7163878233046528,-0.08356730803661094,0.325,1.87709462813065,0.195
0.8,14,base,0.5,1.5,0.75,24,0.01796004567886604,314,-1.3676152836963968,-0.05400249171080895,-0.47733574413278096,-0.1254435719166418,0.32802547770700635,1.7993200857603584,0.32802547770700635
0.8,14,deep_slow,0.4,1.5,0.5,12,0.025687802785900486,317,-1.5744967579564857,-0.054006320532988705,-0.6091689342067764,-0.09830267024345307,0.24921135646687698,2.5574900038365946,0.24605678233438485
0.9,19,base,0.6,2.0,0.5,24,0.0010325266825469196,360,-1.484695423052148,-0.054008061391727535,-0.6746784396207337,-0.08876059107413536,0.2,3.485847975986302,0.2
0.8,14,deep_slow,0.7,2.5,0.75,12,-0.02092844120651946,306,-1.282127619674256,-0.054021481672481775,-0.6012139679598264,-0.09963123630998216,0.2679738562091503,2.41849496100428,0.18627450980392157
0.85,16,deep_slow,0.8,1.5,0.75,12,-0.03812047939787101,397,-1.2276202024479146,-0.054031702707659224,-0.6996817841156009,-0.08562605153965708,0.33249370277078083,1.8167352529793979,0.31738035264483627
0.8,14,base,0.7,1.5,0.75,6,0.0027703769776574855,399,-1.2305230147774906,-0.05407067200350424,-0.7146447227605295,-0.08389352123550875,0.3558897243107769,1.6280166013332573,0.2807017543859649
0.85,16,shallow,0.5,1.5,0.5,24,0.009243240555932723,365,-1.487833097492979,-0.0540740022242423,-0.6382027672264703,-0.09394779569915357,0.2493150684931507,2.5980518941306583,0.2493150684931507
0.9,19,deep_slow,0.7,2.0,0.5,12,-0.011679573210607598,403,-1.4023651122347975,-0.054075234608112366,-0.7061621008520677,-0.08490841592596654,0.20595533498759305,3.401005972156782,0.18858560794044665
0.8,14,deep_slow,0.8,2.5,1.5,12,-0.037658496495412044,221,-1.3614293306692644,-0.05410945967630032,-0.8291654370157286,-0.07235821985926383,0.42081447963800905,1.2222911278184978,0.22624434389140272
0.8,14,shallow,0.4,1.0,0.5,6,0.022918085700536522,360,-1.6456126175857726,-0.05411475297446666,-0.733662926283677,-0.08178522262939525,0.3277777777777778,1.7402910748438403,0.31666666666666665
0.9,19,shallow,0.8,3.0,2.5,12,-0.03623754955899112,168,-1.6953067460742306,-0.054116423551039294,-0.7758617957417802,-0.07733933105798618,0.5119047619047619,0.8285036932741444,0.16666666666666666
0.8,14,deep_slow,0.7,3.0,1.5,12,-0.02092844120651946,201,-1.4202178190669499,-0.05414590273621345,-0.8106849987654768,-0.07405739112403475,0.40298507462686567,1.3015432664579782,0.1791044776119403
0.85,16,deep_slow,0.6,1.5,0.5,6,-0.005917748686304392,434,-1.382799559670873,-0.05414608337742144,-0.7507318342335699,-0.07997185274307539,0.26497695852534564,2.4469535429012628,0.22119815668202766
0.9,19,base,0.6,2.0,0.5,12,0.0010325266825469196,365,-1.4575289269220766,-0.054158094285250646,-0.6729495526124865,-0.08923505670708154,0.2054794520547945,3.3697073819741976,0.18904109589041096
0.9,19,deep_slow,0.5,1.5,0.5,12,0.009505043314170823,356,-1.4926340969333514,-0.05416288342111397,-0.6717136243518778,-0.08940712647712845,0.2443820224719101,2.6756320409970957,0.24157303370786518
0.85,16,shallow,0.4,3.0,0.75,24,0.019536983020591658,188,-1.7233660400169235,-0.05418171272823469,-0.6480088371610361,-0.09270984239515578,0.2074468085106383,3.1865451802619518,0.17553191489361702
0.9,19,deep_slow,0.4,1.5,1.0,12,0.02395796766272022,230,-1.4636252693829552,-0.05418287173696468,-0.6722375535658366,-0.08937030950737779,0.3869565217391304,1.3717253027378156,0.3739130434782609
0.9,19,shallow,0.5,1.5,0.5,6,0.0046669078333697435,372,-1.4939750921154669,-0.05419479467448207,-0.7515606250448381,-0.07995530196988732,0.26881720430107525,2.3529278263200273,0.22580645161290322
0.9,19,base,0.8,2.5,2.0,6,-0.02406222399551668,264,-1.2830622049730411,-0.05422422870414345,-0.7755050672321786,-0.07752855887978505,0.4696969696969697,1.003303612894441,0.15151515151515152
0.85,16,base,0.7,2.0,1.0,12,2.2421718387172765e-05,296,-1.295272750245629,-0.05422671236034926,-0.733991634943711,-0.08191719441097678,0.34121621621621623,1.7239821268884026,0.28040540540540543
0.8,14,deep_slow,0.7,3.0,2.5,24,-0.02092844120651946,121,-1.4550229028193333,-0.05422759772665242,-0.6169464599696307,-0.09745985746524888,0.4380165289256198,1.10892971528912,0.3140495867768595
0.8,14,shallow,0.4,2.0,1.5,24,0.022918085700536522,167,-1.5606939454783193,-0.05426701153151203,-0.8645063336042402,-0.06960166252458766,0.41317365269461076,1.2286957013159987,0.39520958083832336
0.85,16,shallow,0.5,2.5,2.0,6,0.009243240555932723,208,-1.4201321295144231,-0.054281383509122594,-0.7959479175531181,-0.0756167106325496,0.4182692307692308,1.1957142093462843,0.15384615384615385
0.85,16,shallow,0.7,2.0,1.0,6,-0.00973145051073512,330,-1.2586125495944755,-0.05432541229262311,-0.8983442208591975,-0.06705183447201646,0.3696969696969697,1.5316771426665758,0.21515151515151515
0.8,14,shallow,0.7,2.5,2.0,12,-0.009456977029506219,187,-1.4073176044706002,-0.054454860254510296,-0.8136331319706653,-0.07420875806239458,0.45454545454545453,1.0604942367948764,0.25668449197860965
0.9,19,deep_slow,0.7,2.0,0.5,24,-0.011679573210607598,397,-1.437983109278707,-0.054460983134855034,-0.7182096864999653,-0.08407777397029892,0.19899244332493704,3.546833962778999,0.19899244332493704
0.8,14,deep_slow,0.6,3.0,0.75,24,-0.006382668772450415,223,-1.5508539812974578,-0.054464060394456615,-0.7237263581841263,-0.08344158286659031,0.21076233183856502,3.1922331643485915,0.17937219730941703
0.85,16,base,0.7,2.0,1.0,6,2.2421718387172765e-05,335,-1.2684433469688332,-0.05448868451986133,-0.8190561769489763,-0.07376305907301317,0.3701492537313433,1.5251836076011782,0.21492537313432836
0.9,19,shallow,0.7,2.0,0.75,24,-0.02069939223100179,317,-1.3745107122711921,-0.05462581396513577,-0.6949930460525892,-0.08714857355466388,0.26813880126182965,2.4150987418531984,0.2618296529968454
0.95,25,deep_slow,0.5,3.0,2.5,12,0.01302946283325905,140,-1.627907475883054,-0.0546824510624091,-0.616375538845541,-0.09836576350465187,0.4642857142857143,0.9827099045180173,0.22142857142857142
0.9,19,deep_slow,0.7,1.5,1.0,6,-0.011679573210607598,357,-1.203846008631834,-0.05469679968399421,-0.6935474107653152,-0.08744335026517225,0.4173669467787115,1.2588574758609694,0.33053221288515405
0.9,19,shallow,0.7,2.0,1.0,24,-0.02069939223100179,264,-1.3908884346065618,-0.054699967535980276,-0.6914403654178624,-0.08771488248850878,0.32575757575757575,1.831802600184709,0.3181818181818182
0.95,25,shallow,0.5,2.0,1.0,12,0.0076219438658689225,239,-1.4869967010105738,-0.054804876422850146,-0.6944072274749692,-0.08750709483686314,0.3389121338912134,1.697604260886022,0.2928870292887029
0.8,14,deep_slow,0.6,2.0,0.75,12,-0.006382668772450415,308,-1.357115232229892,-0.05484376237853816,-0.6755207581338575,-0.09001727338847731,0.2792207792207792,2.2740559414983963,0.2435064935064935
0.95,25,deep_slow,0.6,2.5,0.5,24,-9.84969022274224e-05,311,-1.6862105200393163,-0.0548806224231464,-0.8353293666957227,-0.07284464976115579,0.16720257234726688,4.253012928846271,0.15755627009646303
0.9,19,shallow,0.5,1.0,0.75,12,0.0046669078333697435,359,-1.4351684235148332,-0.05490065201313932,-0.717347371121991,-0.08485625596858604,0.42618384401114207,1.1800994833146838,0.4233983286908078
0.85,16,deep_slow,0.5,1.5,1.0,6,0.006164899354047,299,-1.315601179672434,-0.055018975432825745,-0.7161204454760906,-0.08518425104877192,0.4080267558528428,1.280069640720283,0.3277591973244147
0.9,19,deep_slow,0.5,2.5,2.0,6,0.009505043314170823,210,-1.372823361618601,-0.055091953863609544,-0.6118984817568747,-0.09982511945896,0.44285714285714284,1.0885718226558143,0.1523809523809524
0.95,25,deep_slow,0.6,1.0,0.75,6,-9.84969022274224e-05,398,-1.3682361292116576,-0.055126875297004996,-0.7981091363974232,-0.0765828016707667,0.4296482412060301,1.1695409049907812,0.4045226130653266
0.9,19,base,0.5,2.0,0.5,24,0.011181462595549165,316,-1.6365871509640826,-0.055163029784837225,-0.781319331584783,-0.07827963354224021,0.20253164556962025,3.3421193694177176,0.19936708860759494
0.8,14,shallow,0.8,2.0,0.75,12,-0.02179247154392962,346,-1.2996001676186613,-0.05517093344740642,-0.7260211635313241,-0.08425391570257434,0.28901734104046245,2.1930356946649727,0.23699421965317918
0.9,19,shallow,0.4,1.5,0.75,12,0.019014132536386064,269,-1.5045588136647894,-0.055185334520322815,-0.6268221543190451,-0.09761308086785825,0.3308550185873606,1.73961779786107,0.32342007434944237
0.8,14,base,0.7,1.5,0.5,24,0.0027703769776574855,457,-1.3525884978682718,-0.05520454988018242,-0.9136363041354614,-0.06699304491952662,0.24945295404814005,2.671198727800366,0.24945295404814005
0.8,14,deep_slow,0.5,2.5,0.75,24,0.010632801658885678,234,-1.5825509328188938,-0.05520754074849199,-0.7356934683447203,-0.08320120542526943,0.23504273504273504,2.7752445767896816,0.2094017094017094
0.85,16,shallow,0.7,2.5,2.0,6,-0.00973145051073512,250,-1.2948532124386591,-0.055245756283154646,-0.6444636903337565,-0.09504463785919526,0.46,1.0337110383850119,0.152
0.95,25,base,0.5,2.0,0.75,6,0.01986995396446551,302,-1.4512069251381159,-0.05528495202782591,-0.8993140829301621,-0.06815876343511129,0.3211920529801324,1.8406088231413216,0.19205298013245034
0.8,14,base,0.4,1.0,0.5,12,0.02654735060013038,356,-1.6745591357314558,-0.055302451046226775,-0.875220229871915,-0.0700571958688363,0.32303370786516855,1.7728258005573538,0.32303370786516855
0.8,14,base,0.4,1.0,0.5,24,0.02654735060013038,356,-1.6745591357314558,-0.055302451046226775,-0.875220229871915,-0.0700571958688363,0.32303370786516855,1.7728258005573538,0.32303370786516855
0.8,14,deep_slow,0.6,2.5,1.5,12,-0.006382668772450415,201,-1.5480456714262576,-0.0553031976477234,-0.8360625872034451,-0.07333936612555025,0.4079601990049751,1.2750687529760691,0.24875621890547264
0.85,16,deep_slow,0.6,1.5,0.5,12,-0.005917748686304392,416,-1.4121404541092752,-0.0553044784027058,-0.7008153987163995,-0.08749481780565904,0.25,2.6379172411305634,0.25
0.85,16,deep_slow,0.6,1.5,0.5,24,-0.005917748686304392,416,-1.4121404541092752,-0.0553044784027058,-0.7008153987163995,-0.08749481780565904,0.25,2.6379172411305634,0.25
0.85,16,shallow,0.4,1.0,0.5,12,0.019536983020591658,359,-1.6491848409776138,-0.055337189393391606,-0.9287000750957933,-0.06606424192275129,0.3231197771587744,1.774243155431716,0.3231197771587744
0.85,16,shallow,0.4,1.0,0.5,24,0.019536983020591658,359,-1.6491848409776138,-0.055337189393391606,-0.9287000750957933,-0.06606424192275129,0.3231197771587744,1.774243155431716,0.3231197771587744
0.8,14,base,0.5,1.5,0.5,12,0.01796004567886604,371,-1.5207588672620134,-0.05534087419186828,-0.5464276479717977,-0.11228922792939433,0.25067385444743934,2.5851516251267763,0.24797843665768193
0.9,19,base,0.5,3.0,1.0,24,0.011181462595549165,180,-1.6567591260453824,-0.0553451752216686,-0.695652168340624,-0.08820887047731041,0.2611111111111111,2.385985301106455,0.21666666666666667
0.85,16,base,0.5,2.5,0.75,12,0.01654176117862261,259,-1.4256923200325404,-0.05536348142975833,-0.6322671533099221,-0.0970838400547338,0.2625482625482625,2.434382445956198,0.18146718146718147
0.8,14,base,0.5,1.5,0.5,24,0.01796004567886604,368,-1.532972062259582,-0.05543186836669978,-0.5473232115712641,-0.11228922792939433,0.25,2.591208196314773,0.25
0.85,16,base,0.4,3.0,2.0,24,0.024913286708163326,116,-1.673464473891856,-0.055445286977233166,-0.8470425596699185,-0.07257407509094038,0.4224137931034483,1.1538096396983055,0.28448275862068967
0.8,14,deep_slow,0.7,2.5,2.0,12,-0.02092844120651946,193,-1.3248095425478001,-0.05544663909714542,-0.7317820311902923,-0.08400701574272884,0.45077720207253885,1.0776613350020405,0.2694300518134715
0.9,19,base,0.6,2.0,1.0,12,0.0010325266825469196,268,-1.400117535366728,-0.05547809258744796,-0.6511043629639137,-0.0944696251491054,0.34701492537313433,1.6706411300094104,0.2873134328358209
0.8,14,base,0.6,3.0,1.5,12,0.010485141393924495,186,-1.635429950974707,-0.05559585782584009,-0.7436811703339163,-0.08288461964365235,0.40860215053763443,1.2543038152736754,0.16666666666666666
0.8,14,base,0.5,1.5,1.0,12,0.01796004567886604,278,-1.3804751066522822,-0.05562605654276864,-0.6762262834599875,-0.09120187376145938,0.38848920863309355,1.388525470269887,0.37410071942446044
0.85,16,shallow,0.5,2.0,0.75,12,0.009243240555932723,279,-1.445604684600009,-0.05563763107482078,-0.6151601951115384,-0.10027614894609638,0.27598566308243727,2.2719140668973843,0.23655913978494625
0.85,16,base,0.7,2.0,1.5,12,2.2421718387172765e-05,235,-1.3584338386812136,-0.055642556828157885,-0.9687482888785632,-0.06368149455072614,0.4297872340425532,1.184973692712887,0.3404255319148936
0.9,19,shallow,0.8,2.5,0.5,24,-0.03623754955899112,381,-1.4834616633012832,-0.055701562217115974,-0.9361100490534373,-0.06597145975503216,0.1679790026246719,4.349557450734011,0.16010498687664043
0.8,14,shallow,0.4,3.0,0.75,24,0.022918085700536522,196,-1.7617061474964488,-0.055815179805948634,-0.7044195998604722,-0.08784835811356573,0.20408163265306123,3.252352565191862,0.17857142857142858
0.9,19,shallow,0.5,1.0,0.75,6,0.0046669078333697435,365,-1.456995554166168,-0.055833117950237265,-0.8015828657137836,-0.07722461546273196,0.4273972602739726,1.1689934734316325,0.4
0.85,16,shallow,0.4,3.0,2.0,24,0.019536983020591658,108,-1.7867459968082493,-0.05590429498448635,-0.7607009696147546,-0.08147825200656755,0.39814814814814814,1.2509652840788632,0.2962962962962963
0.8,14,base,0.7,1.5,0.5,12,0.0027703769776574855,460,-1.3648042554308368,-0.05594404497415606,-0.8935595704113546,-0.0694128452333761,0.25,2.660410826774,0.24782608695652175
0.9,19,base,0.8,2.0,0.5,24,-0.02406222399551668,430,-1.4352630740293468,-0.05597808102959778,-0.8568286324184852,-0.07243236532011832,0.19534883720930232,3.653683283570009,0.19534883720930232
0.8,14,shallow,0.6,2.0,0.5,24,0.0018531278602289152,361,-1.5351578649710043,-0.056078854118585486,-0.6836746378553085,-0.09094016639347846,0.19667590027700832,3.538649932406276,0.19667590027700832
0.85,16,base,0.7,2.0,0.75,24,2.2421718387172765e-05,331,-1.3680394365295327,-0.05608908351361419,-0.8454515600718547,-0.07355216115666541,0.2688821752265861,2.409446656784643,0.2628398791540785
0.8,14,shallow,0.5,1.5,0.5,24,0.012208613969103086,372,-1.5029248632536305,-0.05610359709049895,-0.6485365301699207,-0.09590952061790636,0.24731182795698925,2.633772158148233,0.24731182795698925
0.95,25,deep_slow,0.6,2.0,0.75,12,-9.84969022274224e-05,298,-1.4489566744470943,-0.05616554280458508,-0.6565043215130537,-0.09484976540627699,0.2785234899328859,2.2636789211800092,0.23825503355704697
0.8,14,base,0.8,4.0,2.5,24,-0.006188371914272241,114,-1.7821325962259629,-0.05617795627661337,-0.612881204983733,-0.1016232800679987,0.39473684210526316,1.3130666569754093,0.19298245614035087
0.9,19,deep_slow,0.5,1.5,0.5,6,0.009505043314170823,374,-1.5282945997307547,-0.056257355801410114,-0.713458754884115,-0.08742024338630938,0.25935828877005346,2.4626559932700345,0.2192513368983957
0.9,19,base,0.8,2.5,1.5,12,-0.02406222399551668,215,-1.4605383454434724,-0.056367254884419626,-0.8036525611653467,-0.07776019456666461,0.413953488372093,1.2535524339771025,0.2372093023255814
0.8,14,shallow,0.7,3.0,1.5,12,-0.009456977029506219,192,-1.633054605263977,-0.056385347554323895,-0.809412514959927,-0.07723153659305271,0.4166666666666667,1.2162238348568348,0.16666666666666666
0.85,16,shallow,0.4,3.0,2.5,24,0.019536983020591658,100,-1.766412694773865,-0.05644638154339565,-0.6852895220201947,-0.09131850651453144,0.43,1.0985378956159313,0.32
0.9,19,shallow,0.8,1.5,1.0,6,-0.03623754955899112,379,-1.2064543249829183,-0.05646799439819361,-0.7435904429468433,-0.08419083201603783,0.42216358839050133,1.2378434374490055,0.32717678100263853
0.8,14,shallow,0.8,2.0,0.5,24,-0.02179247154392962,420,-1.468733696909518,-0.056586606788174065,-0.8392418994183828,-0.07475146883090378,0.19523809523809524,3.641007533740189,0.19523809523809524
0.8,14,shallow,0.4,2.5,1.0,12,0.022918085700536522,208,-1.6543810527875629,-0.05672361823545724,-0.6520516921949618,-0.09644321255231814,0.3076923076923077,1.9249022820445103,0.21153846153846154
0.85,16,base,0.4,2.0,1.0,6,0.024913286708163326,239,-1.577901720683117,-0.056735364362054175,-0.7965305155577572,-0.07896613860620605,0.36401673640167365,1.4939284449782397,0.21338912133891214
0.85,16,deep_slow,0.8,1.5,0.75,24,-0.03812047939787101,390,-1.3033138571377971,-0.05677194320206069,-0.777540670164024,-0.08094670802058235,0.32564102564102565,1.8551631370844632,0.32564102564102565
0.8,14,shallow,0.5,1.0,0.5,24,0.012208613969103086,419,-1.608029376581584,-0.0568068292879188,-0.8353241446611452,-0.07539337382369993,0.3198090692124105,1.8364861025077481,0.3198090692124105
0.85,16,base,0.4,2.0,1.5,24,0.024913286708163326,166,-1.6598725289156204,-0.05682169993788988,-0.8647792945486854,-0.07284440943159431,0.41566265060240964,1.2088627209024099,0.39156626506024095
0.8,14,base,0.8,2.5,2.0,12,-0.006188371914272241,196,-1.3829550207668517,-0.056882543319661916,-0.8098370154446993,-0.07786945409629031,0.4642857142857143,1.0207447909590646,0.2602040816326531
0.95,25,deep_slow,0.6,1.5,1.0,6,-9.84969022274224e-05,313,-1.3577469986640076,-0.05689724985878941,-0.8994800498496156,-0.0701269764964958,0.40894568690095845,1.2794430365529144,0.3226837060702875
0.9,19,base,0.8,1.5,0.75,6,-0.02406222399551668,421,-1.2850751748802285,-0.05691602913795524,-0.8102419756241792,-0.0778762004043494,0.3586698337292161,1.6076116257259756,0.28028503562945367
0.85,16,base,0.8,2.5,2.0,12,-0.009391219307694848,192,-1.436073883108612,-0.05694614525877417,-0.8168676776209194,-0.07728527507536609,0.4635416666666667,1.0158134870899005,0.24479166666666666
0.95,25,base,0.7,1.0,0.75,6,-0.0012058456499734916,442,-1.3236672097456652,-0.05695121541884651,-0.7724486842268412,-0.08173675054031149,0.4298642533936652,1.1780693518208223,0.39819004524886875
0.8,14,shallow,0.5,1.0,0.5,12,0.012208613969103086,420,-1.6114506502226502,-0.0569605210600046,-0.8358988583259314,-0.07554469895732996,0.319047619047619,1.8422494190938856,0.319047619047619
0.9,19,deep_slow,0.7,3.0,1.0,24,-0.011679573210607598,203,-1.717943701740789,-0.056964216770727605,-0.707719883634856,-0.08923277785165129,0.2660098522167488,2.3664249722644968,0.2019704433497537
0.95,25,shallow,0.6,2.5,1.5,12,-0.005076506216777017,186,-1.7572546931276822,-0.057054801225558394,-0.8070267177638255,-0.07837646485132654,0.4032258064516129,1.278615855245226,0.24731182795698925
0.9,19,shallow,0.5,1.0,0.5,6,0.0046669078333697435,420,-1.6161193620711076,-0.05706884470724627,-1.0086715354964175,-0.06272350909458435,0.3357142857142857,1.702925522514017,0.319047619047619
0.95,25,base,0.5,1.5,1.0,12,0.01986995396446551,258,-1.5261328249916468,-0.05707668695563428,-0.7502803053576594,-0.08433659113173808,0.3875968992248062,1.3701256314220829,0.3643410852713178
0.95,25,deep_slow,0.5,2.0,0.75,24,0.01302946283325905,267,-1.5465627560818394,-0.05709424586363765,-0.6532968374664823,-0.09688625600273759,0.2696629213483146,2.325142524992496,0.26217228464419473
0.8,14,shallow,0.5,1.0,0.5,6,0.012208613969103086,423,-1.6137264766332575,-0.05709944603224515,-0.8393916492910027,-0.07541322395519456,0.32860520094562645,1.7613834993805793,0.30969267139479906
0.9,19,base,0.5,4.0,2.5,24,0.011181462595549165,95,-2.2207688295844306,-0.05714778006516563,-0.7493323792825365,-0.08454810905187049,0.42105263157894735,1.1176963894407368,0.18947368421052632
0.85,16,base,0.5,1.0,0.5,12,0.01654176117862261,423,-1.6103296429073672,-0.05716253805622884,-0.9156611980275113,-0.0692078491569379,0.3262411347517731,1.782922036333505,0.3262411347517731
0.85,16,base,0.5,1.0,0.5,24,0.01654176117862261,423,-1.6103296429073672,-0.05716253805622884,-0.9156611980275113,-0.0692078491569379,0.3262411347517731,1.782922036333505,0.3262411347517731
0.95,25,deep_slow,0.7,1.0,0.5,6,-0.014895904927337712,513,-1.4730234713296464,-0.057243966895483056,-0.9566322049272161,-0.0663378394774129,0.33723196881091616,1.7308461363481755,0.31968810916179335
0.9,19,base,0.5,1.5,0.75,6,0.011181462595549165,326,-1.4503512996660288,-0.05728414382490721,-0.8267022107496517,-0.07681763083785575,0.3558282208588957,1.568444160189093,0.2883435582822086
0.8,14,shallow,0.5,1.5,0.5,12,0.012208613969103086,373,-1.5404798518304919,-0.05741822754644632,-0.6636823198281174,-0.09590952061790636,0.24664879356568364,2.632411729800415,0.24396782841823056
0.9,19,deep_slow,0.4,2.0,0.75,6,0.02395796766272022,260,-1.5585942338828354,-0.05747077045162596,-0.7349402044104676,-0.08668937458272896,0.3038461538461538,1.9461925166766312,0.19230769230769232
0.85,16,shallow,0.8,2.0,1.0,6,-0.01892708337290167,356,-1.3105592753730884,-0.05747816288873919,-0.8358598673807391,-0.07623248451102005,0.37359550561797755,1.5084898962130655,0.21629213483146068
0.9,19,deep_slow,0.5,2.0,1.0,24,0.009505043314170823,229,-1.5192846456440434,-0.05751391372980663,-0.6694181788114665,-0.09524565736832535,0.31877729257641924,1.8441961619894613,0.31004366812227074
0.9,19,base,0.7,3.0,0.75,24,-0.01070085499890775,234,-1.664017093799994,-0.05771796937724294,-0.8260290754915135,-0.0774605017385046,0.21367521367521367,3.1310593867756946,0.16666666666666666
0.9,19,deep_slow,0.8,2.0,1.5,6,-0.024449058955838984,304,-1.291039552170194,-0.05775144631401885,-0.8828526659221936,-0.07251675821642356,0.4342105263157895,1.1654442090746326,0.23355263157894737
0.8,14,deep_slow,0.6,4.0,2.5,24,-0.006382668772450415,104,-2.137277256768031,-0.0577645918406644,-0.7394517007554188,-0.08659948570074993,0.40384615384615385,1.2261130868441155,0.21153846153846154
0.85,16,deep_slow,0.7,1.5,0.5,6,-0.022526671088844777,466,-1.44955383987356,-0.057774906480819954,-0.8380740604916153,-0.07642228293467057,0.2703862660944206,2.3720476191713105,0.22532188841201717
0.85,16,base,0.6,1.5,0.5,24,0.00727389547987417,414,-1.4598489797667706,-0.057800155676891785,-0.7502896135185895,-0.0854009278240574,0.2463768115942029,2.6644646396594047,0.2463768115942029
0.85,16,base,0.4,1.5,0.75,24,0.024913286708163326,267,-1.5418167349938716,-0.05782521215854253,-0.6514744544418526,-0.09839696991033675,0.32209737827715357,1.7867733946463065,0.32209737827715357
0.9,19,shallow,0.5,2.0,0.75,6,0.0046669078333697435,303,-1.5001336849743232,-0.05785540472441275,-0.7178784044957074,-0.08934168995873193,0.3069306930693069,1.9568392746944814,0.20132013201320131
0.8,14,base,0.4,2.0,0.75,12,0.02654735060013038,251,-1.6273098135042747,-0.05789220589325883,-0.6469535537057663,-0.09919897375139164,0.26693227091633465,2.3393891497547474,0.23107569721115537
0.9,19,base,0.5,2.0,0.5,6,0.011181462595549165,345,-1.6546245388192187,-0.05789399394190975,-0.8421294422064703,-0.07621049787269218,0.2318840579710145,2.8055050738966694,0.1565217391304348
0.9,19,base,0.8,1.5,1.0,6,-0.02406222399551668,384,-1.2349230321436722,-0.05790899201028055,-0.6787660729076129,-0.09457702258701794,0.4192708333333333,1.2517056058003786,0.3333333333333333
0.8,14,base,0.4,4.0,2.5,24,0.02654735060013038,92,-2.281691160804267,-0.05793102561460006,-0.7883275444927749,-0.08146362224619308,0.391304347826087,1.2635661924278168,0.20652173913043478
0.85,16,base,0.5,4.0,1.5,24,0.01654176117862261,133,-1.941032901465889,-0.05795016236211703,-1.0893689434992904,-0.05897098518390809,0.3007518796992481,1.965896983707355,0.17293233082706766
0.95,25,deep_slow,0.6,1.5,0.75,6,-9.84969022274224e-05,344,-1.4320216285208667,-0.057952962433851396,-0.7926807109978324,-0.08104682312618683,0.35755813953488375,1.5793151019359861,0.2819767441860465
0.95,25,shallow,0.8,1.5,1.0,6,-0.033862516362689936,377,-1.2531998155847968,-0.05797455635090887,-0.8050844369121318,-0.07982778900865561,0.41379310344827586,1.2756120783647653,0.32360742705570295
0.9,19,base,0.7,2.5,1.5,12,-0.01070085499890775,198,-1.6809862936971096,-0.05800432825806878,-0.87481317143539,-0.07350255446033727,0.41919191919191917,1.2058935230357735,0.23232323232323232
0.85,16,base,0.6,1.5,0.5,12,0.00727389547987417,415,-1.465144056676096,-0.05804090354209712,-0.753404124361445,-0.0854009278240574,0.2457831325301205,2.671539926815616,0.2457831325301205
0.85,16,deep_slow,0.5,1.5,0.75,6,0.006164899354047,328,-1.427846740343436,-0.05804231378624247,-0.6995510511648673,-0.09197751783482688,0.3475609756097561,1.6360829730093769,0.2896341463414634
0.9,19,base,0.6,2.0,0.75,12,0.0010325266825469196,303,-1.49002715633539,-0.05806707578449788,-0.7367260445449354,-0.0873734908360504,0.2838283828382838,2.212101198680945,0.24092409240924093
0.9,19,deep_slow,0.7,3.0,1.5,12,-0.011679573210607598,193,-1.6539158983896496,-0.05808682211756189,-0.8466307961246891,-0.0760569332658595,0.40932642487046633,1.2444726771023211,0.15544041450777202
0.8,14,base,0.5,1.5,1.0,24,0.01796004567886604,276,-1.442424810000008,-0.05813096560102915,-0.6770351603528773,-0.09518104091436008,0.38405797101449274,1.4019573744931841,0.38405797101449274
0.8,14,deep_slow,0.4,2.0,0.75,12,0.025687802785900486,253,-1.5721237727072674,-0.058172056189089494,-0.6394448142140104,-0.10084733843808091,0.2766798418972332,2.2282397930467672,0.23715415019762845
0.8,14,base,0.6,2.5,0.75,12,0.010485141393924495,284,-1.447483552993652,-0.05818125150048625,-0.6727411420591468,-0.09587114920914674,0.25704225352112675,2.5093353532604135,0.176056338028169
0.85,16,shallow,0.8,1.5,0.75,6,-0.01892708337290167,425,-1.3193315837800204,-0.0581993908500511,-0.7334502235505382,-0.08796303326247457,0.3552941176470588,1.6289816245680395,0.2823529411764706
0.85,16,base,0.4,1.5,1.0,6,0.024913286708163326,257,-1.5092333636139845,-0.05822378047275256,-0.7879177262474092,-0.08191648616801284,0.40077821011673154,1.2806527296960057,0.3229571984435798
0.85,16,base,0.5,1.0,0.75,6,0.01654176117862261,371,-1.4621298719165037,-0.058228395405908406,-0.7201850076288836,-0.08962773357775589,0.42587601078167114,1.175214044893955,0.40161725067385445
0.95,25,shallow,0.7,1.5,0.5,6,-0.018651083800840466,457,-1.483894132927383,-0.058321949413959295,-0.8028954241048837,-0.08052344509029807,0.26914660831509846,2.382635987106387,0.22538293216630198
0.9,19,base,0.5,2.0,1.5,6,0.011181462595549165,237,-1.5515813938018412,-0.058397012995415,-0.9221872510045681,-0.070197058829928,0.42616033755274263,1.1625058713891485,0.22784810126582278
0.95,25,deep_slow,0.8,1.5,0.75,6,-0.031353780956353744,421,-1.3115774849846231,-0.05855168514645248,-0.8609930423363309,-0.07538470408323261,0.35629453681710216,1.6211734364153776,0.28978622327790976
0.85,16,deep_slow,0.5,2.5,0.75,24,0.006164899354047,255,-1.565583038756917,-0.058587785403708015,-0.6692575125510006,-0.09704125176871592,0.23137254901960785,2.8634818700301885,0.2196078431372549
0.8,14,base,0.4,1.5,0.75,6,0.02654735060013038,291,-1.548406129424477,-0.058696042193849274,-0.6213675536530738,-0.10471287075091829,0.3402061855670103,1.6598114614923458,0.2852233676975945
0.9,19,base,0.6,2.0,0.5,6,0.0010325266825469196,391,-1.5773804347599032,-0.058775046474872306,-0.8148089977083135,-0.0799604045120359,0.23017902813299232,2.8877179128496144,0.1585677749360614
0.85,16,base,0.4,1.0,0.5,12,0.024913286708163326,348,-1.8188821492085068,-0.05880424827962627,-0.9233741234163686,-0.07059404707746109,0.3275862068965517,1.7069831733604726,0.3275862068965517
0.85,16,base,0.4,1.0,0.5,24,0.024913286708163326,348,-1.8188821492085068,-0.05880424827962627,-0.9233741234163686,-0.07059404707746109,0.3275862068965517,1.7069831733604726,0.3275862068965517
0.8,14,deep_slow,0.6,2.5,2.0,12,-0.006382668772450415,174,-1.6679168693769149,-0.05881321422193697,-0.8770306817859315,-0.07433562173046082,0.4482758620689655,1.0657396940467694,0.26436781609195403
0.9,19,deep_slow,0.6,1.5,0.5,12,-0.000270114899313196,408,-1.511521094119873,-0.0588238966816409,-0.7020455992710429,-0.0928806077056582,0.24754901960784315,2.636936687706519,0.24754901960784315
0.9,19,deep_slow,0.6,1.5,0.5,24,-0.000270114899313196,408,-1.511521094119873,-0.0588238966816409,-0.7020455992710429,-0.0928806077056582,0.24754901960784315,2.636936687706519,0.24754901960784315
0.9,19,deep_slow,0.5,2.0,0.75,12,0.009505043314170823,273,-1.5053398501061737,-0.05883780281967077,-0.6323285420358584,-0.1031454056232689,0.2783882783882784,2.2420599287628002,0.23809523809523808
0.9,19,base,0.5,1.0,0.5,24,0.011181462595549165,411,-1.6748189860563876,-0.058868773840114574,-0.9564808458630977,-0.06822509589740489,0.3284671532846715,1.7437070436818096,0.3284671532846715
0.85,16,shallow,0.4,2.0,0.75,6,0.019536983020591658,268,-1.64336515534203,-0.0589241947657938,-0.7300025702902171,-0.08947532912769451,0.30223880597014924,1.958730234035675,0.1828358208955224
0.85,16,shallow,0.6,1.0,0.5,12,-0.000379516882682105,474,-1.57984633863118,-0.0589544537285539,-1.1084938055900364,-0.0589544537285539,0.32489451476793246,1.8064103149134216,0.32489451476793246
0.85,16,shallow,0.6,1.0,0.5,24,-0.000379516882682105,474,-1.57984633863118,-0.0589544537285539,-1.1084938055900364,-0.0589544537285539,0.32489451476793246,1.8064103149134216,0.32489451476793246
0.9,19,base,0.5,1.0,0.5,12,0.011181462595549165,412,-1.6764548632633265,-0.05899168128791621,-0.9584709315008391,-0.06822509589740489,0.3276699029126214,1.7495264846312322,0.3276699029126214
0.8,14,deep_slow,0.8,3.0,1.0,24,-0.037658496495412044,214,-1.6418939931370544,-0.058994160829869524,-0.6081880663218591,-0.1075235012414455,0.26635514018691586,2.3692315798088,0.19626168224299065
0.9,19,deep_slow,0.7,1.5,0.75,12,-0.011679573210607598,376,-1.3698676234125642,-0.05902658859301024,-0.7056499519774754,-0.09272349864278528,0.32978723404255317,1.811288566039701,0.31648936170212766
0.85,16,base,0.5,1.0,0.5,6,0.01654176117862261,427,-1.6652570567029101,-0.059056973685288505,-0.9536758573153667,-0.06864376120500726,0.3325526932084309,1.723185965396203,0.3161592505854801
0.95,25,shallow,0.7,2.0,1.5,6,-0.018651083800840466,285,-1.3282064654264218,-0.059129450141071405,-0.7823131407308558,-0.08378225593460187,0.43859649122807015,1.1365648865995355,0.24912280701754386
0.8,14,deep_slow,0.5,2.0,0.75,6,0.010632801658885678,302,-1.5593588251512653,-0.05914181698517518,-0.6972854680151566,-0.09401833810418825,0.30132450331125826,1.9998941829975196,0.1986754966887417
0.9,19,shallow,0.4,2.5,0.75,12,0.019014132536386064,226,-1.6960666495662573,-0.05918864066981078,-0.7068331041362823,-0.0928215506424016,0.24778761061946902,2.545651814029618,0.1902654867256637
0.8,14,shallow,0.7,3.0,2.5,12,-0.009456977029506219,161,-1.6976597780492075,-0.059219517833948965,-0.8442616828663346,-0.07775249602278356,0.5093167701863354,0.8267115626801106,0.16770186335403728
0.9,19,deep_slow,0.5,1.0,0.75,6,0.009505043314170823,357,-1.5061620058093577,-0.05925049854422515,-0.6734337610066303,-0.09752655653122477,0.42016806722689076,1.195347601151785,0.39775910364145656
0.85,16,base,0.4,3.0,1.0,24,0.024913286708163326,168,-1.9068575986056238,-0.059284656842844896,-0.6951554120425898,-0.094533405339291,0.2619047619047619,2.317082369641761,0.19642857142857142
0.8,14,shallow,0.5,1.0,0.75,6,0.012208613969103086,378,-1.4835635918992993,-0.05928517539740508,-0.6620566829038047,-0.09926035466695426,0.41798941798941797,1.2136579611142155,0.3915343915343915
0.8,14,shallow,0.5,1.5,0.5,6,0.012208613969103086,387,-1.5827705656698008,-0.059364746436395,-0.6829861560037122,-0.09634730839144967,0.26356589147286824,2.397406188119303,0.2222222222222222
0.85,16,shallow,0.4,1.0,0.5,6,0.019536983020591658,362,-1.7704547258856616,-0.05941136621320375,-0.9692579801292408,-0.06794411438199144,0.3259668508287293,1.727770807210217,0.30939226519337015
0.9,19,base,0.5,1.0,0.5,6,0.011181462595549165,416,-1.6890740315725576,-0.05951215370869811,-0.9945055586745071,-0.06633115891366248,0.33413461538461536,1.6969626438187735,0.32211538461538464
0.8,14,shallow,0.4,2.0,0.75,6,0.022918085700536522,276,-1.6255462878042755,-0.059544959926039365,-0.7185851519802982,-0.0918512495823749,0.30434782608695654,1.9452400853279057,0.18478260869565216
0.85,16,deep_slow,0.5,1.0,0.5,12,0.006164899354047,421,-1.678979249851993,-0.05955279447652084,-0.9424124546881103,-0.07004533722923789,0.3254156769596199,1.7745545595205163,0.3254156769596199
0.85,16,deep_slow,0.5,1.0,0.5,24,0.006164899354047,421,-1.678979249851993,-0.05955279447652084,-0.9424124546881103,-0.07004533722923789,0.3254156769596199,1.7745545595205163,0.3254156769596199
0.8,14,base,0.5,1.5,0.75,6,0.01796004567886604,332,-1.4770008690735974,-0.059559918002140444,-0.5393600936974702,-0.12240332130579723,0.3493975903614458,1.6237136121892533,0.286144578313253
0.9,19,base,0.6,2.5,0.5,24,0.0010325266825469196,319,-1.7331118258686466,-0.05958001711127725,-0.8184634651961281,-0.08068981831047295,0.16614420062695925,4.250131622046628,0.15673981191222572
0.9,19,deep_slow,0.8,1.5,0.5,6,-0.024449058955838984,508,-1.4404138967160325,-0.059614671962177734,-0.9147952309286985,-0.07223468777311137,0.26968503937007876,2.4011482756908915,0.22440944881889763
0.9,19,base,0.8,2.0,0.5,12,-0.02406222399551668,440,-1.4975440328968954,-0.05965955971061676,-0.8412720979168125,-0.07860658947611221,0.2,3.522953464238181,0.18409090909090908
0.9,19,base,0.5,2.0,1.0,6,0.011181462595549165,279,-1.55972513129435,-0.05970469664865463,-0.8859045746581546,-0.07470261456188787,0.3727598566308244,1.448288565967891,0.2114695340501792
0.8,14,shallow,0.6,1.0,0.5,12,0.0018531278602289152,473,-1.5907179381357794,-0.0597590553223023,-1.0770498873278787,-0.06150080151770909,0.3192389006342495,1.859140780509209,0.3192389006342495
0.8,14,shallow,0.6,1.0,0.5,24,0.0018531278602289152,473,-1.5907179381357794,-0.0597590553223023,-1.0770498873278787,-0.06150080151770909,0.3192389006342495,1.859140780509209,0.3192389006342495
0.95,25,shallow,0.8,2.5,1.5,12,-0.033862516362689936,214,-1.598790275037309,-0.05977075585420244,-0.8954918903981292,-0.07398431649523052,0.40654205607476634,1.2794583773393995,0.22897196261682243
0.9,19,deep_slow,0.5,1.0,0.5,12,0.009505043314170823,413,-1.6676017368903333,-0.05982101702153908,-0.9082605788493673,-0.07300533999912484,0.3220338983050847,1.8028459563718844,0.3220338983050847
0.9,19,deep_slow,0.5,1.0,0.5,24,0.009505043314170823,413,-1.6676017368903333,-0.05982101702153908,-0.9082605788493673,-0.07300533999912484,0.3220338983050847,1.8028459563718844,0.3220338983050847
0.9,19,shallow,0.7,2.5,1.5,12,-0.02069939223100179,204,-1.611588791977255,-0.05984670363753586,-1.0423966895477186,-0.06363819603766485,0.4117647058823529,1.2397657271514226,0.23039215686274508
0.9,19,base,0.5,2.0,0.75,6,0.011181462595549165,306,-1.5690739310800386,-0.059884883518791954,-0.8844498109817589,-0.07505051843134691,0.3104575163398693,1.9076585213920052,0.19607843137254902
0.9,19,deep_slow,0.5,2.0,0.75,24,0.009505043314170823,269,-1.5546384158826663,-0.05989231401124617,-0.650732415777905,-0.1020183144899669,0.26765799256505574,2.340702919566338,0.26022304832713755
0.8,14,deep_slow,0.5,2.0,1.5,12,0.010632801658885678,203,-1.6126877223933789,-0.059950358965390804,-0.8394043391171271,-0.07916415825259449,0.42857142857142855,1.1540823127292323,0.33497536945812806
0.8,14,base,0.8,3.0,1.5,12,-0.006188371914272241,209,-1.5113739424991743,-0.05995830542737701,-0.7894216576773037,-0.08418760055944274,0.40669856459330145,1.2749999349243473,0.15789473684210525
0.8,14,deep_slow,0.5,2.0,1.0,12,0.010632801658885678,244,-1.5872036009080746,-0.059959210447309674,-0.6936074879067079,-0.09581862362477145,0.3319672131147541,1.7324583686113812,0.28688524590163933
0.85,16,deep_slow,0.6,2.5,1.0,24,-0.005917748686304392,230,-1.610174009568303,-0.06000455382127756,-0.8394719766821331,-0.07922908738907997,0.2826086956521739,2.1887835173928254,0.24782608695652175
0.8,14,deep_slow,0.7,1.5,1.0,12,-0.02092844120651946,325,-1.3488304887178513,-0.06005536762518493,-0.8027950025047537,-0.0829187079874606,0.39692307692307693,1.354615775073276,0.36615384615384616
0.8,14,base,0.6,2.0,1.0,6,0.010485141393924495,315,-1.3826207180790913,-0.06010342223658316,-0.5875177968252727,-0.11339197311979521,0.3619047619047619,1.5624371679053324,0.2222222222222222
0.95,25,shallow,0.5,2.0,1.0,24,0.0076219438658689225,232,-1.6622601981390976,-0.0601210876663234,-0.6823484300835572,-0.09766170952616182,0.31896551724137934,1.8254484242787787,0.3146551724137931
0.8,14,deep_slow,0.4,2.0,1.0,12,0.025687802785900486,224,-1.6171679583666323,-0.06013774163894592,-0.6996355124817245,-0.09527490774124914,0.33482142857142855,1.7012709321330755,0.2857142857142857
0.9,19,shallow,0.4,2.0,0.75,12,0.019014132536386064,242,-1.7043984715801794,-0.060207934190836476,-0.7520225059671123,-0.08874101161025294,0.2768595041322314,2.197986825336886,0.23553719008264462
0.9,19,deep_slow,0.7,2.0,0.75,6,-0.011679573210607598,368,-1.5073429150128164,-0.060268507771012225,-0.9687713098336549,-0.0689555330774918,0.3179347826086957,1.8896438484125693,0.18478260869565216
0.85,16,shallow,0.7,2.5,0.75,12,-0.00973145051073512,307,-1.5247628914821116,-0.06028340899823981,-0.8857707207857111,-0.07543554897706073,0.26058631921824105,2.4701283179424265,0.1758957654723127
0.85,16,base,0.7,2.5,1.5,12,2.2421718387172765e-05,208,-1.5719056477658155,-0.06029648104644958,-0.9571605964429719,-0.06982426874484438,0.41346153846153844,1.2347510288098649,0.22596153846153846
0.9,19,deep_slow,0.7,2.5,0.5,24,-0.011679573210607598,355,-1.6439359134525375,-0.060326448631347174,-0.8855113111248964,-0.0755113312570177,0.16619718309859155,4.308800798673953,0.15774647887323945
0.8,14,shallow,0.6,1.0,0.5,6,0.0018531278602289152,477,-1.603876324106556,-0.06034855575485276,-1.0820605323280752,-0.061817757151591324,0.3249475890985325,1.8078585055863248,0.31236897274633124
0.9,19,shallow,0.8,1.5,0.75,12,-0.03623754955899112,398,-1.3663850941768638,-0.06035207641474982,-0.7800797589604322,-0.08575333867698065,0.3316582914572864,1.8032500558968665,0.3165829145728643
0.95,25,deep_slow,0.6,1.0,0.75,12,-9.84969022274224e-05,390,-1.5100419711234359,-0.06044886011756112,-0.8139573462835175,-0.08231554224974891,0.4230769230769231,1.1882151202942421,0.4205128205128205
0.8,14,deep_slow,0.4,3.0,0.75,24,0.025687802785900486,195,-1.9633698686273995,-0.06046060261802455,-0.7411198556696988,-0.09042303913010041,0.2,3.2592329892074954,0.17435897435897435
0.8,14,shallow,0.6,2.5,2.0,12,0.0018531278602289152,180,-1.556293044864464,-0.06047318353701159,-0.9524619360098703,-0.07037363127603591,0.45,1.0608358536828262,0.2611111111111111
0.85,16,shallow,0.6,1.0,0.5,6,-0.000379516882682105,479,-1.6212047659442066,-0.06051615654039422,-1.1083927270219585,-0.06051615654039422,0.3298538622129436,1.7593155672560468,0.31524008350730687
0.9,19,base,0.7,2.5,0.5,24,-0.01070085499890775,348,-1.7024923185424883,-0.060533347598290654,-0.9057530718346698,-0.07407609967919104,0.16954022988505746,4.196038465266439,0.15517241379310345
0.9,19,shallow,0.8,2.0,0.5,24,-0.03623754955899112,428,-1.5286986996229461,-0.060539628172984083,-0.8247292252476488,-0.08136196644240046,0.19626168224299065,3.5963018494380097,0.19626168224299065
0.8,14,base,0.7,1.5,1.0,24,0.0027703769776574855,319,-1.3773201839156957,-0.06059833869470388,-0.7078312432402727,-0.09489046439610116,0.3824451410658307,1.4310154465125398,0.3824451410658307
0.85,16,deep_slow,0.7,2.0,1.0,6,-0.022526671088844777,335,-1.4032737883549558,-0.06064542028811504,-0.7911389944312309,-0.08496412842499901,0.373134328358209,1.4926776090480434,0.22388059701492538
0.9,19,base,0.7,2.5,0.75,12,-0.01070085499890775,299,-1.5522329784761861,-0.06066853108713555,-0.7526335523004603,-0.08934488738497803,0.26421404682274247,2.4166551071893383,0.17391304347826086
0.85,16,deep_slow,0.4,1.0,0.5,12,0.02136119538677576,363,-1.8692371675270631,-0.060696989530147794,-0.8580710385169517,-0.07840305515252455,0.3140495867768595,1.816171175999015,0.3140495867768595
0.85,16,deep_slow,0.4,1.0,0.5,24,0.02136119538677576,363,-1.8692371675270631,-0.060696989530147794,-0.8580710385169517,-0.07840305515252455,0.3140495867768595,1.816171175999015,0.3140495867768595
0.85,16,base,0.7,2.5,0.75,12,2.2421718387172765e-05,311,-1.4569559156495744,-0.06069726571434464,-0.8124805708541284,-0.08280283664946941,0.2604501607717042,2.4754963362183853,0.18006430868167203
0.85,16,base,0.7,3.0,2.5,12,2.2421718387172765e-05,167,-1.7655614161636428,-0.060710822180502166,-0.9557821428725024,-0.07040377236550122,0.47305389221556887,0.9558048722675413,0.20359281437125748
0.9,19,deep_slow,0.4,2.0,0.75,12,0.02395796766272022,239,-1.6888783916614178,-0.06074112947491095,-0.7041226775941919,-0.0956142208455083,0.2719665271966527,2.250060737132351,0.2384937238493724
0.95,25,deep_slow,0.5,1.5,1.0,24,0.01302946283325905,253,-1.5639585827893803,-0.06076260524263144,-0.7462724483283489,-0.09024567382608184,0.383399209486166,1.38143793008478,0.383399209486166
0.8,14,base,0.6,2.5,0.75,24,0.010485141393924495,255,-1.5896348850219837,-0.060771789195311454,-0.6998352256286351,-0.09624837479361581,0.23137254901960785,2.831135766959204,0.2
0.8,14,shallow,0.4,2.0,0.75,24,0.022918085700536522,244,-1.7017584546326632,-0.060775073668318025,-0.6747180969468984,-0.09983670350398288,0.26639344262295084,2.3190218199141217,0.2581967213114754
0.8,14,base,0.4,1.0,0.5,6,0.02654735060013038,360,-1.844138807718902,-0.06082332061418383,-0.9563610599227796,-0.0704910719546008,0.3277777777777778,1.7033476891815489,0.3111111111111111
0.85,16,base,0.4,2.5,2.0,24,0.024913286708163326,125,-1.8576701965687223,-0.06083459303692351,-0.953755092075045,-0.07069672967678076,0.448,1.0348595970292562,0.36
0.8,14,deep_slow,0.8,2.5,0.75,12,-0.037658496495412044,321,-1.450511947896609,-0.06085948989217482,-0.7078481369083994,-0.0952956704236484,0.26791277258566976,2.39504475789109,0.1838006230529595
0.95,25,deep_slow,0.6,2.0,0.75,6,-9.84969022274224e-05,328,-1.5399457454978007,-0.06086842148758509,-0.7883081009737406,-0.0855816742040042,0.3231707317073171,1.8242024460517439,0.19207317073170732
0.85,16,deep_slow,0.7,2.0,1.5,6,-0.022526671088844777,294,-1.3364546594315234,-0.060923667196051356,-0.7923495554362538,-0.08522216146442607,0.42857142857142855,1.1822814415236682,0.24829931972789115
0.9,19,deep_slow,0.4,1.5,0.75,6,0.02395796766272022,276,-1.6446059352961393,-0.06097184174229897,-0.7092230905687836,-0.09528588033696173,0.35144927536231885,1.5542549880545076,0.27898550724637683
0.85,16,base,0.6,3.0,1.0,24,0.00727389547987417,192,-1.8948553696980996,-0.06101008842572442,-0.7405117173571389,-0.09131683540780877,0.265625,2.318534841992028,0.19270833333333334
0.9,19,deep_slow,0.4,1.0,0.5,12,0.02395796766272022,355,-1.8638878228513311,-0.06103654243740453,-0.8611369874536658,-0.07855939716315552,0.3154929577464789,1.8025056580692778,0.3154929577464789
0.9,19,deep_slow,0.4,1.0,0.5,24,0.02395796766272022,355,-1.8638878228513311,-0.06103654243740453,-0.8611369874536658,-0.07855939716315552,0.3154929577464789,1.8025056580692778,0.3154929577464789
0.9,19,base,0.7,2.0,1.5,12,-0.01070085499890775,223,-1.5946032448837624,-0.061113666908480635,-0.9270195200252476,-0.07306812578446908,0.4304932735426009,1.1603699312814242,0.336322869955157
0.85,16,base,0.5,1.0,0.75,12,0.01654176117862261,365,-1.5339091067225188,-0.06116218734040468,-0.7019556140909201,-0.09657186737659285,0.4191780821917808,1.2015817014581138,0.4191780821917808
0.85,16,base,0.5,1.0,0.75,24,0.01654176117862261,365,-1.5339091067225188,-0.06116218734040468,-0.7019556140909201,-0.09657186737659285,0.4191780821917808,1.2015817014581138,0.4191780821917808
0.8,14,deep_slow,0.6,2.0,1.0,6,-0.006382668772450415,308,-1.471555324802596,-0.061343596274040846,-0.9667050584377058,-0.07033118083626644,0.36688311688311687,1.5187900186601992,0.22402597402597402
0.8,14,base,0.5,2.0,1.0,6,0.01796004567886604,282,-1.5285640376767282,-0.06134894639779831,-0.6622164851727128,-0.10267853230655166,0.36524822695035464,1.5115031828826357,0.2198581560283688
0.9,19,base,0.5,2.0,1.0,24,0.011181462595549165,231,-1.7234477937600405,-0.06143652249745002,-0.8816503016100158,-0.07723258534046284,0.3246753246753247,1.7727402564248733,0.31601731601731603
0.9,19,base,0.8,3.0,2.5,12,-0.02406222399551668,173,-1.7640330044993187,-0.061439997820135206,-0.8290043929059001,-0.08214186887648833,0.49710982658959535,0.867296324305792,0.1676300578034682
0.8,14,shallow,0.8,2.0,0.5,6,-0.02179247154392962,456,-1.5779009251330443,-0.061499195388164285,-0.8657698696831799,-0.07872917186402628,0.23464912280701755,2.867161381404548,0.15350877192982457
0.85,16,shallow,0.4,2.5,0.75,12,0.019536983020591658,227,-1.7027662043403495,-0.06161725941508578,-0.6754439234164148,-0.10110643519818119,0.2511013215859031,2.488604629227462,0.18061674008810572
0.95,25,shallow,0.5,2.5,1.0,24,0.0076219438658689225,198,-1.9029370431544508,-0.061636488189348415,-0.730561596658457,-0.09350746391167042,0.2727272727272727,2.2369412575791094,0.25252525252525254
0.9,19,shallow,0.7,2.5,0.75,12,-0.02069939223100179,301,-1.5243448982797592,-0.06173823794641897,-0.74964211402414,-0.09127732431816993,0.2591362126245847,2.4762083913629995,0.18272425249169436
0.9,19,base,0.8,2.0,1.5,6,-0.02406222399551668,300,-1.4112854379294104,-0.061790322730604585,-0.9019119194143742,-0.0759307451182385,0.4633333333333333,1.0288384467114433,0.23
0.85,16,shallow,0.8,1.5,1.0,6,-0.01892708337290167,381,-1.3522900313797694,-0.061806659009030485,-0.8678653510736234,-0.07893031357525393,0.41732283464566927,1.2508617360278507,0.32545931758530183
0.8,14,base,0.6,2.5,1.5,12,0.010485141393924495,197,-1.6997625790252608,-0.06180711899204705,-0.9033846226327774,-0.07582749423230462,0.40609137055837563,1.2620773125727183,0.22842639593908629
0.8,14,deep_slow,0.4,2.0,1.0,24,0.025687802785900486,217,-1.7064223748348977,-0.0618394918996652,-0.6910712130131912,-0.0991752230737365,0.3271889400921659,1.7363802050175365,0.31797235023041476
0.9,19,deep_slow,0.8,2.0,0.75,12,-0.024449058955838984,355,-1.4734088658490956,-0.06186000324866203,-0.7885260724260824,-0.08694676656645972,0.28169014084507044,2.2481950729438243,0.23943661971830985
0.8,14,deep_slow,0.4,3.0,2.0,12,0.025687802785900486,143,-1.8760321940320928,-0.061873830202977875,-0.6375207894289168,-0.10756521596414836,0.46153846153846156,0.9753499340265471,0.18181818181818182
0.85,16,deep_slow,0.6,3.0,0.75,24,-0.005917748686304392,230,-1.8696802872045153,-0.06188736952836771,-0.774772481247456,-0.08852923206568142,0.21304347826086956,3.104905649361011,0.16956521739130434
0.85,16,deep_slow,0.5,1.5,1.0,12,0.006164899354047,277,-1.5251425228567472,-0.06202085385496958,-0.7591479135087779,-0.09054548684535113,0.3935018050541516,1.3395622499241808,0.37184115523465705
0.9,19,shallow,0.8,2.0,0.5,12,-0.03623754955899112,439,-1.5290551018885108,-0.062075155544281446,-0.8123230704146202,-0.08469214250208001,0.20273348519362186,3.4471752742308746,0.1845102505694761
0.85,16,base,0.6,1.5,1.0,24,0.00727389547987417,300,-1.4540317703823464,-0.06208882554424655,-0.7374399639638707,-0.09331264907406422,0.38666666666666666,1.3898950799410779,0.38666666666666666
0.9,19,shallow,0.8,1.5,0.75,24,-0.03623754955899112,392,-1.4159205237015864,-0.062107517099971754,-0.8339292117187302,-0.08254071932743279,0.3239795918367347,1.851982627023018,0.3239795918367347
0.85,16,base,0.4,2.0,0.75,24,0.024913286708163326,237,-1.7031699500980004,-0.06212600485285247,-0.7568774008889176,-0.09097052211843193,0.26582278481012656,2.3090914700090597,0.2616033755274262
0.85,16,shallow,0.8,2.0,0.75,6,-0.01892708337290167,394,-1.4927115959000385,-0.06213836897659175,-0.9580114939863151,-0.0718855525071539,0.3248730964467005,1.842521068495067,0.18527918781725888
0.8,14,shallow,0.4,1.5,1.0,6,0.022918085700536522,267,-1.565861750637304,-0.062147548786664286,-0.7266822276210491,-0.09478327641032003,0.40074906367041196,1.2803838100495881,0.3333333333333333
0.9,19,deep_slow,0.5,1.5,1.0,6,0.009505043314170823,292,-1.5138303779618114,-0.06217318760935853,-0.7441873773604488,-0.09259178049235905,0.4041095890410959,1.2760344135214117,0.3150684931506849
0.9,19,shallow,0.7,2.0,1.0,6,-0.02069939223100179,323,-1.461172483891558,-0.06225467521264161,-0.8076047040210798,-0.08543241095170473,0.3715170278637771,1.4924321758843488,0.21981424148606812
0.9,19,deep_slow,0.4,2.0,0.75,24,0.02395796766272022,233,-1.7508948251297778,-0.062385256734749595,-0.7155668318472446,-0.09662243507477708,0.26180257510729615,2.3531129671363273,0.2575107296137339
0.95,25,deep_slow,0.6,1.5,0.5,6,-9.84969022274224e-05,399,-1.7283373282516388,-0.062400364395262864,-0.8767946935295617,-0.0788742136970989,0.2681704260651629,2.3391101288325626,0.22055137844611528
0.8,14,base,0.5,2.0,0.75,6,0.01796004567886604,307,-1.5978768725399386,-0.06246114456468921,-0.6085281670059954,-0.11375579723017304,0.30618892508143325,1.9511505186766105,0.18892508143322476
0.8,14,deep_slow,0.8,4.0,1.0,24,-0.037658496495412044,200,-1.8921333694051765,-0.062494373670446524,-0.6664007071081017,-0.10393191080241837,0.225,2.929986711740839,0.155
0.8,14,base,0.4,1.5,0.75,24,0.02654735060013038,280,-1.6598413994628525,-0.0624971612429841,-0.5637234319060801,-0.12286765637582298,0.3142857142857143,1.8526263970945784,0.3142857142857143
0.8,14,deep_slow,0.8,2.0,0.75,24,-0.037658496495412044,343,-1.503543955209111,-0.06256459490650768,-0.7367874786131356,-0.09410832800549629,0.27113702623906705,2.3640729059035763,0.2653061224489796
0.8,14,deep_slow,0.4,2.5,1.5,12,0.025687802785900486,174,-1.835048592056577,-0.06265566201393502,-0.6862979646434422,-0.10117820152754642,0.39655172413793105,1.2840393802503522,0.2413793103448276
0.85,16,base,0.4,1.0,0.5,6,0.024913286708163326,352,-1.9434307873240333,-0.06268945460117126,-0.9814750371621465,-0.07078703436507006,0.3352272727272727,1.6264504318419861,0.3125
0.85,16,deep_slow,0.5,2.0,0.75,6,0.006164899354047,313,-1.560475674079776,-0.06270527275284343,-0.7878044743899284,-0.08821119405042666,0.3003194888178914,2.009443724013618,0.2012779552715655
0.9,19,deep_slow,0.7,2.0,0.5,6,-0.011679573210607598,430,-1.6636561671247192,-0.06270881406899709,-0.9745299768693669,-0.07131343856072714,0.23255813953488372,2.860625467285137,0.1511627906976744
0.95,25,deep_slow,0.6,2.5,1.0,24,-9.84969022274224e-05,213,-1.8353759257188653,-0.06272293181556066,-0.6909558848780918,-0.10060363293029273,0.2863849765258216,2.1078337214066094,0.24882629107981222
0.9,19,base,0.8,2.0,0.75,6,-0.02406222399551668,391,-1.4935530593228652,-0.06281837833442339,-0.891630635508167,-0.0780794862994103,0.32225063938618925,1.8621773597214215,0.18414322250639387
0.8,14,base,0.7,3.0,1.0,24,0.0027703769776574855,211,-1.6976923736103395,-0.06285677908853282,-0.6366474519106122,-0.10941764180435043,0.26540284360189575,2.3543225440038937,0.2037914691943128
0.9,19,deep_slow,0.7,2.0,1.5,6,-0.011679573210607598,285,-1.4630679959994928,-0.06287103976750841,-0.8463887734835214,-0.0823217546810342,0.43157894736842106,1.1562847178585103,0.22807017543859648
0.85,16,base,0.7,2.5,2.0,12,2.2421718387172765e-05,189,-1.5563426360347155,-0.06299630531566913,-0.8073231568698953,-0.08647655021394607,0.455026455026455,1.0369517311596543,0.25396825396825395
0.85,16,deep_slow,0.7,2.5,2.0,12,-0.022526671088844777,189,-1.598377338066092,-0.06303085456902513,-0.9333850014053374,-0.07483800228485882,0.455026455026455,1.032293544369734,0.25396825396825395
0.8,14,shallow,0.4,2.5,0.75,24,0.022918085700536522,220,-1.8875431871537216,-0.063037090838587,-0.7149653221306215,-0.09771040976224876,0.22727272727272727,2.8162823689423573,0.20454545454545456
0.9,19,shallow,0.7,3.0,0.75,24,-0.02069939223100179,242,-1.7967923473157619,-0.06305484177391474,-0.8536777603545018,-0.08185659431545678,0.21074380165289255,3.1529265594622182,0.1652892561983471
0.85,16,deep_slow,0.7,2.5,0.75,12,-0.022526671088844777,309,-1.5614827471934736,-0.0631992782338805,-0.7309644752995907,-0.09581673660995127,0.2621359223300971,2.4391278204901763,0.18446601941747573
0.85,16,deep_slow,0.6,2.5,0.75,24,-0.005917748686304392,275,-1.6331478071016647,-0.06323401160996656,-0.7251467248451227,-0.0966383463083672,0.2290909090909091,2.8985757359565087,0.2109090909090909
0.8,14,deep_slow,0.6,2.0,0.75,24,-0.006382668772450415,298,-1.6056516311098572,-0.06326613187996422,-0.7777969569243833,-0.09014234897326312,0.2684563758389262,2.344524082371039,0.26174496644295303
0.85,16,base,0.5,2.0,1.0,6,0.01654176117862261,280,-1.5544717155528345,-0.0632970903736424,-0.941457515489193,-0.07450854139195273,0.36428571428571427,1.5055621111452318,0.21071428571428572
0.95,25,shallow,0.8,1.5,0.5,6,-0.033862516362689936,495,-1.5540327150581708,-0.06331586721082716,-1.0115925122158695,-0.06936326338969745,0.2686868686868687,2.394649970976896,0.2202020202020202
0.8,14,base,0.7,3.0,1.5,12,0.0027703769776574855,202,-1.6787819500076542,-0.0633774608645572,-0.9418107299971166,-0.07457481762060048,0.4158415841584158,1.2086870749862013,0.16336633663366337
0.95,25,deep_slow,0.6,1.0,0.75,24,-9.84969022274224e-05,389,-1.5877256766567849,-0.06349359575028424,-0.8501178358529355,-0.08276921577244523,0.42159383033419023,1.187795024651348,0.42159383033419023
0.9,19,deep_slow,0.4,1.0,0.75,12,0.02395796766272022,301,-1.7791127307874852,-0.06355743312242113,-0.7138556132330097,-0.09866710664690992,0.4152823920265781,1.1787294118372407,0.4152823920265781
0.9,19,deep_slow,0.4,1.0,0.75,24,0.02395796766272022,301,-1.7791127307874852,-0.06355743312242113,-0.7138556132330097,-0.09866710664690992,0.4152823920265781,1.1787294118372407,0.4152823920265781
0.85,16,shallow,0.7,1.5,1.0,12,-0.00973145051073512,324,-1.470715613191867,-0.06357053524557632,-1.0506813415058764,-0.06705033278516859,0.38580246913580246,1.40558314925997,0.37037037037037035
0.85,16,base,0.8,1.5,1.0,6,-0.009391219307694848,384,-1.3611048422877279,-0.06358696831733324,-0.8982629187536777,-0.07844771878954238,0.4114583333333333,1.2807371926749263,0.328125
0.85,16,base,0.6,2.5,1.0,24,0.00727389547987417,215,-1.7880107382730506,-0.06359747403578164,-0.7385939285550308,-0.09542222478056306,0.2930232558139535,2.040141510507979,0.24186046511627907
0.9,19,deep_slow,0.5,1.0,0.75,12,0.009505043314170823,351,-1.6258515319553837,-0.06368549137800517,-0.6663932737967603,-0.10590660975062349,0.41595441595441596,1.2057887616926106,0.41595441595441596
0.9,19,deep_slow,0.5,1.0,0.75,24,0.009505043314170823,351,-1.6258515319553837,-0.06368549137800517,-0.6663932737967603,-0.10590660975062349,0.41595441595441596,1.2057887616926106,0.41595441595441596
0.9,19,base,0.5,2.5,0.75,12,0.011181462595549165,251,-1.737155922638441,-0.06372169485580559,-0.7307232415472549,-0.09663771305509172,0.2589641434262948,2.3919252087407963,0.17928286852589642
0.9,19,deep_slow,0.5,1.0,0.5,6,0.009505043314170823,415,-1.7814838977539418,-0.0637309920287693,-0.9556838637540735,-0.07390068008861683,0.3253012048192771,1.7559500085646156,0.3132530120481928
0.85,16,base,0.4,1.5,1.0,24,0.024913286708163326,236,-1.6857120398804528,-0.06375945077143086,-0.725237610785459,-0.09742614865524302,0.3813559322033898,1.3656996776147357,0.3813559322033898
0.8,14,base,0.7,3.0,2.0,12,0.0027703769776574855,176,-1.6727339880895489,-0.06379473550689552,-0.8654471664686547,-0.08168732406256929,0.44886363636363635,1.045428874123537,0.17045454545454544
0.9,19,base,0.5,1.5,0.5,6,0.011181462595549165,373,-1.772689103011094,-0.06384287374172815,-0.8072306181569147,-0.08764435834532647,0.26273458445040215,2.3546561280973948,0.2225201072386059
0.85,16,shallow,0.5,2.0,0.75,24,0.009243240555932723,272,-1.6910398492316063,-0.0639063261935714,-0.663926538711236,-0.10666731762703052,0.2647058823529412,2.3465353989496047,0.25735294117647056
0.9,19,shallow,0.7,2.0,1.5,12,-0.02069939223100179,225,-1.6222006400988693,-0.06391866320428674,-0.9909204823025827,-0.07148190457339398,0.4266666666666667,1.1703290338357735,0.3333333333333333
0.85,16,deep_slow,0.4,1.0,0.5,6,0.02136119538677576,364,-1.970674191925529,-0.06392122842103887,-0.9029753852022867,-0.07844700595152254,0.31868131868131866,1.755793239760158,0.30494505494505497
0.9,19,base,0.5,1.5,1.0,24,0.011181462595549165,262,-1.6714327501539956,-0.0639574655246068,-0.8822570050385854,-0.08033455280830126,0.3816793893129771,1.3839837563251416,0.3816793893129771
0.9,19,base,0.5,1.5,1.0,12,0.011181462595549165,268,-1.666446765153873,-0.0640449209566194,-0.8903617285544716,-0.07971173024937006,0.3880597014925373,1.3475907308165649,0.3619402985074627
0.85,16,deep_slow,0.7,1.5,0.5,12,-0.022526671088844777,449,-1.6131965697980581,-0.06405989574519544,-0.8136050976770135,-0.08725216496227384,0.24944320712694878,2.6091534137943166,0.24944320712694878
0.85,16,deep_slow,0.7,1.5,0.5,24,-0.022526671088844777,449,-1.6131965697980581,-0.06405989574519544,-0.8136050976770135,-0.08725216496227384,0.24944320712694878,2.6091534137943166,0.24944320712694878
0.95,25,deep_slow,0.8,1.5,0.5,6,-0.031353780956353744,498,-1.589220008601201,-0.06407689273329742,-1.0165926065272453,-0.0698486006018576,0.2710843373493976,2.3641557737949563,0.22690763052208834
0.9,19,base,0.7,2.0,0.75,24,-0.01070085499890775,317,-1.6801474058033057,-0.06411390206724288,-0.9116119124198985,-0.0779371444353627,0.26498422712933756,2.404413419041281,0.2586750788643533
0.9,19,deep_slow,0.7,1.5,0.75,24,-0.011679573210607598,370,-1.502736352034701,-0.06415932716270711,-0.7656043507963889,-0.09286595395273411,0.3216216216216216,1.8504643505376415,0.3216216216216216
0.85,16,base,0.4,1.5,0.75,12,0.024913286708163326,269,-1.7229142424850754,-0.06423907935311657,-0.7387705197653532,-0.09635823558040135,0.32342007434944237,1.7542400943333696,0.31226765799256506
0.85,16,deep_slow,0.6,2.0,1.5,6,-0.005917748686304392,277,-1.463486194868783,-0.06427821835449665,-0.9287500383167107,-0.07669429824245388,0.4187725631768953,1.2164835712805953,0.2563176895306859
0.95,25,base,0.5,3.0,2.5,24,0.01986995396446551,104,-2.346671273042042,-0.06432995993715862,-0.9520325315091991,-0.07487869521013335,0.4230769230769231,1.10435826846489,0.3076923076923077
0.85,16,base,0.4,2.0,0.75,12,0.024913286708163326,239,-1.7716351328752347,-0.06434561639716196,-0.7833797655556001,-0.09102129150649374,0.2719665271966527,2.223027593396025,0.24267782426778242
0.85,16,base,0.7,3.0,1.5,12,2.2421718387172765e-05,199,-1.728067336753232,-0.06439396320541646,-1.053156849529491,-0.06775591992542462,0.3969849246231156,1.3025834038107396,0.1708542713567839
0.85,16,shallow,0.4,2.0,0.75,12,0.019536983020591658,246,-1.7688516392856355,-0.06440988624347554,-0.7181104801581363,-0.09939304820123118,0.27235772357723576,2.2338846986317558,0.22764227642276422
0.95,25,deep_slow,0.5,1.5,1.0,12,0.01302946283325905,258,-1.656886557023,-0.06444776712938693,-0.8261731507369358,-0.08644314858846236,0.38372093023255816,1.3705322965794642,0.3643410852713178
0.85,16,deep_slow,0.5,1.0,0.5,6,0.006164899354047,424,-1.8196637699933302,-0.06445865710403842,-1.0067988386595552,-0.07094667545526412,0.3278301886792453,1.730939668825567,0.3160377358490566
0.8,14,deep_slow,0.4,2.5,2.0,6,0.025687802785900486,192,-1.69987748831832,-0.06446496787219291,-0.7321233608818566,-0.09757371647966961,0.4479166666666667,1.0167095950114953,0.15625
0.8,14,shallow,0.4,1.0,0.75,6,0.022918085700536522,325,-1.7569661193344368,-0.06446827496357277,-0.6850688263657921,-0.10428097931590352,0.4123076923076923,1.1970326302014653,0.39076923076923076
0.9,19,deep_slow,0.5,1.5,0.75,12,0.009505043314170823,303,-1.656659885925318,-0.0644784037944488,-0.6680602501946842,-0.10695267353983628,0.32673267326732675,1.7649799770059793,0.31683168316831684
0.8,14,base,0.7,2.5,1.5,12,0.0027703769776574855,209,-1.6900159923714693,-0.06451227604698595,-1.0441638380939293,-0.06846456508100962,0.41148325358851673,1.2341584124461087,0.22009569377990432
0.85,16,base,0.6,1.5,0.75,12,0.00727389547987417,350,-1.4976374081440365,-0.06453800661060582,-0.615447035761523,-0.11620273393927583,0.32571428571428573,1.8104290149528943,0.32
0.8,14,deep_slow,0.4,4.0,1.5,24,0.025687802785900486,124,-2.1661712534837063,-0.06467732243247237,-0.8727807344304747,-0.08211732989610376,0.31451612903225806,1.776939305370722,0.1693548387096774
0.8,14,deep_slow,0.7,1.5,1.0,24,-0.02092844120651946,319,-1.4649584454911289,-0.06471975967800869,-0.8505055732475278,-0.0843231051280765,0.3824451410658307,1.4193400004142367,0.3824451410658307
0.8,14,deep_slow,0.4,1.0,0.5,12,0.025687802785900486,352,-2.0240055222445257,-0.06475738573990386,-0.8702018958932751,-0.0824622506638274,0.3210227272727273,1.7275978710369893,0.3210227272727273
0.8,14,deep_slow,0.4,1.0,0.5,24,0.025687802785900486,352,-2.0240055222445257,-0.06475738573990386,-0.8702018958932751,-0.0824622506638274,0.3210227272727273,1.7275978710369893,0.3210227272727273
0.9,19,deep_slow,0.8,1.5,0.75,6,-0.024449058955838984,422,-1.4519130174031611,-0.06480452338366227,-0.7053565823904147,-0.10180785773147638,0.35545023696682465,1.6053997497039134,0.2772511848341232
0.85,16,shallow,0.4,2.0,0.75,24,0.019536983020591658,242,-1.7628066082083707,-0.06484828717406843,-0.7320540202264834,-0.09816099855030735,0.2603305785123967,2.3717147985101747,0.256198347107438
0.9,19,deep_slow,0.5,3.0,0.75,24,0.009505043314170823,206,-1.9384507211287252,-0.06490266750547558,-0.7783515939129897,-0.0923993533238443,0.21359223300970873,2.987911816177808,0.16990291262135923
0.8,14,base,0.6,3.0,1.0,24,0.010485141393924495,204,-1.7984875503786557,-0.06502534257659076,-0.6196242690519838,-0.11628757428329839,0.25980392156862747,2.3976828637995267,0.20098039215686275
0.8,14,base,0.4,1.5,0.75,12,0.02654735060013038,280,-1.7337204006446776,-0.06507404377686632,-0.5868783157134803,-0.12286765637582298,0.3142857142857143,1.8391722631143932,0.3107142857142857
0.8,14,deep_slow,0.7,2.0,0.75,24,-0.02092844120651946,325,-1.5542143598855058,-0.06514101662665106,-0.7943208179945577,-0.09087297059801958,0.2676923076923077,2.3773173837200914,0.26153846153846155
0.85,16,base,0.4,2.0,1.5,6,0.024913286708163326,211,-1.7909160360786902,-0.06517440208260328,-0.937705960394986,-0.07701683498424317,0.41706161137440756,1.1645195523251124,0.24170616113744076
0.85,16,base,0.5,2.0,1.5,6,0.01654176117862261,246,-1.6218015215403037,-0.06540453462705209,-1.0047716395549944,-0.07212900175784631,0.42276422764227645,1.1681907924711084,0.23170731707317074
0.85,16,shallow,0.7,1.5,1.0,24,-0.00973145051073512,320,-1.5254755407105542,-0.06541592251417294,-1.0522128386658045,-0.0688888625441304,0.38125,1.423509939889,0.38125
0.8,14,shallow,0.4,1.5,1.0,12,0.022918085700536522,250,-1.6865027328085662,-0.06543240679198903,-0.7040905122398872,-0.10297531369306734,0.384,1.3642343412539144,0.36
0.8,14,shallow,0.6,2.0,0.5,6,0.0018531278602289152,394,-1.7513828696019433,-0.06545129099415803,-0.8311445206860801,-0.08725893556335573,0.22588832487309646,2.920930923050992,0.15228426395939088
0.8,14,deep_slow,0.5,1.0,0.5,12,0.010632801658885678,419,-1.8586454123719078,-0.06548576140342344,-0.9610330762016749,-0.0755050341807969,0.315035799522673,1.8337289900389082,0.315035799522673
0.8,14,deep_slow,0.5,1.0,0.5,24,0.010632801658885678,419,-1.8586454123719078,-0.06548576140342344,-0.9610330762016749,-0.0755050341807969,0.315035799522673,1.8337289900389082,0.315035799522673
0.9,19,deep_slow,0.6,1.0,0.75,12,-0.000270114899313196,397,-1.5929409716999414,-0.06550558158011877,-0.8039751420492025,-0.0902822852196754,0.4181360201511335,1.2034827913874553,0.4181360201511335
0.9,19,deep_slow,0.6,1.0,0.75,24,-0.000270114899313196,397,-1.5929409716999414,-0.06550558158011877,-0.8039751420492025,-0.0902822852196754,0.4181360201511335,1.2034827913874553,0.4181360201511335
0.8,14,shallow,0.4,4.0,1.5,24,0.022918085700536522,122,-2.295921995866191,-0.06564767567544338,-0.8628877783753441,-0.08430013616415166,0.30327868852459017,1.8485705794555574,0.16393442622950818
0.8,14,shallow,0.5,1.0,0.75,12,0.012208613969103086,369,-1.656952394734229,-0.06566481220911846,-0.6958503495591364,-0.10456339134225512,0.4092140921409214,1.239552477331291,0.4092140921409214
0.8,14,shallow,0.5,1.0,0.75,24,0.012208613969103086,368,-1.6604230145103378,-0.0656809589320142,-0.6959161949145563,-0.10457910818953442,0.41032608695652173,1.23384413867646,0.41032608695652173
0.85,16,shallow,0.8,1.5,0.75,12,-0.01892708337290167,404,-1.4985448091398734,-0.0658625666384629,-0.6893884270180877,-0.10586013184437582,0.3292079207920792,1.8060818323223875,0.31683168316831684
0.95,25,base,0.7,1.0,0.75,24,-0.0012058456499734916,427,-1.5583442378320642,-0.06587514752409174,-0.8253524824994621,-0.08843813725257554,0.41920374707259955,1.2089292231454654,0.41920374707259955
0.8,14,shallow,0.4,4.0,2.5,24,0.022918085700536522,95,-2.335394474046406,-0.0658948367803911,-0.7695111712838067,-0.09488409154005617,0.4,1.1848395235340445,0.17894736842105263
0.8,14,shallow,0.7,2.0,0.75,24,-0.009456977029506219,317,-1.6627041771209163,-0.0659829869023727,-0.7992646008103401,-0.09147366795097633,0.26498422712933756,2.3963867804829166,0.2586750788643533
0.8,14,deep_slow,0.5,1.5,0.5,6,0.010632801658885678,386,-1.8165918234896008,-0.06599901189545365,-0.7528289772023055,-0.09713939619200596,0.2538860103626943,2.4670619329855445,0.21502590673575128
0.95,25,shallow,0.5,3.0,1.0,24,0.0076219438658689225,178,-2.1454955058489027,-0.06603169937171893,-0.7634661090147556,-0.0958332401462999,0.24157303370786518,2.560412304111531,0.19662921348314608
0.8,14,shallow,0.4,4.0,2.0,24,0.022918085700536522,102,-2.254188559339976,-0.06616299178911056,-0.8501961234152426,-0.0862275668729856,0.37254901960784315,1.3335698110876757,0.18627450980392157
0.95,25,base,0.7,1.0,0.75,12,-0.0012058456499734916,427,-1.5660743114252071,-0.06616317772526348,-0.8289472233037135,-0.08843813725257554,0.41920374707259955,1.207566759529161,0.4168618266978923
0.8,14,deep_slow,0.5,1.0,0.75,6,0.010632801658885678,370,-1.7040810236675064,-0.06619567229490986,-0.7630404842087677,-0.09612388187503729,0.41621621621621624,1.1969468941884216,0.3891891891891892
0.8,14,deep_slow,0.4,1.0,0.75,6,0.025687802785900486,321,-1.849116644165898,-0.06627030187548644,-0.7224464142813062,-0.10163907232726932,0.4143302180685358,1.17399298241846,0.3862928348909657
0.85,16,base,0.5,1.5,1.0,6,0.01654176117862261,300,-1.5480671265599295,-0.06632430993129768,-0.8393941588821855,-0.08754932561603879,0.4066666666666667,1.2553102178088786,0.3233333333333333
0.85,16,base,0.7,3.0,2.0,12,2.2421718387172765e-05,179,-1.6875009809017234,-0.06635562736238709,-0.8783500365891312,-0.08370576037997068,0.45251396648044695,1.0272232291245316,0.18435754189944134
0.8,14,base,0.8,2.0,0.75,12,-0.006188371914272241,350,-1.5713890092458511,-0.06638231484105228,-0.7557215979849159,-0.09732739258450085,0.28285714285714286,2.2153223050557678,0.24
0.9,19,shallow,0.8,1.5,0.5,6,-0.03623754955899112,508,-1.6004855399804214,-0.06646000597861534,-1.0074250289528381,-0.07309542414951331,0.265748031496063,2.4175626909237082,0.22244094488188976
0.8,14,deep_slow,0.5,2.0,0.75,12,0.010632801658885678,279,-1.7727907459116259,-0.06647293588398173,-0.6897421913356662,-0.10678255046491891,0.26881720430107525,2.2943507535223513,0.23655913978494625
0.9,19,base,0.7,2.0,1.0,24,-0.01070085499890775,262,-1.7604189930140197,-0.0664799873981583,-0.8564917444344723,-0.08600224518851962,0.32061068702290074,1.8277264634061678,0.30916030534351147
0.8,14,base,0.7,1.5,0.75,24,0.0027703769776574855,373,-1.5311717663442643,-0.06648515303043445,-0.7630394329893269,-0.09654273560482451,0.32171581769436997,1.843426227517367,0.32171581769436997
0.9,19,deep_slow,0.8,1.5,0.75,12,-0.024449058955838984,396,-1.5131381058253974,-0.06651047107953567,-0.7916496888983431,-0.09308897401981087,0.3282828282828283,1.8073380121667122,0.31313131313131315
0.9,19,shallow,0.8,2.0,0.75,12,-0.03623754955899112,354,-1.5749372455435,-0.0667518450278729,-0.8098942502131014,-0.0913208770556253,0.2824858757062147,2.2180400563404152,0.2344632768361582
0.9,19,deep_slow,0.7,2.0,0.75,24,-0.011679573210607598,326,-1.6974404492727615,-0.06679134949819976,-0.8247887016318691,-0.08972461924141883,0.26380368098159507,2.412339798566803,0.25766871165644173
0.9,19,shallow,0.7,3.0,1.0,24,-0.02069939223100179,198,-1.9281002079249856,-0.0668407065160298,-0.7449636339173376,-0.09941199976563098,0.26262626262626265,2.338933746508756,0.20202020202020202
0.9,19,deep_slow,0.4,1.0,0.5,6,0.02395796766272022,356,-2.05128727738748,-0.0668582482785971,-0.9280569400767879,-0.07982019326500256,0.3202247191011236,1.7277869974217435,0.30337078651685395
0.8,14,deep_slow,0.4,1.5,0.75,24,0.025687802785900486,277,-1.8039222035892317,-0.0668994283236739,-0.6497951116169955,-0.11407154440665301,0.3176895306859206,1.7878767185298288,0.3176895306859206
0.8,14,base,0.4,1.5,1.0,6,0.02654735060013038,269,-1.680155979332408,-0.06703127106226636,-0.8306956858772205,-0.08940534726873439,0.39776951672862454,1.2802538014682812,0.3271375464684015
0.8,14,deep_slow,0.7,2.0,1.5,6,-0.02092844120651946,291,-1.4789209757324395,-0.067176033893797,-0.9147495977562177,-0.08136477678033471,0.422680412371134,1.1987513873014337,0.2542955326460481
0.8,14,base,0.4,2.0,0.75,24,0.02654735060013038,245,-1.9090823444088694,-0.06718124796877367,-0.6844247706938681,-0.1087543207530407,0.2571428571428571,2.387703744125654,0.24897959183673468
0.95,25,shallow,0.8,2.0,1.5,6,-0.033862516362689936,297,-1.4859105125458076,-0.06719947029716966,-0.8182025143091292,-0.09099735057135094,0.42424242424242425,1.1918284146484004,0.24242424242424243
0.8,14,deep_slow,0.8,1.5,0.5,6,-0.037658496495412044,494,-1.652655048491388,-0.06735694592796981,-0.953698180315087,-0.07825122177606925,0.26720647773279355,2.381720659799312,0.22469635627530365
0.85,16,base,0.4,1.5,0.75,6,0.024913286708163326,283,-1.7817179348288004,-0.0673800433771935,-0.8215331889959393,-0.0908709938876695,0.34275618374558303,1.5914475990484278,0.27208480565371024
0.85,16,deep_slow,0.6,2.5,2.0,6,-0.005917748686304392,231,-1.66183250128857,-0.06740047305404362,-0.8098738738219801,-0.0922070525617843,0.44155844155844154,1.0708930858278303,0.15151515151515152
0.85,16,deep_slow,0.5,1.5,0.75,12,0.006164899354047,315,-1.6806455530965454,-0.0674714600456664,-0.6815734316736949,-0.10967918882442651,0.326984126984127,1.7551335956481886,0.32063492063492066
0.85,16,shallow,0.8,1.5,1.0,12,-0.01892708337290167,342,-1.5318785166429252,-0.06747412500711814,-1.0882210524781915,-0.0686968533335629,0.3888888888888889,1.385174258188652,0.3654970760233918
0.8,14,deep_slow,0.4,1.5,0.75,12,0.025687802785900486,279,-1.813489341627586,-0.06750547955074993,-0.658766748559437,-0.11353330071919565,0.3225806451612903,1.7552842393832269,0.3118279569892473
0.8,14,deep_slow,0.7,3.0,0.75,24,-0.02092844120651946,239,-1.8877218280465944,-0.06751914238260148,-0.8572243941246607,-0.08726657975294405,0.21338912133891214,3.0633774565173293,0.16736401673640167
0.8,14,deep_slow,0.6,3.0,2.0,12,-0.006382668772450415,163,-1.9712561011638738,-0.06755269718114687,-0.9440461942224074,-0.07928009310668593,0.44785276073619634,1.0294162562793172,0.17177914110429449
0.9,19,shallow,0.4,2.0,0.75,24,0.019014132536386064,239,-1.919346601964095,-0.06756728351452057,-0.8433005777941155,-0.08877044409778423,0.2594142259414226,2.3533185631781826,0.25523012552301255
0.85,16,shallow,0.5,3.0,1.0,24,0.009243240555932723,181,-2.1132771248744087,-0.06761060832959653,-0.7040728351988151,-0.10639236967708499,0.2596685082872928,2.3185865782405863,0.20441988950276244
0.85,16,base,0.4,4.0,1.5,24,0.024913286708163326,126,-2.3259776881746235,-0.06762331459391102,-1.0155835219194154,-0.0737723658748155,0.31746031746031744,1.730635037726446,0.16666666666666666
0.9,19,base,0.5,1.5,0.5,12,0.011181462595549165,361,-1.8882988969740608,-0.0676494599530707,-0.7934966716573992,-0.09445641557840123,0.24376731301939059,2.574119511264753,0.2409972299168975
0.85,16,base,0.4,2.0,0.75,6,0.024913286708163326,263,-1.8405612666067606,-0.06772422481142348,-0.9547005418810192,-0.07859360390842263,0.30038022813688214,1.9168710622370007,0.18631178707224336
0.85,16,deep_slow,0.5,1.0,0.75,6,0.006164899354047,373,-1.7115393859698564,-0.06773873027587185,-0.8077006616458867,-0.09291729826974582,0.4155495978552279,1.1970462223575713,0.3967828418230563
0.8,14,deep_slow,0.7,3.0,2.0,12,-0.02092844120651946,182,-1.6703133971448978,-0.06782484632101726,-0.9209354042742367,-0.08159572650961122,0.43956043956043955,1.0860946593775396,0.18681318681318682
0.9,19,deep_slow,0.5,1.5,0.75,24,0.009505043314170823,300,-1.7539316430215368,-0.06792066822874288,-0.6885832222964112,-0.10928255352522653,0.32,1.7950055913385186,0.32
0.85,16,shallow,0.5,2.5,0.5,24,0.009243240555932723,296,-2.0533108468969847,-0.06800873448975442,-0.9105007408814383,-0.08275370848110841,0.16216216216216217,4.183883455459777,0.15202702702702703
0.8,14,deep_slow,0.8,3.0,0.75,24,-0.037658496495412044,252,-1.8568184078093712,-0.06801264494259884,-0.8114185157159846,-0.09286407265300367,0.21031746031746032,3.1489589031860445,0.16666666666666666
0.8,14,deep_slow,0.6,4.0,1.5,24,-0.006382668772450415,137,-2.181726877798317,-0.06807801763005927,-0.8686890343740197,-0.08682481563228162,0.291970802919708,2.0001045211029083,0.17518248175182483
0.95,25,base,0.5,1.5,0.75,24,0.01986995396446551,294,-1.8478342118362012,-0.06809643807634802,-0.8359416976805651,-0.0902504228423493,0.3129251700680272,1.8412236797949646,0.3129251700680272
0.85,16,deep_slow,0.5,1.5,0.75,24,0.006164899354047,312,-1.7005183454635295,-0.06811176592549884,-0.6736763325227205,-0.11201373991222874,0.32371794871794873,1.7789593364903724,0.32371794871794873
0.8,14,deep_slow,0.6,2.0,0.75,6,-0.006382668772450415,341,-1.6669568033310733,-0.06815111554531306,-0.8400739595765833,-0.08987830843331346,0.30791788856304986,1.9399719940527558,0.19648093841642228
0.9,19,deep_slow,0.8,1.5,0.75,24,-0.024449058955838984,390,-1.5638442522101594,-0.06826591176475771,-0.845513011081572,-0.08944995281023038,0.32051282051282054,1.857014882197737,0.32051282051282054
0.8,14,base,0.8,1.5,1.0,6,-0.006188371914272241,378,-1.4621697457541232,-0.06826853150367695,-0.709291589842132,-0.10663314040259841,0.41005291005291006,1.2744096748609413,0.3253968253968254
0.9,19,deep_slow,0.4,1.0,0.75,6,0.02395796766272022,304,-1.927634807945492,-0.06843764037897493,-0.7639058917377897,-0.09925383655224462,0.4144736842105263,1.1605946281168107,0.39144736842105265
0.8,14,shallow,0.4,1.5,1.0,24,0.022918085700536522,248,-1.7582302474275684,-0.06848225932596508,-0.699339198874969,-0.1084878756457528,0.375,1.407970835313469,0.375
0.9,19,base,0.8,1.5,0.5,6,-0.02406222399551668,504,-1.6702988676240957,-0.06851044177334453,-1.0149569981820246,-0.07478240080130394,0.26587301587301587,2.4125784094058367,0.22023809523809523
0.9,19,base,0.5,2.0,0.75,24,0.011181462595549165,272,-1.8740083056835395,-0.06855275399507388,-0.9809658382997385,-0.07742125759804241,0.2647058823529412,2.3145491959652635,0.25735294117647056
0.95,25,deep_slow,0.5,1.5,1.0,6,0.01302946283325905,283,-1.7094029793214887,-0.06871377559962333,-0.858375852414318,-0.0886852533154382,0.3992932862190813,1.279400162596278,0.31802120141342755
0.9,19,base,0.5,1.5,0.5,24,0.011181462595549165,358,-1.9350168546403363,-0.06880101308915121,-0.8089865517325774,-0.09421854547701569,0.2430167597765363,2.5738435087261724,0.2430167597765363
0.95,25,deep_slow,0.6,1.5,1.0,12,-9.84969022274224e-05,289,-1.7070921671663124,-0.06881286334533665,-0.9036966017776922,-0.08435863468980265,0.3806228373702422,1.398687540251783,0.35986159169550175
0.9,19,base,0.6,2.0,1.5,6,0.0010325266825469196,266,-1.7093027757141968,-0.06884846892866747,-0.959030308854159,-0.07953231198193744,0.4473684210526316,1.0579066296482071,0.22180451127819548
0.85,16,base,0.4,1.5,1.0,12,0.024913286708163326,239,-1.8232073459278153,-0.06885375393235404,-0.8131741869110045,-0.09380490707340117,0.3807531380753138,1.357693361171246,0.36401673640167365
0.85,16,deep_slow,0.6,2.0,0.75,6,-0.005917748686304392,349,-1.6753394897817424,-0.06886433042522944,-0.8794109239779992,-0.08675284412528028,0.3008595988538682,2.004444219990802,0.20057306590257878
0.85,16,base,0.6,3.0,2.5,12,0.00727389547987417,163,-2.008922835489116,-0.06889076691901708,-0.8677789753184866,-0.08794931672467521,0.5030674846625767,0.8210898083861535,0.1901840490797546
0.8,14,deep_slow,0.5,1.5,0.5,12,0.010632801658885678,371,-1.9053300468520373,-0.06895402099014125,-0.7230345374639192,-0.1056524357063755,0.2371967654986523,2.67281026817884,0.23450134770889489
0.95,25,deep_slow,0.8,1.5,0.75,24,-0.031353780956353744,390,-1.5914802639199863,-0.06898172368548894,-0.8266918914952013,-0.09244184763129804,0.3230769230769231,1.8322395296479053,0.3230769230769231
0.8,14,deep_slow,0.5,2.0,1.5,24,0.010632801658885678,188,-1.8905362859619237,-0.06899005416490656,-0.8655764670805393,-0.0882996710619336,0.4148936170212766,1.1958001713177744,0.39893617021276595
0.85,16,deep_slow,0.7,2.0,0.75,12,-0.022526671088844777,335,-1.671474468585696,-0.06901241317346318,-0.7357269772049227,-0.1039173355069819,0.28059701492537314,2.210487487539438,0.23582089552238805
0.95,25,base,0.8,1.5,0.5,6,-0.014188546735315654,500,-1.7127712603893923,-0.06912689581594189,-0.9414838090313874,-0.0813408576609268,0.272,2.3287453799480087,0.224
0.95,25,shallow,0.5,2.5,1.0,12,0.0076219438658689225,218,-2.0497195308324883,-0.06916941248757935,-0.7955547658291798,-0.09632022046217359,0.3073394495412844,1.8679241931027484,0.21100917431192662
0.8,14,shallow,0.7,2.0,0.75,6,-0.009456977029506219,362,-1.7156170991557327,-0.06922252588458278,-0.9400809329446286,-0.08157447835780207,0.31215469613259667,1.9114506430912976,0.1850828729281768
0.8,14,base,0.4,2.0,0.75,6,0.02654735060013038,270,-1.9292757696640517,-0.06929761717551475,-0.7587164645286333,-0.1011833335506439,0.2962962962962963,1.9599337841841697,0.17777777777777778
0.9,19,base,0.5,3.0,2.5,24,0.011181462595549165,108,-2.404032549029898,-0.06933882584785445,-0.8528781442990562,-0.09006553569274844,0.4351851851851852,1.0376900375362996,0.2962962962962963
0.9,19,shallow,0.7,2.0,0.75,6,-0.02069939223100179,361,-1.7223515539577736,-0.06941003841847049,-1.0254628740827423,-0.07498418298344145,0.31301939058171746,1.8969526010020454,0.18559556786703602
0.85,16,shallow,0.5,1.0,0.75,6,0.009243240555932723,374,-1.7695670981941372,-0.06948544316910632,-0.8144365977123501,-0.09451526288577705,0.41711229946524064,1.1781712575453855,0.39037433155080214
0.95,25,base,0.5,1.5,1.0,24,0.01986995396446551,254,-1.8605947173252004,-0.06951271629058875,-0.8766234934668137,-0.08784475855311535,0.3779527559055118,1.3798578162450672,0.3779527559055118
0.8,14,base,0.4,3.0,1.0,24,0.02654735060013038,168,-2.2016319081074394,-0.069798852537438,-0.8098983679759277,-0.0954718093749114,0.2619047619047619,2.2567752362931244,0.20238095238095238
0.9,19,base,0.5,1.0,0.75,6,0.011181462595549165,373,-1.7820120790497582,-0.06983672395839857,-0.8826159366371055,-0.08765335034422417,0.42091152815013405,1.1605089475891326,0.3967828418230563
0.85,16,shallow,0.8,1.5,0.75,24,-0.01892708337290167,397,-1.6056166451827436,-0.06988040425389275,-0.734639472448136,-0.10537472662780367,0.3224181360201511,1.8398751446354082,0.3224181360201511
0.9,19,base,0.8,1.5,0.75,12,-0.02406222399551668,399,-1.5925544357799546,-0.0699978880203227,-0.8174326305070011,-0.0948604713367679,0.3258145363408521,1.8086135004236392,0.3107769423558897
0.85,16,base,0.4,2.5,0.75,24,0.024913286708163326,212,-2.0464810570324947,-0.07000107625037211,-0.8926735796553159,-0.08686888879987498,0.22169811320754718,2.827934406415761,0.20754716981132076
0.9,19,shallow,0.4,1.0,0.75,24,0.019014132536386064,308,-1.9481768540831428,-0.07002783398154522,-0.8237375095148399,-0.09417451622783779,0.4090909090909091,1.1896842198483775,0.4090909090909091
0.85,16,base,0.7,1.5,1.0,12,2.2421718387172765e-05,329,-1.585846599702392,-0.07005965025642957,-1.0059714788618268,-0.07714948500744456,0.3829787234042553,1.4024949359893863,0.3617021276595745
0.85,16,shallow,0.5,1.0,0.5,12,0.009243240555932723,421,-2.001114225655781,-0.07019404136437701,-1.0276900720767026,-0.0756633190494177,0.3182897862232779,1.7751284555383446,0.3182897862232779
0.85,16,shallow,0.5,1.0,0.5,24,0.009243240555932723,421,-2.001114225655781,-0.07019404136437701,-1.0276900720767026,-0.0756633190494177,0.3182897862232779,1.7751284555383446,0.3182897862232779
0.8,14,shallow,0.4,2.0,1.0,6,0.022918085700536522,249,-1.8647049142510916,-0.07020413376470747,-0.8385698786996629,-0.0927407215816285,0.3493975903614458,1.5554949319079185,0.21285140562248997
0.95,25,base,0.5,1.5,0.75,12,0.01986995396446551,296,-1.908293108411929,-0.07032403737332882,-0.8657041495868613,-0.08998669021477401,0.3141891891891892,1.8186344536122256,0.30405405405405406
0.8,14,deep_slow,0.8,1.5,0.5,24,-0.037658496495412044,474,-1.7262664135188301,-0.07033406626113115,-0.925532929379643,-0.08418167766165507,0.2489451476793249,2.604054003506069,0.2489451476793249
0.8,14,deep_slow,0.5,1.5,0.5,24,0.010632801658885678,369,-1.956915791491988,-0.07034632199142699,-0.7375734821418223,-0.1056524357063755,0.23577235772357724,2.68132232343333,0.23577235772357724
0.8,14,deep_slow,0.4,2.0,0.75,24,0.025687802785900486,249,-1.9128625270443513,-0.07043565859314516,-0.7178314352291648,-0.10869541799783355,0.26506024096385544,2.2605088079427444,0.2570281124497992
0.8,14,deep_slow,0.8,1.5,0.5,12,-0.037658496495412044,475,-1.7312965006635403,-0.07057481412633648,-0.9260632458250675,-0.0844202570819984,0.24842105263157896,2.610108945087632,0.24842105263157896
0.9,19,base,0.6,3.0,1.0,24,0.0010325266825469196,192,-2.0020325818794626,-0.07060599498526743,-0.6933059774244347,-0.11281150983036481,0.24479166666666666,2.531129971860387,0.20833333333333334
0.85,16,deep_slow,0.6,2.0,0.75,24,-0.005917748686304392,315,-1.7270536011936186,-0.07060667980787949,-0.7498687441145828,-0.10430311991819874,0.26666666666666666,2.3573842088919226,0.26031746031746034
0.9,19,base,0.6,1.5,1.0,6,0.0010325266825469196,328,-1.6512798529991777,-0.07066913315397205,-0.8304028185279676,-0.09427056613836993,0.4146341463414634,1.2195161851219753,0.3170731707317073
0.95,25,deep_slow,0.8,1.5,0.75,12,-0.031353780956353744,393,-1.6257177610790536,-0.0707175285239443,-0.7940681374175574,-0.09865139559019231,0.3282442748091603,1.7830625630569699,0.3155216284987277
0.9,19,base,0.5,2.0,0.75,12,0.011181462595549165,281,-1.903864859704104,-0.070873209452463,-0.906543146721777,-0.08660113264698266,0.27402135231316727,2.20564141124451,0.2313167259786477
0.8,14,deep_slow,0.7,2.0,0.75,6,-0.02092844120651946,366,-1.68360822551318,-0.07098883476874973,-0.8741249643847951,-0.08995877245829309,0.3114754098360656,1.913396235689159,0.19398907103825136
0.85,16,deep_slow,0.7,2.0,0.75,6,-0.022526671088844777,365,-1.7473663871239171,-0.0710723725855883,-0.9098046591201502,-0.08653215484285581,0.3095890410958904,1.9247842040563767,0.19452054794520549
0.85,16,base,0.8,3.0,2.5,12,-0.009391219307694848,172,-2.098725615973858,-0.07107320328853928,-1.1054171918663451,-0.07122041754542663,0.47674418604651164,0.9206696271748488,0.1744186046511628
0.8,14,deep_slow,0.7,1.5,0.5,6,-0.02092844120651946,468,-1.7838328954791536,-0.07107450759268275,-0.9637709147336488,-0.08168923911991555,0.25854700854700857,2.450941170547272,0.21794871794871795
0.8,14,base,0.4,2.5,1.0,24,0.02654735060013038,184,-2.18228233844341,-0.07117138168170989,-0.7215469497398863,-0.10926048732668225,0.2826086956521739,2.060286823961407,0.2554347826086957
0.9,19,base,0.5,1.5,0.75,24,0.011181462595549165,307,-1.8422264047101948,-0.07125405936518003,-0.8153703362163415,-0.09679990296175722,0.31921824104234525,1.7869610389542858,0.31921824104234525
0.85,16,base,0.7,2.0,0.75,6,2.2421718387172765e-05,378,-1.7148355539611742,-0.07128112916968132,-0.9975737366318366,-0.07914966665672152,0.30687830687830686,1.951032989317197,0.19047619047619047
0.9,19,base,0.6,1.5,1.0,24,0.0010325266825469196,293,-1.7286744222374661,-0.07129249129257453,-0.8348230341395856,-0.09459509192891624,0.3822525597269625,1.385464177724343,0.3822525597269625
0.95,25,base,0.8,1.0,0.75,24,-0.014188546735315654,463,-1.6711742679450179,-0.07134305170653232,-0.9077507796214258,-0.08705685928668194,0.4190064794816415,1.2083113262802734,0.4190064794816415
0.9,19,deep_slow,0.8,1.5,0.5,12,-0.024449058955838984,491,-1.7285872200754422,-0.07135345385175074,-0.8882509785490168,-0.08898093866735568,0.2484725050916497,2.61807221211707,0.24643584521384929
0.8,14,base,0.4,2.0,1.0,6,0.02654735060013038,246,-1.9301283052781222,-0.07148652439728775,-0.8647264669237362,-0.09157136895937634,0.35772357723577236,1.485404745831722,0.1991869918699187
0.8,14,base,0.5,1.0,0.5,12,0.01796004567886604,409,-2.040721188624013,-0.07149237608229597,-0.859905342520531,-0.09209227685038812,0.3202933985330073,1.7576719806345211,0.3202933985330073
0.8,14,base,0.5,1.0,0.5,24,0.01796004567886604,409,-2.040721188624013,-0.07149237608229597,-0.859905342520531,-0.09209227685038812,0.3202933985330073,1.7576719806345211,0.3202933985330073
0.8,14,base,0.7,1.0,0.5,6,0.0027703769776574855,537,-1.8022337057352038,-0.07153669863347689,-1.074992326492791,-0.0737117162254024,0.329608938547486,1.751065561124905,0.31471135940409684
0.85,16,shallow,0.8,2.5,0.75,12,-0.01892708337290167,328,-1.757881346261634,-0.07160073012982393,-0.8813927174109352,-0.08998276817767803,0.25914634146341464,2.4521768421451915,0.17682926829268292
0.85,16,deep_slow,0.6,2.5,1.5,6,-0.005917748686304392,261,-1.6778423163083604,-0.0716792173312718,-0.9632055965436009,-0.08242967867955608,0.4099616858237548,1.2337556595111723,0.1532567049808429
0.95,25,deep_slow,0.6,1.5,1.0,24,-9.84969022274224e-05,281,-1.8008613703087497,-0.07174306177272016,-0.9026846686000911,-0.08803422756964174,0.37722419928825623,1.4037853340589557,0.37722419928825623
0.8,14,deep_slow,0.4,2.0,1.0,6,0.025687802785900486,250,-1.8785866206847126,-0.07176930938479886,-0.8689195613740474,-0.09148844351251517,0.364,1.4467049883162415,0.208
0.9,19,shallow,0.4,2.0,0.75,6,0.019014132536386064,267,-1.964741582149875,-0.07177667420530576,-0.871620401864868,-0.09121427320024345,0.2883895131086142,2.0196345025893487,0.18726591760299627
0.8,14,deep_slow,0.4,4.0,2.0,24,0.025687802785900486,108,-2.3137957779129072,-0.07178306592310457,-0.7174443328774854,-0.11082570138822145,0.3888888888888889,1.2514534314092218,0.19444444444444445
0.85,16,base,0.6,2.0,1.0,6,0.00727389547987417,307,-1.7508468579538436,-0.07182014177922913,-0.8165943990897865,-0.09741943527813546,0.36482084690553745,1.4909102000193002,0.20846905537459284
0.8,14,shallow,0.4,3.0,1.0,24,0.022918085700536522,167,-2.348114061774698,-0.07182655595883258,-0.7340063120920379,-0.10839040287967472,0.25149700598802394,2.3685539653690597,0.20359281437125748
0.9,19,deep_slow,0.8,1.5,0.5,24,-0.024449058955838984,489,-1.7429747487351486,-0.07185235758676134,-0.8968420458014382,-0.08874215780306216,0.2474437627811861,2.630009987279423,0.2474437627811861
0.8,14,base,0.7,1.0,0.5,12,0.0027703769776574855,531,-1.8142068738020418,-0.07185354418184986,-1.071169808117365,-0.07430101794191468,0.3220338983050847,1.8119894211625398,0.3220338983050847
0.8,14,base,0.7,1.0,0.5,24,0.0027703769776574855,531,-1.8142068738020418,-0.07185354418184986,-1.071169808117365,-0.07430101794191468,0.3220338983050847,1.8119894211625398,0.3220338983050847
0.8,14,base,0.8,2.0,0.75,6,-0.006188371914272241,392,-1.6980249448075884,-0.07185479604267975,-0.9160493018609496,-0.08688439337802611,0.3163265306122449,1.8817639147057665,0.18622448979591838
0.85,16,deep_slow,0.5,2.5,0.75,12,0.006164899354047,266,-1.93013506832453,-0.07187852730171984,-0.7213008948363759,-0.11037912650721138,0.2518796992481203,2.474463397718843,0.18796992481203006
0.85,16,base,0.6,1.0,0.75,6,0.00727389547987417,416,-1.7237610757101551,-0.07188574817254301,-0.8104671703232622,-0.09824522203067976,0.4182692307692308,1.189838432234829,0.3918269230769231
0.85,16,base,0.4,1.0,0.75,6,0.024913286708163326,315,-1.9833637301498812,-0.07200948154770637,-0.8768786872585345,-0.09096013040280149,0.4158730158730159,1.1476387070273122,0.39365079365079364
0.9,19,shallow,0.4,1.0,0.75,12,0.019014132536386064,308,-2.0107998272350014,-0.07220173798698148,-0.8492005009068382,-0.09417451622783779,0.4090909090909091,1.181775589219859,0.40584415584415584
0.85,16,deep_slow,0.5,2.0,0.75,12,0.006164899354047,289,-1.8225213551770845,-0.07224397104131319,-0.7310515961936945,-0.1094582468317834,0.27335640138408307,2.234416767420736,0.2422145328719723
0.8,14,deep_slow,0.4,3.0,1.0,24,0.025687802785900486,167,-2.3556720616046074,-0.07234739767259113,-0.7291926447214099,-0.10989372562914979,0.2634730538922156,2.2061872583160484,0.20958083832335328
0.8,14,deep_slow,0.4,2.5,1.0,24,0.025687802785900486,191,-2.1844422348866828,-0.07236068386544003,-0.7445648454222918,-0.10764455279756835,0.2931937172774869,1.9447647695790615,0.25654450261780104
0.8,14,deep_slow,0.5,1.0,0.5,6,0.010632801658885678,422,-2.0578199681144205,-0.0724278373604278,-1.0122038257409138,-0.07925519664866454,0.31990521327014215,1.7575292804528329,0.3033175355450237
0.9,19,base,0.7,1.5,1.0,6,-0.01070085499890775,352,-1.6533137322331233,-0.07244341196931603,-0.8081653646259636,-0.09928610391637982,0.41761363636363635,1.2133606474723764,0.3210227272727273
0.8,14,deep_slow,0.4,1.0,0.75,12,0.025687802785900486,314,-2.027891690862315,-0.07245253605514113,-0.7218962579751772,-0.11116507719258961,0.40764331210191085,1.1904374635508521,0.40764331210191085
0.9,19,base,0.5,1.5,0.75,12,0.011181462595549165,309,-1.87129618271238,-0.07247814088493643,-0.8251197168219021,-0.09729241814774425,0.32038834951456313,1.772387577826669,0.313915857605178
0.85,16,base,0.7,1.5,0.5,6,2.2421718387172765e-05,478,-1.7877092493862923,-0.07249932329911979,-0.961412249344522,-0.08352426790602607,0.25313807531380755,2.5221488840944883,0.2175732217573222
0.95,25,base,0.5,1.5,0.75,6,0.01986995396446551,312,-1.931527788012493,-0.07261717195808415,-0.9658172015522141,-0.08327789834679855,0.34615384615384615,1.572194659647582,0.2692307692307692
0.8,14,deep_slow,0.4,1.0,0.5,6,0.025687802785900486,356,-2.2789180825519,-0.07286694165053587,-0.9214316466059994,-0.08758835870771586,0.3258426966292135,1.6441873231999242,0.3061797752808989
0.9,19,shallow,0.7,2.0,1.5,6,-0.02069939223100179,282,-1.660626552560921,-0.07290664540761183,-0.9091007019455808,-0.08882456255029714,0.425531914893617,1.1607337383390606,0.24113475177304963
0.9,19,base,0.5,1.5,1.0,6,0.011181462595549165,295,-1.845911821946262,-0.07297672007412548,-0.9941143196599377,-0.08130629510362763,0.4067796610169492,1.2187592301897932,0.30847457627118646
0.85,16,shallow,0.8,1.5,1.0,24,-0.01892708337290167,331,-1.679267316962566,-0.07308354419634622,-1.1075757224872083,-0.07308354419634622,0.3806646525679758,1.4135649446205998,0.3806646525679758
0.8,14,deep_slow,0.4,1.0,0.75,24,0.025687802785900486,314,-2.0463312670845597,-0.07313147723026547,-0.728148762559567,-0.1112388348435831,0.40764331210191085,1.1884242652288735,0.40764331210191085
0.9,19,base,0.6,1.5,1.0,12,0.0010325266825469196,300,-1.767966907045712,-0.07316703831120774,-0.8120546300231881,-0.09979333113598099,0.3933333333333333,1.3250946395142238,0.36
0.9,19,base,0.7,1.5,0.5,6,-0.01070085499890775,466,-1.8484457154072114,-0.07317412910540155,-0.901377851097427,-0.0899128552829741,0.26394849785407726,2.3864998759538607,0.2167381974248927
0.95,25,base,0.8,1.0,0.75,12,-0.014188546735315654,463,-1.7182769304305037,-0.07328655889558922,-0.9121266903296631,-0.08898921954905681,0.4190064794816415,1.203628017697097,0.4168466522678186
0.9,19,deep_slow,0.5,3.0,1.0,24,0.009505043314170823,178,-2.2032023546697896,-0.07330097892349074,-0.8577776119172633,-0.09464614517798808,0.25280898876404495,2.360598198138922,0.20224719101123595
0.8,14,shallow,0.4,1.0,0.75,12,0.022918085700536522,317,-2.0084768413036542,-0.07335402521315071,-0.7225289537264075,-0.11244371868680403,0.41009463722397477,1.1795418629586663,0.4069400630914827
0.85,16,shallow,0.5,1.0,0.5,6,0.009243240555932723,425,-2.092333235940297,-0.07344629828599025,-1.030987931785082,-0.0789006304405726,0.32235294117647056,1.7260305616276657,0.3058823529411765
0.8,14,shallow,0.4,2.0,1.0,24,0.022918085700536522,212,-2.0720405701556595,-0.07345321956691175,-0.7731914577658281,-0.10521744577959247,0.3113207547169811,1.8143549551619484,0.3018867924528302
0.85,16,deep_slow,0.6,1.5,1.0,6,-0.005917748686304392,332,-1.6980065906485218,-0.07350346028704768,-0.907152351410048,-0.08974086135242265,0.39759036144578314,1.3040268003480557,0.32228915662650603
0.85,16,deep_slow,0.6,1.5,1.0,24,-0.005917748686304392,306,-1.7252049048805134,-0.07355866455588089,-0.8987252526442516,-0.09065007291403104,0.38235294117647056,1.3942299610889257,0.38235294117647056
0.95,25,shallow,0.7,1.5,0.5,12,-0.018651083800840466,443,-1.892894337693683,-0.0736043396927143,-0.8423441670638889,-0.09677739887984127,0.24379232505643342,2.6292366306472195,0.24379232505643342
0.8,14,base,0.6,1.5,0.5,6,0.010485141393924495,424,-1.9393962745625102,-0.07363544477520767,-0.8650317598689995,-0.09427882520704634,0.25471698113207547,2.4645825397717966,0.2169811320754717
0.85,16,base,0.6,1.5,0.75,24,0.00727389547987417,349,-1.7237397601408981,-0.07368328497587151,-0.7022806614973937,-0.11620273393927583,0.31805157593123207,1.830749947355849,0.31805157593123207
0.8,14,base,0.6,1.0,0.5,12,0.010485141393924495,467,-1.9902956383648933,-0.07374162182264643,-0.9119257135886101,-0.0895591175402396,0.32119914346895073,1.781125132595281,0.32119914346895073
0.8,14,base,0.6,1.0,0.5,24,0.010485141393924495,467,-1.9902956383648933,-0.07374162182264643,-0.9119257135886101,-0.0895591175402396,0.32119914346895073,1.781125132595281,0.32119914346895073
0.8,14,deep_slow,0.7,1.5,0.75,6,-0.02092844120651946,390,-1.7142696529545502,-0.07376822710183584,-0.8265116474572399,-0.09884990791469295,0.3487179487179487,1.6093503450784135,0.27692307692307694
0.8,14,deep_slow,0.8,3.0,2.0,12,-0.037658496495412044,187,-1.8480199325569098,-0.0738583758333693,-0.9232099793849867,-0.08860390358059278,0.47058823529411764,0.9444710506889775,0.1711229946524064
0.8,14,base,0.6,1.0,0.5,6,0.010485141393924495,471,-1.9989407331807116,-0.07406903496172901,-0.9154002948243113,-0.08961358195049063,0.32908704883227174,1.7141865964081413,0.31210191082802546
0.85,16,deep_slow,0.7,1.5,1.0,12,-0.022526671088844777,325,-1.7024170146676394,-0.07422516262450418,-0.8824139691956279,-0.09315860640830054,0.38769230769230767,1.369322713236912,0.3630769230769231
0.8,14,shallow,0.7,2.0,0.75,12,-0.009456977029506219,330,-1.8172842994943186,-0.07422863677971192,-0.8038383811465561,-0.10226967057237357,0.27575757575757576,2.236229878552941,0.23030303030303031
0.8,14,base,0.5,1.0,0.5,6,0.01796004567886604,412,-2.131515087404335,-0.07453542113405442,-0.8950961596871501,-0.09222088138633833,0.3276699029126214,1.682081184719201,0.3106796116504854
0.95,25,deep_slow,0.7,1.5,0.5,24,-0.014895904927337712,442,-1.918306578461052,-0.07463627289766861,-0.8717713147963259,-0.09481587089706622,0.24434389140271492,2.615990962861943,0.24434389140271492
0.95,25,shallow,0.7,1.5,0.5,24,-0.018651083800840466,442,-1.920873072399071,-0.07465893627295317,-0.8452278750277669,-0.09782302198396342,0.24434389140271492,2.6158764232122786,0.24434389140271492
0.95,25,deep_slow,0.7,1.5,0.5,12,-0.014895904927337712,446,-1.9102986495241117,-0.07478602658804234,-0.8713004331447429,-0.09505661876227156,0.24439461883408073,2.6170410378726916,0.242152466367713
0.8,14,deep_slow,0.8,3.0,2.5,12,-0.037658496495412044,171,-2.123047744916086,-0.07483508645181047,-0.9210083217343976,-0.08998503414579984,0.47953216374269003,0.9014081577409416,0.1871345029239766
0.85,16,base,0.6,1.5,1.0,6,0.00727389547987417,327,-1.723753187392871,-0.07484118601696399,-0.7877196519047251,-0.10521978255199149,0.40672782874617736,1.2498825521144874,0.3211009174311927
0.9,19,base,0.8,1.5,0.75,24,-0.02406222399551668,391,-1.71912348884237,-0.0748649371041038,-0.8939027986450806,-0.09275043979136721,0.319693094629156,1.8417824061784351,0.319693094629156
0.9,19,deep_slow,0.7,1.5,0.5,6,-0.011679573210607598,461,-1.9249491741639697,-0.0750778724375335,-1.036938281022364,-0.08018283423324413,0.2603036876355748,2.4047966942671786,0.21475054229934923
0.8,14,deep_slow,0.4,2.0,1.5,12,0.025687802785900486,188,-2.027213140818209,-0.07518486510068978,-0.8385615291711688,-0.09929219293258162,0.4148936170212766,1.1597064046074235,0.32978723404255317
0.9,19,deep_slow,0.7,1.0,0.75,6,-0.011679573210607598,456,-1.7330459572890649,-0.07528286860701616,-0.9181204961651287,-0.09080579744561235,0.42105263157894735,1.1821543755985895,0.39035087719298245
0.85,16,deep_slow,0.5,2.0,0.75,24,0.006164899354047,285,-1.8957330744634913,-0.07537765146703979,-0.7618325547272281,-0.10957153498925876,0.2631578947368421,2.333268769407057,0.2596491228070175
0.85,16,base,0.4,1.0,0.75,12,0.024913286708163326,309,-2.079276425164418,-0.07543410095585412,-0.8447916244890107,-0.09888521062839817,0.4110032362459547,1.1622495019502561,0.4110032362459547
0.85,16,base,0.4,1.0,0.75,24,0.024913286708163326,309,-2.079276425164418,-0.07543410095585412,-0.8447916244890107,-0.09888521062839817,0.4110032362459547,1.1622495019502561,0.4110032362459547
0.8,14,deep_slow,0.7,2.0,1.0,6,-0.02092844120651946,333,-1.7158896157655084,-0.07550290264835324,-0.9449354330799943,-0.08848567612811054,0.3663663663663664,1.4929920893269029,0.21921921921921922
0.85,16,deep_slow,0.6,1.5,0.75,6,-0.005917748686304392,367,-1.8110016158659163,-0.07568143866554677,-0.8461781810347759,-0.09904542949384576,0.34332425068119893,1.6268384151580817,0.28065395095367845
0.85,16,base,0.6,1.5,0.75,6,0.00727389547987417,371,-1.741728400232303,-0.075980874692963,-0.7179129475519836,-0.11720110555785801,0.3450134770889488,1.6195058210360609,0.2776280323450135
0.8,14,deep_slow,0.6,3.0,1.0,24,-0.006382668772450415,191,-2.153564798451849,-0.07601096070781677,-0.7606026294226215,-0.11066666772633571,0.2670157068062827,2.20711097648262,0.193717277486911
0.9,19,base,0.7,1.5,1.0,24,-0.01070085499890775,313,-1.8247366939636531,-0.07607573625891995,-0.8731374296861109,-0.09648511770660562,0.3801916932907348,1.3974006833719708,0.3801916932907348
0.9,19,base,0.6,1.5,0.5,6,0.0010325266825469196,424,-1.9828433655608466,-0.07612711951734874,-0.9604562207720145,-0.0877722595494761,0.25707547169811323,2.408131126931118,0.22169811320754718
0.95,25,base,0.8,1.0,0.75,6,-0.014188546735315654,481,-1.755690742735463,-0.0761294401057303,-0.8395331674254478,-0.1004176775617821,0.42203742203742206,1.1831565826816228,0.3908523908523909
0.8,14,deep_slow,0.4,2.0,1.5,24,0.025687802785900486,176,-2.092767748797075,-0.0761443763820614,-0.9444327862590044,-0.08928156439398482,0.4090909090909091,1.1903759538997971,0.38636363636363635
0.9,19,base,0.6,2.0,0.75,6,0.0010325266825469196,335,-1.940175544817042,-0.07622084117450523,-1.0049938941553358,-0.08398531696428135,0.31343283582089554,1.8462329402876168,0.18507462686567164
0.8,14,deep_slow,0.5,1.5,0.75,6,0.010632801658885678,327,-1.9664111347029225,-0.07641360931876728,-0.7741628776329614,-0.10930158969273351,0.3394495412844037,1.6137385866361906,0.27217125382262997
0.8,14,shallow,0.4,1.0,0.75,24,0.022918085700536522,317,-2.0983138192066098,-0.0765619566041369,-0.7336105239333335,-0.11556644996221233,0.4069400630914827,1.185128298514927,0.4069400630914827
0.9,19,deep_slow,0.7,2.0,0.75,12,-0.011679573210607598,337,-1.8955871275794487,-0.07660802610995832,-0.8727289467326476,-0.09720262902336474,0.27299703264094954,2.260831596620425,0.2314540059347181
0.8,14,base,0.6,1.5,0.75,12,0.010485141393924495,349,-1.8484526740639602,-0.07664733736305174,-0.7122984993443601,-0.11915633988662888,0.31805157593123207,1.8161956837009428,0.3123209169054441
0.8,14,deep_slow,0.7,1.5,0.5,24,-0.02092844120651946,450,-1.9265872476854697,-0.07669747155260387,-0.9704784463676847,-0.08751368627883238,0.24,2.6728851237481126,0.24
0.8,14,deep_slow,0.5,2.0,1.0,6,0.010632801658885678,277,-1.9465582933740064,-0.07675246156297855,-0.826889962579597,-0.10278364311830568,0.36462093862815886,1.449635603522756,0.21299638989169675
0.8,14,deep_slow,0.8,3.0,1.5,12,-0.037658496495412044,212,-1.9707918115957446,-0.0767627645797192,-1.019058740791999,-0.08341238495108894,0.39622641509433965,1.275421659616857,0.15566037735849056
0.8,14,base,0.6,1.5,0.5,12,0.010485141393924495,414,-2.0216360463560226,-0.07678309042637432,-0.8332231005657672,-0.10204292865496112,0.2391304347826087,2.6519126724872115,0.23671497584541062
0.8,14,base,0.7,2.5,2.0,12,0.0027703769776574855,188,-1.9593859532916684,-0.076785069827904,-1.0019655529534806,-0.08485991067226129,0.43617021276595747,1.0841785707691827,0.24468085106382978
0.9,19,base,0.7,2.0,1.5,6,-0.01070085499890775,277,-1.9016255384921488,-0.07679017704664981,-0.9228540732666007,-0.09214060979230843,0.44404332129963897,1.0651695292654353,0.21660649819494585
0.85,16,base,0.7,2.0,0.75,12,2.2421718387172765e-05,342,-1.8404179102500278,-0.0768075606208195,-0.8979225190569325,-0.09472030973890933,0.27485380116959063,2.242742831706889,0.2309941520467836
0.8,14,base,0.6,1.5,1.0,12,0.010485141393924495,303,-1.8143736856041788,-0.07686575921675676,-0.8068636611864006,-0.10548950925643907,0.37623762376237624,1.4135893804466404,0.3564356435643564
0.8,14,base,0.6,1.5,0.5,24,0.010485141393924495,411,-2.0360999996721705,-0.07687408460120593,-0.8342060527131209,-0.10204292865496112,0.2384428223844282,2.6583091368484633,0.2384428223844282
0.8,14,deep_slow,0.7,1.5,0.5,12,-0.02092844120651946,451,-1.9316085176889766,-0.0769382194178091,-0.9708668588287783,-0.08775201604152494,0.2394678492239468,2.679334341643643,0.2394678492239468
0.9,19,base,0.8,1.5,0.5,24,-0.02406222399551668,484,-1.8885975339947223,-0.07699662655846706,-1.0266723496914856,-0.08304490286557509,0.24380165289256198,2.6523281316698313,0.24380165289256198
0.8,14,base,0.5,1.5,1.0,6,0.01796004567886604,306,-1.8429018866141798,-0.0770789984350494,-0.7764058678678568,-0.10993052177004248,0.40522875816993464,1.23894443016723,0.3202614379084967
0.8,14,shallow,0.7,1.0,0.75,24,-0.009456977029506219,440,-1.7904301112233423,-0.07710063556523705,-0.8629472051249001,-0.09893369096963123,0.4159090909090909,1.2088821498681719,0.4159090909090909
0.8,14,shallow,0.8,1.5,0.5,24,-0.02179247154392962,473,-1.9281358951745928,-0.07726743734828223,-0.9191394887778375,-0.09308533864407553,0.24101479915433405,2.6770182954507846,0.24101479915433405
0.8,14,base,0.6,1.5,0.75,6,0.010485141393924495,364,-1.8701267843571174,-0.07731410103094005,-0.780928539688431,-0.10962570956697681,0.34065934065934067,1.6411357832807898,0.27472527472527475
0.9,19,deep_slow,0.6,1.0,0.5,6,-0.000270114899313196,474,-2.074005747338411,-0.0773143700613731,-1.0655547693659078,-0.08034325806773523,0.32489451476793246,1.7308234843148114,0.310126582278481
0.85,16,deep_slow,0.4,1.0,0.75,6,0.02136119538677576,316,-2.1811699947291374,-0.07732991583487747,-0.8447718064818052,-0.10136142839488271,0.40189873417721517,1.1936812802982655,0.379746835443038
0.9,19,shallow,0.7,1.5,1.0,6,-0.02069939223100179,355,-1.710910468962321,-0.07743165621173265,-0.8056845618042746,-0.10641809761794252,0.4140845070422535,1.220135728026052,0.3211267605633803
0.9,19,base,0.8,1.5,0.5,12,-0.02406222399551668,487,-1.900700717132233,-0.07755910679943856,-1.027226057571684,-0.08360369727395645,0.24435318275154005,2.6418011543069353,0.24229979466119098
0.85,16,base,0.7,1.5,1.0,24,2.2421718387172765e-05,326,-1.7654239350549294,-0.07769916536327692,-1.063917445610354,-0.08086554920127376,0.37423312883435583,1.4359617969447007,0.37423312883435583
0.8,14,deep_slow,0.6,1.5,1.0,12,-0.006382668772450415,299,-1.8367491069453903,-0.07770640927533357,-0.9755560336462615,-0.08819816568864747,0.3879598662207358,1.3365981716907005,0.3612040133779264
0.85,16,base,0.7,1.5,0.5,12,2.2421718387172765e-05,456,-1.9395566307032999,-0.07776282463277107,-0.9452739514695017,-0.09108939543548056,0.23903508771929824,2.685509811924248,0.23684210526315788
0.8,14,base,0.6,1.5,1.0,24,0.010485141393924495,299,-1.8374799384407616,-0.07781829615275782,-0.8062553522628276,-0.1068713179843539,0.3712374581939799,1.4378879867023455,0.3712374581939799
0.95,25,shallow,0.8,1.5,0.5,24,-0.033862516362689936,477,-1.9322393874917259,-0.07792945652635053,-1.056692186111264,-0.08165868007340149,0.2389937106918239,2.706906887210244,0.2389937106918239
0.8,14,shallow,0.8,1.5,0.5,12,-0.02179247154392962,476,-1.9383585048133276,-0.07800693244225598,-0.9206482476632736,-0.0938181108971593,0.2415966386554622,2.665978715606693,0.23949579831932774
0.85,16,deep_slow,0.6,1.5,1.0,12,-0.005917748686304392,306,-1.8404148134878764,-0.07808468268958046,-0.928840232790673,-0.09308293086840458,0.38235294117647056,1.3805682486504363,0.37254901960784315
0.8,14,shallow,0.7,1.0,0.75,12,-0.009456977029506219,441,-1.8151201706668165,-0.07811567774221495,-0.8566792546591399,-0.10096349528281978,0.41723356009070295,1.1996123053502887,0.4126984126984127
0.95,25,shallow,0.8,1.5,0.5,12,-0.033862516362689936,479,-1.9381573428717997,-0.07824586988862992,-1.0568815935976719,-0.08197400752463546,0.23799582463465555,2.720114426459473,0.23799582463465555
0.9,19,shallow,0.4,1.0,0.75,6,0.019014132536386064,312,-2.1786757433625077,-0.07831762190050717,-0.8677466265573757,-0.09993227937278926,0.40705128205128205,1.1677535929287746,0.391025641025641
0.9,19,base,0.8,2.0,0.75,12,-0.02406222399551668,352,-1.8971802118782344,-0.0784884140296348,-0.9770711879741013,-0.08894349592797135,0.2784090909090909,2.2070141861010493,0.22443181818181818
0.8,14,shallow,0.8,1.5,0.5,6,-0.02179247154392962,495,-1.951857082681254,-0.07859710778798723,-0.9555016945358484,-0.09107667352901883,0.25656565656565655,2.4597883723958756,0.21818181818181817
0.8,14,deep_slow,0.6,1.5,0.5,6,-0.006382668772450415,426,-2.077757325667232,-0.07865265049389758,-0.9342209972148481,-0.09321683815496584,0.2535211267605634,2.4466039286447954,0.215962441314554
0.9,19,shallow,0.7,2.5,2.0,6,-0.02069939223100179,251,-1.8343288070814538,-0.0786886760063561,-0.831562269928114,-0.1047724660471161,0.4342629482071713,1.0874244991443525,0.1593625498007968
0.95,25,deep_slow,0.6,1.5,0.5,12,-9.84969022274224e-05,390,-2.200694062911356,-0.07870992399146004,-0.9222232195080086,-0.09449799600872089,0.23846153846153847,2.616542441789469,0.2358974358974359
0.85,16,deep_slow,0.5,1.0,0.75,12,0.006164899354047,368,-1.9968129417032594,-0.07873384998051558,-0.8622471150347496,-0.10110165897031076,0.41032608695652173,1.1949101626183747,0.41032608695652173
0.85,16,deep_slow,0.5,1.0,0.75,24,0.006164899354047,368,-1.9968129417032594,-0.07873384998051558,-0.8622471150347496,-0.10110165897031076,0.41032608695652173,1.1949101626183747,0.41032608695652173
0.85,16,base,0.6,1.0,0.5,6,0.00727389547987417,477,-2.1181322100196787,-0.0788286506251441,-1.080646425968555,-0.08076562883912819,0.32075471698113206,1.757313022113145,0.3060796645702306
0.85,16,base,0.8,1.5,0.5,6,-0.009391219307694848,510,-1.9430954962787688,-0.07901203619003672,-0.9805889246010527,-0.08921290183783559,0.25882352941176473,2.451923486336292,0.2196078431372549
0.95,25,shallow,0.7,1.0,0.5,6,-0.018651083800840466,511,-2.0861980289905184,-0.07906139664586609,-1.015506724728938,-0.08619891625210774,0.3287671232876712,1.713206921070536,0.3111545988258317
0.85,16,deep_slow,0.6,2.0,0.75,12,-0.005917748686304392,320,-1.9248054007998592,-0.07918242513070528,-0.8275481850973185,-0.10593818431130353,0.26875,2.295385103148798,0.240625
0.8,14,deep_slow,0.5,2.5,1.0,24,0.010632801658885678,203,-2.34070727709434,-0.07919332307145499,-0.783363399179645,-0.11192884637428857,0.29064039408866993,1.9571733058839782,0.24630541871921183
0.8,14,base,0.8,3.0,2.5,12,-0.006188371914272241,174,-2.1045566202068886,-0.07934551348283836,-1.0142929159404692,-0.08661075174634791,0.4942528735632184,0.8432245740960244,0.16666666666666666
0.85,16,base,0.7,1.5,0.5,24,2.2421718387172765e-05,455,-1.9833674291771883,-0.07944312985264679,-0.9482905216158448,-0.09275242061510791,0.23736263736263735,2.7001243550759204,0.23736263736263735
0.9,19,base,0.7,1.5,1.0,12,-0.01070085499890775,318,-1.9022399739451417,-0.07947539355602085,-0.8911658384063725,-0.09873784494413751,0.3867924528301887,1.3532400216429474,0.36163522012578614
0.9,19,base,0.7,2.0,0.5,24,-0.01070085499890775,398,-2.1518190167627242,-0.07953889337263731,-0.8955431374483651,-0.09833336220002842,0.18592964824120603,3.6412177750752948,0.18592964824120603
0.8,14,base,0.6,1.5,0.75,24,0.010485141393924495,347,-1.9266602394686598,-0.07958612159905609,-0.7394806718466901,-0.11915633988662888,0.31412103746397696,1.8373866231429594,0.31412103746397696
0.85,16,base,0.6,1.0,0.5,24,0.00727389547987417,471,-2.145774885839332,-0.07961134175109219,-1.0772520789808302,-0.0818207761332157,0.31422505307855625,1.8068391035785714,0.31422505307855625
0.85,16,base,0.6,1.0,0.5,12,0.00727389547987417,472,-2.1469713409023066,-0.0797342491988936,-1.077289083083224,-0.08194368358101722,0.3135593220338983,1.8119871018874223,0.3135593220338983
0.95,25,deep_slow,0.6,1.5,0.5,24,-9.84969022274224e-05,386,-2.2489074286689794,-0.07985551474653052,-0.9253711478415949,-0.09554075602462875,0.23834196891191708,2.6079925039909635,0.23834196891191708
0.9,19,shallow,0.8,1.5,0.5,24,-0.03623754955899112,490,-1.937364854044731,-0.08007390427512773,-0.9821136605129286,-0.09026582414108653,0.24285714285714285,2.6535993250341456,0.24285714285714285
0.8,14,deep_slow,0.6,1.5,0.75,12,-0.006382668772450415,342,-1.9493484731811133,-0.0801975272625095,-0.8631067074635351,-0.10286968405184804,0.31871345029239767,1.7881996176260513,0.3128654970760234
0.95,25,shallow,0.7,1.0,0.5,24,-0.018651083800840466,502,-2.1273000836811407,-0.08023967573333868,-1.0138445823103819,-0.08762088108092947,0.3207171314741036,1.7716196528159758,0.3207171314741036
0.95,25,shallow,0.7,1.0,0.5,12,-0.018651083800840466,503,-2.1284360455064406,-0.08036258318114031,-1.01397678510595,-0.08774301449770294,0.32007952286282304,1.7763996452254744,0.32007952286282304
0.85,16,base,0.6,2.0,0.75,12,0.00727389547987417,312,-1.9820036003171049,-0.08036685012758726,-0.7821904367364585,-0.1137498964792818,0.266025641025641,2.293513230426113,0.22435897435897437
0.8,14,deep_slow,0.5,1.0,0.75,24,0.010632801658885678,361,-2.095311872756086,-0.08050304008988218,-0.8298639959105659,-0.10739607761835346,0.407202216066482,1.2020972006265254,0.407202216066482
0.85,16,shallow,0.8,2.0,0.75,12,-0.01892708337290167,354,-1.9129950334824457,-0.08051140231630283,-0.7870934868694984,-0.11324366571040223,0.2768361581920904,2.217747150088896,0.23163841807909605
0.85,16,shallow,0.7,1.5,1.0,6,-0.00973145051073512,357,-1.8121578667342892,-0.08052999410783768,-1.0754714575831392,-0.08289744528924581,0.40336134453781514,1.2691730374880001,0.3137254901960784
0.8,14,deep_slow,0.7,2.0,0.75,12,-0.02092844120651946,337,-1.8830478068108292,-0.08065131353146049,-0.8181194421840778,-0.10913749437523135,0.27299703264094954,2.2491553884098767,0.23738872403560832
0.9,19,shallow,0.8,1.5,0.5,12,-0.03623754955899112,493,-1.9548075692496596,-0.08086737911351294,-0.989175781560703,-0.09050521027594394,0.2434077079107505,2.641987511513437,0.2413793103448276
0.9,19,base,0.6,1.5,0.75,12,0.0010325266825469196,346,-1.958211964841169,-0.08096960187598345,-0.822466558424276,-0.10898702894670143,0.3208092485549133,1.7822884458321064,0.3092485549132948
0.8,14,shallow,0.6,1.5,0.5,6,0.0018531278602289152,428,-2.1376907845785635,-0.0813131929625942,-0.9793491673590962,-0.09191484784722626,0.2523364485981308,2.4416541310544355,0.2102803738317757
0.8,14,deep_slow,0.7,3.0,2.5,12,-0.02092844120651946,162,-2.3468563721488063,-0.08135646911228045,-0.9924711904417157,-0.09074762863638419,0.46296296296296297,0.9396906019509087,0.17901234567901234
0.8,14,shallow,0.6,1.5,0.5,12,0.0018531278602289152,412,-2.1420233966704885,-0.08139884887336757,-0.9419558154432465,-0.0956638252721681,0.23786407766990292,2.638612228343206,0.2354368932038835
0.85,16,base,0.4,4.0,2.0,24,0.024913286708163326,104,-2.9013637372468364,-0.08142696754258882,-1.01307622615957,-0.08897857065956727,0.375,1.2707919854365881,0.18269230769230768
0.8,14,shallow,0.7,1.0,0.75,6,-0.009456977029506219,452,-1.8782276925447265,-0.0814902688866791,-0.8609169797327242,-0.1047857281308262,0.41814159292035397,1.1873777291876233,0.39601769911504425
0.9,19,base,0.5,1.0,0.75,12,0.011181462595549165,365,-2.0971998296270784,-0.08149757503472554,-0.9298439475029593,-0.09702688483099009,0.410958904109589,1.1767020196191673,0.40821917808219177
0.85,16,shallow,0.5,1.0,0.75,24,0.009243240555932723,367,-2.0847236289624793,-0.08152706197110593,-0.8624971225418419,-0.10464075100880621,0.4087193460490463,1.1881639800558699,0.4087193460490463
0.9,19,shallow,0.7,1.0,0.5,12,-0.02069939223100179,519,-2.078434547935724,-0.08164824267035808,-1.1070152190570168,-0.08164824267035808,0.3217726396917148,1.770733128205466,0.3217726396917148
0.9,19,shallow,0.7,1.0,0.5,24,-0.02069939223100179,519,-2.078434547935724,-0.08164824267035808,-1.1070152190570168,-0.08164824267035808,0.3217726396917148,1.770733128205466,0.3217726396917148
0.85,16,shallow,0.8,1.5,0.5,6,-0.01892708337290167,513,-1.9785963652915668,-0.08174844341114773,-1.0472241237905606,-0.08641534452714894,0.26120857699805067,2.3999070805639406,0.21832358674463936
0.9,19,shallow,0.7,1.0,0.5,6,-0.02069939223100179,524,-2.0768691475697105,-0.08177320117673659,-1.107007018822832,-0.08177320117673659,0.3282442748091603,1.7178058056907388,0.31297709923664124
0.85,16,base,0.7,1.5,1.0,6,2.2421718387172765e-05,363,-1.7942334872347763,-0.08185885511713509,-1.0642190838534058,-0.08514963543608178,0.3939393939393939,1.3171826668515059,0.31955922865013775
0.8,14,deep_slow,0.5,1.0,0.75,12,0.010632801658885678,361,-2.136628411344478,-0.08199800292019421,-0.8293156572037547,-0.10945308240494511,0.407202216066482,1.1970058860228499,0.40443213296398894
0.95,25,deep_slow,0.8,1.5,0.5,24,-0.031353780956353744,476,-2.0581036257187684,-0.0820129589811639,-0.9835251514223535,-0.09230839757550191,0.24369747899159663,2.6161553943221327,0.24369747899159663
0.85,16,deep_slow,0.7,1.5,1.0,24,-0.022526671088844777,322,-1.8893819760289345,-0.08209979969187642,-0.9381533281554124,-0.09687467060212973,0.37577639751552794,1.4115123846863589,0.37577639751552794
0.95,25,deep_slow,0.8,1.5,0.5,12,-0.031353780956353744,480,-2.0504381662287003,-0.08219377419780483,-0.9831251947967927,-0.09254855487259006,0.24375,2.6169542123773195,0.24166666666666667
0.8,14,deep_slow,0.8,2.0,0.75,12,-0.037658496495412044,355,-1.9393762160616075,-0.08222277525289123,-0.8505104303994864,-0.10701663356832802,0.27887323943661974,2.1915384253090227,0.23661971830985915
0.8,14,deep_slow,0.5,2.0,1.5,6,0.010632801658885678,246,-2.019899135898336,-0.08226823853870824,-0.9546330973730927,-0.09539669704908149,0.4186991869918699,1.1447366509601689,0.23577235772357724
0.9,19,shallow,0.7,1.0,0.75,6,-0.02069939223100179,454,-1.8923017135329732,-0.08244686435870285,-0.9898269202046686,-0.09220360641534231,0.41409691629955947,1.1987974647341082,0.3898678414096916
0.9,19,shallow,0.7,1.0,0.75,12,-0.02069939223100179,440,-1.92751035080356,-0.08250235935661587,-1.0147003846134457,-0.09000365373989794,0.4113636363636364,1.2120215659356481,0.4113636363636364
0.9,19,shallow,0.7,1.0,0.75,24,-0.02069939223100179,440,-1.92751035080356,-0.08250235935661587,-1.0147003846134457,-0.09000365373989794,0.4113636363636364,1.2120215659356481,0.4113636363636364
0.9,19,deep_slow,0.7,1.0,0.5,6,-0.011679573210607598,525,-2.1094804754135623,-0.08255677145038165,-1.1069555832413587,-0.08255677145038165,0.32571428571428573,1.7336532130463735,0.30666666666666664
0.9,19,base,0.7,2.0,1.0,12,-0.01070085499890775,282,-2.103335443830195,-0.08261699713615123,-0.9155734932507182,-0.09988604980547566,0.3333333333333333,1.6815517409890435,0.2730496453900709
0.8,14,shallow,0.7,1.5,0.5,6,-0.009456977029506219,459,-2.124527066617729,-0.08265904056285911,-0.9556785800867956,-0.09574278768972244,0.25272331154684097,2.455399636163518,0.2113289760348584
0.85,16,base,0.4,4.0,2.5,24,0.024913286708163326,94,-3.305609700177686,-0.0828055254413399,-0.9897769612765178,-0.09260741534077455,0.39361702127659576,1.1538495249072738,0.18085106382978725
0.9,19,base,0.5,1.0,0.75,24,0.011181462595549165,364,-2.1340001854336013,-0.0828209947061328,-0.9323273619089029,-0.09833211948398335,0.40934065934065933,1.1807836254079895,0.40934065934065933
0.8,14,base,0.4,2.0,1.0,24,0.02654735060013038,205,-2.4124634496470536,-0.08286393751080923,-0.8526287263692676,-0.10757909516907727,0.3073170731707317,1.7915855155047704,0.2975609756097561
0.9,19,shallow,0.7,2.0,0.75,12,-0.02069939223100179,327,-2.059338885596107,-0.08288944145433741,-0.8656086513680321,-0.10599838522817329,0.2691131498470948,2.2635060065320127,0.22935779816513763
0.85,16,deep_slow,0.8,1.5,0.5,6,-0.03812047939787101,509,-2.0407261045490594,-0.08315134590043793,-0.9862377509152548,-0.09332597514601482,0.26129666011787817,2.3860106276518094,0.21611001964636542
0.8,14,deep_slow,0.6,1.5,1.0,24,-0.006382668772450415,295,-1.973828872246746,-0.08323722195475924,-1.0678631386489943,-0.08628089555136143,0.376271186440678,1.385979170401316,0.376271186440678
0.8,14,base,0.7,1.0,0.75,6,0.0027703769776574855,459,-1.9047999557467794,-0.08339984762208696,-0.9594037775674117,-0.096221540137988,0.41612200435729846,1.1896406378399196,0.3877995642701525
0.95,25,shallow,0.7,1.0,0.75,12,-0.018651083800840466,423,-2.0199171567701417,-0.08362149642956929,-0.8716435339771036,-0.10618954985115203,0.41371158392434987,1.1872840882486846,0.41134751773049644
0.8,14,base,0.5,2.5,1.0,24,0.01796004567886604,203,-2.432270267886428,-0.08366000661743178,-0.7222558974811788,-0.1282119668634607,0.28078817733990147,2.0351850499945643,0.24630541871921183
0.85,16,shallow,0.5,1.0,0.75,12,0.009243240555932723,367,-2.1422908131061886,-0.08370096597654231,-0.885381271283271,-0.10464075100880621,0.4087193460490463,1.1814947866941845,0.40599455040871935
0.85,16,deep_slow,0.4,1.0,0.75,12,0.02136119538677576,312,-2.3624288250462286,-0.08373389046841295,-0.8606106562965793,-0.10769471979622891,0.3974358974358974,1.2003488382669707,0.3974358974358974
0.85,16,deep_slow,0.4,1.0,0.75,24,0.02136119538677576,312,-2.3624288250462286,-0.08373389046841295,-0.8606106562965793,-0.10769471979622891,0.3974358974358974,1.2003488382669707,0.3974358974358974
0.9,19,deep_slow,0.6,1.0,0.5,12,-0.000270114899313196,470,-2.256174074194547,-0.0837691926367129,-1.065133221846177,-0.08705211936709911,0.3148936170212766,1.7859755829934643,0.3148936170212766
0.9,19,deep_slow,0.6,1.0,0.5,24,-0.000270114899313196,470,-2.256174074194547,-0.0837691926367129,-1.065133221846177,-0.08705211936709911,0.3148936170212766,1.7859755829934643,0.3148936170212766
0.9,19,base,0.7,2.0,0.5,12,-0.01070085499890775,407,-2.216494873608164,-0.08388671620748867,-0.8980531253908007,-0.10339203542166853,0.19164619164619165,3.4765030209946457,0.171990171990172
0.8,14,base,0.7,1.0,0.75,24,0.0027703769776574855,446,-1.9442085092974652,-0.08393590149158359,-0.9562455097180507,-0.0971567551787369,0.4080717488789238,1.2286053144026012,0.4080717488789238
0.8,14,deep_slow,0.6,1.0,0.5,6,-0.006382668772450415,477,-2.2640809279734255,-0.08398186311290623,-0.9805463803983674,-0.09480054424819373,0.31865828092243187,1.7583634895006135,0.3039832285115304
0.9,19,base,0.6,1.5,0.75,24,0.0010325266825469196,342,-2.0499097932698613,-0.08415427384677832,-0.8613435106458431,-0.10814060904644596,0.3128654970760234,1.8262775381135636,0.3128654970760234
0.8,14,deep_slow,0.5,3.0,1.0,24,0.010632801658885678,186,-2.557527859763265,-0.08427480986354519,-0.7748966715052952,-0.12037599716229874,0.25806451612903225,2.2456463928428674,0.20430107526881722
0.8,14,base,0.5,3.0,1.0,24,0.01796004567886604,187,-2.570988885929622,-0.0843862547055102,-0.7101190907352161,-0.13152961873591862,0.25133689839572193,2.3354253442023873,0.19786096256684493
0.8,14,shallow,0.6,1.5,0.5,24,0.0018531278602289152,411,-2.225491755988918,-0.08444710549356171,-0.9470573239448444,-0.09869382233275759,0.2360097323600973,2.6466231352989458,0.2360097323600973
0.85,16,base,0.6,2.5,0.75,12,0.00727389547987417,288,-2.161321233166472,-0.08448992438106506,-0.8187273357486423,-0.1142210094209537,0.2465277777777778,2.4851595898949506,0.1736111111111111
0.85,16,base,0.7,1.5,0.75,6,2.2421718387172765e-05,399,-1.9393227077879518,-0.08451937916982,-1.0684060062227232,-0.08755875568491422,0.3383458646616541,1.6521832951372768,0.2656641604010025
0.8,14,deep_slow,0.6,1.5,0.75,24,-0.006382668772450415,340,-2.066536183666743,-0.08456453242863549,-0.909869872132289,-0.10286968405184804,0.31470588235294117,1.8045902701715972,0.31470588235294117
0.85,16,deep_slow,0.7,1.5,1.0,6,-0.022526671088844777,358,-1.8884146790069996,-0.08492297031844398,-0.9149939848134615,-0.10272499487680731,0.40782122905027934,1.2345440574680295,0.31843575418994413
0.95,25,deep_slow,0.7,1.0,0.75,12,-0.014895904927337712,438,-2.0088398625810435,-0.08538881677673327,-0.9243544796641354,-0.10223971136947152,0.4155251141552511,1.182006780294088,0.410958904109589
0.9,19,base,0.7,1.5,0.5,12,-0.01070085499890775,454,-2.1552476654102395,-0.08541937391331655,-0.887636382388946,-0.10650688175210687,0.24008810572687225,2.62741750142589,0.23788546255506607
0.8,14,deep_slow,0.6,1.0,0.5,12,-0.006382668772450415,471,-2.313956481445437,-0.08548596371808959,-0.982550188882767,-0.09629300290733023,0.3099787685774947,1.8241511613072294,0.3099787685774947
0.8,14,deep_slow,0.6,1.0,0.5,24,-0.006382668772450415,471,-2.313956481445437,-0.08548596371808959,-0.982550188882767,-0.09629300290733023,0.3099787685774947,1.8241511613072294,0.3099787685774947
0.8,14,deep_slow,0.5,1.5,0.75,12,0.010632801658885678,310,-2.236713821698485,-0.08556863886210198,-0.7860808583370373,-0.12047583096698011,0.3096774193548387,1.807678354796278,0.3064516129032258
0.9,19,base,0.7,1.5,0.5,24,-0.01070085499890775,452,-2.1705113129812816,-0.08590576016081186,-0.8946724157158239,-0.10626789106301215,0.23893805309734514,2.6413682965777134,0.23893805309734514
0.8,14,deep_slow,0.8,1.5,1.0,6,-0.037658496495412044,382,-1.8450027348640534,-0.08599848982354963,-0.877238510390322,-0.1084962095850539,0.4031413612565445,1.268882144228425,0.3219895287958115
0.95,25,deep_slow,0.7,1.0,0.75,6,-0.014895904927337712,447,-2.0265075745434005,-0.08645922913613924,-0.9963307125345869,-0.09603673172525173,0.4161073825503356,1.1758100091924761,0.3959731543624161
0.9,19,base,0.6,1.5,0.75,6,0.0010325266825469196,360,-2.0838453310285634,-0.08647182427185629,-0.9638917732836033,-0.09928315121831177,0.34444444444444444,1.5787090338710028,0.2722222222222222
0.9,19,deep_slow,0.7,1.0,0.75,12,-0.011679573210607598,442,-2.0343721813254123,-0.08649479475057154,-1.012040374247776,-0.09458466848657676,0.4072398190045249,1.223958055205891,0.4072398190045249
0.85,16,deep_slow,0.6,2.5,0.75,12,-0.005917748686304392,294,-2.2010544101859195,-0.08657570906493872,-0.877733161027514,-0.10915913176199754,0.24829931972789115,2.4807078046097852,0.18027210884353742
0.95,25,shallow,0.7,1.0,0.75,6,-0.018651083800840466,440,-2.0616429668995084,-0.08668843255868675,-0.8589607044691333,-0.1116892730028104,0.4159090909090909,1.1712083214013347,0.3886363636363636
0.8,14,deep_slow,0.5,2.0,1.0,24,0.010632801658885678,235,-2.3276932806092323,-0.08676185053032004,-0.7909965930738715,-0.12138804212427723,0.3148936170212766,1.7489358156486259,0.30638297872340425
0.95,25,shallow,0.7,1.0,0.75,24,-0.018651083800840466,422,-2.0978623418772036,-0.08680879566152222,-0.9035207346164542,-0.10632762368143811,0.41232227488151657,1.186647910784908,0.41232227488151657
0.85,16,deep_slow,0.7,1.5,0.75,6,-0.022526671088844777,394,-2.054545785606316,-0.08706687483153797,-0.9084460361086716,-0.10606391505093027,0.3401015228426396,1.6256674594431388,0.26903553299492383
0.8,14,shallow,0.8,1.0,0.75,24,-0.02179247154392962,466,-2.0304253151506457,-0.08715356229288718,-0.9441150780015916,-0.10215786339000121,0.41416309012875535,1.2037430853583062,0.41416309012875535
0.8,14,deep_slow,0.5,2.0,0.75,24,0.010632801658885678,271,-2.3792460108124796,-0.08725188156282004,-0.8348805906501727,-0.11565368828153944,0.25461254612546125,2.3238953889818004,0.24723247232472326
0.8,14,deep_slow,0.6,1.5,0.75,6,-0.006382668772450415,361,-2.1025078526195244,-0.08735402127042591,-0.9182000804268281,-0.10528148126647152,0.3407202216066482,1.6018585107572354,0.27146814404432135
0.85,16,base,0.8,1.5,0.75,6,-0.009391219307694848,423,-1.9962042233709272,-0.08738110155033751,-1.0765799681919992,-0.08982080263607206,0.34278959810874704,1.6283261390411043,0.26713947990543735
0.8,14,deep_slow,0.6,1.5,0.5,12,-0.006382668772450415,414,-2.312736662682324,-0.08739199635094541,-0.9653259001721056,-0.10018509886050553,0.23429951690821257,2.6479314307298867,0.23429951690821257
0.8,14,deep_slow,0.6,1.5,0.5,24,-0.006382668772450415,414,-2.312736662682324,-0.08739199635094541,-0.9653259001721056,-0.10018509886050553,0.23429951690821257,2.6479314307298867,0.23429951690821257
0.8,14,shallow,0.7,1.5,0.5,12,-0.009456977029506219,444,-2.243777644436464,-0.08740919832601879,-0.9300593196736813,-0.10400434253765956,0.23648648648648649,2.652060075287313,0.23423423423423423
0.9,19,deep_slow,0.7,1.5,0.5,12,-0.011679573210607598,449,-2.2574164608866525,-0.08785312314258276,-1.0090857371294064,-0.09634355029354558,0.2383073496659243,2.629758135449201,0.23608017817371937
0.95,25,deep_slow,0.7,1.0,0.75,24,-0.014895904927337712,436,-2.0732781310268513,-0.0880136618758286,-0.9496814762444344,-0.10255609623927786,0.41284403669724773,1.1887813575023534,0.41284403669724773
0.8,14,base,0.7,1.0,0.75,12,0.0027703769776574855,446,-2.0428206687890764,-0.08806124919661273,-0.9729596516529229,-0.10015626913936104,0.4080717488789238,1.218055797037607,0.40358744394618834
0.9,19,deep_slow,0.7,1.5,0.5,24,-0.011679573210607598,447,-2.2675232667893583,-0.08812103228017942,-1.0146796458033926,-0.0961030583272039,0.2371364653243848,2.645212679640545,0.2371364653243848
0.95,25,base,0.8,1.5,0.5,12,-0.014188546735315654,478,-2.216588744328417,-0.0881544737141089,-1.034396306940279,-0.09430682246231481,0.24476987447698745,2.566582291131477,0.24267782426778242
0.85,16,deep_slow,0.6,1.5,0.75,12,-0.005917748686304392,353,-2.115003596843022,-0.08815937748023728,-0.81603064133617,-0.11954946529174859,0.31728045325779036,1.7878116345593256,0.311614730878187
0.8,14,shallow,0.8,1.0,0.75,12,-0.02179247154392962,467,-2.05525175727677,-0.08816860446986519,-0.9364542923072807,-0.10418680815030379,0.41541755888650966,1.1949532609084468,0.41113490364025695
0.85,16,shallow,0.8,1.5,0.5,12,-0.01892708337290167,494,-2.1466039008318054,-0.08836237619204068,-1.035254174241664,-0.09444973319112371,0.242914979757085,2.606851970336512,0.2408906882591093
0.9,19,deep_slow,0.7,1.0,0.75,24,-0.011679573210607598,442,-2.079439706233067,-0.08838066855483617,-1.0339901530583788,-0.09458466848657676,0.4072398190045249,1.2198470432421864,0.4072398190045249
0.85,16,deep_slow,0.8,1.5,0.5,24,-0.03812047939787101,484,-2.201951252844695,-0.08877753373286734,-0.955554754655137,-0.10280567724538703,0.2396694214876033,2.642874410468142,0.2396694214876033
0.95,25,shallow,0.8,1.0,0.5,6,-0.033862516362689936,559,-2.234669772375994,-0.08882250619081189,-1.0616307930780629,-0.09258016546061898,0.32379248658318427,1.7411417161094023,0.3023255813953488
0.8,14,deep_slow,0.5,1.5,0.75,24,0.010632801658885678,309,-2.3282051077963923,-0.08884898519602968,-0.8155148479075646,-0.12055586702123544,0.3074433656957929,1.8118958352277545,0.3074433656957929
0.9,19,base,0.6,1.5,0.5,24,0.0010325266825469196,411,-2.3209247779916082,-0.08895921055947176,-0.9269878886907198,-0.10618954495456967,0.2384428223844282,2.579569863531245,0.2384428223844282
0.8,14,shallow,0.7,1.5,0.5,24,-0.009456977029506219,443,-2.2890436826068696,-0.0890895035458944,-0.9329729665038877,-0.10566204379327271,0.23476297968397292,2.6670224368807296,0.23476297968397292
0.9,19,base,0.6,1.5,0.5,12,0.0010325266825469196,412,-2.325793834650829,-0.0891999584246772,-0.9273807237375123,-0.10643029281977501,0.23786407766990292,2.586373167199625,0.23786407766990292
0.85,16,base,0.4,2.5,0.75,12,0.024913286708163326,224,-2.6089118866110335,-0.08940984573779209,-0.9685064305093909,-0.10214945981923496,0.22767857142857142,2.581264406214882,0.17410714285714285
0.95,25,base,0.8,1.5,0.5,24,-0.014188546735315654,477,-2.2594173379192837,-0.0897022439375863,-1.0551542545435868,-0.09406607459710947,0.2431865828092243,2.5810376713021896,0.2431865828092243
0.85,16,shallow,0.8,1.5,0.5,24,-0.01892708337290167,492,-2.1863077442778422,-0.08981872208689523,-1.036343968729451,-0.0958971278886459,0.241869918699187,2.6136784191918636,0.241869918699187
0.85,16,base,0.7,1.5,0.75,12,2.2421718387172765e-05,382,-2.0574298016603905,-0.09001152467780027,-0.8678716912056997,-0.11475728272337316,0.31413612565445026,1.8321120996237639,0.3010471204188482
0.85,16,deep_slow,0.6,1.0,0.75,6,-0.005917748686304392,412,-2.2432105566141414,-0.09035781450096225,-0.9024375499609236,-0.11078405382151668,0.4077669902912621,1.1951875971845025,0.3859223300970874
0.9,19,deep_slow,0.7,1.0,0.5,24,-0.011679573210607598,518,-2.3285490287186335,-0.09060113360536048,-1.1064260438876203,-0.09060113360536048,0.3127413127413127,1.809111337640967,0.3127413127413127
0.9,19,deep_slow,0.7,1.0,0.5,12,-0.011679573210607598,519,-2.3295703549560094,-0.09072404105316201,-1.106417932101409,-0.09072404105316201,0.31213872832369943,1.813788362605261,0.31213872832369943
0.8,14,deep_slow,0.7,1.5,0.75,12,-0.02092844120651946,371,-2.1008906159415366,-0.09076213240686781,-0.8630119945795666,-0.11636063379650607,0.32075471698113206,1.7659369618352936,0.30727762803234504
0.8,14,deep_slow,0.6,1.0,0.75,24,-0.006382668772450415,399,-2.243126001245689,-0.09092108551646738,-0.9638244431943819,-0.10437122403709631,0.40852130325814534,1.1899040381988064,0.40852130325814534
0.85,16,deep_slow,0.6,1.5,0.75,24,-0.005917748686304392,351,-2.1935456010313796,-0.09109816171624163,-0.8430852428930907,-0.11954946529174859,0.31339031339031337,1.8082991812582327,0.31339031339031337
0.9,19,base,0.7,2.0,0.75,6,-0.01070085499890775,364,-2.2750411782580824,-0.091198820143092,-1.0226530091240555,-0.09866606838263847,0.31043956043956045,1.8361532259448272,0.17857142857142858
0.8,14,deep_slow,0.6,1.0,0.75,6,-0.006382668772450415,411,-2.2264483736847773,-0.09136848865753644,-0.9512506647599052,-0.10626835900898346,0.41362530413625304,1.1644523502200548,0.39172749391727496
0.8,14,base,0.5,1.0,0.75,12,0.01796004567886604,356,-2.3460089679056706,-0.09147909624126949,-0.8147574546628523,-0.12422046825843902,0.40168539325842695,1.1972759624959157,0.40168539325842695
0.8,14,base,0.5,1.0,0.75,24,0.01796004567886604,356,-2.3460089679056706,-0.09147909624126949,-0.8147574546628523,-0.12422046825843902,0.40168539325842695,1.1972759624959157,0.40168539325842695
0.8,14,base,0.6,1.0,0.75,24,0.010485141393924495,399,-2.234166232872662,-0.09159322334885134,-0.8571461540316447,-0.11822386223789683,0.40852130325814534,1.1908749051574372,0.40852130325814534
0.9,19,base,0.7,2.0,0.75,12,-0.01070085499890775,328,-2.350619784507685,-0.09170889582906627,-1.004233658164587,-0.10103465752291252,0.2682926829268293,2.2297646989492637,0.21951219512195122
0.9,19,base,0.7,1.5,0.75,6,-0.01070085499890775,390,-2.1822014278708144,-0.09173664799799164,-1.0187971543175716,-0.09962035999771779,0.3487179487179487,1.5507830940014797,0.2641025641025641
0.85,16,deep_slow,0.8,1.5,0.5,12,-0.03812047939787101,489,-2.266349805638173,-0.09175981428768842,-0.9627807898272888,-0.10544293156422979,0.2392638036809816,2.634463038129673,0.23721881390593047
0.9,19,shallow,0.8,1.0,0.75,6,-0.03623754955899112,486,-2.0671172492514964,-0.0918803813587491,-1.0570330137216022,-0.0961664255269411,0.41358024691358025,1.1927461625501696,0.3868312757201646
0.8,14,base,0.8,1.5,0.5,24,-0.006188371914272241,488,-2.2748066407077805,-0.0919157529596969,-0.9814506925745888,-0.10361193454671913,0.23770491803278687,2.661682236351874,0.23770491803278687
0.85,16,shallow,0.7,1.0,0.75,6,-0.00973145051073512,453,-2.201481698835984,-0.09240767768291358,-0.9638184893904587,-0.10606897318070962,0.40618101545253865,1.2135981206581044,0.3841059602649007
0.85,16,base,0.6,1.0,0.75,24,0.00727389547987417,404,-2.261365551076911,-0.09280437064775171,-0.871182965933531,-0.11784857239759405,0.4034653465346535,1.2081383704285136,0.4034653465346535
0.85,16,shallow,0.4,1.0,0.75,6,0.019536983020591658,328,-2.4740614679880015,-0.09290830016461316,-0.9501542360526388,-0.10817402265411857,0.39939024390243905,1.1719881491768969,0.375
0.8,14,deep_slow,0.6,1.0,0.75,12,-0.006382668772450415,399,-2.2987517700773936,-0.09309498952190365,-0.9668152329269999,-0.10652230446226263,0.40852130325814534,1.1837365385705751,0.40601503759398494
0.9,19,shallow,0.8,1.0,0.75,24,-0.03623754955899112,471,-2.135854169512331,-0.09328601101953082,-1.0576545519171439,-0.09757205518772283,0.40764331210191085,1.2195390209177082,0.40764331210191085
0.95,25,base,0.8,1.0,0.5,6,-0.014188546735315654,563,-2.3789181467653346,-0.09341641255545674,-1.055370617016393,-0.09791913647040795,0.3268206039076377,1.7037423308533595,0.30550621669627
0.8,14,base,0.8,1.5,0.5,6,-0.006188371914272241,513,-2.3051929583560935,-0.09360704874760617,-0.9898494889535602,-0.10461255991594964,0.2553606237816764,2.426647372955118,0.21052631578947367
0.8,14,base,0.6,1.0,0.75,12,0.010485141393924495,399,-2.2891398787806376,-0.0937671273542876,-0.8617796546081152,-0.12036345856216846,0.40852130325814534,1.1847757073224252,0.40601503759398494
0.95,25,shallow,0.8,1.0,0.5,24,-0.033862516362689936,549,-2.379653725610344,-0.09377834492384374,-1.063598207680784,-0.09753600419365105,0.3114754098360656,1.824370609290233,0.3114754098360656
0.85,16,shallow,0.7,1.0,0.75,24,-0.00973145051073512,441,-2.2625576970032433,-0.09383089190670446,-0.9764967283211585,-0.10629520661820546,0.4013605442176871,1.2347354397451447,0.4013605442176871
0.8,14,shallow,0.7,1.0,0.5,6,-0.009456977029506219,516,-2.450639711347169,-0.09383184140545764,-1.0190767768559674,-0.10185490270385422,0.313953488372093,1.7790274248851812,0.3003875968992248
0.95,25,shallow,0.8,1.0,0.5,12,-0.033862516362689936,550,-2.380630721729484,-0.09390125237164537,-1.0636440284105386,-0.09765891164145246,0.3109090909090909,1.828807953080295,0.3109090909090909
0.8,14,shallow,0.7,1.0,0.5,12,-0.009456977029506219,510,-2.4585247275649276,-0.09392876774071057,-1.0164568745239393,-0.10222232500453021,0.307843137254902,1.8305733869445924,0.307843137254902
0.8,14,shallow,0.7,1.0,0.5,24,-0.009456977029506219,510,-2.4585247275649276,-0.09392876774071057,-1.0164568745239393,-0.10222232500453021,0.307843137254902,1.8305733869445924,0.307843137254902
0.85,16,base,0.8,1.5,0.5,24,-0.009391219307694848,491,-2.3297988576416575,-0.09399412744909263,-0.9966216850053093,-0.10432893598481419,0.23828920570264767,2.6418605096177585,0.23828920570264767
0.8,14,base,0.5,1.0,0.75,6,0.01796004567886604,365,-2.3997991299144896,-0.09405048261704019,-0.8501024325756731,-0.12238345123714511,0.4054794520547945,1.169313764360782,0.38082191780821917
0.9,19,deep_slow,0.8,1.0,0.75,24,-0.024449058955838984,466,-2.163316860384043,-0.09412133192383665,-1.0108847592608547,-0.10299532260661892,0.40772532188841204,1.214709669709786,0.40772532188841204
0.8,14,base,0.6,1.0,0.75,6,0.010485141393924495,412,-2.271742283383275,-0.09414021306528098,-0.8562637754142671,-0.1216180965615904,0.41262135922330095,1.1643436006445125,0.38349514563106796
0.8,14,base,0.4,1.0,0.75,6,0.02654735060013038,320,-2.5865271271471664,-0.09414326636704051,-0.9368646637604698,-0.11115856224898424,0.39375,1.1870633303936464,0.371875
0.85,16,base,0.8,1.5,0.5,12,-0.009391219307694848,492,-2.3345833143021952,-0.09423487531429786,-0.9968857981359397,-0.1045669376392413,0.23780487804878048,2.647675841749806,0.23780487804878048
0.85,16,shallow,0.4,1.0,0.75,12,0.019536983020591658,321,-2.5201361556141766,-0.09450160311178157,-0.9604404371105681,-0.10884035495174493,0.3956386292834891,1.188235086048964,0.3925233644859813
0.8,14,deep_slow,0.7,1.5,0.75,24,-0.02092844120651946,368,-2.2057261369613324,-0.09458426429165345,-0.9214800026119667,-0.11354082309957314,0.3125,1.8134363141703154,0.3125
0.85,16,shallow,0.7,1.0,0.75,12,-0.00973145051073512,442,-2.2823837502524107,-0.09468137624073358,-0.9775470138053345,-0.10713797876508446,0.40271493212669685,1.2253467260861692,0.39819004524886875
0.9,19,deep_slow,0.8,1.0,0.75,12,-0.024449058955838984,467,-2.176828856424893,-0.09474141944148629,-0.9939333834883646,-0.10543810450701796,0.4089935760171306,1.2066570403770644,0.40471092077087795
0.8,14,base,0.8,1.5,0.5,12,-0.006188371914272241,493,-2.33891624960919,-0.09490405798774293,-0.9851314711365693,-0.1065617500201238,0.23732251521298176,2.653025430376861,0.23529411764705882
0.85,16,base,0.7,1.0,0.75,6,2.2421718387172765e-05,457,-2.2009266217903756,-0.09518214197624641,-0.9918945501223974,-0.10614352303820451,0.4048140043763676,1.2163649018474771,0.387308533916849
0.9,19,shallow,0.8,1.0,0.75,12,-0.03623754955899112,471,-2.1820343499442614,-0.09522951820858772,-1.0584805515649478,-0.09951556237677972,0.40764331210191085,1.2148066234392978,0.40552016985138006
0.8,14,shallow,0.8,1.0,0.75,6,-0.02179247154392962,482,-2.182128374755896,-0.09523378983446695,-0.9745088310249989,-0.1080954651247461,0.4149377593360996,1.1820464061121991,0.3900414937759336
0.85,16,base,0.6,1.0,0.75,12,0.00727389547987417,403,-2.324587663509385,-0.09524048388188322,-0.8761562782514444,-0.12023807874298376,0.40198511166253104,1.2078006991779673,0.39950372208436724
0.85,16,deep_slow,0.7,1.0,0.5,6,-0.022526671088844777,520,-2.4900541130752134,-0.0952781052622228,-1.1061169169196399,-0.0952781052622228,0.3230769230769231,1.698466002768665,0.3038461538461538
0.8,14,deep_slow,0.7,1.0,0.5,6,-0.02092844120651946,525,-2.4867946919891044,-0.09549656974233922,-1.0162024205634679,-0.10394483231862661,0.3180952380952381,1.7424837740565593,0.29904761904761906
0.85,16,shallow,0.4,1.0,0.75,24,0.019536983020591658,320,-2.5628029653434297,-0.09591937932678685,-0.9623673166005938,-0.1102427044057942,0.39375,1.1928903970491018,0.39375
0.85,16,deep_slow,0.8,1.0,0.75,6,-0.03812047939787101,494,-2.176704998696552,-0.0960713914840372,-0.9461020081711553,-0.11231468098061259,0.41295546558704455,1.1881529209044523,0.3866396761133603
0.85,16,deep_slow,0.7,1.5,0.75,12,-0.022526671088844777,376,-2.2679236423184217,-0.09616101840890756,-0.8235486960955748,-0.12914804924407275,0.31382978723404253,1.8040111651269126,0.300531914893617
0.85,16,deep_slow,0.8,1.0,0.75,12,-0.03812047939787101,478,-2.2268487504158863,-0.09634624383507961,-0.9249102483916409,-0.11521485014836574,0.40794979079497906,1.212119120573302,0.40585774058577406
0.8,14,deep_slow,0.8,2.5,2.0,12,-0.037658496495412044,198,-2.385706142994219,-0.09638357008961207,-1.104356943135693,-0.09653078434649931,0.4494949494949495,0.9908594285878688,0.24242424242424243
0.9,19,deep_slow,0.8,1.0,0.5,6,-0.024449058955838984,572,-2.381647246867393,-0.09661032587102936,-1.1060286931078656,-0.09661032587102936,0.32517482517482516,1.7138143830782246,0.3041958041958042
0.85,16,base,0.6,2.0,0.75,6,0.00727389547987417,350,-2.339255270432199,-0.0971769649342612,-0.906583151614759,-0.11855157751369916,0.29428571428571426,1.930944052108671,0.18571428571428572
0.85,16,deep_slow,0.8,1.0,0.75,24,-0.03812047939787101,477,-2.2599269565101805,-0.09766966350648676,-0.9270644447172246,-0.11651681157822735,0.40670859538784065,1.2153302453541073,0.40670859538784065
0.95,25,base,0.8,1.0,0.5,12,-0.014188546735315654,554,-2.5206217887571274,-0.09841379776695625,-1.0575242611527238,-0.10291652168190735,0.3140794223826715,1.7891138485482614,0.3140794223826715
0.95,25,base,0.8,1.0,0.5,24,-0.014188546735315654,554,-2.5206217887571274,-0.09841379776695625,-1.0575242611527238,-0.10291652168190735,0.3140794223826715,1.7891138485482614,0.3140794223826715
0.9,19,base,0.7,2.0,1.0,6,-0.01070085499890775,325,-2.4288538741587953,-0.09842416453613823,-0.9496578423115666,-0.11461824536093623,0.3630769230769231,1.4348468761894284,0.19384615384615383
0.8,14,deep_slow,0.4,1.5,1.0,24,0.025687802785900486,252,-2.525634511056881,-0.09921952808323942,-0.9579218918622087,-0.1145421981198187,0.36507936507936506,1.3573996538077069,0.36507936507936506
0.8,14,deep_slow,0.7,1.0,0.75,24,-0.02092844120651946,437,-2.3634309725784446,-0.09924671444192845,-0.8918345999524167,-0.12306358629386749,0.4073226544622426,1.1969651822774756,0.4073226544622426
0.85,16,deep_slow,0.8,1.0,0.5,6,-0.03812047939787101,574,-2.501111642580293,-0.09945985989321948,-1.0891949438496416,-0.10097977925763646,0.3240418118466899,1.7109109346777198,0.3048780487804878
0.8,14,base,0.4,1.0,0.75,12,0.02654735060013038,312,-2.7583429405968456,-0.09964949982600224,-0.9002990309376055,-0.12239835678833222,0.38782051282051283,1.1989463621589365,0.38782051282051283
0.8,14,base,0.4,1.0,0.75,24,0.02654735060013038,312,-2.7583429405968456,-0.09964949982600224,-0.9002990309376055,-0.12239835678833222,0.38782051282051283,1.1989463621589365,0.38782051282051283
0.85,16,deep_slow,0.7,1.5,0.75,24,-0.022526671088844777,371,-2.3714999155662606,-0.09975667492182572,-0.882588636226506,-0.12498793307689371,0.30727762803234504,1.8365596394232677,0.30727762803234504
0.85,16,base,0.8,1.5,0.75,12,-0.009391219307694848,405,-2.288523206760648,-0.09991912555636384,-0.9675494719948857,-0.11419725413010962,0.3111111111111111,1.8344419496300244,0.3012345679012346
0.8,14,deep_slow,0.8,1.5,0.75,12,-0.037658496495412044,392,-2.321145970461755,-0.09992997413685412,-0.8291442056800772,-0.1332740633821975,0.31887755102040816,1.7641003387359875,0.3010204081632653
0.8,14,deep_slow,0.7,1.0,0.5,24,-0.02092844120651946,516,-2.6229325683306906,-0.10002845607353728,-1.0200791990555937,-0.1084343898267256,0.3062015503875969,1.8234901148194151,0.3062015503875969
0.9,19,base,0.8,1.0,0.5,6,-0.02406222399551668,564,-2.5055506441969952,-0.10009195575121332,-1.0657859593706829,-0.10384961502102041,0.32092198581560283,1.7304805596960575,0.30319148936170215
0.8,14,deep_slow,0.7,1.0,0.75,12,-0.02092844120651946,438,-2.3829913200238866,-0.10009719877595757,-0.8933915056169722,-0.12389554160395821,0.408675799086758,1.1878766817191895,0.4041095890410959
0.8,14,deep_slow,0.7,1.0,0.5,12,-0.02092844120651946,517,-2.623740784100512,-0.1001513635213388,-1.0201795126649402,-0.10855614929171475,0.3056092843326886,1.8281793145609868,0.3056092843326886
0.8,14,shallow,0.4,2.5,1.0,24,0.022918085700536522,191,-3.0876255614683035,-0.10054898180068128,-0.8327423775991144,-0.13351522773009772,0.2617801047120419,2.103970663424953,0.23036649214659685
0.8,14,deep_slow,0.4,1.5,1.0,6,0.025687802785900486,268,-2.5243934025624455,-0.10064172597345367,-1.0418693449726544,-0.10681350999511674,0.3880597014925373,1.2184086527814104,0.30597014925373134
0.8,14,deep_slow,0.7,1.5,1.0,6,-0.02092844120651946,357,-2.219399351199129,-0.10084178316505665,-1.0443709792084954,-0.10676818800495447,0.39215686274509803,1.27893302694881,0.3081232492997199
0.85,16,shallow,0.7,1.0,0.5,6,-0.00973145051073512,528,-2.6409459780815947,-0.10106518781566831,-1.0867061330263115,-0.1028347249075211,0.3181818181818182,1.7245523892390815,0.30303030303030304
0.8,14,base,0.8,1.5,0.75,24,-0.006188371914272241,389,-2.354739542845132,-0.1011603889846665,-0.9959099093497993,-0.11231513250924996,0.3110539845758355,1.8215032781323952,0.3110539845758355
0.8,14,deep_slow,0.7,1.0,0.75,6,-0.02092844120651946,451,-2.394594917873473,-0.10146574217111382,-0.8877540433810361,-0.12637659335805174,0.41019955654101997,1.1762413290285363,0.3835920177383592
0.85,16,deep_slow,0.7,1.0,0.5,12,-0.022526671088844777,512,-2.6719702031830894,-0.10146775868938263,-1.1057063767893283,-0.10146775868938263,0.310546875,1.7758757729341705,0.310546875
0.85,16,deep_slow,0.7,1.0,0.5,24,-0.022526671088844777,512,-2.6719702031830894,-0.10146775868938263,-1.1057063767893283,-0.10146775868938263,0.310546875,1.7758757729341705,0.310546875
0.8,14,base,0.6,1.5,1.0,6,0.010485141393924495,337,-2.3134358750428974,-0.1017107199839512,-0.9115816981229338,-0.12336859049416671,0.3916913946587537,1.2673091414479358,0.3056379821958457
0.85,16,base,0.8,1.5,0.75,24,-0.009391219307694848,397,-2.3561017492578493,-0.102006305760999,-0.9816540055181241,-0.11489320119618984,0.30730478589420657,1.8566068546648127,0.30730478589420657
0.9,19,base,0.8,1.0,0.5,12,-0.02406222399551668,558,-2.565415843344339,-0.10221615836002051,-1.0664518403326737,-0.10597381762982772,0.3118279569892473,1.7990241831835019,0.3118279569892473
0.9,19,base,0.8,1.0,0.5,24,-0.02406222399551668,558,-2.565415843344339,-0.10221615836002051,-1.0664518403326737,-0.10597381762982772,0.3118279569892473,1.7990241831835019,0.3118279569892473
0.8,14,deep_slow,0.8,1.5,0.75,6,-0.037658496495412044,414,-2.3862382673059193,-0.10237466514064364,-1.0064030575981864,-0.11246999603025465,0.33816425120772947,1.6054211306914976,0.26811594202898553
0.9,19,base,0.7,1.5,0.75,12,-0.01070085499890775,370,-2.4960439394529232,-0.10277208457925358,-0.9581426967512683,-0.118590724684837,0.3108108108108108,1.7926712580065534,0.2972972972972973
0.9,19,deep_slow,0.8,1.0,0.5,24,-0.024449058955838984,562,-2.554525215400781,-0.10297196469401615,-1.1056063596482852,-0.10297196469401615,0.31316725978647686,1.7880611842746572,0.31316725978647686
0.85,16,deep_slow,0.7,1.0,0.75,6,-0.022526671088844777,449,-2.442599052969947,-0.10298597978153301,-1.0030810594120647,-0.11351212059517468,0.40757238307349664,1.1814970086103276,0.38084632516703787
0.95,25,shallow,0.8,1.0,0.75,24,-0.033862516362689936,462,-2.379077916444556,-0.10299127380053419,-1.066686773647063,-0.10674893307034128,0.4025974025974026,1.2175386364504925,0.4025974025974026
0.9,19,deep_slow,0.8,1.0,0.5,12,-0.024449058955838984,563,-2.555360016890582,-0.10309487214181767,-1.1055981830277473,-0.10309487214181767,0.31261101243339257,1.79232612955992,0.31261101243339257
0.8,14,deep_slow,0.5,1.5,1.0,12,0.010632801658885678,276,-2.592171219610144,-0.10316439026321333,-1.0574880191409266,-0.10785737825726494,0.36594202898550726,1.364836138726129,0.35144927536231885
0.8,14,base,0.8,1.5,0.75,6,-0.006188371914272241,423,-2.361122967329001,-0.1032902985554165,-1.0509721798321898,-0.10865770338787317,0.33569739952718675,1.6296843135282082,0.26004728132387706
0.95,25,deep_slow,0.8,1.0,0.5,6,-0.031353780956353744,564,-2.6165577806527356,-0.10342380783667982,-1.0668160602747652,-0.1071814671064869,0.324468085106383,1.6873633120473055,0.3049645390070922
0.8,14,deep_slow,0.8,1.0,0.5,6,-0.037658496495412044,572,-2.6076850738553907,-0.10350098034951227,-1.1055711613841515,-0.10350098034951227,0.32342657342657344,1.7002336326035046,0.3041958041958042
0.95,25,shallow,0.8,1.0,0.75,12,-0.033862516362689936,464,-2.3956716798743902,-0.1037562138906678,-1.0669145485880274,-0.107513873160475,0.40301724137931033,1.213309709370209,0.39870689655172414
0.85,16,base,0.7,1.5,0.75,24,2.2421718387172765e-05,377,-2.3947963966680397,-0.10377330313273758,-0.9426854349321663,-0.12170219910784241,0.30238726790450926,1.8732715987724702,0.30238726790450926
0.9,19,base,0.8,1.0,0.75,6,-0.02406222399551668,483,-2.3745761615942036,-0.10386869794988951,-1.0546360700467563,-0.10888276844649358,0.40993788819875776,1.1822800990639137,0.38095238095238093
0.85,16,deep_slow,0.6,1.0,0.75,12,-0.005917748686304392,403,-2.606860241784126,-0.10413846574353147,-0.9377266245396076,-0.12277359175608149,0.39950372208436724,1.202252147699217,0.39950372208436724
0.85,16,deep_slow,0.6,1.0,0.75,24,-0.005917748686304392,403,-2.606860241784126,-0.10413846574353147,-0.9377266245396076,-0.12277359175608149,0.39950372208436724,1.202252147699217,0.39950372208436724
0.85,16,deep_slow,0.8,1.0,0.5,24,-0.03812047939787101,563,-2.6485222375953708,-0.10448952379773968,-1.089742343438107,-0.1060009541640271,0.31261101243339257,1.784390738148796,0.31261101243339257
0.85,16,deep_slow,0.8,1.0,0.5,12,-0.03812047939787101,564,-2.6493640676024377,-0.10461243124554132,-1.0897546614481892,-0.10612365417031489,0.3120567375886525,1.788634609722907,0.3120567375886525
0.8,14,deep_slow,0.8,1.5,0.75,24,-0.037658496495412044,388,-2.4440768321153508,-0.10464751684976548,-0.906723947131272,-0.1275882143742948,0.30927835051546393,1.8209041461748927,0.30927835051546393
0.85,16,deep_slow,0.7,1.0,0.75,12,-0.022526671088844777,431,-2.544365757786509,-0.10470810146258158,-0.9953835662675868,-0.1162906911158963,0.4013921113689095,1.2070989751583034,0.4013921113689095
0.85,16,deep_slow,0.7,1.0,0.75,24,-0.022526671088844777,431,-2.544365757786509,-0.10470810146258158,-0.9953835662675868,-0.1162906911158963,0.4013921113689095,1.2070989751583034,0.4013921113689095
0.8,14,shallow,0.8,1.0,0.5,12,-0.02179247154392962,557,-2.6612826908310425,-0.10474608263746543,-1.1054882704123117,-0.10474608263746543,0.3087971274685817,1.8123283923427937,0.3087971274685817
0.8,14,shallow,0.8,1.0,0.5,24,-0.02179247154392962,557,-2.6612826908310425,-0.10474608263746543,-1.1054882704123117,-0.10474608263746543,0.3087971274685817,1.8123283923427937,0.3087971274685817
0.85,16,shallow,0.7,1.0,0.5,24,-0.00973145051073512,520,-2.7554956751512045,-0.10481675081148689,-1.0872057409855653,-0.10657890301871464,0.3096153846153846,1.7789190251171816,0.3096153846153846
0.85,16,base,0.7,1.0,0.75,12,2.2421718387172765e-05,449,-2.4516504851233316,-0.10491928375898496,-0.9821075452120039,-0.11809890654036193,0.40089086859688194,1.2153596419708537,0.40089086859688194
0.85,16,base,0.7,1.0,0.75,24,2.2421718387172765e-05,449,-2.4516504851233316,-0.10491928375898496,-0.9821075452120039,-0.11809890654036193,0.40089086859688194,1.2153596419708537,0.40089086859688194
0.85,16,shallow,0.7,1.0,0.5,12,-0.00973145051073512,521,-2.756115402050345,-0.10493965825928853,-1.087221208824703,-0.10670156852540458,0.30902111324376197,1.7834838425102675,0.30902111324376197
0.85,16,base,0.8,1.0,0.5,6,-0.009391219307694848,573,-2.66991384881792,-0.10506747035705233,-0.9858638319119472,-0.11781404608115342,0.31762652705061084,1.744939011203738,0.3036649214659686
0.8,14,shallow,0.8,1.0,0.5,6,-0.02179247154392962,564,-2.6649832642843974,-0.10512314058104522,-1.1054631551027547,-0.10512314058104522,0.31560283687943264,1.7539969713237737,0.30141843971631205
0.9,19,base,0.7,1.0,0.5,6,-0.01070085499890775,511,-2.758028249695421,-0.10567035930550905,-1.067467340951993,-0.10942801857531614,0.31702544031311153,1.7070839699038673,0.299412915851272
0.9,19,deep_slow,0.8,1.0,0.75,6,-0.024449058955838984,487,-2.3823936218578745,-0.10587496017972675,-0.9970237564935374,-0.11738492974965276,0.4106776180698152,1.1758814143477827,0.3798767967145791
0.8,14,deep_slow,0.4,2.0,1.5,6,0.025687802785900486,220,-2.7229998522732735,-0.10594786704783299,-1.0011505160679353,-0.11698105240556944,0.4090909090909091,1.0883773369448282,0.22272727272727272
0.95,25,shallow,0.8,1.0,0.75,6,-0.033862516362689936,482,-2.399483559436981,-0.10596089725009505,-1.067549158198732,-0.10971855651990225,0.4066390041493776,1.192179532791632,0.3775933609958506
0.9,19,base,0.6,1.0,0.75,6,0.0010325266825469196,413,-2.6058288523943105,-0.10694388787634812,-1.0181903740808136,-0.11609768819952682,0.4043583535108959,1.1664931423005265,0.3801452784503632
0.9,19,base,0.7,1.5,0.75,24,-0.01070085499890775,363,-2.6327506194949835,-0.10737931549404578,-0.9746751088280027,-0.12177157803082794,0.30303030303030304,1.8383576290088006,0.30303030303030304
0.85,16,deep_slow,0.6,1.0,0.5,12,-0.005917748686304392,480,-2.9201284768368936,-0.10739870810445229,-1.0930783975023044,-0.10860064775809741,0.3020833333333333,1.8014783359836815,0.3020833333333333
0.85,16,deep_slow,0.6,1.0,0.5,24,-0.005917748686304392,480,-2.9201284768368936,-0.10739870810445229,-1.0930783975023044,-0.10860064775809741,0.3020833333333333,1.8014783359836815,0.3020833333333333
0.8,14,deep_slow,0.5,1.5,1.0,24,0.010632801658885678,274,-2.701336648146497,-0.10780680213708627,-1.0709874526739576,-0.11125915358115113,0.3613138686131387,1.3776041843882854,0.3613138686131387
0.95,25,deep_slow,0.8,1.0,0.5,24,-0.031353780956353744,555,-2.7478331669698415,-0.10787086983584926,-1.0680738181268956,-0.11162852910565657,0.3117117117117117,1.7744837805445242,0.3117117117117117
0.85,16,deep_slow,0.6,1.0,0.5,6,-0.005917748686304392,484,-2.9300656381319925,-0.1079463076239019,-1.0931036336958542,-0.10914824727754702,0.30578512396694213,1.7674212023052107,0.29545454545454547
0.8,14,deep_slow,0.8,1.0,0.5,24,-0.037658496495412044,561,-2.739765542565893,-0.107954261210366,-1.105274381655847,-0.107954261210366,0.31194295900178254,1.7759412088578308,0.31194295900178254
0.95,25,deep_slow,0.8,1.0,0.5,12,-0.031353780956353744,556,-2.748481668976261,-0.1079937772836509,-1.0681068116715953,-0.11175143655345798,0.31115107913669066,1.7787615369620622,0.31115107913669066
0.8,14,base,0.8,1.5,0.75,12,-0.006188371914272241,395,-2.5073217245239188,-0.10806303290327846,-0.9852109664806674,-0.12123141280462613,0.31139240506329113,1.7955392973478512,0.29620253164556964
0.8,14,deep_slow,0.8,1.0,0.5,12,-0.037658496495412044,562,-2.7404805591098995,-0.10807716865816741,-1.1052661785688784,-0.10807716865816741,0.3113879003558719,1.7801774218541466,0.3113879003558719
0.9,19,base,0.6,1.0,0.5,24,0.0010325266825469196,465,-2.962885724606895,-0.10855713628135,-1.094375560363548,-0.10963425840225338,0.3096774193548387,1.720543375132211,0.3096774193548387
0.9,19,base,0.6,1.0,0.5,12,0.0010325266825469196,466,-2.9630754648067543,-0.10868004372915152,-1.0943795941655443,-0.1097571658500549,0.3090128755364807,1.725496274687006,0.3090128755364807
0.9,19,base,0.6,1.0,0.5,6,0.0010325266825469196,472,-2.960605877793248,-0.10903784801158922,-1.0971057337260433,-0.10984251396435318,0.3156779661016949,1.6731540802915004,0.3029661016949153
0.8,14,deep_slow,0.4,1.5,1.0,12,0.025687802785900486,256,-2.7620228026429197,-0.10925197396989084,-0.9806805938141888,-0.12312259730263642,0.3671875,1.3210952239257219,0.34765625
0.8,14,deep_slow,0.6,1.5,1.0,6,-0.006382668772450415,328,-2.5704279182622303,-0.10964568253920404,-1.0979822593944644,-0.11036260271559573,0.3902439024390244,1.2438090970309537,0.29878048780487804
0.85,16,base,0.7,1.0,0.5,12,2.2421718387172765e-05,531,-2.848290048026635,-0.1097022971128716,-1.0968388097453956,-0.11053432107203243,0.3032015065913371,1.8219607446590205,0.3032015065913371
0.85,16,base,0.7,1.0,0.5,24,2.2421718387172765e-05,531,-2.848290048026635,-0.1097022971128716,-1.0968388097453956,-0.11053432107203243,0.3032015065913371,1.8219607446590205,0.3032015065913371
0.85,16,base,0.8,1.0,0.5,24,-0.009391219307694848,564,-2.8029432396922913,-0.10976667196929768,-0.9905537470639513,-0.12246584876856526,0.3102836879432624,1.786853399329178,0.3102836879432624
0.85,16,base,0.8,1.0,0.5,12,-0.009391219307694848,565,-2.803687833736987,-0.10988957941709931,-0.9906713010723806,-0.12258751649920607,0.30973451327433627,1.7910834918680778,0.30973451327433627
0.9,19,base,0.8,1.0,0.75,12,-0.02406222399551668,469,-2.5663365851977322,-0.11023233677027156,-1.0268896445896705,-0.11863027995551045,0.40298507462686567,1.2035809843102419,0.40085287846481876
0.85,16,base,0.7,1.0,0.5,6,2.2421718387172765e-05,534,-2.874534641908523,-0.11075057941015143,-1.0968570499804484,-0.11158162370151736,0.30711610486891383,1.7830353334237052,0.2958801498127341
0.95,25,deep_slow,0.8,1.0,0.75,6,-0.031353780956353744,479,-2.582341811601649,-0.111015882707869,-1.028903364892803,-0.11923403961543477,0.40501043841336115,1.188111964904297,0.3778705636743215
0.9,19,base,0.8,1.0,0.75,24,-0.02406222399551668,468,-2.5968520665705133,-0.11153376219795974,-1.0375864860779296,-0.11878405892619415,0.4017094017094017,1.2070135479223059,0.4017094017094017
0.9,19,base,0.7,1.0,0.5,24,-0.01070085499890775,504,-2.944483766141048,-0.1122564886260613,-1.0650512480808563,-0.1164657044934212,0.3055555555555556,1.7748455044185534,0.3055555555555556
0.95,25,deep_slow,0.8,1.0,0.75,24,-0.031353780956353744,462,-2.647124942835394,-0.11227526313802694,-1.0569034650437295,-0.11738304636623642,0.4004329004329004,1.207440226173915,0.4004329004329004
0.9,19,base,0.7,1.0,0.5,12,-0.01070085499890775,505,-2.9447986182093433,-0.11237939607386294,-1.0650854189832286,-0.11658861194122272,0.30495049504950494,1.779525933000632,0.30495049504950494
0.9,19,base,0.7,1.0,0.75,6,-0.01070085499890775,443,-2.678286913276047,-0.11239157732511962,-1.0293255682886369,-0.12065201022055527,0.4040632054176072,1.1719372197435187,0.3747178329571106
0.95,25,deep_slow,0.8,1.0,0.75,12,-0.031353780956353744,463,-2.660769110081483,-0.11289535065567669,-1.0571249008323833,-0.11800218679543106,0.4017278617710583,1.1991795642168084,0.39740820734341253
0.9,19,shallow,0.8,1.0,0.5,6,-0.03623754955899112,573,-2.8395676424413754,-0.11362965765734268,-1.1048949087706406,-0.11362965765734268,0.31413612565445026,1.7430846150455868,0.29842931937172773
0.8,14,deep_slow,0.8,1.0,0.75,6,-0.037658496495412044,486,-2.5981681922989326,-0.11364669975714548,-0.9398318879708967,-0.13360637346786175,0.4074074074074074,1.1787365896521647,0.38477366255144035
0.8,14,base,0.8,1.0,0.5,6,-0.006188371914272241,576,-2.881938846138943,-0.11416531698176324,-1.013871833311135,-0.12441077476223483,0.3090277777777778,1.7864769144398043,0.296875
0.9,19,base,0.6,1.0,0.75,12,0.0010325266825469196,404,-2.806239004519869,-0.11449397185448995,-1.0359060725994658,-0.1221125921976034,0.39603960396039606,1.1892850970208728,0.3935643564356436
0.9,19,base,0.7,1.0,0.75,12,-0.01070085499890775,429,-2.774922990872662,-0.11450214007800885,-1.0118099263391713,-0.1250295479159932,0.3962703962703963,1.204931996737959,0.3939393939393939
0.85,16,shallow,0.8,1.0,0.75,6,-0.01892708337290167,494,-2.621844502950978,-0.11453969947032794,-1.0003602890318197,-0.12650176910547728,0.4068825910931174,1.178141372795564,0.3805668016194332
0.85,16,shallow,0.8,1.0,0.75,12,-0.01892708337290167,480,-2.6572175593706877,-0.1149635342670361,-1.0126898357217264,-0.12542077794523065,0.40208333333333335,1.2011013645118291,0.39791666666666664
0.9,19,base,0.6,1.0,0.75,24,0.0010325266825469196,403,-2.8419442069726206,-0.1158173915258972,-1.0365618529218397,-0.12343601186901065,0.3945409429280397,1.193228315543211,0.3945409429280397
0.9,19,base,0.7,1.0,0.75,24,-0.01070085499890775,428,-2.810111782140734,-0.11582555974941611,-1.0127843827104275,-0.12634280675043386,0.39485981308411217,1.2086937088314118,0.39485981308411217
0.8,14,base,0.8,1.0,0.5,24,-0.006188371914272241,569,-2.9537243338819357,-0.11639553398689939,-1.0154682421002088,-0.12662458821283462,0.3022847100175747,1.83515966342918,0.3022847100175747
0.8,14,base,0.8,1.0,0.5,12,-0.006188371914272241,570,-2.954253713507033,-0.11651844143470103,-1.015554440113451,-0.1267465916593581,0.3017543859649123,1.839415588703745,0.3017543859649123
0.85,16,shallow,0.8,1.0,0.75,24,-0.01892708337290167,477,-2.7037427610173426,-0.11667340156434669,-1.013919045622163,-0.1271186646269561,0.40041928721174,1.2050488890947741,0.40041928721174
0.8,14,deep_slow,0.8,1.0,0.75,24,-0.037658496495412044,468,-2.733220104242819,-0.11696583140025896,-0.962683742849154,-0.13421726980800508,0.4017094017094017,1.1983928654278746,0.4017094017094017
0.8,14,deep_slow,0.8,1.0,0.75,12,-0.037658496495412044,469,-2.7521756117949647,-0.11781631573428808,-0.9628457997402672,-0.13516345042453448,0.40298507462686567,1.1897348209305403,0.39872068230277186
0.9,19,shallow,0.8,1.0,0.5,12,-0.03623754955899112,568,-2.956301229705181,-0.11793276762838567,-1.1046062516752535,-0.11793276762838567,0.3045774647887324,1.8091569142643111,0.3045774647887324
0.9,19,shallow,0.8,1.0,0.5,24,-0.03623754955899112,568,-2.956301229705181,-0.11793276762838567,-1.1046062516752535,-0.11793276762838567,0.3045774647887324,1.8091569142643111,0.3045774647887324
0.85,16,shallow,0.8,1.0,0.5,6,-0.01892708337290167,577,-3.0733696504023627,-0.1216060030891507,-1.1043592017887898,-0.1216060030891507,0.31542461005199307,1.705772237175468,0.29809358752166376
0.8,14,deep_slow,0.5,1.5,1.0,6,0.010632801658885678,298,-3.0174893764294124,-0.12202422973008498,-1.1043310353606428,-0.12202422973008498,0.3859060402684564,1.1971470783391798,0.29194630872483224
0.85,16,base,0.8,1.0,0.75,12,-0.009391219307694848,478,-2.845310614255269,-0.12320588319115588,-0.9945719706348756,-0.13679278577092568,0.39748953974895396,1.2057683735375668,0.39539748953974896
0.85,16,shallow,0.8,1.0,0.5,12,-0.01892708337290167,568,-3.128019848455553,-0.12332117335876691,-1.1042436403688958,-0.12332117335876691,0.30633802816901406,1.7726532926111243,0.3045774647887324
0.85,16,base,0.8,1.0,0.75,24,-0.009391219307694848,477,-2.87896172901519,-0.12452930286256314,-0.9956498522414212,-0.13810130547585475,0.39622641509433965,1.209094091926653,0.39622641509433965
0.85,16,shallow,0.8,1.0,0.5,24,-0.01892708337290167,566,-3.1754118063687833,-0.12489535967102539,-1.104137462815803,-0.12489535967102539,0.30565371024734983,1.7723898004009813,0.30565371024734983
0.85,16,base,0.8,1.0,0.75,6,-0.009391219307694848,492,-2.8928435656373215,-0.12697153670840033,-1.0161427368419973,-0.13794934827922056,0.39634146341463417,1.2039842426593972,0.37601626016260165
0.8,14,base,0.8,1.0,0.75,12,-0.006188371914272241,476,-2.9702460220037663,-0.12938912964562743,-1.0726814350660296,-0.13314678891543463,0.3949579831932773,1.204265756239601,0.3907563025210084
0.8,14,base,0.8,1.0,0.75,24,-0.006188371914272241,474,-3.0037321923040823,-0.13058275726341917,-1.072879664239469,-0.13434041653322637,0.3924050632911392,1.2144571856229998,0.3924050632911392
0.8,14,base,0.8,1.0,0.75,6,-0.006188371914272241,494,-3.0947595075717476,-0.13753717649408026,-1.0739396034103916,-0.14129483576388746,0.39473684210526316,1.1897449986205355,0.37044534412955465
