datetime,segment,eq_long,eq_short,eq_combined
2021-10-01 00:00:00+00:00,train,1000.0,1000.0,1000.0
2021-10-01 04:00:00+00:00,train,1000.0,1000.0,1000.0
2021-10-01 08:00:00+00:00,train,1000.0,1000.0,1000.0
2021-10-01 12:00:00+00:00,train,1000.0,1000.0,1000.0
2021-10-01 16:00:00+00:00,train,1000.0,1000.0,1000.0
2021-10-01 20:00:00+00:00,train,1000.0,1000.0,1000.0
2021-10-02 00:00:00+00:00,train,1000.0,1000.0,1000.0
2021-10-02 04:00:00+00:00,train,1000.0,1000.0,1000.0
2021-10-02 08:00:00+00:00,train,1000.0,1000.0,1000.0
2021-10-02 12:00:00+00:00,train,1000.0,1000.0,1000.0
2021-10-02 16:00:00+00:00,train,1000.0,1000.0,1000.0
2021-10-02 20:00:00+00:00,train,1000.0,1000.0,1000.0
2021-10-03 00:00:00+00:00,train,1000.0,1000.0,1000.0
2021-10-03 04:00:00+00:00,train,1000.0,1000.0,1000.0
2021-10-03 08:00:00+00:00,train,1000.0,1000.0,1000.0
2021-10-03 12:00:00+00:00,train,1000.0,1000.0,1000.0
2021-10-03 16:00:00+00:00,train,1000.0,1000.0,1000.0
2021-10-03 20:00:00+00:00,train,1000.0,1000.0,1000.0
2021-10-04 00:00:00+00:00,train,1000.0,1000.0,1000.0
2021-10-04 04:00:00+00:00,train,1000.0,1000.0,1000.0
2021-10-04 08:00:00+00:00,train,1000.0,1000.0,1000.0
2021-10-04 12:00:00+00:00,train,1000.0,1000.0,1000.0
2021-10-04 16:00:00+00:00,train,1000.0,1000.0,1000.0
2021-10-04 20:00:00+00:00,train,1000.0,1000.0,1000.0
2021-10-05 00:00:00+00:00,train,1000.0,1000.0,1000.0
2021-10-05 04:00:00+00:00,train,1000.0,1000.0,1000.0
2021-10-05 08:00:00+00:00,train,1000.0,1000.0,1000.0
2021-10-05 12:00:00+00:00,train,1000.0,1000.0,1000.0
2021-10-05 16:00:00+00:00,train,1000.0,1000.0,1000.0
2021-10-05 20:00:00+00:00,train,1000.0,1000.0,1000.0
2021-10-06 00:00:00+00:00,train,1000.0,1000.0,1000.0
2021-10-06 04:00:00+00:00,train,1000.0,1000.0,1000.0
2021-10-06 08:00:00+00:00,train,1000.0,1000.0,1000.0
2021-10-06 12:00:00+00:00,train,1000.0,1000.0,1000.0
2021-10-06 16:00:00+00:00,train,1000.0,1000.0,1000.0
2021-10-06 20:00:00+00:00,train,1000.0,1000.0,1000.0
2021-10-07 00:00:00+00:00,train,1000.0,1000.0,1000.0
2021-10-07 04:00:00+00:00,train,1000.0,1000.0,1000.0
2021-10-07 08:00:00+00:00,train,1000.0,1000.0,1000.0
2021-10-07 12:00:00+00:00,train,1000.0,1000.0,1000.0
2021-10-07 16:00:00+00:00,train,1000.0,1000.0,1000.0
2021-10-07 20:00:00+00:00,train,1000.0,1000.0,1000.0
2021-10-08 00:00:00+00:00,train,1000.0,1000.0,1000.0
2021-10-08 04:00:00+00:00,train,1000.0,1000.0,1000.0
2021-10-08 08:00:00+00:00,train,1000.0,1000.0,1000.0
2021-10-08 12:00:00+00:00,train,1000.0,1000.0,1000.0
2021-10-08 16:00:00+00:00,train,1000.0,1000.0,1000.0
2021-10-08 20:00:00+00:00,train,1000.0,1000.0,1000.0
2021-10-09 00:00:00+00:00,train,1000.0,1000.0,1000.0
2021-10-09 04:00:00+00:00,train,1000.0,1000.0,1000.0
2021-10-09 08:00:00+00:00,train,1000.0,1000.0,1000.0
2021-10-09 12:00:00+00:00,train,1000.0,1000.0,1000.0
2021-10-09 16:00:00+00:00,train,1000.0,1000.0,1000.0
2021-10-09 20:00:00+00:00,train,1000.0,1000.0,1000.0
2021-10-10 00:00:00+00:00,train,1000.0,1000.0,1000.0
2021-10-10 04:00:00+00:00,train,1000.0,1000.0,1000.0
2021-10-10 08:00:00+00:00,train,1000.0,1000.0,1000.0
2021-10-10 12:00:00+00:00,train,1000.0,1000.0,1000.0
2021-10-10 16:00:00+00:00,train,1000.0,1000.0,1000.0
2021-10-10 20:00:00+00:00,train,1000.0,1000.0,1000.0
2021-10-11 00:00:00+00:00,train,1000.0,998.7292688437391,998.7292688437392
2021-10-11 04:00:00+00:00,train,1000.0,998.7292688437391,998.7292688437392
2021-10-11 08:00:00+00:00,train,1000.0,997.5139825772277,997.5139825772276
2021-10-11 12:00:00+00:00,train,1000.0,997.5139825772277,997.5139825772276
2021-10-11 16:00:00+00:00,train,1000.0,997.5139825772277,997.5139825772276
2021-10-11 20:00:00+00:00,train,1000.0,998.8134348561433,998.8134348561434
2021-10-12 00:00:00+00:00,train,1000.0,1000.1128871350588,1000.1128871350588
2021-10-12 04:00:00+00:00,train,1000.0,1001.4123394139745,1001.4123394139745
2021-10-12 08:00:00+00:00,train,1000.0,1002.71179169289,1002.7117916928901
2021-10-12 12:00:00+00:00,train,1000.0,1004.0112439718056,1004.0112439718055
2021-10-12 16:00:00+00:00,train,1000.0,1004.0112439718056,1004.0112439718055
2021-10-12 20:00:00+00:00,train,1000.0,1004.0112439718056,1004.0112439718055
2021-10-13 00:00:00+00:00,train,1000.0,1004.0112439718056,1004.0112439718055
2021-10-13 04:00:00+00:00,train,1000.0,1004.0112439718056,1004.0112439718055
2021-10-13 08:00:00+00:00,train,1000.7945450509005,1003.7743955968382,1004.5689406477386
2021-10-13 12:00:00+00:00,train,1001.589090101801,1003.5375472218708,1005.1266373236717
2021-10-13 16:00:00+00:00,train,1002.3836351527017,1003.3006988469035,1005.6843339996053
2021-10-13 20:00:00+00:00,train,1003.1781802036022,1003.0638504719361,1006.2420306755384
2021-10-14 00:00:00+00:00,train,1003.9727252545027,1002.8270020969687,1006.7997273514716
2021-10-14 04:00:00+00:00,train,1004.7672703054033,1002.5901537220013,1007.3574240274047
2021-10-14 08:00:00+00:00,train,1005.5618153563038,1002.5901537220013,1008.1519690783052
2021-10-14 12:00:00+00:00,train,1005.5618153563038,1002.5901537220013,1008.1519690783052
2021-10-14 16:00:00+00:00,train,1005.5618153563038,1002.5901537220013,1008.1519690783052
2021-10-14 20:00:00+00:00,train,1005.5618153563038,1002.5901537220013,1008.1519690783052
2021-10-15 00:00:00+00:00,train,1005.5618153563038,1002.5901537220013,1008.1519690783052
2021-10-15 04:00:00+00:00,train,1010.4158903279163,1002.5901537220013,1013.0060440499176
2021-10-15 08:00:00+00:00,train,1010.4158903279163,1002.5901537220013,1013.0060440499176
2021-10-15 12:00:00+00:00,train,1010.4158903279163,1002.5901537220013,1013.0060440499176
2021-10-15 16:00:00+00:00,train,1010.8983458264033,1002.5901537220013,1013.4884995484047
2021-10-15 20:00:00+00:00,train,1011.3808013248905,1002.5901537220013,1013.970955046892
2021-10-16 00:00:00+00:00,train,1011.8632568233776,1002.5901537220013,1014.453410545379
2021-10-16 04:00:00+00:00,train,1012.3457123218648,1002.5901537220013,1014.9358660438661
2021-10-16 08:00:00+00:00,train,1012.8281678203518,1002.5901537220013,1015.4183215423532
2021-10-16 12:00:00+00:00,train,1013.3106233188389,1002.5901537220013,1015.9007770408402
2021-10-16 16:00:00+00:00,train,1013.7930788173261,1002.5901537220013,1016.3832325393273
2021-10-16 20:00:00+00:00,train,1014.2755343158132,1002.5901537220013,1016.8656880378144
2021-10-17 00:00:00+00:00,train,1014.7579898143002,1002.5901537220013,1017.3481435363014
2021-10-17 04:00:00+00:00,train,1015.2404453127874,1002.5901537220013,1017.8305990347887
2021-10-17 08:00:00+00:00,train,1015.7229008112745,1002.5901537220013,1018.3130545332758
2021-10-17 12:00:00+00:00,train,1015.7229008112745,1002.5901537220013,1018.3130545332758
2021-10-17 16:00:00+00:00,train,1015.7229008112745,1002.5901537220013,1018.3130545332758
2021-10-17 20:00:00+00:00,train,1012.218002032106,1002.5901537220013,1014.8081557541072
2021-10-18 00:00:00+00:00,train,1012.218002032106,1002.5901537220013,1014.8081557541072
2021-10-18 04:00:00+00:00,train,1012.218002032106,1002.5901537220013,1014.8081557541072
2021-10-18 08:00:00+00:00,train,1011.8365770137532,1002.5901537220013,1014.4267307357545
2021-10-18 12:00:00+00:00,train,1011.4551519954003,1002.5901537220013,1014.0453057174018
2021-10-18 16:00:00+00:00,train,1011.0737269770476,1002.5901537220013,1013.6638806990491
2021-10-18 20:00:00+00:00,train,1010.6923019586948,1002.5901537220013,1013.2824556806961
2021-10-19 00:00:00+00:00,train,1010.3108769403419,1002.5901537220013,1012.9010306623431
2021-10-19 04:00:00+00:00,train,1009.9294519219891,1002.5901537220013,1012.5196056439904
2021-10-19 08:00:00+00:00,train,1009.5480269036362,1002.5901537220013,1012.1381806256377
2021-10-19 12:00:00+00:00,train,1009.1666018852835,1002.5901537220013,1011.756755607285
2021-10-19 16:00:00+00:00,train,1008.7851768669307,1002.5901537220013,1011.375330588932
2021-10-19 20:00:00+00:00,train,1008.7851768669307,1002.5901537220013,1011.375330588932
2021-10-20 00:00:00+00:00,train,1008.7851768669307,1002.5901537220013,1011.375330588932
2021-10-20 04:00:00+00:00,train,1010.0466044849209,1002.5901537220013,1012.6367582069222
2021-10-20 08:00:00+00:00,train,1011.3080321029112,1002.5901537220013,1013.8981858249126
2021-10-20 12:00:00+00:00,train,1012.5694597209014,1002.5901537220013,1015.1596134429028
2021-10-20 16:00:00+00:00,train,1012.5694597209014,1002.5901537220013,1015.1596134429028
2021-10-20 20:00:00+00:00,train,1012.5694597209014,1002.5901537220013,1015.1596134429028
2021-10-21 00:00:00+00:00,train,1016.3980070341659,1002.5901537220013,1018.9881607561672
2021-10-21 04:00:00+00:00,train,1016.3980070341659,1002.5901537220013,1018.9881607561672
2021-10-21 08:00:00+00:00,train,1016.3980070341659,1002.5901537220013,1018.9881607561672
2021-10-21 12:00:00+00:00,train,1015.742141361326,1002.5901537220013,1018.3322950833274
2021-10-21 16:00:00+00:00,train,1015.742141361326,1002.5901537220013,1018.3322950833274
2021-10-21 20:00:00+00:00,train,1015.742141361326,1002.5901537220013,1018.3322950833274
2021-10-22 00:00:00+00:00,train,1020.9918876047609,1002.5901537220013,1023.5820413267622
2021-10-22 04:00:00+00:00,train,1020.9918876047609,1002.5901537220013,1023.5820413267622
2021-10-22 08:00:00+00:00,train,1020.9918876047609,1002.5901537220013,1023.5820413267622
2021-10-22 12:00:00+00:00,train,1026.4185382871874,1002.5901537220013,1029.0086920091887
2021-10-22 16:00:00+00:00,train,1026.4185382871874,1002.5901537220013,1029.0086920091887
2021-10-22 20:00:00+00:00,train,1026.4185382871874,1002.5901537220013,1029.0086920091887
2021-10-23 00:00:00+00:00,train,1026.4185382871874,1002.5901537220013,1029.0086920091887
2021-10-23 04:00:00+00:00,train,1026.4185382871874,1002.5901537220013,1029.0086920091887
2021-10-23 08:00:00+00:00,train,1026.4185382871874,1002.5901537220013,1029.0086920091887
2021-10-23 12:00:00+00:00,train,1026.4185382871874,1002.5901537220013,1029.0086920091887
2021-10-23 16:00:00+00:00,train,1026.4185382871874,1002.5901537220013,1029.0086920091887
2021-10-23 20:00:00+00:00,train,1026.4185382871874,1002.5901537220013,1029.0086920091887
2021-10-24 00:00:00+00:00,train,1026.4185382871874,1002.5901537220013,1029.0086920091887
2021-10-24 04:00:00+00:00,train,1026.4185382871874,1002.5901537220013,1029.0086920091887
2021-10-24 08:00:00+00:00,train,1022.4299307221669,1002.5901537220013,1025.0200844441683
2021-10-24 12:00:00+00:00,train,1022.4299307221669,1002.5901537220013,1025.0200844441683
2021-10-24 16:00:00+00:00,train,1022.4299307221669,1002.5901537220013,1025.0200844441683
2021-10-24 20:00:00+00:00,train,1028.067770951099,1002.5901537220013,1030.6579246731003
2021-10-25 00:00:00+00:00,train,1028.067770951099,1002.5901537220013,1030.6579246731003
2021-10-25 04:00:00+00:00,train,1028.067770951099,1002.5901537220013,1030.6579246731003
2021-10-25 08:00:00+00:00,train,1030.8767408826584,1002.5901537220013,1033.4668946046597
2021-10-25 12:00:00+00:00,train,1033.6857108142178,1002.5901537220013,1036.2758645362192
2021-10-25 16:00:00+00:00,train,1033.6857108142178,1002.5901537220013,1036.2758645362192
2021-10-25 20:00:00+00:00,train,1033.6857108142178,1002.5901537220013,1036.2758645362192
2021-10-26 00:00:00+00:00,train,1033.6857108142178,1002.5901537220013,1036.2758645362192
2021-10-26 04:00:00+00:00,train,1033.6857108142178,1002.5901537220013,1036.2758645362192
2021-10-26 08:00:00+00:00,train,1033.6857108142178,1002.5901537220013,1036.2758645362192
2021-10-26 12:00:00+00:00,train,1032.4208606801888,1002.5901537220013,1035.01101440219
2021-10-26 16:00:00+00:00,train,1031.1560105461597,1002.5901537220013,1033.746164268161
2021-10-26 20:00:00+00:00,train,1029.8911604121308,1002.5901537220013,1032.4813141341322
2021-10-27 00:00:00+00:00,train,1029.8911604121308,1002.5901537220013,1032.4813141341322
2021-10-27 04:00:00+00:00,train,1029.8911604121308,1002.5901537220013,1032.4813141341322
2021-10-27 08:00:00+00:00,train,1029.8911604121308,1002.5901537220013,1032.4813141341322
2021-10-27 12:00:00+00:00,train,1029.8911604121308,1002.5901537220013,1032.4813141341322
2021-10-27 16:00:00+00:00,train,1029.8911604121308,1002.5901537220013,1032.4813141341322
2021-10-27 20:00:00+00:00,train,1029.8911604121308,1002.5901537220013,1032.4813141341322
2021-10-28 00:00:00+00:00,train,1029.8911604121308,1002.5901537220013,1032.4813141341322
2021-10-28 04:00:00+00:00,train,1029.8911604121308,1002.5901537220013,1032.4813141341322
2021-10-28 08:00:00+00:00,train,1029.8911604121308,1002.5901537220013,1032.4813141341322
2021-10-28 12:00:00+00:00,train,1029.8911604121308,1002.5901537220013,1032.4813141341322
2021-10-28 16:00:00+00:00,train,1029.8911604121308,1002.5901537220013,1032.4813141341322
2021-10-28 20:00:00+00:00,train,1029.8911604121308,1002.5901537220013,1032.4813141341322
2021-10-29 00:00:00+00:00,train,1029.8911604121308,1002.5901537220013,1032.4813141341322
2021-10-29 04:00:00+00:00,train,1029.8911604121308,1002.5901537220013,1032.4813141341322
2021-10-29 08:00:00+00:00,train,1029.8911604121308,1002.5901537220013,1032.4813141341322
2021-10-29 12:00:00+00:00,train,1029.8911604121308,1002.5901537220013,1032.4813141341322
2021-10-29 16:00:00+00:00,train,1029.8911604121308,1002.5901537220013,1032.4813141341322
2021-10-29 20:00:00+00:00,train,1029.8911604121308,1002.5901537220013,1032.4813141341322
2021-10-30 00:00:00+00:00,train,1029.8911604121308,1002.5901537220013,1032.4813141341322
2021-10-30 04:00:00+00:00,train,1029.8911604121308,1002.5901537220013,1032.4813141341322
2021-10-30 08:00:00+00:00,train,1029.8911604121308,1002.5901537220013,1032.4813141341322
2021-10-30 12:00:00+00:00,train,1029.8911604121308,1002.5901537220013,1032.4813141341322
2021-10-30 16:00:00+00:00,train,1029.8911604121308,1002.5901537220013,1032.4813141341322
2021-10-30 20:00:00+00:00,train,1029.8911604121308,1002.5901537220013,1032.4813141341322
2021-10-31 00:00:00+00:00,train,1029.8911604121308,1002.5901537220013,1032.4813141341322
2021-10-31 04:00:00+00:00,train,1029.8911604121308,1002.5901537220013,1032.4813141341322
2021-10-31 08:00:00+00:00,train,1029.8911604121308,1002.5901537220013,1032.4813141341322
2021-10-31 12:00:00+00:00,train,1034.909182636959,1002.5901537220013,1037.4993363589604
2021-10-31 16:00:00+00:00,train,1034.909182636959,1002.5901537220013,1037.4993363589604
2021-10-31 20:00:00+00:00,train,1034.909182636959,1002.5901537220013,1037.4993363589604
2021-11-01 00:00:00+00:00,train,1040.1722354507117,1002.5901537220013,1042.762389172713
2021-11-01 04:00:00+00:00,train,1040.1722354507117,1002.5901537220013,1042.762389172713
2021-11-01 08:00:00+00:00,train,1040.1722354507117,1002.5901537220013,1042.762389172713
2021-11-01 12:00:00+00:00,train,1036.3333077061568,1002.5901537220013,1038.9234614281581
2021-11-01 16:00:00+00:00,train,1036.3333077061568,1002.5901537220013,1038.9234614281581
2021-11-01 20:00:00+00:00,train,1036.3333077061568,1002.5901537220013,1038.9234614281581
2021-11-02 00:00:00+00:00,train,1037.4161959879025,1002.5901537220013,1040.0063497099038
2021-11-02 04:00:00+00:00,train,1038.499084269648,1002.5901537220013,1041.0892379916493
2021-11-02 08:00:00+00:00,train,1039.5819725513936,1002.5901537220013,1042.172126273395
2021-11-02 12:00:00+00:00,train,1040.664860833139,1002.5901537220013,1043.2550145551404
2021-11-02 16:00:00+00:00,train,1041.7477491148848,1002.5901537220013,1044.337902836886
2021-11-02 20:00:00+00:00,train,1041.7477491148848,1002.5901537220013,1044.337902836886
2021-11-03 00:00:00+00:00,train,1041.7477491148848,1002.5901537220013,1044.337902836886
2021-11-03 04:00:00+00:00,train,1041.7477491148848,1002.5901537220013,1044.337902836886
2021-11-03 08:00:00+00:00,train,1040.318512479331,1002.5901537220013,1042.9086662013324
2021-11-03 12:00:00+00:00,train,1038.8892758437776,1002.5901537220013,1041.479429565779
2021-11-03 16:00:00+00:00,train,1038.8892758437776,1002.5901537220013,1041.479429565779
2021-11-03 20:00:00+00:00,train,1038.8892758437776,1002.5901537220013,1041.479429565779
2021-11-04 00:00:00+00:00,train,1044.2710867399708,1002.5901537220013,1046.861240461972
2021-11-04 04:00:00+00:00,train,1044.2710867399708,1002.5901537220013,1046.861240461972
2021-11-04 08:00:00+00:00,train,1044.2710867399708,1002.5901537220013,1046.861240461972
2021-11-04 12:00:00+00:00,train,1044.2026558672835,1002.5901537220013,1046.7928095892848
2021-11-04 16:00:00+00:00,train,1044.1342249945965,1002.5901537220013,1046.7243787165978
2021-11-04 20:00:00+00:00,train,1044.0657941219092,1002.5901537220013,1046.6559478439106
2021-11-05 00:00:00+00:00,train,1043.997363249222,1002.5901537220013,1046.5875169712233
2021-11-05 04:00:00+00:00,train,1043.928932376535,1002.5901537220013,1046.5190860985363
2021-11-05 08:00:00+00:00,train,1043.8605015038474,1002.5901537220013,1046.4506552258488
2021-11-05 12:00:00+00:00,train,1043.8605015038474,1002.5901537220013,1046.4506552258488
2021-11-05 16:00:00+00:00,train,1043.8605015038474,1002.5901537220013,1046.4506552258488
2021-11-05 20:00:00+00:00,train,1045.6320606777106,1002.5901537220013,1048.222214399712
2021-11-06 00:00:00+00:00,train,1047.4036198515737,1002.5901537220013,1049.9937735735748
2021-11-06 04:00:00+00:00,train,1049.175179025437,1002.5901537220013,1051.7653327474382
2021-11-06 08:00:00+00:00,train,1049.175179025437,1002.5901537220013,1051.7653327474382
2021-11-06 12:00:00+00:00,train,1049.175179025437,1002.5901537220013,1051.7653327474382
2021-11-06 16:00:00+00:00,train,1054.160049350455,1002.5901537220013,1056.7502030724563
2021-11-06 20:00:00+00:00,train,1054.160049350455,1002.5901537220013,1056.7502030724563
2021-11-07 00:00:00+00:00,train,1054.160049350455,1002.5901537220013,1056.7502030724563
2021-11-07 04:00:00+00:00,train,1054.160049350455,1002.5901537220013,1056.7502030724563
2021-11-07 08:00:00+00:00,train,1053.3079501347015,1002.5901537220013,1055.8981038567026
2021-11-07 12:00:00+00:00,train,1052.455850918948,1002.5901537220013,1055.0460046409494
2021-11-07 16:00:00+00:00,train,1051.6037517031948,1002.5901537220013,1054.1939054251961
2021-11-07 20:00:00+00:00,train,1050.751652487441,1002.5901537220013,1053.3418062094424
2021-11-08 00:00:00+00:00,train,1050.751652487441,1002.5901537220013,1053.3418062094424
2021-11-08 04:00:00+00:00,train,1050.751652487441,1002.5901537220013,1053.3418062094424
2021-11-08 08:00:00+00:00,train,1050.4165825758698,1002.5901537220013,1053.0067362978712
2021-11-08 12:00:00+00:00,train,1050.0815126642985,1002.5901537220013,1052.6716663862999
2021-11-08 16:00:00+00:00,train,1049.7464427527273,1002.5901537220013,1052.3365964747286
2021-11-08 20:00:00+00:00,train,1049.411372841156,1002.5901537220013,1052.0015265631573
2021-11-09 00:00:00+00:00,train,1049.0763029295847,1002.5901537220013,1051.666456651586
2021-11-09 04:00:00+00:00,train,1048.7412330180134,1002.5901537220013,1051.3313867400148
2021-11-09 08:00:00+00:00,train,1048.4061631064421,1002.5901537220013,1050.9963168284435
2021-11-09 12:00:00+00:00,train,1048.071093194871,1002.5901537220013,1050.6612469168722
2021-11-09 16:00:00+00:00,train,1048.071093194871,1002.5901537220013,1050.6612469168722
2021-11-09 20:00:00+00:00,train,1048.071093194871,1002.5901537220013,1050.6612469168722
2021-11-10 00:00:00+00:00,train,1047.8560534167127,1002.5901537220013,1050.4462071387143
2021-11-10 04:00:00+00:00,train,1047.641013638554,1002.5901537220013,1050.2311673605554
2021-11-10 08:00:00+00:00,train,1047.4259738603957,1002.5901537220013,1050.016127582397
2021-11-10 12:00:00+00:00,train,1047.2109340822371,1002.5901537220013,1049.8010878042387
2021-11-10 16:00:00+00:00,train,1046.9958943040788,1002.5901537220013,1049.5860480260799
2021-11-10 20:00:00+00:00,train,1046.9958943040788,1002.5901537220013,1049.5860480260799
2021-11-11 00:00:00+00:00,train,1046.9958943040788,1002.5901537220013,1049.5860480260799
2021-11-11 04:00:00+00:00,train,1052.0437340941423,1002.5901537220013,1054.6338878161437
2021-11-11 08:00:00+00:00,train,1052.0437340941423,1002.5901537220013,1054.6338878161437
2021-11-11 12:00:00+00:00,train,1052.0437340941423,1002.5901537220013,1054.6338878161437
2021-11-11 16:00:00+00:00,train,1052.0437340941423,1002.5901537220013,1054.6338878161437
2021-11-11 20:00:00+00:00,train,1052.0437340941423,1002.5901537220013,1054.6338878161437
2021-11-12 00:00:00+00:00,train,1052.0437340941423,1002.5901537220013,1054.6338878161437
2021-11-12 04:00:00+00:00,train,1052.0437340941423,1002.5901537220013,1054.6338878161437
2021-11-12 08:00:00+00:00,train,1052.0437340941423,1002.5901537220013,1054.6338878161437
2021-11-12 12:00:00+00:00,train,1052.5920240424061,1002.5901537220013,1055.1821777644072
2021-11-12 16:00:00+00:00,train,1053.14031399067,1002.5901537220013,1055.7304677126713
2021-11-12 20:00:00+00:00,train,1053.6886039389337,1002.5901537220013,1056.2787576609353
2021-11-13 00:00:00+00:00,train,1054.2368938871975,1002.5901537220013,1056.8270476091989
2021-11-13 04:00:00+00:00,train,1054.7851838354613,1002.5901537220013,1057.3753375574624
2021-11-13 08:00:00+00:00,train,1055.3334737837254,1002.5901537220013,1057.9236275057265
2021-11-13 12:00:00+00:00,train,1055.8817637319892,1001.3625307058007,1057.24429443779
2021-11-13 16:00:00+00:00,train,1056.430053680253,1001.3625307058007,1057.792584386054
2021-11-13 20:00:00+00:00,train,1056.9783436285168,1001.3625307058007,1058.3408743343175
2021-11-14 00:00:00+00:00,train,1056.9783436285168,1001.3625307058007,1058.3408743343175
2021-11-14 04:00:00+00:00,train,1056.9783436285168,1001.3625307058007,1058.3408743343175
2021-11-14 08:00:00+00:00,train,1056.9783436285168,1001.3625307058007,1058.3408743343175
2021-11-14 12:00:00+00:00,train,1056.9783436285168,1001.3625307058007,1058.3408743343175
2021-11-14 16:00:00+00:00,train,1056.9783436285168,1001.3625307058007,1058.3408743343175
2021-11-14 20:00:00+00:00,train,1056.9783436285168,1001.3625307058007,1058.3408743343175
2021-11-15 00:00:00+00:00,train,1056.9783436285168,1001.3625307058007,1058.3408743343175
2021-11-15 04:00:00+00:00,train,1056.9783436285168,1001.3625307058007,1058.3408743343175
2021-11-15 08:00:00+00:00,train,1056.9783436285168,1001.3625307058007,1058.3408743343175
2021-11-15 12:00:00+00:00,train,1056.9783436285168,1001.3625307058007,1058.3408743343175
2021-11-15 16:00:00+00:00,train,1056.9783436285168,1001.3625307058007,1058.3408743343175
2021-11-15 20:00:00+00:00,train,1056.9783436285168,1001.3625307058007,1058.3408743343175
2021-11-16 00:00:00+00:00,train,1056.9783436285168,1001.3625307058007,1058.3408743343175
2021-11-16 04:00:00+00:00,train,1056.9783436285168,1001.3625307058007,1058.3408743343175
2021-11-16 08:00:00+00:00,train,1056.9783436285168,1001.3625307058007,1058.3408743343175
2021-11-16 12:00:00+00:00,train,1056.9783436285168,1000.1517043260413,1057.130047954558
2021-11-16 16:00:00+00:00,train,1056.9783436285168,1000.1517043260413,1057.130047954558
2021-11-16 20:00:00+00:00,train,1056.9783436285168,1000.1517043260413,1057.130047954558
2021-11-17 00:00:00+00:00,train,1053.631226626951,1006.2242834187291,1059.8555100456801
2021-11-17 04:00:00+00:00,train,1053.631226626951,1006.2242834187291,1059.8555100456801
2021-11-17 08:00:00+00:00,train,1053.631226626951,1004.9562008021786,1058.5874274291295
2021-11-17 12:00:00+00:00,train,1053.631226626951,1004.9562008021786,1058.5874274291295
2021-11-17 16:00:00+00:00,train,1053.631226626951,1003.5811640376747,1057.2123906646257
2021-11-17 20:00:00+00:00,train,1053.631226626951,1003.5811640376747,1057.2123906646257
2021-11-18 00:00:00+00:00,train,1053.631226626951,1002.2718066728144,1055.9030332997654
2021-11-18 04:00:00+00:00,train,1053.631226626951,1002.2718066728144,1055.9030332997654
2021-11-18 08:00:00+00:00,train,1053.631226626951,1002.2718066728144,1055.9030332997654
2021-11-18 12:00:00+00:00,train,1053.631226626951,1009.1382798833578,1062.769506510309
2021-11-18 16:00:00+00:00,train,1053.631226626951,1009.1382798833578,1062.769506510309
2021-11-18 20:00:00+00:00,train,1053.631226626951,1009.1382798833578,1062.769506510309
2021-11-19 00:00:00+00:00,train,1053.631226626951,1008.6094320495768,1062.2406586765278
2021-11-19 04:00:00+00:00,train,1053.631226626951,1008.0805842157959,1061.7118108427467
2021-11-19 08:00:00+00:00,train,1053.631226626951,1007.5517363820148,1061.182963008966
2021-11-19 12:00:00+00:00,train,1053.631226626951,1007.5517363820148,1061.182963008966
2021-11-19 16:00:00+00:00,train,1053.631226626951,1007.5517363820148,1061.182963008966
2021-11-19 20:00:00+00:00,train,1053.631226626951,1007.5517363820148,1061.182963008966
2021-11-20 00:00:00+00:00,train,1053.631226626951,1007.5517363820148,1061.182963008966
2021-11-20 04:00:00+00:00,train,1053.631226626951,1007.5517363820148,1061.182963008966
2021-11-20 08:00:00+00:00,train,1053.631226626951,1007.5517363820148,1061.182963008966
2021-11-20 12:00:00+00:00,train,1053.631226626951,1007.5517363820148,1061.182963008966
2021-11-20 16:00:00+00:00,train,1053.631226626951,1006.0618255046436,1059.6930521315944
2021-11-20 20:00:00+00:00,train,1053.631226626951,1006.0618255046436,1059.6930521315944
2021-11-21 00:00:00+00:00,train,1053.631226626951,1006.0618255046436,1059.6930521315944
2021-11-21 04:00:00+00:00,train,1053.631226626951,1004.6264228679237,1058.2576494948748
2021-11-21 08:00:00+00:00,train,1053.631226626951,1004.6264228679237,1058.2576494948748
2021-11-21 12:00:00+00:00,train,1056.3170080513016,1004.6264228679237,1060.9434309192252
2021-11-21 16:00:00+00:00,train,1059.0027894756522,1004.6264228679237,1063.629212343576
2021-11-21 20:00:00+00:00,train,1059.0027894756522,1004.6264228679237,1063.629212343576
2021-11-22 00:00:00+00:00,train,1059.0027894756522,1004.6264228679237,1063.629212343576
2021-11-22 04:00:00+00:00,train,1059.0027894756522,1004.6264228679237,1063.629212343576
2021-11-22 08:00:00+00:00,train,1059.0027894756522,1003.1780747529579,1062.18086422861
2021-11-22 12:00:00+00:00,train,1059.0027894756522,1003.1780747529579,1062.18086422861
2021-11-22 16:00:00+00:00,train,1059.0027894756522,1003.1780747529579,1062.18086422861
2021-11-22 20:00:00+00:00,train,1059.0027894756522,1001.6259254568417,1060.628714932494
2021-11-23 00:00:00+00:00,train,1059.0027894756522,1001.6259254568417,1060.628714932494
2021-11-23 04:00:00+00:00,train,1059.0027894756522,1001.6259254568417,1060.628714932494
2021-11-23 08:00:00+00:00,train,1059.0027894756522,1001.6259254568417,1060.628714932494
2021-11-23 12:00:00+00:00,train,1059.0027894756522,1000.1323966127833,1059.1351860884356
2021-11-23 16:00:00+00:00,train,1059.0027894756522,1000.1323966127833,1059.1351860884356
2021-11-23 20:00:00+00:00,train,1059.0027894756522,1000.1323966127833,1059.1351860884356
2021-11-24 00:00:00+00:00,train,1059.0027894756522,1000.1323966127833,1059.1351860884356
2021-11-24 04:00:00+00:00,train,1059.0027894756522,1000.1323966127833,1059.1351860884356
2021-11-24 08:00:00+00:00,train,1059.0027894756522,1000.1323966127833,1059.1351860884356
2021-11-24 12:00:00+00:00,train,1059.0027894756522,1000.1323966127833,1059.1351860884356
2021-11-24 16:00:00+00:00,train,1055.2096406513588,1000.7852085288796,1055.9948491802384
2021-11-24 20:00:00+00:00,train,1055.2096406513588,1001.4380204449759,1056.6476610963346
2021-11-25 00:00:00+00:00,train,1055.2096406513588,1002.0908323610722,1057.3004730124312
2021-11-25 04:00:00+00:00,train,1055.2096406513588,1002.7436442771685,1057.9532849285274
2021-11-25 08:00:00+00:00,train,1055.2096406513588,1003.3964561932648,1058.6060968446236
2021-11-25 12:00:00+00:00,train,1055.2096406513588,1004.0492681093612,1059.2589087607198
2021-11-25 16:00:00+00:00,train,1055.2096406513588,1004.7020800254575,1059.911720676816
2021-11-25 20:00:00+00:00,train,1055.2096406513588,1005.3548919415538,1060.5645325929127
2021-11-26 00:00:00+00:00,train,1055.2096406513588,1006.0077038576501,1061.2173445090089
2021-11-26 04:00:00+00:00,train,1055.2096406513588,1006.6605157737464,1061.870156425105
2021-11-26 08:00:00+00:00,train,1055.2096406513588,1007.3133276898427,1062.5229683412017
2021-11-26 12:00:00+00:00,train,1055.2096406513588,1007.3133276898427,1062.5229683412017
2021-11-26 16:00:00+00:00,train,1055.2096406513588,1005.6587651039036,1060.8684057552623
2021-11-26 20:00:00+00:00,train,1055.2096406513588,1005.6587651039036,1060.8684057552623
2021-11-27 00:00:00+00:00,train,1055.2096406513588,1003.9943640746283,1059.204004725987
2021-11-27 04:00:00+00:00,train,1055.2096406513588,1003.9943640746283,1059.204004725987
2021-11-27 08:00:00+00:00,train,1055.2096406513588,1003.9943640746283,1059.204004725987
2021-11-27 12:00:00+00:00,train,1055.2096406513588,1002.4888149737338,1057.6984556250927
2021-11-27 16:00:00+00:00,train,1055.2096406513588,1002.4888149737338,1057.6984556250927
2021-11-27 20:00:00+00:00,train,1055.2096406513588,1002.4888149737338,1057.6984556250927
2021-11-28 00:00:00+00:00,train,1051.4250628321997,1003.9426461013975,1055.367708933597
2021-11-28 04:00:00+00:00,train,1051.4250628321997,1005.3964772290611,1056.8215400612607
2021-11-28 08:00:00+00:00,train,1051.4250628321997,1006.8503083567247,1058.2753711889245
2021-11-28 12:00:00+00:00,train,1049.511737214911,1008.3041394843883,1057.8158766992992
2021-11-28 16:00:00+00:00,train,1047.5984115976223,1009.757970612052,1057.3563822096744
2021-11-28 20:00:00+00:00,train,1047.5984115976223,1009.757970612052,1057.3563822096744
2021-11-29 00:00:00+00:00,train,1047.5984115976223,1009.757970612052,1057.3563822096744
2021-11-29 04:00:00+00:00,train,1048.9321555257775,1009.757970612052,1058.6901261378293
2021-11-29 08:00:00+00:00,train,1050.265899453933,1009.757970612052,1060.0238700659847
2021-11-29 12:00:00+00:00,train,1051.599643382088,1009.757970612052,1061.3576139941401
2021-11-29 16:00:00+00:00,train,1052.9333873102432,1009.757970612052,1062.691357922295
2021-11-29 20:00:00+00:00,train,1052.9333873102432,1009.757970612052,1062.691357922295
2021-11-30 00:00:00+00:00,train,1052.9333873102432,1009.757970612052,1062.691357922295
2021-11-30 04:00:00+00:00,train,1054.5450343012694,1009.757970612052,1064.3030049133213
2021-11-30 08:00:00+00:00,train,1056.1566812922954,1009.757970612052,1065.9146519043475
2021-11-30 12:00:00+00:00,train,1057.7683282833216,1009.757970612052,1067.5262988953737
2021-11-30 16:00:00+00:00,train,1057.7683282833216,1009.757970612052,1067.5262988953737
2021-11-30 20:00:00+00:00,train,1054.381488750305,1009.757970612052,1064.1394593623568
2021-12-01 00:00:00+00:00,train,1054.381488750305,1009.757970612052,1064.1394593623568
2021-12-01 04:00:00+00:00,train,1054.381488750305,1009.757970612052,1064.1394593623568
2021-12-01 08:00:00+00:00,train,1056.8161065630372,1009.757970612052,1066.5740771750893
2021-12-01 12:00:00+00:00,train,1059.2507243757698,1009.757970612052,1069.0086949878219
2021-12-01 16:00:00+00:00,train,1059.2507243757698,1009.757970612052,1069.0086949878219
2021-12-01 20:00:00+00:00,train,1059.2507243757698,1009.757970612052,1069.0086949878219
2021-12-02 00:00:00+00:00,train,1059.2507243757698,1009.757970612052,1069.0086949878219
2021-12-02 04:00:00+00:00,train,1059.2507243757698,1009.757970612052,1069.0086949878219
2021-12-02 08:00:00+00:00,train,1060.6315145582048,1009.757970612052,1070.3894851702566
2021-12-02 12:00:00+00:00,train,1062.0123047406398,1009.757970612052,1071.770275352692
2021-12-02 16:00:00+00:00,train,1063.3930949230748,1009.757970612052,1073.1510655351267
2021-12-02 20:00:00+00:00,train,1064.7738851055099,1009.757970612052,1074.531855717562
2021-12-03 00:00:00+00:00,train,1064.7738851055099,1009.757970612052,1074.531855717562
2021-12-03 04:00:00+00:00,train,1064.7738851055099,1009.757970612052,1074.531855717562
2021-12-03 08:00:00+00:00,train,1064.7738851055099,1009.757970612052,1074.531855717562
2021-12-03 12:00:00+00:00,train,1064.7738851055099,1009.757970612052,1074.531855717562
2021-12-03 16:00:00+00:00,train,1064.7738851055099,1009.757970612052,1074.531855717562
2021-12-03 20:00:00+00:00,train,1064.7738851055099,1009.757970612052,1074.531855717562
2021-12-04 00:00:00+00:00,train,1064.7738851055099,1009.757970612052,1074.531855717562
2021-12-04 04:00:00+00:00,train,1064.7738851055099,1009.757970612052,1074.531855717562
2021-12-04 08:00:00+00:00,train,1064.7738851055099,1009.757970612052,1074.531855717562
2021-12-04 12:00:00+00:00,train,1064.7738851055099,1009.757970612052,1074.531855717562
2021-12-04 16:00:00+00:00,train,1064.7738851055099,1009.757970612052,1074.531855717562
2021-12-04 20:00:00+00:00,train,1064.7738851055099,1009.757970612052,1074.531855717562
2021-12-05 00:00:00+00:00,train,1064.7738851055099,1009.757970612052,1074.531855717562
2021-12-05 04:00:00+00:00,train,1064.7738851055099,1009.9734225511644,1074.7473076566744
2021-12-05 08:00:00+00:00,train,1064.7738851055099,1010.1888744902769,1074.9627595957868
2021-12-05 12:00:00+00:00,train,1064.7738851055099,1010.4043264293894,1075.1782115348992
2021-12-05 16:00:00+00:00,train,1064.7738851055099,1010.6197783685018,1075.3936634740116
2021-12-05 20:00:00+00:00,train,1064.7738851055099,1010.8352303076143,1075.609115413124
2021-12-06 00:00:00+00:00,train,1064.7738851055099,1011.0506822467268,1075.8245673522365
2021-12-06 04:00:00+00:00,train,1064.7738851055099,1011.2661341858392,1076.040019291349
2021-12-06 08:00:00+00:00,train,1064.7738851055099,1011.4815861249517,1076.2554712304618
2021-12-06 12:00:00+00:00,train,1064.7738851055099,1011.6970380640641,1076.4709231695742
2021-12-06 16:00:00+00:00,train,1064.7738851055099,1011.9124900031766,1076.6863751086867
2021-12-06 20:00:00+00:00,train,1064.7738851055099,1012.1279419422891,1076.901827047799
2021-12-07 00:00:00+00:00,train,1064.7738851055099,1012.3433938814015,1077.1172789869115
2021-12-07 04:00:00+00:00,train,1064.7738851055099,1012.3433938814015,1077.1172789869115
2021-12-07 08:00:00+00:00,train,1064.7738851055099,1012.3433938814015,1077.1172789869115
2021-12-07 12:00:00+00:00,train,1064.7738851055099,1012.3433938814015,1077.1172789869115
2021-12-07 16:00:00+00:00,train,1064.7738851055099,1012.3433938814015,1077.1172789869115
2021-12-07 20:00:00+00:00,train,1064.7738851055099,1012.3433938814015,1077.1172789869115
2021-12-08 00:00:00+00:00,train,1064.7738851055099,1012.8978795760784,1077.6717646815882
2021-12-08 04:00:00+00:00,train,1064.7738851055099,1013.4523652707551,1078.226250376265
2021-12-08 08:00:00+00:00,train,1064.7738851055099,1014.0068509654319,1078.7807360709417
2021-12-08 12:00:00+00:00,train,1064.7738851055099,1014.5613366601087,1079.3352217656184
2021-12-08 16:00:00+00:00,train,1064.7738851055099,1015.1158223547855,1079.8897074602955
2021-12-08 20:00:00+00:00,train,1064.7738851055099,1015.6703080494623,1080.4441931549723
2021-12-09 00:00:00+00:00,train,1064.7738851055099,1016.2247937441391,1080.998678849649
2021-12-09 04:00:00+00:00,train,1064.7738851055099,1016.7792794388158,1081.5531645443257
2021-12-09 08:00:00+00:00,train,1064.7738851055099,1017.3337651334926,1082.1076502390024
2021-12-09 12:00:00+00:00,train,1064.7738851055099,1017.8882508281695,1082.6621359336796
2021-12-09 16:00:00+00:00,train,1064.7738851055099,1018.4427365228462,1083.2166216283558
2021-12-09 20:00:00+00:00,train,1064.7738851055099,1018.997222217523,1083.771107323033
2021-12-10 00:00:00+00:00,train,1064.7738851055099,1018.997222217523,1083.771107323033
2021-12-10 04:00:00+00:00,train,1064.7738851055099,1018.997222217523,1083.771107323033
2021-12-10 08:00:00+00:00,train,1064.7738851055099,1018.2346712244292,1083.008556329939
2021-12-10 12:00:00+00:00,train,1064.7738851055099,1017.4721202313356,1082.2460053368454
2021-12-10 16:00:00+00:00,train,1064.7738851055099,1017.4721202313356,1082.2460053368454
2021-12-10 20:00:00+00:00,train,1064.7738851055099,1017.4721202313356,1082.2460053368454
2021-12-11 00:00:00+00:00,train,1064.7738851055099,1017.3338816116794,1082.1077667171894
2021-12-11 04:00:00+00:00,train,1064.7738851055099,1017.1956429920233,1081.969528097533
2021-12-11 08:00:00+00:00,train,1064.7738851055099,1017.0574043723672,1081.831289477877
2021-12-11 12:00:00+00:00,train,1064.7738851055099,1016.919165752711,1081.6930508582209
2021-12-11 16:00:00+00:00,train,1064.7738851055099,1016.7809271330549,1081.5548122385649
2021-12-11 20:00:00+00:00,train,1064.7738851055099,1016.6426885133988,1081.4165736189088
2021-12-12 00:00:00+00:00,train,1064.7738851055099,1016.5044498937426,1081.2783349992524
2021-12-12 04:00:00+00:00,train,1064.7738851055099,1016.3662112740865,1081.1400963795963
2021-12-12 08:00:00+00:00,train,1064.7738851055099,1016.2279726544303,1081.0018577599403
2021-12-12 12:00:00+00:00,train,1064.3746764115717,1016.0897340347742,1080.464410446346
2021-12-12 16:00:00+00:00,train,1063.9754677176336,1015.9514954151181,1079.9269631327516
2021-12-12 20:00:00+00:00,train,1063.5762590236955,1015.9514954151181,1079.5277544388136
2021-12-13 00:00:00+00:00,train,1063.1770503297573,1015.9514954151181,1079.1285457448753
2021-12-13 04:00:00+00:00,train,1063.1770503297573,1018.0629170447344,1081.2399673744917
2021-12-13 08:00:00+00:00,train,1063.1770503297573,1020.1743386743507,1083.3513890041081
2021-12-13 12:00:00+00:00,train,1063.1770503297573,1022.285760303967,1085.462810633724
2021-12-13 16:00:00+00:00,train,1059.2824318110106,1022.285760303967,1081.5681921149776
2021-12-13 20:00:00+00:00,train,1059.2824318110106,1020.7289613777187,1080.0113931887295
2021-12-14 00:00:00+00:00,train,1059.2824318110106,1020.7289613777187,1080.0113931887295
2021-12-14 04:00:00+00:00,train,1059.2824318110106,1020.7289613777187,1080.0113931887295
2021-12-14 08:00:00+00:00,train,1059.2824318110106,1019.1326063353,1078.4150381463105
2021-12-14 12:00:00+00:00,train,1059.2824318110106,1019.1326063353,1078.4150381463105
2021-12-14 16:00:00+00:00,train,1059.2824318110106,1019.1326063353,1078.4150381463105
2021-12-14 20:00:00+00:00,train,1060.7592538944557,1017.6309057240846,1078.3901596185406
2021-12-15 00:00:00+00:00,train,1062.2360759779008,1017.6309057240846,1079.8669817019854
2021-12-15 04:00:00+00:00,train,1063.7128980613456,1016.1287256256206,1079.8416236869662
2021-12-15 08:00:00+00:00,train,1065.189720144791,1016.1287256256206,1081.3184457704115
2021-12-15 12:00:00+00:00,train,1065.189720144791,1016.1287256256206,1081.3184457704115
2021-12-15 16:00:00+00:00,train,1065.189720144791,1014.578035932702,1079.7677560774928
2021-12-15 20:00:00+00:00,train,1065.189720144791,1014.578035932702,1079.7677560774928
2021-12-16 00:00:00+00:00,train,1065.189720144791,1014.578035932702,1079.7677560774928
2021-12-16 04:00:00+00:00,train,1065.189720144791,1014.578035932702,1079.7677560774928
2021-12-16 08:00:00+00:00,train,1065.189720144791,1014.578035932702,1079.7677560774928
2021-12-16 12:00:00+00:00,train,1065.1250653832153,1014.578035932702,1079.7031013159176
2021-12-16 16:00:00+00:00,train,1065.0604106216397,1014.578035932702,1079.6384465543415
2021-12-16 20:00:00+00:00,train,1064.995755860064,1014.578035932702,1079.5737917927663
2021-12-17 00:00:00+00:00,train,1064.995755860064,1014.578035932702,1079.5737917927663
2021-12-17 04:00:00+00:00,train,1064.995755860064,1014.578035932702,1079.5737917927663
2021-12-17 08:00:00+00:00,train,1062.9265938787466,1014.578035932702,1077.5046298114485
2021-12-17 12:00:00+00:00,train,1060.857431897429,1014.578035932702,1075.435467830131
2021-12-17 16:00:00+00:00,train,1060.857431897429,1014.578035932702,1075.435467830131
2021-12-17 20:00:00+00:00,train,1060.857431897429,1014.578035932702,1075.435467830131
2021-12-18 00:00:00+00:00,train,1061.6035483391665,1014.578035932702,1076.1815842718688
2021-12-18 04:00:00+00:00,train,1062.3496647809043,1013.0816255671346,1075.4312903480386
2021-12-18 08:00:00+00:00,train,1063.0957812226418,1013.0816255671346,1076.1774067897763
2021-12-18 12:00:00+00:00,train,1063.8418976643793,1013.0816255671346,1076.923523231514
2021-12-18 16:00:00+00:00,train,1064.5880141061168,1013.0816255671346,1077.6696396732514
2021-12-18 20:00:00+00:00,train,1065.3341305478546,1013.0816255671346,1078.415756114989
2021-12-19 00:00:00+00:00,train,1066.080246989592,1013.0816255671346,1079.1618725567268
2021-12-19 04:00:00+00:00,train,1066.8263634313296,1013.0816255671346,1079.9079889984641
2021-12-19 08:00:00+00:00,train,1066.8263634313296,1013.0816255671346,1079.9079889984641
2021-12-19 12:00:00+00:00,train,1066.8263634313296,1013.0816255671346,1079.9079889984641
2021-12-19 16:00:00+00:00,train,1066.8263634313296,1013.0816255671346,1079.9079889984641
2021-12-19 20:00:00+00:00,train,1066.8263634313296,1013.0816255671346,1079.9079889984641
2021-12-20 00:00:00+00:00,train,1066.8263634313296,1013.0816255671346,1079.9079889984641
2021-12-20 04:00:00+00:00,train,1066.8263634313296,1013.0816255671346,1079.9079889984641
2021-12-20 08:00:00+00:00,train,1066.8263634313296,1013.0816255671346,1079.9079889984641
2021-12-20 12:00:00+00:00,train,1066.8263634313296,1013.0816255671346,1079.9079889984641
2021-12-20 16:00:00+00:00,train,1066.8263634313296,1013.0816255671346,1079.9079889984641
2021-12-20 20:00:00+00:00,train,1066.8263634313296,1013.0816255671346,1079.9079889984641
2021-12-21 00:00:00+00:00,train,1063.5027775398614,1013.0816255671346,1076.584403106996
2021-12-21 04:00:00+00:00,train,1063.5027775398614,1011.8476334339227,1075.3504109737842
2021-12-21 08:00:00+00:00,train,1063.5027775398614,1011.8476334339227,1075.3504109737842
2021-12-21 12:00:00+00:00,train,1063.5027775398614,1011.8476334339227,1075.3504109737842
2021-12-21 16:00:00+00:00,train,1063.5027775398614,1011.8476334339227,1075.3504109737842
2021-12-21 20:00:00+00:00,train,1065.0131418628923,1011.8476334339227,1076.860775296815
2021-12-22 00:00:00+00:00,train,1066.523506185923,1011.8476334339227,1078.371139619846
2021-12-22 04:00:00+00:00,train,1068.0338705089541,1011.8476334339227,1079.8815039428769
2021-12-22 08:00:00+00:00,train,1068.0338705089541,1011.8476334339227,1079.8815039428769
2021-12-22 12:00:00+00:00,train,1068.0338705089541,1011.8476334339227,1079.8815039428769
2021-12-22 16:00:00+00:00,train,1065.0669935100852,1011.8476334339227,1076.914626944008
2021-12-22 20:00:00+00:00,train,1065.0669935100852,1011.8476334339227,1076.914626944008
2021-12-23 00:00:00+00:00,train,1065.0669935100852,1011.8476334339227,1076.914626944008
2021-12-23 04:00:00+00:00,train,1066.1551671749512,1011.8476334339227,1078.0028006088742
2021-12-23 08:00:00+00:00,train,1067.243340839817,1011.8476334339227,1079.0909742737394
2021-12-23 12:00:00+00:00,train,1068.331514504683,1011.8476334339227,1080.1791479386056
2021-12-23 16:00:00+00:00,train,1069.4196881695489,1011.8476334339227,1081.2673216034718
2021-12-23 20:00:00+00:00,train,1069.4196881695489,1011.8476334339227,1081.2673216034718
2021-12-24 00:00:00+00:00,train,1069.4196881695489,1011.8476334339227,1081.2673216034718
2021-12-24 04:00:00+00:00,train,1068.4065401183125,1011.8476334339227,1080.2541735522354
2021-12-24 08:00:00+00:00,train,1067.3933920670759,1011.8476334339227,1079.2410255009986
2021-12-24 12:00:00+00:00,train,1066.3802440158393,1011.8476334339227,1078.2278774497618
2021-12-24 16:00:00+00:00,train,1066.3802440158393,1011.8476334339227,1078.2278774497618
2021-12-24 20:00:00+00:00,train,1066.3802440158393,1011.8476334339227,1078.2278774497618
2021-12-25 00:00:00+00:00,train,1066.6194732237086,1011.8476334339227,1078.4671066576311
2021-12-25 04:00:00+00:00,train,1066.8587024315777,1011.8476334339227,1078.7063358655005
2021-12-25 08:00:00+00:00,train,1067.097931639447,1011.8476334339227,1078.9455650733698
2021-12-25 12:00:00+00:00,train,1067.3371608473162,1011.8476334339227,1079.1847942812392
2021-12-25 16:00:00+00:00,train,1067.5763900551856,1011.8476334339227,1079.4240234891085
2021-12-25 20:00:00+00:00,train,1067.815619263055,1011.8476334339227,1079.663252696978
2021-12-26 00:00:00+00:00,train,1068.054848470924,1011.8476334339227,1079.9024819048468
2021-12-26 04:00:00+00:00,train,1068.2940776787934,1011.8476334339227,1080.1417111127162
2021-12-26 08:00:00+00:00,train,1068.5333068866626,1011.8476334339227,1080.380940320585
2021-12-26 12:00:00+00:00,train,1068.772536094532,1011.8476334339227,1080.6201695284544
2021-12-26 16:00:00+00:00,train,1069.011765302401,1011.8476334339227,1080.8593987363238
2021-12-26 20:00:00+00:00,train,1069.2509945102706,1011.8476334339227,1081.0986279441931
2021-12-27 00:00:00+00:00,train,1069.2509945102706,1011.8476334339227,1081.0986279441931
2021-12-27 04:00:00+00:00,train,1069.2509945102706,1011.8476334339227,1081.0986279441931
2021-12-27 08:00:00+00:00,train,1069.2509945102706,1011.8476334339227,1081.0986279441931
2021-12-27 12:00:00+00:00,train,1069.2509945102706,1011.8476334339227,1081.0986279441931
2021-12-27 16:00:00+00:00,train,1069.2509945102706,1011.8476334339227,1081.0986279441931
2021-12-27 20:00:00+00:00,train,1069.2509945102706,1011.8476334339227,1081.0986279441931
2021-12-28 00:00:00+00:00,train,1069.2509945102706,1011.8476334339227,1081.0986279441931
2021-12-28 04:00:00+00:00,train,1069.2509945102706,1011.8476334339227,1081.0986279441931
2021-12-28 08:00:00+00:00,train,1069.2509945102706,1011.8476334339227,1081.0986279441931
2021-12-28 12:00:00+00:00,train,1069.2509945102706,1011.8476334339227,1081.0986279441931
2021-12-28 16:00:00+00:00,train,1069.2509945102706,1011.8476334339227,1081.0986279441931
2021-12-28 20:00:00+00:00,train,1069.2509945102706,1011.8476334339227,1081.0986279441931
2021-12-29 00:00:00+00:00,train,1069.2509945102706,1011.8476334339227,1081.0986279441931
2021-12-29 04:00:00+00:00,train,1069.2509945102706,1011.8476334339227,1081.0986279441931
2021-12-29 08:00:00+00:00,train,1069.2509945102706,1011.8476334339227,1081.0986279441931
2021-12-29 12:00:00+00:00,train,1069.2509945102706,1011.8476334339227,1081.0986279441931
2021-12-29 16:00:00+00:00,train,1069.2509945102706,1011.8476334339227,1081.0986279441931
2021-12-29 20:00:00+00:00,train,1069.2509945102706,1012.2417983197911,1081.4927928300617
2021-12-30 00:00:00+00:00,train,1069.2509945102706,1012.6359632056593,1081.8869577159298
2021-12-30 04:00:00+00:00,train,1069.2509945102706,1013.0301280915277,1082.2811226017984
2021-12-30 08:00:00+00:00,train,1069.2509945102706,1013.4242929773959,1082.6752874876665
2021-12-30 12:00:00+00:00,train,1069.2509945102706,1013.8184578632643,1083.0694523735347
2021-12-30 16:00:00+00:00,train,1069.2509945102706,1014.2126227491326,1083.4636172594032
2021-12-30 20:00:00+00:00,train,1069.2509945102706,1014.6067876350008,1083.8577821452714
2021-12-31 00:00:00+00:00,train,1069.2509945102706,1015.0009525208692,1084.25194703114
2021-12-31 04:00:00+00:00,train,1069.2509945102706,1015.3951174067374,1084.646111917008
2021-12-31 08:00:00+00:00,train,1069.2509945102706,1015.7892822926058,1085.0402768028762
2021-12-31 12:00:00+00:00,train,1069.2509945102706,1016.1834471784741,1085.4344416887448
2021-12-31 16:00:00+00:00,train,1069.2509945102706,1016.5776120643425,1085.8286065746133
2021-12-31 20:00:00+00:00,train,1069.2509945102706,1016.5776120643425,1085.8286065746133
2022-01-01 00:00:00+00:00,train,1070.0502235330666,1015.5391561215775,1085.5893796546443
2022-01-01 04:00:00+00:00,train,1070.8494525558626,1015.5391561215775,1086.38860867744
2022-01-01 08:00:00+00:00,train,1071.6486815786586,1015.5391561215775,1087.1878377002363
2022-01-01 12:00:00+00:00,train,1072.4479106014546,1015.0414915324138,1087.4894021338687
2022-01-01 16:00:00+00:00,train,1073.2471396242504,1014.5438269432502,1087.7909665675006
2022-01-01 20:00:00+00:00,train,1073.2471396242504,1014.5438269432502,1087.7909665675006
2022-01-02 00:00:00+00:00,train,1073.2471396242504,1014.5438269432502,1087.7909665675006
2022-01-02 04:00:00+00:00,train,1073.2471396242504,1014.5438269432502,1087.7909665675006
2022-01-02 08:00:00+00:00,train,1073.2471396242504,1014.5438269432502,1087.7909665675006
2022-01-02 12:00:00+00:00,train,1073.2471396242504,1014.5438269432502,1087.7909665675006
2022-01-02 16:00:00+00:00,train,1073.2471396242504,1013.6996735808964,1086.946813205147
2022-01-02 20:00:00+00:00,train,1073.2471396242504,1013.6996735808964,1086.946813205147
2022-01-03 00:00:00+00:00,train,1073.2471396242504,1013.6996735808964,1086.946813205147
2022-01-03 04:00:00+00:00,train,1073.2471396242504,1013.6996735808964,1086.946813205147
2022-01-03 08:00:00+00:00,train,1073.2471396242504,1012.8696925081744,1086.1168321324249
2022-01-03 12:00:00+00:00,train,1073.2471396242504,1012.8696925081744,1086.1168321324249
2022-01-03 16:00:00+00:00,train,1073.2471396242504,1012.8696925081744,1086.1168321324249
2022-01-03 20:00:00+00:00,train,1073.2471396242504,1012.6640906950367,1085.911230319287
2022-01-04 00:00:00+00:00,train,1073.2471396242504,1012.4584888818993,1085.7056285061499
2022-01-04 04:00:00+00:00,train,1071.0681394741962,1012.2528870687617,1083.321026542958
2022-01-04 08:00:00+00:00,train,1071.0681394741962,1012.047285255624,1083.11542472982
2022-01-04 12:00:00+00:00,train,1071.0681394741962,1012.047285255624,1083.11542472982
2022-01-04 16:00:00+00:00,train,1071.0681394741962,1012.047285255624,1083.11542472982
2022-01-04 20:00:00+00:00,train,1071.0681394741962,1012.7207857442609,1083.7889252184568
2022-01-05 00:00:00+00:00,train,1070.7187728322756,1013.3942862328976,1084.1130590651733
2022-01-05 04:00:00+00:00,train,1070.369406190355,1014.0677867215344,1084.4371929118893
2022-01-05 08:00:00+00:00,train,1070.0200395484344,1014.7412872101711,1084.7613267586057
2022-01-05 12:00:00+00:00,train,1069.6706729065138,1015.4147876988079,1085.0854606053217
2022-01-05 16:00:00+00:00,train,1069.3213062645932,1016.0882881874447,1085.4095944520377
2022-01-05 20:00:00+00:00,train,1069.3213062645932,1016.0882881874447,1085.4095944520377
2022-01-06 00:00:00+00:00,train,1069.3213062645932,1016.0882881874447,1085.4095944520377
2022-01-06 04:00:00+00:00,train,1069.3213062645932,1017.0722356451915,1086.3935419097847
2022-01-06 08:00:00+00:00,train,1069.3213062645932,1018.0561831029385,1087.3774893675318
2022-01-06 12:00:00+00:00,train,1069.3213062645932,1019.0401305606853,1088.3614368252784
2022-01-06 16:00:00+00:00,train,1069.3213062645932,1020.0240780184321,1089.3453842830254
2022-01-06 20:00:00+00:00,train,1069.3213062645932,1021.0080254761789,1090.329331740772
2022-01-07 00:00:00+00:00,train,1069.3213062645932,1021.9919729339257,1091.313279198519
2022-01-07 04:00:00+00:00,train,1069.3213062645932,1021.9919729339257,1091.313279198519
2022-01-07 08:00:00+00:00,train,1069.3213062645932,1021.9919729339257,1091.313279198519
2022-01-07 12:00:00+00:00,train,1069.3213062645932,1020.5467885088727,1089.868094773466
2022-01-07 16:00:00+00:00,train,1069.3213062645932,1020.5467885088727,1089.868094773466
2022-01-07 20:00:00+00:00,train,1069.3213062645932,1020.5467885088727,1089.868094773466
2022-01-08 00:00:00+00:00,train,1069.3213062645932,1019.7867932136215,1089.1080994782146
2022-01-08 04:00:00+00:00,train,1069.3213062645932,1019.0267979183703,1088.3481041829637
2022-01-08 08:00:00+00:00,train,1069.3213062645932,1019.0267979183703,1088.3481041829637
2022-01-08 12:00:00+00:00,train,1069.3213062645932,1019.0267979183703,1088.3481041829637
2022-01-08 16:00:00+00:00,train,1069.3213062645932,1026.4253898671996,1095.7466961317928
2022-01-08 20:00:00+00:00,train,1069.3213062645932,1026.4253898671996,1095.7466961317928
2022-01-09 00:00:00+00:00,train,1069.3213062645932,1024.7413882635594,1094.0626945281529
2022-01-09 04:00:00+00:00,train,1069.3213062645932,1024.7413882635594,1094.0626945281529
2022-01-09 08:00:00+00:00,train,1069.3213062645932,1024.7413882635594,1094.0626945281529
2022-01-09 12:00:00+00:00,train,1069.3213062645932,1023.9299455219573,1093.2512517865507
2022-01-09 16:00:00+00:00,train,1069.3213062645932,1023.1185027803552,1092.4398090449486
2022-01-09 20:00:00+00:00,train,1069.3213062645932,1023.1185027803552,1092.4398090449486
2022-01-10 00:00:00+00:00,train,1069.3213062645932,1023.1185027803552,1092.4398090449486
2022-01-10 04:00:00+00:00,train,1069.3213062645932,1021.6283870043067,1090.9496932688999
2022-01-10 08:00:00+00:00,train,1069.3213062645932,1021.6283870043067,1090.9496932688999
2022-01-10 12:00:00+00:00,train,1065.372279755403,1021.6283870043067,1087.00066675971
2022-01-10 16:00:00+00:00,train,1065.372279755403,1021.4216499645614,1086.7939297199646
2022-01-10 20:00:00+00:00,train,1065.372279755403,1021.2149129248162,1086.5871926802192
2022-01-11 00:00:00+00:00,train,1065.372279755403,1021.008175885071,1086.3804556404739
2022-01-11 04:00:00+00:00,train,1065.372279755403,1020.8014388453258,1086.173718600729
2022-01-11 08:00:00+00:00,train,1066.1140220583504,1020.5947018055806,1086.708723863931
2022-01-11 12:00:00+00:00,train,1066.855764361298,1020.3879647658354,1087.2437291271335
2022-01-11 16:00:00+00:00,train,1067.5975066642454,1020.1812277260901,1087.7787343903356
2022-01-11 20:00:00+00:00,train,1068.3392489671928,1020.1812277260901,1088.520476693283
2022-01-12 00:00:00+00:00,train,1069.0809912701402,1020.1812277260901,1089.2622189962303
2022-01-12 04:00:00+00:00,train,1069.8227335730878,1020.1812277260901,1090.0039612991777
2022-01-12 08:00:00+00:00,train,1070.5644758760352,1018.8629166496735,1089.4273925257085
2022-01-12 12:00:00+00:00,train,1071.3062181789826,1018.8629166496735,1090.1691348286558
2022-01-12 16:00:00+00:00,train,1071.3062181789826,1018.8629166496735,1090.1691348286558
2022-01-12 20:00:00+00:00,train,1071.3062181789826,1018.8629166496735,1090.1691348286558
2022-01-13 00:00:00+00:00,train,1070.9644718596721,1018.8629166496735,1089.8273885093458
2022-01-13 04:00:00+00:00,train,1070.6227255403617,1018.8629166496735,1089.485642190035
2022-01-13 08:00:00+00:00,train,1070.2809792210512,1018.8629166496735,1089.143895870725
2022-01-13 12:00:00+00:00,train,1069.939232901741,1018.8629166496735,1088.8021495514145
2022-01-13 16:00:00+00:00,train,1069.5974865824305,1018.8629166496735,1088.460403232104
2022-01-13 20:00:00+00:00,train,1069.5974865824305,1018.8629166496735,1088.460403232104
2022-01-14 00:00:00+00:00,train,1069.5974865824305,1018.8629166496735,1088.460403232104
2022-01-14 04:00:00+00:00,train,1068.5291277854546,1018.8629166496735,1087.392044435128
2022-01-14 08:00:00+00:00,train,1067.4607689884785,1018.8629166496735,1086.3236856381518
2022-01-14 12:00:00+00:00,train,1067.4607689884785,1017.5857511606275,1085.046520149106
2022-01-14 16:00:00+00:00,train,1067.4607689884785,1017.5857511606275,1085.046520149106
2022-01-14 20:00:00+00:00,train,1067.4607689884785,1017.5857511606275,1085.046520149106
2022-01-15 00:00:00+00:00,train,1067.4607689884785,1017.5857511606275,1085.046520149106
2022-01-15 04:00:00+00:00,train,1067.4607689884785,1017.1708152260354,1084.631584214514
2022-01-15 08:00:00+00:00,train,1067.4607689884785,1016.7558792914434,1084.216648279922
2022-01-15 12:00:00+00:00,train,1067.4607689884785,1016.3409433568513,1083.80171234533
2022-01-15 16:00:00+00:00,train,1067.3902187025706,1016.3409433568513,1083.7311620594219
2022-01-15 20:00:00+00:00,train,1067.3196684166624,1016.3409433568513,1083.6606117735137
2022-01-16 00:00:00+00:00,train,1067.2491181307544,1016.3409433568513,1083.5900614876055
2022-01-16 04:00:00+00:00,train,1067.1785678448462,1016.3409433568513,1083.5195112016972
2022-01-16 08:00:00+00:00,train,1067.1080175589382,1016.3409433568513,1083.4489609157895
2022-01-16 12:00:00+00:00,train,1067.03746727303,1016.3409433568513,1083.3784106298813
2022-01-16 16:00:00+00:00,train,1066.966916987122,1016.3409433568513,1083.3078603439735
2022-01-16 20:00:00+00:00,train,1066.8963667012138,1016.3409433568513,1083.2373100580653
2022-01-17 00:00:00+00:00,train,1066.8258164153058,1016.3409433568513,1083.166759772157
2022-01-17 04:00:00+00:00,train,1066.8258164153058,1016.3409433568513,1083.166759772157
2022-01-17 08:00:00+00:00,train,1066.8258164153058,1016.3409433568513,1083.166759772157
2022-01-17 12:00:00+00:00,train,1066.8258164153058,1017.0589996113009,1083.8848160266066
2022-01-17 16:00:00+00:00,train,1066.8258164153058,1017.7770558657504,1084.602872281056
2022-01-17 20:00:00+00:00,train,1066.8258164153058,1018.4951121202,1085.320928535506
2022-01-18 00:00:00+00:00,train,1066.8258164153058,1019.2131683746496,1086.0389847899555
2022-01-18 04:00:00+00:00,train,1066.8258164153058,1019.9312246290991,1086.757041044405
2022-01-18 08:00:00+00:00,train,1066.8258164153058,1020.6492808835487,1087.4750972988545
2022-01-18 12:00:00+00:00,train,1066.8258164153058,1021.3673371379982,1088.193153553304
2022-01-18 16:00:00+00:00,train,1066.8258164153058,1021.3673371379982,1088.193153553304
2022-01-18 20:00:00+00:00,train,1066.8258164153058,1020.4002233773674,1087.226039792673
2022-01-19 00:00:00+00:00,train,1066.8258164153058,1020.4002233773674,1087.226039792673
2022-01-19 04:00:00+00:00,train,1066.8258164153058,1020.4002233773674,1087.226039792673
2022-01-19 08:00:00+00:00,train,1066.8258164153058,1020.268750482549,1087.0945668978547
2022-01-19 12:00:00+00:00,train,1066.8258164153058,1020.1372775877304,1086.963094003036
2022-01-19 16:00:00+00:00,train,1066.8258164153058,1020.005804692912,1086.8316211082179
2022-01-19 20:00:00+00:00,train,1066.8258164153058,1019.8743317980935,1086.7001482133992
2022-01-20 00:00:00+00:00,train,1066.8258164153058,1019.742858903275,1086.568675318581
2022-01-20 04:00:00+00:00,train,1066.8258164153058,1019.6113860084565,1086.4372024237623
2022-01-20 08:00:00+00:00,train,1066.8258164153058,1019.4799131136381,1086.3057295289436
2022-01-20 12:00:00+00:00,train,1066.8258164153058,1019.3484402188195,1086.1742566341254
2022-01-20 16:00:00+00:00,train,1066.8258164153058,1019.3484402188195,1086.1742566341254
2022-01-20 20:00:00+00:00,train,1066.8258164153058,1019.3484402188195,1086.1742566341254
2022-01-21 00:00:00+00:00,train,1066.8258164153058,1019.3484402188195,1086.1742566341254
2022-01-21 04:00:00+00:00,train,1066.8258164153058,1021.6074407991167,1088.4332572144226
2022-01-21 08:00:00+00:00,train,1066.8258164153058,1023.8664413794138,1090.6922577947198
2022-01-21 12:00:00+00:00,train,1066.8258164153058,1026.125441959711,1092.9512583750166
2022-01-21 16:00:00+00:00,train,1066.8258164153058,1026.125441959711,1092.9512583750166
2022-01-21 20:00:00+00:00,train,1066.8258164153058,1024.5944008093898,1091.4202172246955
2022-01-22 00:00:00+00:00,train,1066.8258164153058,1024.5944008093898,1091.4202172246955
2022-01-22 04:00:00+00:00,train,1066.8258164153058,1024.5944008093898,1091.4202172246955
2022-01-22 08:00:00+00:00,train,1066.8258164153058,1034.9207496516447,1101.7465660669504
2022-01-22 12:00:00+00:00,train,1066.8258164153058,1034.9207496516447,1101.7465660669504
2022-01-22 16:00:00+00:00,train,1066.8258164153058,1032.1382142703956,1098.9640306857013
2022-01-22 20:00:00+00:00,train,1066.8258164153058,1032.1382142703956,1098.9640306857013
2022-01-23 00:00:00+00:00,train,1066.8258164153058,1029.3155909416205,1096.1414073569263
2022-01-23 04:00:00+00:00,train,1066.8258164153058,1029.3155909416205,1096.1414073569263
2022-01-23 08:00:00+00:00,train,1066.8258164153058,1026.6845522549263,1093.5103686702323
2022-01-23 12:00:00+00:00,train,1066.8258164153058,1026.6845522549263,1093.5103686702323
2022-01-23 16:00:00+00:00,train,1066.8258164153058,1026.6845522549263,1093.5103686702323
2022-01-23 20:00:00+00:00,train,1066.8258164153058,1024.058830868676,1090.8846472839818
2022-01-24 00:00:00+00:00,train,1066.8258164153058,1024.058830868676,1090.8846472839818
2022-01-24 04:00:00+00:00,train,1066.8258164153058,1024.058830868676,1090.8846472839818
2022-01-24 08:00:00+00:00,train,1066.8258164153058,1023.3500039477404,1090.1758203630461
2022-01-24 12:00:00+00:00,train,1066.8258164153058,1022.6411770268047,1089.4669934421104
2022-01-24 16:00:00+00:00,train,1066.8258164153058,1021.9323501058691,1088.7581665211746
2022-01-24 20:00:00+00:00,train,1066.8258164153058,1021.2235231849332,1088.049339600239
2022-01-25 00:00:00+00:00,train,1066.8258164153058,1021.2235231849332,1088.049339600239
2022-01-25 04:00:00+00:00,train,1066.8258164153058,1021.2235231849332,1088.049339600239
2022-01-25 08:00:00+00:00,train,1066.8258164153058,1018.3824594690091,1085.2082758843148
2022-01-25 12:00:00+00:00,train,1066.8258164153058,1018.3824594690091,1085.2082758843148
2022-01-25 16:00:00+00:00,train,1066.8258164153058,1015.8393134514396,1082.6651298667452
2022-01-25 20:00:00+00:00,train,1066.8258164153058,1015.8393134514396,1082.6651298667452
2022-01-26 00:00:00+00:00,train,1066.8258164153058,1015.8393134514396,1082.6651298667452
2022-01-26 04:00:00+00:00,train,1066.8258164153058,1013.376148536757,1080.2019649520626
2022-01-26 08:00:00+00:00,train,1066.8258164153058,1013.376148536757,1080.2019649520626
2022-01-26 12:00:00+00:00,train,1066.8258164153058,1013.376148536757,1080.2019649520626
2022-01-26 16:00:00+00:00,train,1066.8258164153058,1013.376148536757,1080.2019649520626
2022-01-26 20:00:00+00:00,train,1066.8258164153058,1013.376148536757,1080.2019649520626
2022-01-27 00:00:00+00:00,train,1066.8258164153058,1013.376148536757,1080.2019649520626
2022-01-27 04:00:00+00:00,train,1066.8258164153058,1012.5529166025551,1079.3787330178611
2022-01-27 08:00:00+00:00,train,1066.8258164153058,1011.7296846683532,1078.5555010836588
2022-01-27 12:00:00+00:00,train,1066.8258164153058,1010.9064527341513,1077.7322691494574
2022-01-27 16:00:00+00:00,train,1066.8258164153058,1010.9064527341513,1077.7322691494574
2022-01-27 20:00:00+00:00,train,1066.8258164153058,1010.9064527341513,1077.7322691494574
2022-01-28 00:00:00+00:00,train,1066.8258164153058,1008.5920543299176,1075.4178707452234
2022-01-28 04:00:00+00:00,train,1066.8258164153058,1008.5920543299176,1075.4178707452234
2022-01-28 08:00:00+00:00,train,1066.8258164153058,1008.5920543299176,1075.4178707452234
2022-01-28 12:00:00+00:00,train,1066.8258164153058,1008.5920543299176,1075.4178707452234
2022-01-28 16:00:00+00:00,train,1066.8258164153058,1006.4916653786398,1073.3174817939457
2022-01-28 20:00:00+00:00,train,1066.8258164153058,1006.4916653786398,1073.3174817939457
2022-01-29 00:00:00+00:00,train,1066.8258164153058,1004.5024435345296,1071.3282599498352
2022-01-29 04:00:00+00:00,train,1066.8258164153058,1004.5024435345296,1071.3282599498352
2022-01-29 08:00:00+00:00,train,1066.8258164153058,1004.5024435345296,1071.3282599498352
2022-01-29 12:00:00+00:00,train,1066.8258164153058,1004.5024435345296,1071.3282599498352
2022-01-29 16:00:00+00:00,train,1066.8258164153058,1004.5024435345296,1071.3282599498352
2022-01-29 20:00:00+00:00,train,1066.8258164153058,1004.5024435345296,1071.3282599498352
2022-01-30 00:00:00+00:00,train,1066.8258164153058,1004.5024435345296,1071.3282599498352
2022-01-30 04:00:00+00:00,train,1066.8258164153058,1004.5024435345296,1071.3282599498352
2022-01-30 08:00:00+00:00,train,1066.8258164153058,1004.5024435345296,1071.3282599498352
2022-01-30 12:00:00+00:00,train,1066.8258164153058,1004.5024435345296,1071.3282599498352
2022-01-30 16:00:00+00:00,train,1066.8258164153058,1004.5024435345296,1071.3282599498352
2022-01-30 20:00:00+00:00,train,1066.8258164153058,1004.5024435345296,1071.3282599498352
2022-01-31 00:00:00+00:00,train,1066.8258164153058,1004.5024435345296,1071.3282599498352
2022-01-31 04:00:00+00:00,train,1066.8258164153058,1003.9831229204249,1070.8089393357304
2022-01-31 08:00:00+00:00,train,1066.8258164153058,1003.4638023063203,1070.289618721626
2022-01-31 12:00:00+00:00,train,1066.8258164153058,1002.9444816922156,1069.7702981075213
2022-01-31 16:00:00+00:00,train,1072.6494071310922,1002.9444816922156,1075.5938888233077
2022-01-31 20:00:00+00:00,train,1072.6494071310922,1002.9444816922156,1075.5938888233077
2022-02-01 00:00:00+00:00,train,1078.2428825191291,1002.9444816922156,1081.1873642113446
2022-02-01 04:00:00+00:00,train,1078.2428825191291,1002.9444816922156,1081.1873642113446
2022-02-01 08:00:00+00:00,train,1078.2428825191291,1002.9444816922156,1081.1873642113446
2022-02-01 12:00:00+00:00,train,1081.0845699197027,1002.9444816922156,1084.0290516119185
2022-02-01 16:00:00+00:00,train,1083.9262573202764,1002.9444816922156,1086.8707390124919
2022-02-01 20:00:00+00:00,train,1083.9262573202764,1002.9444816922156,1086.8707390124919
2022-02-02 00:00:00+00:00,train,1083.9262573202764,1002.9444816922156,1086.8707390124919
2022-02-02 04:00:00+00:00,train,1082.6533141938633,1002.9444816922156,1085.597795886079
2022-02-02 08:00:00+00:00,train,1081.3803710674501,1002.9444816922156,1084.3248527596656
2022-02-02 12:00:00+00:00,train,1080.1074279410368,1002.9444816922156,1083.0519096332523
2022-02-02 16:00:00+00:00,train,1080.1074279410368,1002.9444816922156,1083.0519096332523
2022-02-02 20:00:00+00:00,train,1080.1074279410368,1002.9444816922156,1083.0519096332523
2022-02-03 00:00:00+00:00,train,1080.1074279410368,1002.9444816922156,1083.0519096332523
2022-02-03 04:00:00+00:00,train,1080.1074279410368,1002.9444816922156,1083.0519096332523
2022-02-03 08:00:00+00:00,train,1080.1074279410368,1002.9444816922156,1083.0519096332523
2022-02-03 12:00:00+00:00,train,1080.1074279410368,1002.9444816922156,1083.0519096332523
2022-02-03 16:00:00+00:00,train,1080.1074279410368,1002.9444816922156,1083.0519096332523
2022-02-03 20:00:00+00:00,train,1080.1074279410368,1002.9444816922156,1083.0519096332523
2022-02-04 00:00:00+00:00,train,1080.1074279410368,1002.9444816922156,1083.0519096332523
2022-02-04 04:00:00+00:00,train,1080.1074279410368,1002.9444816922156,1083.0519096332523
2022-02-04 08:00:00+00:00,train,1080.1074279410368,1002.9444816922156,1083.0519096332523
2022-02-04 12:00:00+00:00,train,1080.1074279410368,1002.9444816922156,1083.0519096332523
2022-02-04 16:00:00+00:00,train,1080.1074279410368,1002.9444816922156,1083.0519096332523
2022-02-04 20:00:00+00:00,train,1080.1074279410368,1002.9444816922156,1083.0519096332523
2022-02-05 00:00:00+00:00,train,1080.1074279410368,1002.9444816922156,1083.0519096332523
2022-02-05 04:00:00+00:00,train,1080.1074279410368,1002.9444816922156,1083.0519096332523
2022-02-05 08:00:00+00:00,train,1079.3012772664792,1002.9444816922156,1082.2457589586948
2022-02-05 12:00:00+00:00,train,1078.495126591922,1002.9444816922156,1081.4396082841376
2022-02-05 16:00:00+00:00,train,1077.6889759173644,1002.9444816922156,1080.63345760958
2022-02-05 20:00:00+00:00,train,1077.6889759173644,1002.9444816922156,1080.63345760958
2022-02-06 00:00:00+00:00,train,1077.6889759173644,1002.9444816922156,1080.63345760958
2022-02-06 04:00:00+00:00,train,1078.3401745578942,1002.9444816922156,1081.28465625011
2022-02-06 08:00:00+00:00,train,1078.9913731984238,1002.9444816922156,1081.9358548906393
2022-02-06 12:00:00+00:00,train,1079.6425718389537,1002.9444816922156,1082.5870535311692
2022-02-06 16:00:00+00:00,train,1080.2937704794836,1002.9444816922156,1083.238252171699
2022-02-06 20:00:00+00:00,train,1080.9449691200132,1002.9444816922156,1083.889450812229
2022-02-07 00:00:00+00:00,train,1081.596167760543,1002.9444816922156,1084.5406494527588
2022-02-07 04:00:00+00:00,train,1082.247366401073,1002.9444816922156,1085.1918480932886
2022-02-07 08:00:00+00:00,train,1082.8985650416025,1002.9444816922156,1085.843046733818
2022-02-07 12:00:00+00:00,train,1083.5497636821324,1002.9444816922156,1086.4942453743479
2022-02-07 16:00:00+00:00,train,1083.5497636821324,1002.9444816922156,1086.4942453743479
2022-02-07 20:00:00+00:00,train,1083.5497636821324,1002.9444816922156,1086.4942453743479
2022-02-08 00:00:00+00:00,train,1083.5497636821324,1002.9444816922156,1086.4942453743479
2022-02-08 04:00:00+00:00,train,1082.1086839176867,1002.9444816922156,1085.0531656099024
2022-02-08 08:00:00+00:00,train,1080.6676041532412,1002.9444816922156,1083.612085845457
2022-02-08 12:00:00+00:00,train,1080.6676041532412,1002.9444816922156,1083.612085845457
2022-02-08 16:00:00+00:00,train,1080.6676041532412,1002.9444816922156,1083.612085845457
2022-02-08 20:00:00+00:00,train,1080.5406017899488,1002.9444816922156,1083.4850834821646
2022-02-09 00:00:00+00:00,train,1080.4135994266564,1002.9444816922156,1083.3580811188722
2022-02-09 04:00:00+00:00,train,1080.286597063364,1002.9444816922156,1083.2310787555798
2022-02-09 08:00:00+00:00,train,1080.159594700072,1002.9444816922156,1083.1040763922874
2022-02-09 12:00:00+00:00,train,1080.0325923367795,1002.9444816922156,1082.977074028995
2022-02-09 16:00:00+00:00,train,1079.9055899734872,1002.9444816922156,1082.8500716657027
2022-02-09 20:00:00+00:00,train,1079.7785876101948,1002.9444816922156,1082.7230693024103
2022-02-10 00:00:00+00:00,train,1079.6515852469024,1002.9444816922156,1082.596066939118
2022-02-10 04:00:00+00:00,train,1079.6515852469024,1002.9444816922156,1082.596066939118
2022-02-10 08:00:00+00:00,train,1079.6515852469024,1002.9444816922156,1082.596066939118
2022-02-10 12:00:00+00:00,train,1079.6515852469024,1002.9444816922156,1082.596066939118
2022-02-10 16:00:00+00:00,train,1079.6515852469024,1002.9444816922156,1082.596066939118
2022-02-10 20:00:00+00:00,train,1079.6515852469024,1002.9444816922156,1082.596066939118
2022-02-11 00:00:00+00:00,train,1079.6515852469024,1002.9444816922156,1082.596066939118
2022-02-11 04:00:00+00:00,train,1079.6515852469024,1002.9444816922156,1082.596066939118
2022-02-11 08:00:00+00:00,train,1079.6515852469024,1002.9444816922156,1082.596066939118
2022-02-11 12:00:00+00:00,train,1079.6515852469024,1002.9444816922156,1082.596066939118
2022-02-11 16:00:00+00:00,train,1079.6515852469024,1002.9444816922156,1082.596066939118
2022-02-11 20:00:00+00:00,train,1079.6515852469024,1002.9444816922156,1082.596066939118
2022-02-12 00:00:00+00:00,train,1079.6515852469024,1003.6595928247075,1083.31117807161
2022-02-12 04:00:00+00:00,train,1079.6515852469024,1004.3747039571994,1084.0262892041019
2022-02-12 08:00:00+00:00,train,1079.6515852469024,1005.0898150896912,1084.7414003365939
2022-02-12 12:00:00+00:00,train,1079.6515852469024,1005.8049262221831,1085.4565114690854
2022-02-12 16:00:00+00:00,train,1079.6515852469024,1006.520037354675,1086.1716226015774
2022-02-12 20:00:00+00:00,train,1079.6515852469024,1007.2351484871668,1086.8867337340694
2022-02-13 00:00:00+00:00,train,1079.6515852469024,1007.9502596196587,1087.601844866561
2022-02-13 04:00:00+00:00,train,1079.6515852469024,1008.6653707521507,1088.3169559990529
2022-02-13 08:00:00+00:00,train,1079.6515852469024,1009.3804818846426,1089.0320671315449
2022-02-13 12:00:00+00:00,train,1079.6515852469024,1010.0955930171344,1089.7471782640368
2022-02-13 16:00:00+00:00,train,1076.039411890869,1010.8107041496263,1086.8501160404953
2022-02-13 20:00:00+00:00,train,1076.039411890869,1010.8107041496263,1086.8501160404953
2022-02-14 00:00:00+00:00,train,1076.039411890869,1010.8107041496263,1086.8501160404953
2022-02-14 04:00:00+00:00,train,1077.8032788663074,1009.452663933486,1087.2559427997935
2022-02-14 08:00:00+00:00,train,1079.567145841746,1009.452663933486,1089.0198097752318
2022-02-14 12:00:00+00:00,train,1081.3310128171843,1009.452663933486,1090.78367675067
2022-02-14 16:00:00+00:00,train,1081.3310128171843,1008.1221587583792,1089.4531715755634
2022-02-14 20:00:00+00:00,train,1081.3310128171843,1008.1221587583792,1089.4531715755634
2022-02-15 00:00:00+00:00,train,1086.7659239859172,1006.7563747568157,1093.5222987427328
2022-02-15 04:00:00+00:00,train,1086.7659239859172,1006.7563747568157,1093.5222987427328
2022-02-15 08:00:00+00:00,train,1086.7659239859172,1006.7563747568157,1093.5222987427328
2022-02-15 12:00:00+00:00,train,1086.5381775140982,1006.7563747568157,1093.2945522709138
2022-02-15 16:00:00+00:00,train,1086.3104310422789,1006.7563747568157,1093.0668057990947
2022-02-15 20:00:00+00:00,train,1086.0826845704598,1006.7563747568157,1092.8390593272757
2022-02-16 00:00:00+00:00,train,1085.8549380986406,1006.7563747568157,1092.6113128554562
2022-02-16 04:00:00+00:00,train,1085.6271916268215,1006.7563747568157,1092.3835663836371
2022-02-16 08:00:00+00:00,train,1085.3994451550025,1006.7563747568157,1092.155819911818
2022-02-16 12:00:00+00:00,train,1085.1716986831832,1006.7563747568157,1091.928073439999
2022-02-16 16:00:00+00:00,train,1085.1716986831832,1005.4272391225617,1090.5989378057448
2022-02-16 20:00:00+00:00,train,1085.1716986831832,1005.4272391225617,1090.5989378057448
2022-02-17 00:00:00+00:00,train,1085.1716986831832,1005.4272391225617,1090.5989378057448
2022-02-17 04:00:00+00:00,train,1085.1716986831832,1004.0872400878627,1089.258938771046
2022-02-17 08:00:00+00:00,train,1085.1716986831832,1004.0872400878627,1089.258938771046
2022-02-17 12:00:00+00:00,train,1085.1716986831832,1004.0872400878627,1089.258938771046
2022-02-17 16:00:00+00:00,train,1085.1716986831832,1005.2972117799042,1090.4689104630875
2022-02-17 20:00:00+00:00,train,1085.1716986831832,1006.5071834719457,1091.678882155129
2022-02-18 00:00:00+00:00,train,1085.1716986831832,1007.7171551639872,1092.8888538471701
2022-02-18 04:00:00+00:00,train,1085.1716986831832,1008.9271268560287,1094.0988255392122
2022-02-18 08:00:00+00:00,train,1085.1716986831832,1010.1370985480702,1095.3087972312533
2022-02-18 12:00:00+00:00,train,1085.1716986831832,1011.3470702401117,1096.5187689232948
2022-02-18 16:00:00+00:00,train,1085.1716986831832,1011.3470702401117,1096.5187689232948
2022-02-18 20:00:00+00:00,train,1085.1716986831832,1011.3470702401117,1096.5187689232948
2022-02-19 00:00:00+00:00,train,1085.1716986831832,1010.641552113329,1095.813250796512
2022-02-19 04:00:00+00:00,train,1085.1716986831832,1009.9360339865462,1095.1077326697296
2022-02-19 08:00:00+00:00,train,1085.1716986831832,1009.9360339865462,1095.1077326697296
2022-02-19 12:00:00+00:00,train,1085.1716986831832,1008.593351331597,1093.7650500147802
2022-02-19 16:00:00+00:00,train,1085.1716986831832,1008.593351331597,1093.7650500147802
2022-02-19 20:00:00+00:00,train,1085.1716986831832,1007.2939200110999,1092.465618694283
2022-02-20 00:00:00+00:00,train,1085.1716986831832,1007.2939200110999,1092.465618694283
2022-02-20 04:00:00+00:00,train,1085.1716986831832,1007.2939200110999,1092.465618694283
2022-02-20 08:00:00+00:00,train,1086.8655290075785,1005.9849054506899,1092.8504344582684
2022-02-20 12:00:00+00:00,train,1088.5593593319738,1005.9849054506899,1094.544264782664
2022-02-20 16:00:00+00:00,train,1090.2531896563692,1004.6393300647837,1094.892519721153
2022-02-20 20:00:00+00:00,train,1090.2531896563692,1004.6393300647837,1094.892519721153
2022-02-21 00:00:00+00:00,train,1090.2531896563692,1003.272098573274,1093.5252882296431
2022-02-21 04:00:00+00:00,train,1090.2531896563692,1003.272098573274,1093.5252882296431
2022-02-21 08:00:00+00:00,train,1090.2531896563692,1003.272098573274,1093.5252882296431
2022-02-21 12:00:00+00:00,train,1090.2531896563692,1001.7456907141554,1091.9988803705246
2022-02-21 16:00:00+00:00,train,1090.2531896563692,1001.7456907141554,1091.9988803705246
2022-02-21 20:00:00+00:00,train,1090.2531896563692,1001.7456907141554,1091.9988803705246
2022-02-22 00:00:00+00:00,train,1090.2531896563692,1001.5441098716756,1091.7972995280447
2022-02-22 04:00:00+00:00,train,1090.2531896563692,1001.3425290291957,1091.5957186855649
2022-02-22 08:00:00+00:00,train,1090.2531896563692,1001.1409481867158,1091.394137843085
2022-02-22 12:00:00+00:00,train,1090.2531896563692,1000.9393673442358,1091.1925570006051
2022-02-22 16:00:00+00:00,train,1090.2531896563692,1000.737786501756,1090.9909761581252
2022-02-22 20:00:00+00:00,train,1090.2531896563692,1000.5362056592761,1090.7893953156454
2022-02-23 00:00:00+00:00,train,1092.3625108050226,1000.3346248167962,1092.6971356218187
2022-02-23 04:00:00+00:00,train,1094.471831953676,1000.1330439743164,1094.6048759279925
2022-02-23 08:00:00+00:00,train,1096.5811531023294,1000.1330439743164,1096.7141970766456
2022-02-23 12:00:00+00:00,train,1096.5811531023294,1000.1330439743164,1096.7141970766456
2022-02-23 16:00:00+00:00,train,1096.5811531023294,1000.1330439743164,1096.7141970766456
2022-02-23 20:00:00+00:00,train,1096.5811531023294,1000.1330439743164,1096.7141970766456
2022-02-24 00:00:00+00:00,train,1096.5811531023294,1008.4442578961213,1105.0254109984508
2022-02-24 04:00:00+00:00,train,1096.5811531023294,1008.4442578961213,1105.0254109984508
2022-02-24 08:00:00+00:00,train,1096.5811531023294,1008.4442578961213,1105.0254109984508
2022-02-24 12:00:00+00:00,train,1096.5811531023294,1006.3879465079903,1102.9690996103195
2022-02-24 16:00:00+00:00,train,1096.5811531023294,1006.3879465079903,1102.9690996103195
2022-02-24 20:00:00+00:00,train,1096.5811531023294,1006.3879465079903,1102.9690996103195
2022-02-25 00:00:00+00:00,train,1096.5811531023294,1006.3879465079903,1102.9690996103195
2022-02-25 04:00:00+00:00,train,1096.5811531023294,1006.3879465079903,1102.9690996103195
2022-02-25 08:00:00+00:00,train,1096.5811531023294,1006.3879465079903,1102.9690996103195
2022-02-25 12:00:00+00:00,train,1096.5811531023294,1006.3879465079903,1102.9690996103195
2022-02-25 16:00:00+00:00,train,1096.5811531023294,1006.3879465079903,1102.9690996103195
2022-02-25 20:00:00+00:00,train,1096.5811531023294,1006.3879465079903,1102.9690996103195
2022-02-26 00:00:00+00:00,train,1096.5811531023294,1006.3879465079903,1102.9690996103195
2022-02-26 04:00:00+00:00,train,1096.5811531023294,1006.3879465079903,1102.9690996103195
2022-02-26 08:00:00+00:00,train,1096.5811531023294,1006.3879465079903,1102.9690996103195
2022-02-26 12:00:00+00:00,train,1096.5811531023294,1006.3879465079903,1102.9690996103195
2022-02-26 16:00:00+00:00,train,1096.5811531023294,1006.3879465079903,1102.9690996103195
2022-02-26 20:00:00+00:00,train,1096.5811531023294,1006.3879465079903,1102.9690996103195
2022-02-27 00:00:00+00:00,train,1092.0234778910553,1006.3879465079903,1098.4114243990457
2022-02-27 04:00:00+00:00,train,1092.0234778910553,1004.6690529943608,1096.692530885416
2022-02-27 08:00:00+00:00,train,1092.0234778910553,1004.6690529943608,1096.692530885416
2022-02-27 12:00:00+00:00,train,1090.5442184228752,1004.6690529943608,1095.2132714172358
2022-02-27 16:00:00+00:00,train,1089.064958954695,1004.6690529943608,1093.7340119490555
2022-02-27 20:00:00+00:00,train,1089.064958954695,1002.8921881297792,1091.957147084474
2022-02-28 00:00:00+00:00,train,1089.064958954695,1002.8921881297792,1091.957147084474
2022-02-28 04:00:00+00:00,train,1091.34069445865,1002.8921881297792,1094.2328825884292
2022-02-28 08:00:00+00:00,train,1093.616429962605,1002.8921881297792,1096.5086180923845
2022-02-28 12:00:00+00:00,train,1095.89216546656,1002.8921881297792,1098.7843535963393
2022-02-28 16:00:00+00:00,train,1095.89216546656,1002.8921881297792,1098.7843535963393
2022-02-28 20:00:00+00:00,train,1095.89216546656,1002.8921881297792,1098.7843535963393
2022-03-01 00:00:00+00:00,train,1095.89216546656,1002.8921881297792,1098.7843535963393
2022-03-01 04:00:00+00:00,train,1095.89216546656,1002.8921881297792,1098.7843535963393
2022-03-01 08:00:00+00:00,train,1095.89216546656,1002.8921881297792,1098.7843535963393
2022-03-01 12:00:00+00:00,train,1097.5004004917073,1002.8921881297792,1100.3925886214865
2022-03-01 16:00:00+00:00,train,1099.1086355168547,1002.8921881297792,1102.0008236466338
2022-03-01 20:00:00+00:00,train,1100.716870542002,1002.8921881297792,1103.609058671781
2022-03-02 00:00:00+00:00,train,1102.3251055671492,1002.8921881297792,1105.2172936969282
2022-03-02 04:00:00+00:00,train,1102.3251055671492,1002.8921881297792,1105.2172936969282
2022-03-02 08:00:00+00:00,train,1102.3251055671492,1002.8921881297792,1105.2172936969282
2022-03-02 12:00:00+00:00,train,1102.3251055671492,1002.8921881297792,1105.2172936969282
2022-03-02 16:00:00+00:00,train,1102.3251055671492,1002.8921881297792,1105.2172936969282
2022-03-02 20:00:00+00:00,train,1102.3251055671492,1002.8921881297792,1105.2172936969282
2022-03-03 00:00:00+00:00,train,1102.3251055671492,1002.8921881297792,1105.2172936969282
2022-03-03 04:00:00+00:00,train,1102.3251055671492,1002.8921881297792,1105.2172936969282
2022-03-03 08:00:00+00:00,train,1102.3251055671492,1002.8921881297792,1105.2172936969282
2022-03-03 12:00:00+00:00,train,1102.3251055671492,1002.8921881297792,1105.2172936969282
2022-03-03 16:00:00+00:00,train,1102.3251055671492,1002.8921881297792,1105.2172936969282
2022-03-03 20:00:00+00:00,train,1102.3251055671492,1002.8921881297792,1105.2172936969282
2022-03-04 00:00:00+00:00,train,1102.3251055671492,1002.8921881297792,1105.2172936969282
2022-03-04 04:00:00+00:00,train,1102.3251055671492,1002.8921881297792,1105.2172936969282
2022-03-04 08:00:00+00:00,train,1101.304246339937,1002.8921881297792,1104.1964344697162
2022-03-04 12:00:00+00:00,train,1100.2833871127248,1002.8921881297792,1103.1755752425042
2022-03-04 16:00:00+00:00,train,1099.2625278855126,1002.8921881297792,1102.1547160152918
2022-03-04 20:00:00+00:00,train,1098.2416686583003,1002.8921881297792,1101.1338567880794
2022-03-05 00:00:00+00:00,train,1098.2416686583003,1002.8921881297792,1101.1338567880794
2022-03-05 04:00:00+00:00,train,1098.2416686583003,1002.8921881297792,1101.1338567880794
2022-03-05 08:00:00+00:00,train,1097.910122076184,1002.8921881297792,1100.8023102059633
2022-03-05 12:00:00+00:00,train,1097.5785754940678,1002.1474123875026,1099.7259878815703
2022-03-05 16:00:00+00:00,train,1097.2470289119515,1001.402636645226,1098.6496655571773
2022-03-05 20:00:00+00:00,train,1096.9154823298352,1001.402636645226,1098.3181189750612
2022-03-06 00:00:00+00:00,train,1096.583935747719,1001.402636645226,1097.9865723929452
2022-03-06 04:00:00+00:00,train,1096.2523891656026,1002.5262296513228,1098.7786188169252
2022-03-06 08:00:00+00:00,train,1095.9208425834863,1003.6498226574195,1099.5706652409058
2022-03-06 12:00:00+00:00,train,1095.9208425834863,1004.7734156635162,1100.6942582470024
2022-03-06 16:00:00+00:00,train,1095.9208425834863,1005.8970086696129,1101.8178512530994
2022-03-06 20:00:00+00:00,train,1095.9208425834863,1007.0206016757096,1102.941444259196
2022-03-07 00:00:00+00:00,train,1095.9208425834863,1008.1441946818063,1104.0650372652926
2022-03-07 04:00:00+00:00,train,1095.9208425834863,1008.1441946818063,1104.0650372652926
2022-03-07 08:00:00+00:00,train,1095.9208425834863,1006.8196557883898,1102.7404983718761
2022-03-07 12:00:00+00:00,train,1095.9208425834863,1006.8196557883898,1102.7404983718761
2022-03-07 16:00:00+00:00,train,1095.9208425834863,1006.8196557883898,1102.7404983718761
2022-03-07 20:00:00+00:00,train,1095.9208425834863,1005.3755690480584,1101.2964116315447
2022-03-08 00:00:00+00:00,train,1097.0529169323418,1005.3755690480584,1102.4284859804002
2022-03-08 04:00:00+00:00,train,1098.1849912811972,1005.3755690480584,1103.5605603292556
2022-03-08 08:00:00+00:00,train,1099.3170656300529,1003.9757358366984,1103.2928014667514
2022-03-08 12:00:00+00:00,train,1100.4491399789083,1003.9757358366984,1104.4248758156068
2022-03-08 16:00:00+00:00,train,1101.5812143277637,1003.9757358366984,1105.5569501644623
2022-03-08 20:00:00+00:00,train,1101.5812143277637,1003.9757358366984,1105.5569501644623
2022-03-09 00:00:00+00:00,train,1106.7910643743867,1002.6091550818855,1109.4002194562722
2022-03-09 04:00:00+00:00,train,1106.7910643743867,1002.6091550818855,1109.4002194562722
2022-03-09 08:00:00+00:00,train,1106.7910643743867,1002.6091550818855,1109.4002194562722
2022-03-09 12:00:00+00:00,train,1106.7910643743867,1002.6091550818855,1109.4002194562722
2022-03-09 16:00:00+00:00,train,1106.7910643743867,1002.6091550818855,1109.4002194562722
2022-03-09 20:00:00+00:00,train,1106.7910643743867,1002.6091550818855,1109.4002194562722
2022-03-10 00:00:00+00:00,train,1106.7910643743867,1002.6091550818855,1109.4002194562722
2022-03-10 04:00:00+00:00,train,1106.7910643743867,1002.6091550818855,1109.4002194562722
2022-03-10 08:00:00+00:00,train,1106.7910643743867,1002.956520547263,1109.7475849216498
2022-03-10 12:00:00+00:00,train,1106.6220772992524,1003.3038860126405,1109.9259633118927
2022-03-10 16:00:00+00:00,train,1106.453090224118,1003.651251478018,1110.104341702136
2022-03-10 20:00:00+00:00,train,1106.2841031489836,1003.9986169433954,1110.282720092379
2022-03-11 00:00:00+00:00,train,1106.1151160738493,1004.3459824087729,1110.4610984826222
2022-03-11 04:00:00+00:00,train,1105.946128998715,1004.6933478741504,1110.6394768728655
2022-03-11 08:00:00+00:00,train,1105.7771419235805,1005.0407133395279,1110.8178552631084
2022-03-11 12:00:00+00:00,train,1105.6081548484462,1005.3880788049054,1110.9962336533517
2022-03-11 16:00:00+00:00,train,1105.439167773312,1005.7354442702829,1111.1746120435946
2022-03-11 20:00:00+00:00,train,1105.2701806981775,1006.0828097356604,1111.352990433838
2022-03-12 00:00:00+00:00,train,1105.1011936230432,1006.4301752010379,1111.5313688240813
2022-03-12 04:00:00+00:00,train,1104.932206547909,1006.7775406664153,1111.7097472143241
2022-03-12 08:00:00+00:00,train,1104.7632194727746,1006.7775406664153,1111.5407601391898
2022-03-12 12:00:00+00:00,train,1104.7632194727746,1006.7775406664153,1111.5407601391898
2022-03-12 16:00:00+00:00,train,1104.7632194727746,1006.7775406664153,1111.5407601391898
2022-03-12 20:00:00+00:00,train,1104.7632194727746,1006.2354029386622,1110.9986224114368
2022-03-13 00:00:00+00:00,train,1104.7632194727746,1005.6932652109091,1110.4564846836838
2022-03-13 04:00:00+00:00,train,1104.7632194727746,1005.6932652109091,1110.4564846836838
2022-03-13 08:00:00+00:00,train,1104.7632194727746,1005.6932652109091,1110.4564846836838
2022-03-13 12:00:00+00:00,train,1104.7632194727746,1005.8536166460037,1110.6168361187783
2022-03-13 16:00:00+00:00,train,1104.7632194727746,1006.0139680810983,1110.7771875538729
2022-03-13 20:00:00+00:00,train,1104.7632194727746,1006.1743195161929,1110.9375389889674
2022-03-14 00:00:00+00:00,train,1104.7632194727746,1006.3346709512874,1111.097890424062
2022-03-14 04:00:00+00:00,train,1104.7632194727746,1006.4950223863821,1111.2582418591564
2022-03-14 08:00:00+00:00,train,1104.6700632667944,1006.6553738214766,1111.325437088271
2022-03-14 12:00:00+00:00,train,1104.576907060814,1006.8157252565712,1111.392632317385
2022-03-14 16:00:00+00:00,train,1104.4837508548337,1006.9760766916658,1111.4598275464996
2022-03-14 20:00:00+00:00,train,1104.4837508548337,1007.1364281267604,1111.620178981594
2022-03-15 00:00:00+00:00,train,1104.4837508548337,1007.2967795618549,1111.7805304166886
2022-03-15 04:00:00+00:00,train,1101.9785094077288,1007.4571309969496,1109.4356404046785
2022-03-15 08:00:00+00:00,train,1101.9785094077288,1007.6174824320442,1109.595991839773
2022-03-15 12:00:00+00:00,train,1101.9785094077288,1007.6174824320442,1109.595991839773
2022-03-15 16:00:00+00:00,train,1105.4664024828405,1007.6174824320442,1113.083884914885
2022-03-15 20:00:00+00:00,train,1105.4664024828405,1007.6174824320442,1113.083884914885
2022-03-16 00:00:00+00:00,train,1109.2775014008685,1007.6174824320442,1116.8949838329127
2022-03-16 04:00:00+00:00,train,1109.2775014008685,1007.6174824320442,1116.8949838329127
2022-03-16 08:00:00+00:00,train,1109.2775014008685,1007.6174824320442,1116.8949838329127
2022-03-16 12:00:00+00:00,train,1110.5984814284639,1007.6174824320442,1118.215963860508
2022-03-16 16:00:00+00:00,train,1111.9194614560593,1007.6174824320442,1119.5369438881035
2022-03-16 20:00:00+00:00,train,1113.2404414836549,1007.6174824320442,1120.8579239156988
2022-03-17 00:00:00+00:00,train,1113.2404414836549,1007.6174824320442,1120.8579239156988
2022-03-17 04:00:00+00:00,train,1113.2404414836549,1007.6174824320442,1120.8579239156988
2022-03-17 08:00:00+00:00,train,1113.119723555054,1007.6174824320442,1120.7372059870982
2022-03-17 12:00:00+00:00,train,1112.999005626453,1007.6174824320442,1120.6164880584975
2022-03-17 16:00:00+00:00,train,1112.8782876978523,1007.6174824320442,1120.4957701298963
2022-03-17 20:00:00+00:00,train,1112.7575697692514,1007.6174824320442,1120.3750522012956
2022-03-18 00:00:00+00:00,train,1112.6368518406505,1007.6174824320442,1120.254334272695
2022-03-18 04:00:00+00:00,train,1112.6368518406505,1007.6174824320442,1120.254334272695
2022-03-18 08:00:00+00:00,train,1112.6368518406505,1007.6174824320442,1120.254334272695
2022-03-18 12:00:00+00:00,train,1114.6223104057754,1007.6174824320442,1122.2397928378196
2022-03-18 16:00:00+00:00,train,1116.6077689709,1007.6174824320442,1124.2252514029442
2022-03-18 20:00:00+00:00,train,1116.6077689709,1007.6174824320442,1124.2252514029442
2022-03-19 00:00:00+00:00,train,1116.6077689709,1007.6174824320442,1124.2252514029442
2022-03-19 04:00:00+00:00,train,1116.6077689709,1007.6174824320442,1124.2252514029442
2022-03-19 08:00:00+00:00,train,1118.7082010392978,1007.6174824320442,1126.325683471342
2022-03-19 12:00:00+00:00,train,1120.8086331076959,1007.6174824320442,1128.4261155397398
2022-03-19 16:00:00+00:00,train,1120.8086331076959,1007.6174824320442,1128.4261155397398
2022-03-19 20:00:00+00:00,train,1120.8086331076959,1007.6174824320442,1128.4261155397398
2022-03-20 00:00:00+00:00,train,1120.8086331076959,1007.6174824320442,1128.4261155397398
2022-03-20 04:00:00+00:00,train,1120.8086331076959,1007.6174824320442,1128.4261155397398
2022-03-20 08:00:00+00:00,train,1120.8086331076959,1007.6174824320442,1128.4261155397398
2022-03-20 12:00:00+00:00,train,1120.8086331076959,1007.6174824320442,1128.4261155397398
2022-03-20 16:00:00+00:00,train,1120.8086331076959,1007.6174824320442,1128.4261155397398
2022-03-20 20:00:00+00:00,train,1120.8086331076959,1007.6174824320442,1128.4261155397398
2022-03-21 00:00:00+00:00,train,1120.8086331076959,1007.6174824320442,1128.4261155397398
2022-03-21 04:00:00+00:00,train,1120.8086331076959,1007.6174824320442,1128.4261155397398
2022-03-21 08:00:00+00:00,train,1122.7242792185486,1007.6174824320442,1130.341761650593
2022-03-21 12:00:00+00:00,train,1124.6399253294016,1007.6174824320442,1132.2574077614458
2022-03-21 16:00:00+00:00,train,1124.6399253294016,1007.6174824320442,1132.2574077614458
2022-03-21 20:00:00+00:00,train,1124.6399253294016,1007.6174824320442,1132.2574077614458
2022-03-22 00:00:00+00:00,train,1126.5098703360825,1007.6174824320442,1134.127352768127
2022-03-22 04:00:00+00:00,train,1128.3798153427635,1007.6174824320442,1135.9972977748075
2022-03-22 08:00:00+00:00,train,1128.3798153427635,1007.6174824320442,1135.9972977748075
2022-03-22 12:00:00+00:00,train,1128.3798153427635,1007.6174824320442,1135.9972977748075
2022-03-22 16:00:00+00:00,train,1128.3798153427635,1007.6174824320442,1135.9972977748075
2022-03-22 20:00:00+00:00,train,1128.3798153427635,1007.6174824320442,1135.9972977748075
2022-03-23 00:00:00+00:00,train,1129.3230713054702,1007.6174824320442,1136.9405537375142
2022-03-23 04:00:00+00:00,train,1130.2663272681768,1007.6174824320442,1137.8838097002208
2022-03-23 08:00:00+00:00,train,1131.2095832308833,1007.6174824320442,1138.8270656629275
2022-03-23 12:00:00+00:00,train,1132.15283919359,1007.6174824320442,1139.770321625634
2022-03-23 16:00:00+00:00,train,1132.15283919359,1007.6174824320442,1139.770321625634
2022-03-23 20:00:00+00:00,train,1132.15283919359,1007.6174824320442,1139.770321625634
2022-03-24 00:00:00+00:00,train,1134.152621320905,1007.6174824320442,1141.7701037529491
2022-03-24 04:00:00+00:00,train,1136.15240344822,1007.6174824320442,1143.7698858802642
2022-03-24 08:00:00+00:00,train,1136.15240344822,1007.6174824320442,1143.7698858802642
2022-03-24 12:00:00+00:00,train,1136.15240344822,1007.6174824320442,1143.7698858802642
2022-03-24 16:00:00+00:00,train,1137.4966649671117,1007.6174824320442,1145.1141473991556
2022-03-24 20:00:00+00:00,train,1138.8409264860031,1007.6174824320442,1146.458408918047
2022-03-25 00:00:00+00:00,train,1140.1851880048948,1007.6174824320442,1147.802670436939
2022-03-25 04:00:00+00:00,train,1140.1851880048948,1007.6174824320442,1147.802670436939
2022-03-25 08:00:00+00:00,train,1140.1851880048948,1007.6174824320442,1147.802670436939
2022-03-25 12:00:00+00:00,train,1137.4804660338477,1007.6174824320442,1145.097948465892
2022-03-25 16:00:00+00:00,train,1137.4804660338477,1007.6174824320442,1145.097948465892
2022-03-25 20:00:00+00:00,train,1137.4804660338477,1007.6174824320442,1145.097948465892
2022-03-26 00:00:00+00:00,train,1138.384653283161,1007.6174824320442,1146.0021357152054
2022-03-26 04:00:00+00:00,train,1139.2888405324743,1007.6174824320442,1146.9063229645185
2022-03-26 08:00:00+00:00,train,1140.1930277817878,1007.6174824320442,1147.810510213832
2022-03-26 12:00:00+00:00,train,1141.097215031101,1007.6174824320442,1148.714697463145
2022-03-26 16:00:00+00:00,train,1142.0014022804144,1007.6174824320442,1149.6188847124586
2022-03-26 20:00:00+00:00,train,1142.0014022804144,1007.6174824320442,1149.6188847124586
2022-03-27 00:00:00+00:00,train,1142.0014022804144,1007.6174824320442,1149.6188847124586
2022-03-27 04:00:00+00:00,train,1142.0014022804144,1007.6174824320442,1149.6188847124586
2022-03-27 08:00:00+00:00,train,1142.0014022804144,1007.6174824320442,1149.6188847124586
2022-03-27 12:00:00+00:00,train,1139.4762899014654,1007.6174824320442,1147.0937723335096
2022-03-27 16:00:00+00:00,train,1139.4762899014654,1007.6174824320442,1147.0937723335096
2022-03-27 20:00:00+00:00,train,1142.9937818091396,1007.6174824320442,1150.6112642411836
2022-03-28 00:00:00+00:00,train,1142.9937818091396,1007.6174824320442,1150.6112642411836
2022-03-28 04:00:00+00:00,train,1142.9937818091396,1007.6174824320442,1150.6112642411836
2022-03-28 08:00:00+00:00,train,1142.9937818091396,1007.6174824320442,1150.6112642411836
2022-03-28 12:00:00+00:00,train,1146.9383841295344,1007.6174824320442,1154.5558665615786
2022-03-28 16:00:00+00:00,train,1146.9383841295344,1007.6174824320442,1154.5558665615786
2022-03-28 20:00:00+00:00,train,1143.9664206129198,1007.6174824320442,1151.5839030449642
2022-03-29 00:00:00+00:00,train,1143.9664206129198,1007.6174824320442,1151.5839030449642
2022-03-29 04:00:00+00:00,train,1143.9664206129198,1007.6174824320442,1151.5839030449642
2022-03-29 08:00:00+00:00,train,1146.4020347748626,1007.6174824320442,1154.019517206907
2022-03-29 12:00:00+00:00,train,1148.8376489368054,1007.6174824320442,1156.4551313688498
2022-03-29 16:00:00+00:00,train,1148.8376489368054,1007.6174824320442,1156.4551313688498
2022-03-29 20:00:00+00:00,train,1145.3852370246018,1007.6174824320442,1153.002719456646
2022-03-30 00:00:00+00:00,train,1145.3852370246018,1007.6174824320442,1153.002719456646
2022-03-30 04:00:00+00:00,train,1145.3852370246018,1007.6174824320442,1153.002719456646
2022-03-30 08:00:00+00:00,train,1147.9987651352224,1007.6174824320442,1155.6162475672663
2022-03-30 12:00:00+00:00,train,1150.612293245843,1007.6174824320442,1158.2297756778871
2022-03-30 16:00:00+00:00,train,1150.612293245843,1007.6174824320442,1158.2297756778871
2022-03-30 20:00:00+00:00,train,1150.612293245843,1007.6174824320442,1158.2297756778871
2022-03-31 00:00:00+00:00,train,1151.9966060233205,1007.6174824320442,1159.6140884553647
2022-03-31 04:00:00+00:00,train,1153.3809188007983,1007.6174824320442,1160.9984012328423
2022-03-31 08:00:00+00:00,train,1154.765231578276,1007.6174824320442,1162.3827140103203
2022-03-31 12:00:00+00:00,train,1156.1495443557535,1007.6174824320442,1163.7670267877975
2022-03-31 16:00:00+00:00,train,1156.1495443557535,1007.6174824320442,1163.7670267877975
2022-03-31 20:00:00+00:00,train,1156.1495443557535,1007.6174824320442,1163.7670267877975
2022-04-01 00:00:00+00:00,train,1152.3794295648436,1007.6174824320442,1159.9969119968878
2022-04-01 04:00:00+00:00,train,1152.3794295648436,1007.6174824320442,1159.9969119968878
2022-04-01 08:00:00+00:00,train,1152.3794295648436,1007.6174824320442,1159.9969119968878
2022-04-01 12:00:00+00:00,train,1155.2738886619582,1007.6174824320442,1162.8913710940024
2022-04-01 16:00:00+00:00,train,1158.1683477590725,1007.6174824320442,1165.7858301911165
2022-04-01 20:00:00+00:00,train,1158.1683477590725,1007.6174824320442,1165.7858301911165
2022-04-02 00:00:00+00:00,train,1158.1683477590725,1007.6174824320442,1165.7858301911165
2022-04-02 04:00:00+00:00,train,1160.106015010213,1007.6174824320442,1167.7234974422572
2022-04-02 08:00:00+00:00,train,1162.0436822613535,1007.6174824320442,1169.661164693398
2022-04-02 12:00:00+00:00,train,1163.981349512494,1007.6174824320442,1171.5988319445382
2022-04-02 16:00:00+00:00,train,1163.981349512494,1007.6174824320442,1171.5988319445382
2022-04-02 20:00:00+00:00,train,1163.981349512494,1007.6174824320442,1171.5988319445382
2022-04-03 00:00:00+00:00,train,1160.0924200541845,1007.6174824320442,1167.7099024862287
2022-04-03 04:00:00+00:00,train,1160.0924200541845,1007.6174824320442,1167.7099024862287
2022-04-03 08:00:00+00:00,train,1160.0924200541845,1007.6174824320442,1167.7099024862287
2022-04-03 12:00:00+00:00,train,1159.572716520415,1007.6174824320442,1167.1901989524595
2022-04-03 16:00:00+00:00,train,1159.0530129866459,1007.6174824320442,1166.6704954186898
2022-04-03 20:00:00+00:00,train,1158.5333094528764,1007.6174824320442,1166.1507918849206
2022-04-04 00:00:00+00:00,train,1158.0136059191072,1007.6174824320442,1165.6310883511514
2022-04-04 04:00:00+00:00,train,1157.4939023853378,1007.6174824320442,1165.1113848173818
2022-04-04 08:00:00+00:00,train,1156.9741988515686,1007.6174824320442,1164.591681283613
2022-04-04 12:00:00+00:00,train,1156.9741988515686,1007.6174824320442,1164.591681283613
2022-04-04 16:00:00+00:00,train,1156.9741988515686,1007.6174824320442,1164.591681283613
2022-04-04 20:00:00+00:00,train,1158.075392215397,1007.6174824320442,1165.6928746474414
2022-04-05 00:00:00+00:00,train,1159.1765855792253,1007.6174824320442,1166.7940680112697
2022-04-05 04:00:00+00:00,train,1160.2777789430538,1007.6174824320442,1167.895261375098
2022-04-05 08:00:00+00:00,train,1161.3789723068821,1007.6174824320442,1168.9964547389263
2022-04-05 12:00:00+00:00,train,1162.4801656707104,1007.6174824320442,1170.0976481027546
2022-04-05 16:00:00+00:00,train,1162.4801656707104,1007.6174824320442,1170.0976481027546
2022-04-05 20:00:00+00:00,train,1162.4801656707104,1007.6174824320442,1170.0976481027546
2022-04-06 00:00:00+00:00,train,1162.4801656707104,1007.6174824320442,1170.0976481027546
2022-04-06 04:00:00+00:00,train,1162.4801656707104,1007.6174824320442,1170.0976481027546
2022-04-06 08:00:00+00:00,train,1162.4801656707104,1007.6174824320442,1170.0976481027546
2022-04-06 12:00:00+00:00,train,1162.4801656707104,1007.6174824320442,1170.0976481027546
2022-04-06 16:00:00+00:00,train,1162.4801656707104,1007.6174824320442,1170.0976481027546
2022-04-06 20:00:00+00:00,train,1162.4801656707104,1007.6174824320442,1170.0976481027546
2022-04-07 00:00:00+00:00,train,1162.4801656707104,1007.6174824320442,1170.0976481027546
2022-04-07 04:00:00+00:00,train,1162.4801656707104,1007.6174824320442,1170.0976481027546
2022-04-07 08:00:00+00:00,train,1162.4801656707104,1007.6174824320442,1170.0976481027546
2022-04-07 12:00:00+00:00,train,1162.4801656707104,1007.6174824320442,1170.0976481027546
2022-04-07 16:00:00+00:00,train,1162.4801656707104,1007.6174824320442,1170.0976481027546
2022-04-07 20:00:00+00:00,train,1162.4801656707104,1005.9378780544876,1168.418043725198
2022-04-08 00:00:00+00:00,train,1162.4801656707104,1005.9378780544876,1168.418043725198
2022-04-08 04:00:00+00:00,train,1162.4801656707104,1005.9378780544876,1168.418043725198
2022-04-08 08:00:00+00:00,train,1162.4801656707104,1008.00464413053,1170.4848098012403
2022-04-08 12:00:00+00:00,train,1162.4801656707104,1010.0714102065724,1172.5515758772826
2022-04-08 16:00:00+00:00,train,1162.4801656707104,1012.1381762826148,1174.6183419533254
2022-04-08 20:00:00+00:00,train,1162.4801656707104,1014.2049423586573,1176.6851080293677
2022-04-09 00:00:00+00:00,train,1162.4801656707104,1014.2049423586573,1176.6851080293677
2022-04-09 04:00:00+00:00,train,1162.4801656707104,1014.2049423586573,1176.6851080293677
2022-04-09 08:00:00+00:00,train,1162.4801656707104,1013.3467694244513,1175.8269350951618
2022-04-09 12:00:00+00:00,train,1162.4801656707104,1012.4885964902453,1174.9687621609555
2022-04-09 16:00:00+00:00,train,1162.4801656707104,1012.4885964902453,1174.9687621609555
2022-04-09 20:00:00+00:00,train,1162.4801656707104,1011.004276639437,1173.4844423101476
2022-04-10 00:00:00+00:00,train,1162.4801656707104,1011.004276639437,1173.4844423101476
2022-04-10 04:00:00+00:00,train,1162.4801656707104,1011.004276639437,1173.4844423101476
2022-04-10 08:00:00+00:00,train,1162.4801656707104,1010.537472615722,1173.0176382864324
2022-04-10 12:00:00+00:00,train,1162.0989611596463,1010.0706685920069,1172.1696297516532
2022-04-10 16:00:00+00:00,train,1161.717756648582,1009.6038645682918,1171.3216212168736
2022-04-10 20:00:00+00:00,train,1161.336552137518,1009.6038645682918,1170.94041670581
2022-04-11 00:00:00+00:00,train,1160.9553476264539,1009.6038645682918,1170.5592121947457
2022-04-11 04:00:00+00:00,train,1160.9553476264539,1011.923114770406,1172.87846239686
2022-04-11 08:00:00+00:00,train,1160.9553476264539,1014.24236497252,1175.1977125989738
2022-04-11 12:00:00+00:00,train,1160.9553476264539,1016.5616151746342,1177.516962801088
2022-04-11 16:00:00+00:00,train,1160.9553476264539,1016.5616151746342,1177.516962801088
2022-04-11 20:00:00+00:00,train,1160.9553476264539,1016.5616151746342,1177.516962801088
2022-04-12 00:00:00+00:00,train,1160.9553476264539,1015.8214700343408,1176.7768176607947
2022-04-12 04:00:00+00:00,train,1160.9553476264539,1015.0813248940474,1176.0366725205013
2022-04-12 08:00:00+00:00,train,1160.9553476264539,1015.0813248940474,1176.0366725205013
2022-04-12 12:00:00+00:00,train,1160.9553476264539,1013.6832316428054,1174.638579269259
2022-04-12 16:00:00+00:00,train,1160.9553476264539,1013.6832316428054,1174.638579269259
2022-04-12 20:00:00+00:00,train,1160.9553476264539,1012.1435299113533,1173.0988775378073
2022-04-13 00:00:00+00:00,train,1160.9553476264539,1012.1435299113533,1173.0988775378073
2022-04-13 04:00:00+00:00,train,1160.9553476264539,1012.1435299113533,1173.0988775378073
2022-04-13 08:00:00+00:00,train,1160.9553476264539,1011.4198494335707,1172.3751970600247
2022-04-13 12:00:00+00:00,train,1160.9553476264539,1010.696168955788,1171.651516582242
2022-04-13 16:00:00+00:00,train,1160.9553476264539,1010.696168955788,1171.651516582242
2022-04-13 20:00:00+00:00,train,1160.9553476264539,1009.3081406205165,1170.2634882469702
2022-04-14 00:00:00+00:00,train,1160.9553476264539,1009.3081406205165,1170.2634882469702
2022-04-14 04:00:00+00:00,train,1160.0514318112582,1009.3081406205165,1169.3595724317747
2022-04-14 08:00:00+00:00,train,1159.1475159960623,1009.3081406205165,1168.4556566165788
2022-04-14 12:00:00+00:00,train,1158.2436001808667,1008.0116174590667,1166.255217639933
2022-04-14 16:00:00+00:00,train,1158.2436001808667,1008.0116174590667,1166.255217639933
2022-04-14 20:00:00+00:00,train,1158.2436001808667,1006.6479845436286,1164.8915847244953
2022-04-15 00:00:00+00:00,train,1158.4461112294805,1006.6479845436286,1165.094095773109
2022-04-15 04:00:00+00:00,train,1158.6486222780945,1006.6479845436286,1165.296606821723
2022-04-15 08:00:00+00:00,train,1158.8511333267084,1006.4886138507569,1165.3397471774651
2022-04-15 12:00:00+00:00,train,1159.0536443753224,1006.3292431578851,1165.3828875332074
2022-04-15 16:00:00+00:00,train,1159.2561554239362,1006.1698724650134,1165.4260278889496
2022-04-15 20:00:00+00:00,train,1159.45866647255,1006.0105017721417,1165.469168244692
2022-04-16 00:00:00+00:00,train,1159.661177521164,1005.85113107927,1165.5123086004342
2022-04-16 04:00:00+00:00,train,1159.8636885697779,1005.6917603863982,1165.555448956176
2022-04-16 08:00:00+00:00,train,1160.0661996183917,1005.5323896935265,1165.5985893119182
2022-04-16 12:00:00+00:00,train,1160.2687106670057,1005.3730190006548,1165.6417296676605
2022-04-16 16:00:00+00:00,train,1160.4712217156195,1005.3730190006548,1165.8442407162743
2022-04-16 20:00:00+00:00,train,1160.6737327642334,1005.3730190006548,1166.046751764888
2022-04-17 00:00:00+00:00,train,1160.6737327642334,1005.1253106213094,1165.799043385543
2022-04-17 04:00:00+00:00,train,1160.6737327642334,1004.8776022419639,1165.5513350061974
2022-04-17 08:00:00+00:00,train,1162.4058238362275,1004.6298938626185,1167.035717698846
2022-04-17 12:00:00+00:00,train,1164.1379149082218,1004.382185483273,1168.520100391495
2022-04-17 16:00:00+00:00,train,1164.1379149082218,1004.382185483273,1168.520100391495
2022-04-17 20:00:00+00:00,train,1164.1379149082218,1004.382185483273,1168.520100391495
2022-04-18 00:00:00+00:00,train,1164.1379149082218,1003.4265175408881,1167.56443244911
2022-04-18 04:00:00+00:00,train,1164.1379149082218,1003.4265175408881,1167.56443244911
2022-04-18 08:00:00+00:00,train,1164.1379149082218,1003.4265175408881,1167.56443244911
2022-04-18 12:00:00+00:00,train,1166.1753270460356,1002.3523918765749,1168.5277189226103
2022-04-18 16:00:00+00:00,train,1168.2127391838494,1002.3523918765749,1170.5651310604244
2022-04-18 20:00:00+00:00,train,1168.2127391838494,1002.3523918765749,1170.5651310604244
2022-04-19 00:00:00+00:00,train,1168.2127391838494,1002.3523918765749,1170.5651310604244
2022-04-19 04:00:00+00:00,train,1169.5285323631404,1002.3523918765749,1171.8809242397151
2022-04-19 08:00:00+00:00,train,1170.8443255424313,1002.3523918765749,1173.1967174190063
2022-04-19 12:00:00+00:00,train,1172.160118721722,1002.3523918765749,1174.512510598297
2022-04-19 16:00:00+00:00,train,1172.160118721722,1002.3523918765749,1174.512510598297
2022-04-19 20:00:00+00:00,train,1172.160118721722,1002.3523918765749,1174.512510598297
2022-04-20 00:00:00+00:00,train,1172.087154072639,1002.3523918765749,1174.4395459492139
2022-04-20 04:00:00+00:00,train,1172.0141894235558,1002.3523918765749,1174.3665813001307
2022-04-20 08:00:00+00:00,train,1171.9412247744726,1002.3523918765749,1174.2936166510476
2022-04-20 12:00:00+00:00,train,1171.8682601253895,1002.3523918765749,1174.2206520019645
2022-04-20 16:00:00+00:00,train,1171.8682601253895,1002.3523918765749,1174.2206520019645
2022-04-20 20:00:00+00:00,train,1171.8682601253895,1002.3523918765749,1174.2206520019645
2022-04-21 00:00:00+00:00,train,1171.7380139269208,1002.3523918765749,1174.0904058034957
2022-04-21 04:00:00+00:00,train,1171.6077677284522,1002.3523918765749,1173.960159605027
2022-04-21 08:00:00+00:00,train,1171.4775215299835,1002.3523918765749,1173.8299134065583
2022-04-21 12:00:00+00:00,train,1171.3472753315148,1002.3523918765749,1173.6996672080895
2022-04-21 16:00:00+00:00,train,1171.217029133046,1002.3523918765749,1173.5694210096208
2022-04-21 20:00:00+00:00,train,1171.217029133046,1002.3523918765749,1173.5694210096208
2022-04-22 00:00:00+00:00,train,1171.217029133046,1001.2154269606073,1172.4324560936534
2022-04-22 04:00:00+00:00,train,1171.217029133046,1001.2154269606073,1172.4324560936534
2022-04-22 08:00:00+00:00,train,1171.217029133046,1001.2154269606073,1172.4324560936534
2022-04-22 12:00:00+00:00,train,1171.217029133046,1001.3304283246777,1172.5474574577238
2022-04-22 16:00:00+00:00,train,1171.217029133046,1001.445429688748,1172.6624588217942
2022-04-22 20:00:00+00:00,train,1171.217029133046,1001.5604310528184,1172.7774601858646
2022-04-23 00:00:00+00:00,train,1171.217029133046,1001.6754324168888,1172.892461549935
2022-04-23 04:00:00+00:00,train,1171.217029133046,1001.7904337809592,1173.0074629140054
2022-04-23 08:00:00+00:00,train,1171.217029133046,1001.9054351450296,1173.1224642780758
2022-04-23 12:00:00+00:00,train,1171.217029133046,1002.0204365090999,1173.2374656421462
2022-04-23 16:00:00+00:00,train,1171.217029133046,1002.1354378731703,1173.352467006216
2022-04-23 20:00:00+00:00,train,1171.217029133046,1002.2504392372407,1173.467468370287
2022-04-24 00:00:00+00:00,train,1171.217029133046,1002.3654406013111,1173.582469734357
2022-04-24 04:00:00+00:00,train,1171.217029133046,1002.4804419653815,1173.6974710984277
2022-04-24 08:00:00+00:00,train,1171.217029133046,1002.5954433294519,1173.8124724624977
2022-04-24 12:00:00+00:00,train,1171.217029133046,1002.5954433294519,1173.8124724624977
2022-04-24 16:00:00+00:00,train,1171.217029133046,1002.5954433294519,1173.8124724624977
2022-04-24 20:00:00+00:00,train,1171.217029133046,1002.5954433294519,1173.8124724624977
2022-04-25 00:00:00+00:00,train,1171.217029133046,1004.7578816493433,1175.974910782389
2022-04-25 04:00:00+00:00,train,1171.217029133046,1006.9203199692347,1178.1373491022805
2022-04-25 08:00:00+00:00,train,1171.217029133046,1006.9203199692347,1178.1373491022805
2022-04-25 12:00:00+00:00,train,1173.0425197015545,1005.9577924566381,1179.0003121581926
2022-04-25 16:00:00+00:00,train,1174.868010270063,1005.9577924566381,1180.825802726701
2022-04-25 20:00:00+00:00,train,1174.868010270063,1005.9577924566381,1180.825802726701
2022-04-26 00:00:00+00:00,train,1174.868010270063,1005.9577924566381,1180.825802726701
2022-04-26 04:00:00+00:00,train,1174.868010270063,1005.9577924566381,1180.825802726701
2022-04-26 08:00:00+00:00,train,1174.868010270063,1005.9577924566381,1180.825802726701
2022-04-26 12:00:00+00:00,train,1174.868010270063,1005.9577924566381,1180.825802726701
2022-04-26 16:00:00+00:00,train,1174.868010270063,1004.9586147277053,1179.8266249977682
2022-04-26 20:00:00+00:00,train,1175.6187340377198,1004.9586147277053,1180.577348765425
2022-04-27 00:00:00+00:00,train,1176.3694578053764,1003.9515788819685,1180.321036687345
2022-04-27 04:00:00+00:00,train,1177.1201815730333,1003.9515788819685,1181.0717604550018
2022-04-27 08:00:00+00:00,train,1177.8709053406901,1003.9515788819685,1181.8224842226587
2022-04-27 12:00:00+00:00,train,1178.6216291083467,1003.9515788819685,1182.5732079903155
2022-04-27 16:00:00+00:00,train,1178.6216291083467,1003.9515788819685,1182.5732079903155
2022-04-27 20:00:00+00:00,train,1178.6216291083467,1003.4423246019778,1182.0639537103243
2022-04-28 00:00:00+00:00,train,1178.4221112069736,1002.9330703219871,1181.3551815289607
2022-04-28 04:00:00+00:00,train,1178.2225933056006,1002.9330703219871,1181.1556636275877
2022-04-28 08:00:00+00:00,train,1178.0230754042275,1002.9330703219871,1180.9561457262143
2022-04-28 12:00:00+00:00,train,1177.8235575028546,1002.9330703219871,1180.7566278248414
2022-04-28 16:00:00+00:00,train,1177.8235575028546,1001.9643084780455,1179.7878659809003
2022-04-28 20:00:00+00:00,train,1177.8235575028546,1001.9643084780455,1179.7878659809003
2022-04-29 00:00:00+00:00,train,1177.8235575028546,1001.9643084780455,1179.7878659809003
2022-04-29 04:00:00+00:00,train,1177.8235575028546,1003.1805570305587,1181.0041145334135
2022-04-29 08:00:00+00:00,train,1177.8235575028546,1004.3968055830718,1182.2203630859262
2022-04-29 12:00:00+00:00,train,1177.8235575028546,1005.613054135585,1183.4366116384394
2022-04-29 16:00:00+00:00,train,1177.8235575028546,1006.8293026880981,1184.6528601909527
2022-04-29 20:00:00+00:00,train,1177.8235575028546,1006.8293026880981,1184.6528601909527
2022-04-30 00:00:00+00:00,train,1177.8235575028546,1005.8345425103157,1183.65810001317
2022-04-30 04:00:00+00:00,train,1177.8235575028546,1005.8345425103157,1183.65810001317
2022-04-30 08:00:00+00:00,train,1177.8235575028546,1005.8345425103157,1183.65810001317
2022-04-30 12:00:00+00:00,train,1177.8235575028546,1007.3931074079102,1185.2166649107648
2022-04-30 16:00:00+00:00,train,1177.8235575028546,1008.9516723055045,1186.7752298083592
2022-04-30 20:00:00+00:00,train,1177.8235575028546,1010.510237203099,1188.3337947059536
2022-05-01 00:00:00+00:00,train,1177.8235575028546,1010.510237203099,1188.3337947059536
2022-05-01 04:00:00+00:00,train,1177.8235575028546,1009.2756670191975,1187.0992245220523
2022-05-01 08:00:00+00:00,train,1177.8235575028546,1009.2756670191975,1187.0992245220523
2022-05-01 12:00:00+00:00,train,1177.8235575028546,1009.2756670191975,1187.0992245220523
2022-05-01 16:00:00+00:00,train,1177.8235575028546,1008.0735689447561,1185.8971264476104
2022-05-01 20:00:00+00:00,train,1177.8235575028546,1008.0735689447561,1185.8971264476104
2022-05-02 00:00:00+00:00,train,1177.8235575028546,1006.7877769250783,1184.611334427933
2022-05-02 04:00:00+00:00,train,1177.8235575028546,1006.7877769250783,1184.611334427933
2022-05-02 08:00:00+00:00,train,1177.8235575028546,1006.7877769250783,1184.611334427933
2022-05-02 12:00:00+00:00,train,1177.8235575028546,1006.9044213239976,1184.727978826852
2022-05-02 16:00:00+00:00,train,1177.8509281718248,1007.0210657229169,1184.8719938947415
2022-05-02 20:00:00+00:00,train,1177.878298840795,1007.1377101218361,1185.016008962631
2022-05-03 00:00:00+00:00,train,1177.905669509765,1007.2543545207554,1185.1600240305206
2022-05-03 04:00:00+00:00,train,1177.9330401787352,1007.3709989196747,1185.3040390984097
2022-05-03 08:00:00+00:00,train,1177.9604108477054,1007.487643318594,1185.4480541662992
2022-05-03 12:00:00+00:00,train,1177.9877815166756,1007.6042877175132,1185.5920692341888
2022-05-03 16:00:00+00:00,train,1178.0151521856455,1007.7209321164326,1185.7360843020779
2022-05-03 20:00:00+00:00,train,1178.0425228546158,1007.8375765153518,1185.8800993699674
2022-05-04 00:00:00+00:00,train,1178.069893523586,1007.9542209142711,1186.024114437857
2022-05-04 04:00:00+00:00,train,1178.0972641925562,1008.0708653131903,1186.1681295057465
2022-05-04 08:00:00+00:00,train,1178.1246348615261,1008.1875097121095,1186.3121445736356
2022-05-04 12:00:00+00:00,train,1178.1520055304964,1008.1875097121095,1186.339515242606
2022-05-04 16:00:00+00:00,train,1178.1520055304964,1008.1875097121095,1186.339515242606
2022-05-04 20:00:00+00:00,train,1178.1520055304964,1008.1875097121095,1186.339515242606
2022-05-05 00:00:00+00:00,train,1178.0506330252938,1008.1875097121095,1186.2381427374035
2022-05-05 04:00:00+00:00,train,1177.949260520091,1008.1875097121095,1186.1367702322004
2022-05-05 08:00:00+00:00,train,1177.8478880148884,1008.1875097121095,1186.0353977269979
2022-05-05 12:00:00+00:00,train,1177.7465155096859,1008.1875097121095,1185.9340252217953
2022-05-05 16:00:00+00:00,train,1177.7465155096859,1006.9178583905837,1184.6643739002693
2022-05-05 20:00:00+00:00,train,1177.7465155096859,1006.9178583905837,1184.6643739002693
2022-05-06 00:00:00+00:00,train,1177.7465155096859,1006.9178583905837,1184.6643739002693
2022-05-06 04:00:00+00:00,train,1177.7465155096859,1007.5419553205078,1185.2884708301935
2022-05-06 08:00:00+00:00,train,1177.7465155096859,1008.1660522504319,1185.9125677601178
2022-05-06 12:00:00+00:00,train,1177.7465155096859,1008.7901491803559,1186.536664690042
2022-05-06 16:00:00+00:00,train,1177.7465155096859,1009.41424611028,1187.1607616199658
2022-05-06 20:00:00+00:00,train,1177.7465155096859,1010.0383430402042,1187.78485854989
2022-05-07 00:00:00+00:00,train,1177.7465155096859,1010.6624399701283,1188.4089554798143
2022-05-07 04:00:00+00:00,train,1177.7465155096859,1011.2865369000523,1189.033052409738
2022-05-07 08:00:00+00:00,train,1177.7465155096859,1011.9106338299764,1189.6571493396623
2022-05-07 12:00:00+00:00,train,1177.7465155096859,1012.5347307599005,1190.2812462695865
2022-05-07 16:00:00+00:00,train,1177.7465155096859,1013.1588276898246,1190.9053431995108
2022-05-07 20:00:00+00:00,train,1177.7465155096859,1013.7829246197488,1191.5294401294345
2022-05-08 00:00:00+00:00,train,1177.7465155096859,1013.7829246197488,1191.5294401294345
2022-05-08 04:00:00+00:00,train,1177.7465155096859,1012.5279793502752,1190.2744948599611
2022-05-08 08:00:00+00:00,train,1177.7465155096859,1012.5279793502752,1190.2744948599611
2022-05-08 12:00:00+00:00,train,1177.7465155096859,1012.5279793502752,1190.2744948599611
2022-05-08 16:00:00+00:00,train,1177.7465155096859,1018.5305400897408,1196.2770555994266
2022-05-08 20:00:00+00:00,train,1177.7465155096859,1018.5305400897408,1196.2770555994266
2022-05-09 00:00:00+00:00,train,1177.7465155096859,1017.2629168166127,1195.0094323262983
2022-05-09 04:00:00+00:00,train,1177.7465155096859,1017.2629168166127,1195.0094323262983
2022-05-09 08:00:00+00:00,train,1177.7465155096859,1017.2629168166127,1195.0094323262983
2022-05-09 12:00:00+00:00,train,1177.7465155096859,1017.2629168166127,1195.0094323262983
2022-05-09 16:00:00+00:00,train,1177.7465155096859,1024.7221444503932,1202.468659960079
2022-05-09 20:00:00+00:00,train,1177.7465155096859,1024.7221444503932,1202.468659960079
2022-05-10 00:00:00+00:00,train,1177.7465155096859,1022.7055150739876,1200.4520305836736
2022-05-10 04:00:00+00:00,train,1177.7465155096859,1022.7055150739876,1200.4520305836736
2022-05-10 08:00:00+00:00,train,1177.7465155096859,1022.7055150739876,1200.4520305836736
2022-05-10 12:00:00+00:00,train,1177.7465155096859,1020.6585743477779,1198.4050898574637
2022-05-10 16:00:00+00:00,train,1177.7465155096859,1020.6585743477779,1198.4050898574637
2022-05-10 20:00:00+00:00,train,1177.7465155096859,1020.6585743477779,1198.4050898574637
2022-05-11 00:00:00+00:00,train,1177.7465155096859,1023.7156694314806,1201.4621849411665
2022-05-11 04:00:00+00:00,train,1177.7465155096859,1026.7727645151833,1204.5192800248692
2022-05-11 08:00:00+00:00,train,1177.7465155096859,1029.829859598886,1207.576375108572
2022-05-11 12:00:00+00:00,train,1177.7465155096859,1032.8869546825886,1210.6334701922742
2022-05-11 16:00:00+00:00,train,1177.7465155096859,1032.8869546825886,1210.6334701922742
2022-05-11 20:00:00+00:00,train,1177.7465155096859,1028.7106180162714,1206.457133525957
2022-05-12 00:00:00+00:00,train,1177.7465155096859,1028.7106180162714,1206.457133525957
2022-05-12 04:00:00+00:00,train,1177.7465155096859,1028.7106180162714,1206.457133525957
2022-05-12 08:00:00+00:00,train,1177.7465155096859,1023.9752409238284,1201.7217564335142
2022-05-12 12:00:00+00:00,train,1177.7465155096859,1023.9752409238284,1201.7217564335142
2022-05-12 16:00:00+00:00,train,1177.7465155096859,1019.0229328992733,1196.7694484089593
2022-05-12 20:00:00+00:00,train,1177.7465155096859,1019.0229328992733,1196.7694484089593
2022-05-13 00:00:00+00:00,train,1177.7465155096859,1014.2391790900438,1191.9856945997299
2022-05-13 04:00:00+00:00,train,1177.7465155096859,1014.2391790900438,1191.9856945997299
2022-05-13 08:00:00+00:00,train,1177.7465155096859,1009.8049707598102,1187.5514862694963
2022-05-13 12:00:00+00:00,train,1177.7465155096859,1009.8049707598102,1187.5514862694963
2022-05-13 16:00:00+00:00,train,1177.7465155096859,1009.8049707598102,1187.5514862694963
2022-05-13 20:00:00+00:00,train,1177.7465155096859,1009.4756673866113,1187.2221828962975
2022-05-14 00:00:00+00:00,train,1177.7465155096859,1009.1463640134125,1186.8928795230986
2022-05-14 04:00:00+00:00,train,1177.7465155096859,1008.8170606402136,1186.5635761498997
2022-05-14 08:00:00+00:00,train,1177.7465155096859,1008.4877572670148,1186.234272776701
2022-05-14 12:00:00+00:00,train,1177.7465155096859,1008.1584538938159,1185.904969403502
2022-05-14 16:00:00+00:00,train,1177.7465155096859,1007.829150520617,1185.5756660303027
2022-05-14 20:00:00+00:00,train,1177.7465155096859,1007.4998471474181,1185.2463626571039
2022-05-15 00:00:00+00:00,train,1177.7465155096859,1007.1705437742193,1184.917059283905
2022-05-15 04:00:00+00:00,train,1177.7465155096859,1006.8412404010204,1184.5877559107062
2022-05-15 08:00:00+00:00,train,1177.7465155096859,1006.5119370278215,1184.2584525375073
2022-05-15 12:00:00+00:00,train,1177.7465155096859,1006.1826336546227,1183.9291491643085
2022-05-15 16:00:00+00:00,train,1177.7465155096859,1005.8533302814238,1183.5998457911096
2022-05-15 20:00:00+00:00,train,1177.7465155096859,1005.8533302814238,1183.5998457911096
2022-05-16 00:00:00+00:00,train,1177.7465155096859,1005.8533302814238,1183.5998457911096
2022-05-16 04:00:00+00:00,train,1177.7465155096859,1005.8533302814238,1183.5998457911096
2022-05-16 08:00:00+00:00,train,1177.7465155096859,1005.8533302814238,1183.5998457911096
2022-05-16 12:00:00+00:00,train,1177.7465155096859,1005.8533302814238,1183.5998457911096
2022-05-16 16:00:00+00:00,train,1177.7465155096859,1005.8533302814238,1183.5998457911096
2022-05-16 20:00:00+00:00,train,1177.7465155096859,1005.8533302814238,1183.5998457911096
2022-05-17 00:00:00+00:00,train,1177.7465155096859,1005.8533302814238,1183.5998457911096
2022-05-17 04:00:00+00:00,train,1177.7465155096859,1005.8533302814238,1183.5998457911096
2022-05-17 08:00:00+00:00,train,1177.7465155096859,1005.8533302814238,1183.5998457911096
2022-05-17 12:00:00+00:00,train,1177.7465155096859,1005.8533302814238,1183.5998457911096
2022-05-17 16:00:00+00:00,train,1177.7465155096859,1005.8533302814238,1183.5998457911096
2022-05-17 20:00:00+00:00,train,1177.7465155096859,1005.8533302814238,1183.5998457911096
2022-05-18 00:00:00+00:00,train,1177.7465155096859,1005.8533302814238,1183.5998457911096
2022-05-18 04:00:00+00:00,train,1177.7465155096859,1005.8533302814238,1183.5998457911096
2022-05-18 08:00:00+00:00,train,1177.7465155096859,1005.8533302814238,1183.5998457911096
2022-05-18 12:00:00+00:00,train,1177.7465155096859,1005.8533302814238,1183.5998457911096
2022-05-18 16:00:00+00:00,train,1177.7465155096859,1006.5838973094741,1184.3304128191598
2022-05-18 20:00:00+00:00,train,1177.7465155096859,1007.3144643375243,1185.06097984721
2022-05-19 00:00:00+00:00,train,1177.7465155096859,1008.0450313655746,1185.7915468752603
2022-05-19 04:00:00+00:00,train,1177.7465155096859,1008.7755983936248,1186.5221139033106
2022-05-19 08:00:00+00:00,train,1177.7465155096859,1009.5061654216751,1187.2526809313608
2022-05-19 12:00:00+00:00,train,1177.7465155096859,1010.2367324497253,1187.983247959411
2022-05-19 16:00:00+00:00,train,1177.7465155096859,1010.9672994777756,1188.7138149874613
2022-05-19 20:00:00+00:00,train,1177.7465155096859,1011.6978665058258,1189.4443820155116
2022-05-20 00:00:00+00:00,train,1177.7465155096859,1012.428433533876,1190.1749490435618
2022-05-20 04:00:00+00:00,train,1177.7465155096859,1013.1590005619263,1190.905516071612
2022-05-20 08:00:00+00:00,train,1177.7465155096859,1013.8895675899765,1191.6360830996623
2022-05-20 12:00:00+00:00,train,1177.7465155096859,1014.6201346180269,1192.366650127713
2022-05-20 16:00:00+00:00,train,1177.7465155096859,1014.6201346180269,1192.366650127713
2022-05-20 20:00:00+00:00,train,1177.7465155096859,1014.6201346180269,1192.366650127713
2022-05-21 00:00:00+00:00,train,1177.7465155096859,1014.2086104416873,1191.9551259513732
2022-05-21 04:00:00+00:00,train,1177.7465155096859,1013.7970862653475,1191.5436017750335
2022-05-21 08:00:00+00:00,train,1177.7465155096859,1013.3855620890079,1191.1320775986937
2022-05-21 12:00:00+00:00,train,1177.7465155096859,1012.9740379126681,1190.720553422354
2022-05-21 16:00:00+00:00,train,1177.7465155096859,1012.5625137363285,1190.3090292460142
2022-05-21 20:00:00+00:00,train,1177.7465155096859,1012.5625137363285,1190.3090292460142
2022-05-22 00:00:00+00:00,train,1177.7465155096859,1012.5625137363285,1190.3090292460142
2022-05-22 04:00:00+00:00,train,1177.7465155096859,1011.7360696676249,1189.4825851773107
2022-05-22 08:00:00+00:00,train,1177.7465155096859,1010.9096255989213,1188.6561411086072
2022-05-22 12:00:00+00:00,train,1177.7465155096859,1010.9096255989213,1188.6561411086072
2022-05-22 16:00:00+00:00,train,1177.7465155096859,1010.9096255989213,1188.6561411086072
2022-05-22 20:00:00+00:00,train,1177.7465155096859,1010.9096255989213,1188.6561411086072
2022-05-23 00:00:00+00:00,train,1177.7465155096859,1010.9096255989213,1188.6561411086072
2022-05-23 04:00:00+00:00,train,1177.7465155096859,1010.9096255989213,1188.6561411086072
2022-05-23 08:00:00+00:00,train,1177.7465155096859,1010.9096255989213,1188.6561411086072
2022-05-23 12:00:00+00:00,train,1177.7465155096859,1010.9096255989213,1188.6561411086072
2022-05-23 16:00:00+00:00,train,1177.7465155096859,1010.9096255989213,1188.6561411086072
2022-05-23 20:00:00+00:00,train,1177.7465155096859,1009.3288741588511,1187.075389668537
2022-05-24 00:00:00+00:00,train,1177.7465155096859,1009.3288741588511,1187.075389668537
2022-05-24 04:00:00+00:00,train,1176.3203831951446,1009.3288741588511,1185.6492573539958
2022-05-24 08:00:00+00:00,train,1174.894250880603,1008.8127020887498,1183.7069529693526
2022-05-24 12:00:00+00:00,train,1173.4681185660615,1008.2965300186484,1181.76464858471
2022-05-24 16:00:00+00:00,train,1173.4681185660615,1007.780357948547,1181.2484765146087
2022-05-24 20:00:00+00:00,train,1173.4681185660615,1007.780357948547,1181.2484765146087
2022-05-25 00:00:00+00:00,train,1173.4681185660615,1006.2584228243337,1179.7265413903951
2022-05-25 04:00:00+00:00,train,1173.4681185660615,1006.2584228243337,1179.7265413903951
2022-05-25 08:00:00+00:00,train,1173.4681185660615,1006.2584228243337,1179.7265413903951
2022-05-25 12:00:00+00:00,train,1172.64157948335,1007.5859879621864,1180.2275674455364
2022-05-25 16:00:00+00:00,train,1171.8150404006383,1008.913553100039,1180.7285935006776
2022-05-25 20:00:00+00:00,train,1170.9885013179266,1010.2411182378918,1181.2296195558183
2022-05-26 00:00:00+00:00,train,1170.161962235215,1011.5686833757445,1181.7306456109595
2022-05-26 04:00:00+00:00,train,1169.3354231525036,1012.8962485135971,1182.2316716661007
2022-05-26 08:00:00+00:00,train,1169.3354231525036,1014.2238136514499,1183.5592368039534
2022-05-26 12:00:00+00:00,train,1164.8454320658639,1014.2238136514499,1179.0692457173136
2022-05-26 16:00:00+00:00,train,1164.8454320658639,1012.5090433451054,1177.3544754109694
2022-05-26 20:00:00+00:00,train,1164.8454320658639,1012.5090433451054,1177.3544754109694
2022-05-27 00:00:00+00:00,train,1164.8454320658639,1012.5090433451054,1177.3544754109694
2022-05-27 04:00:00+00:00,train,1164.8454320658639,1012.331049065092,1177.1764811309558
2022-05-27 08:00:00+00:00,train,1164.8454320658639,1012.1530547850786,1176.9984868509423
2022-05-27 12:00:00+00:00,train,1164.8454320658639,1011.9750605050652,1176.8204925709292
2022-05-27 16:00:00+00:00,train,1164.8454320658639,1011.7970662250518,1176.6424982909157
2022-05-27 20:00:00+00:00,train,1164.8454320658639,1011.6190719450384,1176.4645040109021
2022-05-28 00:00:00+00:00,train,1164.8454320658639,1011.441077665025,1176.2865097308886
2022-05-28 04:00:00+00:00,train,1164.8454320658639,1011.2630833850116,1176.1085154508755
2022-05-28 08:00:00+00:00,train,1164.8454320658639,1011.0850891049982,1175.930521170862
2022-05-28 12:00:00+00:00,train,1167.3004543420068,1010.9070948249848,1178.2075491669916
2022-05-28 16:00:00+00:00,train,1169.7554766181495,1010.7291005449714,1180.4845771631208
2022-05-28 20:00:00+00:00,train,1172.2104988942924,1010.7291005449714,1182.939599439264
2022-05-29 00:00:00+00:00,train,1172.2104988942924,1010.7291005449714,1182.939599439264
2022-05-29 04:00:00+00:00,train,1172.2104988942924,1010.7291005449714,1182.939599439264
2022-05-29 08:00:00+00:00,train,1175.6733265449716,1008.9897809746544,1184.663107519626
2022-05-29 12:00:00+00:00,train,1179.136154195651,1008.9897809746544,1188.1259351703056
2022-05-29 16:00:00+00:00,train,1179.136154195651,1008.9897809746544,1188.1259351703056
2022-05-29 20:00:00+00:00,train,1179.136154195651,1008.9897809746544,1188.1259351703056
2022-05-30 00:00:00+00:00,train,1182.1974880119005,1008.9897809746544,1191.187268986555
2022-05-30 04:00:00+00:00,train,1185.25882182815,1008.9897809746544,1194.2486028028043
2022-05-30 08:00:00+00:00,train,1185.25882182815,1008.9897809746544,1194.2486028028043
2022-05-30 12:00:00+00:00,train,1185.25882182815,1008.9897809746544,1194.2486028028043
2022-05-30 16:00:00+00:00,train,1185.25882182815,1008.9897809746544,1194.2486028028043
2022-05-30 20:00:00+00:00,train,1185.25882182815,1008.9897809746544,1194.2486028028043
2022-05-31 00:00:00+00:00,train,1185.25882182815,1008.9897809746544,1194.2486028028043
2022-05-31 04:00:00+00:00,train,1185.25882182815,1008.9897809746544,1194.2486028028043
2022-05-31 08:00:00+00:00,train,1185.25882182815,1008.9897809746544,1194.2486028028043
2022-05-31 12:00:00+00:00,train,1185.25882182815,1008.9897809746544,1194.2486028028043
2022-05-31 16:00:00+00:00,train,1185.25882182815,1008.9897809746544,1194.2486028028043
2022-05-31 20:00:00+00:00,train,1185.25882182815,1007.5124824846823,1192.7713043128324
2022-06-01 00:00:00+00:00,train,1185.25882182815,1007.5124824846823,1192.7713043128324
2022-06-01 04:00:00+00:00,train,1185.25882182815,1007.5124824846823,1192.7713043128324
2022-06-01 08:00:00+00:00,train,1185.25882182815,1006.7974996996728,1192.056321527823
2022-06-01 12:00:00+00:00,train,1185.25882182815,1006.0825169146634,1191.3413387428136
2022-06-01 16:00:00+00:00,train,1185.25882182815,1006.0825169146634,1191.3413387428136
2022-06-01 20:00:00+00:00,train,1185.25882182815,1006.0825169146634,1191.3413387428136
2022-06-02 00:00:00+00:00,train,1185.25882182815,1006.912785783285,1192.1716076114353
2022-06-02 04:00:00+00:00,train,1180.8092049084698,1007.7430546519067,1188.5522595603766
2022-06-02 08:00:00+00:00,train,1180.8092049084698,1008.5733235205283,1189.3825284289983
2022-06-02 12:00:00+00:00,train,1180.8092049084698,1009.4035923891499,1190.2127972976195
2022-06-02 16:00:00+00:00,train,1180.8092049084698,1010.2338612577717,1191.0430661662413
2022-06-02 20:00:00+00:00,train,1180.8092049084698,1011.0641301263933,1191.873335034863
2022-06-03 00:00:00+00:00,train,1180.8092049084698,1011.894398995015,1192.7036039034847
2022-06-03 04:00:00+00:00,train,1180.8092049084698,1012.7246678636366,1193.5338727721064
2022-06-03 08:00:00+00:00,train,1180.8092049084698,1013.5549367322582,1194.3641416407281
2022-06-03 12:00:00+00:00,train,1180.8092049084698,1014.3852056008798,1195.1944105093498
2022-06-03 16:00:00+00:00,train,1180.8092049084698,1014.3852056008798,1195.1944105093498
2022-06-03 20:00:00+00:00,train,1180.8092049084698,1012.8643197781956,1193.6735246866656
2022-06-04 00:00:00+00:00,train,1180.8092049084698,1012.8643197781956,1193.6735246866656
2022-06-04 04:00:00+00:00,train,1180.8092049084698,1011.2236083882698,1192.0328132967397
2022-06-04 08:00:00+00:00,train,1182.434967111962,1011.2236083882698,1193.6585755002316
2022-06-04 12:00:00+00:00,train,1184.0607293154537,1009.6706155176477,1193.7313448331015
2022-06-04 16:00:00+00:00,train,1185.6864915189458,1009.6706155176477,1195.3571070365933
2022-06-04 20:00:00+00:00,train,1187.3122537224376,1008.1724916672125,1195.48474538965
2022-06-05 00:00:00+00:00,train,1187.3122537224376,1008.1724916672125,1195.48474538965
2022-06-05 04:00:00+00:00,train,1187.3122537224376,1006.6609673845312,1193.9732211069686
2022-06-05 08:00:00+00:00,train,1188.5021316790214,1006.6609673845312,1195.1630990635526
2022-06-05 12:00:00+00:00,train,1189.6920096356055,1006.6609673845312,1196.3529770201367
2022-06-05 16:00:00+00:00,train,1190.8818875921893,1006.6609673845312,1197.5428549767203
2022-06-05 20:00:00+00:00,train,1192.0717655487733,1006.6609673845312,1198.7327329333048
2022-06-06 00:00:00+00:00,train,1193.2616435053571,1006.6609673845312,1199.9226108898883
2022-06-06 04:00:00+00:00,train,1193.2616435053571,1006.6609673845312,1199.9226108898883
2022-06-06 08:00:00+00:00,train,1193.2616435053571,1006.6609673845312,1199.9226108898883
2022-06-06 12:00:00+00:00,train,1193.2616435053571,1006.6609673845312,1199.9226108898883
2022-06-06 16:00:00+00:00,train,1193.2616435053571,1006.6609673845312,1199.9226108898883
2022-06-06 20:00:00+00:00,train,1193.2616435053571,1006.6609673845312,1199.9226108898883
2022-06-07 00:00:00+00:00,train,1193.2616435053571,1006.6609673845312,1199.9226108898883
2022-06-07 04:00:00+00:00,train,1193.2616435053571,1006.6609673845312,1199.9226108898883
2022-06-07 08:00:00+00:00,train,1188.412834855797,1006.0736063754158,1194.4864412312127
2022-06-07 12:00:00+00:00,train,1188.412834855797,1005.4862453663005,1193.8990802220974
2022-06-07 16:00:00+00:00,train,1188.412834855797,1004.8988843571852,1193.311719212982
2022-06-07 20:00:00+00:00,train,1187.6480938876878,1004.8988843571852,1192.5469782448731
2022-06-08 00:00:00+00:00,train,1186.8833529195786,1003.0304178447228,1189.9137707643013
2022-06-08 04:00:00+00:00,train,1186.8833529195786,1003.0304178447228,1189.9137707643013
2022-06-08 08:00:00+00:00,train,1186.8833529195786,1003.0304178447228,1189.9137707643013
2022-06-08 12:00:00+00:00,train,1186.8833529195786,1001.1644400008554,1188.047792920434
2022-06-08 16:00:00+00:00,train,1186.8127535098918,1001.1644400008554,1187.9771935107474
2022-06-08 20:00:00+00:00,train,1186.742154100205,1001.1644400008554,1187.9065941010604
2022-06-09 00:00:00+00:00,train,1186.671554690518,1000.2887596905812,1186.9603143810991
2022-06-09 04:00:00+00:00,train,1186.6009552808312,999.413079380307,1186.0140346611379
2022-06-09 08:00:00+00:00,train,1186.5303558711444,999.413079380307,1185.9434352514513
2022-06-09 12:00:00+00:00,train,1186.4597564614576,999.413079380307,1185.8728358417648
2022-06-09 16:00:00+00:00,train,1186.3891570517708,999.413079380307,1185.8022364320777
2022-06-09 20:00:00+00:00,train,1186.318557642084,999.413079380307,1185.7316370223907
2022-06-10 00:00:00+00:00,train,1186.247958232397,997.8187553283433,1184.06671356074
2022-06-10 04:00:00+00:00,train,1186.247958232397,997.8187553283433,1184.06671356074
2022-06-10 08:00:00+00:00,train,1186.247958232397,997.8187553283433,1184.06671356074
2022-06-10 12:00:00+00:00,train,1186.247958232397,997.8187553283433,1184.06671356074
2022-06-10 16:00:00+00:00,train,1186.247958232397,999.4202269919706,1185.6681852243673
2022-06-10 20:00:00+00:00,train,1185.142898946561,1001.0216986555979,1186.1645976021591
2022-06-11 00:00:00+00:00,train,1184.037839660725,1002.6231703192252,1186.66100997995
2022-06-11 04:00:00+00:00,train,1182.9327803748893,1004.2246419828525,1187.1574223577418
2022-06-11 08:00:00+00:00,train,1181.8277210890533,1005.8261136464798,1187.653834735533
2022-06-11 12:00:00+00:00,train,1181.8277210890533,1005.8261136464798,1187.653834735533
2022-06-11 16:00:00+00:00,train,1181.8277210890533,1004.0306634191584,1185.8583845082117
2022-06-11 20:00:00+00:00,train,1181.8277210890533,1004.0306634191584,1185.8583845082117
2022-06-12 00:00:00+00:00,train,1181.8277210890533,1004.0306634191584,1185.8583845082117
2022-06-12 04:00:00+00:00,train,1181.8277210890533,1005.8743378942874,1187.7020589833405
2022-06-12 08:00:00+00:00,train,1181.8277210890533,1007.7180123694164,1189.5457334584698
2022-06-12 12:00:00+00:00,train,1181.8277210890533,1009.5616868445454,1191.3894079335987
2022-06-12 16:00:00+00:00,train,1181.8277210890533,1011.4053613196745,1193.2330824087276
2022-06-12 20:00:00+00:00,train,1181.8277210890533,1013.2490357948035,1195.076756883857
2022-06-13 00:00:00+00:00,train,1181.8277210890533,1013.2490357948035,1195.076756883857
2022-06-13 04:00:00+00:00,train,1181.8277210890533,1010.7718192024669,1192.59954029152
2022-06-13 08:00:00+00:00,train,1181.8277210890533,1010.7718192024669,1192.59954029152
2022-06-13 12:00:00+00:00,train,1181.8277210890533,1008.0302421180303,1189.8579632070837
2022-06-13 16:00:00+00:00,train,1181.8277210890533,1008.0302421180303,1189.8579632070837
2022-06-13 20:00:00+00:00,train,1181.8277210890533,1005.4204823523336,1187.248203441387
2022-06-14 00:00:00+00:00,train,1181.8277210890533,1005.4204823523336,1187.248203441387
2022-06-14 04:00:00+00:00,train,1181.8277210890533,1002.6817736322662,1184.5094947213192
2022-06-14 08:00:00+00:00,train,1181.8277210890533,1002.6817736322662,1184.5094947213192
2022-06-14 12:00:00+00:00,train,1181.8277210890533,999.7759467249857,1181.603667814039
2022-06-14 16:00:00+00:00,train,1181.8277210890533,999.7759467249857,1181.603667814039
2022-06-14 20:00:00+00:00,train,1181.8277210890533,999.7759467249857,1181.603667814039
2022-06-15 00:00:00+00:00,train,1181.8277210890533,996.864715970751,1178.6924370598044
2022-06-15 04:00:00+00:00,train,1181.8277210890533,996.864715970751,1178.6924370598044
2022-06-15 08:00:00+00:00,train,1181.8277210890533,993.9395006650232,1175.7672217540767
2022-06-15 12:00:00+00:00,train,1181.8277210890533,993.9395006650232,1175.7672217540767
2022-06-15 16:00:00+00:00,train,1181.8277210890533,991.2084524030798,1173.036173492133
2022-06-15 20:00:00+00:00,train,1181.8277210890533,991.2084524030798,1173.036173492133
2022-06-16 00:00:00+00:00,train,1181.8277210890533,991.2084524030798,1173.036173492133
2022-06-16 04:00:00+00:00,train,1181.8277210890533,991.2084524030798,1173.036173492133
2022-06-16 08:00:00+00:00,train,1181.8277210890533,991.2084524030798,1173.036173492133
2022-06-16 12:00:00+00:00,train,1181.8277210890533,991.2084524030798,1173.036173492133
2022-06-16 16:00:00+00:00,train,1181.8277210890533,991.2084524030798,1173.036173492133
2022-06-16 20:00:00+00:00,train,1181.8277210890533,991.2084524030798,1173.036173492133
2022-06-17 00:00:00+00:00,train,1181.8277210890533,989.7762452267859,1171.603966315839
2022-06-17 04:00:00+00:00,train,1181.8277210890533,988.3440380504919,1170.1717591395454
2022-06-17 08:00:00+00:00,train,1181.8277210890533,988.3440380504919,1170.1717591395454
2022-06-17 12:00:00+00:00,train,1181.8277210890533,988.3440380504919,1170.1717591395454
2022-06-17 16:00:00+00:00,train,1181.8277210890533,988.3440380504919,1170.1717591395454
2022-06-17 20:00:00+00:00,train,1181.8277210890533,988.3440380504919,1170.1717591395454
2022-06-18 00:00:00+00:00,train,1181.8277210890533,988.3440380504919,1170.1717591395454
2022-06-18 04:00:00+00:00,train,1181.8277210890533,987.8557986895619,1169.683519778615
2022-06-18 08:00:00+00:00,train,1181.8277210890533,987.3675593286317,1169.195280417685
2022-06-18 12:00:00+00:00,train,1181.8277210890533,986.8793199677017,1168.7070410567549
2022-06-18 16:00:00+00:00,train,1181.8277210890533,986.3910806067717,1168.2188016958248
2022-06-18 20:00:00+00:00,train,1181.8277210890533,985.9028412458416,1167.7305623348948
2022-06-19 00:00:00+00:00,train,1181.8277210890533,985.9028412458416,1167.7305623348948
2022-06-19 04:00:00+00:00,train,1181.8277210890533,985.9028412458416,1167.7305623348948
2022-06-19 08:00:00+00:00,train,1181.8277210890533,985.9028412458416,1167.7305623348948
2022-06-19 12:00:00+00:00,train,1181.8277210890533,985.9028412458416,1167.7305623348948
2022-06-19 16:00:00+00:00,train,1181.8277210890533,985.9028412458416,1167.7305623348948
2022-06-19 20:00:00+00:00,train,1181.8277210890533,985.9028412458416,1167.7305623348948
2022-06-20 00:00:00+00:00,train,1181.8277210890533,985.9028412458416,1167.7305623348948
2022-06-20 04:00:00+00:00,train,1181.8277210890533,985.9028412458416,1167.7305623348948
2022-06-20 08:00:00+00:00,train,1181.8277210890533,985.9028412458416,1167.7305623348948
2022-06-20 12:00:00+00:00,train,1181.8277210890533,985.9028412458416,1167.7305623348948
2022-06-20 16:00:00+00:00,train,1176.0906436696941,985.9028412458416,1161.9934849155356
2022-06-20 20:00:00+00:00,train,1176.0906436696941,985.9028412458416,1161.9934849155356
2022-06-21 00:00:00+00:00,train,1176.0906436696941,985.9028412458416,1161.9934849155356
2022-06-21 04:00:00+00:00,train,1176.0906436696941,985.9028412458416,1161.9934849155356
2022-06-21 08:00:00+00:00,train,1181.0964837166082,985.9028412458416,1166.99932496245
2022-06-21 12:00:00+00:00,train,1186.1023237635225,985.9028412458416,1172.0051650093642
2022-06-21 16:00:00+00:00,train,1186.1023237635225,985.9028412458416,1172.0051650093642
2022-06-21 20:00:00+00:00,train,1186.1023237635225,985.9028412458416,1172.0051650093642
2022-06-22 00:00:00+00:00,train,1186.1023237635225,985.9028412458416,1172.0051650093642
2022-06-22 04:00:00+00:00,train,1186.1023237635225,985.9028412458416,1172.0051650093642
2022-06-22 08:00:00+00:00,train,1187.1734621130195,985.9028412458416,1173.076303358861
2022-06-22 12:00:00+00:00,train,1188.2446004625165,985.9028412458416,1174.1474417083582
2022-06-22 16:00:00+00:00,train,1189.3157388120135,985.9028412458416,1175.218580057855
2022-06-22 20:00:00+00:00,train,1190.3868771615105,985.9028412458416,1176.2897184073522
2022-06-23 00:00:00+00:00,train,1191.4580155110075,985.9028412458416,1177.360856756849
2022-06-23 04:00:00+00:00,train,1192.5291538605045,985.9028412458416,1178.4319951063462
2022-06-23 08:00:00+00:00,train,1193.6002922100015,985.9028412458416,1179.503133455843
2022-06-23 12:00:00+00:00,train,1194.6714305594985,985.9028412458416,1180.5742718053402
2022-06-23 16:00:00+00:00,train,1195.7425689089955,985.9028412458416,1181.645410154837
2022-06-23 20:00:00+00:00,train,1195.7425689089955,985.9028412458416,1181.645410154837
2022-06-24 00:00:00+00:00,train,1195.7425689089955,985.9028412458416,1181.645410154837
2022-06-24 04:00:00+00:00,train,1198.3026787100885,985.9028412458416,1184.20551995593
2022-06-24 08:00:00+00:00,train,1200.8627885111816,985.9028412458416,1186.7656297570234
2022-06-24 12:00:00+00:00,train,1203.4228983122746,985.9028412458416,1189.3257395581163
2022-06-24 16:00:00+00:00,train,1203.4228983122746,985.9028412458416,1189.3257395581163
2022-06-24 20:00:00+00:00,train,1203.4228983122746,985.9028412458416,1189.3257395581163
2022-06-25 00:00:00+00:00,train,1203.4228983122746,985.9028412458416,1189.3257395581163
2022-06-25 04:00:00+00:00,train,1203.4228983122746,985.9028412458416,1189.3257395581163
2022-06-25 08:00:00+00:00,train,1203.4228983122746,985.9028412458416,1189.3257395581163
2022-06-25 12:00:00+00:00,train,1203.4228983122746,985.9028412458416,1189.3257395581163
2022-06-25 16:00:00+00:00,train,1203.4228983122746,985.9028412458416,1189.3257395581163
2022-06-25 20:00:00+00:00,train,1203.3770808216138,985.9028412458416,1189.2799220674556
2022-06-26 00:00:00+00:00,train,1203.331263330953,985.9028412458416,1189.2341045767948
2022-06-26 04:00:00+00:00,train,1203.2854458402924,985.9028412458416,1189.188287086134
2022-06-26 08:00:00+00:00,train,1203.2396283496319,985.9028412458416,1189.1424695954734
2022-06-26 12:00:00+00:00,train,1203.1938108589711,985.9028412458416,1189.0966521048126
2022-06-26 16:00:00+00:00,train,1203.1479933683104,985.9028412458416,1189.0508346141519
2022-06-26 20:00:00+00:00,train,1203.1479933683104,985.9028412458416,1189.0508346141519
2022-06-27 00:00:00+00:00,train,1203.1479933683104,985.9028412458416,1189.0508346141519
2022-06-27 04:00:00+00:00,train,1202.3606658941926,985.9028412458416,1188.263507140034
2022-06-27 08:00:00+00:00,train,1201.5733384200748,985.9028412458416,1187.4761796659163
2022-06-27 12:00:00+00:00,train,1200.786010945957,985.9028412458416,1186.6888521917986
2022-06-27 16:00:00+00:00,train,1200.786010945957,985.9028412458416,1186.6888521917986
2022-06-27 20:00:00+00:00,train,1200.786010945957,985.9028412458416,1186.6888521917986
2022-06-28 00:00:00+00:00,train,1199.9953890145784,985.9028412458416,1185.89823026042
2022-06-28 04:00:00+00:00,train,1199.2047670832,985.9028412458416,1185.1076083290418
2022-06-28 08:00:00+00:00,train,1198.4141451518215,985.9028412458416,1184.3169863976632
2022-06-28 12:00:00+00:00,train,1197.623523220443,985.9028412458416,1183.5263644662846
2022-06-28 16:00:00+00:00,train,1197.623523220443,985.9028412458416,1183.5263644662846
2022-06-28 20:00:00+00:00,train,1197.623523220443,985.9028412458416,1183.5263644662846
2022-06-29 00:00:00+00:00,train,1197.623523220443,985.9028412458416,1183.5263644662846
2022-06-29 04:00:00+00:00,train,1197.623523220443,985.9028412458416,1183.5263644662846
2022-06-29 08:00:00+00:00,train,1197.623523220443,985.9028412458416,1183.5263644662846
2022-06-29 12:00:00+00:00,train,1197.623523220443,985.9028412458416,1183.5263644662846
2022-06-29 16:00:00+00:00,train,1197.623523220443,985.9028412458416,1183.5263644662846
2022-06-29 20:00:00+00:00,train,1197.623523220443,984.1889233255293,1181.8124465459723
2022-06-30 00:00:00+00:00,train,1197.623523220443,984.1889233255293,1181.8124465459723
2022-06-30 04:00:00+00:00,train,1197.623523220443,984.1889233255293,1181.8124465459723
2022-06-30 08:00:00+00:00,train,1197.623523220443,983.7402424452839,1181.363765665727
2022-06-30 12:00:00+00:00,train,1197.623523220443,983.2915615650386,1180.9150847854817
2022-06-30 16:00:00+00:00,train,1197.623523220443,982.8428806847932,1180.4664039052363
2022-06-30 20:00:00+00:00,train,1197.623523220443,982.3941998045477,1180.017723024991
2022-07-01 00:00:00+00:00,train,1197.623523220443,982.3941998045477,1180.017723024991
2022-07-01 04:00:00+00:00,train,1197.623523220443,982.3941998045477,1180.017723024991
2022-07-01 08:00:00+00:00,train,1192.7117375957414,982.5813916667396,1175.2931292624808
2022-07-01 12:00:00+00:00,train,1192.7117375957414,982.7685835289315,1175.4803211246726
2022-07-01 16:00:00+00:00,train,1192.7117375957414,982.9557753911233,1175.6675129868645
2022-07-01 20:00:00+00:00,train,1192.9894277627172,983.1429672533152,1176.1323950160322
2022-07-02 00:00:00+00:00,train,1193.267117929693,983.3301591155071,1176.5972770452
2022-07-02 04:00:00+00:00,train,1193.544808096669,983.5173509776989,1177.0621590743676
2022-07-02 08:00:00+00:00,train,1193.822498263645,983.7045428398908,1177.5270411035358
2022-07-02 12:00:00+00:00,train,1194.1001884306208,983.8917347020827,1177.9919231327035
2022-07-02 16:00:00+00:00,train,1194.3778785975967,984.0789265642745,1178.4568051618712
2022-07-02 20:00:00+00:00,train,1194.6555687645725,984.2661184264664,1178.921687191039
2022-07-03 00:00:00+00:00,train,1194.9332589315484,984.4533102886583,1179.3865692202066
2022-07-03 04:00:00+00:00,train,1195.2109490985242,984.6405021508501,1179.8514512493743
2022-07-03 08:00:00+00:00,train,1195.4886392655003,984.6405021508501,1180.1291414163506
2022-07-03 12:00:00+00:00,train,1195.7663294324761,984.6405021508501,1180.4068315833265
2022-07-03 16:00:00+00:00,train,1196.044019599452,983.1924225183631,1179.236442117815
2022-07-03 20:00:00+00:00,train,1196.044019599452,983.1924225183631,1179.236442117815
2022-07-04 00:00:00+00:00,train,1196.044019599452,983.1924225183631,1179.236442117815
2022-07-04 04:00:00+00:00,train,1197.095274472653,981.809861473286,1178.905135945939
2022-07-04 08:00:00+00:00,train,1198.146529345854,981.809861473286,1179.9563908191403
2022-07-04 12:00:00+00:00,train,1199.1977842190552,981.809861473286,1181.0076456923412
2022-07-04 16:00:00+00:00,train,1200.2490390922562,981.809861473286,1182.058900565542
2022-07-04 20:00:00+00:00,train,1201.3002939654573,981.809861473286,1183.1101554387433
2022-07-05 00:00:00+00:00,train,1201.3002939654573,981.809861473286,1183.1101554387433
2022-07-05 04:00:00+00:00,train,1201.3002939654573,981.809861473286,1183.1101554387433
2022-07-05 08:00:00+00:00,train,1197.594177189626,981.809861473286,1179.4040386629122
2022-07-05 12:00:00+00:00,train,1197.594177189626,981.809861473286,1179.4040386629122
2022-07-05 16:00:00+00:00,train,1203.2023074814797,980.3566390207986,1183.5589465022786
2022-07-05 20:00:00+00:00,train,1203.2023074814797,980.3566390207986,1183.5589465022786
2022-07-06 00:00:00+00:00,train,1203.2023074814797,980.3566390207986,1183.5589465022786
2022-07-06 04:00:00+00:00,train,1204.3373144118993,980.3566390207986,1184.693953432698
2022-07-06 08:00:00+00:00,train,1205.4723213423192,980.3566390207986,1185.8289603631179
2022-07-06 12:00:00+00:00,train,1206.6073282727389,980.3566390207986,1186.9639672935373
2022-07-06 16:00:00+00:00,train,1207.7423352031587,980.3566390207986,1188.0989742239572
2022-07-06 20:00:00+00:00,train,1208.8773421335784,980.3566390207986,1189.233981154377
2022-07-07 00:00:00+00:00,train,1208.8773421335784,980.3566390207986,1189.233981154377
2022-07-07 04:00:00+00:00,train,1208.8773421335784,980.3566390207986,1189.233981154377
2022-07-07 08:00:00+00:00,train,1210.56385981722,980.3566390207986,1190.9204988380188
2022-07-07 12:00:00+00:00,train,1212.2503775008615,980.3566390207986,1192.6070165216602
2022-07-07 16:00:00+00:00,train,1213.936895184503,980.3566390207986,1194.2935342053015
2022-07-07 20:00:00+00:00,train,1213.936895184503,980.3566390207986,1194.2935342053015
2022-07-08 00:00:00+00:00,train,1213.936895184503,980.3566390207986,1194.2935342053015
2022-07-08 04:00:00+00:00,train,1213.936895184503,980.3566390207986,1194.2935342053015
2022-07-08 08:00:00+00:00,train,1213.936895184503,980.3566390207986,1194.2935342053015
2022-07-08 12:00:00+00:00,train,1213.9090704477064,980.3566390207986,1194.265709468505
2022-07-08 16:00:00+00:00,train,1213.8812457109095,980.3566390207986,1194.2378847317082
2022-07-08 20:00:00+00:00,train,1213.8534209741129,980.3566390207986,1194.2100599949117
2022-07-09 00:00:00+00:00,train,1213.8255962373162,980.3566390207986,1194.1822352581148
2022-07-09 04:00:00+00:00,train,1213.7977715005193,980.3566390207986,1194.154410521318
2022-07-09 08:00:00+00:00,train,1213.7699467637226,980.3566390207986,1194.126585784521
2022-07-09 12:00:00+00:00,train,1213.742122026926,980.3566390207986,1194.0987610477246
2022-07-09 16:00:00+00:00,train,1213.714297290129,980.3566390207986,1194.0709363109277
2022-07-09 20:00:00+00:00,train,1213.6864725533324,980.3566390207986,1194.0431115741312
2022-07-10 00:00:00+00:00,train,1213.6586478165357,980.3566390207986,1194.0152868373343
2022-07-10 04:00:00+00:00,train,1213.6586478165357,980.3566390207986,1194.0152868373343
2022-07-10 08:00:00+00:00,train,1213.6586478165357,980.3566390207986,1194.0152868373343
2022-07-10 12:00:00+00:00,train,1213.6586478165357,980.3566390207986,1194.0152868373343
2022-07-10 16:00:00+00:00,train,1213.6586478165357,980.3566390207986,1194.0152868373343
2022-07-10 20:00:00+00:00,train,1213.6586478165357,980.3566390207986,1194.0152868373343
2022-07-11 00:00:00+00:00,train,1213.6586478165357,980.3566390207986,1194.0152868373343
2022-07-11 04:00:00+00:00,train,1213.6586478165357,980.3566390207986,1194.0152868373343
2022-07-11 08:00:00+00:00,train,1213.6586478165357,980.3566390207986,1194.0152868373343
2022-07-11 12:00:00+00:00,train,1213.6586478165357,980.3566390207986,1194.0152868373343
2022-07-11 16:00:00+00:00,train,1213.6586478165357,980.3566390207986,1194.0152868373343
2022-07-11 20:00:00+00:00,train,1213.6586478165357,980.3566390207986,1194.0152868373343
2022-07-12 00:00:00+00:00,train,1213.6586478165357,980.3566390207986,1194.0152868373343
2022-07-12 04:00:00+00:00,train,1213.3061986862676,979.1651711062171,1192.471369792485
2022-07-12 08:00:00+00:00,train,1212.9537495559996,979.1651711062171,1192.1189206622166
2022-07-12 12:00:00+00:00,train,1212.6013004257316,977.9993099582979,1190.6006103840296
2022-07-12 16:00:00+00:00,train,1212.2488512954635,977.9993099582979,1190.2481612537613
2022-07-12 20:00:00+00:00,train,1212.2488512954635,977.9993099582979,1190.2481612537613
2022-07-13 00:00:00+00:00,train,1212.2488512954635,977.3784501789557,1189.6273014744193
2022-07-13 04:00:00+00:00,train,1212.1122946030353,976.7575903996136,1188.869885002649
2022-07-13 08:00:00+00:00,train,1211.9757379106072,976.7575903996136,1188.7333283102207
2022-07-13 12:00:00+00:00,train,1211.839181218179,975.6479906431706,1187.4871718613495
2022-07-13 16:00:00+00:00,train,1211.839181218179,975.6479906431706,1187.4871718613495
2022-07-13 20:00:00+00:00,train,1211.839181218179,974.3997143400267,1186.2388955582055
2022-07-14 00:00:00+00:00,train,1216.6603653745103,974.3997143400267,1191.060079714537
2022-07-14 04:00:00+00:00,train,1216.6603653745103,974.3997143400267,1191.060079714537
2022-07-14 08:00:00+00:00,train,1216.6603653745103,974.3997143400267,1191.060079714537
2022-07-14 12:00:00+00:00,train,1218.9563292350508,973.2049312051078,1192.1612604401585
2022-07-14 16:00:00+00:00,train,1221.2522930955915,973.2049312051078,1194.4572243006992
2022-07-14 20:00:00+00:00,train,1221.2522930955915,973.2049312051078,1194.4572243006992
2022-07-15 00:00:00+00:00,train,1221.2522930955915,973.2049312051078,1194.4572243006992
2022-07-15 04:00:00+00:00,train,1222.1747974906957,973.2049312051078,1195.3797286958034
2022-07-15 08:00:00+00:00,train,1223.0973018857999,973.2049312051078,1196.3022330909075
2022-07-15 12:00:00+00:00,train,1224.019806280904,973.2049312051078,1197.2247374860117
2022-07-15 16:00:00+00:00,train,1224.9423106760082,973.2049312051078,1198.1472418811159
2022-07-15 20:00:00+00:00,train,1225.8648150711124,973.2049312051078,1199.06974627622
2022-07-16 00:00:00+00:00,train,1225.8648150711124,973.2049312051078,1199.06974627622
2022-07-16 04:00:00+00:00,train,1225.8648150711124,973.2049312051078,1199.06974627622
2022-07-16 08:00:00+00:00,train,1227.4683874285772,973.2049312051078,1200.673318633685
2022-07-16 12:00:00+00:00,train,1229.071959786042,973.2049312051078,1202.2768909911497
2022-07-16 16:00:00+00:00,train,1230.6755321435066,973.2049312051078,1203.8804633486143
2022-07-16 20:00:00+00:00,train,1230.6755321435066,973.2049312051078,1203.8804633486143
2022-07-17 00:00:00+00:00,train,1230.6755321435066,973.2049312051078,1203.8804633486143
2022-07-17 04:00:00+00:00,train,1230.3358316217482,973.2049312051078,1203.5407628268558
2022-07-17 08:00:00+00:00,train,1229.9961310999895,973.2049312051078,1203.2010623050974
2022-07-17 12:00:00+00:00,train,1229.6564305782313,973.2049312051078,1202.861361783339
2022-07-17 16:00:00+00:00,train,1229.6564305782313,973.2049312051078,1202.861361783339
2022-07-17 20:00:00+00:00,train,1229.6564305782313,973.2049312051078,1202.861361783339
2022-07-18 00:00:00+00:00,train,1234.3277318721944,973.2049312051078,1207.532663077302
2022-07-18 04:00:00+00:00,train,1234.3277318721944,973.2049312051078,1207.532663077302
2022-07-18 08:00:00+00:00,train,1234.3277318721944,973.2049312051078,1207.532663077302
2022-07-18 12:00:00+00:00,train,1234.3277318721944,973.2049312051078,1207.532663077302
2022-07-18 16:00:00+00:00,train,1231.5706797920784,973.2049312051078,1204.775610997186
2022-07-18 20:00:00+00:00,train,1231.5706797920784,973.2049312051078,1204.775610997186
2022-07-19 00:00:00+00:00,train,1237.2307487934677,973.2049312051078,1210.4356799985753
2022-07-19 04:00:00+00:00,train,1237.2307487934677,973.2049312051078,1210.4356799985753
2022-07-19 08:00:00+00:00,train,1237.2307487934677,973.2049312051078,1210.4356799985753
2022-07-19 12:00:00+00:00,train,1243.240798590645,973.2049312051078,1216.4457297957529
2022-07-19 16:00:00+00:00,train,1243.240798590645,973.2049312051078,1216.4457297957529
2022-07-19 20:00:00+00:00,train,1243.240798590645,973.2049312051078,1216.4457297957529
2022-07-20 00:00:00+00:00,train,1242.4005129340187,973.2049312051078,1215.6054441391266
2022-07-20 04:00:00+00:00,train,1241.5602272773922,973.2049312051078,1214.7651584824998
2022-07-20 08:00:00+00:00,train,1240.719941620766,973.2049312051078,1213.9248728258735
2022-07-20 12:00:00+00:00,train,1239.8796559641394,973.2049312051078,1213.0845871692472
2022-07-20 16:00:00+00:00,train,1239.0393703075133,973.2049312051078,1212.244301512621
2022-07-20 20:00:00+00:00,train,1239.0393703075133,973.2049312051078,1212.244301512621
2022-07-21 00:00:00+00:00,train,1239.0393703075133,973.2049312051078,1212.244301512621
2022-07-21 04:00:00+00:00,train,1239.0393703075133,973.2049312051078,1212.244301512621
2022-07-21 08:00:00+00:00,train,1241.3988488363545,973.2049312051078,1214.6037800414624
2022-07-21 12:00:00+00:00,train,1243.758327365196,973.2049312051078,1216.9632585703039
2022-07-21 16:00:00+00:00,train,1246.1178058940372,973.2049312051078,1219.322737099145
2022-07-21 20:00:00+00:00,train,1246.1178058940372,973.2049312051078,1219.322737099145
2022-07-22 00:00:00+00:00,train,1246.1178058940372,973.2049312051078,1219.322737099145
2022-07-22 04:00:00+00:00,train,1244.905424364515,973.2049312051078,1218.1103555696227
2022-07-22 08:00:00+00:00,train,1243.6930428349929,973.2049312051078,1216.8979740401005
2022-07-22 12:00:00+00:00,train,1242.4806613054704,973.2049312051078,1215.6855925105783
2022-07-22 16:00:00+00:00,train,1242.4806613054704,973.2049312051078,1215.6855925105783
2022-07-22 20:00:00+00:00,train,1242.4806613054704,973.2049312051078,1215.6855925105783
2022-07-23 00:00:00+00:00,train,1241.9415776565256,973.2049312051078,1215.1465088616333
2022-07-23 04:00:00+00:00,train,1241.4024940075808,973.2049312051078,1214.6074252126887
2022-07-23 08:00:00+00:00,train,1240.863410358636,973.2049312051078,1214.0683415637436
2022-07-23 12:00:00+00:00,train,1240.3243267096911,973.2049312051078,1213.529257914799
2022-07-23 16:00:00+00:00,train,1239.7852430607466,973.2049312051078,1212.9901742658544
2022-07-23 20:00:00+00:00,train,1239.7852430607466,973.2049312051078,1212.9901742658544
2022-07-24 00:00:00+00:00,train,1239.7852430607466,973.2049312051078,1212.9901742658544
2022-07-24 04:00:00+00:00,train,1239.7852430607466,973.2049312051078,1212.9901742658544
2022-07-24 08:00:00+00:00,train,1239.7852430607466,973.2049312051078,1212.9901742658544
2022-07-24 12:00:00+00:00,train,1239.7852430607466,973.2049312051078,1212.9901742658544
2022-07-24 16:00:00+00:00,train,1239.7852430607466,973.2049312051078,1212.9901742658544
2022-07-24 20:00:00+00:00,train,1239.7852430607466,973.2049312051078,1212.9901742658544
2022-07-25 00:00:00+00:00,train,1239.7852430607466,973.2049312051078,1212.9901742658544
2022-07-25 04:00:00+00:00,train,1239.7852430607466,973.2049312051078,1212.9901742658544
2022-07-25 08:00:00+00:00,train,1239.0212447851927,973.2049312051078,1212.2261759903004
2022-07-25 12:00:00+00:00,train,1238.2572465096387,973.2049312051078,1211.4621777147463
2022-07-25 16:00:00+00:00,train,1237.4932482340848,975.7392021496918,1213.2324503837767
2022-07-25 20:00:00+00:00,train,1236.7292499585308,978.2734730942759,1215.0027230528067
2022-07-26 00:00:00+00:00,train,1236.7292499585308,980.8077440388599,1217.5369939973907
2022-07-26 04:00:00+00:00,train,1236.7292499585308,980.8077440388599,1217.5369939973907
2022-07-26 08:00:00+00:00,train,1236.7292499585308,979.2425143560582,1215.971764314589
2022-07-26 12:00:00+00:00,train,1237.5016944314602,979.2425143560582,1216.7442087875183
2022-07-26 16:00:00+00:00,train,1238.2741389043897,977.6978113216173,1215.9719502260068
2022-07-26 20:00:00+00:00,train,1239.0465833773194,977.6978113216173,1216.744394698937
2022-07-27 00:00:00+00:00,train,1239.8190278502489,977.6978113216173,1217.5168391718662
2022-07-27 04:00:00+00:00,train,1240.5914723231783,976.2300693230131,1216.8215416461917
2022-07-27 08:00:00+00:00,train,1241.3639167961078,976.2300693230131,1217.593986119121
2022-07-27 12:00:00+00:00,train,1242.1363612690375,974.854273470426,1216.9906347394635
2022-07-27 16:00:00+00:00,train,1242.908805741967,974.854273470426,1217.7630792123928
2022-07-27 20:00:00+00:00,train,1242.908805741967,974.854273470426,1217.7630792123928
2022-07-28 00:00:00+00:00,train,1242.908805741967,974.854273470426,1217.7630792123928
2022-07-28 04:00:00+00:00,train,1244.2684858778077,974.854273470426,1219.1227593482336
2022-07-28 08:00:00+00:00,train,1245.6281660136485,974.854273470426,1220.4824394840743
2022-07-28 12:00:00+00:00,train,1246.9878461494893,974.854273470426,1221.8421196199151
2022-07-28 16:00:00+00:00,train,1248.34752628533,974.854273470426,1223.201799755756
2022-07-28 20:00:00+00:00,train,1248.34752628533,974.854273470426,1223.201799755756
2022-07-29 00:00:00+00:00,train,1248.34752628533,974.854273470426,1223.201799755756
2022-07-29 04:00:00+00:00,train,1248.34752628533,974.854273470426,1223.201799755756
2022-07-29 08:00:00+00:00,train,1248.34752628533,974.854273470426,1223.201799755756
2022-07-29 12:00:00+00:00,train,1248.34752628533,974.854273470426,1223.201799755756
2022-07-29 16:00:00+00:00,train,1248.34752628533,974.854273470426,1223.201799755756
2022-07-29 20:00:00+00:00,train,1248.34752628533,974.854273470426,1223.201799755756
2022-07-30 00:00:00+00:00,train,1248.34752628533,974.854273470426,1223.201799755756
2022-07-30 04:00:00+00:00,train,1250.2331083502922,974.854273470426,1225.0873818207183
2022-07-30 08:00:00+00:00,train,1252.1186904152542,974.854273470426,1226.9729638856802
2022-07-30 12:00:00+00:00,train,1254.0042724802163,974.854273470426,1228.858545950642
2022-07-30 16:00:00+00:00,train,1254.0042724802163,974.854273470426,1228.858545950642
2022-07-30 20:00:00+00:00,train,1254.0042724802163,974.854273470426,1228.858545950642
2022-07-31 00:00:00+00:00,train,1250.111280237039,974.854273470426,1224.965553707465
2022-07-31 04:00:00+00:00,train,1250.111280237039,974.854273470426,1224.965553707465
2022-07-31 08:00:00+00:00,train,1250.111280237039,974.854273470426,1224.965553707465
2022-07-31 12:00:00+00:00,train,1249.2400170132667,974.854273470426,1224.094290483693
2022-07-31 16:00:00+00:00,train,1248.3687537894943,974.854273470426,1223.2230272599204
2022-07-31 20:00:00+00:00,train,1247.4974905657223,974.854273470426,1222.3517640361483
2022-08-01 00:00:00+00:00,train,1247.4974905657223,974.854273470426,1222.3517640361483
2022-08-01 04:00:00+00:00,train,1247.4974905657223,974.854273470426,1222.3517640361483
2022-08-01 08:00:00+00:00,train,1247.4974905657223,974.854273470426,1222.3517640361483
2022-08-01 12:00:00+00:00,train,1247.4974905657223,974.854273470426,1222.3517640361483
2022-08-01 16:00:00+00:00,train,1247.4974905657223,974.854273470426,1222.3517640361483
2022-08-01 20:00:00+00:00,train,1247.4974905657223,974.854273470426,1222.3517640361483
2022-08-02 00:00:00+00:00,train,1247.4974905657223,974.854273470426,1222.3517640361483
2022-08-02 04:00:00+00:00,train,1247.4974905657223,974.854273470426,1222.3517640361483
2022-08-02 08:00:00+00:00,train,1247.4974905657223,974.854273470426,1222.3517640361483
2022-08-02 12:00:00+00:00,train,1247.4974905657223,974.854273470426,1222.3517640361483
2022-08-02 16:00:00+00:00,train,1247.4974905657223,974.854273470426,1222.3517640361483
2022-08-02 20:00:00+00:00,train,1247.4974905657223,974.854273470426,1222.3517640361483
2022-08-03 00:00:00+00:00,train,1247.4974905657223,974.854273470426,1222.3517640361483
2022-08-03 04:00:00+00:00,train,1247.4974905657223,974.854273470426,1222.3517640361483
2022-08-03 08:00:00+00:00,train,1247.4974905657223,973.2911706352941,1220.788661201016
2022-08-03 12:00:00+00:00,train,1247.4974905657223,973.2911706352941,1220.788661201016
2022-08-03 16:00:00+00:00,train,1247.4974905657223,971.8050583319671,1219.3025488976891
2022-08-03 20:00:00+00:00,train,1247.4974905657223,971.8050583319671,1219.3025488976891
2022-08-04 00:00:00+00:00,train,1247.4974905657223,970.2689855067669,1217.7664760724892
2022-08-04 04:00:00+00:00,train,1247.4974905657223,970.2689855067669,1217.7664760724892
2022-08-04 08:00:00+00:00,train,1247.4974905657223,970.2689855067669,1217.7664760724892
2022-08-04 12:00:00+00:00,train,1247.4974905657223,968.8063125675764,1216.3038031332985
2022-08-04 16:00:00+00:00,train,1248.6213754583082,968.8063125675764,1217.4276880258844
2022-08-04 20:00:00+00:00,train,1249.7452603508941,968.8063125675764,1218.5515729184704
2022-08-05 00:00:00+00:00,train,1250.86914524348,967.4433705575452,1218.3125158010253
2022-08-05 04:00:00+00:00,train,1251.9930301360662,967.4433705575452,1219.4364006936112
2022-08-05 08:00:00+00:00,train,1253.116915028652,967.4433705575452,1220.560285586197
2022-08-05 12:00:00+00:00,train,1253.116915028652,967.4433705575452,1220.560285586197
2022-08-05 16:00:00+00:00,train,1253.116915028652,967.4433705575452,1220.560285586197
2022-08-05 20:00:00+00:00,train,1253.2231363899784,966.175658756041,1219.3987951460194
2022-08-06 00:00:00+00:00,train,1253.3293577513048,966.175658756041,1219.5050165073458
2022-08-06 04:00:00+00:00,train,1253.435579112631,966.175658756041,1219.611237868672
2022-08-06 08:00:00+00:00,train,1253.5418004739574,966.175658756041,1219.7174592299984
2022-08-06 12:00:00+00:00,train,1253.6480218352838,966.175658756041,1219.8236805913248
2022-08-06 16:00:00+00:00,train,1253.75424319661,966.175658756041,1219.929901952651
2022-08-06 20:00:00+00:00,train,1253.8604645579364,966.175658756041,1220.0361233139774
2022-08-07 00:00:00+00:00,train,1253.9666859192628,966.175658756041,1220.1423446753038
2022-08-07 04:00:00+00:00,train,1254.072907280589,965.1236122186109,1219.1965194992
2022-08-07 08:00:00+00:00,train,1254.1791286419154,965.1236122186109,1219.3027408605262
2022-08-07 12:00:00+00:00,train,1254.2853500032418,964.1518880614815,1218.4372380647233
2022-08-07 16:00:00+00:00,train,1254.391571364568,964.1518880614815,1218.5434594260496
2022-08-07 20:00:00+00:00,train,1254.391571364568,964.1518880614815,1218.5434594260496
2022-08-08 00:00:00+00:00,train,1257.7884250201841,964.1518880614815,1221.9403130816654
2022-08-08 04:00:00+00:00,train,1257.7884250201841,964.1518880614815,1221.9403130816654
2022-08-08 08:00:00+00:00,train,1257.7884250201841,964.1518880614815,1221.9403130816654
2022-08-08 12:00:00+00:00,train,1257.7884250201841,964.1518880614815,1221.9403130816654
2022-08-08 16:00:00+00:00,train,1257.7884250201841,964.1518880614815,1221.9403130816654
2022-08-08 20:00:00+00:00,train,1257.7884250201841,964.1518880614815,1221.9403130816654
2022-08-09 00:00:00+00:00,train,1257.7884250201841,964.1518880614815,1221.9403130816654
2022-08-09 04:00:00+00:00,train,1257.7884250201841,964.1518880614815,1221.9403130816654
2022-08-09 08:00:00+00:00,train,1257.7884250201841,964.1518880614815,1221.9403130816654
2022-08-09 12:00:00+00:00,train,1255.1704947877843,964.1518880614815,1219.3223828492655
2022-08-09 16:00:00+00:00,train,1255.1704947877843,964.1518880614815,1219.3223828492655
2022-08-09 20:00:00+00:00,train,1255.1704947877843,964.1518880614815,1219.3223828492655
2022-08-10 00:00:00+00:00,train,1253.9745178766286,964.1518880614815,1218.12640593811
2022-08-10 04:00:00+00:00,train,1252.778540965473,964.1518880614815,1216.9304290269547
2022-08-10 08:00:00+00:00,train,1252.778540965473,964.1518880614815,1216.9304290269547
2022-08-10 12:00:00+00:00,train,1256.2862933918182,964.1518880614815,1220.4381814532999
2022-08-10 16:00:00+00:00,train,1256.2862933918182,964.1518880614815,1220.4381814532999
2022-08-10 20:00:00+00:00,train,1256.2862933918182,964.1518880614815,1220.4381814532999
2022-08-11 00:00:00+00:00,train,1260.147861051582,964.1518880614815,1224.2997491130636
2022-08-11 04:00:00+00:00,train,1260.147861051582,964.1518880614815,1224.2997491130636
2022-08-11 08:00:00+00:00,train,1260.147861051582,964.1518880614815,1224.2997491130636
2022-08-11 12:00:00+00:00,train,1258.9960028755106,964.1518880614815,1223.147890936992
2022-08-11 16:00:00+00:00,train,1257.8441446994393,964.1518880614815,1221.9960327609206
2022-08-11 20:00:00+00:00,train,1257.8441446994393,964.1518880614815,1221.9960327609206
2022-08-12 00:00:00+00:00,train,1257.8441446994393,964.1518880614815,1221.9960327609206
2022-08-12 04:00:00+00:00,train,1258.8742590449206,964.1518880614815,1223.0261471064023
2022-08-12 08:00:00+00:00,train,1259.9043733904018,964.1518880614815,1224.056261451883
2022-08-12 12:00:00+00:00,train,1260.934487735883,964.1518880614815,1225.0863757973648
2022-08-12 16:00:00+00:00,train,1261.964602081364,964.1518880614815,1226.1164901428456
2022-08-12 20:00:00+00:00,train,1261.964602081364,964.1518880614815,1226.1164901428456
2022-08-13 00:00:00+00:00,train,1265.9869679043895,964.1518880614815,1230.1388559658708
2022-08-13 04:00:00+00:00,train,1265.9869679043895,964.1518880614815,1230.1388559658708
2022-08-13 08:00:00+00:00,train,1265.9869679043895,964.1518880614815,1230.1388559658708
2022-08-13 12:00:00+00:00,train,1265.630555449228,964.1518880614815,1229.7824435107095
2022-08-13 16:00:00+00:00,train,1265.2741429940668,964.1518880614815,1229.4260310555483
2022-08-13 20:00:00+00:00,train,1264.9177305389053,964.1518880614815,1229.069618600387
2022-08-14 00:00:00+00:00,train,1264.5613180837438,964.1518880614815,1228.7132061452253
2022-08-14 04:00:00+00:00,train,1264.2049056285823,964.1518880614815,1228.3567936900636
2022-08-14 08:00:00+00:00,train,1263.848493173421,964.1518880614815,1228.0003812349023
2022-08-14 12:00:00+00:00,train,1263.4920807182593,964.1518880614815,1227.643968779741
2022-08-14 16:00:00+00:00,train,1263.4920807182593,964.1518880614815,1227.643968779741
2022-08-14 20:00:00+00:00,train,1263.4920807182593,964.1518880614815,1227.643968779741
2022-08-15 00:00:00+00:00,train,1263.4920807182593,964.1518880614815,1227.643968779741
2022-08-15 04:00:00+00:00,train,1263.4920807182593,964.1518880614815,1227.643968779741
2022-08-15 08:00:00+00:00,train,1263.4920807182593,964.1518880614815,1227.643968779741
2022-08-15 12:00:00+00:00,train,1263.2802634354357,964.1518880614815,1227.432151496917
2022-08-15 16:00:00+00:00,train,1263.068446152612,964.1518880614815,1227.2203342140938
2022-08-15 20:00:00+00:00,train,1262.8566288697882,964.1518880614815,1227.0085169312697
2022-08-16 00:00:00+00:00,train,1262.6448115869646,964.1518880614815,1226.796699648446
2022-08-16 04:00:00+00:00,train,1262.432994304141,964.1518880614815,1226.5848823656224
2022-08-16 08:00:00+00:00,train,1262.2211770213173,964.1518880614815,1226.3730650827988
2022-08-16 12:00:00+00:00,train,1262.0093597384937,964.1518880614815,1226.1612477999752
2022-08-16 16:00:00+00:00,train,1261.79754245567,964.1518880614815,1225.9494305171515
2022-08-16 20:00:00+00:00,train,1261.5857251728462,964.1518880614815,1225.737613234328
2022-08-17 00:00:00+00:00,train,1261.3739078900226,964.1518880614815,1225.5257959515038
2022-08-17 04:00:00+00:00,train,1261.162090607199,964.1518880614815,1225.3139786686806
2022-08-17 08:00:00+00:00,train,1260.9502733243753,964.1518880614815,1225.1021613858566
2022-08-17 12:00:00+00:00,train,1260.9502733243753,964.1518880614815,1225.1021613858566
2022-08-17 16:00:00+00:00,train,1260.9502733243753,964.1518880614815,1225.1021613858566
2022-08-17 20:00:00+00:00,train,1260.9502733243753,964.1518880614815,1225.1021613858566
2022-08-18 00:00:00+00:00,train,1260.4681504092275,962.8976413792241,1223.3657917884516
2022-08-18 04:00:00+00:00,train,1259.98602749408,962.8976413792241,1222.883668873304
2022-08-18 08:00:00+00:00,train,1259.5039045789322,961.7278094866956,1221.2317140656278
2022-08-18 12:00:00+00:00,train,1259.0217816637846,961.7278094866956,1220.7495911504802
2022-08-18 16:00:00+00:00,train,1258.5396587486368,961.7278094866956,1220.2674682353327
2022-08-18 20:00:00+00:00,train,1258.057535833489,964.5784614290941,1222.6359972625833
2022-08-19 00:00:00+00:00,train,1258.057535833489,967.4291133714927,1225.4866492049819
2022-08-19 04:00:00+00:00,train,1258.057535833489,967.4291133714927,1225.4866492049819
2022-08-19 08:00:00+00:00,train,1258.057535833489,967.4291133714927,1225.4866492049819
2022-08-19 12:00:00+00:00,train,1258.057535833489,965.9797923480276,1224.0373281815164
2022-08-19 16:00:00+00:00,train,1258.057535833489,965.9797923480276,1224.0373281815164
2022-08-19 20:00:00+00:00,train,1258.057535833489,965.9797923480276,1224.0373281815164
2022-08-20 00:00:00+00:00,train,1258.057535833489,967.4142248132923,1225.4717606467811
2022-08-20 04:00:00+00:00,train,1258.057535833489,968.8486572785571,1226.906193112046
2022-08-20 08:00:00+00:00,train,1258.057535833489,970.2830897438218,1228.3406255773107
2022-08-20 12:00:00+00:00,train,1258.057535833489,971.7175222090867,1229.775058042576
2022-08-20 16:00:00+00:00,train,1258.057535833489,973.1519546743514,1231.2094905078402
2022-08-20 20:00:00+00:00,train,1258.057535833489,973.1519546743514,1231.2094905078402
2022-08-21 00:00:00+00:00,train,1259.1726864989535,973.1519546743514,1232.3246411733048
2022-08-21 04:00:00+00:00,train,1260.287837164418,973.1519546743514,1233.4397918387695
2022-08-21 08:00:00+00:00,train,1261.4029878298825,971.8096157550918,1233.2126035849742
2022-08-21 12:00:00+00:00,train,1262.518138495347,971.8096157550918,1234.3277542504388
2022-08-21 16:00:00+00:00,train,1263.6332891608117,970.576898795782,1234.2101879565935
2022-08-21 20:00:00+00:00,train,1263.6332891608117,970.576898795782,1234.2101879565935
2022-08-22 00:00:00+00:00,train,1263.6332891608117,970.576898795782,1234.2101879565935
2022-08-22 04:00:00+00:00,train,1263.6332891608117,973.6255871077393,1237.258876268551
2022-08-22 08:00:00+00:00,train,1263.6332891608117,976.6742754196965,1240.3075645805084
2022-08-22 12:00:00+00:00,train,1263.6332891608117,976.6742754196965,1240.3075645805084
2022-08-22 16:00:00+00:00,train,1263.5442095303472,976.6742754196965,1240.2184849500436
2022-08-22 20:00:00+00:00,train,1263.4551298998824,975.4577410610717,1238.912870960954
2022-08-23 00:00:00+00:00,train,1263.3660502694179,975.4577410610717,1238.8237913304897
2022-08-23 04:00:00+00:00,train,1263.2769706389533,975.4577410610717,1238.734711700025
2022-08-23 08:00:00+00:00,train,1263.1878910084886,974.3070915067124,1237.4949825152007
2022-08-23 12:00:00+00:00,train,1263.098811378024,974.3070915067124,1237.4059028847364
2022-08-23 16:00:00+00:00,train,1263.0097317475593,974.3070915067124,1237.3168232542716
2022-08-23 20:00:00+00:00,train,1262.9206521170947,974.0820600285716,1237.0027121456665
2022-08-24 00:00:00+00:00,train,1262.8315724866302,973.8570285504309,1236.6886010370608
2022-08-24 04:00:00+00:00,train,1262.8315724866302,973.63199707229,1236.4635695589204
2022-08-24 08:00:00+00:00,train,1262.8315724866302,973.4069655941493,1236.2385380807796
2022-08-24 12:00:00+00:00,train,1262.7951040349221,973.1819341160084,1235.9770381509306
2022-08-24 16:00:00+00:00,train,1262.758635583214,973.1819341160084,1235.9405696992226
2022-08-24 20:00:00+00:00,train,1262.722167131506,973.1819341160084,1235.9041012475145
2022-08-25 00:00:00+00:00,train,1262.722167131506,972.1127199515042,1234.8348870830105
2022-08-25 04:00:00+00:00,train,1262.722167131506,972.1127199515042,1234.8348870830105
2022-08-25 08:00:00+00:00,train,1262.722167131506,972.1127199515042,1234.8348870830105
2022-08-25 12:00:00+00:00,train,1262.722167131506,972.1127199515042,1234.8348870830105
2022-08-25 16:00:00+00:00,train,1262.722167131506,972.1127199515042,1234.8348870830105
2022-08-25 20:00:00+00:00,train,1262.722167131506,972.1127199515042,1234.8348870830105
2022-08-26 00:00:00+00:00,train,1262.722167131506,972.1127199515042,1234.8348870830105
2022-08-26 04:00:00+00:00,train,1262.722167131506,971.7801820659873,1234.5023491974935
2022-08-26 08:00:00+00:00,train,1262.722167131506,971.4476441804704,1234.1698113119764
2022-08-26 12:00:00+00:00,train,1262.722167131506,971.1151062949535,1233.8372734264594
2022-08-26 16:00:00+00:00,train,1262.722167131506,971.1151062949535,1233.8372734264594
2022-08-26 20:00:00+00:00,train,1262.722167131506,971.1151062949535,1233.8372734264594
2022-08-27 00:00:00+00:00,train,1262.722167131506,972.330820196893,1235.052987328399
2022-08-27 04:00:00+00:00,train,1262.722167131506,973.5465340988324,1236.2687012303386
2022-08-27 08:00:00+00:00,train,1262.722167131506,974.7622480007718,1237.4844151322777
2022-08-27 12:00:00+00:00,train,1262.722167131506,975.9779619027113,1238.7001290342173
2022-08-27 16:00:00+00:00,train,1262.722167131506,977.1936758046506,1239.9158429361569
2022-08-27 20:00:00+00:00,train,1262.722167131506,977.1936758046506,1239.9158429361569
2022-08-28 00:00:00+00:00,train,1262.722167131506,977.1936758046506,1239.9158429361569
2022-08-28 04:00:00+00:00,train,1262.722167131506,976.0478441545122,1238.7700112860184
2022-08-28 08:00:00+00:00,train,1262.722167131506,976.0478441545122,1238.7700112860184
2022-08-28 12:00:00+00:00,train,1262.722167131506,976.0478441545122,1238.7700112860184
2022-08-28 16:00:00+00:00,train,1262.722167131506,974.9888786694569,1237.711045800963
2022-08-28 20:00:00+00:00,train,1262.722167131506,974.9888786694569,1237.711045800963
2022-08-29 00:00:00+00:00,train,1262.722167131506,973.8561694090662,1236.5783365405723
2022-08-29 04:00:00+00:00,train,1264.164132741588,973.8561694090662,1238.020302150654
2022-08-29 08:00:00+00:00,train,1265.60609835167,973.8561694090662,1239.4622677607363
2022-08-29 12:00:00+00:00,train,1267.0480639617522,972.7400247350224,1239.7880886967746
2022-08-29 16:00:00+00:00,train,1267.0480639617522,972.7400247350224,1239.7880886967746
2022-08-29 20:00:00+00:00,train,1267.0480639617522,972.7400247350224,1239.7880886967746
2022-08-30 00:00:00+00:00,train,1269.0981035671641,972.7400247350224,1241.8381283021863
2022-08-30 04:00:00+00:00,train,1271.148143172576,972.7400247350224,1243.8881679075985
2022-08-30 08:00:00+00:00,train,1271.148143172576,972.7400247350224,1243.8881679075985
2022-08-30 12:00:00+00:00,train,1271.148143172576,972.7400247350224,1243.8881679075985
2022-08-30 16:00:00+00:00,train,1271.148143172576,971.5997707313654,1242.7479139039415
2022-08-30 20:00:00+00:00,train,1273.3272588946982,971.5997707313654,1244.9270296260638
2022-08-31 00:00:00+00:00,train,1275.50637461682,970.4437375292434,1245.9501121460635
2022-08-31 04:00:00+00:00,train,1275.50637461682,970.4437375292434,1245.9501121460635
2022-08-31 08:00:00+00:00,train,1275.50637461682,970.4437375292434,1245.9501121460635
2022-08-31 12:00:00+00:00,train,1274.2296747696942,970.4437375292434,1244.6734122989374
2022-08-31 16:00:00+00:00,train,1272.9529749225685,969.2739997397557,1242.2269746623242
2022-08-31 20:00:00+00:00,train,1272.9529749225685,969.2739997397557,1242.2269746623242
2022-09-01 00:00:00+00:00,train,1272.9529749225685,969.2739997397557,1242.2269746623242
2022-09-01 04:00:00+00:00,train,1271.8673980625201,969.1018774964627,1240.969275558983
2022-09-01 08:00:00+00:00,train,1270.7818212024715,968.9297552531698,1239.711576455641
2022-09-01 12:00:00+00:00,train,1269.6962443424231,968.7576330098767,1238.4538773523
2022-09-01 16:00:00+00:00,train,1269.6962443424231,968.5855107665838,1238.281755109007
2022-09-01 20:00:00+00:00,train,1269.6962443424231,968.4133885232908,1238.109632865714
2022-09-02 00:00:00+00:00,train,1269.6228538722232,968.2412662799978,1237.864120152221
2022-09-02 04:00:00+00:00,train,1269.549463402023,968.0691440367048,1237.6186074387278
2022-09-02 08:00:00+00:00,train,1269.4760729318232,968.0691440367048,1237.5452169685277
2022-09-02 12:00:00+00:00,train,1269.402682461623,967.0312978404847,1236.4339803021076
2022-09-02 16:00:00+00:00,train,1269.329291991423,967.0312978404847,1236.3605898319074
2022-09-02 20:00:00+00:00,train,1269.329291991423,967.0312978404847,1236.3605898319074
2022-09-03 00:00:00+00:00,train,1269.329291991423,966.8716496149018,1236.2009416063247
2022-09-03 04:00:00+00:00,train,1269.555700442127,966.7120013893189,1236.2677018314462
2022-09-03 08:00:00+00:00,train,1269.7821088928313,966.5523531637359,1236.3344620565672
2022-09-03 12:00:00+00:00,train,1270.0085173435357,966.392704938153,1236.4012222816887
2022-09-03 16:00:00+00:00,train,1270.2349257942399,966.23305671257,1236.4679825068097
2022-09-03 20:00:00+00:00,train,1270.461334244944,966.0734084869871,1236.5347427319311
2022-09-04 00:00:00+00:00,train,1270.6877426956482,965.913760261404,1236.6015029570522
2022-09-04 04:00:00+00:00,train,1270.9141511463524,965.913760261404,1236.8279114077563
2022-09-04 08:00:00+00:00,train,1271.1405595970566,965.0662466046527,1236.2068062017092
2022-09-04 12:00:00+00:00,train,1271.366968047761,965.0662466046527,1236.4332146524139
2022-09-04 16:00:00+00:00,train,1271.5933764984652,965.0662466046527,1236.659623103118
2022-09-04 20:00:00+00:00,train,1271.8197849491694,965.0662466046527,1236.8860315538222
2022-09-05 00:00:00+00:00,train,1272.0461933998736,965.0662466046527,1237.1124400045264
2022-09-05 04:00:00+00:00,train,1272.0461933998736,965.0662466046527,1237.1124400045264
2022-09-05 08:00:00+00:00,train,1272.0461933998736,965.0662466046527,1237.1124400045264
2022-09-05 12:00:00+00:00,train,1272.0461933998736,964.2694660175748,1236.3156594174484
2022-09-05 16:00:00+00:00,train,1272.0461933998736,964.2694660175748,1236.3156594174484
2022-09-05 20:00:00+00:00,train,1273.4834828317767,964.2694660175748,1237.7529488493515
2022-09-06 00:00:00+00:00,train,1274.9207722636797,964.2694660175748,1239.1902382812546
2022-09-06 04:00:00+00:00,train,1274.9207722636797,964.2694660175748,1239.1902382812546
2022-09-06 08:00:00+00:00,train,1274.9207722636797,964.2694660175748,1239.1902382812546
2022-09-06 12:00:00+00:00,train,1274.9207722636797,964.2694660175748,1239.1902382812546
2022-09-06 16:00:00+00:00,train,1274.9207722636797,964.2694660175748,1239.1902382812546
2022-09-06 20:00:00+00:00,train,1274.9207722636797,964.2694660175748,1239.1902382812546
2022-09-07 00:00:00+00:00,train,1275.6244769500079,963.9923360440266,1239.6168129940343
2022-09-07 04:00:00+00:00,train,1276.328181636336,963.7152060704784,1240.0433877068144
2022-09-07 08:00:00+00:00,train,1277.0318863226641,963.4380760969302,1240.4699624195946
2022-09-07 12:00:00+00:00,train,1277.7355910089925,963.160946123382,1240.8965371323748
2022-09-07 16:00:00+00:00,train,1278.4392956953207,963.160946123382,1241.6002418187027
2022-09-07 20:00:00+00:00,train,1279.143000381649,963.160946123382,1242.303946505031
2022-09-08 00:00:00+00:00,train,1279.143000381649,963.160946123382,1242.303946505031
2022-09-08 04:00:00+00:00,train,1279.143000381649,963.160946123382,1242.303946505031
2022-09-08 08:00:00+00:00,train,1280.9963316031137,963.160946123382,1244.1572777264955
2022-09-08 12:00:00+00:00,train,1282.8496628245784,963.160946123382,1246.0106089479605
2022-09-08 16:00:00+00:00,train,1282.8496628245784,963.160946123382,1246.0106089479605
2022-09-08 20:00:00+00:00,train,1282.8496628245784,963.160946123382,1246.0106089479605
2022-09-09 00:00:00+00:00,train,1286.695423457099,963.160946123382,1249.856369580481
2022-09-09 04:00:00+00:00,train,1286.695423457099,963.160946123382,1249.856369580481
2022-09-09 08:00:00+00:00,train,1286.695423457099,963.160946123382,1249.856369580481
2022-09-09 12:00:00+00:00,train,1286.695423457099,963.160946123382,1249.856369580481
2022-09-09 16:00:00+00:00,train,1284.4146413940316,963.160946123382,1247.5755875174136
2022-09-09 20:00:00+00:00,train,1284.4146413940316,963.160946123382,1247.5755875174136
2022-09-10 00:00:00+00:00,train,1284.4146413940316,963.160946123382,1247.5755875174136
2022-09-10 04:00:00+00:00,train,1284.1543362091807,963.160946123382,1247.3152823325627
2022-09-10 08:00:00+00:00,train,1283.8940310243295,963.160946123382,1247.0549771477117
2022-09-10 12:00:00+00:00,train,1283.6337258394785,963.160946123382,1246.7946719628608
2022-09-10 16:00:00+00:00,train,1283.3734206546274,963.160946123382,1246.5343667780094
2022-09-10 20:00:00+00:00,train,1283.1131154697764,963.160946123382,1246.2740615931584
2022-09-11 00:00:00+00:00,train,1282.8528102849252,963.160946123382,1246.013756408307
2022-09-11 04:00:00+00:00,train,1282.5925051000743,963.160946123382,1245.753451223456
2022-09-11 08:00:00+00:00,train,1282.5925051000743,963.160946123382,1245.753451223456
2022-09-11 12:00:00+00:00,train,1282.5925051000743,963.160946123382,1245.753451223456
2022-09-11 16:00:00+00:00,train,1285.8533918346207,963.160946123382,1249.0143379580027
2022-09-11 20:00:00+00:00,train,1285.8533918346207,963.160946123382,1249.0143379580027
2022-09-12 00:00:00+00:00,train,1289.2400651871349,963.160946123382,1252.4010113105169
2022-09-12 04:00:00+00:00,train,1289.2400651871349,963.160946123382,1252.4010113105169
2022-09-12 08:00:00+00:00,train,1292.9241430812858,963.160946123382,1256.0850892046678
2022-09-12 12:00:00+00:00,train,1292.9241430812858,963.160946123382,1256.0850892046678
2022-09-12 16:00:00+00:00,train,1292.9241430812858,963.160946123382,1256.0850892046678
2022-09-12 20:00:00+00:00,train,1295.040159692989,963.160946123382,1258.2011058163707
2022-09-13 00:00:00+00:00,train,1297.156176304692,963.160946123382,1260.317122428074
2022-09-13 04:00:00+00:00,train,1297.156176304692,963.160946123382,1260.317122428074
2022-09-13 08:00:00+00:00,train,1297.156176304692,963.160946123382,1260.317122428074
2022-09-13 12:00:00+00:00,train,1297.156176304692,963.160946123382,1260.317122428074
2022-09-13 16:00:00+00:00,train,1297.156176304692,963.160946123382,1260.317122428074
2022-09-13 20:00:00+00:00,train,1297.156176304692,963.160946123382,1260.317122428074
2022-09-14 00:00:00+00:00,train,1297.156176304692,963.160946123382,1260.317122428074
2022-09-14 04:00:00+00:00,train,1297.156176304692,963.160946123382,1260.317122428074
2022-09-14 08:00:00+00:00,train,1297.156176304692,963.160946123382,1260.317122428074
2022-09-14 12:00:00+00:00,train,1297.156176304692,963.160946123382,1260.317122428074
2022-09-14 16:00:00+00:00,train,1297.156176304692,963.160946123382,1260.317122428074
2022-09-14 20:00:00+00:00,train,1297.156176304692,963.160946123382,1260.317122428074
2022-09-15 00:00:00+00:00,train,1297.156176304692,963.160946123382,1260.317122428074
2022-09-15 04:00:00+00:00,train,1297.156176304692,963.160946123382,1260.317122428074
2022-09-15 08:00:00+00:00,train,1297.156176304692,963.160946123382,1260.317122428074
2022-09-15 12:00:00+00:00,train,1297.156176304692,963.160946123382,1260.317122428074
2022-09-15 16:00:00+00:00,train,1297.156176304692,963.160946123382,1260.317122428074
2022-09-15 20:00:00+00:00,train,1297.156176304692,963.160946123382,1260.317122428074
2022-09-16 00:00:00+00:00,train,1297.156176304692,963.160946123382,1260.317122428074
2022-09-16 04:00:00+00:00,train,1297.156176304692,963.160946123382,1260.317122428074
2022-09-16 08:00:00+00:00,train,1297.156176304692,962.9873255165046,1260.1435018211969
2022-09-16 12:00:00+00:00,train,1297.156176304692,962.8137049096273,1259.9698812143192
2022-09-16 16:00:00+00:00,train,1297.156176304692,962.6400843027499,1259.796260607442
2022-09-16 20:00:00+00:00,train,1297.156176304692,962.4664636958726,1259.6226400005644
2022-09-17 00:00:00+00:00,train,1297.156176304692,962.2928430889951,1259.4490193936872
2022-09-17 04:00:00+00:00,train,1297.156176304692,962.1192224821178,1259.27539878681
2022-09-17 08:00:00+00:00,train,1297.156176304692,961.9456018752404,1259.1017781799324
2022-09-17 12:00:00+00:00,train,1297.010238832294,961.771981268363,1258.782220100657
2022-09-17 16:00:00+00:00,train,1296.864301359896,961.771981268363,1258.6362826282589
2022-09-17 20:00:00+00:00,train,1296.7183638874978,960.7177976691491,1257.4361615566468
2022-09-18 00:00:00+00:00,train,1296.5724264150997,960.7177976691491,1257.2902240842486
2022-09-18 04:00:00+00:00,train,1296.4264889427018,960.7177976691491,1257.144286611851
2022-09-18 08:00:00+00:00,train,1296.2805514703036,960.7177976691491,1256.9983491394528
2022-09-18 12:00:00+00:00,train,1296.1346139979057,960.7177976691491,1256.852411667055
2022-09-18 16:00:00+00:00,train,1295.9886765255076,963.2443838201116,1259.2330603456194
2022-09-18 20:00:00+00:00,train,1295.9886765255076,965.7709699710739,1261.7596464965814
2022-09-19 00:00:00+00:00,train,1295.9886765255076,965.7709699710739,1261.7596464965814
2022-09-19 04:00:00+00:00,train,1297.4149095963735,964.6118658628845,1262.0267754592578
2022-09-19 08:00:00+00:00,train,1298.8411426672394,964.6118658628845,1263.453008530124
2022-09-19 12:00:00+00:00,train,1300.2673757381053,963.4828425499882,1263.7502182880935
2022-09-19 16:00:00+00:00,train,1300.2673757381053,963.4828425499882,1263.7502182880935
2022-09-19 20:00:00+00:00,train,1300.2673757381053,963.4828425499882,1263.7502182880935
2022-09-20 00:00:00+00:00,train,1299.500760507241,963.4828425499882,1262.9836030572292
2022-09-20 04:00:00+00:00,train,1298.7341452763765,963.4828425499882,1262.2169878263649
2022-09-20 08:00:00+00:00,train,1297.9675300455121,963.358916081014,1261.3264461265262
2022-09-20 12:00:00+00:00,train,1297.2009148146478,963.2349896120397,1260.4359044266876
2022-09-20 16:00:00+00:00,train,1297.2009148146478,963.1110631430656,1260.3119779577137
2022-09-20 20:00:00+00:00,train,1297.2009148146478,962.9871366740914,1260.1880514887393
2022-09-21 00:00:00+00:00,train,1296.6236365977552,962.8632102051172,1259.4868468028726
2022-09-21 04:00:00+00:00,train,1296.0463583808623,962.739283736143,1258.7856421170054
2022-09-21 08:00:00+00:00,train,1295.4690801639697,962.6153572671687,1258.0844374311382
2022-09-21 12:00:00+00:00,train,1294.891801947077,962.4914307981946,1257.383232745272
2022-09-21 16:00:00+00:00,train,1294.3145237301844,962.3675043292204,1256.6820280594047
2022-09-21 20:00:00+00:00,train,1294.3145237301844,962.3675043292204,1256.6820280594047
2022-09-22 00:00:00+00:00,train,1294.3145237301844,961.0641249750053,1255.3786487051898
2022-09-22 04:00:00+00:00,train,1294.3145237301844,961.0641249750053,1255.3786487051898
2022-09-22 08:00:00+00:00,train,1294.3145237301844,961.0641249750053,1255.3786487051898
2022-09-22 12:00:00+00:00,train,1294.3145237301844,961.0641249750053,1255.3786487051898
2022-09-22 16:00:00+00:00,train,1293.9602703271316,961.0641249750053,1255.0243953021368
2022-09-22 20:00:00+00:00,train,1293.6060169240789,961.0641249750053,1254.6701418990842
2022-09-23 00:00:00+00:00,train,1293.2517635210259,961.0641249750053,1254.3158884960312
2022-09-23 04:00:00+00:00,train,1292.897510117973,961.0641249750053,1253.9616350929782
2022-09-23 08:00:00+00:00,train,1292.5432567149203,961.0641249750053,1253.6073816899257
2022-09-23 12:00:00+00:00,train,1292.5432567149203,959.8872594738342,1252.4305161887546
2022-09-23 16:00:00+00:00,train,1292.5432567149203,959.8872594738342,1252.4305161887546
2022-09-23 20:00:00+00:00,train,1296.9757175088732,958.7296852885785,1255.7054027974518
2022-09-24 00:00:00+00:00,train,1296.9757175088732,958.7296852885785,1255.7054027974518
2022-09-24 04:00:00+00:00,train,1296.9757175088732,958.7296852885785,1255.7054027974518
2022-09-24 08:00:00+00:00,train,1296.395910033588,958.7296852885785,1255.1255953221666
2022-09-24 12:00:00+00:00,train,1295.8161025583029,958.7296852885785,1254.5457878468815
2022-09-24 16:00:00+00:00,train,1295.2362950830177,958.7296852885785,1253.9659803715963
2022-09-24 20:00:00+00:00,train,1294.6564876077327,958.7296852885785,1253.386172896311
2022-09-25 00:00:00+00:00,train,1294.6564876077327,958.7296852885785,1253.386172896311
2022-09-25 04:00:00+00:00,train,1294.6564876077327,958.7296852885785,1253.386172896311
2022-09-25 08:00:00+00:00,train,1294.6564876077327,958.7296852885785,1253.386172896311
2022-09-25 12:00:00+00:00,train,1294.6564876077327,958.7296852885785,1253.386172896311
2022-09-25 16:00:00+00:00,train,1294.6564876077327,958.7296852885785,1253.386172896311
2022-09-25 20:00:00+00:00,train,1294.6564876077327,958.7296852885785,1253.386172896311
2022-09-26 00:00:00+00:00,train,1294.6564876077327,958.7296852885785,1253.386172896311
2022-09-26 04:00:00+00:00,train,1294.6564876077327,958.7296852885785,1253.386172896311
2022-09-26 08:00:00+00:00,train,1295.9642875743546,958.7296852885785,1254.6939728629332
2022-09-26 12:00:00+00:00,train,1297.2720875409764,958.7296852885785,1256.0017728295547
2022-09-26 16:00:00+00:00,train,1298.579887507598,958.7296852885785,1257.3095727961763
2022-09-26 20:00:00+00:00,train,1298.579887507598,958.7296852885785,1257.3095727961763
2022-09-27 00:00:00+00:00,train,1298.579887507598,958.7296852885785,1257.3095727961763
2022-09-27 04:00:00+00:00,train,1299.8874299181823,958.7296852885785,1258.617115206761
2022-09-27 08:00:00+00:00,train,1301.1949723287669,958.7296852885785,1259.9246576173455
2022-09-27 12:00:00+00:00,train,1302.5025147393512,958.7296852885785,1261.2322000279296
2022-09-27 16:00:00+00:00,train,1302.5025147393512,958.7296852885785,1261.2322000279296
2022-09-27 20:00:00+00:00,train,1302.5025147393512,958.7296852885785,1261.2322000279296
2022-09-28 00:00:00+00:00,train,1302.5025147393512,958.7296852885785,1261.2322000279296
2022-09-28 04:00:00+00:00,train,1302.5025147393512,958.7296852885785,1261.2322000279296
2022-09-28 08:00:00+00:00,train,1302.5025147393512,958.7296852885785,1261.2322000279296
2022-09-28 12:00:00+00:00,train,1302.5025147393512,958.7296852885785,1261.2322000279296
2022-09-28 16:00:00+00:00,train,1302.5025147393512,958.7296852885785,1261.2322000279296
2022-09-28 20:00:00+00:00,train,1302.933224219573,958.7296852885785,1261.6629095081516
2022-09-29 00:00:00+00:00,train,1303.3639336997949,958.7296852885785,1262.0936189883732
2022-09-29 04:00:00+00:00,train,1303.7946431800167,958.7296852885785,1262.5243284685953
2022-09-29 08:00:00+00:00,train,1304.2253526602385,958.7296852885785,1262.9550379488169
2022-09-29 12:00:00+00:00,train,1304.6560621404603,958.7296852885785,1263.385747429039
2022-09-29 16:00:00+00:00,train,1305.0867716206822,958.7296852885785,1263.8164569092605
2022-09-29 20:00:00+00:00,train,1305.517481100904,958.7296852885785,1264.2471663894826
2022-09-30 00:00:00+00:00,train,1305.948190581126,958.7296852885785,1264.6778758697046
2022-09-30 04:00:00+00:00,train,1306.3789000613478,958.7296852885785,1265.1085853499262
2022-09-30 08:00:00+00:00,train,1306.8096095415697,958.7296852885785,1265.5392948301483
2022-09-30 12:00:00+00:00,train,1306.8096095415697,958.7296852885785,1265.5392948301483
2022-09-30 16:00:00+00:00,train,1303.9689868023097,958.7296852885785,1262.698672090888
2022-09-30 20:00:00+00:00,train,1303.9689868023097,958.7296852885785,1262.698672090888
2022-10-01 00:00:00+00:00,train,1303.9689868023097,958.7296852885785,1262.698672090888
2022-10-01 04:00:00+00:00,train,1303.9689868023097,958.7296852885785,1262.698672090888
2022-10-01 08:00:00+00:00,train,1303.9689868023097,958.7296852885785,1262.698672090888
2022-10-01 12:00:00+00:00,train,1303.9689868023097,958.7296852885785,1262.698672090888
2022-10-01 16:00:00+00:00,train,1303.9689868023097,958.7296852885785,1262.698672090888
2022-10-01 20:00:00+00:00,train,1303.9689868023097,958.7296852885785,1262.698672090888
2022-10-02 00:00:00+00:00,train,1303.9689868023097,958.7296852885785,1262.698672090888
2022-10-02 04:00:00+00:00,train,1303.9689868023097,958.7296852885785,1262.698672090888
2022-10-02 08:00:00+00:00,train,1303.9689868023097,958.7296852885785,1262.698672090888
2022-10-02 12:00:00+00:00,train,1303.9689868023097,958.6045201412605,1262.5735069435705
2022-10-02 16:00:00+00:00,train,1303.9689868023097,958.4793549939426,1262.4483417962524
2022-10-02 20:00:00+00:00,train,1303.9689868023097,958.3541898466248,1262.3231766489343
2022-10-03 00:00:00+00:00,train,1303.9689868023097,958.2290246993068,1262.1980115016167
2022-10-03 04:00:00+00:00,train,1305.0357157652202,958.1038595519889,1263.1395753172092
2022-10-03 08:00:00+00:00,train,1306.1024447281304,957.9786944046709,1264.0811391328016
2022-10-03 12:00:00+00:00,train,1307.1691736910407,957.8535292573531,1265.022702948394
2022-10-03 16:00:00+00:00,train,1307.1691736910407,957.8535292573531,1265.022702948394
2022-10-03 20:00:00+00:00,train,1307.1691736910407,957.8535292573531,1265.022702948394
2022-10-04 00:00:00+00:00,train,1307.901628839449,957.8535292573531,1265.755158096802
2022-10-04 04:00:00+00:00,train,1308.6340839878574,957.8535292573531,1266.4876132452105
2022-10-04 08:00:00+00:00,train,1309.3665391362656,957.8535292573531,1267.220068393619
2022-10-04 12:00:00+00:00,train,1310.0989942846738,957.8535292573531,1267.952523542027
2022-10-04 16:00:00+00:00,train,1310.0989942846738,957.8535292573531,1267.952523542027
2022-10-04 20:00:00+00:00,train,1310.0989942846738,957.8535292573531,1267.952523542027
2022-10-05 00:00:00+00:00,train,1309.4446067398078,957.8535292573531,1267.298135997161
2022-10-05 04:00:00+00:00,train,1308.7902191949418,957.8535292573531,1266.6437484522949
2022-10-05 08:00:00+00:00,train,1308.135831650076,957.8535292573531,1265.9893609074288
2022-10-05 12:00:00+00:00,train,1308.135831650076,957.8535292573531,1265.9893609074288
2022-10-05 16:00:00+00:00,train,1308.135831650076,957.8535292573531,1265.9893609074288
2022-10-05 20:00:00+00:00,train,1308.0669004128504,957.8535292573531,1265.9204296702037
2022-10-06 00:00:00+00:00,train,1307.9979691756248,957.8535292573531,1265.8514984329777
2022-10-06 04:00:00+00:00,train,1307.9290379383992,957.8535292573531,1265.7825671957526
2022-10-06 08:00:00+00:00,train,1307.8601067011737,957.8535292573531,1265.7136359585265
2022-10-06 12:00:00+00:00,train,1307.7911754639479,957.8535292573531,1265.644704721301
2022-10-06 16:00:00+00:00,train,1307.7911754639479,957.8535292573531,1265.644704721301
2022-10-06 20:00:00+00:00,train,1307.7911754639479,957.8535292573531,1265.644704721301
2022-10-07 00:00:00+00:00,train,1307.7911754639479,957.8535292573531,1265.644704721301
2022-10-07 04:00:00+00:00,train,1307.7911754639479,957.8535292573531,1265.644704721301
2022-10-07 08:00:00+00:00,train,1307.7911754639479,957.8535292573531,1265.644704721301
2022-10-07 12:00:00+00:00,train,1307.7911754639479,957.8535292573531,1265.644704721301
2022-10-07 16:00:00+00:00,train,1307.7911754639479,957.8535292573531,1265.644704721301
2022-10-07 20:00:00+00:00,train,1307.8056523495927,957.8535292573531,1265.6591816069458
2022-10-08 00:00:00+00:00,train,1307.8201292352373,957.8535292573531,1265.6736584925902
2022-10-08 04:00:00+00:00,train,1307.8346061208822,957.8535292573531,1265.6881353782355
2022-10-08 08:00:00+00:00,train,1307.8490830065268,957.8535292573531,1265.70261226388
2022-10-08 12:00:00+00:00,train,1307.8635598921717,957.8535292573531,1265.7170891495248
2022-10-08 16:00:00+00:00,train,1307.8780367778165,957.7511505560844,1265.629187333901
2022-10-08 20:00:00+00:00,train,1307.8925136634612,957.6487718548158,1265.5412855182767
2022-10-09 00:00:00+00:00,train,1307.906990549106,957.5463931535472,1265.4533837026534
2022-10-09 04:00:00+00:00,train,1307.9214674347509,957.4440144522786,1265.3654818870295
2022-10-09 08:00:00+00:00,train,1307.9359443203955,957.3416357510099,1265.2775800714053
2022-10-09 12:00:00+00:00,train,1307.9504212060403,957.2392570497412,1265.1896782557815
2022-10-09 16:00:00+00:00,train,1307.9648980916852,957.2392570497412,1265.2041551414263
2022-10-09 20:00:00+00:00,train,1307.9648980916852,957.2392570497412,1265.2041551414263
2022-10-10 00:00:00+00:00,train,1307.9648980916852,956.7113041911105,1264.6762022827957
2022-10-10 04:00:00+00:00,train,1307.9648980916852,956.7113041911105,1264.6762022827957
2022-10-10 08:00:00+00:00,train,1307.9648980916852,956.7113041911105,1264.6762022827957
2022-10-10 12:00:00+00:00,train,1307.9648980916852,957.5077385058057,1265.4726365974911
2022-10-10 16:00:00+00:00,train,1307.9648980916852,958.3041728205011,1266.2690709121862
2022-10-10 20:00:00+00:00,train,1307.9648980916852,959.1006071351962,1267.0655052268812
2022-10-11 00:00:00+00:00,train,1307.9648980916852,959.1006071351962,1267.0655052268812
2022-10-11 04:00:00+00:00,train,1307.9648980916852,958.4738412143456,1266.4387393060306
2022-10-11 08:00:00+00:00,train,1307.9648980916852,958.4738412143456,1266.4387393060306
2022-10-11 12:00:00+00:00,train,1307.9648980916852,957.8704788559378,1265.835376947623
2022-10-11 16:00:00+00:00,train,1307.9648980916852,957.8704788559378,1265.835376947623
2022-10-11 20:00:00+00:00,train,1307.9648980916852,957.2252998765285,1265.1901979682139
2022-10-12 00:00:00+00:00,train,1307.9648980916852,957.2252998765285,1265.1901979682139
2022-10-12 04:00:00+00:00,train,1307.9648980916852,956.5433596968062,1264.5082577884914
2022-10-12 08:00:00+00:00,train,1307.9648980916852,956.5433596968062,1264.5082577884914
2022-10-12 12:00:00+00:00,train,1307.9648980916852,956.5433596968062,1264.5082577884914
2022-10-12 16:00:00+00:00,train,1307.9648980916852,956.5433596968062,1264.5082577884914
2022-10-12 20:00:00+00:00,train,1307.9648980916852,957.5680417000449,1265.5329397917303
2022-10-13 00:00:00+00:00,train,1307.9648980916852,958.5927237032836,1266.5576217949688
2022-10-13 04:00:00+00:00,train,1307.9648980916852,959.6174057065222,1267.5823037982072
2022-10-13 08:00:00+00:00,train,1307.9648980916852,959.6174057065222,1267.5823037982072
2022-10-13 12:00:00+00:00,train,1307.9648980916852,958.7392887223442,1266.7041868140295
2022-10-13 16:00:00+00:00,train,1307.9648980916852,958.7392887223442,1266.7041868140295
2022-10-13 20:00:00+00:00,train,1307.9648980916852,957.7296942527978,1265.6945923444828
2022-10-14 00:00:00+00:00,train,1311.7631601040268,957.7296942527978,1269.4928543568249
2022-10-14 04:00:00+00:00,train,1311.7631601040268,957.7296942527978,1269.4928543568249
2022-10-14 08:00:00+00:00,train,1311.7631601040268,957.7296942527978,1269.4928543568249
2022-10-14 12:00:00+00:00,train,1311.7631601040268,957.7296942527978,1269.4928543568249
2022-10-14 16:00:00+00:00,train,1311.7631601040268,957.7296942527978,1269.4928543568249
2022-10-14 20:00:00+00:00,train,1311.7631601040268,957.8322556506124,1269.5954157546394
2022-10-15 00:00:00+00:00,train,1311.7631601040268,957.9348170484269,1269.6979771524539
2022-10-15 04:00:00+00:00,train,1311.7631601040268,958.0373784462415,1269.8005385502684
2022-10-15 08:00:00+00:00,train,1311.7631601040268,958.139939844056,1269.9030999480829
2022-10-15 12:00:00+00:00,train,1311.7631601040268,958.2425012418706,1270.0056613458974
2022-10-15 16:00:00+00:00,train,1311.7631601040268,958.3450626396851,1270.1082227437118
2022-10-15 20:00:00+00:00,train,1311.7631601040268,958.4476240374997,1270.2107841415263
2022-10-16 00:00:00+00:00,train,1311.7631601040268,958.5501854353143,1270.3133455393413
2022-10-16 04:00:00+00:00,train,1312.1607081661607,958.6527468331288,1270.8134549992897
2022-10-16 08:00:00+00:00,train,1312.5582562282946,958.7553082309435,1271.313564459238
2022-10-16 12:00:00+00:00,train,1312.9558042904284,958.857869628758,1271.8136739191864
2022-10-16 16:00:00+00:00,train,1313.3533523525623,958.9604310265726,1272.3137833791347
2022-10-16 20:00:00+00:00,train,1313.7509004146962,958.9604310265726,1272.7113314412686
2022-10-17 00:00:00+00:00,train,1314.14844847683,958.9604310265726,1273.1088795034025
2022-10-17 04:00:00+00:00,train,1314.545996538964,958.2096827610317,1272.7556792999958
2022-10-17 08:00:00+00:00,train,1314.9435446010978,958.2096827610317,1273.1532273621297
2022-10-17 12:00:00+00:00,train,1314.9435446010978,958.2096827610317,1273.1532273621297
2022-10-17 16:00:00+00:00,train,1314.9435446010978,958.2096827610317,1273.1532273621297
2022-10-17 20:00:00+00:00,train,1314.6740729244123,958.2096827610317,1272.8837556854442
2022-10-18 00:00:00+00:00,train,1314.4046012477265,958.2096827610317,1272.6142840087582
2022-10-18 04:00:00+00:00,train,1314.135129571041,958.2096827610317,1272.3448123320727
2022-10-18 08:00:00+00:00,train,1313.8656578943555,958.2096827610317,1272.0753406553872
2022-10-18 12:00:00+00:00,train,1313.8656578943555,958.2096827610317,1272.0753406553872
2022-10-18 16:00:00+00:00,train,1313.8656578943555,958.2096827610317,1272.0753406553872
2022-10-18 20:00:00+00:00,train,1313.8656578943555,958.737419079731,1272.6030769740864
2022-10-19 00:00:00+00:00,train,1313.8656578943555,959.2651553984302,1273.1308132927857
2022-10-19 04:00:00+00:00,train,1313.8656578943555,959.7928917171296,1273.658549611485
2022-10-19 08:00:00+00:00,train,1313.8656578943555,960.3206280358288,1274.1862859301846
2022-10-19 12:00:00+00:00,train,1313.8656578943555,960.8483643545281,1274.7140222488838
2022-10-19 16:00:00+00:00,train,1313.8656578943555,961.3761006732275,1275.241758567583
2022-10-19 20:00:00+00:00,train,1313.8656578943555,961.9038369919267,1275.7694948862822
2022-10-20 00:00:00+00:00,train,1313.8656578943555,961.9038369919267,1275.7694948862822
2022-10-20 04:00:00+00:00,train,1313.8656578943555,961.1049552375684,1274.970613131924
2022-10-20 08:00:00+00:00,train,1313.8656578943555,961.1049552375684,1274.970613131924
2022-10-20 12:00:00+00:00,train,1313.8656578943555,961.1049552375684,1274.970613131924
2022-10-20 16:00:00+00:00,train,1313.8656578943555,964.7544234298007,1278.6200813241562
2022-10-20 20:00:00+00:00,train,1313.8656578943555,964.7544234298007,1278.6200813241562
2022-10-21 00:00:00+00:00,train,1313.8656578943555,963.938287223114,1277.8039451174695
2022-10-21 04:00:00+00:00,train,1313.8656578943555,963.938287223114,1277.8039451174695
2022-10-21 08:00:00+00:00,train,1313.8656578943555,963.938287223114,1277.8039451174695
2022-10-21 12:00:00+00:00,train,1313.8656578943555,963.5305020800504,1277.3961599744061
2022-10-21 16:00:00+00:00,train,1313.8656578943555,963.1227169369866,1276.9883748313423
2022-10-21 20:00:00+00:00,train,1313.8656578943555,963.1227169369866,1276.9883748313423
2022-10-22 00:00:00+00:00,train,1313.8656578943555,963.1227169369866,1276.9883748313423
2022-10-22 04:00:00+00:00,train,1313.8656578943555,962.9826142940163,1276.848272188372
2022-10-22 08:00:00+00:00,train,1313.8656578943555,962.8425116510462,1276.7081695454017
2022-10-22 12:00:00+00:00,train,1313.8656578943555,962.7024090080758,1276.5680669024314
2022-10-22 16:00:00+00:00,train,1313.8656578943555,962.5623063651055,1276.427964259461
2022-10-22 20:00:00+00:00,train,1313.8656578943555,962.4222037221352,1276.2878616164908
2022-10-23 00:00:00+00:00,train,1313.8656578943555,962.282101079165,1276.1477589735205
2022-10-23 04:00:00+00:00,train,1313.8656578943555,962.282101079165,1276.1477589735205
2022-10-23 08:00:00+00:00,train,1313.8656578943555,962.282101079165,1276.1477589735205
2022-10-23 12:00:00+00:00,train,1313.8656578943555,962.282101079165,1276.1477589735205
2022-10-23 16:00:00+00:00,train,1316.6012692625866,961.5288035248077,1278.130072787394
2022-10-23 20:00:00+00:00,train,1316.6012692625866,961.5288035248077,1278.130072787394
2022-10-24 00:00:00+00:00,train,1316.6012692625866,961.5288035248077,1278.130072787394
2022-10-24 04:00:00+00:00,train,1316.6012692625866,961.5288035248077,1278.130072787394
2022-10-24 08:00:00+00:00,train,1316.6012692625866,961.5288035248077,1278.130072787394
2022-10-24 12:00:00+00:00,train,1316.6012692625866,961.5288035248077,1278.130072787394
2022-10-24 16:00:00+00:00,train,1316.6012692625866,961.5288035248077,1278.130072787394
2022-10-24 20:00:00+00:00,train,1316.6012692625866,961.3550202096704,1277.9562894722571
2022-10-25 00:00:00+00:00,train,1316.6012692625866,961.1812368945332,1277.7825061571198
2022-10-25 04:00:00+00:00,train,1317.6126496502347,961.0074535793959,1278.6201032296308
2022-10-25 08:00:00+00:00,train,1318.6240300378831,960.8336702642586,1279.4577003021418
2022-10-25 12:00:00+00:00,train,1319.6354104255313,960.6598869491213,1280.2952973746524
2022-10-25 16:00:00+00:00,train,1319.6354104255313,960.6598869491213,1280.2952973746524
2022-10-25 20:00:00+00:00,train,1317.0940143467983,960.6598869491213,1277.7539012959196
2022-10-26 00:00:00+00:00,train,1317.0940143467983,960.6598869491213,1277.7539012959196
2022-10-26 04:00:00+00:00,train,1317.0940143467983,960.6598869491213,1277.7539012959196
2022-10-26 08:00:00+00:00,train,1316.5113138094716,960.6598869491213,1277.171200758593
2022-10-26 12:00:00+00:00,train,1315.9286132721452,960.6598869491213,1276.5885002212663
2022-10-26 16:00:00+00:00,train,1315.9286132721452,960.6598869491213,1276.5885002212663
2022-10-26 20:00:00+00:00,train,1315.9286132721452,960.6598869491213,1276.5885002212663
2022-10-27 00:00:00+00:00,train,1315.8416119707042,960.6598869491213,1276.5014989198253
2022-10-27 04:00:00+00:00,train,1315.7546106692635,960.6598869491213,1276.4144976183848
2022-10-27 08:00:00+00:00,train,1315.6676093678225,960.6598869491213,1276.3274963169438
2022-10-27 12:00:00+00:00,train,1315.5806080663817,960.6598869491213,1276.2404950155033
2022-10-27 16:00:00+00:00,train,1315.4936067649408,960.6598869491213,1276.1534937140623
2022-10-27 20:00:00+00:00,train,1315.4936067649408,960.6598869491213,1276.1534937140623
2022-10-28 00:00:00+00:00,train,1315.4936067649408,960.6598869491213,1276.1534937140623
2022-10-28 04:00:00+00:00,train,1316.4322602165569,960.6598869491213,1277.0921471656784
2022-10-28 08:00:00+00:00,train,1317.3709136681732,960.6598869491213,1278.0308006172945
2022-10-28 12:00:00+00:00,train,1318.3095671197893,960.6598869491213,1278.9694540689106
2022-10-28 16:00:00+00:00,train,1319.2482205714055,960.6598869491213,1279.9081075205268
2022-10-28 20:00:00+00:00,train,1319.2482205714055,960.6598869491213,1279.9081075205268
2022-10-29 00:00:00+00:00,train,1319.2482205714055,960.6598869491213,1279.9081075205268
2022-10-29 04:00:00+00:00,train,1322.790543412329,960.6598869491213,1283.4504303614503
2022-10-29 08:00:00+00:00,train,1322.790543412329,960.6598869491213,1283.4504303614503
2022-10-29 12:00:00+00:00,train,1322.790543412329,960.6598869491213,1283.4504303614503
2022-10-29 16:00:00+00:00,train,1322.4788832974652,960.6598869491213,1283.1387702465863
2022-10-29 20:00:00+00:00,train,1322.1672231826012,960.6598869491213,1282.8271101317223
2022-10-30 00:00:00+00:00,train,1321.8555630677374,960.6598869491213,1282.5154500168587
2022-10-30 04:00:00+00:00,train,1321.5439029528736,960.6598869491213,1282.2037899019952
2022-10-30 08:00:00+00:00,train,1321.2322428380098,960.6598869491213,1281.8921297871311
2022-10-30 12:00:00+00:00,train,1321.2322428380098,960.6598869491213,1281.8921297871311
2022-10-30 16:00:00+00:00,train,1321.2322428380098,960.6598869491213,1281.8921297871311
2022-10-30 20:00:00+00:00,train,1322.4215944552325,960.6598869491213,1283.0814814043538
2022-10-31 00:00:00+00:00,train,1323.6109460724551,960.6598869491213,1284.2708330215764
2022-10-31 04:00:00+00:00,train,1324.8002976896778,960.6598869491213,1285.460184638799
2022-10-31 08:00:00+00:00,train,1324.8002976896778,960.6598869491213,1285.460184638799
2022-10-31 12:00:00+00:00,train,1324.8002976896778,960.6598869491213,1285.460184638799
2022-10-31 16:00:00+00:00,train,1324.8002976896778,960.6598869491213,1285.460184638799
2022-10-31 20:00:00+00:00,train,1324.8002976896778,960.6598869491213,1285.460184638799
2022-11-01 00:00:00+00:00,train,1324.8002976896778,960.6598869491213,1285.460184638799
2022-11-01 04:00:00+00:00,train,1324.8002976896778,960.6598869491213,1285.460184638799
2022-11-01 08:00:00+00:00,train,1324.8002976896778,960.6598869491213,1285.460184638799
2022-11-01 12:00:00+00:00,train,1324.8002976896778,960.6598869491213,1285.460184638799
2022-11-01 16:00:00+00:00,train,1324.8002976896778,960.6598869491213,1285.460184638799
2022-11-01 20:00:00+00:00,train,1324.8002976896778,960.6598869491213,1285.460184638799
2022-11-02 00:00:00+00:00,train,1324.8002976896778,960.6598869491213,1285.460184638799
2022-11-02 04:00:00+00:00,train,1324.8002976896778,960.6598869491213,1285.460184638799
2022-11-02 08:00:00+00:00,train,1324.8002976896778,960.6598869491213,1285.460184638799
2022-11-02 12:00:00+00:00,train,1324.8002976896778,960.6598869491213,1285.460184638799
2022-11-02 16:00:00+00:00,train,1324.8002976896778,960.6598869491213,1285.460184638799
2022-11-02 20:00:00+00:00,train,1324.8002976896778,960.6598869491213,1285.460184638799
2022-11-03 00:00:00+00:00,train,1324.8002976896778,960.6598869491213,1285.460184638799
2022-11-03 04:00:00+00:00,train,1324.8002976896778,960.6598869491213,1285.460184638799
2022-11-03 08:00:00+00:00,train,1324.8002976896778,960.6598869491213,1285.460184638799
2022-11-03 12:00:00+00:00,train,1324.8002976896778,960.6598869491213,1285.460184638799
2022-11-03 16:00:00+00:00,train,1324.8002976896778,960.6598869491213,1285.460184638799
2022-11-03 20:00:00+00:00,train,1324.8002976896778,960.6598869491213,1285.460184638799
2022-11-04 00:00:00+00:00,train,1324.8002976896778,960.6598869491213,1285.460184638799
2022-11-04 04:00:00+00:00,train,1324.8002976896778,960.6598869491213,1285.460184638799
2022-11-04 08:00:00+00:00,train,1324.8002976896778,960.6598869491213,1285.460184638799
2022-11-04 12:00:00+00:00,train,1324.8002976896778,960.6598869491213,1285.460184638799
2022-11-04 16:00:00+00:00,train,1324.8002976896778,960.6598869491213,1285.460184638799
2022-11-04 20:00:00+00:00,train,1324.8002976896778,960.6598869491213,1285.460184638799
2022-11-05 00:00:00+00:00,train,1324.8002976896778,960.6598869491213,1285.460184638799
2022-11-05 04:00:00+00:00,train,1324.8002976896778,960.6598869491213,1285.460184638799
2022-11-05 08:00:00+00:00,train,1324.8002976896778,960.6598869491213,1285.460184638799
2022-11-05 12:00:00+00:00,train,1324.8002976896778,960.6598869491213,1285.460184638799
2022-11-05 16:00:00+00:00,train,1324.8002976896778,960.6598869491213,1285.460184638799
2022-11-05 20:00:00+00:00,train,1324.8002976896778,960.6598869491213,1285.460184638799
2022-11-06 00:00:00+00:00,train,1324.8002976896778,960.6598869491213,1285.460184638799
2022-11-06 04:00:00+00:00,train,1324.8002976896778,960.6598869491213,1285.460184638799
2022-11-06 08:00:00+00:00,train,1324.8002976896778,960.6598869491213,1285.460184638799
2022-11-06 12:00:00+00:00,train,1324.8002976896778,960.6598869491213,1285.460184638799
2022-11-06 16:00:00+00:00,train,1324.8002976896778,960.6598869491213,1285.460184638799
2022-11-06 20:00:00+00:00,train,1324.8002976896778,960.6598869491213,1285.460184638799
2022-11-07 00:00:00+00:00,train,1324.8002976896778,960.6598869491213,1285.460184638799
2022-11-07 04:00:00+00:00,train,1324.8002976896778,960.6598869491213,1285.460184638799
2022-11-07 08:00:00+00:00,train,1324.8002976896778,960.6598869491213,1285.460184638799
2022-11-07 12:00:00+00:00,train,1324.8002976896778,960.6598869491213,1285.460184638799
2022-11-07 16:00:00+00:00,train,1324.8002976896778,960.6598869491213,1285.460184638799
2022-11-07 20:00:00+00:00,train,1324.8002976896778,960.6598869491213,1285.460184638799
2022-11-08 00:00:00+00:00,train,1324.8002976896778,960.6598869491213,1285.460184638799
2022-11-08 04:00:00+00:00,train,1324.8002976896778,958.3020056851946,1283.1023033748725
2022-11-08 08:00:00+00:00,train,1324.8002976896778,958.3020056851946,1283.1023033748725
2022-11-08 12:00:00+00:00,train,1324.8002976896778,958.3020056851946,1283.1023033748725
2022-11-08 20:00:00+00:00,train,1324.8002976896778,971.193573631203,1295.9938713208808
2022-11-09 00:00:00+00:00,train,1324.8002976896778,971.193573631203,1295.9938713208808
2022-11-09 04:00:00+00:00,train,1324.8002976896778,971.193573631203,1295.9938713208808
2022-11-09 08:00:00+00:00,train,1324.8002976896778,990.5067913782642,1315.307089067942
2022-11-09 12:00:00+00:00,train,1324.8002976896778,990.5067913782642,1315.307089067942
2022-11-09 20:00:00+00:00,train,1324.8002976896778,983.8174921841069,1308.6177898737847
2022-11-10 00:00:00+00:00,train,1324.8002976896778,983.8174921841069,1308.6177898737847
2022-11-10 04:00:00+00:00,train,1324.8002976896778,977.482828074903,1302.2831257645807
2022-11-10 08:00:00+00:00,train,1324.8002976896778,977.482828074903,1302.2831257645807
2022-11-10 12:00:00+00:00,train,1324.8002976896778,970.8555891987406,1295.6558868884185
2022-11-10 16:00:00+00:00,train,1324.8002976896778,970.8555891987406,1295.6558868884185
2022-11-10 20:00:00+00:00,train,1324.8002976896778,965.1032220598335,1289.9035197495114
2022-11-11 00:00:00+00:00,train,1324.8002976896778,965.1032220598335,1289.9035197495114
2022-11-11 04:00:00+00:00,train,1324.8002976896778,959.2755895988987,1284.0758872885763
2022-11-11 08:00:00+00:00,train,1324.8002976896778,959.2755895988987,1284.0758872885763
2022-11-11 12:00:00+00:00,train,1324.8002976896778,959.2755895988987,1284.0758872885763
2022-11-11 16:00:00+00:00,train,1324.8002976896778,961.1308675300601,1285.931165219738
2022-11-11 20:00:00+00:00,train,1324.8002976896778,962.9861454612216,1287.7864431508992
2022-11-12 00:00:00+00:00,train,1324.8002976896778,964.8414233923829,1289.641721082061
2022-11-12 04:00:00+00:00,train,1324.8002976896778,966.6967013235444,1291.4969990132222
2022-11-12 08:00:00+00:00,train,1324.8002976896778,968.5519792547058,1293.3522769443834
2022-11-12 12:00:00+00:00,train,1324.8002976896778,970.4072571858673,1295.2075548755452
2022-11-12 16:00:00+00:00,train,1324.8002976896778,972.2625351170286,1297.0628328067064
2022-11-12 20:00:00+00:00,train,1324.8002976896778,974.1178130481901,1298.9181107378681
2022-11-13 00:00:00+00:00,train,1324.8002976896778,975.9730909793515,1300.7733886690294
2022-11-13 04:00:00+00:00,train,1324.8002976896778,977.828368910513,1302.6286666001906
2022-11-13 08:00:00+00:00,train,1324.8002976896778,979.6836468416743,1304.4839445313519
2022-11-13 12:00:00+00:00,train,1324.8002976896778,981.5389247728358,1306.3392224625136
2022-11-13 16:00:00+00:00,train,1324.8002976896778,981.5389247728358,1306.3392224625136
2022-11-13 20:00:00+00:00,train,1324.8002976896778,981.5389247728358,1306.3392224625136
2022-11-14 00:00:00+00:00,train,1324.8002976896778,979.6596337059133,1304.459931395591
2022-11-14 04:00:00+00:00,train,1324.8002976896778,977.7803426389908,1302.5806403286688
2022-11-14 08:00:00+00:00,train,1324.8002976896778,977.7803426389908,1302.5806403286688
2022-11-14 12:00:00+00:00,train,1324.8002976896778,974.0938527356138,1298.8941504252916
2022-11-14 16:00:00+00:00,train,1324.8002976896778,974.0938527356138,1298.8941504252916
2022-11-14 20:00:00+00:00,train,1324.8002976896778,974.0938527356138,1298.8941504252916
2022-11-15 00:00:00+00:00,train,1324.8002976896778,970.3619076617979,1295.1622053514757
2022-11-15 04:00:00+00:00,train,1324.8002976896778,970.3619076617979,1295.1622053514757
2022-11-15 08:00:00+00:00,train,1324.8002976896778,970.3619076617979,1295.1622053514757
2022-11-15 12:00:00+00:00,train,1324.8002976896778,967.1667713939025,1291.96706908358
2022-11-15 16:00:00+00:00,train,1324.8002976896778,967.1667713939025,1291.96706908358
2022-11-15 20:00:00+00:00,train,1324.8002976896778,967.1667713939025,1291.96706908358
2022-11-16 00:00:00+00:00,train,1324.8002976896778,967.571036851829,1292.3713345415067
2022-11-16 04:00:00+00:00,train,1324.8002976896778,967.9753023097556,1292.7755999994333
2022-11-16 08:00:00+00:00,train,1324.8002976896778,968.3795677676821,1293.17986545736
2022-11-16 12:00:00+00:00,train,1324.8002976896778,968.7838332256088,1293.5841309152866
2022-11-16 16:00:00+00:00,train,1324.8002976896778,969.1880986835353,1293.9883963732132
2022-11-16 20:00:00+00:00,train,1324.8002976896778,969.5923641414618,1294.3926618311398
2022-11-17 00:00:00+00:00,train,1324.8002976896778,969.9966295993884,1294.796927289066
2022-11-17 04:00:00+00:00,train,1324.8002976896778,970.4008950573149,1295.2011927469925
2022-11-17 08:00:00+00:00,train,1324.8002976896778,970.8051605152415,1295.6054582049192
2022-11-17 12:00:00+00:00,train,1324.8002976896778,971.209425973168,1296.0097236628458
2022-11-17 16:00:00+00:00,train,1324.8002976896778,971.6136914310945,1296.4139891207724
2022-11-17 20:00:00+00:00,train,1324.8002976896778,972.0179568890211,1296.818254578699
2022-11-18 00:00:00+00:00,train,1324.8002976896778,972.0179568890211,1296.818254578699
2022-11-18 04:00:00+00:00,train,1324.8002976896778,972.0179568890211,1296.818254578699
2022-11-18 08:00:00+00:00,train,1324.8002976896778,972.3989179595807,1297.1992156492583
2022-11-18 12:00:00+00:00,train,1324.8002976896778,972.7798790301404,1297.5801767198182
2022-11-18 16:00:00+00:00,train,1324.8002976896778,973.1608401006999,1297.9611377903775
2022-11-18 20:00:00+00:00,train,1324.8002976896778,973.5418011712595,1298.3420988609373
2022-11-19 00:00:00+00:00,train,1324.8002976896778,973.9227622418191,1298.7230599314971
2022-11-19 04:00:00+00:00,train,1324.8002976896778,974.3037233123788,1299.1040210020565
2022-11-19 08:00:00+00:00,train,1324.8002976896778,974.6846843829384,1299.4849820726163
2022-11-19 12:00:00+00:00,train,1324.8002976896778,975.065645453498,1299.8659431431756
2022-11-19 16:00:00+00:00,train,1324.8002976896778,975.4466065240575,1300.2469042137354
2022-11-19 20:00:00+00:00,train,1324.8002976896778,975.8275675946172,1300.6278652842948
2022-11-20 00:00:00+00:00,train,1324.8002976896778,976.2085286651768,1301.0088263548546
2022-11-20 04:00:00+00:00,train,1324.8002976896778,976.5894897357364,1301.3897874254144
2022-11-20 08:00:00+00:00,train,1324.8002976896778,976.5894897357364,1301.3897874254144
2022-11-20 12:00:00+00:00,train,1324.8002976896778,975.0879311652461,1299.888228854924
2022-11-20 16:00:00+00:00,train,1324.0577148678817,975.0879311652461,1299.1456460331278
2022-11-20 20:00:00+00:00,train,1323.3151320460856,975.0879311652461,1298.4030632113318
2022-11-21 00:00:00+00:00,train,1323.3151320460856,982.8956906737544,1306.21082271984
2022-11-21 04:00:00+00:00,train,1323.3151320460856,982.8956906737544,1306.21082271984
2022-11-21 08:00:00+00:00,train,1323.3151320460856,981.2439669427062,1304.559098988792
2022-11-21 12:00:00+00:00,train,1323.3151320460856,981.2439669427062,1304.559098988792
2022-11-21 16:00:00+00:00,train,1318.9754141996889,979.6600656964672,1298.635479896156
2022-11-21 20:00:00+00:00,train,1318.9754141996889,979.6600656964672,1298.635479896156
2022-11-22 00:00:00+00:00,train,1318.9754141996889,977.9825097711521,1296.957923970841
2022-11-22 04:00:00+00:00,train,1318.9754141996889,977.9825097711521,1296.957923970841
2022-11-22 08:00:00+00:00,train,1318.9754141996889,977.9825097711521,1296.957923970841
2022-11-22 12:00:00+00:00,train,1318.9754141996889,977.9825097711521,1296.957923970841
2022-11-22 16:00:00+00:00,train,1318.9754141996889,977.9825097711521,1296.957923970841
2022-11-22 20:00:00+00:00,train,1318.9754141996889,976.2249697570269,1295.200383956716
2022-11-23 00:00:00+00:00,train,1325.72534887648,976.2249697570269,1301.9503186335069
2022-11-23 04:00:00+00:00,train,1325.72534887648,976.2249697570269,1301.9503186335069
2022-11-23 08:00:00+00:00,train,1325.72534887648,976.2249697570269,1301.9503186335069
2022-11-23 12:00:00+00:00,train,1329.0573036478017,976.2249697570269,1305.2822734048286
2022-11-23 16:00:00+00:00,train,1332.3892584191233,976.2249697570269,1308.6142281761504
2022-11-23 20:00:00+00:00,train,1332.3892584191233,976.2249697570269,1308.6142281761504
2022-11-24 00:00:00+00:00,train,1332.3892584191233,976.2249697570269,1308.6142281761504
2022-11-24 04:00:00+00:00,train,1330.9294802565757,976.2249697570269,1307.1544500136024
2022-11-24 08:00:00+00:00,train,1329.4697020940284,976.2249697570269,1305.6946718510553
2022-11-24 12:00:00+00:00,train,1329.4697020940284,976.2249697570269,1305.6946718510553
2022-11-24 16:00:00+00:00,train,1329.4697020940284,976.2249697570269,1305.6946718510553
2022-11-24 20:00:00+00:00,train,1329.4697020940284,976.2249697570269,1305.6946718510553
2022-11-25 00:00:00+00:00,train,1329.4697020940284,976.2249697570269,1305.6946718510553
2022-11-25 04:00:00+00:00,train,1329.4697020940284,976.2249697570269,1305.6946718510553
2022-11-25 08:00:00+00:00,train,1329.4697020940284,976.2249697570269,1305.6946718510553
2022-11-25 12:00:00+00:00,train,1329.4697020940284,976.2249697570269,1305.6946718510553
2022-11-25 16:00:00+00:00,train,1329.4697020940284,976.2249697570269,1305.6946718510553
2022-11-25 20:00:00+00:00,train,1329.3908309772783,976.2249697570269,1305.6158007343051
2022-11-26 00:00:00+00:00,train,1329.311959860528,976.2249697570269,1305.536929617555
2022-11-26 04:00:00+00:00,train,1329.233088743778,976.2249697570269,1305.4580585008048
2022-11-26 08:00:00+00:00,train,1329.1542176270277,976.2249697570269,1305.3791873840546
2022-11-26 12:00:00+00:00,train,1329.0753465102775,976.2249697570269,1305.3003162673044
2022-11-26 16:00:00+00:00,train,1328.9964753935274,976.2249697570269,1305.2214451505542
2022-11-26 20:00:00+00:00,train,1328.9964753935274,976.2249697570269,1305.2214451505542
2022-11-27 00:00:00+00:00,train,1328.9964753935274,976.2249697570269,1305.2214451505542
2022-11-27 04:00:00+00:00,train,1328.412163555728,976.2249697570269,1304.637133312755
2022-11-27 08:00:00+00:00,train,1327.8278517179288,976.2249697570269,1304.0528214749556
2022-11-27 12:00:00+00:00,train,1327.2435398801294,976.2249697570269,1303.4685096371563
2022-11-27 16:00:00+00:00,train,1326.6592280423301,976.2249697570269,1302.884197799357
2022-11-27 20:00:00+00:00,train,1326.0749162045308,976.2249697570269,1302.2998859615577
2022-11-28 00:00:00+00:00,train,1325.4906043667318,976.2249697570269,1301.7155741237584
2022-11-28 04:00:00+00:00,train,1325.4906043667318,974.8321233592898,1300.3227277260216
2022-11-28 08:00:00+00:00,train,1325.4906043667318,974.8321233592898,1300.3227277260216
2022-11-28 12:00:00+00:00,train,1325.6560114156273,974.8321233592898,1300.488134774917
2022-11-28 16:00:00+00:00,train,1325.8214184645228,973.5123191981722,1299.333737662695
2022-11-28 20:00:00+00:00,train,1325.9868255134184,973.5123191981722,1299.4991447115908
2022-11-29 00:00:00+00:00,train,1326.1522325623139,972.1936270607729,1298.3458596230867
2022-11-29 04:00:00+00:00,train,1326.3176396112092,972.1936270607729,1298.511266671982
2022-11-29 08:00:00+00:00,train,1326.4830466601047,970.9204798164066,1297.4035264765112
2022-11-29 12:00:00+00:00,train,1326.6484537090003,970.9204798164066,1297.568933525407
2022-11-29 16:00:00+00:00,train,1326.8138607578958,970.9204798164066,1297.7343405743022
2022-11-29 20:00:00+00:00,train,1326.9792678067913,970.29244406961,1297.2717118764012
2022-11-30 00:00:00+00:00,train,1327.1446748556868,969.6644083228135,1296.8090831785003
2022-11-30 04:00:00+00:00,train,1327.3100819045824,969.6644083228135,1296.974490227396
2022-11-30 08:00:00+00:00,train,1327.475488953478,969.6644083228135,1297.1398972762913
2022-11-30 12:00:00+00:00,train,1327.475488953478,969.6644083228135,1297.1398972762913
2022-11-30 16:00:00+00:00,train,1327.475488953478,968.5767056173214,1296.0521945707992
2022-11-30 20:00:00+00:00,train,1331.6085005484442,968.5767056173214,1300.1852061657655
2022-12-01 00:00:00+00:00,train,1331.6085005484442,968.5767056173214,1300.1852061657655
2022-12-01 04:00:00+00:00,train,1331.6085005484442,968.5767056173214,1300.1852061657655
2022-12-01 08:00:00+00:00,train,1331.6085005484442,968.5767056173214,1300.1852061657655
2022-12-01 12:00:00+00:00,train,1331.6085005484442,968.5767056173214,1300.1852061657655
2022-12-01 16:00:00+00:00,train,1331.6085005484442,968.5767056173214,1300.1852061657655
2022-12-01 20:00:00+00:00,train,1331.6085005484442,968.353079119594,1299.9615796680382
2022-12-02 00:00:00+00:00,train,1331.6085005484442,968.1294526218666,1299.737953170311
2022-12-02 04:00:00+00:00,train,1331.4480918333793,967.9058261241393,1299.3539179575187
2022-12-02 08:00:00+00:00,train,1331.2876831183146,967.6821996264118,1298.9698827447264
2022-12-02 12:00:00+00:00,train,1331.1272744032497,967.4585731286843,1298.5858475319337
2022-12-02 16:00:00+00:00,train,1330.9668656881847,967.4585731286843,1298.4254388168692
2022-12-02 20:00:00+00:00,train,1330.80645697312,967.4585731286843,1298.2650301018043
2022-12-03 00:00:00+00:00,train,1330.646048258055,967.4585731286843,1298.1046213867394
2022-12-03 04:00:00+00:00,train,1330.4856395429902,967.4585731286843,1297.9442126716744
2022-12-03 08:00:00+00:00,train,1330.3252308279255,967.3656035151679,1297.6908343430932
2022-12-03 12:00:00+00:00,train,1330.1648221128605,967.2726339016516,1297.437456014512
2022-12-03 16:00:00+00:00,train,1330.0044133977956,967.1796642881352,1297.1840776859308
2022-12-03 20:00:00+00:00,train,1329.8440046827309,967.0866946746189,1296.93069935735
2022-12-04 00:00:00+00:00,train,1329.8440046827309,966.9937250611025,1296.8377297438333
2022-12-04 04:00:00+00:00,train,1329.8440046827309,966.9007554475861,1296.744760130317
2022-12-04 08:00:00+00:00,train,1329.8440046827309,966.8077858340698,1296.6517905168007
2022-12-04 12:00:00+00:00,train,1329.8440046827309,966.7148162205534,1296.5588209032844
2022-12-04 16:00:00+00:00,train,1329.8440046827309,966.621846607037,1296.4658512897677
2022-12-04 20:00:00+00:00,train,1331.1920591413013,966.5288769935207,1297.7209361348223
2022-12-05 00:00:00+00:00,train,1332.5401135998718,966.5288769935207,1299.0689905933923
2022-12-05 04:00:00+00:00,train,1332.5401135998718,966.5288769935207,1299.0689905933923
2022-12-05 08:00:00+00:00,train,1332.5401135998718,966.5288769935207,1299.0689905933923
2022-12-05 12:00:00+00:00,train,1330.6645719249846,966.5288769935207,1297.193448918505
2022-12-05 16:00:00+00:00,train,1330.6645719249846,966.5288769935207,1297.193448918505
2022-12-05 20:00:00+00:00,train,1330.6645719249846,966.5288769935207,1297.193448918505
2022-12-06 00:00:00+00:00,train,1333.4970878897584,966.5288769935207,1300.025964883279
2022-12-06 04:00:00+00:00,train,1333.4970878897584,966.5288769935207,1300.025964883279
2022-12-06 08:00:00+00:00,train,1333.4970878897584,966.5288769935207,1300.025964883279
2022-12-06 12:00:00+00:00,train,1333.133805026901,966.5288769935207,1299.662682020422
2022-12-06 16:00:00+00:00,train,1332.7705221640435,966.5288769935207,1299.299399157564
2022-12-06 20:00:00+00:00,train,1332.407239301186,966.5288769935207,1298.936116294707
2022-12-07 00:00:00+00:00,train,1332.0439564383285,966.5288769935207,1298.5728334318492
2022-12-07 04:00:00+00:00,train,1331.680673575471,966.5288769935207,1298.2095505689917
2022-12-07 08:00:00+00:00,train,1331.680673575471,966.5288769935207,1298.2095505689917
2022-12-07 12:00:00+00:00,train,1331.680673575471,966.5288769935207,1298.2095505689917
2022-12-07 16:00:00+00:00,train,1331.680673575471,966.5288769935207,1298.2095505689917
2022-12-07 20:00:00+00:00,train,1331.680673575471,966.5288769935207,1298.2095505689917
2022-12-08 00:00:00+00:00,train,1331.680673575471,966.5288769935207,1298.2095505689917
2022-12-08 04:00:00+00:00,train,1331.680673575471,966.5288769935207,1298.2095505689917
2022-12-08 08:00:00+00:00,train,1331.680673575471,965.7264274961914,1297.4071010716625
2022-12-08 12:00:00+00:00,train,1331.680673575471,965.7264274961914,1297.4071010716625
2022-12-08 16:00:00+00:00,train,1332.2514749346155,964.9546672064102,1297.2061421410258
2022-12-08 20:00:00+00:00,train,1332.82227629376,964.9546672064102,1297.77694350017
2022-12-09 00:00:00+00:00,train,1333.3930776529046,964.2159115559471,1297.6089892088517
2022-12-09 04:00:00+00:00,train,1333.9638790120491,964.2159115559471,1298.179790567996
2022-12-09 08:00:00+00:00,train,1334.5346803711936,964.2159115559471,1298.7505919271407
2022-12-09 12:00:00+00:00,train,1334.5346803711936,964.2159115559471,1298.7505919271407
2022-12-09 16:00:00+00:00,train,1334.5346803711936,964.2159115559471,1298.7505919271407
2022-12-09 20:00:00+00:00,train,1334.5346803711936,964.2159115559471,1298.7505919271407
2022-12-10 00:00:00+00:00,train,1334.5346803711936,964.2159115559471,1298.7505919271407
2022-12-10 04:00:00+00:00,train,1334.5346803711936,963.4981681006778,1298.0328484718716
2022-12-10 08:00:00+00:00,train,1334.5346803711936,963.4981681006778,1298.0328484718716
2022-12-10 12:00:00+00:00,train,1334.5346803711936,963.4981681006778,1298.0328484718716
2022-12-10 16:00:00+00:00,train,1334.5346803711936,962.8511377587062,1297.3858181298997
2022-12-10 20:00:00+00:00,train,1334.5346803711936,962.8511377587062,1297.3858181298997
2022-12-11 00:00:00+00:00,train,1334.3403747138018,962.2518824467284,1296.5922571605302
2022-12-11 04:00:00+00:00,train,1334.14606905641,962.2518824467284,1296.3979515031383
2022-12-11 08:00:00+00:00,train,1333.951763399018,962.2518824467284,1296.2036458457465
2022-12-11 12:00:00+00:00,train,1333.7574577416262,961.6957258901504,1295.4531836317765
2022-12-11 16:00:00+00:00,train,1333.5631520842346,961.6957258901504,1295.258877974385
2022-12-11 20:00:00+00:00,train,1333.3688464268428,961.6957258901504,1295.0645723169932
2022-12-12 00:00:00+00:00,train,1333.3688464268428,961.1296062156457,1294.4984526424887
2022-12-12 04:00:00+00:00,train,1333.3688464268428,961.1296062156457,1294.4984526424887
2022-12-12 08:00:00+00:00,train,1333.96471146618,960.4730776658002,1294.43778913198
2022-12-12 12:00:00+00:00,train,1334.5605765055175,960.4730776658002,1295.0336541713177
2022-12-12 16:00:00+00:00,train,1335.1564415448547,959.8162034833476,1294.9726450282024
2022-12-12 20:00:00+00:00,train,1335.752306584192,959.8162034833476,1295.5685100675396
2022-12-13 00:00:00+00:00,train,1335.752306584192,959.8162034833476,1295.5685100675396
2022-12-13 04:00:00+00:00,train,1334.0388324815387,959.151487547419,1293.190320028958
2022-12-13 08:00:00+00:00,train,1334.0388324815387,959.151487547419,1293.190320028958
2022-12-13 12:00:00+00:00,train,1336.6340954793586,959.151487547419,1295.7855830267777
2022-12-13 16:00:00+00:00,train,1336.6340954793586,959.151487547419,1295.7855830267777
2022-12-13 20:00:00+00:00,train,1336.6340954793586,959.151487547419,1295.7855830267777
2022-12-14 00:00:00+00:00,train,1337.4006163992551,959.151487547419,1296.552103946674
2022-12-14 04:00:00+00:00,train,1338.1671373191514,959.151487547419,1297.3186248665706
2022-12-14 08:00:00+00:00,train,1338.9336582390479,959.151487547419,1298.085145786467
2022-12-14 12:00:00+00:00,train,1339.7001791589441,959.151487547419,1298.8516667063632
2022-12-14 16:00:00+00:00,train,1339.7001791589441,959.151487547419,1298.8516667063632
2022-12-14 20:00:00+00:00,train,1339.7001791589441,959.151487547419,1298.8516667063632
2022-12-15 00:00:00+00:00,train,1337.5020196187786,959.151487547419,1296.6535071661974
2022-12-15 04:00:00+00:00,train,1337.5020196187786,959.151487547419,1296.6535071661974
2022-12-15 08:00:00+00:00,train,1337.5020196187786,959.151487547419,1296.6535071661974
2022-12-15 12:00:00+00:00,train,1337.0761894288337,959.151487547419,1296.227676976253
2022-12-15 16:00:00+00:00,train,1336.6503592388888,959.151487547419,1295.8018467863076
2022-12-15 20:00:00+00:00,train,1336.2245290489439,959.151487547419,1295.3760165963631
2022-12-16 00:00:00+00:00,train,1335.798698858999,959.151487547419,1294.9501864064177
2022-12-16 04:00:00+00:00,train,1335.372868669054,959.151487547419,1294.5243562164733
2022-12-16 08:00:00+00:00,train,1334.9470384791089,959.151487547419,1294.098526026528
2022-12-16 12:00:00+00:00,train,1334.9470384791089,959.151487547419,1294.098526026528
2022-12-16 16:00:00+00:00,train,1334.9470384791089,959.151487547419,1294.098526026528
2022-12-16 20:00:00+00:00,train,1334.9470384791089,959.151487547419,1294.098526026528
2022-12-17 00:00:00+00:00,train,1334.9470384791089,959.151487547419,1294.098526026528
2022-12-17 04:00:00+00:00,train,1334.9470384791089,957.8613139375606,1292.8083524166695
2022-12-17 08:00:00+00:00,train,1334.9470384791089,957.8613139375606,1292.8083524166695
2022-12-17 12:00:00+00:00,train,1334.9470384791089,957.8613139375606,1292.8083524166695
2022-12-17 16:00:00+00:00,train,1334.9470384791089,957.2337842231901,1292.1808227022989
2022-12-17 20:00:00+00:00,train,1334.9470384791089,956.6062545088198,1291.5532929879287
2022-12-18 20:00:00+00:00,train,1334.9470384791089,956.6062545088198,1291.5532929879287
2022-12-19 00:00:00+00:00,train,1334.9470384791089,955.4809008603752,1290.427939339484
2022-12-19 04:00:00+00:00,train,1334.9470384791089,955.4809008603752,1290.427939339484
2022-12-19 08:00:00+00:00,train,1334.9470384791089,954.3723477196028,1289.3193861987115
2022-12-19 12:00:00+00:00,train,1334.9470384791089,954.3723477196028,1289.3193861987115
2022-12-19 16:00:00+00:00,train,1334.9470384791089,954.3723477196028,1289.3193861987115
2022-12-19 20:00:00+00:00,train,1332.1277162999413,953.8515726810192,1285.9792889809605
2022-12-20 00:00:00+00:00,train,1332.1277162999413,953.3307976424356,1285.458513942377
2022-12-20 04:00:00+00:00,train,1332.1277162999413,953.3307976424356,1285.458513942377
2022-12-20 08:00:00+00:00,train,1331.7790709173944,953.3307976424356,1285.10986855983
2022-12-20 12:00:00+00:00,train,1331.4304255348477,952.2577952842082,1283.688220819056
2022-12-20 16:00:00+00:00,train,1331.0817801523008,952.2577952842082,1283.3395754365092
2022-12-20 20:00:00+00:00,train,1330.7331347697539,952.2577952842082,1282.990930053962
2022-12-21 00:00:00+00:00,train,1330.384489387207,952.5422179421603,1282.9267073293672
2022-12-21 04:00:00+00:00,train,1330.0358440046602,952.8266406001123,1282.8624846047724
2022-12-21 08:00:00+00:00,train,1330.0358440046602,953.1110632580644,1283.1469072627247
2022-12-21 12:00:00+00:00,train,1330.0358440046602,953.3954859160165,1283.431329920677
2022-12-21 16:00:00+00:00,train,1330.0358440046602,953.6799085739685,1283.7157525786288
2022-12-21 20:00:00+00:00,train,1330.0358440046602,953.9643312319206,1284.0001752365806
2022-12-22 00:00:00+00:00,train,1330.0358440046602,954.2487538898727,1284.284597894533
2022-12-22 04:00:00+00:00,train,1330.0358440046602,954.5331765478247,1284.5690205524852
2022-12-22 08:00:00+00:00,train,1330.0358440046602,954.8175992057768,1284.853443210437
2022-12-22 12:00:00+00:00,train,1330.0358440046602,955.102021863729,1285.1378658683893
2022-12-22 16:00:00+00:00,train,1330.0358440046602,955.386444521681,1285.4222885263412
2022-12-22 20:00:00+00:00,train,1330.0358440046602,955.670867179633,1285.7067111842935
2022-12-23 00:00:00+00:00,train,1330.0358440046602,955.670867179633,1285.7067111842935
2022-12-23 04:00:00+00:00,train,1330.0358440046602,955.670867179633,1285.7067111842935
2022-12-23 08:00:00+00:00,train,1330.0358440046602,956.41635971667,1286.45220372133
2022-12-23 12:00:00+00:00,train,1330.0358440046602,957.161852253707,1287.1976962583672
2022-12-23 16:00:00+00:00,train,1330.0358440046602,957.907344790744,1287.9431887954042
2022-12-23 20:00:00+00:00,train,1330.0358440046602,958.6528373277811,1288.6886813324413
2022-12-24 00:00:00+00:00,train,1330.0358440046602,959.398329864818,1289.4341738694784
2022-12-24 04:00:00+00:00,train,1330.0358440046602,960.1438224018551,1290.1796664065155
2022-12-24 08:00:00+00:00,train,1330.0358440046602,960.1438224018551,1290.1796664065155
2022-12-24 12:00:00+00:00,train,1330.025308028155,960.1438224018551,1290.1691304300102
2022-12-24 16:00:00+00:00,train,1330.01477205165,959.2539924579281,1289.268764509578
2022-12-24 20:00:00+00:00,train,1330.0042360751447,959.2539924579281,1289.2582285330727
2022-12-25 00:00:00+00:00,train,1329.9937000986397,959.2539924579281,1289.247692556568
2022-12-25 04:00:00+00:00,train,1329.9831641221344,958.3989264227263,1288.3820905448606
2022-12-25 08:00:00+00:00,train,1329.9726281456294,958.3989264227263,1288.3715545683558
2022-12-25 12:00:00+00:00,train,1329.9620921691242,958.3989264227263,1288.3610185918506
2022-12-25 16:00:00+00:00,train,1329.9515561926191,958.1360248223432,1288.0875810149623
2022-12-25 20:00:00+00:00,train,1329.9410202161139,957.8731232219601,1287.814143438074
2022-12-26 00:00:00+00:00,train,1329.9304842396089,957.6102216215769,1287.5407058611859
2022-12-26 04:00:00+00:00,train,1329.9199482631036,957.6102216215769,1287.5301698846806
2022-12-26 08:00:00+00:00,train,1329.9094122865986,957.6102216215769,1287.5196339081754
2022-12-26 12:00:00+00:00,train,1329.9094122865986,957.423776796038,1287.3331890826366
2022-12-26 16:00:00+00:00,train,1329.9094122865986,957.2373319704992,1287.146744257098
2022-12-26 20:00:00+00:00,train,1329.9094122865986,957.0508871449605,1286.9602994315592
2022-12-27 00:00:00+00:00,train,1329.9094122865986,956.8644423194216,1286.77385460602
2022-12-27 04:00:00+00:00,train,1329.9094122865986,956.8644423194216,1286.77385460602
2022-12-27 08:00:00+00:00,train,1329.9094122865986,956.8644423194216,1286.77385460602
2022-12-27 12:00:00+00:00,train,1329.9094122865986,960.2043789510041,1290.1137912376025
2022-12-27 16:00:00+00:00,train,1329.9094122865986,960.2043789510041,1290.1137912376025
2022-12-27 20:00:00+00:00,train,1332.7201888673699,959.4161490216113,1292.136337888981
2022-12-28 00:00:00+00:00,train,1332.7201888673699,959.4161490216113,1292.136337888981
2022-12-28 04:00:00+00:00,train,1332.7201888673699,963.6227181492419,1296.3429070166117
2022-12-28 08:00:00+00:00,train,1332.7201888673699,963.6227181492419,1296.3429070166117
2022-12-28 12:00:00+00:00,train,1332.7201888673699,962.4677220465044,1295.1879109138745
2022-12-28 16:00:00+00:00,train,1332.7201888673699,962.4677220465044,1295.1879109138745
2022-12-28 20:00:00+00:00,train,1332.7201888673699,961.2279084934369,1293.948097360807
2022-12-29 00:00:00+00:00,train,1332.7201888673699,961.2279084934369,1293.948097360807
2022-12-29 04:00:00+00:00,train,1332.7201888673699,961.2279084934369,1293.948097360807
2022-12-29 08:00:00+00:00,train,1332.7201888673699,963.4756219278588,1296.1958107952287
2022-12-29 12:00:00+00:00,train,1332.7201888673699,965.7233353622807,1298.4435242296504
2022-12-29 16:00:00+00:00,train,1332.7201888673699,967.9710487967027,1300.6912376640726
2022-12-30 00:00:00+00:00,train,1332.7201888673699,967.9710487967027,1300.6912376640726
2022-12-30 04:00:00+00:00,train,1332.7201888673699,967.9710487967027,1300.6912376640726
2022-12-30 08:00:00+00:00,train,1332.7201888673699,967.9710487967027,1300.6912376640726
2022-12-30 12:00:00+00:00,train,1332.7201888673699,966.1401635119038,1298.8603523792735
2022-12-30 16:00:00+00:00,train,1332.7201888673699,966.1401635119038,1298.8603523792735
2022-12-30 20:00:00+00:00,train,1332.7201888673699,964.3204207694125,1297.0406096367824
2022-12-31 00:00:00+00:00,train,1332.7201888673699,964.3204207694125,1297.0406096367824
2022-12-31 04:00:00+00:00,train,1332.7201888673699,964.3204207694125,1297.0406096367824
2022-12-31 08:00:00+00:00,train,1332.7201888673699,962.5541396530493,1295.2743285204192
2022-12-31 12:00:00+00:00,train,1332.7201888673699,962.5541396530493,1295.2743285204192
2022-12-31 16:00:00+00:00,train,1332.7201888673699,962.5541396530493,1295.2743285204192
2022-12-31 20:00:00+00:00,train,1332.7201888673699,962.5541396530493,1295.2743285204192
2023-01-01 00:00:00+00:00,train,1332.7201888673699,962.5541396530493,1295.2743285204192
2023-01-01 04:00:00+00:00,train,1332.7201888673699,962.5541396530493,1295.2743285204192
2023-01-01 08:00:00+00:00,train,1332.7201888673699,961.1106989432493,1293.830887810619
2023-01-01 12:00:00+00:00,train,1332.7201888673699,961.1106989432493,1293.830887810619
2023-01-01 16:00:00+00:00,train,1332.7201888673699,959.7530831680417,1292.4732720354114
2023-01-01 20:00:00+00:00,train,1332.7201888673699,959.7530831680417,1292.4732720354114
2023-01-02 00:00:00+00:00,train,1332.7201888673699,959.7530831680417,1292.4732720354114
2023-01-02 04:00:00+00:00,train,1332.7201888673699,959.7530831680417,1292.4732720354114
2023-01-02 08:00:00+00:00,train,1332.7201888673699,959.7530831680417,1292.4732720354114
2023-01-02 12:00:00+00:00,train,1332.7201888673699,959.7530831680417,1292.4732720354114
2023-01-02 16:00:00+00:00,train,1332.7201888673699,959.7530831680417,1292.4732720354114
2023-01-02 20:00:00+00:00,train,1332.7201888673699,959.7530831680417,1292.4732720354114
2023-01-03 00:00:00+00:00,train,1332.7201888673699,959.7530831680417,1292.4732720354114
2023-01-03 04:00:00+00:00,train,1332.7201888673699,959.7530831680417,1292.4732720354114
2023-01-03 08:00:00+00:00,train,1332.7201888673699,959.7530831680417,1292.4732720354114
2023-01-03 12:00:00+00:00,train,1332.7201888673699,959.7530831680417,1292.4732720354114
2023-01-03 16:00:00+00:00,train,1332.7201888673699,959.7530831680417,1292.4732720354114
2023-01-03 20:00:00+00:00,train,1332.7201888673699,959.7530831680417,1292.4732720354114
2023-01-04 00:00:00+00:00,train,1332.7201888673699,959.7530831680417,1292.4732720354114
2023-01-04 04:00:00+00:00,train,1332.7201888673699,959.7530831680417,1292.4732720354114
2023-01-04 08:00:00+00:00,train,1332.7201888673699,959.7530831680417,1292.4732720354114
2023-01-04 12:00:00+00:00,train,1332.7201888673699,959.7530831680417,1292.4732720354114
2023-01-04 16:00:00+00:00,train,1332.7201888673699,959.7530831680417,1292.4732720354114
2023-01-04 20:00:00+00:00,train,1332.7201888673699,959.7530831680417,1292.4732720354114
2023-01-05 00:00:00+00:00,train,1332.7201888673699,959.7530831680417,1292.4732720354114
2023-01-05 04:00:00+00:00,train,1332.7201888673699,959.7530831680417,1292.4732720354114
2023-01-05 08:00:00+00:00,train,1332.7201888673699,959.7530831680417,1292.4732720354114
2023-01-05 12:00:00+00:00,train,1332.7201888673699,959.7530831680417,1292.4732720354114
2023-01-05 16:00:00+00:00,train,1332.7201888673699,959.7530831680417,1292.4732720354114
2023-01-05 20:00:00+00:00,train,1332.7201888673699,959.7530831680417,1292.4732720354114
2023-01-06 00:00:00+00:00,train,1332.7201888673699,959.7530831680417,1292.4732720354114
2023-01-06 04:00:00+00:00,train,1332.7201888673699,959.7530831680417,1292.4732720354114
2023-01-06 08:00:00+00:00,train,1332.7201888673699,959.7530831680417,1292.4732720354114
2023-01-06 12:00:00+00:00,train,1332.7201888673699,959.7530831680417,1292.4732720354114
2023-01-06 16:00:00+00:00,train,1332.7201888673699,959.7530831680417,1292.4732720354114
2023-01-06 20:00:00+00:00,train,1332.7201888673699,959.7530831680417,1292.4732720354114
2023-01-07 00:00:00+00:00,train,1332.7201888673699,959.7530831680417,1292.4732720354114
2023-01-07 04:00:00+00:00,train,1332.7201888673699,959.7530831680417,1292.4732720354114
2023-01-07 08:00:00+00:00,train,1332.7201888673699,959.7530831680417,1292.4732720354114
2023-01-07 12:00:00+00:00,train,1332.7201888673699,959.7530831680417,1292.4732720354114
2023-01-07 16:00:00+00:00,train,1332.7201888673699,959.7530831680417,1292.4732720354114
2023-01-07 20:00:00+00:00,train,1332.7201888673699,959.7530831680417,1292.4732720354114
2023-01-08 00:00:00+00:00,train,1332.7201888673699,959.7530831680417,1292.4732720354114
2023-01-08 04:00:00+00:00,train,1334.8439862013452,959.7530831680417,1294.597069369387
2023-01-08 08:00:00+00:00,train,1336.9677835353205,959.7530831680417,1296.720866703362
2023-01-08 12:00:00+00:00,train,1336.9677835353205,959.7530831680417,1296.720866703362
2023-01-08 16:00:00+00:00,train,1334.018055517712,959.7530831680417,1293.7711386857536
2023-01-08 20:00:00+00:00,train,1334.018055517712,959.7530831680417,1293.7711386857536
2023-01-09 00:00:00+00:00,train,1334.018055517712,959.7530831680417,1293.7711386857536
2023-01-09 04:00:00+00:00,train,1334.018055517712,959.7530831680417,1293.7711386857536
2023-01-09 08:00:00+00:00,train,1334.018055517712,959.7530831680417,1293.7711386857536
2023-01-09 12:00:00+00:00,train,1334.018055517712,959.7530831680417,1293.7711386857536
2023-01-09 16:00:00+00:00,train,1334.018055517712,959.7530831680417,1293.7711386857536
2023-01-09 20:00:00+00:00,train,1334.018055517712,959.7530831680417,1293.7711386857536
2023-01-10 00:00:00+00:00,train,1334.018055517712,959.7530831680417,1293.7711386857536
2023-01-10 04:00:00+00:00,train,1334.018055517712,959.7530831680417,1293.7711386857536
2023-01-10 08:00:00+00:00,train,1334.018055517712,959.7530831680417,1293.7711386857536
2023-01-10 12:00:00+00:00,train,1334.018055517712,959.7530831680417,1293.7711386857536
2023-01-10 16:00:00+00:00,train,1334.018055517712,959.7530831680417,1293.7711386857536
2023-01-10 20:00:00+00:00,train,1334.018055517712,959.7530831680417,1293.7711386857536
2023-01-11 00:00:00+00:00,train,1334.018055517712,959.7530831680417,1293.7711386857536
2023-01-11 04:00:00+00:00,train,1334.018055517712,959.7530831680417,1293.7711386857536
2023-01-11 08:00:00+00:00,train,1334.018055517712,959.7530831680417,1293.7711386857536
2023-01-11 12:00:00+00:00,train,1334.018055517712,959.7530831680417,1293.7711386857536
2023-01-11 16:00:00+00:00,train,1334.018055517712,959.7530831680417,1293.7711386857536
2023-01-11 20:00:00+00:00,train,1334.018055517712,959.7530831680417,1293.7711386857536
2023-01-12 00:00:00+00:00,train,1334.018055517712,959.7530831680417,1293.7711386857536
2023-01-12 04:00:00+00:00,train,1334.018055517712,959.7530831680417,1293.7711386857536
2023-01-12 08:00:00+00:00,train,1334.018055517712,959.7530831680417,1293.7711386857536
2023-01-12 12:00:00+00:00,train,1334.018055517712,959.7530831680417,1293.7711386857536
2023-01-12 16:00:00+00:00,train,1334.018055517712,959.7530831680417,1293.7711386857536
2023-01-12 20:00:00+00:00,train,1334.018055517712,959.7530831680417,1293.7711386857536
2023-01-13 00:00:00+00:00,train,1334.018055517712,959.7530831680417,1293.7711386857536
2023-01-13 04:00:00+00:00,train,1334.018055517712,959.7530831680417,1293.7711386857536
2023-01-13 08:00:00+00:00,train,1334.018055517712,959.7530831680417,1293.7711386857536
2023-01-13 12:00:00+00:00,train,1334.018055517712,959.7530831680417,1293.7711386857536
2023-01-13 16:00:00+00:00,train,1334.018055517712,959.7530831680417,1293.7711386857536
2023-01-13 20:00:00+00:00,train,1339.4340160328393,959.7530831680417,1299.1870992008808
2023-01-14 00:00:00+00:00,train,1339.4340160328393,959.7530831680417,1299.1870992008808
2023-01-14 04:00:00+00:00,train,1339.4340160328393,959.7530831680417,1299.1870992008808
2023-01-14 08:00:00+00:00,train,1339.4340160328393,959.7530831680417,1299.1870992008808
2023-01-14 12:00:00+00:00,train,1339.4340160328393,959.7530831680417,1299.1870992008808
2023-01-14 16:00:00+00:00,train,1339.4340160328393,959.7530831680417,1299.1870992008808
2023-01-14 20:00:00+00:00,train,1339.4340160328393,959.7530831680417,1299.1870992008808
2023-01-15 00:00:00+00:00,train,1339.4340160328393,959.7530831680417,1299.1870992008808
2023-01-15 04:00:00+00:00,train,1339.4340160328393,959.7530831680417,1299.1870992008808
2023-01-15 08:00:00+00:00,train,1339.4340160328393,959.7530831680417,1299.1870992008808
2023-01-15 12:00:00+00:00,train,1339.4340160328393,959.7530831680417,1299.1870992008808
2023-01-15 16:00:00+00:00,train,1339.4340160328393,959.7530831680417,1299.1870992008808
2023-01-15 20:00:00+00:00,train,1339.4340160328393,959.7530831680417,1299.1870992008808
2023-01-16 00:00:00+00:00,train,1339.4340160328393,959.7530831680417,1299.1870992008808
2023-01-16 04:00:00+00:00,train,1339.4340160328393,959.7530831680417,1299.1870992008808
2023-01-16 08:00:00+00:00,train,1339.4340160328393,959.7530831680417,1299.1870992008808
2023-01-16 12:00:00+00:00,train,1339.4340160328393,959.7530831680417,1299.1870992008808
2023-01-16 16:00:00+00:00,train,1339.4340160328393,959.7530831680417,1299.1870992008808
2023-01-16 20:00:00+00:00,train,1339.4340160328393,959.7530831680417,1299.1870992008808
2023-01-17 00:00:00+00:00,train,1339.4340160328393,959.7530831680417,1299.1870992008808
2023-01-17 04:00:00+00:00,train,1339.4340160328393,959.7530831680417,1299.1870992008808
2023-01-17 08:00:00+00:00,train,1339.4340160328393,959.7530831680417,1299.1870992008808
2023-01-17 12:00:00+00:00,train,1339.4340160328393,959.7530831680417,1299.1870992008808
2023-01-17 16:00:00+00:00,train,1339.4340160328393,959.7530831680417,1299.1870992008808
2023-01-17 20:00:00+00:00,train,1339.4340160328393,959.7530831680417,1299.1870992008808
2023-01-18 00:00:00+00:00,train,1339.4340160328393,959.7530831680417,1299.1870992008808
2023-01-18 04:00:00+00:00,train,1339.4340160328393,959.7530831680417,1299.1870992008808
2023-01-18 08:00:00+00:00,train,1339.4340160328393,959.7530831680417,1299.1870992008808
2023-01-18 12:00:00+00:00,train,1339.4340160328393,959.7530831680417,1299.1870992008808
2023-01-18 16:00:00+00:00,train,1339.4340160328393,959.7530831680417,1299.1870992008808
2023-01-18 20:00:00+00:00,train,1339.4340160328393,959.7530831680417,1299.1870992008808
2023-01-19 00:00:00+00:00,train,1339.4340160328393,959.7530831680417,1299.1870992008808
2023-01-19 04:00:00+00:00,train,1339.4340160328393,959.7530831680417,1299.1870992008808
2023-01-19 08:00:00+00:00,train,1339.4340160328393,959.7530831680417,1299.1870992008808
2023-01-19 12:00:00+00:00,train,1339.4340160328393,959.7530831680417,1299.1870992008808
2023-01-19 16:00:00+00:00,train,1339.4340160328393,959.7530831680417,1299.1870992008808
2023-01-19 20:00:00+00:00,train,1339.4340160328393,959.7530831680417,1299.1870992008808
2023-01-20 00:00:00+00:00,train,1339.4340160328393,959.7530831680417,1299.1870992008808
2023-01-20 04:00:00+00:00,train,1339.4340160328393,959.7530831680417,1299.1870992008808
2023-01-20 08:00:00+00:00,train,1339.4340160328393,959.7530831680417,1299.1870992008808
2023-01-20 12:00:00+00:00,train,1339.4340160328393,959.7530831680417,1299.1870992008808
2023-01-20 16:00:00+00:00,train,1339.4340160328393,959.7530831680417,1299.1870992008808
2023-01-20 20:00:00+00:00,train,1339.4340160328393,959.7530831680417,1299.1870992008808
2023-01-21 00:00:00+00:00,train,1339.4340160328393,959.7530831680417,1299.1870992008808
2023-01-21 04:00:00+00:00,train,1339.4340160328393,959.7530831680417,1299.1870992008808
2023-01-21 08:00:00+00:00,train,1339.4340160328393,959.7530831680417,1299.1870992008808
2023-01-21 12:00:00+00:00,train,1339.4340160328393,959.7530831680417,1299.1870992008808
2023-01-21 16:00:00+00:00,train,1339.4340160328393,959.7530831680417,1299.1870992008808
2023-01-21 20:00:00+00:00,train,1339.4340160328393,959.7530831680417,1299.1870992008808
2023-01-22 00:00:00+00:00,train,1339.4340160328393,959.7530831680417,1299.1870992008808
2023-01-22 04:00:00+00:00,train,1339.4340160328393,959.7530831680417,1299.1870992008808
2023-01-22 08:00:00+00:00,train,1339.4340160328393,959.7530831680417,1299.1870992008808
2023-01-22 12:00:00+00:00,train,1337.9644460639124,959.7530831680417,1297.7175292319544
2023-01-22 16:00:00+00:00,train,1336.4948760949858,959.7530831680417,1296.2479592630275
2023-01-22 20:00:00+00:00,train,1335.0253061260591,959.7530831680417,1294.7783892941006
2023-01-23 00:00:00+00:00,train,1335.0253061260591,959.7530831680417,1294.7783892941006
2023-01-23 04:00:00+00:00,train,1335.0253061260591,959.7530831680417,1294.7783892941006
2023-01-23 08:00:00+00:00,train,1334.6881298775293,959.7530831680417,1294.4412130455712
2023-01-23 12:00:00+00:00,train,1334.3509536289994,959.7530831680417,1294.1040367970409
2023-01-23 16:00:00+00:00,train,1334.0137773804695,959.7530831680417,1293.7668605485114
2023-01-23 20:00:00+00:00,train,1333.6766011319396,959.7530831680417,1293.429684299981
2023-01-24 00:00:00+00:00,train,1333.3394248834097,959.7530831680417,1293.0925080514517
2023-01-24 04:00:00+00:00,train,1333.0022486348798,959.7530831680417,1292.7553318029213
2023-01-24 08:00:00+00:00,train,1332.66507238635,959.7530831680417,1292.418155554392
2023-01-24 12:00:00+00:00,train,1332.32789613782,959.7530831680417,1292.0809793058615
2023-01-24 16:00:00+00:00,train,1331.9907198892902,959.7530831680417,1291.7438030573321
2023-01-24 20:00:00+00:00,train,1331.6535436407603,959.7530831680417,1291.4066268088018
2023-01-25 00:00:00+00:00,train,1331.6535436407603,959.7530831680417,1291.4066268088018
2023-01-25 04:00:00+00:00,train,1331.6535436407603,959.7530831680417,1291.4066268088018
2023-01-25 08:00:00+00:00,train,1334.6218566106697,959.7530831680417,1294.3749397787115
2023-01-25 12:00:00+00:00,train,1337.5901695805792,959.7530831680417,1297.3432527486211
2023-01-25 16:00:00+00:00,train,1337.5901695805792,959.7530831680417,1297.3432527486211
2023-01-25 20:00:00+00:00,train,1343.2202173348333,959.7530831680417,1302.9733005028747
2023-01-26 00:00:00+00:00,train,1343.2202173348333,959.7530831680417,1302.9733005028747
2023-01-26 04:00:00+00:00,train,1343.2202173348333,959.7530831680417,1302.9733005028747
2023-01-26 08:00:00+00:00,train,1341.907437940159,959.7530831680417,1301.6605211082006
2023-01-26 12:00:00+00:00,train,1340.594658545485,959.7530831680417,1300.3477417135264
2023-01-26 16:00:00+00:00,train,1339.2818791508107,959.7530831680417,1299.0349623188522
2023-01-26 20:00:00+00:00,train,1339.2818791508107,959.7530831680417,1299.0349623188522
2023-01-27 00:00:00+00:00,train,1335.547635291271,959.7530831680417,1295.3007184593125
2023-01-27 04:00:00+00:00,train,1335.547635291271,959.7530831680417,1295.3007184593125
2023-01-27 08:00:00+00:00,train,1335.547635291271,959.7530831680417,1295.3007184593125
2023-01-27 12:00:00+00:00,train,1335.4974112507155,959.7530831680417,1295.2504944187572
2023-01-27 16:00:00+00:00,train,1335.4471872101599,959.7530831680417,1295.2002703782018
2023-01-27 20:00:00+00:00,train,1335.3969631696043,959.7530831680417,1295.150046337646
2023-01-28 00:00:00+00:00,train,1335.3467391290487,959.7530831680417,1295.0998222970902
2023-01-28 04:00:00+00:00,train,1335.2965150884932,959.7530831680417,1295.0495982565349
2023-01-28 08:00:00+00:00,train,1335.2462910479373,959.7530831680417,1294.999374215979
2023-01-28 12:00:00+00:00,train,1335.1960670073818,959.7530831680417,1294.9491501754237
2023-01-28 16:00:00+00:00,train,1335.1960670073818,959.7530831680417,1294.9491501754237
2023-01-28 20:00:00+00:00,train,1335.1960670073818,959.7530831680417,1294.9491501754237
2023-01-29 00:00:00+00:00,train,1336.1181025980638,959.7530831680417,1295.8711857661056
2023-01-29 04:00:00+00:00,train,1337.040138188746,959.7530831680417,1296.7932213567874
2023-01-29 08:00:00+00:00,train,1337.962173779428,959.7530831680417,1297.7152569474697
2023-01-29 12:00:00+00:00,train,1338.8842093701103,959.7530831680417,1298.637292538152
2023-01-29 16:00:00+00:00,train,1339.8062449607924,959.7530831680417,1299.5593281288338
2023-01-29 20:00:00+00:00,train,1339.8062449607924,959.7530831680417,1299.5593281288338
2023-01-30 00:00:00+00:00,train,1336.6912842666643,959.7530831680417,1296.4443674347058
2023-01-30 04:00:00+00:00,train,1336.6912842666643,959.7530831680417,1296.4443674347058
2023-01-30 08:00:00+00:00,train,1333.5388203225712,959.7530831680417,1293.2919034906126
2023-01-30 12:00:00+00:00,train,1333.5388203225712,959.7530831680417,1293.2919034906126
2023-01-30 16:00:00+00:00,train,1329.9500613635025,959.7530831680417,1289.7031445315442
2023-01-30 20:00:00+00:00,train,1329.9500613635025,959.7530831680417,1289.7031445315442
2023-01-31 00:00:00+00:00,train,1329.9500613635025,959.7530831680417,1289.7031445315442
2023-01-31 04:00:00+00:00,train,1329.560922537653,959.7530831680417,1289.3140057056944
2023-01-31 08:00:00+00:00,train,1329.1717837118033,959.7530831680417,1288.924866879845
2023-01-31 12:00:00+00:00,train,1328.7826448859537,959.7530831680417,1288.5357280539956
2023-01-31 16:00:00+00:00,train,1328.3935060601043,959.7530831680417,1288.1465892281458
2023-01-31 20:00:00+00:00,train,1328.0043672342547,959.7530831680417,1287.7574504022964
2023-02-01 00:00:00+00:00,train,1327.615228408405,959.7530831680417,1287.368311576447
2023-02-01 04:00:00+00:00,train,1327.2260895825555,959.7530831680417,1286.9791727505972
2023-02-01 08:00:00+00:00,train,1326.8369507567058,959.7530831680417,1286.5900339247473
2023-02-01 12:00:00+00:00,train,1326.4478119308565,959.7530831680417,1286.2008950988984
2023-02-01 16:00:00+00:00,train,1326.4478119308565,959.7530831680417,1286.2008950988984
2023-02-01 20:00:00+00:00,train,1326.4478119308565,959.7530831680417,1286.2008950988984
2023-02-02 00:00:00+00:00,train,1331.4923187516065,959.7530831680417,1291.2454019196484
2023-02-02 04:00:00+00:00,train,1331.4923187516065,959.7530831680417,1291.2454019196484
2023-02-02 08:00:00+00:00,train,1331.4923187516065,959.7530831680417,1291.2454019196484
2023-02-02 12:00:00+00:00,train,1333.9725365038619,959.7530831680417,1293.7256196719036
2023-02-02 16:00:00+00:00,train,1336.4527542561175,959.7530831680417,1296.2058374241592
2023-02-02 20:00:00+00:00,train,1336.4527542561175,959.7530831680417,1296.2058374241592
2023-02-03 00:00:00+00:00,train,1336.4527542561175,959.7530831680417,1296.2058374241592
2023-02-03 04:00:00+00:00,train,1336.4351704191456,959.7530831680417,1296.1882535871873
2023-02-03 08:00:00+00:00,train,1336.4175865821737,959.7530831680417,1296.1706697502154
2023-02-03 12:00:00+00:00,train,1336.4000027452018,959.7530831680417,1296.1530859132436
2023-02-03 16:00:00+00:00,train,1336.38241890823,959.7530831680417,1296.1355020762717
2023-02-03 20:00:00+00:00,train,1336.364835071258,959.7530831680417,1296.1179182392998
2023-02-04 00:00:00+00:00,train,1336.3472512342862,959.7530831680417,1296.100334402328
2023-02-04 04:00:00+00:00,train,1336.3296673973143,959.7530831680417,1296.082750565356
2023-02-04 08:00:00+00:00,train,1336.3120835603427,959.7530831680417,1296.0651667283846
2023-02-04 12:00:00+00:00,train,1336.2944997233708,959.7530831680417,1296.0475828914123
2023-02-04 16:00:00+00:00,train,1336.276915886399,959.7530831680417,1296.0299990544409
2023-02-04 20:00:00+00:00,train,1336.259332049427,959.7530831680417,1296.0124152174685
2023-02-05 00:00:00+00:00,train,1336.2417482124551,959.7530831680417,1295.994831380497
2023-02-05 04:00:00+00:00,train,1336.2417482124551,959.7530831680417,1295.994831380497
2023-02-05 08:00:00+00:00,train,1336.2417482124551,959.7530831680417,1295.994831380497
2023-02-05 12:00:00+00:00,train,1336.2417482124551,959.7530831680417,1295.994831380497
2023-02-05 16:00:00+00:00,train,1336.2417482124551,959.7530831680417,1295.994831380497
2023-02-05 20:00:00+00:00,train,1336.2417482124551,959.7530831680417,1295.994831380497
2023-02-06 00:00:00+00:00,train,1336.2417482124551,959.7530831680417,1295.994831380497
2023-02-06 04:00:00+00:00,train,1336.2417482124551,959.7530831680417,1295.994831380497
2023-02-06 08:00:00+00:00,train,1336.2417482124551,959.7530831680417,1295.994831380497
2023-02-06 12:00:00+00:00,train,1336.2417482124551,959.2691113102053,1295.5108595226602
2023-02-06 16:00:00+00:00,train,1336.2417482124551,958.7851394523689,1295.0268876648242
2023-02-06 20:00:00+00:00,train,1336.2417482124551,958.7851394523689,1295.0268876648242
2023-02-07 00:00:00+00:00,train,1336.2417482124551,957.7796125193496,1294.0213607318046
2023-02-07 04:00:00+00:00,train,1336.1460992831164,957.7796125193496,1293.9257118024661
2023-02-07 08:00:00+00:00,train,1336.0504503537777,956.8200431777941,1292.8704935315718
2023-02-07 12:00:00+00:00,train,1335.954801424439,956.8200431777941,1292.7748446022333
2023-02-07 16:00:00+00:00,train,1335.8591524951003,956.8200431777941,1292.6791956728944
2023-02-07 20:00:00+00:00,train,1335.8591524951003,955.8137348063609,1291.6728873014613
2023-02-08 00:00:00+00:00,train,1335.8591524951003,955.8137348063609,1291.6728873014613
2023-02-08 04:00:00+00:00,train,1335.8591524951003,955.8137348063609,1291.6728873014613
2023-02-08 08:00:00+00:00,train,1335.8591524951003,955.8137348063609,1291.6728873014613
2023-02-08 12:00:00+00:00,train,1335.8591524951003,955.8137348063609,1291.6728873014613
2023-02-08 16:00:00+00:00,train,1335.8591524951003,955.8137348063609,1291.6728873014613
2023-02-08 20:00:00+00:00,train,1335.8591524951003,958.2254839974194,1294.0846364925196
2023-02-09 00:00:00+00:00,train,1335.8591524951003,960.6372331884779,1296.4963856835784
2023-02-09 04:00:00+00:00,train,1335.8591524951003,960.6372331884779,1296.4963856835784
2023-02-09 08:00:00+00:00,train,1335.3508399563068,960.6372331884779,1295.9880731447847
2023-02-09 12:00:00+00:00,train,1334.8425274175133,963.3764196790075,1298.2189470965209
2023-02-09 16:00:00+00:00,train,1334.3342148787196,966.115606169537,1300.4498210482566
2023-02-09 20:00:00+00:00,train,1334.3342148787196,966.115606169537,1300.4498210482566
2023-02-10 00:00:00+00:00,train,1334.3342148787196,964.7816240851201,1299.11583896384
2023-02-10 04:00:00+00:00,train,1334.3342148787196,964.7816240851201,1299.11583896384
2023-02-10 08:00:00+00:00,train,1334.3342148787196,964.7816240851201,1299.11583896384
2023-02-10 12:00:00+00:00,train,1334.3342148787196,966.9763320998347,1301.3105469785542
2023-02-10 16:00:00+00:00,train,1334.3342148787196,969.1710401145492,1303.5052549932689
2023-02-10 20:00:00+00:00,train,1334.3342148787196,971.3657481292638,1305.6999630079836
2023-02-11 00:00:00+00:00,train,1334.3342148787196,971.3657481292638,1305.6999630079836
2023-02-11 04:00:00+00:00,train,1334.3342148787196,971.3657481292638,1305.6999630079836
2023-02-11 08:00:00+00:00,train,1334.3342148787196,971.0459734704388,1305.3801883491583
2023-02-11 12:00:00+00:00,train,1334.3342148787196,970.7261988116136,1305.060413690333
2023-02-11 16:00:00+00:00,train,1334.3342148787196,970.4064241527885,1304.7406390315082
2023-02-11 20:00:00+00:00,train,1334.3342148787196,970.0866494939634,1304.420864372683
2023-02-12 00:00:00+00:00,train,1334.3342148787196,970.0866494939634,1304.420864372683
2023-02-12 04:00:00+00:00,train,1335.3421989947435,969.0590917584062,1304.4012907531496
2023-02-12 08:00:00+00:00,train,1336.3501831107671,969.0590917584062,1305.4092748691733
2023-02-12 12:00:00+00:00,train,1337.358167226791,968.1027280996262,1305.4608953264174
2023-02-12 16:00:00+00:00,train,1338.3661513428146,968.1027280996262,1306.468879442441
2023-02-12 20:00:00+00:00,train,1338.3661513428146,968.1027280996262,1306.468879442441
2023-02-13 00:00:00+00:00,train,1338.3661513428146,968.1027280996262,1306.468879442441
2023-02-13 04:00:00+00:00,train,1338.3661513428146,966.9040750376819,1305.2702263804968
2023-02-13 08:00:00+00:00,train,1338.3661513428146,966.9040750376819,1305.2702263804968
2023-02-13 12:00:00+00:00,train,1338.3661513428146,966.9040750376819,1305.2702263804968
2023-02-13 16:00:00+00:00,train,1338.3661513428146,966.9040750376819,1305.2702263804968
2023-02-13 20:00:00+00:00,train,1339.5453143440957,965.665901721946,1305.2112160660417
2023-02-14 00:00:00+00:00,train,1340.7244773453765,965.665901721946,1306.3903790673226
2023-02-14 04:00:00+00:00,train,1341.9036403466575,965.665901721946,1307.5695420686034
2023-02-14 08:00:00+00:00,train,1343.0828033479384,965.665901721946,1308.7487050698846
2023-02-14 12:00:00+00:00,train,1343.0828033479384,965.665901721946,1308.7487050698846
2023-02-14 16:00:00+00:00,train,1343.0828033479384,965.665901721946,1308.7487050698846
2023-02-14 20:00:00+00:00,train,1343.8651786472806,965.665901721946,1309.5310803692264
2023-02-15 00:00:00+00:00,train,1344.647553946623,965.665901721946,1310.313455668569
2023-02-15 04:00:00+00:00,train,1345.4299292459652,965.665901721946,1311.0958309679113
2023-02-15 08:00:00+00:00,train,1346.2123045453077,965.665901721946,1311.8782062672535
2023-02-15 12:00:00+00:00,train,1346.99467984465,965.665901721946,1312.6605815665962
2023-02-15 16:00:00+00:00,train,1347.7770551439924,965.665901721946,1313.4429568659384
2023-02-15 20:00:00+00:00,train,1347.7770551439924,965.665901721946,1313.4429568659384
2023-02-16 00:00:00+00:00,train,1347.7770551439924,965.665901721946,1313.4429568659384
2023-02-16 04:00:00+00:00,train,1347.7770551439924,965.665901721946,1313.4429568659384
2023-02-16 08:00:00+00:00,train,1347.7770551439924,965.665901721946,1313.4429568659384
2023-02-16 12:00:00+00:00,train,1347.7770551439924,965.665901721946,1313.4429568659384
2023-02-16 16:00:00+00:00,train,1347.7770551439924,965.665901721946,1313.4429568659384
2023-02-16 20:00:00+00:00,train,1347.7770551439924,965.665901721946,1313.4429568659384
2023-02-17 00:00:00+00:00,train,1347.7770551439924,965.665901721946,1313.4429568659384
2023-02-17 04:00:00+00:00,train,1348.9483697131666,965.665901721946,1314.6142714351126
2023-02-17 08:00:00+00:00,train,1350.119684282341,965.665901721946,1315.7855860042873
2023-02-17 12:00:00+00:00,train,1351.2909988515153,965.665901721946,1316.956900573461
2023-02-17 16:00:00+00:00,train,1352.4623134206895,965.665901721946,1318.1282151426358
2023-02-17 20:00:00+00:00,train,1352.4623134206895,965.665901721946,1318.1282151426358
2023-02-18 00:00:00+00:00,train,1352.4623134206895,965.665901721946,1318.1282151426358
2023-02-18 04:00:00+00:00,train,1352.9406678310995,965.665901721946,1318.6065695530456
2023-02-18 08:00:00+00:00,train,1353.4190222415093,965.665901721946,1319.0849239634554
2023-02-18 12:00:00+00:00,train,1353.8973766519193,965.665901721946,1319.5632783738656
2023-02-18 16:00:00+00:00,train,1354.3757310623294,965.665901721946,1320.0416327842754
2023-02-18 20:00:00+00:00,train,1354.8540854727391,965.665901721946,1320.5199871946852
2023-02-19 00:00:00+00:00,train,1355.3324398831492,965.665901721946,1320.9983416050954
2023-02-19 04:00:00+00:00,train,1355.8107942935592,965.665901721946,1321.4766960155052
2023-02-19 08:00:00+00:00,train,1356.289148703969,965.665901721946,1321.955050425915
2023-02-19 12:00:00+00:00,train,1356.767503114379,965.665901721946,1322.4334048363253
2023-02-19 16:00:00+00:00,train,1356.767503114379,965.665901721946,1322.4334048363253
2023-02-19 20:00:00+00:00,train,1356.767503114379,965.665901721946,1322.4334048363253
2023-02-20 00:00:00+00:00,train,1356.5528045119793,965.665901721946,1322.2187062339253
2023-02-20 04:00:00+00:00,train,1356.5528045119793,965.665901721946,1322.2187062339253
2023-02-20 08:00:00+00:00,train,1356.5528045119793,965.665901721946,1322.2187062339253
2023-02-20 12:00:00+00:00,train,1354.8137107114446,965.665901721946,1320.4796124333907
2023-02-20 16:00:00+00:00,train,1353.0746169109098,965.665901721946,1318.740518632856
2023-02-20 20:00:00+00:00,train,1353.0746169109098,965.665901721946,1318.740518632856
2023-02-21 00:00:00+00:00,train,1353.0746169109098,965.665901721946,1318.740518632856
2023-02-21 04:00:00+00:00,train,1353.0746169109098,965.665901721946,1318.740518632856
2023-02-21 08:00:00+00:00,train,1353.0746169109098,965.665901721946,1318.740518632856
2023-02-21 12:00:00+00:00,train,1353.0746169109098,965.665901721946,1318.740518632856
2023-02-21 16:00:00+00:00,train,1353.0746169109098,965.665901721946,1318.740518632856
2023-02-21 20:00:00+00:00,train,1353.0746169109098,965.665901721946,1318.740518632856
2023-02-22 00:00:00+00:00,train,1353.0746169109098,965.665901721946,1318.740518632856
2023-02-22 04:00:00+00:00,train,1349.3452117046668,965.665901721946,1315.0111134266126
2023-02-22 08:00:00+00:00,train,1349.3452117046668,965.665901721946,1315.0111134266126
2023-02-22 12:00:00+00:00,train,1349.3452117046668,965.665901721946,1315.0111134266126
2023-02-22 16:00:00+00:00,train,1349.2744106390112,965.665901721946,1314.9403123609573
2023-02-22 20:00:00+00:00,train,1349.2036095733558,965.665901721946,1314.869511295302
2023-02-23 00:00:00+00:00,train,1349.1328085077002,965.665901721946,1314.7987102296465
2023-02-23 04:00:00+00:00,train,1349.062007442045,965.665901721946,1314.7279091639912
2023-02-23 08:00:00+00:00,train,1348.9912063763893,965.665901721946,1314.6571080983354
2023-02-23 12:00:00+00:00,train,1348.9204053107337,965.665901721946,1314.5863070326795
2023-02-23 16:00:00+00:00,train,1348.8496042450784,965.665901721946,1314.5155059670242
2023-02-23 20:00:00+00:00,train,1348.7788031794228,965.665901721946,1314.4447049013688
2023-02-24 00:00:00+00:00,train,1348.7080021137674,965.665901721946,1314.3739038357135
2023-02-24 04:00:00+00:00,train,1348.6372010481118,965.665901721946,1314.303102770058
2023-02-24 08:00:00+00:00,train,1348.5663999824562,965.665901721946,1314.2323017044023
2023-02-24 12:00:00+00:00,train,1348.4955989168006,965.665901721946,1314.1615006387465
2023-02-24 16:00:00+00:00,train,1348.4955989168006,965.665901721946,1314.1615006387465
2023-02-24 20:00:00+00:00,train,1348.4955989168006,965.665901721946,1314.1615006387465
2023-02-25 00:00:00+00:00,train,1348.4955989168006,965.665901721946,1314.1615006387465
2023-02-25 04:00:00+00:00,train,1348.4955989168006,965.665901721946,1314.1615006387465
2023-02-25 08:00:00+00:00,train,1348.4955989168006,965.665901721946,1314.1615006387465
2023-02-25 12:00:00+00:00,train,1348.4955989168006,967.6270426703313,1316.122641587132
2023-02-25 16:00:00+00:00,train,1348.4955989168006,969.5881836187166,1318.0837825355175
2023-02-25 20:00:00+00:00,train,1348.4955989168006,971.5493245671018,1320.0449234839025
2023-02-26 00:00:00+00:00,train,1350.0361762826317,971.5493245671018,1321.5855008497338
2023-02-26 04:00:00+00:00,train,1351.5767536484625,971.5493245671018,1323.1260782155641
2023-02-26 08:00:00+00:00,train,1353.1173310142935,970.3617133040372,1323.4790443183306
2023-02-26 12:00:00+00:00,train,1353.1173310142935,970.3617133040372,1323.4790443183306
2023-02-26 16:00:00+00:00,train,1353.1173310142935,969.2896947137777,1322.4070257280714
2023-02-26 20:00:00+00:00,train,1352.8335853728938,969.2896947137777,1322.1232800866715
2023-02-27 00:00:00+00:00,train,1352.549839731494,969.2896947137777,1321.839534445272
2023-02-27 04:00:00+00:00,train,1352.2660940900944,969.2896947137777,1321.555788803872
2023-02-27 08:00:00+00:00,train,1351.9823484486947,968.7738316606382,1320.756180109333
2023-02-27 12:00:00+00:00,train,1351.698602807295,968.2579686074986,1319.9565714147934
2023-02-27 16:00:00+00:00,train,1351.4148571658952,968.2579686074986,1319.672825773394
2023-02-27 20:00:00+00:00,train,1351.4148571658952,967.2289953006231,1318.6438524665182
2023-02-28 00:00:00+00:00,train,1351.4148571658952,967.2289953006231,1318.6438524665182
2023-02-28 04:00:00+00:00,train,1351.4148571658952,967.2289953006231,1318.6438524665182
2023-02-28 08:00:00+00:00,train,1351.4148571658952,967.0892890857926,1318.5041462516879
2023-02-28 12:00:00+00:00,train,1351.4148571658952,966.9495828709622,1318.3644400368576
2023-02-28 16:00:00+00:00,train,1351.4148571658952,966.8098766561318,1318.2247338220268
2023-02-28 20:00:00+00:00,train,1351.4148571658952,966.6701704413014,1318.0850276071965
2023-03-01 00:00:00+00:00,train,1351.4148571658952,966.5304642264709,1317.9453213923662
2023-03-01 04:00:00+00:00,train,1351.4148571658952,966.3907580116405,1317.8056151775359
2023-03-01 08:00:00+00:00,train,1351.4148571658952,966.2510517968102,1317.6659089627055
2023-03-01 12:00:00+00:00,train,1351.4148571658952,966.2510517968102,1317.6659089627055
2023-03-01 16:00:00+00:00,train,1351.4148571658952,966.2510517968102,1317.6659089627055
2023-03-01 20:00:00+00:00,train,1351.4148571658952,965.340449430329,1316.7553065962243
2023-03-02 00:00:00+00:00,train,1351.4148571658952,965.340449430329,1316.7553065962243
2023-03-02 04:00:00+00:00,train,1351.4148571658952,965.340449430329,1316.7553065962243
2023-03-02 08:00:00+00:00,train,1351.4148571658952,966.27567698314,1317.690534149035
2023-03-02 12:00:00+00:00,train,1351.4148571658952,967.2109045359508,1318.625761701846
2023-03-02 16:00:00+00:00,train,1351.4148571658952,968.1461320887618,1319.5609892546572
2023-03-02 20:00:00+00:00,train,1351.4148571658952,969.0813596415726,1320.496216807468
2023-03-03 00:00:00+00:00,train,1351.4148571658952,970.0165871943834,1321.4314443602789
2023-03-03 04:00:00+00:00,train,1351.4148571658952,970.0165871943834,1321.4314443602789
2023-03-03 08:00:00+00:00,train,1351.3714222096376,970.0165871943834,1321.388009404021
2023-03-03 12:00:00+00:00,train,1351.32798725338,969.0124961020703,1320.34048335545
2023-03-03 16:00:00+00:00,train,1351.2845522971222,969.0124961020703,1320.2970483991926
2023-03-03 20:00:00+00:00,train,1351.2411173408643,969.0124961020703,1320.2536134429347
2023-03-04 00:00:00+00:00,train,1351.1976823846067,968.1023092916275,1319.2999916762342
2023-03-04 04:00:00+00:00,train,1351.154247428349,968.1023092916275,1319.2565567199763
2023-03-04 08:00:00+00:00,train,1351.1108124720913,968.1023092916275,1319.2131217637188
2023-03-04 12:00:00+00:00,train,1351.0673775158336,969.5319405426599,1320.5993180584937
2023-03-04 16:00:00+00:00,train,1351.023942559576,970.9615717936922,1321.9855143532682
2023-03-04 20:00:00+00:00,train,1351.023942559576,972.3912030447246,1323.4151456043005
2023-03-05 00:00:00+00:00,train,1351.023942559576,972.3912030447246,1323.4151456043005
2023-03-05 04:00:00+00:00,train,1351.023942559576,972.3912030447246,1323.4151456043005
2023-03-05 08:00:00+00:00,train,1351.023942559576,972.6304369918998,1323.6543795514758
2023-03-05 12:00:00+00:00,train,1351.023942559576,972.8696709390751,1323.8936134986511
2023-03-05 16:00:00+00:00,train,1351.023942559576,973.1089048862503,1324.1328474458264
2023-03-05 20:00:00+00:00,train,1351.023942559576,973.3481388334255,1324.3720813930013
2023-03-06 00:00:00+00:00,train,1351.023942559576,973.5873727806008,1324.6113153401766
2023-03-06 04:00:00+00:00,train,1351.023942559576,973.826606727776,1324.850549287352
2023-03-06 08:00:00+00:00,train,1351.023942559576,974.0658406749512,1325.0897832345272
2023-03-06 12:00:00+00:00,train,1351.023942559576,974.3050746221265,1325.3290171817025
2023-03-06 16:00:00+00:00,train,1351.023942559576,974.5443085693017,1325.5682511288778
2023-03-06 20:00:00+00:00,train,1351.023942559576,974.783542516477,1325.8074850760531
2023-03-07 00:00:00+00:00,train,1351.023942559576,975.0227764636522,1326.0467190232284
2023-03-07 04:00:00+00:00,train,1351.023942559576,975.2620104108274,1326.2859529704033
2023-03-07 08:00:00+00:00,train,1351.023942559576,975.2620104108274,1326.2859529704033
2023-03-07 12:00:00+00:00,train,1351.023942559576,975.2620104108274,1326.2859529704033
2023-03-07 16:00:00+00:00,train,1351.023942559576,975.2620104108274,1326.2859529704033
2023-03-07 20:00:00+00:00,train,1351.023942559576,976.6278204923341,1327.6517630519102
2023-03-08 00:00:00+00:00,train,1351.023942559576,977.9936305738407,1329.0175731334166
2023-03-08 04:00:00+00:00,train,1351.023942559576,979.3594406553474,1330.3833832149235
2023-03-08 08:00:00+00:00,train,1351.023942559576,979.3594406553474,1330.3833832149235
2023-03-08 12:00:00+00:00,train,1351.023942559576,979.3594406553474,1330.3833832149235
2023-03-08 16:00:00+00:00,train,1351.023942559576,981.8053891589013,1332.829331718477
2023-03-08 20:00:00+00:00,train,1351.023942559576,984.2513376624553,1335.2752802220311
2023-03-09 00:00:00+00:00,train,1351.023942559576,984.2513376624553,1335.2752802220311
2023-03-09 04:00:00+00:00,train,1351.023942559576,984.2513376624553,1335.2752802220311
2023-03-09 08:00:00+00:00,train,1351.023942559576,986.1459016665304,1337.1698442261063
2023-03-09 12:00:00+00:00,train,1351.023942559576,988.0404656706055,1339.0644082301815
2023-03-09 16:00:00+00:00,train,1351.023942559576,989.9350296746807,1340.9589722342566
2023-03-09 20:00:00+00:00,train,1351.023942559576,989.9350296746807,1340.9589722342566
2023-03-10 00:00:00+00:00,train,1351.023942559576,989.9350296746807,1340.9589722342566
2023-03-10 04:00:00+00:00,train,1351.023942559576,989.9350296746807,1340.9589722342566
2023-03-10 08:00:00+00:00,train,1351.023942559576,989.2966471391464,1340.3205896987224
2023-03-10 12:00:00+00:00,train,1351.023942559576,988.6582646036123,1339.6822071631882
2023-03-10 16:00:00+00:00,train,1351.023942559576,988.6582646036123,1339.6822071631882
2023-03-10 20:00:00+00:00,train,1351.023942559576,987.2726273182619,1338.296569877838
2023-03-11 00:00:00+00:00,train,1351.023942559576,987.2726273182619,1338.296569877838
2023-03-11 04:00:00+00:00,train,1351.023942559576,987.2726273182619,1338.296569877838
2023-03-11 08:00:00+00:00,train,1351.023942559576,987.1155270148253,1338.1394695744011
2023-03-11 12:00:00+00:00,train,1351.023942559576,986.9584267113887,1337.9823692709647
2023-03-11 16:00:00+00:00,train,1351.023942559576,986.801326407952,1337.8252689675282
2023-03-11 20:00:00+00:00,train,1351.023942559576,986.6442261045154,1337.6681686640914
2023-03-12 00:00:00+00:00,train,1351.023942559576,986.4871258010787,1337.5110683606545
2023-03-12 04:00:00+00:00,train,1351.023942559576,986.3300254976422,1337.353968057218
2023-03-12 08:00:00+00:00,train,1351.023942559576,986.1729251942055,1337.1968677537816
2023-03-12 12:00:00+00:00,train,1351.023942559576,986.0158248907688,1337.0397674503447
2023-03-12 16:00:00+00:00,train,1351.023942559576,985.8587245873323,1336.8826671469083
2023-03-12 20:00:00+00:00,train,1351.023942559576,985.8587245873323,1336.8826671469083
2023-03-13 00:00:00+00:00,train,1351.023942559576,985.8587245873323,1336.8826671469083
2023-03-13 04:00:00+00:00,train,1351.023942559576,985.8587245873323,1336.8826671469083
2023-03-13 08:00:00+00:00,train,1351.023942559576,985.8587245873323,1336.8826671469083
2023-03-13 12:00:00+00:00,train,1351.023942559576,985.8587245873323,1336.8826671469083
2023-03-13 16:00:00+00:00,train,1351.023942559576,985.8587245873323,1336.8826671469083
2023-03-13 20:00:00+00:00,train,1351.023942559576,985.8587245873323,1336.8826671469083
2023-03-14 00:00:00+00:00,train,1351.023942559576,985.8587245873323,1336.8826671469083
2023-03-14 04:00:00+00:00,train,1351.023942559576,985.8587245873323,1336.8826671469083
2023-03-14 08:00:00+00:00,train,1351.023942559576,985.8587245873323,1336.8826671469083
2023-03-14 12:00:00+00:00,train,1351.023942559576,985.8587245873323,1336.8826671469083
2023-03-14 16:00:00+00:00,train,1351.023942559576,985.8587245873323,1336.8826671469083
2023-03-14 20:00:00+00:00,train,1351.023942559576,985.8587245873323,1336.8826671469083
2023-03-15 00:00:00+00:00,train,1351.023942559576,985.8587245873323,1336.8826671469083
2023-03-15 04:00:00+00:00,train,1351.023942559576,985.8587245873323,1336.8826671469083
2023-03-15 08:00:00+00:00,train,1351.023942559576,985.8587245873323,1336.8826671469083
2023-03-15 12:00:00+00:00,train,1351.023942559576,985.8587245873323,1336.8826671469083
2023-03-15 16:00:00+00:00,train,1351.023942559576,985.8587245873323,1336.8826671469083
2023-03-15 20:00:00+00:00,train,1351.023942559576,985.8587245873323,1336.8826671469083
2023-03-16 00:00:00+00:00,train,1351.023942559576,985.8587245873323,1336.8826671469083
2023-03-16 04:00:00+00:00,train,1351.023942559576,985.8587245873323,1336.8826671469083
2023-03-16 08:00:00+00:00,train,1351.023942559576,985.8587245873323,1336.8826671469083
2023-03-16 12:00:00+00:00,train,1351.023942559576,985.8587245873323,1336.8826671469083
2023-03-16 16:00:00+00:00,train,1351.023942559576,985.8587245873323,1336.8826671469083
2023-03-16 20:00:00+00:00,train,1351.023942559576,985.8587245873323,1336.8826671469083
2023-03-17 00:00:00+00:00,train,1351.023942559576,985.8587245873323,1336.8826671469083
2023-03-17 04:00:00+00:00,train,1351.023942559576,985.8587245873323,1336.8826671469083
2023-03-17 08:00:00+00:00,train,1351.023942559576,985.8587245873323,1336.8826671469083
2023-03-17 12:00:00+00:00,train,1351.023942559576,985.8587245873323,1336.8826671469083
2023-03-17 16:00:00+00:00,train,1351.023942559576,985.8587245873323,1336.8826671469083
2023-03-17 20:00:00+00:00,train,1351.023942559576,985.8587245873323,1336.8826671469083
2023-03-18 00:00:00+00:00,train,1351.023942559576,985.8587245873323,1336.8826671469083
2023-03-18 04:00:00+00:00,train,1351.023942559576,985.8587245873323,1336.8826671469083
2023-03-18 08:00:00+00:00,train,1351.023942559576,985.8587245873323,1336.8826671469083
2023-03-18 12:00:00+00:00,train,1351.023942559576,985.8587245873323,1336.8826671469083
2023-03-18 16:00:00+00:00,train,1351.023942559576,985.8587245873323,1336.8826671469083
2023-03-18 20:00:00+00:00,train,1351.023942559576,985.8587245873323,1336.8826671469083
2023-03-19 00:00:00+00:00,train,1351.023942559576,985.8587245873323,1336.8826671469083
2023-03-19 04:00:00+00:00,train,1351.023942559576,985.8587245873323,1336.8826671469083
2023-03-19 08:00:00+00:00,train,1351.023942559576,985.8587245873323,1336.8826671469083
2023-03-19 12:00:00+00:00,train,1351.023942559576,985.8587245873323,1336.8826671469083
2023-03-19 16:00:00+00:00,train,1351.023942559576,985.8587245873323,1336.8826671469083
2023-03-19 20:00:00+00:00,train,1351.023942559576,985.8587245873323,1336.8826671469083
2023-03-20 00:00:00+00:00,train,1351.023942559576,985.8587245873323,1336.8826671469083
2023-03-20 04:00:00+00:00,train,1351.023942559576,985.8587245873323,1336.8826671469083
2023-03-20 08:00:00+00:00,train,1351.023942559576,985.8587245873323,1336.8826671469083
2023-03-20 12:00:00+00:00,train,1351.023942559576,985.8587245873323,1336.8826671469083
2023-03-20 16:00:00+00:00,train,1351.023942559576,985.8587245873323,1336.8826671469083
2023-03-20 20:00:00+00:00,train,1351.023942559576,985.8587245873323,1336.8826671469083
2023-03-21 00:00:00+00:00,train,1351.023942559576,985.8587245873323,1336.8826671469083
2023-03-21 04:00:00+00:00,train,1351.023942559576,985.8587245873323,1336.8826671469083
2023-03-21 08:00:00+00:00,train,1351.023942559576,985.8587245873323,1336.8826671469083
2023-03-21 12:00:00+00:00,train,1351.023942559576,985.8587245873323,1336.8826671469083
2023-03-21 16:00:00+00:00,train,1351.023942559576,985.8587245873323,1336.8826671469083
2023-03-21 20:00:00+00:00,train,1351.023942559576,985.8587245873323,1336.8826671469083
2023-03-22 00:00:00+00:00,train,1351.023942559576,985.8587245873323,1336.8826671469083
2023-03-22 04:00:00+00:00,train,1351.023942559576,985.8587245873323,1336.8826671469083
2023-03-22 08:00:00+00:00,train,1351.023942559576,985.8587245873323,1336.8826671469083
2023-03-22 12:00:00+00:00,train,1351.023942559576,985.8587245873323,1336.8826671469083
2023-03-22 16:00:00+00:00,train,1351.023942559576,985.8587245873323,1336.8826671469083
2023-03-22 20:00:00+00:00,train,1351.023942559576,985.8587245873323,1336.8826671469083
2023-03-23 00:00:00+00:00,train,1351.023942559576,985.8587245873323,1336.8826671469083
2023-03-23 04:00:00+00:00,train,1351.023942559576,985.8587245873323,1336.8826671469083
2023-03-23 08:00:00+00:00,train,1351.023942559576,985.8587245873323,1336.8826671469083
2023-03-23 12:00:00+00:00,train,1351.023942559576,985.8587245873323,1336.8826671469083
2023-03-23 16:00:00+00:00,train,1351.023942559576,985.8587245873323,1336.8826671469083
2023-03-23 20:00:00+00:00,train,1351.023942559576,985.8587245873323,1336.8826671469083
2023-03-24 00:00:00+00:00,train,1351.023942559576,985.8587245873323,1336.8826671469083
2023-03-24 04:00:00+00:00,train,1351.023942559576,985.8587245873323,1336.8826671469083
2023-03-24 08:00:00+00:00,train,1351.023942559576,985.8587245873323,1336.8826671469083
2023-03-24 12:00:00+00:00,train,1351.023942559576,985.8587245873323,1336.8826671469083
2023-03-24 16:00:00+00:00,train,1351.023942559576,985.8587245873323,1336.8826671469083
2023-03-24 20:00:00+00:00,train,1351.023942559576,985.8587245873323,1336.8826671469083
2023-03-25 00:00:00+00:00,train,1351.023942559576,985.8587245873323,1336.8826671469083
2023-03-25 04:00:00+00:00,train,1351.023942559576,985.8587245873323,1336.8826671469083
2023-03-25 08:00:00+00:00,train,1351.023942559576,985.8587245873323,1336.8826671469083
2023-03-25 12:00:00+00:00,train,1351.023942559576,985.8587245873323,1336.8826671469083
2023-03-25 16:00:00+00:00,train,1351.023942559576,985.8587245873323,1336.8826671469083
2023-03-25 20:00:00+00:00,train,1351.023942559576,984.6104436450087,1335.6343862045846
2023-03-26 00:00:00+00:00,train,1352.2292435692084,984.6104436450087,1336.839687214217
2023-03-26 04:00:00+00:00,train,1353.4345445788408,984.6104436450087,1338.0449882238495
2023-03-26 08:00:00+00:00,train,1354.639845588473,983.4501428426172,1338.0899884310902
2023-03-26 12:00:00+00:00,train,1355.8451465981054,983.4501428426172,1339.2952894407226
2023-03-26 16:00:00+00:00,train,1355.8451465981054,983.4501428426172,1339.2952894407226
2023-03-26 20:00:00+00:00,train,1355.8451465981054,982.4037572191312,1338.2489038172366
2023-03-27 00:00:00+00:00,train,1355.8451465981054,982.4037572191312,1338.2489038172366
2023-03-27 04:00:00+00:00,train,1355.8451465981054,982.4037572191312,1338.2489038172366
2023-03-27 08:00:00+00:00,train,1355.8451465981054,984.8914240772742,1340.7365706753799
2023-03-27 12:00:00+00:00,train,1355.8451465981054,987.3790909354173,1343.2242375335227
2023-03-27 16:00:00+00:00,train,1355.8451465981054,987.3790909354173,1343.2242375335227
2023-03-27 20:00:00+00:00,train,1356.540592697065,986.3014427356949,1342.84203543276
2023-03-28 00:00:00+00:00,train,1357.2360387960248,986.3014427356949,1343.5374815317195
2023-03-28 04:00:00+00:00,train,1357.9314848949844,985.2682462952592,1343.1997311902437
2023-03-28 08:00:00+00:00,train,1358.626930993944,985.2682462952592,1343.8951772892033
2023-03-28 12:00:00+00:00,train,1359.3223770929035,984.2650526221203,1343.587429715024
2023-03-28 16:00:00+00:00,train,1360.017823191863,984.2650526221203,1344.282875813983
2023-03-28 20:00:00+00:00,train,1360.017823191863,984.2650526221203,1344.282875813983
2023-03-29 00:00:00+00:00,train,1360.017823191863,984.2650526221203,1344.282875813983
2023-03-29 04:00:00+00:00,train,1363.895848726035,984.2650526221203,1348.1609013481552
2023-03-29 08:00:00+00:00,train,1363.895848726035,984.2650526221203,1348.1609013481552
2023-03-29 12:00:00+00:00,train,1363.895848726035,984.2650526221203,1348.1609013481552
2023-03-29 16:00:00+00:00,train,1363.0195580247052,984.2650526221203,1347.2846106468255
2023-03-29 20:00:00+00:00,train,1362.1432673233758,984.2650526221203,1346.4083199454963
2023-03-30 00:00:00+00:00,train,1361.266976622046,984.2650526221203,1345.5320292441666
2023-03-30 04:00:00+00:00,train,1361.266976622046,984.2650526221203,1345.5320292441666
2023-03-30 08:00:00+00:00,train,1361.266976622046,984.2650526221203,1345.5320292441666
2023-03-30 12:00:00+00:00,train,1358.6377109277173,984.2650526221203,1342.9027635498378
2023-03-30 16:00:00+00:00,train,1358.6377109277173,984.0984763661113,1342.7361872938286
2023-03-30 20:00:00+00:00,train,1358.6377109277173,983.9319001101023,1342.5696110378194
2023-03-31 00:00:00+00:00,train,1358.6377109277173,983.7653238540934,1342.4030347818107
2023-03-31 04:00:00+00:00,train,1356.140682045591,983.5987475980845,1339.7394296436755
2023-03-31 08:00:00+00:00,train,1356.140682045591,983.4321713420755,1339.5728533876663
2023-03-31 12:00:00+00:00,train,1356.140682045591,983.2655950860666,1339.4062771316576
2023-03-31 16:00:00+00:00,train,1357.812763393962,983.2655950860666,1341.0783584800288
2023-03-31 20:00:00+00:00,train,1359.4848447423333,983.2655950860666,1342.7504398284
2023-04-01 00:00:00+00:00,train,1359.4848447423333,983.2655950860666,1342.7504398284
2023-04-01 04:00:00+00:00,train,1359.4848447423333,983.2655950860666,1342.7504398284
2023-04-01 08:00:00+00:00,train,1359.2004104625455,983.2655950860666,1342.466005548612
2023-04-01 12:00:00+00:00,train,1358.9159761827577,983.2655950860666,1342.1815712688244
2023-04-01 16:00:00+00:00,train,1358.6315419029702,983.2655950860666,1341.8971369890369
2023-04-01 20:00:00+00:00,train,1358.3471076231824,983.2655950860666,1341.6127027092489
2023-04-02 00:00:00+00:00,train,1358.0626733433946,983.2655950860666,1341.3282684294613
2023-04-02 04:00:00+00:00,train,1357.7782390636069,983.2655950860666,1341.0438341496733
2023-04-02 08:00:00+00:00,train,1357.4938047838193,983.2655950860666,1340.7593998698858
2023-04-02 12:00:00+00:00,train,1357.2093705040313,983.2655950860666,1340.4749655900978
2023-04-02 16:00:00+00:00,train,1357.2093705040313,983.2655950860666,1340.4749655900978
2023-04-02 20:00:00+00:00,train,1357.2093705040313,983.1336980844617,1340.3430685884932
2023-04-03 00:00:00+00:00,train,1357.1751075908683,983.0018010828568,1340.176908673725
2023-04-03 04:00:00+00:00,train,1357.1408446777052,982.8699040812518,1340.010748758957
2023-04-03 08:00:00+00:00,train,1357.1065817645422,982.7380070796469,1339.8445888441893
2023-04-03 12:00:00+00:00,train,1357.0723188513791,982.606110078042,1339.678428929421
2023-04-03 16:00:00+00:00,train,1357.0380559382158,982.4742130764371,1339.5122690146527
2023-04-03 20:00:00+00:00,train,1357.003793025053,982.4742130764371,1339.4780061014899
2023-04-04 00:00:00+00:00,train,1357.003793025053,982.4742130764371,1339.4780061014899
2023-04-04 04:00:00+00:00,train,1357.003793025053,981.5862298395307,1338.5900228645837
2023-04-04 08:00:00+00:00,train,1357.003793025053,981.5862298395307,1338.5900228645837
2023-04-04 12:00:00+00:00,train,1357.003793025053,981.5862298395307,1338.5900228645837
2023-04-04 16:00:00+00:00,train,1356.7381784452102,981.5862298395307,1338.324408284741
2023-04-04 20:00:00+00:00,train,1356.4725638653672,981.5862298395307,1338.0587937048977
2023-04-05 00:00:00+00:00,train,1356.2069492855244,981.5862298395307,1337.7931791250548
2023-04-05 04:00:00+00:00,train,1355.9413347056816,981.5862298395307,1337.527564545212
2023-04-05 08:00:00+00:00,train,1355.6757201258388,981.5862298395307,1337.2619499653692
2023-04-05 12:00:00+00:00,train,1355.4101055459957,981.5862298395307,1336.9963353855264
2023-04-05 16:00:00+00:00,train,1355.4101055459957,981.5862298395307,1336.9963353855264
2023-04-05 20:00:00+00:00,train,1355.4101055459957,981.5862298395307,1336.9963353855264
2023-04-06 00:00:00+00:00,train,1355.4101055459957,981.5862298395307,1336.9963353855264
2023-04-06 04:00:00+00:00,train,1355.4101055459957,981.5862298395307,1336.9963353855264
2023-04-06 08:00:00+00:00,train,1355.4101055459957,981.5862298395307,1336.9963353855264
2023-04-06 12:00:00+00:00,train,1355.4101055459957,981.5862298395307,1336.9963353855264
2023-04-06 16:00:00+00:00,train,1355.4101055459957,981.5862298395307,1336.9963353855264
2023-04-06 20:00:00+00:00,train,1355.4101055459957,981.5862298395307,1336.9963353855264
2023-04-07 00:00:00+00:00,train,1355.4101055459957,981.8810647342215,1337.291170280217
2023-04-07 04:00:00+00:00,train,1355.4101055459957,982.1758996289124,1337.5860051749082
2023-04-07 08:00:00+00:00,train,1355.4101055459957,982.4707345236031,1337.880840069599
2023-04-07 12:00:00+00:00,train,1355.4101055459957,982.765569418294,1338.17567496429
2023-04-07 16:00:00+00:00,train,1355.4101055459957,983.0604043129848,1338.4705098589807
2023-04-07 20:00:00+00:00,train,1355.4101055459957,983.3552392076757,1338.7653447536713
2023-04-08 00:00:00+00:00,train,1355.4101055459957,983.6500741023665,1339.0601796483625
2023-04-08 04:00:00+00:00,train,1355.4101055459957,983.9449089970574,1339.3550145430531
2023-04-08 08:00:00+00:00,train,1355.4101055459957,984.2397438917482,1339.6498494377438
2023-04-08 12:00:00+00:00,train,1355.4101055459957,984.534578786439,1339.944684332435
2023-04-08 16:00:00+00:00,train,1355.4101055459957,984.8294136811298,1340.2395192271256
2023-04-08 20:00:00+00:00,train,1355.4101055459957,985.1242485758206,1340.5343541218162
2023-04-09 00:00:00+00:00,train,1355.4101055459957,985.1242485758206,1340.5343541218162
2023-04-09 04:00:00+00:00,train,1355.4101055459957,984.4939847365259,1339.9040902825218
2023-04-09 08:00:00+00:00,train,1355.4101055459957,984.4939847365259,1339.9040902825218
2023-04-09 12:00:00+00:00,train,1355.4101055459957,983.8645793511704,1339.274684897166
2023-04-09 16:00:00+00:00,train,1355.4101055459957,983.8645793511704,1339.274684897166
2023-04-09 20:00:00+00:00,train,1355.4101055459957,983.2327547147494,1338.6428602607452
2023-04-10 00:00:00+00:00,train,1355.4101055459957,983.2327547147494,1338.6428602607452
2023-04-10 04:00:00+00:00,train,1355.8381138060392,983.2327547147494,1339.0708685207887
2023-04-10 08:00:00+00:00,train,1356.2661220660827,982.6196963673449,1338.8858184334276
2023-04-10 12:00:00+00:00,train,1356.6941303261262,982.6196963673449,1339.3138266934711
2023-04-10 16:00:00+00:00,train,1357.12213858617,982.6196963673449,1339.7418349535146
2023-04-10 20:00:00+00:00,train,1357.5501468462135,982.6196963673449,1340.1698432135581
2023-04-11 00:00:00+00:00,train,1357.5501468462135,982.6196963673449,1340.1698432135581
2023-04-11 04:00:00+00:00,train,1359.6828332993716,982.6196963673449,1342.3025296667165
2023-04-11 08:00:00+00:00,train,1359.6828332993716,982.6196963673449,1342.3025296667165
2023-04-11 12:00:00+00:00,train,1362.2796065606194,982.6196963673449,1344.8993029279645
2023-04-11 16:00:00+00:00,train,1362.2796065606194,982.6196963673449,1344.8993029279645
2023-04-11 20:00:00+00:00,train,1360.132116592564,982.6196963673449,1342.7518129599089
2023-04-12 00:00:00+00:00,train,1360.132116592564,982.6196963673449,1342.7518129599089
2023-04-12 04:00:00+00:00,train,1363.6628435785694,982.6196963673449,1346.2825399459143
2023-04-12 08:00:00+00:00,train,1363.6628435785694,982.6196963673449,1346.2825399459143
2023-04-12 12:00:00+00:00,train,1367.516516554648,982.6196963673449,1350.1362129219929
2023-04-12 16:00:00+00:00,train,1367.516516554648,982.6196963673449,1350.1362129219929
2023-04-12 20:00:00+00:00,train,1367.516516554648,982.6196963673449,1350.1362129219929
2023-04-13 00:00:00+00:00,train,1368.5505483200347,982.6196963673449,1351.1702446873796
2023-04-13 04:00:00+00:00,train,1369.5845800854215,982.6196963673449,1352.2042764527664
2023-04-13 08:00:00+00:00,train,1370.6186118508083,982.6196963673449,1353.2383082181532
2023-04-13 12:00:00+00:00,train,1371.6526436161948,982.6196963673449,1354.2723399835395
2023-04-13 16:00:00+00:00,train,1371.6526436161948,982.6196963673449,1354.2723399835395
2023-04-13 20:00:00+00:00,train,1371.6526436161948,982.6196963673449,1354.2723399835395
2023-04-14 00:00:00+00:00,train,1371.40122043741,982.6196963673449,1354.020916804755
2023-04-14 04:00:00+00:00,train,1371.1497972586253,982.6196963673449,1353.7694936259704
2023-04-14 08:00:00+00:00,train,1370.8983740798406,982.6196963673449,1353.5180704471854
2023-04-14 12:00:00+00:00,train,1370.646950901056,982.6196963673449,1353.266647268401
2023-04-14 16:00:00+00:00,train,1370.646950901056,982.6196963673449,1353.266647268401
2023-04-14 20:00:00+00:00,train,1370.646950901056,982.6196963673449,1353.266647268401
2023-04-15 00:00:00+00:00,train,1370.1210447646458,982.6196963673449,1352.740741131991
2023-04-15 04:00:00+00:00,train,1369.5951386282359,982.6196963673449,1352.2148349955805
2023-04-15 08:00:00+00:00,train,1369.0692324918257,982.6196963673449,1351.6889288591706
2023-04-15 12:00:00+00:00,train,1368.5433263554157,982.6196963673449,1351.1630227227606
2023-04-15 16:00:00+00:00,train,1368.0174202190055,982.6196963673449,1350.6371165863502
2023-04-15 20:00:00+00:00,train,1368.0174202190055,982.6196963673449,1350.6371165863502
2023-04-16 00:00:00+00:00,train,1368.0174202190055,982.6196963673449,1350.6371165863502
2023-04-16 04:00:00+00:00,train,1368.765056454424,982.6196963673449,1351.3847528217689
2023-04-16 08:00:00+00:00,train,1369.5126926898427,982.6196963673449,1352.1323890571875
2023-04-16 12:00:00+00:00,train,1370.260328925261,982.6196963673449,1352.8800252926058
2023-04-16 16:00:00+00:00,train,1371.0079651606798,982.6196963673449,1353.6276615280249
2023-04-16 20:00:00+00:00,train,1371.7556013960982,982.6196963673449,1354.375297763443
2023-04-17 00:00:00+00:00,train,1371.7556013960982,982.6196963673449,1354.375297763443
2023-04-17 04:00:00+00:00,train,1371.7556013960982,982.6196963673449,1354.375297763443
2023-04-17 08:00:00+00:00,train,1371.7556013960982,982.6196963673449,1354.375297763443
2023-04-17 12:00:00+00:00,train,1368.9849726406653,982.6196963673449,1351.6046690080102
2023-04-17 16:00:00+00:00,train,1368.9849726406653,982.6196963673449,1351.6046690080102
2023-04-17 20:00:00+00:00,train,1368.9849726406653,982.6196963673449,1351.6046690080102
2023-04-18 00:00:00+00:00,train,1366.056610873568,982.6196963673449,1348.676307240913
2023-04-18 04:00:00+00:00,train,1366.056610873568,982.6196963673449,1348.676307240913
2023-04-18 08:00:00+00:00,train,1366.056610873568,982.6196963673449,1348.676307240913
2023-04-18 12:00:00+00:00,train,1365.4949614950035,982.6196963673449,1348.1146578623484
2023-04-18 16:00:00+00:00,train,1364.9333121164393,982.6196963673449,1347.5530084837842
2023-04-18 20:00:00+00:00,train,1364.3716627378749,982.6196963673449,1346.99135910522
2023-04-19 00:00:00+00:00,train,1363.8100133593107,982.6196963673449,1346.4297097266553
2023-04-19 04:00:00+00:00,train,1363.2483639807463,982.6196963673449,1345.8680603480911
2023-04-19 08:00:00+00:00,train,1363.2483639807463,982.6196963673449,1345.8680603480911
2023-04-19 12:00:00+00:00,train,1363.2483639807463,982.6196963673449,1345.8680603480911
2023-04-19 16:00:00+00:00,train,1363.2483639807463,982.6196963673449,1345.8680603480911
2023-04-19 20:00:00+00:00,train,1363.2483639807463,982.6196963673449,1345.8680603480911
2023-04-20 00:00:00+00:00,train,1363.2483639807463,982.6196963673449,1345.8680603480911
2023-04-20 04:00:00+00:00,train,1363.2483639807463,982.6196963673449,1345.8680603480911
2023-04-20 08:00:00+00:00,train,1363.2483639807463,982.6196963673449,1345.8680603480911
2023-04-20 12:00:00+00:00,train,1363.2483639807463,982.6196963673449,1345.8680603480911
2023-04-20 16:00:00+00:00,train,1363.2483639807463,982.6196963673449,1345.8680603480911
2023-04-20 20:00:00+00:00,train,1363.2483639807463,981.2865983062637,1344.5349622870099
2023-04-21 00:00:00+00:00,train,1363.2483639807463,981.2865983062637,1344.5349622870099
2023-04-21 04:00:00+00:00,train,1363.2483639807463,981.2865983062637,1344.5349622870099
2023-04-21 08:00:00+00:00,train,1363.2483639807463,981.3623268424664,1344.6106908232127
2023-04-21 12:00:00+00:00,train,1363.2483639807463,981.438055378669,1344.6864193594151
2023-04-21 16:00:00+00:00,train,1363.2483639807463,981.5137839148716,1344.762147895618
2023-04-21 20:00:00+00:00,train,1363.2483639807463,981.5895124510743,1344.8378764318204
2023-04-22 00:00:00+00:00,train,1363.2310922603049,981.665240987277,1344.8963332475819
2023-04-22 04:00:00+00:00,train,1363.2138205398635,981.7409695234796,1344.9547900633434
2023-04-22 08:00:00+00:00,train,1363.1965488194223,981.8166980596823,1345.0132468791044
2023-04-22 12:00:00+00:00,train,1363.179277098981,981.8924265958849,1345.0717036948658
2023-04-22 16:00:00+00:00,train,1363.1620053785396,981.9681551320875,1345.1301605106273
2023-04-22 20:00:00+00:00,train,1363.1447336580982,982.0438836682902,1345.1886173263883
2023-04-23 00:00:00+00:00,train,1363.1274619376568,982.1196122044928,1345.2470741421494
2023-04-23 04:00:00+00:00,train,1363.1101902172154,982.1953407406954,1345.3055309579108
2023-04-23 08:00:00+00:00,train,1363.0929184967742,982.1953407406954,1345.28825923747
2023-04-23 12:00:00+00:00,train,1363.0756467763329,982.1953407406954,1345.2709875170285
2023-04-23 16:00:00+00:00,train,1363.0583750558915,982.1953407406954,1345.2537157965871
2023-04-23 20:00:00+00:00,train,1363.0583750558915,981.7163729663429,1344.7747480222342
2023-04-24 00:00:00+00:00,train,1363.0583750558915,981.2374051919904,1344.2957802478818
2023-04-24 04:00:00+00:00,train,1363.0583750558915,981.2374051919904,1344.2957802478818
2023-04-24 08:00:00+00:00,train,1363.0583750558915,981.2374051919904,1344.2957802478818
2023-04-24 12:00:00+00:00,train,1363.0583750558915,980.2307052051946,1343.289080261086
2023-04-24 16:00:00+00:00,train,1363.0583750558915,980.2307052051946,1343.289080261086
2023-04-24 20:00:00+00:00,train,1362.3620639237265,980.2307052051946,1342.5927691289212
2023-04-25 00:00:00+00:00,train,1361.6657527915615,980.2307052051946,1341.896457996756
2023-04-25 04:00:00+00:00,train,1360.9694416593966,980.0321653200989,1341.0016069794956
2023-04-25 08:00:00+00:00,train,1360.2731305272318,979.8336254350032,1340.1067559622352
2023-04-25 12:00:00+00:00,train,1360.2731305272318,979.6350855499076,1339.9082160771395
2023-04-25 16:00:00+00:00,train,1360.2731305272318,979.4365456648119,1339.7096761920438
2023-04-25 20:00:00+00:00,train,1363.8583518903229,979.2380057797162,1343.0963576700392
2023-04-26 00:00:00+00:00,train,1363.8583518903229,979.2380057797162,1343.0963576700392
2023-04-26 04:00:00+00:00,train,1363.8583518903229,979.2380057797162,1343.0963576700392
2023-04-26 08:00:00+00:00,train,1367.325631730098,979.2380057797162,1346.5636375098143
2023-04-26 12:00:00+00:00,train,1367.325631730098,979.2380057797162,1346.5636375098143
2023-04-26 16:00:00+00:00,train,1367.325631730098,979.2380057797162,1346.5636375098143
2023-04-26 20:00:00+00:00,train,1367.325631730098,978.0895011033482,1345.415132833446
2023-04-27 00:00:00+00:00,train,1367.325631730098,978.0895011033482,1345.415132833446
2023-04-27 04:00:00+00:00,train,1367.325631730098,976.875864224188,1344.2014959542857
2023-04-27 08:00:00+00:00,train,1367.325631730098,976.875864224188,1344.2014959542857
2023-04-27 12:00:00+00:00,train,1367.325631730098,976.875864224188,1344.2014959542857
2023-04-27 16:00:00+00:00,train,1367.325631730098,976.875864224188,1344.2014959542857
2023-04-27 20:00:00+00:00,train,1367.325631730098,976.875864224188,1344.2014959542857
2023-04-28 00:00:00+00:00,train,1367.325631730098,976.875864224188,1344.2014959542857
2023-04-28 04:00:00+00:00,train,1368.3820005211146,976.875864224188,1345.2578647453029
2023-04-28 08:00:00+00:00,train,1369.4383693121313,976.875864224188,1346.314233536319
2023-04-28 12:00:00+00:00,train,1370.4947381031482,976.875864224188,1347.3706023273362
2023-04-28 16:00:00+00:00,train,1371.5511068941646,976.875864224188,1348.4269711183524
2023-04-28 20:00:00+00:00,train,1371.5511068941646,976.875864224188,1348.4269711183524
2023-04-29 00:00:00+00:00,train,1371.5511068941646,976.875864224188,1348.4269711183524
2023-04-29 04:00:00+00:00,train,1371.1189088430574,976.875864224188,1347.9947730672457
2023-04-29 08:00:00+00:00,train,1370.68671079195,976.875864224188,1347.562575016138
2023-04-29 12:00:00+00:00,train,1370.2545127408428,976.875864224188,1347.1303769650308
2023-04-29 16:00:00+00:00,train,1369.8223146897355,976.875864224188,1346.6981789139236
2023-04-29 20:00:00+00:00,train,1369.8223146897355,976.875864224188,1346.6981789139236
2023-04-30 00:00:00+00:00,train,1369.8223146897355,976.875864224188,1346.6981789139236
2023-04-30 04:00:00+00:00,train,1370.9478214829057,976.875864224188,1347.8236857070938
2023-04-30 08:00:00+00:00,train,1372.0733282760762,976.875864224188,1348.949192500264
2023-04-30 12:00:00+00:00,train,1373.1988350692463,976.875864224188,1350.0746992934346
2023-04-30 16:00:00+00:00,train,1373.1988350692463,976.875864224188,1350.0746992934346
2023-04-30 20:00:00+00:00,train,1373.1988350692463,976.875864224188,1350.0746992934346
2023-05-01 00:00:00+00:00,train,1370.8120120338306,976.875864224188,1347.6878762580186
2023-05-01 04:00:00+00:00,train,1370.8120120338306,976.875864224188,1347.6878762580186
2023-05-01 08:00:00+00:00,train,1370.8120120338306,976.875864224188,1347.6878762580186
2023-05-01 12:00:00+00:00,train,1370.8120120338306,976.875864224188,1347.6878762580186
2023-05-01 16:00:00+00:00,train,1370.8120120338306,976.875864224188,1347.6878762580186
2023-05-01 20:00:00+00:00,train,1370.8120120338306,976.875864224188,1347.6878762580186
2023-05-02 00:00:00+00:00,train,1370.8120120338306,976.875864224188,1347.6878762580186
2023-05-02 04:00:00+00:00,train,1370.6009187449324,976.875864224188,1347.4767829691204
2023-05-02 08:00:00+00:00,train,1370.3898254560343,976.875864224188,1347.2656896802223
2023-05-02 12:00:00+00:00,train,1370.1787321671363,976.0010028081409,1346.1797349752774
2023-05-02 16:00:00+00:00,train,1369.9676388782382,976.0010028081409,1345.9686416863792
2023-05-02 20:00:00+00:00,train,1369.75654558934,976.0010028081409,1345.757548397481
2023-05-03 00:00:00+00:00,train,1369.5454523004419,977.330883105521,1346.876335405963
2023-05-03 04:00:00+00:00,train,1369.3343590115437,978.6607634029011,1347.9951224144447
2023-05-03 08:00:00+00:00,train,1369.1232657226458,979.9906437002812,1349.113909422927
2023-05-03 12:00:00+00:00,train,1369.1232657226458,979.9906437002812,1349.113909422927
2023-05-03 16:00:00+00:00,train,1369.1232657226458,979.9906437002812,1349.113909422927
2023-05-03 20:00:00+00:00,train,1372.0473625800378,979.1856968018495,1351.2330593818874
2023-05-04 00:00:00+00:00,train,1372.0473625800378,979.1856968018495,1351.2330593818874
2023-05-04 04:00:00+00:00,train,1372.0473625800378,979.1856968018495,1351.2330593818874
2023-05-04 08:00:00+00:00,train,1370.971559672589,979.1856968018495,1350.1572564744383
2023-05-04 12:00:00+00:00,train,1369.89575676514,979.1856968018495,1349.0814535669897
2023-05-04 16:00:00+00:00,train,1369.89575676514,979.1856968018495,1349.0814535669897
2023-05-04 20:00:00+00:00,train,1369.89575676514,978.7770318284781,1348.672788593618
2023-05-05 00:00:00+00:00,train,1370.623079912138,978.3683668551068,1348.9914467672452
2023-05-05 04:00:00+00:00,train,1371.350403059136,978.3683668551068,1349.7187699142428
2023-05-05 08:00:00+00:00,train,1372.077726206134,977.601704717639,1349.679430923773
2023-05-05 12:00:00+00:00,train,1372.8050493531318,977.601704717639,1350.406754070771
2023-05-05 16:00:00+00:00,train,1372.8050493531318,977.601704717639,1350.406754070771
2023-05-05 20:00:00+00:00,train,1372.8050493531318,977.601704717639,1350.406754070771
2023-05-06 00:00:00+00:00,train,1372.0368179954123,977.601704717639,1349.6385227130513
2023-05-06 04:00:00+00:00,train,1371.2685866376928,977.601704717639,1348.8702913553316
2023-05-06 08:00:00+00:00,train,1371.2685866376928,977.601704717639,1348.8702913553316
2023-05-06 12:00:00+00:00,train,1371.2685866376928,977.601704717639,1348.8702913553316
2023-05-06 16:00:00+00:00,train,1371.2685866376928,976.7338253912417,1348.0024120289345
2023-05-06 20:00:00+00:00,train,1371.906768917462,976.7338253912417,1348.6405943087038
2023-05-07 00:00:00+00:00,train,1372.5449511972308,976.7338253912417,1349.2787765884723
2023-05-07 04:00:00+00:00,train,1373.183133477,976.3216908157398,1349.5048242927396
2023-05-07 08:00:00+00:00,train,1373.821315756769,975.9095562402379,1349.730871997007
2023-05-07 12:00:00+00:00,train,1374.4594980365382,975.9095562402379,1350.3690542767763
2023-05-07 16:00:00+00:00,train,1374.4594980365382,975.9095562402379,1350.3690542767763
2023-05-07 20:00:00+00:00,train,1374.4594980365382,975.9095562402379,1350.3690542767763
2023-05-08 00:00:00+00:00,train,1374.4594980365382,975.9095562402379,1350.3690542767763
2023-05-08 04:00:00+00:00,train,1374.4594980365382,975.9095562402379,1350.3690542767763
2023-05-08 08:00:00+00:00,train,1373.6399683057475,977.4486157018192,1351.0885840075666
2023-05-08 12:00:00+00:00,train,1372.8204385749568,978.9876751634006,1351.8081137383574
2023-05-08 16:00:00+00:00,train,1372.0009088441661,980.5267346249818,1352.5276434691477
2023-05-08 20:00:00+00:00,train,1372.0009088441661,980.5267346249818,1352.5276434691477
2023-05-09 00:00:00+00:00,train,1372.0009088441661,980.5267346249818,1352.5276434691477
2023-05-09 04:00:00+00:00,train,1372.0009088441661,980.5267346249818,1352.5276434691477
2023-05-09 08:00:00+00:00,train,1372.0009088441661,979.56561632348,1351.566525167646
2023-05-09 12:00:00+00:00,train,1372.0009088441661,979.56561632348,1351.566525167646
2023-05-09 16:00:00+00:00,train,1372.0009088441661,978.6483145348061,1350.6492233789722
2023-05-09 20:00:00+00:00,train,1372.681453234458,978.6483145348061,1351.3297677692644
2023-05-10 00:00:00+00:00,train,1373.3619976247498,977.7605364965488,1351.1225341212985
2023-05-10 04:00:00+00:00,train,1374.0425420150418,977.7605364965488,1351.8030785115907
2023-05-10 08:00:00+00:00,train,1374.7230864053336,976.91295934697,1351.6360457523033
2023-05-10 12:00:00+00:00,train,1375.4036307956253,976.91295934697,1352.3165901425955
2023-05-10 16:00:00+00:00,train,1375.4036307956253,976.91295934697,1352.3165901425955
2023-05-10 20:00:00+00:00,train,1375.4036307956253,975.9581477120228,1351.361778507648
2023-05-11 00:00:00+00:00,train,1373.209209971736,975.9581477120228,1349.1673576837588
2023-05-11 04:00:00+00:00,train,1373.209209971736,975.9581477120228,1349.1673576837588
2023-05-11 08:00:00+00:00,train,1373.209209971736,975.4809783113647,1348.6901882831007
2023-05-11 12:00:00+00:00,train,1373.209209971736,975.0038089107067,1348.2130188824426
2023-05-11 16:00:00+00:00,train,1373.209209971736,975.0038089107067,1348.2130188824426
2023-05-11 20:00:00+00:00,train,1373.10139700959,975.0038089107067,1348.1052059202966
2023-05-12 00:00:00+00:00,train,1372.9935840474443,975.0038089107067,1347.997392958151
2023-05-12 04:00:00+00:00,train,1372.8857710852983,974.5318294709698,1347.417600556268
2023-05-12 08:00:00+00:00,train,1372.7779581231523,974.0598500312329,1346.8378081543851
2023-05-12 12:00:00+00:00,train,1372.6701451610063,974.0598500312329,1346.7299951922391
2023-05-12 16:00:00+00:00,train,1372.5623321988605,973.1454624671939,1345.7077946660543
2023-05-12 20:00:00+00:00,train,1372.5623321988605,973.1454624671939,1345.7077946660543
2023-05-13 00:00:00+00:00,train,1372.5623321988605,973.1454624671939,1345.7077946660543
2023-05-13 04:00:00+00:00,train,1372.6827066868186,973.1454624671939,1345.8281691540124
2023-05-13 08:00:00+00:00,train,1372.8030811747767,973.1454624671939,1345.9485436419704
2023-05-13 12:00:00+00:00,train,1372.9234556627346,973.1454624671939,1346.0689181299285
2023-05-13 16:00:00+00:00,train,1373.0438301506927,973.1454624671939,1346.1892926178866
2023-05-13 20:00:00+00:00,train,1373.1642046386507,973.1454624671939,1346.3096671058447
2023-05-14 00:00:00+00:00,train,1373.2845791266088,973.1454624671939,1346.4300415938028
2023-05-14 04:00:00+00:00,train,1373.404953614567,973.1454624671939,1346.5504160817609
2023-05-14 08:00:00+00:00,train,1373.525328102525,973.1454624671939,1346.670790569719
2023-05-14 12:00:00+00:00,train,1373.6457025904829,973.1454624671939,1346.7911650576766
2023-05-14 16:00:00+00:00,train,1373.766077078441,973.1454624671939,1346.9115395456347
2023-05-14 20:00:00+00:00,train,1373.886451566399,973.1454624671939,1347.0319140335928
2023-05-15 00:00:00+00:00,train,1374.0068260543571,973.1454624671939,1347.1522885215509
2023-05-15 04:00:00+00:00,train,1374.0068260543571,973.1454624671939,1347.1522885215509
2023-05-15 08:00:00+00:00,train,1374.0068260543571,973.1454624671939,1347.1522885215509
2023-05-15 12:00:00+00:00,train,1374.0068260543571,973.1454624671939,1347.1522885215509
2023-05-15 16:00:00+00:00,train,1374.0068260543571,973.1454624671939,1347.1522885215509
2023-05-15 20:00:00+00:00,train,1374.0068260543571,973.1454624671939,1347.1522885215509
2023-05-16 00:00:00+00:00,train,1374.0068260543571,973.1454624671939,1347.1522885215509
2023-05-16 04:00:00+00:00,train,1374.0068260543571,972.4184894733753,1346.4253155277324
2023-05-16 08:00:00+00:00,train,1374.0068260543571,972.4184894733753,1346.4253155277324
2023-05-16 12:00:00+00:00,train,1374.0068260543571,972.4184894733753,1346.4253155277324
2023-05-16 16:00:00+00:00,train,1374.0068260543571,972.1818801894289,1346.1887062437859
2023-05-16 20:00:00+00:00,train,1374.0068260543571,971.9452709054824,1345.9520969598398
2023-05-17 00:00:00+00:00,train,1374.0068260543571,971.7086616215358,1345.7154876758932
2023-05-17 04:00:00+00:00,train,1374.0068260543571,971.7086616215358,1345.7154876758932
2023-05-17 08:00:00+00:00,train,1374.0068260543571,971.7086616215358,1345.7154876758932
2023-05-17 12:00:00+00:00,train,1375.309507603374,970.9949069269635,1346.3044145303375
2023-05-17 16:00:00+00:00,train,1376.6121891523908,970.9949069269635,1347.607096079354
2023-05-17 20:00:00+00:00,train,1376.6121891523908,970.9949069269635,1347.607096079354
2023-05-18 00:00:00+00:00,train,1376.6121891523908,970.9949069269635,1347.607096079354
2023-05-18 04:00:00+00:00,train,1375.999327843302,970.9949069269635,1346.9942347702654
2023-05-18 08:00:00+00:00,train,1375.3864665342128,970.9949069269635,1346.3813734611763
2023-05-18 12:00:00+00:00,train,1374.773605225124,970.9949069269635,1345.7685121520872
2023-05-18 16:00:00+00:00,train,1374.773605225124,974.1809776079193,1348.9545828330433
2023-05-18 20:00:00+00:00,train,1374.773605225124,974.1809776079193,1348.9545828330433
2023-05-19 00:00:00+00:00,train,1374.7406861613485,974.1809776079193,1348.921663769268
2023-05-19 04:00:00+00:00,train,1374.7077670975732,973.4809466810913,1348.1887137786644
2023-05-19 08:00:00+00:00,train,1374.6748480337978,973.4809466810913,1348.155794714889
2023-05-19 12:00:00+00:00,train,1374.6419289700223,972.8532659549661,1347.4951949249885
2023-05-19 16:00:00+00:00,train,1374.609009906247,972.8532659549661,1347.4622758612131
2023-05-19 20:00:00+00:00,train,1374.5760908424716,972.8532659549661,1347.4293567974378
2023-05-20 00:00:00+00:00,train,1374.5431717786962,973.0938746705059,1347.637046449202
2023-05-20 04:00:00+00:00,train,1374.5102527149209,973.3344833860458,1347.8447361009667
2023-05-20 08:00:00+00:00,train,1374.4773336511455,973.5750921015856,1348.0524257527313
2023-05-20 12:00:00+00:00,train,1374.4444145873701,973.8157008171255,1348.2601154044955
2023-05-20 16:00:00+00:00,train,1374.4114955235946,974.0563095326653,1348.4678050562597
2023-05-20 20:00:00+00:00,train,1374.3785764598192,974.2969182482051,1348.6754947080244
2023-05-21 00:00:00+00:00,train,1374.3785764598192,974.537526963745,1348.916103423564
2023-05-21 04:00:00+00:00,train,1374.3785764598192,974.7781356792848,1349.156712139104
2023-05-21 08:00:00+00:00,train,1374.3785764598192,975.0187443948246,1349.397320854644
2023-05-21 12:00:00+00:00,train,1374.3785764598192,975.2593531103645,1349.6379295701836
2023-05-21 16:00:00+00:00,train,1374.3785764598192,975.4999618259043,1349.8785382857236
2023-05-21 20:00:00+00:00,train,1374.3785764598192,975.7405705414442,1350.1191470012636
2023-05-22 00:00:00+00:00,train,1372.9470503766897,975.7405705414442,1348.6876209181337
2023-05-22 04:00:00+00:00,train,1372.9470503766897,975.1554367593941,1348.1024871360837
2023-05-22 08:00:00+00:00,train,1372.9470503766897,975.1554367593941,1348.1024871360837
2023-05-22 12:00:00+00:00,train,1372.9470503766897,974.5855035702391,1347.5325539469286
2023-05-22 16:00:00+00:00,train,1372.9470503766897,974.5855035702391,1347.5325539469286
2023-05-22 20:00:00+00:00,train,1373.9636623852257,974.5855035702391,1348.5491659554646
2023-05-23 00:00:00+00:00,train,1374.9802743937616,974.0003767105816,1348.9806511043435
2023-05-23 04:00:00+00:00,train,1374.9802743937616,974.0003767105816,1348.9806511043435
2023-05-23 08:00:00+00:00,train,1374.9802743937616,974.0003767105816,1348.9806511043435
2023-05-23 12:00:00+00:00,train,1374.754133994508,973.3528754405013,1348.1070094350093
2023-05-23 16:00:00+00:00,train,1374.5279935952544,973.3528754405013,1347.8808690357555
2023-05-23 20:00:00+00:00,train,1374.3018531960008,973.3528754405013,1347.654728636502
2023-05-24 00:00:00+00:00,train,1374.0757127967472,973.3528754405013,1347.4285882372487
2023-05-24 04:00:00+00:00,train,1374.0757127967472,973.3528754405013,1347.4285882372487
2023-05-24 08:00:00+00:00,train,1374.0757127967472,974.888564477772,1348.9642772745192
2023-05-24 12:00:00+00:00,train,1372.411512302262,976.4242535150427,1348.8357658173045
2023-05-24 16:00:00+00:00,train,1372.411512302262,976.4242535150427,1348.8357658173045
2023-05-24 20:00:00+00:00,train,1372.411512302262,975.7238733875099,1348.1353856897722
2023-05-25 00:00:00+00:00,train,1370.6871618688826,975.7238733875099,1346.4110352563926
2023-05-25 04:00:00+00:00,train,1370.6871618688826,975.7238733875099,1346.4110352563926
2023-05-25 08:00:00+00:00,train,1370.6871618688826,975.3632312002663,1346.0503930691489
2023-05-25 12:00:00+00:00,train,1370.4751773480064,975.0025890130227,1345.477766361029
2023-05-25 16:00:00+00:00,train,1370.26319282713,975.0025890130227,1345.2657818401526
2023-05-25 20:00:00+00:00,train,1370.0512083062538,975.0025890130227,1345.0537973192763
2023-05-26 00:00:00+00:00,train,1369.8392237853775,974.8320171086292,1344.6712408940066
2023-05-26 04:00:00+00:00,train,1369.6272392645012,974.6614452042356,1344.2886844687368
2023-05-26 08:00:00+00:00,train,1369.6272392645012,974.4908732998422,1344.1181125643434
2023-05-26 12:00:00+00:00,train,1369.6272392645012,974.3203013954487,1343.94754065995
2023-05-26 16:00:00+00:00,train,1369.886306484218,974.3203013954487,1344.206607879667
2023-05-26 20:00:00+00:00,train,1370.1453737039349,974.3203013954487,1344.4656750993836
2023-05-27 00:00:00+00:00,train,1370.4044409236517,974.0208295355524,1344.425270459204
2023-05-27 04:00:00+00:00,train,1370.6635081433683,973.721357675656,1344.3848658190245
2023-05-27 08:00:00+00:00,train,1370.9225753630851,973.721357675656,1344.6439330387411
2023-05-27 12:00:00+00:00,train,1371.181642582802,973.721357675656,1344.9030002584577
2023-05-27 16:00:00+00:00,train,1371.4407098025188,973.721357675656,1345.1620674781748
2023-05-27 20:00:00+00:00,train,1371.6997770222356,973.721357675656,1345.4211346978918
2023-05-28 00:00:00+00:00,train,1371.6997770222356,973.721357675656,1345.4211346978918
2023-05-28 04:00:00+00:00,train,1371.6997770222356,973.721357675656,1345.4211346978918
2023-05-28 08:00:00+00:00,train,1372.3903276087312,973.721357675656,1346.111685284387
2023-05-28 12:00:00+00:00,train,1373.080878195227,973.721357675656,1346.8022358708831
2023-05-28 16:00:00+00:00,train,1373.7714287817223,973.721357675656,1347.4927864573783
2023-05-28 20:00:00+00:00,train,1373.7714287817223,973.721357675656,1347.4927864573783
2023-05-29 00:00:00+00:00,train,1373.7714287817223,973.721357675656,1347.4927864573783
2023-05-29 04:00:00+00:00,train,1373.2404774867032,973.721357675656,1346.9618351623594
2023-05-29 08:00:00+00:00,train,1372.709526191684,973.721357675656,1346.43088386734
2023-05-29 12:00:00+00:00,train,1372.178574896665,973.721357675656,1345.8999325723207
2023-05-29 16:00:00+00:00,train,1372.178574896665,973.721357675656,1345.8999325723207
2023-05-29 20:00:00+00:00,train,1372.178574896665,973.721357675656,1345.8999325723207
2023-05-30 00:00:00+00:00,train,1374.29062753957,973.721357675656,1348.011985215226
2023-05-30 04:00:00+00:00,train,1374.29062753957,973.721357675656,1348.011985215226
2023-05-30 08:00:00+00:00,train,1376.5231252516628,973.721357675656,1350.244482927319
2023-05-30 12:00:00+00:00,train,1376.5231252516628,973.721357675656,1350.244482927319
2023-05-30 16:00:00+00:00,train,1376.5231252516628,973.721357675656,1350.244482927319
2023-05-30 20:00:00+00:00,train,1376.3721893206289,973.721357675656,1350.093546996285
2023-05-31 00:00:00+00:00,train,1376.221253389595,973.721357675656,1349.9426110652512
2023-05-31 04:00:00+00:00,train,1376.070317458561,973.721357675656,1349.7916751342173
2023-05-31 08:00:00+00:00,train,1376.070317458561,973.721357675656,1349.7916751342173
2023-05-31 12:00:00+00:00,train,1376.070317458561,973.721357675656,1349.7916751342173
2023-05-31 16:00:00+00:00,train,1375.9489648651288,973.721357675656,1349.6703225407846
2023-05-31 20:00:00+00:00,train,1375.8276122716966,973.721357675656,1349.5489699473528
2023-06-01 00:00:00+00:00,train,1375.7062596782646,973.721357675656,1349.4276173539206
2023-06-01 04:00:00+00:00,train,1375.5849070848324,973.721357675656,1349.3062647604884
2023-06-01 08:00:00+00:00,train,1375.4635544914001,973.721357675656,1349.1849121670562
2023-06-01 12:00:00+00:00,train,1375.342201897968,973.721357675656,1349.063559573624
2023-06-01 16:00:00+00:00,train,1375.2208493045357,973.721357675656,1348.9422069801917
2023-06-01 20:00:00+00:00,train,1375.0994967111035,973.721357675656,1348.8208543867595
2023-06-02 00:00:00+00:00,train,1374.9781441176713,973.721357675656,1348.6995017933273
2023-06-02 04:00:00+00:00,train,1374.9781441176713,973.721357675656,1348.6995017933273
2023-06-02 08:00:00+00:00,train,1374.9781441176713,973.721357675656,1348.6995017933273
2023-06-02 12:00:00+00:00,train,1375.1992344888222,973.721357675656,1348.920592164478
2023-06-02 16:00:00+00:00,train,1375.4203248599733,973.721357675656,1349.1416825356291
2023-06-02 20:00:00+00:00,train,1375.6414152311243,973.721357675656,1349.3627729067803
2023-06-03 00:00:00+00:00,train,1375.8625056022752,973.721357675656,1349.5838632779314
2023-06-03 04:00:00+00:00,train,1376.0835959734263,973.721357675656,1349.8049536490826
2023-06-03 08:00:00+00:00,train,1376.3046863445772,973.721357675656,1350.0260440202333
2023-06-03 12:00:00+00:00,train,1376.5257767157282,973.721357675656,1350.247134391384
2023-06-03 16:00:00+00:00,train,1376.7468670868793,973.721357675656,1350.468224762535
2023-06-03 20:00:00+00:00,train,1376.9679574580302,973.721357675656,1350.6893151336863
2023-06-04 00:00:00+00:00,train,1377.1890478291812,973.721357675656,1350.9104055048374
2023-06-04 04:00:00+00:00,train,1377.4101382003323,973.721357675656,1351.1314958759885
2023-06-04 08:00:00+00:00,train,1377.4101382003323,973.721357675656,1351.1314958759885
2023-06-04 12:00:00+00:00,train,1377.4101382003323,973.721357675656,1351.1314958759885
2023-06-04 16:00:00+00:00,train,1379.4516005294258,973.721357675656,1353.172958205082
2023-06-04 20:00:00+00:00,train,1379.4516005294258,973.721357675656,1353.172958205082
2023-06-05 00:00:00+00:00,train,1379.4516005294258,973.721357675656,1353.172958205082
2023-06-05 04:00:00+00:00,train,1379.4516005294258,973.721357675656,1353.172958205082
2023-06-05 08:00:00+00:00,train,1379.4516005294258,973.721357675656,1353.172958205082
2023-06-05 12:00:00+00:00,train,1379.4516005294258,973.721357675656,1353.172958205082
2023-06-05 16:00:00+00:00,train,1379.4516005294258,973.721357675656,1353.172958205082
2023-06-05 20:00:00+00:00,train,1379.4516005294258,973.721357675656,1353.172958205082
2023-06-06 00:00:00+00:00,train,1379.4516005294258,973.721357675656,1353.172958205082
2023-06-06 04:00:00+00:00,train,1379.4516005294258,973.721357675656,1353.172958205082
2023-06-06 08:00:00+00:00,train,1379.4516005294258,973.721357675656,1353.172958205082
2023-06-06 12:00:00+00:00,train,1379.4516005294258,973.721357675656,1353.172958205082
2023-06-06 16:00:00+00:00,train,1379.4516005294258,972.7526632540241,1352.2042637834502
2023-06-06 20:00:00+00:00,train,1379.4516005294258,972.7526632540241,1352.2042637834502
2023-06-07 00:00:00+00:00,train,1379.4516005294258,972.7526632540241,1352.2042637834502
2023-06-07 04:00:00+00:00,train,1379.4516005294258,974.3860127085753,1353.8376132380013
2023-06-07 08:00:00+00:00,train,1379.4516005294258,976.0193621631264,1355.4709626925523
2023-06-07 12:00:00+00:00,train,1379.4516005294258,977.6527116176777,1357.1043121471034
2023-06-07 16:00:00+00:00,train,1379.4516005294258,977.6527116176777,1357.1043121471034
2023-06-07 20:00:00+00:00,train,1379.4516005294258,977.6527116176777,1357.1043121471034
2023-06-08 00:00:00+00:00,train,1379.4516005294258,977.5335296974387,1356.9851302268644
2023-06-08 04:00:00+00:00,train,1379.4516005294258,977.4143477771996,1356.8659483066253
2023-06-08 08:00:00+00:00,train,1379.4516005294258,977.2951658569606,1356.7467663863863
2023-06-08 12:00:00+00:00,train,1379.4516005294258,977.1759839367215,1356.6275844661473
2023-06-08 16:00:00+00:00,train,1379.4516005294258,977.0568020164825,1356.5084025459082
2023-06-08 20:00:00+00:00,train,1379.4516005294258,976.9376200962434,1356.3892206256692
2023-06-09 00:00:00+00:00,train,1379.4516005294258,976.8184381760044,1356.2700387054301
2023-06-09 04:00:00+00:00,train,1379.4516005294258,976.6992562557652,1356.150856785191
2023-06-09 08:00:00+00:00,train,1379.4516005294258,976.5800743355262,1356.031674864952
2023-06-09 12:00:00+00:00,train,1379.4516005294258,976.5800743355262,1356.031674864952
2023-06-09 16:00:00+00:00,train,1379.4516005294258,981.8452351900653,1361.2968357194914
2023-06-09 20:00:00+00:00,train,1379.4516005294258,981.8452351900653,1361.2968357194914
2023-06-10 00:00:00+00:00,train,1379.4516005294258,988.3471547181438,1367.7987552475697
2023-06-10 04:00:00+00:00,train,1379.4516005294258,988.3471547181438,1367.7987552475697
2023-06-10 08:00:00+00:00,train,1379.4516005294258,986.1519648525175,1365.6035653819436
2023-06-10 12:00:00+00:00,train,1379.4516005294258,986.1519648525175,1365.6035653819436
2023-06-10 16:00:00+00:00,train,1379.4516005294258,984.0734316786233,1363.5250322080492
2023-06-10 20:00:00+00:00,train,1379.4516005294258,984.0734316786233,1363.5250322080492
2023-06-11 00:00:00+00:00,train,1379.4516005294258,984.0734316786233,1363.5250322080492
2023-06-11 04:00:00+00:00,train,1379.4516005294258,983.5678566645781,1363.0194571940037
2023-06-11 08:00:00+00:00,train,1379.4516005294258,983.0622816505329,1362.5138821799587
2023-06-11 12:00:00+00:00,train,1379.4516005294258,982.5567066364878,1362.0083071659137
2023-06-11 16:00:00+00:00,train,1379.4516005294258,982.0511316224427,1361.5027321518683
2023-06-11 20:00:00+00:00,train,1379.4516005294258,982.0511316224427,1361.5027321518683
2023-06-12 00:00:00+00:00,train,1379.4516005294258,982.0511316224427,1361.5027321518683
2023-06-12 04:00:00+00:00,train,1379.4516005294258,982.0511316224427,1361.5027321518683
2023-06-12 08:00:00+00:00,train,1379.4516005294258,980.1688530800894,1359.6204536095152
2023-06-12 12:00:00+00:00,train,1379.4516005294258,980.1688530800894,1359.6204536095152
2023-06-12 16:00:00+00:00,train,1379.4516005294258,980.1688530800894,1359.6204536095152
2023-06-12 20:00:00+00:00,train,1379.4516005294258,979.3070633073597,1358.7586638367857
2023-06-13 00:00:00+00:00,train,1379.4516005294258,978.4452735346301,1357.8968740640557
2023-06-13 04:00:00+00:00,train,1379.4516005294258,978.4452735346301,1357.8968740640557
2023-06-13 08:00:00+00:00,train,1379.4516005294258,976.8690785996586,1356.3206791290845
2023-06-13 12:00:00+00:00,train,1379.4516005294258,976.8690785996586,1356.3206791290845
2023-06-13 16:00:00+00:00,train,1379.4516005294258,975.1806940850413,1354.6322946144674
2023-06-13 20:00:00+00:00,train,1379.4516005294258,975.1806940850413,1354.6322946144674
2023-06-14 00:00:00+00:00,train,1379.4516005294258,975.1806940850413,1354.6322946144674
2023-06-14 04:00:00+00:00,train,1379.4516005294258,975.1806940850413,1354.6322946144674
2023-06-14 08:00:00+00:00,train,1379.4516005294258,975.387213470989,1354.838814000415
2023-06-14 12:00:00+00:00,train,1379.4516005294258,975.5937328569366,1355.0453333863625
2023-06-14 16:00:00+00:00,train,1379.4516005294258,975.8002522428842,1355.25185277231
2023-06-14 20:00:00+00:00,train,1379.4516005294258,976.0067716288319,1355.4583721582576
2023-06-15 00:00:00+00:00,train,1379.4516005294258,976.2132910147795,1355.6648915442056
2023-06-15 04:00:00+00:00,train,1379.4516005294258,976.4198104007272,1355.8714109301532
2023-06-15 08:00:00+00:00,train,1379.4516005294258,976.6263297866749,1356.0779303161007
2023-06-15 12:00:00+00:00,train,1379.4516005294258,976.8328491726224,1356.2844497020483
2023-06-15 16:00:00+00:00,train,1379.4516005294258,977.0393685585701,1356.4909690879958
2023-06-15 20:00:00+00:00,train,1379.4516005294258,977.2458879445178,1356.6974884739438
2023-06-16 00:00:00+00:00,train,1379.4516005294258,977.4524073304655,1356.9040078598914
2023-06-16 04:00:00+00:00,train,1379.4516005294258,977.658926716413,1357.110527245839
2023-06-16 08:00:00+00:00,train,1379.4516005294258,977.658926716413,1357.110527245839
2023-06-16 12:00:00+00:00,train,1379.4516005294258,976.3739668510343,1355.8255673804601
2023-06-16 16:00:00+00:00,train,1379.4516005294258,976.3739668510343,1355.8255673804601
2023-06-16 20:00:00+00:00,train,1379.4516005294258,976.3739668510343,1355.8255673804601
2023-06-17 00:00:00+00:00,train,1379.4516005294258,976.3739668510343,1355.8255673804601
2023-06-17 04:00:00+00:00,train,1379.4516005294258,976.3739668510343,1355.8255673804601
2023-06-17 08:00:00+00:00,train,1379.4516005294258,976.3739668510343,1355.8255673804601
2023-06-17 12:00:00+00:00,train,1379.4516005294258,976.3739668510343,1355.8255673804601
2023-06-17 16:00:00+00:00,train,1379.4516005294258,976.3739668510343,1355.8255673804601
2023-06-17 20:00:00+00:00,train,1379.4516005294258,976.3739668510343,1355.8255673804601
2023-06-18 00:00:00+00:00,train,1379.4516005294258,976.3739668510343,1355.8255673804601
2023-06-18 04:00:00+00:00,train,1379.4516005294258,976.3739668510343,1355.8255673804601
2023-06-18 08:00:00+00:00,train,1379.4516005294258,976.3739668510343,1355.8255673804601
2023-06-18 12:00:00+00:00,train,1379.4516005294258,976.3739668510343,1355.8255673804601
2023-06-18 16:00:00+00:00,train,1379.4516005294258,976.3739668510343,1355.8255673804601
2023-06-18 20:00:00+00:00,train,1379.4516005294258,976.3739668510343,1355.8255673804601
2023-06-19 00:00:00+00:00,train,1379.4516005294258,975.4281994585422,1354.879799987968
2023-06-19 04:00:00+00:00,train,1380.1565440087047,975.4281994585422,1355.5847434672469
2023-06-19 08:00:00+00:00,train,1380.8614874879838,975.4281994585422,1356.2896869465258
2023-06-19 12:00:00+00:00,train,1381.5664309672627,975.4281994585422,1356.9946304258046
2023-06-19 16:00:00+00:00,train,1382.2713744465418,975.4281994585422,1357.699573905084
2023-06-19 20:00:00+00:00,train,1382.976317925821,975.4281994585422,1358.4045173843633
2023-06-20 00:00:00+00:00,train,1382.976317925821,975.4281994585422,1358.4045173843633
2023-06-20 04:00:00+00:00,train,1382.976317925821,975.4281994585422,1358.4045173843633
2023-06-20 08:00:00+00:00,train,1383.7487653888709,975.4281994585422,1359.1769648474128
2023-06-20 12:00:00+00:00,train,1384.521212851921,975.4281994585422,1359.9494123104632
2023-06-20 16:00:00+00:00,train,1385.293660314971,975.4281994585422,1360.7218597735132
2023-06-20 20:00:00+00:00,train,1386.066107778021,975.4281994585422,1361.4943072365631
2023-06-21 00:00:00+00:00,train,1386.066107778021,975.4281994585422,1361.4943072365631
2023-06-21 04:00:00+00:00,train,1386.066107778021,975.4281994585422,1361.4943072365631
2023-06-21 08:00:00+00:00,train,1386.8750942234767,975.4281994585422,1362.303293682019
2023-06-21 12:00:00+00:00,train,1387.6840806689327,975.4281994585422,1363.112280127475
2023-06-21 16:00:00+00:00,train,1388.4930671143884,975.4281994585422,1363.9212665729306
2023-06-21 20:00:00+00:00,train,1389.3020535598444,975.4281994585422,1364.7302530183865
2023-06-22 00:00:00+00:00,train,1389.3020535598444,975.4281994585422,1364.7302530183865
2023-06-22 04:00:00+00:00,train,1389.3020535598444,975.4281994585422,1364.7302530183865
2023-06-22 08:00:00+00:00,train,1389.3020535598444,975.4281994585422,1364.7302530183865
2023-06-22 12:00:00+00:00,train,1389.3020535598444,975.4281994585422,1364.7302530183865
2023-06-22 16:00:00+00:00,train,1389.3020535598444,975.4281994585422,1364.7302530183865
2023-06-22 20:00:00+00:00,train,1389.3020535598444,975.4281994585422,1364.7302530183865
2023-06-23 00:00:00+00:00,train,1389.3020535598444,975.4281994585422,1364.7302530183865
2023-06-23 04:00:00+00:00,train,1389.3020535598444,975.4281994585422,1364.7302530183865
2023-06-23 08:00:00+00:00,train,1388.0254363078423,975.4281994585422,1363.4536357663847
2023-06-23 12:00:00+00:00,train,1386.7488190558402,975.4281994585422,1362.1770185143823
2023-06-23 16:00:00+00:00,train,1386.7488190558402,975.4281994585422,1362.1770185143823
2023-06-23 20:00:00+00:00,train,1386.7488190558402,975.4281994585422,1362.1770185143823
2023-06-24 00:00:00+00:00,train,1386.3942257205729,975.4281994585422,1361.8224251791153
2023-06-24 04:00:00+00:00,train,1386.0396323853058,975.4281994585422,1361.4678318438482
2023-06-24 08:00:00+00:00,train,1385.6850390500385,975.4281994585422,1361.1132385085807
2023-06-24 12:00:00+00:00,train,1385.3304457147713,975.4281994585422,1360.7586451733132
2023-06-24 16:00:00+00:00,train,1385.3304457147713,975.4281994585422,1360.7586451733132
2023-06-24 20:00:00+00:00,train,1385.3304457147713,975.4281994585422,1360.7586451733132
2023-06-25 00:00:00+00:00,train,1385.3304457147713,975.4281994585422,1360.7586451733132
2023-06-25 04:00:00+00:00,train,1385.3304457147713,975.4281994585422,1360.7586451733132
2023-06-25 08:00:00+00:00,train,1385.3304457147713,975.4281994585422,1360.7586451733132
2023-06-25 12:00:00+00:00,train,1385.3304457147713,975.4281994585422,1360.7586451733132
2023-06-25 16:00:00+00:00,train,1385.3304457147713,975.4281994585422,1360.7586451733132
2023-06-25 20:00:00+00:00,train,1385.3304457147713,975.4281994585422,1360.7586451733132
2023-06-26 00:00:00+00:00,train,1385.3304457147713,975.4281994585422,1360.7586451733132
2023-06-26 04:00:00+00:00,train,1385.3304457147713,975.4281994585422,1360.7586451733132
2023-06-26 08:00:00+00:00,train,1385.3304457147713,975.4281994585422,1360.7586451733132
2023-06-26 12:00:00+00:00,train,1385.3304457147713,975.4281994585422,1360.7586451733132
2023-06-26 16:00:00+00:00,train,1385.3304457147713,975.4281994585422,1360.7586451733132
2023-06-26 20:00:00+00:00,train,1385.3304457147713,975.4281994585422,1360.7586451733132
2023-06-27 00:00:00+00:00,train,1385.3304457147713,975.4281994585422,1360.7586451733132
2023-06-27 04:00:00+00:00,train,1385.3304457147713,975.4281994585422,1360.7586451733132
2023-06-27 08:00:00+00:00,train,1385.3304457147713,975.4281994585422,1360.7586451733132
2023-06-27 12:00:00+00:00,train,1385.3304457147713,975.4281994585422,1360.7586451733132
2023-06-27 16:00:00+00:00,train,1385.3304457147713,975.4281994585422,1360.7586451733132
2023-06-27 20:00:00+00:00,train,1385.3304457147713,975.4281994585422,1360.7586451733132
2023-06-28 00:00:00+00:00,train,1385.3304457147713,975.4281994585422,1360.7586451733132
2023-06-28 04:00:00+00:00,train,1385.3304457147713,975.4281994585422,1360.7586451733132
2023-06-28 08:00:00+00:00,train,1385.3304457147713,975.4281994585422,1360.7586451733132
2023-06-28 12:00:00+00:00,train,1385.3304457147713,975.4281994585422,1360.7586451733132
2023-06-28 16:00:00+00:00,train,1385.3304457147713,975.4281994585422,1360.7586451733132
2023-06-28 20:00:00+00:00,train,1385.3304457147713,975.1678837963054,1360.498329511077
2023-06-29 00:00:00+00:00,train,1385.3304457147713,974.9075681340687,1360.2380138488397
2023-06-29 04:00:00+00:00,train,1385.3304457147713,974.647252471832,1359.9776981866034
2023-06-29 08:00:00+00:00,train,1385.3304457147713,974.3869368095952,1359.7173825243663
2023-06-29 12:00:00+00:00,train,1385.3304457147713,974.3869368095952,1359.7173825243663
2023-06-29 16:00:00+00:00,train,1385.3304457147713,974.3869368095952,1359.7173825243663
2023-06-29 20:00:00+00:00,train,1385.3304457147713,974.3869368095952,1359.7173825243663
2023-06-30 00:00:00+00:00,train,1385.3304457147713,974.3869368095952,1359.7173825243663
2023-06-30 04:00:00+00:00,train,1385.3304457147713,974.3869368095952,1359.7173825243663
2023-06-30 08:00:00+00:00,train,1385.3304457147713,974.3869368095952,1359.7173825243663
2023-06-30 12:00:00+00:00,train,1385.3304457147713,974.3869368095952,1359.7173825243663
2023-06-30 16:00:00+00:00,train,1385.3304457147713,974.3869368095952,1359.7173825243663
2023-06-30 20:00:00+00:00,train,1385.3304457147713,974.3869368095952,1359.7173825243663
2023-07-01 00:00:00+00:00,train,1385.3304457147713,974.3869368095952,1359.7173825243663
2023-07-01 04:00:00+00:00,train,1385.3304457147713,974.3869368095952,1359.7173825243663
2023-07-01 08:00:00+00:00,train,1385.3304457147713,974.3869368095952,1359.7173825243663
2023-07-01 12:00:00+00:00,train,1385.3304457147713,974.3869368095952,1359.7173825243663
2023-07-01 16:00:00+00:00,train,1385.3304457147713,974.3869368095952,1359.7173825243663
2023-07-01 20:00:00+00:00,train,1385.3304457147713,974.3869368095952,1359.7173825243663
2023-07-02 00:00:00+00:00,train,1385.3304457147713,974.3869368095952,1359.7173825243663
2023-07-02 04:00:00+00:00,train,1385.3304457147713,974.3869368095952,1359.7173825243663
2023-07-02 08:00:00+00:00,train,1385.3304457147713,974.3869368095952,1359.7173825243663
2023-07-02 12:00:00+00:00,train,1385.3304457147713,974.3869368095952,1359.7173825243663
2023-07-02 16:00:00+00:00,train,1385.3304457147713,974.3869368095952,1359.7173825243663
2023-07-02 20:00:00+00:00,train,1385.3304457147713,974.3869368095952,1359.7173825243663
2023-07-03 00:00:00+00:00,train,1385.3304457147713,974.3869368095952,1359.7173825243663
2023-07-03 04:00:00+00:00,train,1385.3304457147713,974.3869368095952,1359.7173825243663
2023-07-03 08:00:00+00:00,train,1385.3304457147713,974.3869368095952,1359.7173825243663
2023-07-03 12:00:00+00:00,train,1385.3304457147713,974.3869368095952,1359.7173825243663
2023-07-03 16:00:00+00:00,train,1383.8348034943722,974.3869368095952,1358.2217403039676
2023-07-03 20:00:00+00:00,train,1382.3391612739729,974.3869368095952,1356.726098083568
2023-07-04 00:00:00+00:00,train,1382.3391612739729,974.3869368095952,1356.726098083568
2023-07-04 04:00:00+00:00,train,1382.3391612739729,974.3869368095952,1356.726098083568
2023-07-04 08:00:00+00:00,train,1382.1366968715226,974.3869368095952,1356.5236336811176
2023-07-04 12:00:00+00:00,train,1381.9342324690724,974.3869368095952,1356.3211692786676
2023-07-04 16:00:00+00:00,train,1381.7317680666224,974.3869368095952,1356.1187048762176
2023-07-04 20:00:00+00:00,train,1381.5293036641722,974.3869368095952,1355.9162404737672
2023-07-05 00:00:00+00:00,train,1381.5293036641722,974.3869368095952,1355.9162404737672
2023-07-05 04:00:00+00:00,train,1381.5293036641722,974.3869368095952,1355.9162404737672
2023-07-05 08:00:00+00:00,train,1378.948695763571,974.3869368095952,1353.3356325731665
2023-07-05 12:00:00+00:00,train,1378.948695763571,974.3869368095952,1353.3356325731665
2023-07-05 16:00:00+00:00,train,1378.948695763571,974.3869368095952,1353.3356325731665
2023-07-05 20:00:00+00:00,train,1380.9033832661673,974.3869368095952,1355.2903200757628
2023-07-06 00:00:00+00:00,train,1382.8580707687638,974.3869368095952,1357.245007578359
2023-07-06 04:00:00+00:00,train,1382.8580707687638,974.3869368095952,1357.245007578359
2023-07-06 08:00:00+00:00,train,1386.6050721273173,974.3869368095952,1360.9920089369125
2023-07-06 12:00:00+00:00,train,1386.6050721273173,974.3869368095952,1360.9920089369125
2023-07-06 16:00:00+00:00,train,1390.8040741061566,974.3869368095952,1365.1910109157516
2023-07-06 20:00:00+00:00,train,1390.8040741061566,974.3869368095952,1365.1910109157516
2023-07-07 00:00:00+00:00,train,1390.8040741061566,974.3869368095952,1365.1910109157516
2023-07-07 04:00:00+00:00,train,1390.8040741061566,974.3869368095952,1365.1910109157516
2023-07-07 08:00:00+00:00,train,1390.8040741061566,974.3869368095952,1365.1910109157516
2023-07-07 12:00:00+00:00,train,1390.8040741061566,974.3869368095952,1365.1910109157516
2023-07-07 16:00:00+00:00,train,1390.8040741061566,974.3869368095952,1365.1910109157516
2023-07-07 20:00:00+00:00,train,1390.8040741061566,974.3869368095952,1365.1910109157516
2023-07-08 00:00:00+00:00,train,1390.8040741061566,974.3869368095952,1365.1910109157516
2023-07-08 04:00:00+00:00,train,1390.8040741061566,974.3869368095952,1365.1910109157516
2023-07-08 08:00:00+00:00,train,1390.8040741061566,974.3869368095952,1365.1910109157516
2023-07-08 12:00:00+00:00,train,1390.8040741061566,974.3869368095952,1365.1910109157516
2023-07-08 16:00:00+00:00,train,1390.8040741061566,974.3869368095952,1365.1910109157516
2023-07-08 20:00:00+00:00,train,1390.8040741061566,974.3869368095952,1365.1910109157516
2023-07-09 00:00:00+00:00,train,1390.8040741061566,974.3869368095952,1365.1910109157516
2023-07-09 04:00:00+00:00,train,1390.8040741061566,974.3869368095952,1365.1910109157516
2023-07-09 08:00:00+00:00,train,1390.8040741061566,974.3869368095952,1365.1910109157516
2023-07-09 12:00:00+00:00,train,1390.8040741061566,974.3869368095952,1365.1910109157516
2023-07-09 16:00:00+00:00,train,1389.679790810808,974.3869368095952,1364.066727620403
2023-07-09 20:00:00+00:00,train,1388.5555075154596,974.3869368095952,1362.9424443250546
2023-07-10 00:00:00+00:00,train,1387.4312242201113,974.3869368095952,1361.8181610297065
2023-07-10 04:00:00+00:00,train,1387.4312242201113,974.3869368095952,1361.8181610297065
2023-07-10 08:00:00+00:00,train,1387.4312242201113,974.3869368095952,1361.8181610297065
2023-07-10 12:00:00+00:00,train,1388.98313341778,974.3869368095952,1363.3700702273754
2023-07-10 16:00:00+00:00,train,1390.535042615449,974.3869368095952,1364.921979425044
2023-07-10 20:00:00+00:00,train,1392.0869518131176,974.3869368095952,1366.4738886227128
2023-07-11 00:00:00+00:00,train,1392.0869518131176,974.3869368095952,1366.4738886227128
2023-07-11 04:00:00+00:00,train,1392.0869518131176,974.3869368095952,1366.4738886227128
2023-07-11 08:00:00+00:00,train,1392.630769610256,974.3869368095952,1367.0177064198515
2023-07-11 12:00:00+00:00,train,1393.1745874073945,974.3869368095952,1367.5615242169897
2023-07-11 16:00:00+00:00,train,1393.7184052045327,974.3869368095952,1368.105342014128
2023-07-11 20:00:00+00:00,train,1394.2622230016711,974.3869368095952,1368.6491598112661
2023-07-12 00:00:00+00:00,train,1394.8060407988096,974.3869368095952,1369.1929776084048
2023-07-12 04:00:00+00:00,train,1395.349858595948,974.3869368095952,1369.7367954055435
2023-07-12 08:00:00+00:00,train,1395.8936763930865,974.3869368095952,1370.2806132026817
2023-07-12 12:00:00+00:00,train,1396.4374941902247,974.3869368095952,1370.82443099982
2023-07-12 16:00:00+00:00,train,1396.4374941902247,974.3869368095952,1370.82443099982
2023-07-12 20:00:00+00:00,train,1396.4374941902247,974.3869368095952,1370.82443099982
2023-07-13 00:00:00+00:00,train,1397.3656599959934,974.3869368095952,1371.7525968055888
2023-07-13 04:00:00+00:00,train,1398.2938258017623,974.3869368095952,1372.6807626113577
2023-07-13 08:00:00+00:00,train,1399.221991607531,974.3869368095952,1373.6089284171262
2023-07-13 12:00:00+00:00,train,1400.1501574133,974.3869368095952,1374.5370942228951
2023-07-13 16:00:00+00:00,train,1400.1501574133,974.3869368095952,1374.5370942228951
2023-07-13 20:00:00+00:00,train,1400.1501574133,974.3869368095952,1374.5370942228951
2023-07-14 00:00:00+00:00,train,1400.1501574133,974.3869368095952,1374.5370942228951
2023-07-14 04:00:00+00:00,train,1400.1501574133,974.3869368095952,1374.5370942228951
2023-07-14 08:00:00+00:00,train,1400.1501574133,974.3869368095952,1374.5370942228951
2023-07-14 12:00:00+00:00,train,1400.1501574133,974.3869368095952,1374.5370942228951
2023-07-14 16:00:00+00:00,train,1400.1501574133,974.3869368095952,1374.5370942228951
2023-07-14 20:00:00+00:00,train,1400.1501574133,974.3869368095952,1374.5370942228951
2023-07-15 00:00:00+00:00,train,1400.1501574133,974.3869368095952,1374.5370942228951
2023-07-15 04:00:00+00:00,train,1400.1501574133,974.3869368095952,1374.5370942228951
2023-07-15 08:00:00+00:00,train,1400.1501574133,974.3869368095952,1374.5370942228951
2023-07-15 12:00:00+00:00,train,1400.1501574133,974.3869368095952,1374.5370942228951
2023-07-15 16:00:00+00:00,train,1400.1501574133,974.3869368095952,1374.5370942228951
2023-07-15 20:00:00+00:00,train,1400.1501574133,974.3869368095952,1374.5370942228951
2023-07-16 00:00:00+00:00,train,1400.1501574133,974.3869368095952,1374.5370942228951
2023-07-16 04:00:00+00:00,train,1400.1501574133,974.3869368095952,1374.5370942228951
2023-07-16 08:00:00+00:00,train,1400.1501574133,974.3869368095952,1374.5370942228951
2023-07-16 12:00:00+00:00,train,1400.1501574133,974.3869368095952,1374.5370942228951
2023-07-16 16:00:00+00:00,train,1400.1501574133,974.3869368095952,1374.5370942228951
2023-07-16 20:00:00+00:00,train,1400.1501574133,974.3869368095952,1374.5370942228951
2023-07-17 00:00:00+00:00,train,1400.1501574133,974.3869368095952,1374.5370942228951
2023-07-17 04:00:00+00:00,train,1400.1501574133,974.3869368095952,1374.5370942228951
2023-07-17 08:00:00+00:00,train,1400.1501574133,974.3869368095952,1374.5370942228951
2023-07-17 12:00:00+00:00,train,1400.1501574133,974.3869368095952,1374.5370942228951
2023-07-17 16:00:00+00:00,train,1400.1501574133,974.3869368095952,1374.5370942228951
2023-07-17 20:00:00+00:00,train,1400.1501574133,974.3869368095952,1374.5370942228951
2023-07-18 00:00:00+00:00,train,1400.1501574133,974.3869368095952,1374.5370942228951
2023-07-18 04:00:00+00:00,train,1400.1501574133,974.3869368095952,1374.5370942228951
2023-07-18 08:00:00+00:00,train,1400.1501574133,974.3869368095952,1374.5370942228951
2023-07-18 12:00:00+00:00,train,1400.1501574133,974.3869368095952,1374.5370942228951
2023-07-18 16:00:00+00:00,train,1400.1501574133,974.3869368095952,1374.5370942228951
2023-07-18 20:00:00+00:00,train,1400.1501574133,974.3869368095952,1374.5370942228951
2023-07-19 00:00:00+00:00,train,1400.1501574133,974.3869368095952,1374.5370942228951
2023-07-19 04:00:00+00:00,train,1400.1501574133,974.3869368095952,1374.5370942228951
2023-07-19 08:00:00+00:00,train,1400.1501574133,974.3869368095952,1374.5370942228951
2023-07-19 12:00:00+00:00,train,1400.1501574133,974.3869368095952,1374.5370942228951
2023-07-19 16:00:00+00:00,train,1400.1501574133,974.3869368095952,1374.5370942228951
2023-07-19 20:00:00+00:00,train,1400.1501574133,974.3869368095952,1374.5370942228951
2023-07-20 00:00:00+00:00,train,1399.3164852528416,974.3869368095952,1373.7034220624369
2023-07-20 04:00:00+00:00,train,1398.4828130923834,974.3869368095952,1372.8697499019786
2023-07-20 08:00:00+00:00,train,1397.649140931925,974.3869368095952,1372.0360777415203
2023-07-20 12:00:00+00:00,train,1396.8154687714668,974.3869368095952,1371.202405581062
2023-07-20 16:00:00+00:00,train,1396.8154687714668,974.3869368095952,1371.202405581062
2023-07-20 20:00:00+00:00,train,1396.8154687714668,974.3869368095952,1371.202405581062
2023-07-21 00:00:00+00:00,train,1396.8154687714668,974.3869368095952,1371.202405581062
2023-07-21 04:00:00+00:00,train,1396.8154687714668,974.3869368095952,1371.202405581062
2023-07-21 08:00:00+00:00,train,1396.8154687714668,974.3869368095952,1371.202405581062
2023-07-21 12:00:00+00:00,train,1396.8154687714668,974.3869368095952,1371.202405581062
2023-07-21 16:00:00+00:00,train,1396.8154687714668,974.3869368095952,1371.202405581062
2023-07-21 20:00:00+00:00,train,1396.8154687714668,974.3869368095952,1371.202405581062
2023-07-22 00:00:00+00:00,train,1396.8154687714668,974.3869368095952,1371.202405581062
2023-07-22 04:00:00+00:00,train,1396.8154687714668,974.3869368095952,1371.202405581062
2023-07-22 08:00:00+00:00,train,1396.8154687714668,974.3869368095952,1371.202405581062
2023-07-22 12:00:00+00:00,train,1396.8154687714668,974.3869368095952,1371.202405581062
2023-07-22 16:00:00+00:00,train,1396.8154687714668,974.3869368095952,1371.202405581062
2023-07-22 20:00:00+00:00,train,1396.8154687714668,974.3869368095952,1371.202405581062
2023-07-23 00:00:00+00:00,train,1396.8154687714668,974.3869368095952,1371.202405581062
2023-07-23 04:00:00+00:00,train,1396.8154687714668,974.3869368095952,1371.202405581062
2023-07-23 08:00:00+00:00,train,1396.8154687714668,974.3869368095952,1371.202405581062
2023-07-23 12:00:00+00:00,train,1396.8154687714668,974.3869368095952,1371.202405581062
2023-07-23 16:00:00+00:00,train,1396.8154687714668,973.4329833680688,1370.2484521395354
2023-07-23 20:00:00+00:00,train,1396.8154687714668,973.4329833680688,1370.2484521395354
2023-07-24 00:00:00+00:00,train,1396.8154687714668,973.4329833680688,1370.2484521395354
2023-07-24 04:00:00+00:00,train,1396.8154687714668,975.7734819821512,1372.588950753618
2023-07-24 08:00:00+00:00,train,1396.8154687714668,978.1139805962337,1374.9294493677007
2023-07-24 12:00:00+00:00,train,1393.8499531978073,978.1139805962337,1371.9639337940407
2023-07-24 16:00:00+00:00,train,1393.8499531978073,976.9788422251108,1370.8287954229181
2023-07-24 20:00:00+00:00,train,1393.8499531978073,976.9788422251108,1370.8287954229181
2023-07-25 00:00:00+00:00,train,1393.8499531978073,976.9788422251108,1370.8287954229181
2023-07-25 04:00:00+00:00,train,1393.8499531978073,976.8007348089201,1370.6506880067273
2023-07-25 08:00:00+00:00,train,1393.8499531978073,976.6226273927294,1370.4725805905368
2023-07-25 12:00:00+00:00,train,1393.8499531978073,976.4445199765387,1370.294473174346
2023-07-25 16:00:00+00:00,train,1393.8499531978073,976.2664125603479,1370.116365758155
2023-07-25 20:00:00+00:00,train,1394.623652754448,976.0883051441572,1370.7119578986049
2023-07-26 00:00:00+00:00,train,1395.3973523110885,975.9101977279665,1371.307550039055
2023-07-26 04:00:00+00:00,train,1396.1710518677291,975.9101977279665,1372.0812495956957
2023-07-26 08:00:00+00:00,train,1396.9447514243698,974.9963854100896,1371.9411368344595
2023-07-26 12:00:00+00:00,train,1397.7184509810104,974.9963854100896,1372.7148363911
2023-07-26 16:00:00+00:00,train,1397.7184509810104,974.9963854100896,1372.7148363911
2023-07-26 20:00:00+00:00,train,1397.7184509810104,974.9963854100896,1372.7148363911
2023-07-27 00:00:00+00:00,train,1397.7184509810104,974.9963854100896,1372.7148363911
2023-07-27 04:00:00+00:00,train,1397.7184509810104,974.9963854100896,1372.7148363911
2023-07-27 08:00:00+00:00,train,1397.7184509810104,974.9963854100896,1372.7148363911
2023-07-27 12:00:00+00:00,train,1397.7184509810104,974.9963854100896,1372.7148363911
2023-07-27 16:00:00+00:00,train,1395.1697266289311,974.9963854100896,1370.1661120390208
2023-07-27 20:00:00+00:00,train,1395.1697266289311,974.9963854100896,1370.1661120390208
2023-07-28 00:00:00+00:00,train,1395.1697266289311,974.9963854100896,1370.1661120390208
2023-07-28 04:00:00+00:00,train,1395.1437892991585,974.9963854100896,1370.1401747092482
2023-07-28 08:00:00+00:00,train,1395.1178519693858,974.9963854100896,1370.1142373794755
2023-07-28 12:00:00+00:00,train,1395.0919146396132,974.9963854100896,1370.0883000497029
2023-07-28 16:00:00+00:00,train,1395.0659773098405,974.9963854100896,1370.0623627199302
2023-07-28 20:00:00+00:00,train,1395.0400399800678,974.9963854100896,1370.0364253901575
2023-07-29 00:00:00+00:00,train,1395.0141026502952,974.9963854100896,1370.010488060385
2023-07-29 04:00:00+00:00,train,1394.9881653205225,974.9963854100896,1369.9845507306122
2023-07-29 08:00:00+00:00,train,1394.9622279907496,974.9963854100896,1369.958613400839
2023-07-29 12:00:00+00:00,train,1394.936290660977,974.9963854100896,1369.9326760710665
2023-07-29 16:00:00+00:00,train,1394.9103533312043,974.9963854100896,1369.9067387412938
2023-07-29 20:00:00+00:00,train,1394.8844160014316,974.9963854100896,1369.8808014115211
2023-07-30 00:00:00+00:00,train,1394.858478671659,974.9963854100896,1369.8548640817485
2023-07-30 04:00:00+00:00,train,1394.858478671659,974.9963854100896,1369.8548640817485
2023-07-30 08:00:00+00:00,train,1394.858478671659,974.9963854100896,1369.8548640817485
2023-07-30 12:00:00+00:00,train,1394.858478671659,974.9963854100896,1369.8548640817485
2023-07-30 16:00:00+00:00,train,1394.858478671659,974.9963854100896,1369.8548640817485
2023-07-30 20:00:00+00:00,train,1392.7793662127356,974.9963854100896,1367.7757516228253
2023-07-31 00:00:00+00:00,train,1392.7793662127356,974.9963854100896,1367.7757516228253
2023-07-31 04:00:00+00:00,train,1392.7793662127356,974.9963854100896,1367.7757516228253
2023-07-31 08:00:00+00:00,train,1391.68540546152,976.3549997450435,1368.0404052065637
2023-07-31 12:00:00+00:00,train,1390.5914447103048,977.7136140799975,1368.3050587903022
2023-07-31 16:00:00+00:00,train,1390.5914447103048,979.0722284149514,1369.663673125256
2023-07-31 20:00:00+00:00,train,1390.5914447103048,979.0722284149514,1369.663673125256
2023-08-01 00:00:00+00:00,train,1390.5914447103048,979.0722284149514,1369.663673125256
2023-08-01 04:00:00+00:00,train,1390.5914447103048,978.1440359504379,1368.7354806607427
2023-08-01 08:00:00+00:00,train,1390.5914447103048,978.1440359504379,1368.7354806607427
2023-08-01 12:00:00+00:00,train,1390.5914447103048,978.1440359504379,1368.7354806607427
2023-08-01 16:00:00+00:00,train,1390.5914447103048,977.255283988337,1367.846728698642
2023-08-01 20:00:00+00:00,train,1390.5914447103048,977.255283988337,1367.846728698642
2023-08-02 00:00:00+00:00,train,1390.5914447103048,976.3628241380246,1366.9542688483293
2023-08-02 04:00:00+00:00,train,1390.5914447103048,976.3628241380246,1366.9542688483293
2023-08-02 08:00:00+00:00,train,1390.5914447103048,976.3628241380246,1366.9542688483293
2023-08-02 12:00:00+00:00,train,1390.5914447103048,977.2357357974921,1367.827180507797
2023-08-02 16:00:00+00:00,train,1390.5914447103048,978.1086474569595,1368.7000921672643
2023-08-02 20:00:00+00:00,train,1390.5914447103048,978.981559116427,1369.573003826732
2023-08-03 00:00:00+00:00,train,1390.5914447103048,979.8544707758944,1370.4459154861993
2023-08-03 04:00:00+00:00,train,1390.5914447103048,980.7273824353618,1371.3188271456665
2023-08-03 08:00:00+00:00,train,1390.5914447103048,980.7273824353618,1371.3188271456665
2023-08-03 12:00:00+00:00,train,1391.0595228661473,979.8493083630101,1370.9088312291574
2023-08-03 16:00:00+00:00,train,1391.5276010219898,979.8493083630101,1371.3769093849996
2023-08-03 20:00:00+00:00,train,1391.995679177832,978.9925539638144,1370.9882331416466
2023-08-04 00:00:00+00:00,train,1392.4637573336745,978.9925539638144,1371.4563112974888
2023-08-04 04:00:00+00:00,train,1392.931835489517,978.1380986448772,1371.0699341343943
2023-08-04 08:00:00+00:00,train,1393.3999136453594,978.1380986448772,1371.5380122902366
2023-08-04 12:00:00+00:00,train,1393.8679918012017,977.3287592084206,1371.1967510096224
2023-08-04 16:00:00+00:00,train,1393.8679918012017,977.3287592084206,1371.1967510096224
2023-08-04 20:00:00+00:00,train,1393.8679918012017,977.3287592084206,1371.1967510096224
2023-08-05 00:00:00+00:00,train,1393.8679918012017,977.2215029949641,1371.089494796166
2023-08-05 04:00:00+00:00,train,1393.8679918012017,977.1142467815077,1370.9822385827092
2023-08-05 08:00:00+00:00,train,1393.8679918012017,977.0069905680513,1370.8749823692528
2023-08-05 12:00:00+00:00,train,1393.8679918012017,976.8997343545948,1370.7677261557965
2023-08-05 16:00:00+00:00,train,1391.7560518661453,976.7924781411383,1368.5485300072837
2023-08-05 20:00:00+00:00,train,1391.7560518661453,976.6852219276819,1368.4412737938273
2023-08-06 00:00:00+00:00,train,1391.7560518661453,976.5779657142255,1368.3340175803705
2023-08-06 04:00:00+00:00,train,1393.1328217415635,976.470709500769,1369.6035312423323
2023-08-06 08:00:00+00:00,train,1394.5095916169814,976.470709500769,1370.9803011177505
2023-08-06 12:00:00+00:00,train,1394.5095916169814,976.470709500769,1370.9803011177505
2023-08-06 16:00:00+00:00,train,1394.5095916169814,976.470709500769,1370.9803011177505
2023-08-06 20:00:00+00:00,train,1395.825515501991,976.470709500769,1372.29622500276
2023-08-07 00:00:00+00:00,train,1397.1414393870007,976.470709500769,1373.6121488877698
2023-08-07 04:00:00+00:00,train,1397.1414393870007,976.470709500769,1373.6121488877698
2023-08-07 08:00:00+00:00,train,1397.1414393870007,976.470709500769,1373.6121488877698
2023-08-07 12:00:00+00:00,train,1395.2002515127394,976.470709500769,1371.6709610135085
2023-08-07 16:00:00+00:00,train,1395.2002515127394,975.7339571984476,1370.9342087111872
2023-08-07 20:00:00+00:00,train,1395.2002515127394,975.7339571984476,1370.9342087111872
2023-08-08 00:00:00+00:00,train,1395.8909134685964,975.7339571984476,1371.624870667044
2023-08-08 04:00:00+00:00,train,1396.5815754244531,975.7339571984476,1372.3155326229007
2023-08-08 08:00:00+00:00,train,1397.2722373803101,975.7339571984476,1373.0061945787575
2023-08-08 12:00:00+00:00,train,1397.9628993361669,975.7339571984476,1373.6968565346142
2023-08-08 16:00:00+00:00,train,1397.9628993361669,975.7339571984476,1373.6968565346142
2023-08-08 20:00:00+00:00,train,1396.0130407218498,975.7339571984476,1371.7469979202974
2023-08-09 00:00:00+00:00,train,1396.0130407218498,975.7339571984476,1371.7469979202974
2023-08-09 04:00:00+00:00,train,1396.0130407218498,975.7339571984476,1371.7469979202974
2023-08-09 08:00:00+00:00,train,1398.7199190871397,975.7339571984476,1374.4538762855873
2023-08-09 12:00:00+00:00,train,1398.7199190871397,975.7339571984476,1374.4538762855873
2023-08-09 16:00:00+00:00,train,1398.7199190871397,975.7339571984476,1374.4538762855873
2023-08-09 20:00:00+00:00,train,1398.676298023079,975.7339571984476,1374.4102552215263
2023-08-10 00:00:00+00:00,train,1398.632676959018,975.7339571984476,1374.3666341574653
2023-08-10 04:00:00+00:00,train,1398.5890558949573,975.7339571984476,1374.3230130934048
2023-08-10 08:00:00+00:00,train,1398.5454348308965,975.7339571984476,1374.2793920293443
2023-08-10 12:00:00+00:00,train,1398.5018137668358,975.7339571984476,1374.2357709652833
2023-08-10 16:00:00+00:00,train,1398.4581927027748,975.7339571984476,1374.1921499012224
2023-08-10 20:00:00+00:00,train,1398.414571638714,975.7339571984476,1374.1485288371614
2023-08-11 00:00:00+00:00,train,1398.3709505746533,975.7339571984476,1374.1049077731009
2023-08-11 04:00:00+00:00,train,1398.3273295105926,975.7339571984476,1374.0612867090404
2023-08-11 08:00:00+00:00,train,1398.2837084465316,975.7339571984476,1374.0176656449794
2023-08-11 12:00:00+00:00,train,1398.2400873824708,975.7339571984476,1373.9740445809184
2023-08-11 16:00:00+00:00,train,1398.19646631841,975.7339571984476,1373.9304235168574
2023-08-11 20:00:00+00:00,train,1398.19646631841,975.7339571984476,1373.9304235168574
2023-08-12 00:00:00+00:00,train,1398.19646631841,975.7339571984476,1373.9304235168574
2023-08-12 04:00:00+00:00,train,1398.6208455221324,975.7339571984476,1374.3548027205798
2023-08-12 08:00:00+00:00,train,1399.045224725855,975.7339571984476,1374.7791819243025
2023-08-12 12:00:00+00:00,train,1399.4696039295773,975.7339571984476,1375.2035611280248
2023-08-12 16:00:00+00:00,train,1399.8939831332998,975.7339571984476,1375.6279403317476
2023-08-12 20:00:00+00:00,train,1400.318362337022,975.7339571984476,1376.05231953547
2023-08-13 00:00:00+00:00,train,1400.318362337022,975.7339571984476,1376.05231953547
2023-08-13 04:00:00+00:00,train,1400.318362337022,975.7339571984476,1376.05231953547
2023-08-13 08:00:00+00:00,train,1400.318362337022,975.7339571984476,1376.05231953547
2023-08-13 12:00:00+00:00,train,1400.318362337022,975.7339571984476,1376.05231953547
2023-08-13 16:00:00+00:00,train,1400.318362337022,975.7339571984476,1376.05231953547
2023-08-13 20:00:00+00:00,train,1400.318362337022,975.7339571984476,1376.05231953547
2023-08-14 00:00:00+00:00,train,1400.318362337022,975.7339571984476,1376.05231953547
2023-08-14 04:00:00+00:00,train,1400.9432952450939,975.7339571984476,1376.6772524435414
2023-08-14 08:00:00+00:00,train,1401.5682281531654,975.7339571984476,1377.302185351613
2023-08-14 12:00:00+00:00,train,1402.193161061237,975.7339571984476,1377.927118259685
2023-08-14 16:00:00+00:00,train,1402.193161061237,975.7339571984476,1377.927118259685
2023-08-14 20:00:00+00:00,train,1402.193161061237,975.7339571984476,1377.927118259685
2023-08-15 00:00:00+00:00,train,1404.214970116358,975.7339571984476,1379.9489273148056
2023-08-15 04:00:00+00:00,train,1404.214970116358,975.7339571984476,1379.9489273148056
2023-08-15 08:00:00+00:00,train,1404.214970116358,975.7339571984476,1379.9489273148056
2023-08-15 12:00:00+00:00,train,1403.4218819878872,975.7339571984476,1379.1558391863346
2023-08-15 16:00:00+00:00,train,1402.628793859416,975.7339571984476,1378.3627510578635
2023-08-15 20:00:00+00:00,train,1402.628793859416,975.7339571984476,1378.3627510578635
2023-08-16 00:00:00+00:00,train,1402.628793859416,975.7339571984476,1378.3627510578635
2023-08-16 04:00:00+00:00,train,1402.628793859416,975.7339571984476,1378.3627510578635
2023-08-16 08:00:00+00:00,train,1402.628793859416,975.7339571984476,1378.3627510578635
2023-08-16 12:00:00+00:00,train,1402.628793859416,975.7339571984476,1378.3627510578635
2023-08-16 16:00:00+00:00,train,1402.628793859416,974.9870457424848,1377.615839601901
2023-08-16 20:00:00+00:00,train,1402.628793859416,974.9870457424848,1377.615839601901
2023-08-17 00:00:00+00:00,train,1402.628793859416,974.126702503554,1376.75549636297
2023-08-17 04:00:00+00:00,train,1402.628793859416,974.126702503554,1376.75549636297
2023-08-17 08:00:00+00:00,train,1402.628793859416,974.126702503554,1376.75549636297
2023-08-17 12:00:00+00:00,train,1402.628793859416,973.2669460974439,1375.8957399568599
2023-08-17 16:00:00+00:00,train,1402.628793859416,973.2669460974439,1375.8957399568599
2023-08-17 20:00:00+00:00,train,1402.628793859416,977.8119710568568,1380.4407649162727
2023-08-18 00:00:00+00:00,train,1402.628793859416,977.8119710568568,1380.4407649162727
2023-08-18 04:00:00+00:00,train,1402.628793859416,976.5000047876106,1379.1287986470265
2023-08-18 08:00:00+00:00,train,1402.628793859416,976.5000047876106,1379.1287986470265
2023-08-18 12:00:00+00:00,train,1402.628793859416,976.5000047876106,1379.1287986470265
2023-08-18 16:00:00+00:00,train,1402.628793859416,976.5000047876106,1379.1287986470265
2023-08-18 20:00:00+00:00,train,1402.628793859416,976.1891440395711,1378.817937898987
2023-08-19 00:00:00+00:00,train,1402.628793859416,975.8782832915318,1378.5070771509477
2023-08-19 04:00:00+00:00,train,1402.628793859416,975.5674225434924,1378.1962164029082
2023-08-19 08:00:00+00:00,train,1402.628793859416,975.2565617954531,1377.8853556548693
2023-08-19 12:00:00+00:00,train,1402.628793859416,975.2565617954531,1377.8853556548693
2023-08-19 16:00:00+00:00,train,1402.628793859416,975.2565617954531,1377.8853556548693
2023-08-19 20:00:00+00:00,train,1402.628793859416,975.7469021313331,1378.3756959907491
2023-08-20 00:00:00+00:00,train,1402.628793859416,976.2372424672132,1378.866036326629
2023-08-20 04:00:00+00:00,train,1402.628793859416,976.7275828030931,1379.3563766625093
2023-08-20 08:00:00+00:00,train,1402.628793859416,977.2179231389731,1379.8467169983892
2023-08-20 12:00:00+00:00,train,1402.628793859416,977.7082634748531,1380.337057334269
2023-08-20 16:00:00+00:00,train,1402.628793859416,978.1986038107332,1380.8273976701494
2023-08-20 20:00:00+00:00,train,1402.628793859416,978.6889441466132,1381.3177380060292
2023-08-21 00:00:00+00:00,train,1402.628793859416,979.1792844824931,1381.808078341909
2023-08-21 04:00:00+00:00,train,1402.628793859416,979.6696248183732,1382.2984186777894
2023-08-21 08:00:00+00:00,train,1402.628793859416,980.1599651542532,1382.7887590136693
2023-08-21 12:00:00+00:00,train,1402.628793859416,980.6503054901332,1383.2790993495491
2023-08-21 16:00:00+00:00,train,1402.628793859416,980.6503054901332,1383.2790993495491
2023-08-21 20:00:00+00:00,train,1402.5470551267392,980.6503054901332,1383.1973606168722
2023-08-22 00:00:00+00:00,train,1402.4653163940625,980.6503054901332,1383.1156218841957
2023-08-22 04:00:00+00:00,train,1402.383577661386,980.6503054901332,1383.0338831515191
2023-08-22 08:00:00+00:00,train,1402.3018389287092,980.6503054901332,1382.9521444188422
2023-08-22 12:00:00+00:00,train,1402.2201001960325,982.7639475247555,1384.984047720788
2023-08-22 16:00:00+00:00,train,1402.2201001960325,984.8775895593777,1387.09768975541
2023-08-22 20:00:00+00:00,train,1399.7831539137665,984.8775895593777,1384.660743473144
2023-08-23 00:00:00+00:00,train,1399.7831539137665,984.8775895593777,1384.660743473144
2023-08-23 04:00:00+00:00,train,1399.7831539137665,983.8856974554271,1383.6688513691934
2023-08-23 08:00:00+00:00,train,1401.0239521575054,983.8856974554271,1384.9096496129323
2023-08-23 12:00:00+00:00,train,1402.2647504012446,982.9321686105906,1385.1969190118352
2023-08-23 16:00:00+00:00,train,1403.5055486449835,982.9321686105906,1386.4377172555742
2023-08-23 20:00:00+00:00,train,1403.5055486449835,982.9321686105906,1386.4377172555742
2023-08-24 00:00:00+00:00,train,1403.5055486449835,982.9321686105906,1386.4377172555742
2023-08-24 04:00:00+00:00,train,1403.5055486449835,982.9321686105906,1386.4377172555742
2023-08-24 08:00:00+00:00,train,1403.5055486449835,982.9321686105906,1386.4377172555742
2023-08-24 12:00:00+00:00,train,1403.5055486449835,982.9321686105906,1386.4377172555742
2023-08-24 16:00:00+00:00,train,1403.5055486449835,981.9935080848194,1385.4990567298028
2023-08-24 20:00:00+00:00,train,1403.5055486449835,981.9935080848194,1385.4990567298028
2023-08-25 00:00:00+00:00,train,1403.5055486449835,981.9935080848194,1385.4990567298028
2023-08-25 04:00:00+00:00,train,1403.5055486449835,982.2855499236379,1385.7910985686212
2023-08-25 08:00:00+00:00,train,1403.5055486449835,982.5775917624562,1386.0831404074397
2023-08-25 12:00:00+00:00,train,1403.5055486449835,982.8696336012747,1386.3751822462582
2023-08-25 16:00:00+00:00,train,1403.5055486449835,983.1616754400932,1386.6672240850767
2023-08-25 20:00:00+00:00,train,1403.5055486449835,983.4537172789117,1386.9592659238951
2023-08-26 00:00:00+00:00,train,1403.724476810588,983.74575911773,1387.4702359283178
2023-08-26 04:00:00+00:00,train,1403.9434049761924,984.0378009565485,1387.981205932741
2023-08-26 08:00:00+00:00,train,1404.1623331417968,984.329842795367,1388.4921759371637
2023-08-26 12:00:00+00:00,train,1404.3812613074012,984.6218846341853,1389.0031459415868
2023-08-26 16:00:00+00:00,train,1404.600189473006,984.9139264730038,1389.51411594601
2023-08-26 20:00:00+00:00,train,1404.8191176386104,985.2059683118223,1390.0250859504326
2023-08-27 00:00:00+00:00,train,1405.0380458042148,985.4980101506408,1390.5360559548553
2023-08-27 04:00:00+00:00,train,1405.2569739698192,985.4980101506408,1390.75498412046
2023-08-27 08:00:00+00:00,train,1405.4759021354237,984.8367942355266,1390.31269637095
2023-08-27 12:00:00+00:00,train,1405.694830301028,984.8367942355266,1390.5316245365548
2023-08-27 16:00:00+00:00,train,1405.9137584666325,984.8367942355266,1390.750552702159
2023-08-27 20:00:00+00:00,train,1406.132686632237,984.8367942355266,1390.9694808677637
2023-08-28 00:00:00+00:00,train,1406.132686632237,984.8367942355266,1390.9694808677637
2023-08-28 04:00:00+00:00,train,1406.132686632237,984.8367942355266,1390.9694808677637
2023-08-28 08:00:00+00:00,train,1406.132686632237,984.5122623306777,1390.644948962915
2023-08-28 12:00:00+00:00,train,1406.132686632237,984.1877304258288,1390.3204170580657
2023-08-28 16:00:00+00:00,train,1406.132686632237,984.1877304258288,1390.3204170580657
2023-08-28 20:00:00+00:00,train,1406.132686632237,983.5214650709802,1389.6541517032174
2023-08-29 00:00:00+00:00,train,1406.132686632237,983.5214650709802,1389.6541517032174
2023-08-29 04:00:00+00:00,train,1406.132686632237,983.5214650709802,1389.6541517032174
2023-08-29 08:00:00+00:00,train,1404.4374291859124,983.1922950178733,1387.6297242037858
2023-08-29 12:00:00+00:00,train,1404.4374291859124,982.8631249647666,1387.300554150679
2023-08-29 16:00:00+00:00,train,1404.4374291859124,982.8631249647666,1387.300554150679
2023-08-29 20:00:00+00:00,train,1405.912285037071,982.8631249647666,1388.7754100018374
2023-08-30 00:00:00+00:00,train,1407.3871408882296,982.8631249647666,1390.250265852996
2023-08-30 04:00:00+00:00,train,1407.3871408882296,982.8631249647666,1390.250265852996
2023-08-30 08:00:00+00:00,train,1407.3871408882296,982.8631249647666,1390.250265852996
2023-08-30 12:00:00+00:00,train,1405.255083449328,982.8631249647666,1388.1182084140946
2023-08-30 16:00:00+00:00,train,1405.255083449328,982.8631249647666,1388.1182084140946
2023-08-30 20:00:00+00:00,train,1405.255083449328,982.6434089364324,1387.8984923857602
2023-08-31 00:00:00+00:00,train,1404.9023895228793,982.4236929080982,1387.3260824309773
2023-08-31 04:00:00+00:00,train,1404.5496955964304,982.203976879764,1386.7536724761944
2023-08-31 08:00:00+00:00,train,1404.1970016699818,981.9842608514298,1386.1812625214116
2023-08-31 12:00:00+00:00,train,1403.844307743533,981.9842608514298,1385.8285685949627
2023-08-31 16:00:00+00:00,train,1403.844307743533,986.0422477139722,1389.886555457505
2023-08-31 20:00:00+00:00,train,1403.844307743533,986.0422477139722,1389.886555457505
2023-09-01 00:00:00+00:00,train,1403.241123159732,985.1342749980979,1388.3753981578302
2023-09-01 04:00:00+00:00,train,1402.6379385759312,985.1342749980979,1387.7722135740291
2023-09-01 08:00:00+00:00,train,1402.0347539921304,985.1342749980979,1387.169028990228
2023-09-01 12:00:00+00:00,train,1401.4315694083296,985.2883667640712,1386.7199361724006
2023-09-01 16:00:00+00:00,train,1401.4315694083296,985.4424585300443,1386.8740279383737
2023-09-01 20:00:00+00:00,train,1401.4315694083296,985.5965502960175,1387.0281197043469
2023-09-02 00:00:00+00:00,train,1401.4315694083296,985.7506420619907,1387.18221147032
2023-09-02 04:00:00+00:00,train,1401.4315694083296,985.9047338279639,1387.3363032362936
2023-09-02 08:00:00+00:00,train,1401.4315694083296,986.0588255939372,1387.4903950022667
2023-09-02 12:00:00+00:00,train,1401.4315694083296,986.2129173599103,1387.6444867682399
2023-09-02 16:00:00+00:00,train,1401.4315694083296,986.3670091258836,1387.798578534213
2023-09-02 20:00:00+00:00,train,1401.4315694083296,986.5211008918567,1387.9526703001861
2023-09-03 00:00:00+00:00,train,1401.4315694083296,986.6751926578299,1388.1067620661597
2023-09-03 04:00:00+00:00,train,1401.4315694083296,986.8292844238032,1388.2608538321329
2023-09-03 08:00:00+00:00,train,1401.4315694083296,986.9833761897763,1388.414945598106
2023-09-03 12:00:00+00:00,train,1401.4315694083296,986.9833761897763,1388.414945598106
2023-09-03 16:00:00+00:00,train,1401.4315694083296,986.2859949353964,1387.7175643437258
2023-09-03 20:00:00+00:00,train,1401.4315694083296,986.2859949353964,1387.7175643437258
2023-09-04 00:00:00+00:00,train,1401.4315694083296,985.609601191719,1387.0411706000486
2023-09-04 04:00:00+00:00,train,1401.4315694083296,985.609601191719,1387.0411706000486
2023-09-04 08:00:00+00:00,train,1401.4315694083296,985.609601191719,1387.0411706000486
2023-09-04 12:00:00+00:00,train,1401.4315694083296,985.609601191719,1387.0411706000486
2023-09-04 16:00:00+00:00,train,1401.4315694083296,985.4960771753615,1386.927646583691
2023-09-04 20:00:00+00:00,train,1401.4315694083296,985.3825531590039,1386.8141225673335
2023-09-05 00:00:00+00:00,train,1399.656503783098,985.2690291426464,1384.9255329257444
2023-09-05 04:00:00+00:00,train,1399.656503783098,985.155505126289,1384.8120089093873
2023-09-05 08:00:00+00:00,train,1399.656503783098,985.0419811099315,1384.6984848930297
2023-09-05 12:00:00+00:00,train,1402.1430213189938,984.928457093574,1387.0714784125676
2023-09-05 16:00:00+00:00,train,1402.1430213189938,984.928457093574,1387.0714784125676
2023-09-05 20:00:00+00:00,train,1402.1430213189938,984.928457093574,1387.0714784125676
2023-09-06 00:00:00+00:00,train,1402.1430213189938,984.928457093574,1387.0714784125676
2023-09-06 04:00:00+00:00,train,1400.1616411330192,984.928457093574,1385.090098226593
2023-09-06 08:00:00+00:00,train,1400.1616411330192,984.1451357422453,1384.3067768752644
2023-09-06 12:00:00+00:00,train,1398.1927230822776,984.1451357422453,1382.3378588245228
2023-09-06 16:00:00+00:00,train,1398.1927230822776,983.3376531409393,1381.530376223217
2023-09-06 20:00:00+00:00,train,1398.1927230822776,983.3376531409393,1381.530376223217
2023-09-07 00:00:00+00:00,train,1398.6377441103632,982.5198178016461,1381.1575619120094
2023-09-07 04:00:00+00:00,train,1399.082765138449,982.5198178016461,1381.602582940095
2023-09-07 08:00:00+00:00,train,1399.5277861665347,982.5198178016461,1382.0476039681807
2023-09-07 12:00:00+00:00,train,1399.9728071946206,981.7477923528668,1381.7205995474874
2023-09-07 16:00:00+00:00,train,1400.4178282227062,981.7477923528668,1382.165620575573
2023-09-07 20:00:00+00:00,train,1400.8628492507921,981.7477923528668,1382.6106416036591
2023-09-08 00:00:00+00:00,train,1401.3078702788778,981.7477923528668,1383.0556626317448
2023-09-08 04:00:00+00:00,train,1401.3078702788778,981.7477923528668,1383.0556626317448
2023-09-08 08:00:00+00:00,train,1401.3078702788778,981.7477923528668,1383.0556626317448
2023-09-08 12:00:00+00:00,train,1401.3078702788778,980.9822007411962,1382.2900710200738
2023-09-08 16:00:00+00:00,train,1401.1077012469718,980.9822007411962,1382.089901988168
2023-09-08 20:00:00+00:00,train,1400.9075322150659,980.9822007411962,1381.889732956262
2023-09-09 00:00:00+00:00,train,1400.7073631831602,981.4123154616946,1382.1196786448545
2023-09-09 04:00:00+00:00,train,1400.5071941512542,981.842430182193,1382.349624333447
2023-09-09 08:00:00+00:00,train,1400.3070251193483,982.2725449026914,1382.5795700220397
2023-09-09 12:00:00+00:00,train,1400.1068560874423,982.7026596231897,1382.8095157106318
2023-09-09 16:00:00+00:00,train,1399.9066870555366,983.1327743436881,1383.0394613992248
2023-09-09 20:00:00+00:00,train,1399.7065180236307,983.5628890641865,1383.269407087817
2023-09-10 00:00:00+00:00,train,1399.5063489917247,983.9930037846849,1383.4993527764095
2023-09-10 04:00:00+00:00,train,1399.306179959819,984.4231185051833,1383.729298465002
2023-09-10 08:00:00+00:00,train,1399.306179959819,984.4231185051833,1383.729298465002
2023-09-10 12:00:00+00:00,train,1399.306179959819,983.6834026539674,1382.9895826137863
2023-09-10 16:00:00+00:00,train,1399.306179959819,983.6834026539674,1382.9895826137863
2023-09-10 20:00:00+00:00,train,1399.306179959819,982.8773921076242,1382.1835720674435
2023-09-11 00:00:00+00:00,train,1399.306179959819,982.8773921076242,1382.1835720674435
2023-09-11 04:00:00+00:00,train,1399.306179959819,982.8773921076242,1382.1835720674435
2023-09-11 08:00:00+00:00,train,1399.306179959819,986.9424139841371,1386.2485939439562
2023-09-11 12:00:00+00:00,train,1399.306179959819,986.9424139841371,1386.2485939439562
2023-09-11 16:00:00+00:00,train,1399.306179959819,986.0024415458994,1385.3086215057183
2023-09-11 20:00:00+00:00,train,1399.306179959819,986.0024415458994,1385.3086215057183
2023-09-12 00:00:00+00:00,train,1399.306179959819,985.0507768969154,1384.3569568567345
2023-09-12 04:00:00+00:00,train,1399.306179959819,985.0507768969154,1384.3569568567345
2023-09-12 08:00:00+00:00,train,1399.306179959819,985.0507768969154,1384.3569568567345
2023-09-12 12:00:00+00:00,train,1399.306179959819,985.0507768969154,1384.3569568567345
2023-09-12 16:00:00+00:00,train,1399.306179959819,984.7880839506842,1384.0942639105033
2023-09-12 20:00:00+00:00,train,1399.306179959819,984.525391004453,1383.831570964272
2023-09-13 00:00:00+00:00,train,1399.306179959819,984.2626980582218,1383.5688780180408
2023-09-13 04:00:00+00:00,train,1399.306179959819,984.0000051119906,1383.3061850718095
2023-09-13 08:00:00+00:00,train,1399.306179959819,984.0000051119906,1383.3061850718095
2023-09-13 12:00:00+00:00,train,1399.306179959819,982.9327514446583,1382.2389314044772
2023-09-13 16:00:00+00:00,train,1399.306179959819,982.9327514446583,1382.2389314044772
2023-09-13 20:00:00+00:00,train,1399.306179959819,982.9327514446583,1382.2389314044772
2023-09-14 00:00:00+00:00,train,1399.306179959819,982.9327514446583,1382.2389314044772
2023-09-14 04:00:00+00:00,train,1399.306179959819,982.9327514446583,1382.2389314044772
2023-09-14 08:00:00+00:00,train,1399.306179959819,982.9327514446583,1382.2389314044772
2023-09-14 12:00:00+00:00,train,1399.306179959819,982.9327514446583,1382.2389314044772
2023-09-14 16:00:00+00:00,train,1399.306179959819,982.9327514446583,1382.2389314044772
2023-09-14 20:00:00+00:00,train,1399.306179959819,982.9327514446583,1382.2389314044772
2023-09-15 00:00:00+00:00,train,1399.306179959819,982.9327514446583,1382.2389314044772
2023-09-15 04:00:00+00:00,train,1399.306179959819,982.9327514446583,1382.2389314044772
2023-09-15 08:00:00+00:00,train,1399.306179959819,982.9327514446583,1382.2389314044772
2023-09-15 12:00:00+00:00,train,1399.306179959819,982.9327514446583,1382.2389314044772
2023-09-15 16:00:00+00:00,train,1399.306179959819,982.9327514446583,1382.2389314044772
2023-09-15 20:00:00+00:00,train,1399.306179959819,982.9327514446583,1382.2389314044772
2023-09-16 00:00:00+00:00,train,1399.306179959819,982.9327514446583,1382.2389314044772
2023-09-16 04:00:00+00:00,train,1399.306179959819,982.9327514446583,1382.2389314044772
2023-09-16 08:00:00+00:00,train,1399.306179959819,982.9327514446583,1382.2389314044772
2023-09-16 12:00:00+00:00,train,1399.306179959819,982.9327514446583,1382.2389314044772
2023-09-16 16:00:00+00:00,train,1399.0142744321072,982.9327514446583,1381.9470258767656
2023-09-16 20:00:00+00:00,train,1398.7223689043951,982.9327514446583,1381.6551203490535
2023-09-17 00:00:00+00:00,train,1398.4304633766833,982.9327514446583,1381.3632148213414
2023-09-17 04:00:00+00:00,train,1398.1385578489712,982.9327514446583,1381.0713092936294
2023-09-17 08:00:00+00:00,train,1397.8466523212594,982.9327514446583,1380.7794037659178
2023-09-17 12:00:00+00:00,train,1397.5547467935473,982.9327514446583,1380.4874982382057
2023-09-17 16:00:00+00:00,train,1397.2628412658355,982.9327514446583,1380.1955927104937
2023-09-17 20:00:00+00:00,train,1396.9709357381234,982.9327514446583,1379.9036871827816
2023-09-18 00:00:00+00:00,train,1396.9709357381234,982.20524752408,1379.1761832622033
2023-09-18 04:00:00+00:00,train,1396.9709357381234,982.20524752408,1379.1761832622033
2023-09-18 08:00:00+00:00,train,1398.3231851736227,982.20524752408,1380.5284326977026
2023-09-18 12:00:00+00:00,train,1399.6754346091218,982.20524752408,1381.8806821332018
2023-09-18 16:00:00+00:00,train,1399.6754346091218,982.20524752408,1381.8806821332018
2023-09-18 20:00:00+00:00,train,1399.6754346091218,982.20524752408,1381.8806821332018
2023-09-19 00:00:00+00:00,train,1400.667641547035,982.20524752408,1382.872889071115
2023-09-19 04:00:00+00:00,train,1401.659848484948,982.20524752408,1383.865096009028
2023-09-19 08:00:00+00:00,train,1402.6520554228612,982.20524752408,1384.8573029469412
2023-09-19 12:00:00+00:00,train,1402.6520554228612,982.20524752408,1384.8573029469412
2023-09-19 16:00:00+00:00,train,1402.6520554228612,982.20524752408,1384.8573029469412
2023-09-19 20:00:00+00:00,train,1402.6520554228612,982.20524752408,1384.8573029469412
2023-09-20 00:00:00+00:00,train,1402.6520554228612,982.20524752408,1384.8573029469412
2023-09-20 04:00:00+00:00,train,1402.6520554228612,982.20524752408,1384.8573029469412
2023-09-20 08:00:00+00:00,train,1403.5941777923442,982.20524752408,1385.7994253164243
2023-09-20 12:00:00+00:00,train,1404.5363001618273,982.20524752408,1386.7415476859073
2023-09-20 16:00:00+00:00,train,1405.4784225313101,982.20524752408,1387.6836700553904
2023-09-20 20:00:00+00:00,train,1405.4784225313101,982.20524752408,1387.6836700553904
2023-09-21 00:00:00+00:00,train,1405.4784225313101,982.20524752408,1387.6836700553904
2023-09-21 04:00:00+00:00,train,1405.4784225313101,982.20524752408,1387.6836700553904
2023-09-21 08:00:00+00:00,train,1405.4784225313101,982.20524752408,1387.6836700553904
2023-09-21 12:00:00+00:00,train,1405.4784225313101,982.20524752408,1387.6836700553904
2023-09-21 16:00:00+00:00,train,1405.4784225313101,982.20524752408,1387.6836700553904
2023-09-21 20:00:00+00:00,train,1405.4784225313101,982.20524752408,1387.6836700553904
2023-09-22 00:00:00+00:00,train,1405.4784225313101,982.20524752408,1387.6836700553904
2023-09-22 04:00:00+00:00,train,1405.4784225313101,982.20524752408,1387.6836700553904
2023-09-22 08:00:00+00:00,train,1405.4784225313101,982.20524752408,1387.6836700553904
2023-09-22 12:00:00+00:00,train,1405.4784225313101,982.20524752408,1387.6836700553904
2023-09-22 16:00:00+00:00,train,1405.4784225313101,982.20524752408,1387.6836700553904
2023-09-22 20:00:00+00:00,train,1405.4784225313101,982.20524752408,1387.6836700553904
2023-09-23 00:00:00+00:00,train,1405.4784225313101,982.20524752408,1387.6836700553904
2023-09-23 04:00:00+00:00,train,1405.4784225313101,982.20524752408,1387.6836700553904
2023-09-23 08:00:00+00:00,train,1405.4784225313101,982.20524752408,1387.6836700553904
2023-09-23 12:00:00+00:00,train,1405.283425714451,982.20524752408,1387.4886732385312
2023-09-23 16:00:00+00:00,train,1405.0884288975917,982.20524752408,1387.293676421672
2023-09-23 20:00:00+00:00,train,1404.8934320807325,982.20524752408,1387.0986796048128
2023-09-24 00:00:00+00:00,train,1404.6984352638733,982.20524752408,1386.9036827879536
2023-09-24 04:00:00+00:00,train,1404.503438447014,982.20524752408,1386.7086859710944
2023-09-24 08:00:00+00:00,train,1404.308441630155,982.20524752408,1386.5136891542352
2023-09-24 12:00:00+00:00,train,1404.1134448132957,982.20524752408,1386.318692337376
2023-09-24 16:00:00+00:00,train,1403.9184479964367,982.20524752408,1386.1236955205168
2023-09-24 20:00:00+00:00,train,1403.7234511795775,982.20524752408,1385.9286987036576
2023-09-25 00:00:00+00:00,train,1403.7234511795775,982.20524752408,1385.9286987036576
2023-09-25 04:00:00+00:00,train,1403.7234511795775,982.20524752408,1385.9286987036576
2023-09-25 08:00:00+00:00,train,1403.7234511795775,982.20524752408,1385.9286987036576
2023-09-25 12:00:00+00:00,train,1403.7234511795775,982.20524752408,1385.9286987036576
2023-09-25 16:00:00+00:00,train,1403.7234511795775,982.20524752408,1385.9286987036576
2023-09-25 20:00:00+00:00,train,1403.7234511795775,982.20524752408,1385.9286987036576
2023-09-26 00:00:00+00:00,train,1403.7234511795775,982.20524752408,1385.9286987036576
2023-09-26 04:00:00+00:00,train,1403.7234511795775,982.20524752408,1385.9286987036576
2023-09-26 08:00:00+00:00,train,1403.7234511795775,982.20524752408,1385.9286987036576
2023-09-26 12:00:00+00:00,train,1403.7234511795775,982.20524752408,1385.9286987036576
2023-09-26 16:00:00+00:00,train,1403.7234511795775,982.20524752408,1385.9286987036576
2023-09-26 20:00:00+00:00,train,1403.7234511795775,982.20524752408,1385.9286987036576
2023-09-27 00:00:00+00:00,train,1403.7234511795775,981.6344328123972,1385.3578839919746
2023-09-27 04:00:00+00:00,train,1404.6823398474692,981.6344328123972,1386.3167726598663
2023-09-27 08:00:00+00:00,train,1405.6412285153608,981.0850181433786,1386.7262466587395
2023-09-27 12:00:00+00:00,train,1405.6412285153608,981.0850181433786,1386.7262466587395
2023-09-27 16:00:00+00:00,train,1405.6412285153608,981.0850181433786,1386.7262466587395
2023-09-27 20:00:00+00:00,train,1406.7783196117139,980.4310422984139,1387.2093619101279
2023-09-28 00:00:00+00:00,train,1407.9154107080667,980.4310422984139,1388.3464530064807
2023-09-28 04:00:00+00:00,train,1407.9154107080667,980.4310422984139,1388.3464530064807
2023-09-28 08:00:00+00:00,train,1407.9154107080667,979.7847504570863,1387.700161165153
2023-09-28 12:00:00+00:00,train,1408.9808916244929,979.7847504570863,1388.7656420815792
2023-09-28 16:00:00+00:00,train,1410.046372540919,979.7847504570863,1389.8311229980054
2023-09-28 20:00:00+00:00,train,1410.046372540919,979.7847504570863,1389.8311229980054
2023-09-29 00:00:00+00:00,train,1410.046372540919,979.7847504570863,1389.8311229980054
2023-09-29 04:00:00+00:00,train,1410.7681644627287,979.7847504570863,1390.552914919815
2023-09-29 08:00:00+00:00,train,1411.4899563845386,979.7847504570863,1391.2747068416247
2023-09-29 12:00:00+00:00,train,1412.2117483063482,979.7847504570863,1391.9964987634344
2023-09-29 16:00:00+00:00,train,1412.2117483063482,979.7847504570863,1391.9964987634344
2023-09-29 20:00:00+00:00,train,1412.2117483063482,979.7847504570863,1391.9964987634344
2023-09-30 00:00:00+00:00,train,1412.7717656639184,979.7847504570863,1392.5565161210047
2023-09-30 04:00:00+00:00,train,1413.3317830214885,979.7847504570863,1393.1165334785746
2023-09-30 08:00:00+00:00,train,1413.8918003790584,979.7847504570863,1393.6765508361445
2023-09-30 12:00:00+00:00,train,1414.4518177366285,979.7847504570863,1394.236568193715
2023-09-30 16:00:00+00:00,train,1414.4518177366285,979.7847504570863,1394.236568193715
2023-09-30 20:00:00+00:00,train,1414.4518177366285,979.7847504570863,1394.236568193715
2023-10-01 00:00:00+00:00,train,1415.2930175935462,979.7847504570863,1395.0777680506326
2023-10-01 04:00:00+00:00,train,1416.1342174504637,979.7847504570863,1395.9189679075498
2023-10-01 08:00:00+00:00,train,1416.9754173073811,979.7847504570863,1396.7601677644675
2023-10-01 12:00:00+00:00,train,1416.9754173073811,979.7847504570863,1396.7601677644675
2023-10-01 16:00:00+00:00,train,1416.9754173073811,979.7847504570863,1396.7601677644675
2023-10-01 20:00:00+00:00,train,1416.9754173073811,979.7847504570863,1396.7601677644675
2023-10-02 00:00:00+00:00,train,1416.9754173073811,979.7847504570863,1396.7601677644675
2023-10-02 04:00:00+00:00,train,1416.9754173073811,979.7847504570863,1396.7601677644675
2023-10-02 08:00:00+00:00,train,1416.9754173073811,979.7847504570863,1396.7601677644675
2023-10-02 12:00:00+00:00,train,1416.9754173073811,979.7847504570863,1396.7601677644675
2023-10-02 16:00:00+00:00,train,1416.9754173073811,979.7847504570863,1396.7601677644675
2023-10-02 20:00:00+00:00,train,1416.9754173073811,979.7847504570863,1396.7601677644675
2023-10-03 00:00:00+00:00,train,1416.9754173073811,979.7847504570863,1396.7601677644675
2023-10-03 04:00:00+00:00,train,1416.9754173073811,979.7847504570863,1396.7601677644675
2023-10-03 08:00:00+00:00,train,1416.9754173073811,979.7847504570863,1396.7601677644675
2023-10-03 12:00:00+00:00,train,1416.9754173073811,979.7847504570863,1396.7601677644675
2023-10-03 16:00:00+00:00,train,1416.9754173073811,979.7847504570863,1396.7601677644675
2023-10-03 20:00:00+00:00,train,1416.9754173073811,979.7847504570863,1396.7601677644675
2023-10-04 00:00:00+00:00,train,1416.9754173073811,979.7847504570863,1396.7601677644675
2023-10-04 04:00:00+00:00,train,1416.9754173073811,979.7847504570863,1396.7601677644675
2023-10-04 08:00:00+00:00,train,1416.9754173073811,979.7847504570863,1396.7601677644675
2023-10-04 12:00:00+00:00,train,1416.9754173073811,979.7847504570863,1396.7601677644675
2023-10-04 16:00:00+00:00,train,1416.9754173073811,979.7847504570863,1396.7601677644675
2023-10-04 20:00:00+00:00,train,1416.9754173073811,979.7847504570863,1396.7601677644675
2023-10-05 00:00:00+00:00,train,1416.9754173073811,979.7847504570863,1396.7601677644675
2023-10-05 04:00:00+00:00,train,1416.9754173073811,979.7847504570863,1396.7601677644675
2023-10-05 08:00:00+00:00,train,1416.9754173073811,979.7847504570863,1396.7601677644675
2023-10-05 12:00:00+00:00,train,1416.9754173073811,979.7847504570863,1396.7601677644675
2023-10-05 16:00:00+00:00,train,1416.9754173073811,979.7847504570863,1396.7601677644675
2023-10-05 20:00:00+00:00,train,1416.9754173073811,979.7847504570863,1396.7601677644675
2023-10-06 00:00:00+00:00,train,1416.9754173073811,979.7847504570863,1396.7601677644675
2023-10-06 04:00:00+00:00,train,1416.9754173073811,979.7847504570863,1396.7601677644675
2023-10-06 08:00:00+00:00,train,1416.9754173073811,979.7847504570863,1396.7601677644675
2023-10-06 12:00:00+00:00,train,1416.9754173073811,979.7847504570863,1396.7601677644675
2023-10-06 16:00:00+00:00,train,1416.9754173073811,979.7847504570863,1396.7601677644675
2023-10-06 20:00:00+00:00,train,1416.9754173073811,979.7847504570863,1396.7601677644675
2023-10-07 00:00:00+00:00,train,1416.9754173073811,979.7847504570863,1396.7601677644675
2023-10-07 04:00:00+00:00,train,1416.9754173073811,979.7847504570863,1396.7601677644675
2023-10-07 08:00:00+00:00,train,1416.9754173073811,979.7847504570863,1396.7601677644675
2023-10-07 12:00:00+00:00,train,1416.9754173073811,979.7847504570863,1396.7601677644675
2023-10-07 16:00:00+00:00,train,1416.9754173073811,979.7847504570863,1396.7601677644675
2023-10-07 20:00:00+00:00,train,1416.9754173073811,979.7847504570863,1396.7601677644675
2023-10-08 00:00:00+00:00,train,1416.9754173073811,979.7847504570863,1396.7601677644675
2023-10-08 04:00:00+00:00,train,1416.9754173073811,979.7847504570863,1396.7601677644675
2023-10-08 08:00:00+00:00,train,1416.9754173073811,979.7847504570863,1396.7601677644675
2023-10-08 12:00:00+00:00,train,1416.9754173073811,979.7847504570863,1396.7601677644675
2023-10-08 16:00:00+00:00,train,1416.5635642672228,979.7847504570863,1396.3483147243091
2023-10-08 20:00:00+00:00,train,1416.1517112270647,979.7847504570863,1395.9364616841508
2023-10-09 00:00:00+00:00,train,1415.7398581869063,979.7847504570863,1395.5246086439925
2023-10-09 04:00:00+00:00,train,1415.3280051467482,979.7847504570863,1395.1127556038346
2023-10-09 08:00:00+00:00,train,1414.9161521065898,979.7847504570863,1394.7009025636762
2023-10-09 12:00:00+00:00,train,1414.9161521065898,979.7847504570863,1394.7009025636762
2023-10-09 16:00:00+00:00,train,1414.9161521065898,979.7847504570863,1394.7009025636762
2023-10-09 20:00:00+00:00,train,1414.9161521065898,979.7847504570863,1394.7009025636762
2023-10-10 00:00:00+00:00,train,1414.9161521065898,979.7847504570863,1394.7009025636762
2023-10-10 04:00:00+00:00,train,1414.9161521065898,979.7847504570863,1394.7009025636762
2023-10-10 08:00:00+00:00,train,1414.9161521065898,979.7847504570863,1394.7009025636762
2023-10-10 12:00:00+00:00,train,1414.9161521065898,979.7847504570863,1394.7009025636762
2023-10-10 16:00:00+00:00,train,1414.9161521065898,979.7847504570863,1394.7009025636762
2023-10-10 20:00:00+00:00,train,1414.9161521065898,979.7847504570863,1394.7009025636762
2023-10-11 00:00:00+00:00,train,1414.9161521065898,979.7847504570863,1394.7009025636762
2023-10-11 04:00:00+00:00,train,1414.9161521065898,978.9273556126757,1393.8435077192653
2023-10-11 08:00:00+00:00,train,1414.9161521065898,978.9273556126757,1393.8435077192653
2023-10-11 12:00:00+00:00,train,1414.9161521065898,978.0849967972093,1393.0011489037993
2023-10-11 16:00:00+00:00,train,1414.9161521065898,978.0849967972093,1393.0011489037993
2023-10-11 20:00:00+00:00,train,1414.9161521065898,978.0849967972093,1393.0011489037993
2023-10-12 00:00:00+00:00,train,1414.9161521065898,978.9082525879159,1393.8244046945056
2023-10-12 04:00:00+00:00,train,1414.9161521065898,979.7315083786224,1394.6476604852123
2023-10-12 08:00:00+00:00,train,1414.9161521065898,980.5547641693289,1395.4709162759186
2023-10-12 12:00:00+00:00,train,1414.9161521065898,981.3780199600354,1396.2941720666254
2023-10-12 16:00:00+00:00,train,1414.9161521065898,982.2012757507418,1397.1174278573317
2023-10-12 20:00:00+00:00,train,1414.9161521065898,982.2012757507418,1397.1174278573317
2023-10-13 00:00:00+00:00,train,1415.4125114720591,981.4109046979382,1396.8234161699975
2023-10-13 04:00:00+00:00,train,1415.9088708375284,981.4109046979382,1397.3197755354668
2023-10-13 08:00:00+00:00,train,1416.4052302029975,980.6407699124184,1397.046000115416
2023-10-13 12:00:00+00:00,train,1416.9015895684668,980.6407699124184,1397.5423594808854
2023-10-13 16:00:00+00:00,train,1417.397948933936,979.9041123496501,1397.3020612835862
2023-10-13 20:00:00+00:00,train,1417.8943082994053,979.9041123496501,1397.7984206490555
2023-10-14 00:00:00+00:00,train,1417.8943082994053,979.9041123496501,1397.7984206490555
2023-10-14 04:00:00+00:00,train,1417.8943082994053,979.9041123496501,1397.7984206490555
2023-10-14 08:00:00+00:00,train,1417.7315103637973,979.9041123496501,1397.6356227134474
2023-10-14 12:00:00+00:00,train,1417.5687124281892,979.9041123496501,1397.4728247778394
2023-10-14 16:00:00+00:00,train,1417.4059144925811,979.9041123496501,1397.3100268422313
2023-10-14 20:00:00+00:00,train,1417.2431165569728,979.9041123496501,1397.1472289066228
2023-10-15 00:00:00+00:00,train,1417.0803186213648,979.9041123496501,1396.9844309710147
2023-10-15 04:00:00+00:00,train,1416.9175206857567,979.9041123496501,1396.8216330354066
2023-10-15 08:00:00+00:00,train,1416.7547227501486,979.9041123496501,1396.6588350997986
2023-10-15 12:00:00+00:00,train,1416.5919248145406,979.9041123496501,1396.4960371641905
2023-10-15 16:00:00+00:00,train,1416.5919248145406,979.3106257959732,1395.9025506105136
2023-10-15 20:00:00+00:00,train,1416.5919248145406,979.3106257959732,1395.9025506105136
2023-10-16 00:00:00+00:00,train,1417.5824533433777,979.3106257959732,1396.893079139351
2023-10-16 04:00:00+00:00,train,1418.5729818722148,979.3106257959732,1397.8836076681882
2023-10-16 08:00:00+00:00,train,1418.5729818722148,979.3106257959732,1397.8836076681882
2023-10-16 12:00:00+00:00,train,1420.737556006786,979.3106257959732,1400.0481818027592
2023-10-16 16:00:00+00:00,train,1420.737556006786,979.3106257959732,1400.0481818027592
2023-10-16 20:00:00+00:00,train,1420.737556006786,979.3106257959732,1400.0481818027592
2023-10-17 00:00:00+00:00,train,1420.6731617537132,979.3106257959732,1399.9837875496864
2023-10-17 04:00:00+00:00,train,1420.6087675006406,979.3106257959732,1399.9193932966136
2023-10-17 08:00:00+00:00,train,1420.5443732475678,979.3106257959732,1399.8549990435413
2023-10-17 12:00:00+00:00,train,1420.479978994495,979.3106257959732,1399.790604790468
2023-10-17 16:00:00+00:00,train,1420.479978994495,979.3106257959732,1399.790604790468
2023-10-17 20:00:00+00:00,train,1420.479978994495,979.3106257959732,1399.790604790468
2023-10-18 00:00:00+00:00,train,1420.0118702129728,979.3106257959732,1399.322496008946
2023-10-18 04:00:00+00:00,train,1419.5437614314503,979.3106257959732,1398.8543872274236
2023-10-18 08:00:00+00:00,train,1419.075652649928,979.3106257959732,1398.3862784459016
2023-10-18 12:00:00+00:00,train,1418.6075438684059,979.3106257959732,1397.918169664379
2023-10-18 16:00:00+00:00,train,1418.1394350868836,979.3106257959732,1397.4500608828566
2023-10-18 20:00:00+00:00,train,1418.1394350868836,979.3106257959732,1397.4500608828566
2023-10-19 00:00:00+00:00,train,1418.1394350868836,979.3106257959732,1397.4500608828566
2023-10-19 04:00:00+00:00,train,1419.5747054823175,979.3106257959732,1398.8853312782908
2023-10-19 08:00:00+00:00,train,1421.0099758777517,979.3106257959732,1400.320601673725
2023-10-19 12:00:00+00:00,train,1421.0099758777517,979.3106257959732,1400.320601673725
2023-10-19 16:00:00+00:00,train,1423.9240791198372,979.3106257959732,1403.2347049158107
2023-10-19 20:00:00+00:00,train,1423.9240791198372,979.3106257959732,1403.2347049158107
2023-10-20 00:00:00+00:00,train,1427.1133469713677,979.3106257959732,1406.4239727673412
2023-10-20 04:00:00+00:00,train,1427.1133469713677,979.3106257959732,1406.4239727673412
2023-10-20 08:00:00+00:00,train,1430.4838328726587,979.3106257959732,1409.7944586686317
2023-10-20 12:00:00+00:00,train,1430.4838328726587,979.3106257959732,1409.7944586686317
2023-10-20 16:00:00+00:00,train,1430.4838328726587,979.3106257959732,1409.7944586686317
2023-10-20 20:00:00+00:00,train,1430.4838328726587,979.3106257959732,1409.7944586686317
2023-10-21 00:00:00+00:00,train,1430.4838328726587,979.3106257959732,1409.7944586686317
2023-10-21 04:00:00+00:00,train,1430.4838328726587,979.3106257959732,1409.7944586686317
2023-10-21 08:00:00+00:00,train,1430.4838328726587,979.3106257959732,1409.7944586686317
2023-10-21 12:00:00+00:00,train,1430.4838328726587,979.3106257959732,1409.7944586686317
2023-10-21 16:00:00+00:00,train,1430.4838328726587,979.3106257959732,1409.7944586686317
2023-10-21 20:00:00+00:00,train,1430.4838328726587,979.3106257959732,1409.7944586686317
2023-10-22 00:00:00+00:00,train,1430.4838328726587,979.3106257959732,1409.7944586686317
2023-10-22 04:00:00+00:00,train,1430.4838328726587,979.3106257959732,1409.7944586686317
2023-10-22 08:00:00+00:00,train,1430.4838328726587,979.3106257959732,1409.7944586686317
2023-10-22 12:00:00+00:00,train,1430.4838328726587,979.3106257959732,1409.7944586686317
2023-10-22 16:00:00+00:00,train,1430.4838328726587,979.3106257959732,1409.7944586686317
2023-10-22 20:00:00+00:00,train,1430.4838328726587,979.3106257959732,1409.7944586686317
2023-10-23 00:00:00+00:00,train,1430.4838328726587,979.3106257959732,1409.7944586686317
2023-10-23 04:00:00+00:00,train,1430.4838328726587,979.3106257959732,1409.7944586686317
2023-10-23 08:00:00+00:00,train,1430.4838328726587,979.3106257959732,1409.7944586686317
2023-10-23 12:00:00+00:00,train,1430.4838328726587,979.3106257959732,1409.7944586686317
2023-10-23 16:00:00+00:00,train,1430.4838328726587,979.3106257959732,1409.7944586686317
2023-10-23 20:00:00+00:00,train,1430.4838328726587,979.3106257959732,1409.7944586686317
2023-10-24 00:00:00+00:00,train,1430.4838328726587,979.3106257959732,1409.7944586686317
2023-10-24 04:00:00+00:00,train,1430.4838328726587,979.3106257959732,1409.7944586686317
2023-10-24 08:00:00+00:00,train,1430.4838328726587,979.3106257959732,1409.7944586686317
2023-10-24 12:00:00+00:00,train,1430.4838328726587,979.3106257959732,1409.7944586686317
2023-10-24 16:00:00+00:00,train,1430.4838328726587,979.3106257959732,1409.7944586686317
2023-10-24 20:00:00+00:00,train,1430.4838328726587,979.3106257959732,1409.7944586686317
2023-10-25 00:00:00+00:00,train,1430.4838328726587,979.3106257959732,1409.7944586686317
2023-10-25 04:00:00+00:00,train,1430.4838328726587,979.3106257959732,1409.7944586686317
2023-10-25 08:00:00+00:00,train,1430.4838328726587,979.3106257959732,1409.7944586686317
2023-10-25 12:00:00+00:00,train,1430.4838328726587,979.3106257959732,1409.7944586686317
2023-10-25 16:00:00+00:00,train,1430.4838328726587,979.3106257959732,1409.7944586686317
2023-10-25 20:00:00+00:00,train,1430.4838328726587,979.3106257959732,1409.7944586686317
2023-10-26 00:00:00+00:00,train,1430.4838328726587,979.3106257959732,1409.7944586686317
2023-10-26 04:00:00+00:00,train,1430.4838328726587,979.3106257959732,1409.7944586686317
2023-10-26 08:00:00+00:00,train,1430.4838328726587,979.3106257959732,1409.7944586686317
2023-10-26 12:00:00+00:00,train,1430.4838328726587,979.3106257959732,1409.7944586686317
2023-10-26 16:00:00+00:00,train,1430.4838328726587,979.3106257959732,1409.7944586686317
2023-10-26 20:00:00+00:00,train,1430.4838328726587,979.3106257959732,1409.7944586686317
2023-10-27 00:00:00+00:00,train,1430.4838328726587,979.3106257959732,1409.7944586686317
2023-10-27 04:00:00+00:00,train,1430.4838328726587,979.3106257959732,1409.7944586686317
2023-10-27 08:00:00+00:00,train,1430.4838328726587,979.3106257959732,1409.7944586686317
2023-10-27 12:00:00+00:00,train,1430.4838328726587,979.3106257959732,1409.7944586686317
2023-10-27 16:00:00+00:00,train,1430.4838328726587,979.3106257959732,1409.7944586686317
2023-10-27 20:00:00+00:00,train,1430.4838328726587,979.3106257959732,1409.7944586686317
2023-10-28 00:00:00+00:00,train,1430.4838328726587,979.3106257959732,1409.7944586686317
2023-10-28 04:00:00+00:00,train,1430.4838328726587,979.3106257959732,1409.7944586686317
2023-10-28 08:00:00+00:00,train,1430.4838328726587,979.3106257959732,1409.7944586686317
2023-10-28 12:00:00+00:00,train,1430.4838328726587,979.3106257959732,1409.7944586686317
2023-10-28 16:00:00+00:00,train,1430.4838328726587,979.3106257959732,1409.7944586686317
2023-10-28 20:00:00+00:00,train,1430.4838328726587,979.3106257959732,1409.7944586686317
2023-10-29 00:00:00+00:00,train,1430.4838328726587,979.3106257959732,1409.7944586686317
2023-10-29 04:00:00+00:00,train,1430.4838328726587,979.3106257959732,1409.7944586686317
2023-10-29 08:00:00+00:00,train,1430.4838328726587,979.3106257959732,1409.7944586686317
2023-10-29 12:00:00+00:00,train,1430.4838328726587,979.3106257959732,1409.7944586686317
2023-10-29 16:00:00+00:00,train,1431.3116304712014,979.3106257959732,1410.6222562671746
2023-10-29 20:00:00+00:00,train,1432.1394280697443,979.3106257959732,1411.4500538657176
2023-10-30 00:00:00+00:00,train,1432.967225668287,979.3106257959732,1412.2778514642605
2023-10-30 04:00:00+00:00,train,1433.7950232668297,979.3106257959732,1413.105649062803
2023-10-30 08:00:00+00:00,train,1434.6228208653727,979.3106257959732,1413.933446661346
2023-10-30 12:00:00+00:00,train,1434.6228208653727,979.3106257959732,1413.933446661346
2023-10-30 16:00:00+00:00,train,1434.6228208653727,979.3106257959732,1413.933446661346
2023-10-30 20:00:00+00:00,train,1436.5936011282772,979.3106257959732,1415.9042269242505
2023-10-31 00:00:00+00:00,train,1438.5643813911818,979.3106257959732,1417.875007187155
2023-10-31 04:00:00+00:00,train,1438.5643813911818,979.3106257959732,1417.875007187155
2023-10-31 08:00:00+00:00,train,1438.5643813911818,979.3106257959732,1417.875007187155
2023-10-31 12:00:00+00:00,train,1439.8834614755594,979.3106257959732,1419.1940872715327
2023-10-31 16:00:00+00:00,train,1441.2025415599373,979.3106257959732,1420.5131673559108
2023-10-31 20:00:00+00:00,train,1442.521621644315,979.3106257959732,1421.8322474402885
2023-11-01 00:00:00+00:00,train,1442.521621644315,979.3106257959732,1421.8322474402885
2023-11-01 04:00:00+00:00,train,1442.521621644315,979.3106257959732,1421.8322474402885
2023-11-01 08:00:00+00:00,train,1444.5520957277727,979.3106257959732,1423.8627215237457
2023-11-01 12:00:00+00:00,train,1446.58256981123,979.3106257959732,1425.8931956072033
2023-11-01 16:00:00+00:00,train,1446.58256981123,979.3106257959732,1425.8931956072033
2023-11-01 20:00:00+00:00,train,1446.58256981123,979.3106257959732,1425.8931956072033
2023-11-02 00:00:00+00:00,train,1446.58256981123,979.3106257959732,1425.8931956072033
2023-11-02 04:00:00+00:00,train,1446.58256981123,979.3106257959732,1425.8931956072033
2023-11-02 08:00:00+00:00,train,1446.58256981123,979.3106257959732,1425.8931956072033
2023-11-02 12:00:00+00:00,train,1446.58256981123,979.3106257959732,1425.8931956072033
2023-11-02 16:00:00+00:00,train,1446.58256981123,979.3106257959732,1425.8931956072033
2023-11-02 20:00:00+00:00,train,1446.58256981123,979.3106257959732,1425.8931956072033
2023-11-03 00:00:00+00:00,train,1446.58256981123,979.3106257959732,1425.8931956072033
2023-11-03 04:00:00+00:00,train,1446.58256981123,979.3106257959732,1425.8931956072033
2023-11-03 08:00:00+00:00,train,1446.58256981123,979.3106257959732,1425.8931956072033
2023-11-03 12:00:00+00:00,train,1446.58256981123,979.3106257959732,1425.8931956072033
2023-11-03 16:00:00+00:00,train,1446.58256981123,979.3106257959732,1425.8931956072033
2023-11-03 20:00:00+00:00,train,1446.58256981123,979.3106257959732,1425.8931956072033
2023-11-04 00:00:00+00:00,train,1446.58256981123,979.3106257959732,1425.8931956072033
2023-11-04 04:00:00+00:00,train,1446.58256981123,979.3106257959732,1425.8931956072033
2023-11-04 08:00:00+00:00,train,1446.58256981123,979.3106257959732,1425.8931956072033
2023-11-04 12:00:00+00:00,train,1446.58256981123,979.3106257959732,1425.8931956072033
2023-11-04 16:00:00+00:00,train,1446.58256981123,979.3106257959732,1425.8931956072033
2023-11-04 20:00:00+00:00,train,1446.58256981123,979.3106257959732,1425.8931956072033
2023-11-05 00:00:00+00:00,train,1446.58256981123,979.3106257959732,1425.8931956072033
2023-11-05 04:00:00+00:00,train,1446.58256981123,979.3106257959732,1425.8931956072033
2023-11-05 08:00:00+00:00,train,1446.58256981123,979.3106257959732,1425.8931956072033
2023-11-05 12:00:00+00:00,train,1446.58256981123,979.3106257959732,1425.8931956072033
2023-11-05 16:00:00+00:00,train,1446.58256981123,979.3106257959732,1425.8931956072033
2023-11-05 20:00:00+00:00,train,1446.58256981123,979.3106257959732,1425.8931956072033
2023-11-06 00:00:00+00:00,train,1446.58256981123,979.3106257959732,1425.8931956072033
2023-11-06 04:00:00+00:00,train,1446.58256981123,979.3106257959732,1425.8931956072033
2023-11-06 08:00:00+00:00,train,1446.58256981123,979.3106257959732,1425.8931956072033
2023-11-06 12:00:00+00:00,train,1446.58256981123,979.3106257959732,1425.8931956072033
2023-11-06 16:00:00+00:00,train,1446.58256981123,979.3106257959732,1425.8931956072033
2023-11-06 20:00:00+00:00,train,1446.58256981123,979.3106257959732,1425.8931956072033
2023-11-07 00:00:00+00:00,train,1446.58256981123,979.3106257959732,1425.8931956072033
2023-11-07 04:00:00+00:00,train,1446.58256981123,979.3106257959732,1425.8931956072033
2023-11-07 08:00:00+00:00,train,1446.58256981123,979.3106257959732,1425.8931956072033
2023-11-07 12:00:00+00:00,train,1446.58256981123,979.3106257959732,1425.8931956072033
2023-11-07 16:00:00+00:00,train,1446.58256981123,979.3106257959732,1425.8931956072033
2023-11-07 20:00:00+00:00,train,1446.58256981123,979.3106257959732,1425.8931956072033
2023-11-08 00:00:00+00:00,train,1446.58256981123,979.3106257959732,1425.8931956072033
2023-11-08 04:00:00+00:00,train,1446.58256981123,979.3106257959732,1425.8931956072033
2023-11-08 08:00:00+00:00,train,1446.58256981123,979.3106257959732,1425.8931956072033
2023-11-08 12:00:00+00:00,train,1446.58256981123,979.3106257959732,1425.8931956072033
2023-11-08 16:00:00+00:00,train,1446.58256981123,979.3106257959732,1425.8931956072033
2023-11-08 20:00:00+00:00,train,1446.58256981123,979.3106257959732,1425.8931956072033
2023-11-09 00:00:00+00:00,train,1448.2068742766353,979.3106257959732,1427.5175000726085
2023-11-09 04:00:00+00:00,train,1449.8311787420407,979.3106257959732,1429.1418045380142
2023-11-09 08:00:00+00:00,train,1451.455483207446,979.3106257959732,1430.766109003419
2023-11-09 12:00:00+00:00,train,1451.455483207446,979.3106257959732,1430.766109003419
2023-11-09 16:00:00+00:00,train,1451.455483207446,979.3106257959732,1430.766109003419
2023-11-09 20:00:00+00:00,train,1451.455483207446,979.3106257959732,1430.766109003419
2023-11-10 00:00:00+00:00,train,1451.455483207446,979.3106257959732,1430.766109003419
2023-11-10 04:00:00+00:00,train,1451.455483207446,979.3106257959732,1430.766109003419
2023-11-10 08:00:00+00:00,train,1451.455483207446,979.3106257959732,1430.766109003419
2023-11-10 12:00:00+00:00,train,1451.455483207446,979.3106257959732,1430.766109003419
2023-11-10 16:00:00+00:00,train,1451.455483207446,979.3106257959732,1430.766109003419
2023-11-10 20:00:00+00:00,train,1451.455483207446,979.3106257959732,1430.766109003419
2023-11-11 00:00:00+00:00,train,1451.455483207446,979.3106257959732,1430.766109003419
2023-11-11 04:00:00+00:00,train,1451.455483207446,979.3106257959732,1430.766109003419
2023-11-11 08:00:00+00:00,train,1451.455483207446,979.3106257959732,1430.766109003419
2023-11-11 12:00:00+00:00,train,1451.455483207446,979.3106257959732,1430.766109003419
2023-11-11 16:00:00+00:00,train,1451.455483207446,979.3106257959732,1430.766109003419
2023-11-11 20:00:00+00:00,train,1451.455483207446,979.3106257959732,1430.766109003419
2023-11-12 00:00:00+00:00,train,1451.455483207446,979.3106257959732,1430.766109003419
2023-11-12 04:00:00+00:00,train,1451.455483207446,979.3106257959732,1430.766109003419
2023-11-12 08:00:00+00:00,train,1451.455483207446,979.3106257959732,1430.766109003419
2023-11-12 12:00:00+00:00,train,1451.455483207446,979.3106257959732,1430.766109003419
2023-11-12 16:00:00+00:00,train,1451.455483207446,979.3106257959732,1430.766109003419
2023-11-12 20:00:00+00:00,train,1451.455483207446,979.3106257959732,1430.766109003419
2023-11-13 00:00:00+00:00,train,1451.455483207446,979.3106257959732,1430.766109003419
2023-11-13 04:00:00+00:00,train,1451.455483207446,979.3106257959732,1430.766109003419
2023-11-13 08:00:00+00:00,train,1451.455483207446,979.3106257959732,1430.766109003419
2023-11-13 12:00:00+00:00,train,1451.455483207446,979.3106257959732,1430.766109003419
2023-11-13 16:00:00+00:00,train,1451.455483207446,979.3106257959732,1430.766109003419
2023-11-13 20:00:00+00:00,train,1451.455483207446,979.3106257959732,1430.766109003419
2023-11-14 00:00:00+00:00,train,1451.455483207446,979.3106257959732,1430.766109003419
2023-11-14 04:00:00+00:00,train,1451.455483207446,979.3106257959732,1430.766109003419
2023-11-14 08:00:00+00:00,train,1451.455483207446,979.3106257959732,1430.766109003419
2023-11-14 12:00:00+00:00,train,1451.455483207446,979.3106257959732,1430.766109003419
2023-11-14 16:00:00+00:00,train,1451.455483207446,979.3106257959732,1430.766109003419
2023-11-14 20:00:00+00:00,train,1451.455483207446,979.3106257959732,1430.766109003419
2023-11-15 00:00:00+00:00,train,1451.455483207446,979.3106257959732,1430.766109003419
2023-11-15 04:00:00+00:00,train,1451.455483207446,979.3106257959732,1430.766109003419
2023-11-15 08:00:00+00:00,train,1451.455483207446,979.3106257959732,1430.766109003419
2023-11-15 12:00:00+00:00,train,1451.455483207446,979.3106257959732,1430.766109003419
2023-11-15 16:00:00+00:00,train,1451.455483207446,979.3106257959732,1430.766109003419
2023-11-15 20:00:00+00:00,train,1451.455483207446,979.3106257959732,1430.766109003419
2023-11-16 00:00:00+00:00,train,1451.455483207446,979.3106257959732,1430.766109003419
2023-11-16 04:00:00+00:00,train,1451.455483207446,979.3106257959732,1430.766109003419
2023-11-16 08:00:00+00:00,train,1451.455483207446,979.3106257959732,1430.766109003419
2023-11-16 12:00:00+00:00,train,1451.455483207446,979.3106257959732,1430.766109003419
2023-11-16 16:00:00+00:00,train,1451.455483207446,979.3106257959732,1430.766109003419
2023-11-16 20:00:00+00:00,train,1451.455483207446,979.3106257959732,1430.766109003419
2023-11-17 00:00:00+00:00,train,1451.455483207446,979.3106257959732,1430.766109003419
2023-11-17 04:00:00+00:00,train,1451.455483207446,979.3106257959732,1430.766109003419
2023-11-17 08:00:00+00:00,train,1451.455483207446,979.3106257959732,1430.766109003419
2023-11-17 12:00:00+00:00,train,1451.455483207446,979.3106257959732,1430.766109003419
2023-11-17 16:00:00+00:00,train,1451.455483207446,979.3106257959732,1430.766109003419
2023-11-17 20:00:00+00:00,train,1451.455483207446,979.3106257959732,1430.766109003419
2023-11-18 00:00:00+00:00,train,1451.455483207446,979.3106257959732,1430.766109003419
2023-11-18 04:00:00+00:00,train,1451.455483207446,979.3106257959732,1430.766109003419
2023-11-18 08:00:00+00:00,train,1451.455483207446,979.3106257959732,1430.766109003419
2023-11-18 12:00:00+00:00,train,1451.455483207446,979.3106257959732,1430.766109003419
2023-11-18 16:00:00+00:00,train,1451.455483207446,979.3106257959732,1430.766109003419
2023-11-18 20:00:00+00:00,train,1451.455483207446,979.3106257959732,1430.766109003419
2023-11-19 00:00:00+00:00,train,1451.455483207446,979.3106257959732,1430.766109003419
2023-11-19 04:00:00+00:00,train,1451.455483207446,979.3106257959732,1430.766109003419
2023-11-19 08:00:00+00:00,train,1451.455483207446,979.3106257959732,1430.766109003419
2023-11-19 12:00:00+00:00,train,1451.455483207446,979.3106257959732,1430.766109003419
2023-11-19 16:00:00+00:00,train,1451.455483207446,979.3106257959732,1430.766109003419
2023-11-19 20:00:00+00:00,train,1451.455483207446,979.3106257959732,1430.766109003419
2023-11-20 00:00:00+00:00,train,1451.455483207446,979.3106257959732,1430.766109003419
2023-11-20 04:00:00+00:00,train,1451.455483207446,979.3106257959732,1430.766109003419
2023-11-20 08:00:00+00:00,train,1451.455483207446,979.3106257959732,1430.766109003419
2023-11-20 12:00:00+00:00,train,1451.455483207446,979.3106257959732,1430.766109003419
2023-11-20 16:00:00+00:00,train,1451.455483207446,979.3106257959732,1430.766109003419
2023-11-20 20:00:00+00:00,train,1451.455483207446,979.3106257959732,1430.766109003419
2023-11-21 00:00:00+00:00,train,1451.455483207446,979.3106257959732,1430.766109003419
2023-11-21 04:00:00+00:00,train,1451.455483207446,979.3106257959732,1430.766109003419
2023-11-21 08:00:00+00:00,train,1451.455483207446,979.3106257959732,1430.766109003419
2023-11-21 12:00:00+00:00,train,1451.455483207446,979.3106257959732,1430.766109003419
2023-11-21 16:00:00+00:00,train,1451.455483207446,979.3106257959732,1430.766109003419
2023-11-21 20:00:00+00:00,train,1451.455483207446,979.3106257959732,1430.766109003419
2023-11-22 00:00:00+00:00,train,1451.455483207446,979.3106257959732,1430.766109003419
2023-11-22 04:00:00+00:00,train,1451.455483207446,979.3106257959732,1430.766109003419
2023-11-22 08:00:00+00:00,train,1451.455483207446,979.3106257959732,1430.766109003419
2023-11-22 12:00:00+00:00,train,1451.455483207446,979.3106257959732,1430.766109003419
2023-11-22 16:00:00+00:00,train,1451.455483207446,979.3106257959732,1430.766109003419
2023-11-22 20:00:00+00:00,train,1458.045277260625,979.3106257959732,1437.3559030565984
2023-11-23 00:00:00+00:00,train,1458.045277260625,979.3106257959732,1437.3559030565984
2023-11-23 04:00:00+00:00,train,1458.045277260625,979.3106257959732,1437.3559030565984
2023-11-23 08:00:00+00:00,train,1457.7801684667909,979.3106257959732,1437.0907942627641
2023-11-23 12:00:00+00:00,train,1457.5150596729568,979.3106257959732,1436.8256854689298
2023-11-23 16:00:00+00:00,train,1457.2499508791227,979.3106257959732,1436.560576675096
2023-11-23 20:00:00+00:00,train,1456.9848420852888,979.3106257959732,1436.295467881262
2023-11-24 00:00:00+00:00,train,1456.7197332914548,979.3106257959732,1436.0303590874282
2023-11-24 04:00:00+00:00,train,1456.4546244976207,979.3106257959732,1435.765250293594
2023-11-24 08:00:00+00:00,train,1456.1895157037866,979.3106257959732,1435.5001414997596
2023-11-24 12:00:00+00:00,train,1455.9244069099525,979.3106257959732,1435.2350327059257
2023-11-24 16:00:00+00:00,train,1455.6592981161184,979.3106257959732,1434.9699239120919
2023-11-24 20:00:00+00:00,train,1455.3941893222843,979.3106257959732,1434.7048151182576
2023-11-25 00:00:00+00:00,train,1455.1290805284502,979.3106257959732,1434.4397063244232
2023-11-25 04:00:00+00:00,train,1455.1290805284502,979.3106257959732,1434.4397063244232
2023-11-25 08:00:00+00:00,train,1455.1290805284502,979.3106257959732,1434.4397063244232
2023-11-25 12:00:00+00:00,train,1454.68022634446,979.3106257959732,1433.9908521404332
2023-11-25 16:00:00+00:00,train,1454.2313721604694,979.3106257959732,1433.5419979564426
2023-11-25 20:00:00+00:00,train,1453.782517976479,979.3106257959732,1433.093143772452
2023-11-26 00:00:00+00:00,train,1453.3336637924886,979.3106257959732,1432.644289588462
2023-11-26 04:00:00+00:00,train,1452.8848096084982,979.3106257959732,1432.1954354044715
2023-11-26 08:00:00+00:00,train,1452.435955424508,979.3106257959732,1431.746581220481
2023-11-26 12:00:00+00:00,train,1451.9871012405176,979.3106257959732,1431.2977270364909
2023-11-26 16:00:00+00:00,train,1451.9871012405176,979.3106257959732,1431.2977270364909
2023-11-26 20:00:00+00:00,train,1451.9871012405176,979.3106257959732,1431.2977270364909
2023-11-27 00:00:00+00:00,train,1451.9871012405176,979.3106257959732,1431.2977270364909
2023-11-27 04:00:00+00:00,train,1451.9871012405176,979.3106257959732,1431.2977270364909
2023-11-27 08:00:00+00:00,train,1451.9871012405176,979.3106257959732,1431.2977270364909
2023-11-27 12:00:00+00:00,train,1451.9871012405176,979.3106257959732,1431.2977270364909
2023-11-27 16:00:00+00:00,train,1452.5877477452884,978.1969082874152,1430.7846560327034
2023-11-27 20:00:00+00:00,train,1453.1883942500592,978.1969082874152,1431.3853025374747
2023-11-28 00:00:00+00:00,train,1453.7890407548302,978.1969082874152,1431.9859490422455
2023-11-28 04:00:00+00:00,train,1454.389687259601,977.6498203099818,1432.0395075695828
2023-11-28 08:00:00+00:00,train,1454.9903337643718,977.1027323325485,1432.0930660969202
2023-11-28 12:00:00+00:00,train,1455.5909802691426,977.1027323325485,1432.693712601691
2023-11-28 16:00:00+00:00,train,1456.1916267739134,976.0791210660269,1432.2707478399402
2023-11-28 20:00:00+00:00,train,1456.1916267739134,976.0791210660269,1432.2707478399402
2023-11-29 00:00:00+00:00,train,1456.1916267739134,976.0791210660269,1432.2707478399402
2023-11-29 04:00:00+00:00,train,1458.0968298600567,976.0791210660269,1434.1759509260837
2023-11-29 08:00:00+00:00,train,1460.0020329462,976.0791210660269,1436.0811540122268
2023-11-29 12:00:00+00:00,train,1460.0020329462,976.0791210660269,1436.0811540122268
2023-11-29 16:00:00+00:00,train,1460.0020329462,976.0791210660269,1436.0811540122268
2023-11-29 20:00:00+00:00,train,1459.7842131003988,976.0791210660269,1435.8633341664258
2023-11-30 00:00:00+00:00,train,1459.5663932545976,976.0791210660269,1435.6455143206244
2023-11-30 04:00:00+00:00,train,1459.3485734087965,976.0791210660269,1435.4276944748235
2023-11-30 08:00:00+00:00,train,1459.1307535629953,976.0791210660269,1435.2098746290221
2023-11-30 12:00:00+00:00,train,1458.9129337171942,976.0791210660269,1434.9920547832212
2023-11-30 16:00:00+00:00,train,1458.695113871393,976.0791210660269,1434.7742349374198
2023-11-30 20:00:00+00:00,train,1458.695113871393,976.0791210660269,1434.7742349374198
2023-12-01 00:00:00+00:00,train,1458.695113871393,976.0791210660269,1434.7742349374198
2023-12-01 04:00:00+00:00,train,1460.71142780923,976.0791210660269,1436.7905488752567
2023-12-01 08:00:00+00:00,train,1462.7277417470668,976.0791210660269,1438.8068628130936
2023-12-01 12:00:00+00:00,train,1462.7277417470668,976.0791210660269,1438.8068628130936
2023-12-01 16:00:00+00:00,train,1462.7277417470668,976.0791210660269,1438.8068628130936
2023-12-01 20:00:00+00:00,train,1462.7277417470668,976.0791210660269,1438.8068628130936
2023-12-02 00:00:00+00:00,train,1463.4899130786036,976.0791210660269,1439.5690341446307
2023-12-02 04:00:00+00:00,train,1464.2520844101405,976.0791210660269,1440.3312054761673
2023-12-02 08:00:00+00:00,train,1465.014255741677,976.0791210660269,1441.0933768077039
2023-12-02 12:00:00+00:00,train,1465.7764270732139,976.0791210660269,1441.855548139241
2023-12-02 16:00:00+00:00,train,1466.5385984047507,976.0791210660269,1442.6177194707775
2023-12-02 20:00:00+00:00,train,1466.5385984047507,976.0791210660269,1442.6177194707775
2023-12-03 00:00:00+00:00,train,1466.5385984047507,976.0791210660269,1442.6177194707775
2023-12-03 04:00:00+00:00,train,1466.5385984047507,976.0791210660269,1442.6177194707775
2023-12-03 08:00:00+00:00,train,1466.5385984047507,976.0791210660269,1442.6177194707775
2023-12-03 12:00:00+00:00,train,1466.5385984047507,976.0791210660269,1442.6177194707775
2023-12-03 16:00:00+00:00,train,1466.5385984047507,976.0791210660269,1442.6177194707775
2023-12-03 20:00:00+00:00,train,1466.5385984047507,976.0791210660269,1442.6177194707775
2023-12-04 00:00:00+00:00,train,1466.5385984047507,976.0791210660269,1442.6177194707775
2023-12-04 04:00:00+00:00,train,1466.5385984047507,976.0791210660269,1442.6177194707775
2023-12-04 08:00:00+00:00,train,1466.5385984047507,976.0791210660269,1442.6177194707775
2023-12-04 12:00:00+00:00,train,1463.639917538647,976.0791210660269,1439.719038604674
2023-12-04 16:00:00+00:00,train,1463.639917538647,976.0791210660269,1439.719038604674
2023-12-04 20:00:00+00:00,train,1463.639917538647,976.0791210660269,1439.719038604674
2023-12-05 00:00:00+00:00,train,1463.639917538647,976.0791210660269,1439.719038604674
2023-12-05 04:00:00+00:00,train,1463.639917538647,976.0791210660269,1439.719038604674
2023-12-05 08:00:00+00:00,train,1463.639917538647,976.0791210660269,1439.719038604674
2023-12-05 12:00:00+00:00,train,1463.639917538647,976.0791210660269,1439.719038604674
2023-12-05 16:00:00+00:00,train,1467.7788610623127,976.0791210660269,1443.8579821283397
2023-12-05 20:00:00+00:00,train,1467.7788610623127,976.0791210660269,1443.8579821283397
2023-12-06 00:00:00+00:00,train,1471.9157098754222,976.0791210660269,1447.994830941449
2023-12-06 04:00:00+00:00,train,1471.9157098754222,976.0791210660269,1447.994830941449
2023-12-06 08:00:00+00:00,train,1476.2321638755632,976.0791210660269,1452.3112849415902
2023-12-06 12:00:00+00:00,train,1476.2321638755632,976.0791210660269,1452.3112849415902
2023-12-06 16:00:00+00:00,train,1476.2321638755632,976.0791210660269,1452.3112849415902
2023-12-06 20:00:00+00:00,train,1477.1839816229447,976.0791210660269,1453.2631026889717
2023-12-07 00:00:00+00:00,train,1478.135799370326,976.0791210660269,1454.2149204363527
2023-12-07 04:00:00+00:00,train,1479.0876171177074,976.0791210660269,1455.1667381837342
2023-12-07 08:00:00+00:00,train,1480.0394348650889,976.0791210660269,1456.1185559311157
2023-12-07 12:00:00+00:00,train,1480.9912526124701,976.0791210660269,1457.0703736784972
2023-12-07 16:00:00+00:00,train,1480.9912526124701,976.0791210660269,1457.0703736784972
2023-12-07 20:00:00+00:00,train,1485.9748041137577,976.0791210660269,1462.0539251797845
2023-12-08 00:00:00+00:00,train,1485.9748041137577,976.0791210660269,1462.0539251797845
2023-12-08 04:00:00+00:00,train,1485.9748041137577,976.0791210660269,1462.0539251797845
2023-12-08 08:00:00+00:00,train,1487.2841468590852,976.0791210660269,1463.3632679251123
2023-12-08 12:00:00+00:00,train,1488.593489604413,976.0791210660269,1464.67261067044
2023-12-08 16:00:00+00:00,train,1489.9028323497405,976.0791210660269,1465.9819534157673
2023-12-08 20:00:00+00:00,train,1491.2121750950682,976.0791210660269,1467.291296161095
2023-12-09 00:00:00+00:00,train,1491.2121750950682,976.0791210660269,1467.291296161095
2023-12-09 04:00:00+00:00,train,1491.2121750950682,976.0791210660269,1467.291296161095
2023-12-09 08:00:00+00:00,train,1491.04422793761,976.0791210660269,1467.123349003637
2023-12-09 12:00:00+00:00,train,1490.8762807801518,976.0791210660269,1466.9554018461786
2023-12-09 16:00:00+00:00,train,1490.7083336226933,976.0791210660269,1466.7874546887201
2023-12-09 20:00:00+00:00,train,1490.7083336226933,976.0791210660269,1466.7874546887201
2023-12-10 00:00:00+00:00,train,1490.7083336226933,976.0791210660269,1466.7874546887201
2023-12-10 04:00:00+00:00,train,1490.3473728771035,976.0791210660269,1466.4264939431305
2023-12-10 08:00:00+00:00,train,1489.9864121315136,976.0791210660269,1466.0655331975404
2023-12-10 12:00:00+00:00,train,1489.6254513859237,976.0791210660269,1465.7045724519508
2023-12-10 16:00:00+00:00,train,1489.2644906403339,976.0791210660269,1465.3436117063607
2023-12-10 20:00:00+00:00,train,1488.903529894744,976.0791210660269,1464.982650960771
2023-12-11 00:00:00+00:00,train,1488.5425691491541,976.0791210660269,1464.621690215181
2023-12-11 04:00:00+00:00,train,1488.5425691491541,976.0791210660269,1464.621690215181
2023-12-11 08:00:00+00:00,train,1488.5425691491541,976.0791210660269,1464.621690215181
2023-12-11 12:00:00+00:00,train,1488.5425691491541,976.0791210660269,1464.621690215181
2023-12-11 16:00:00+00:00,train,1488.138208346549,976.0791210660269,1464.217329412576
2023-12-11 20:00:00+00:00,train,1487.733847543944,976.0791210660269,1463.812968609971
2023-12-12 00:00:00+00:00,train,1487.3294867413388,976.0791210660269,1463.4086078073656
2023-12-12 04:00:00+00:00,train,1486.9251259387338,976.0791210660269,1463.0042470047606
2023-12-12 08:00:00+00:00,train,1486.5207651361286,976.0791210660269,1462.5998862021556
2023-12-12 12:00:00+00:00,train,1486.1164043335234,976.0791210660269,1462.1955253995502
2023-12-12 16:00:00+00:00,train,1485.7120435309184,976.0791210660269,1461.7911645969452
2023-12-12 20:00:00+00:00,train,1485.7120435309184,976.0791210660269,1461.7911645969452
2023-12-13 00:00:00+00:00,train,1485.7120435309184,976.0791210660269,1461.7911645969452
2023-12-13 04:00:00+00:00,train,1485.7120435309184,976.0791210660269,1461.7911645969452
2023-12-13 08:00:00+00:00,train,1485.7120435309184,976.0791210660269,1461.7911645969452
2023-12-13 12:00:00+00:00,train,1489.035359981298,976.0791210660269,1465.1144810473247
2023-12-13 16:00:00+00:00,train,1492.3586764316772,976.0791210660269,1468.4377974977042
2023-12-13 20:00:00+00:00,train,1492.3586764316772,976.0791210660269,1468.4377974977042
2023-12-14 00:00:00+00:00,train,1492.3586764316772,976.0791210660269,1468.4377974977042
2023-12-14 04:00:00+00:00,train,1491.7260049504894,976.0791210660269,1467.8051260165162
2023-12-14 08:00:00+00:00,train,1491.0933334693016,976.0791210660269,1467.1724545353286
2023-12-14 12:00:00+00:00,train,1490.4606619881138,976.0791210660269,1466.5397830541406
2023-12-14 16:00:00+00:00,train,1490.4606619881138,976.0791210660269,1466.5397830541406
2023-12-14 20:00:00+00:00,train,1490.4606619881138,976.0791210660269,1466.5397830541406
2023-12-15 00:00:00+00:00,train,1492.4428442808355,976.0791210660269,1468.5219653468625
2023-12-15 04:00:00+00:00,train,1494.4250265735575,976.0791210660269,1470.5041476395845
2023-12-15 08:00:00+00:00,train,1496.4072088662792,976.0791210660269,1472.486329932306
2023-12-15 12:00:00+00:00,train,1496.4072088662792,976.0791210660269,1472.486329932306
2023-12-15 16:00:00+00:00,train,1496.4072088662792,976.0791210660269,1472.486329932306
2023-12-15 20:00:00+00:00,train,1496.4072088662792,976.0791210660269,1472.486329932306
2023-12-16 00:00:00+00:00,train,1496.4072088662792,976.0791210660269,1472.486329932306
2023-12-16 04:00:00+00:00,train,1496.4072088662792,976.0791210660269,1472.486329932306
2023-12-16 08:00:00+00:00,train,1496.4072088662792,976.0791210660269,1472.486329932306
2023-12-16 12:00:00+00:00,train,1495.797568870614,976.0791210660269,1471.876689936641
2023-12-16 16:00:00+00:00,train,1495.187928874949,976.0791210660269,1471.267049940976
2023-12-16 20:00:00+00:00,train,1494.5782888792837,976.0791210660269,1470.6574099453105
2023-12-17 00:00:00+00:00,train,1493.9686488836187,976.0791210660269,1470.0477699496455
2023-12-17 04:00:00+00:00,train,1493.9686488836187,976.0791210660269,1470.0477699496455
2023-12-17 08:00:00+00:00,train,1493.9686488836187,976.0791210660269,1470.0477699496455
2023-12-17 12:00:00+00:00,train,1493.9686488836187,976.0791210660269,1470.0477699496455
2023-12-17 16:00:00+00:00,train,1493.9686488836187,976.0791210660269,1470.0477699496455
2023-12-17 20:00:00+00:00,train,1493.9686488836187,976.0791210660269,1470.0477699496455
2023-12-18 00:00:00+00:00,train,1493.9686488836187,976.0791210660269,1470.0477699496455
2023-12-18 04:00:00+00:00,train,1493.9686488836187,976.0791210660269,1470.0477699496455
2023-12-18 08:00:00+00:00,train,1493.9686488836187,976.0791210660269,1470.0477699496455
2023-12-18 12:00:00+00:00,train,1493.9686488836187,976.0791210660269,1470.0477699496455
2023-12-18 16:00:00+00:00,train,1496.817319149267,976.0791210660269,1472.8964402152938
2023-12-18 20:00:00+00:00,train,1499.6659894149154,976.0791210660269,1475.7451104809425
2023-12-19 00:00:00+00:00,train,1499.6659894149154,976.0791210660269,1475.7451104809425
2023-12-19 04:00:00+00:00,train,1499.6659894149154,976.0791210660269,1475.7451104809425
2023-12-19 08:00:00+00:00,train,1498.4132902987253,976.0791210660269,1474.4924113647521
2023-12-19 12:00:00+00:00,train,1497.160591182535,976.0791210660269,1473.2397122485618
2023-12-19 16:00:00+00:00,train,1495.9078920663449,976.0791210660269,1471.9870131323719
2023-12-19 20:00:00+00:00,train,1495.9078920663449,976.0791210660269,1471.9870131323719
2023-12-20 00:00:00+00:00,train,1495.9078920663449,976.0791210660269,1471.9870131323719
2023-12-20 04:00:00+00:00,train,1498.5295363985938,976.0791210660269,1474.6086574646206
2023-12-20 08:00:00+00:00,train,1501.1511807308427,976.0791210660269,1477.2303017968698
2023-12-20 12:00:00+00:00,train,1501.1511807308427,976.0791210660269,1477.2303017968698
2023-12-20 16:00:00+00:00,train,1501.1511807308427,976.0791210660269,1477.2303017968698
2023-12-20 20:00:00+00:00,train,1500.2337678242366,976.0791210660269,1476.3128888902634
2023-12-21 00:00:00+00:00,train,1500.2337678242366,976.0791210660269,1476.3128888902634
2023-12-21 04:00:00+00:00,train,1500.2337678242366,976.0791210660269,1476.3128888902634
2023-12-21 08:00:00+00:00,train,1505.5009093896358,976.0791210660269,1481.5800304556628
2023-12-21 12:00:00+00:00,train,1505.5009093896358,976.0791210660269,1481.5800304556628
2023-12-21 16:00:00+00:00,train,1510.7023748602712,976.0791210660269,1486.7814959262982
2023-12-21 20:00:00+00:00,train,1510.7023748602712,976.0791210660269,1486.7814959262982
2023-12-22 00:00:00+00:00,train,1516.2386909045822,976.0791210660269,1492.317811970609
2023-12-22 04:00:00+00:00,train,1516.2386909045822,976.0791210660269,1492.317811970609
2023-12-22 08:00:00+00:00,train,1516.2386909045822,976.0791210660269,1492.317811970609
2023-12-22 12:00:00+00:00,train,1517.0236038659432,976.0791210660269,1493.10272493197
2023-12-22 16:00:00+00:00,train,1517.8085168273044,976.0791210660269,1493.8876378933314
2023-12-22 20:00:00+00:00,train,1518.5934297886654,976.0791210660269,1494.6725508546924
2023-12-23 00:00:00+00:00,train,1519.3783427500264,976.0791210660269,1495.4574638160534
2023-12-23 04:00:00+00:00,train,1520.1632557113876,976.0791210660269,1496.2423767774144
2023-12-23 08:00:00+00:00,train,1520.9481686727486,976.0791210660269,1497.0272897387754
2023-12-23 12:00:00+00:00,train,1521.7330816341096,976.0791210660269,1497.8122027001364
2023-12-23 16:00:00+00:00,train,1522.5179945954706,976.0791210660269,1498.5971156614974
2023-12-23 20:00:00+00:00,train,1522.5179945954706,976.0791210660269,1498.5971156614974
2023-12-24 00:00:00+00:00,train,1528.5261417171648,976.0791210660269,1504.6052627831918
2023-12-24 04:00:00+00:00,train,1528.5261417171648,976.0791210660269,1504.6052627831918
2023-12-24 08:00:00+00:00,train,1528.5261417171648,976.0791210660269,1504.6052627831918
2023-12-24 12:00:00+00:00,train,1528.5261417171648,976.0791210660269,1504.6052627831918
2023-12-24 16:00:00+00:00,train,1528.5261417171648,976.0791210660269,1504.6052627831918
2023-12-24 20:00:00+00:00,train,1528.5261417171648,976.0791210660269,1504.6052627831918
2023-12-25 00:00:00+00:00,train,1528.5261417171648,976.0791210660269,1504.6052627831918
2023-12-25 04:00:00+00:00,train,1528.5261417171648,976.0791210660269,1504.6052627831918
2023-12-25 08:00:00+00:00,train,1528.5261417171648,976.0791210660269,1504.6052627831918
2023-12-25 12:00:00+00:00,train,1528.5261417171648,976.0791210660269,1504.6052627831918
2023-12-25 16:00:00+00:00,train,1528.5261417171648,976.0791210660269,1504.6052627831918
2023-12-25 20:00:00+00:00,train,1528.5261417171648,976.0791210660269,1504.6052627831918
2023-12-26 00:00:00+00:00,train,1528.5261417171648,976.0791210660269,1504.6052627831918
2023-12-26 04:00:00+00:00,train,1528.5261417171648,976.0791210660269,1504.6052627831918
2023-12-26 08:00:00+00:00,train,1528.5261417171648,976.0791210660269,1504.6052627831918
2023-12-26 12:00:00+00:00,train,1528.5261417171648,976.0791210660269,1504.6052627831918
2023-12-26 16:00:00+00:00,train,1528.5261417171648,976.0791210660269,1504.6052627831918
2023-12-26 20:00:00+00:00,train,1528.5261417171648,976.0791210660269,1504.6052627831918
2023-12-27 00:00:00+00:00,train,1528.5261417171648,976.0791210660269,1504.6052627831918
2023-12-27 04:00:00+00:00,train,1528.5261417171648,976.0791210660269,1504.6052627831918
2023-12-27 08:00:00+00:00,train,1528.5261417171648,976.0791210660269,1504.6052627831918
2023-12-27 12:00:00+00:00,train,1528.5261417171648,976.0791210660269,1504.6052627831918
2023-12-27 16:00:00+00:00,train,1528.5261417171648,976.0791210660269,1504.6052627831918
2023-12-27 20:00:00+00:00,train,1528.5261417171648,976.0791210660269,1504.6052627831918
2023-12-28 00:00:00+00:00,train,1528.5261417171648,976.0791210660269,1504.6052627831918
2023-12-28 04:00:00+00:00,train,1528.5261417171648,976.0791210660269,1504.6052627831918
2023-12-28 08:00:00+00:00,train,1528.5261417171648,976.0791210660269,1504.6052627831918
2023-12-28 12:00:00+00:00,train,1528.5261417171648,976.0791210660269,1504.6052627831918
2023-12-28 16:00:00+00:00,train,1528.5261417171648,976.0791210660269,1504.6052627831918
2023-12-28 20:00:00+00:00,train,1528.5261417171648,976.0791210660269,1504.6052627831918
2023-12-29 00:00:00+00:00,train,1528.5261417171648,976.0791210660269,1504.6052627831918
2023-12-29 04:00:00+00:00,train,1528.5261417171648,976.0791210660269,1504.6052627831918
2023-12-29 08:00:00+00:00,train,1528.5261417171648,976.0791210660269,1504.6052627831918
2023-12-29 12:00:00+00:00,train,1528.5261417171648,976.0791210660269,1504.6052627831918
2023-12-29 16:00:00+00:00,train,1528.5261417171648,976.0791210660269,1504.6052627831918
2023-12-29 20:00:00+00:00,train,1528.5261417171648,976.0791210660269,1504.6052627831918
2023-12-30 00:00:00+00:00,train,1528.5261417171648,976.0791210660269,1504.6052627831918
2023-12-30 04:00:00+00:00,train,1528.5261417171648,976.0791210660269,1504.6052627831918
2023-12-30 08:00:00+00:00,train,1528.5261417171648,976.0791210660269,1504.6052627831918
2023-12-30 12:00:00+00:00,train,1528.5261417171648,976.0791210660269,1504.6052627831918
2023-12-30 16:00:00+00:00,train,1528.5261417171648,976.0791210660269,1504.6052627831918
2023-12-30 20:00:00+00:00,train,1528.5261417171648,976.0791210660269,1504.6052627831918
2023-12-31 00:00:00+00:00,train,1528.5261417171648,976.0791210660269,1504.6052627831918
2023-12-31 04:00:00+00:00,train,1528.5261417171648,976.0791210660269,1504.6052627831918
2023-12-31 08:00:00+00:00,train,1528.5261417171648,976.0791210660269,1504.6052627831918
2023-12-31 12:00:00+00:00,train,1529.1501377223153,976.0791210660269,1505.2292587883421
2023-12-31 16:00:00+00:00,train,1529.7741337274658,976.0791210660269,1505.8532547934929
2023-12-31 20:00:00+00:00,train,1530.3981297326166,976.0791210660269,1506.4772507986436
2024-01-01 00:00:00+00:00,train,1531.022125737767,976.0791210660269,1507.1012468037939
2024-01-01 04:00:00+00:00,train,1531.6461217429176,976.0791210660269,1507.7252428089446
2024-01-01 08:00:00+00:00,train,1532.270117748068,976.0791210660269,1508.3492388140949
2024-01-01 12:00:00+00:00,train,1532.8941137532188,976.0791210660269,1508.9732348192456
2024-01-01 16:00:00+00:00,train,1533.5181097583693,976.0791210660269,1509.5972308243963
2024-01-01 20:00:00+00:00,train,1534.1421057635198,976.0791210660269,1510.2212268295466
2024-01-02 00:00:00+00:00,train,1534.7661017686705,976.0791210660269,1510.8452228346973
2024-01-02 04:00:00+00:00,train,1534.7661017686705,976.0791210660269,1510.8452228346973
2024-01-02 08:00:00+00:00,train,1534.7661017686705,976.0791210660269,1510.8452228346973
2024-01-02 12:00:00+00:00,train,1534.7661017686705,976.0791210660269,1510.8452228346973
2024-01-02 16:00:00+00:00,train,1534.7661017686705,976.0791210660269,1510.8452228346973
2024-01-02 20:00:00+00:00,train,1533.8289385771498,976.0791210660269,1509.9080596431768
2024-01-03 00:00:00+00:00,train,1532.891775385629,976.0791210660269,1508.9708964516558
2024-01-03 04:00:00+00:00,train,1531.9546121941082,976.0791210660269,1508.0337332601353
2024-01-03 08:00:00+00:00,train,1531.0174490025872,976.0791210660269,1507.0965700686143
2024-01-03 12:00:00+00:00,train,1531.0174490025872,976.0791210660269,1507.0965700686143
2024-01-03 16:00:00+00:00,train,1531.0174490025872,976.0791210660269,1507.0965700686143
2024-01-03 20:00:00+00:00,train,1531.0174490025872,976.0791210660269,1507.0965700686143
2024-01-04 00:00:00+00:00,train,1531.0174490025872,976.0791210660269,1507.0965700686143
2024-01-04 04:00:00+00:00,train,1531.0174490025872,976.0791210660269,1507.0965700686143
2024-01-04 08:00:00+00:00,train,1531.0174490025872,976.0791210660269,1507.0965700686143
2024-01-04 12:00:00+00:00,train,1531.0174490025872,976.0791210660269,1507.0965700686143
2024-01-04 16:00:00+00:00,train,1531.0174490025872,976.0791210660269,1507.0965700686143
2024-01-04 20:00:00+00:00,train,1531.0174490025872,976.0791210660269,1507.0965700686143
2024-01-05 00:00:00+00:00,train,1531.0174490025872,976.0791210660269,1507.0965700686143
2024-01-05 04:00:00+00:00,train,1531.0174490025872,976.0791210660269,1507.0965700686143
2024-01-05 08:00:00+00:00,train,1531.0174490025872,974.1984908998916,1505.2159399024786
2024-01-05 12:00:00+00:00,train,1531.0174490025872,974.1984908998916,1505.2159399024786
2024-01-05 16:00:00+00:00,train,1531.0174490025872,974.1984908998916,1505.2159399024786
2024-01-05 20:00:00+00:00,train,1531.0174490025872,972.3693659617163,1503.3868149643035
2024-01-06 00:00:00+00:00,train,1531.0174490025872,972.3693659617163,1503.3868149643035
2024-01-06 04:00:00+00:00,train,1531.0174490025872,972.3693659617163,1503.3868149643035
2024-01-06 08:00:00+00:00,train,1531.0174490025872,973.264282348776,1504.2817313513633
2024-01-06 12:00:00+00:00,train,1531.0174490025872,974.1591987358355,1505.1766477384226
2024-01-06 16:00:00+00:00,train,1531.0174490025872,975.0541151228952,1506.0715641254824
2024-01-06 20:00:00+00:00,train,1531.0174490025872,975.9490315099547,1506.9664805125421
2024-01-07 00:00:00+00:00,train,1531.0174490025872,976.8439478970143,1507.8613968996015
2024-01-07 04:00:00+00:00,train,1531.0174490025872,977.7388642840739,1508.7563132866612
2024-01-07 08:00:00+00:00,train,1531.0174490025872,978.6337806711335,1509.651229673721
2024-01-07 12:00:00+00:00,train,1531.0174490025872,979.5286970581931,1510.5461460607803
2024-01-07 16:00:00+00:00,train,1531.0174490025872,980.4236134452527,1511.44106244784
2024-01-07 20:00:00+00:00,train,1531.0174490025872,981.3185298323124,1512.3359788348998
2024-01-08 00:00:00+00:00,train,1531.0174490025872,981.3185298323124,1512.3359788348998
2024-01-08 04:00:00+00:00,train,1531.0174490025872,981.3185298323124,1512.3359788348998
2024-01-08 08:00:00+00:00,train,1531.0174490025872,981.3185298323124,1512.3359788348998
2024-01-08 12:00:00+00:00,train,1531.0174490025872,981.3185298323124,1512.3359788348998
2024-01-08 16:00:00+00:00,train,1531.0174490025872,981.3185298323124,1512.3359788348998
2024-01-08 20:00:00+00:00,train,1533.172323504147,981.3185298323124,1514.4908533364596
2024-01-09 00:00:00+00:00,train,1535.3271980057066,981.3185298323124,1516.645727838019
2024-01-09 04:00:00+00:00,train,1537.4820725072664,981.3185298323124,1518.8006023395787
2024-01-09 08:00:00+00:00,train,1537.4820725072664,981.3185298323124,1518.8006023395787
2024-01-09 12:00:00+00:00,train,1537.4820725072664,981.3185298323124,1518.8006023395787
2024-01-09 16:00:00+00:00,train,1537.4820725072664,981.3185298323124,1518.8006023395787
2024-01-09 20:00:00+00:00,train,1533.0215074158007,981.3185298323124,1514.3400372481128
2024-01-10 00:00:00+00:00,train,1533.0215074158007,981.3185298323124,1514.3400372481128
2024-01-10 04:00:00+00:00,train,1533.0215074158007,981.3185298323124,1514.3400372481128
2024-01-10 08:00:00+00:00,train,1533.0215074158007,981.3185298323124,1514.3400372481128
2024-01-10 12:00:00+00:00,train,1528.4532374342598,981.3185298323124,1509.7717672665722
2024-01-10 16:00:00+00:00,train,1528.4532374342598,980.5101422317282,1508.9633796659882
2024-01-10 20:00:00+00:00,train,1535.0795806211852,979.7017546311441,1514.7813352523294
2024-01-11 00:00:00+00:00,train,1535.0795806211852,979.7017546311441,1514.7813352523294
2024-01-11 04:00:00+00:00,train,1535.0795806211852,979.7017546311441,1514.7813352523294
2024-01-11 08:00:00+00:00,train,1535.0795806211852,979.7017546311441,1514.7813352523294
2024-01-11 12:00:00+00:00,train,1535.0795806211852,979.7017546311441,1514.7813352523294
2024-01-11 16:00:00+00:00,train,1535.0795806211852,979.7017546311441,1514.7813352523294
2024-01-11 20:00:00+00:00,train,1535.0795806211852,979.7017546311441,1514.7813352523294
2024-01-12 00:00:00+00:00,train,1535.0795806211852,979.7017546311441,1514.7813352523294
2024-01-12 04:00:00+00:00,train,1535.0795806211852,977.9328314888648,1513.0124121100498
2024-01-12 08:00:00+00:00,train,1535.0795806211852,977.9328314888648,1513.0124121100498
2024-01-12 12:00:00+00:00,train,1535.0795806211852,977.9328314888648,1513.0124121100498
2024-01-12 16:00:00+00:00,train,1535.0795806211852,982.2797862469098,1517.359366868095
2024-01-12 20:00:00+00:00,train,1530.4532980415177,986.6267410049547,1517.0800390464724
2024-01-13 00:00:00+00:00,train,1530.4532980415177,986.6267410049547,1517.0800390464724
2024-01-13 04:00:00+00:00,train,1530.4532980415177,984.7694224029593,1515.222720444477
2024-01-13 08:00:00+00:00,train,1530.4532980415177,984.7694224029593,1515.222720444477
2024-01-13 12:00:00+00:00,train,1530.4532980415177,984.7694224029593,1515.222720444477
2024-01-13 16:00:00+00:00,train,1530.4532980415177,983.1332817880176,1513.5865798295354
2024-01-13 20:00:00+00:00,train,1531.749989997182,983.1332817880176,1514.8832717851997
2024-01-14 00:00:00+00:00,train,1533.0466819528465,983.1332817880176,1516.179963740864
2024-01-14 04:00:00+00:00,train,1534.3433739085108,983.1332817880176,1517.4766556965283
2024-01-14 08:00:00+00:00,train,1535.640065864175,983.1332817880176,1518.7733476521926
2024-01-14 12:00:00+00:00,train,1536.9367578198394,983.1332817880176,1520.0700396078569
2024-01-14 16:00:00+00:00,train,1536.9367578198394,983.1332817880176,1520.0700396078569
2024-01-14 20:00:00+00:00,train,1536.9367578198394,981.6128980246693,1518.5496558445088
2024-01-15 00:00:00+00:00,train,1537.05933723446,981.6128980246693,1518.6722352591291
2024-01-15 04:00:00+00:00,train,1537.1819166490807,981.6128980246693,1518.79481467375
2024-01-15 08:00:00+00:00,train,1537.3044960637012,981.361498992106,1518.6659950558073
2024-01-15 12:00:00+00:00,train,1537.4270754783217,981.1100999595427,1518.5371754378643
2024-01-15 16:00:00+00:00,train,1537.5496548929425,980.8587009269795,1518.4083558199218
2024-01-15 20:00:00+00:00,train,1537.672234307563,980.6073018944162,1518.2795362019792
2024-01-16 00:00:00+00:00,train,1537.7948137221836,980.3559028618529,1518.1507165840367
2024-01-16 04:00:00+00:00,train,1537.9173931368043,980.1045038292896,1518.0218969660937
2024-01-16 08:00:00+00:00,train,1538.0399725514249,980.1045038292896,1518.1444763807144
2024-01-16 12:00:00+00:00,train,1538.1625519660456,980.1045038292896,1518.2670557953352
2024-01-16 16:00:00+00:00,train,1538.2851313806661,980.1045038292896,1518.3896352099555
2024-01-16 20:00:00+00:00,train,1538.407710795287,980.1045038292896,1518.5122146245767
2024-01-17 00:00:00+00:00,train,1538.407710795287,980.1045038292896,1518.5122146245767
2024-01-17 04:00:00+00:00,train,1538.407710795287,980.1045038292896,1518.5122146245767
2024-01-17 08:00:00+00:00,train,1538.407710795287,980.1045038292896,1518.5122146245767
2024-01-17 12:00:00+00:00,train,1538.407710795287,980.1045038292896,1518.5122146245767
2024-01-17 16:00:00+00:00,train,1538.407710795287,980.1045038292896,1518.5122146245767
2024-01-17 20:00:00+00:00,train,1538.407710795287,980.1045038292896,1518.5122146245767
2024-01-18 00:00:00+00:00,train,1538.407710795287,980.1045038292896,1518.5122146245767
2024-01-18 04:00:00+00:00,train,1538.407710795287,980.1045038292896,1518.5122146245767
2024-01-18 08:00:00+00:00,train,1538.407710795287,980.1045038292896,1518.5122146245767
2024-01-18 12:00:00+00:00,train,1538.407710795287,980.1045038292896,1518.5122146245767
2024-01-18 16:00:00+00:00,train,1538.407710795287,980.1045038292896,1518.5122146245767
2024-01-18 20:00:00+00:00,train,1538.407710795287,980.1045038292896,1518.5122146245767
2024-01-19 00:00:00+00:00,train,1537.9521439363411,980.1045038292896,1518.0566477656307
2024-01-19 04:00:00+00:00,train,1537.4965770773954,978.7371933159997,1516.233770393395
2024-01-19 08:00:00+00:00,train,1537.0410102184499,978.7371933159997,1515.7782035344494
2024-01-19 12:00:00+00:00,train,1536.585443359504,978.7371933159997,1515.3226366755039
2024-01-19 16:00:00+00:00,train,1536.1298765005583,985.3733254247894,1521.5032019253476
2024-01-19 20:00:00+00:00,train,1536.1298765005583,985.3733254247894,1521.5032019253476
2024-01-20 00:00:00+00:00,train,1536.1298765005583,985.3733254247894,1521.5032019253476
2024-01-20 04:00:00+00:00,train,1536.1298765005583,985.7442655957295,1521.8741420962879
2024-01-20 08:00:00+00:00,train,1534.269233135188,986.1152057666698,1520.3844389018577
2024-01-20 12:00:00+00:00,train,1532.4085897698174,986.4861459376099,1518.8947357074271
2024-01-20 16:00:00+00:00,train,1532.4085897698174,986.8570861085501,1519.2656758783673
2024-01-20 20:00:00+00:00,train,1532.4085897698174,987.2280262794902,1519.6366160493076
2024-01-21 00:00:00+00:00,train,1532.4085897698174,987.5989664504305,1520.0075562202478
2024-01-21 04:00:00+00:00,train,1532.4085897698174,987.9699066213706,1520.378496391188
2024-01-21 08:00:00+00:00,train,1532.4085897698174,988.3408467923108,1520.7494365621283
2024-01-21 12:00:00+00:00,train,1532.4085897698174,988.7117869632509,1521.120376733068
2024-01-21 16:00:00+00:00,train,1532.4085897698174,989.0827271341911,1521.4913169040083
2024-01-21 20:00:00+00:00,train,1532.4085897698174,989.4536673051313,1521.8622570749485
2024-01-22 00:00:00+00:00,train,1532.4085897698174,989.8246074760714,1522.2331972458887
2024-01-22 04:00:00+00:00,train,1532.4085897698174,989.8246074760714,1522.2331972458887
2024-01-22 08:00:00+00:00,train,1532.4085897698174,989.8246074760714,1522.2331972458887
2024-01-22 12:00:00+00:00,train,1532.4085897698174,992.539342505423,1524.9479322752404
2024-01-22 16:00:00+00:00,train,1532.4085897698174,995.2540775347745,1527.662667304592
2024-01-22 20:00:00+00:00,train,1532.4085897698174,995.2540775347745,1527.662667304592
2024-01-23 00:00:00+00:00,train,1532.4085897698174,993.9540767050311,1526.3626664748485
2024-01-23 04:00:00+00:00,train,1532.4085897698174,993.9540767050311,1526.3626664748485
2024-01-23 08:00:00+00:00,train,1532.4085897698174,993.9540767050311,1526.3626664748485
2024-01-23 12:00:00+00:00,train,1532.4085897698174,992.5405907735272,1524.9491805433445
2024-01-23 16:00:00+00:00,train,1532.4085897698174,992.5405907735272,1524.9491805433445
2024-01-23 20:00:00+00:00,train,1532.4085897698174,991.0960882418348,1523.5046780116522
2024-01-24 00:00:00+00:00,train,1532.4085897698174,991.0960882418348,1523.5046780116522
2024-01-24 04:00:00+00:00,train,1532.4085897698174,991.0960882418348,1523.5046780116522
2024-01-24 08:00:00+00:00,train,1537.9085331169758,989.7169645356912,1527.625497652667
2024-01-24 12:00:00+00:00,train,1537.9085331169758,989.7169645356912,1527.625497652667
2024-01-24 16:00:00+00:00,train,1537.9085331169758,989.7169645356912,1527.625497652667
2024-01-24 20:00:00+00:00,train,1538.430747848328,988.3894263064461,1526.8201741547741
2024-01-25 00:00:00+00:00,train,1538.9529625796804,988.3894263064461,1527.3423888861266
2024-01-25 04:00:00+00:00,train,1539.4751773110324,988.3894263064461,1527.8646036174787
2024-01-25 08:00:00+00:00,train,1539.9973920423847,988.3894263064461,1528.3868183488307
2024-01-25 12:00:00+00:00,train,1540.519606773737,988.3894263064461,1528.9090330801832
2024-01-25 16:00:00+00:00,train,1541.0418215050893,987.1051026084355,1528.1469241135246
2024-01-25 20:00:00+00:00,train,1541.5640362364416,987.1051026084355,1528.6691388448771
2024-01-26 00:00:00+00:00,train,1542.0862509677936,985.8673383797943,1527.9535893475877
2024-01-26 04:00:00+00:00,train,1542.6084656991459,985.8673383797943,1528.4758040789402
2024-01-26 08:00:00+00:00,train,1543.1306804304982,985.8673383797943,1528.9980188102927
2024-01-26 12:00:00+00:00,train,1543.1306804304982,985.8673383797943,1528.9980188102927
2024-01-26 16:00:00+00:00,train,1543.1306804304982,985.8673383797943,1528.9980188102927
2024-01-26 20:00:00+00:00,train,1543.1306804304982,985.8673383797943,1528.9980188102927
2024-01-27 00:00:00+00:00,train,1543.1306804304982,985.8673383797943,1528.9980188102927
2024-01-27 04:00:00+00:00,train,1543.1306804304982,985.8673383797943,1528.9980188102927
2024-01-27 08:00:00+00:00,train,1543.1306804304982,985.8673383797943,1528.9980188102927
2024-01-27 12:00:00+00:00,train,1544.1834049953377,985.8673383797943,1530.0507433751318
2024-01-27 16:00:00+00:00,train,1545.2361295601772,985.8673383797943,1531.1034679399718
2024-01-27 20:00:00+00:00,train,1546.2888541250168,985.8673383797943,1532.1561925048109
2024-01-28 00:00:00+00:00,train,1547.3415786898563,985.8673383797943,1533.2089170696509
2024-01-28 04:00:00+00:00,train,1547.3415786898563,985.8673383797943,1533.2089170696509
2024-01-28 08:00:00+00:00,train,1547.3415786898563,985.8673383797943,1533.2089170696509
2024-01-28 12:00:00+00:00,train,1547.3415786898563,985.8673383797943,1533.2089170696509
2024-01-28 16:00:00+00:00,train,1544.7191803932674,985.8673383797943,1530.5865187730615
2024-01-28 20:00:00+00:00,train,1544.7191803932674,985.8673383797943,1530.5865187730615
2024-01-29 00:00:00+00:00,train,1544.7191803932674,985.8673383797943,1530.5865187730615
2024-01-29 04:00:00+00:00,train,1546.0207812644705,985.8673383797943,1531.8881196442649
2024-01-29 08:00:00+00:00,train,1547.3223821356737,985.8673383797943,1533.1897205154683
2024-01-29 12:00:00+00:00,train,1548.6239830068769,985.8673383797943,1534.4913213866712
2024-01-29 16:00:00+00:00,train,1548.6239830068769,985.8673383797943,1534.4913213866712
2024-01-29 20:00:00+00:00,train,1548.6239830068769,985.8673383797943,1534.4913213866712
2024-01-30 00:00:00+00:00,train,1548.6239830068769,985.8673383797943,1534.4913213866712
2024-01-30 04:00:00+00:00,train,1548.6239830068769,985.8673383797943,1534.4913213866712
2024-01-30 08:00:00+00:00,train,1548.6239830068769,985.8673383797943,1534.4913213866712
2024-01-30 12:00:00+00:00,train,1548.6239830068769,985.8673383797943,1534.4913213866712
2024-01-30 16:00:00+00:00,train,1548.6239830068769,985.8673383797943,1534.4913213866712
2024-01-30 20:00:00+00:00,train,1548.6239830068769,985.8673383797943,1534.4913213866712
2024-01-31 00:00:00+00:00,train,1548.6239830068769,985.8673383797943,1534.4913213866712
2024-01-31 04:00:00+00:00,train,1548.6239830068769,985.8673383797943,1534.4913213866712
2024-01-31 08:00:00+00:00,train,1545.717027306046,985.8673383797943,1531.5843656858406
2024-01-31 12:00:00+00:00,train,1545.717027306046,985.8673383797943,1531.5843656858406
2024-01-31 16:00:00+00:00,train,1545.717027306046,985.8673383797943,1531.5843656858406
2024-01-31 20:00:00+00:00,train,1545.717027306046,985.8673383797943,1531.5843656858406
2024-02-01 00:00:00+00:00,train,1545.717027306046,985.8673383797943,1531.5843656858406
2024-02-01 04:00:00+00:00,train,1545.717027306046,985.8673383797943,1531.5843656858406
2024-02-01 08:00:00+00:00,train,1545.717027306046,985.8673383797943,1531.5843656858406
2024-02-01 12:00:00+00:00,train,1545.717027306046,985.8673383797943,1531.5843656858406
2024-02-01 16:00:00+00:00,train,1546.9283170812312,985.8673383797943,1532.7956554610255
2024-02-01 20:00:00+00:00,train,1548.1396068564163,985.8673383797943,1534.0069452362104
2024-02-02 00:00:00+00:00,train,1549.3508966316015,985.8673383797943,1535.2182350113958
2024-02-02 04:00:00+00:00,train,1550.5621864067866,985.8673383797943,1536.4295247865812
2024-02-02 08:00:00+00:00,train,1550.5621864067866,985.8673383797943,1536.4295247865812
2024-02-02 12:00:00+00:00,train,1547.5855115644179,985.8673383797943,1533.4528499442122
2024-02-02 16:00:00+00:00,train,1547.5855115644179,985.8673383797943,1533.4528499442122
2024-02-02 20:00:00+00:00,train,1547.5855115644179,985.8673383797943,1533.4528499442122
2024-02-03 00:00:00+00:00,train,1547.5855115644179,985.8673383797943,1533.4528499442122
2024-02-03 04:00:00+00:00,train,1547.5855115644179,985.8673383797943,1533.4528499442122
2024-02-03 08:00:00+00:00,train,1547.5855115644179,985.8673383797943,1533.4528499442122
2024-02-03 12:00:00+00:00,train,1547.5855115644179,985.8673383797943,1533.4528499442122
2024-02-03 16:00:00+00:00,train,1547.5855115644179,985.8673383797943,1533.4528499442122
2024-02-03 20:00:00+00:00,train,1547.5855115644179,985.8673383797943,1533.4528499442122
2024-02-04 00:00:00+00:00,train,1547.5855115644179,985.8673383797943,1533.4528499442122
2024-02-04 04:00:00+00:00,train,1547.5855115644179,985.8673383797943,1533.4528499442122
2024-02-04 08:00:00+00:00,train,1547.5855115644179,985.8673383797943,1533.4528499442122
2024-02-04 12:00:00+00:00,train,1547.5855115644179,985.8673383797943,1533.4528499442122
2024-02-04 16:00:00+00:00,train,1547.5855115644179,985.8673383797943,1533.4528499442122
2024-02-04 20:00:00+00:00,train,1547.5855115644179,985.8673383797943,1533.4528499442122
2024-02-05 00:00:00+00:00,train,1547.5855115644179,985.8673383797943,1533.4528499442122
2024-02-05 04:00:00+00:00,train,1547.5855115644179,985.8673383797943,1533.4528499442122
2024-02-05 08:00:00+00:00,train,1547.5855115644179,985.8673383797943,1533.4528499442122
2024-02-05 12:00:00+00:00,train,1547.5855115644179,985.8673383797943,1533.4528499442122
2024-02-05 16:00:00+00:00,train,1547.5855115644179,985.8673383797943,1533.4528499442122
2024-02-05 20:00:00+00:00,train,1546.9886656769497,985.8673383797943,1532.856004056744
2024-02-06 00:00:00+00:00,train,1546.3918197894816,985.8673383797943,1532.259158169276
2024-02-06 04:00:00+00:00,train,1545.7949739020132,985.8673383797943,1531.6623122818073
2024-02-06 08:00:00+00:00,train,1545.198128014545,985.8673383797943,1531.0654663943396
2024-02-06 12:00:00+00:00,train,1545.198128014545,985.8673383797943,1531.0654663943396
2024-02-06 16:00:00+00:00,train,1545.198128014545,984.9754966220631,1530.173624636608
2024-02-06 20:00:00+00:00,train,1544.8860252122977,984.9754966220631,1529.8615218343607
2024-02-07 00:00:00+00:00,train,1544.5739224100503,984.9754966220631,1529.5494190321133
2024-02-07 04:00:00+00:00,train,1544.2618196078026,984.9754966220631,1529.2373162298659
2024-02-07 08:00:00+00:00,train,1543.9497168055555,984.9754966220631,1528.9252134276185
2024-02-07 12:00:00+00:00,train,1543.9497168055555,984.1288132142662,1528.0785300198218
2024-02-07 16:00:00+00:00,train,1543.9497168055555,984.1288132142662,1528.0785300198218
2024-02-07 20:00:00+00:00,train,1546.9055965093403,984.1288132142662,1531.0344097236066
2024-02-08 00:00:00+00:00,train,1546.9055965093403,984.1288132142662,1531.0344097236066
2024-02-08 04:00:00+00:00,train,1546.9055965093403,984.1288132142662,1531.0344097236066
2024-02-08 08:00:00+00:00,train,1548.4075679404964,984.1288132142662,1532.5363811547627
2024-02-08 12:00:00+00:00,train,1549.9095393716525,984.1288132142662,1534.0383525859188
2024-02-08 16:00:00+00:00,train,1549.9095393716525,984.1288132142662,1534.0383525859188
2024-02-08 20:00:00+00:00,train,1549.9095393716525,984.1288132142662,1534.0383525859188
2024-02-09 00:00:00+00:00,train,1553.0855330625404,984.1288132142662,1537.2143462768067
2024-02-09 04:00:00+00:00,train,1553.0855330625404,984.1288132142662,1537.2143462768067
2024-02-09 08:00:00+00:00,train,1553.0855330625404,984.1288132142662,1537.2143462768067
2024-02-09 12:00:00+00:00,train,1554.0960898594878,984.1288132142662,1538.224903073754
2024-02-09 16:00:00+00:00,train,1555.1066466564353,984.1288132142662,1539.2354598707016
2024-02-09 20:00:00+00:00,train,1556.1172034533827,984.1288132142662,1540.2460166676487
2024-02-10 00:00:00+00:00,train,1556.1172034533827,984.1288132142662,1540.2460166676487
2024-02-10 04:00:00+00:00,train,1556.1172034533827,984.1288132142662,1540.2460166676487
2024-02-10 08:00:00+00:00,train,1553.7552637141293,984.1288132142662,1537.8840769283956
2024-02-10 12:00:00+00:00,train,1553.7552637141293,984.1288132142662,1537.8840769283956
2024-02-10 16:00:00+00:00,train,1553.7552637141293,984.1288132142662,1537.8840769283956
2024-02-10 20:00:00+00:00,train,1553.5737232937604,984.1288132142662,1537.7025365080267
2024-02-11 00:00:00+00:00,train,1553.3921828733917,984.1288132142662,1537.5209960876577
2024-02-11 04:00:00+00:00,train,1553.2106424530227,984.1288132142662,1537.3394556672888
2024-02-11 08:00:00+00:00,train,1553.029102032654,984.1288132142662,1537.1579152469203
2024-02-11 12:00:00+00:00,train,1552.847561612285,984.1288132142662,1536.9763748265514
2024-02-11 16:00:00+00:00,train,1552.6660211919163,984.1288132142662,1536.7948344061824
2024-02-11 20:00:00+00:00,train,1552.4844807715474,984.1288132142662,1536.6132939858135
2024-02-12 00:00:00+00:00,train,1552.3029403511787,984.1288132142662,1536.431753565445
2024-02-12 04:00:00+00:00,train,1552.3029403511787,984.1288132142662,1536.431753565445
2024-02-12 08:00:00+00:00,train,1550.0654907287926,984.1288132142662,1534.194303943059
2024-02-12 12:00:00+00:00,train,1550.0654907287926,984.1288132142662,1534.194303943059
2024-02-12 16:00:00+00:00,train,1550.0654907287926,984.1288132142662,1534.194303943059
2024-02-12 20:00:00+00:00,train,1551.7484167245784,984.1288132142662,1535.8772299388447
2024-02-13 00:00:00+00:00,train,1553.4313427203647,984.1288132142662,1537.560155934631
2024-02-13 04:00:00+00:00,train,1553.4313427203647,984.1288132142662,1537.560155934631
2024-02-13 08:00:00+00:00,train,1553.4313427203647,984.1288132142662,1537.560155934631
2024-02-13 12:00:00+00:00,train,1551.080101203562,984.1288132142662,1535.208914417828
2024-02-13 16:00:00+00:00,train,1551.080101203562,984.1288132142662,1535.208914417828
2024-02-13 20:00:00+00:00,train,1551.080101203562,984.1288132142662,1535.208914417828
2024-02-14 00:00:00+00:00,train,1552.3317675783433,984.1288132142662,1536.4605807926096
2024-02-14 04:00:00+00:00,train,1553.5834339531245,984.1288132142662,1537.7122471673906
2024-02-14 08:00:00+00:00,train,1554.8351003279058,984.1288132142662,1538.9639135421721
2024-02-14 12:00:00+00:00,train,1554.8351003279058,984.1288132142662,1538.9639135421721
2024-02-14 16:00:00+00:00,train,1554.8351003279058,984.1288132142662,1538.9639135421721
2024-02-14 20:00:00+00:00,train,1554.3395211512263,984.1288132142662,1538.4683343654924
2024-02-15 00:00:00+00:00,train,1553.8439419745466,984.1288132142662,1537.9727551888127
2024-02-15 04:00:00+00:00,train,1553.3483627978671,984.1288132142662,1537.4771760121334
2024-02-15 08:00:00+00:00,train,1552.8527836211877,984.1288132142662,1536.9815968354537
2024-02-15 12:00:00+00:00,train,1552.3572044445082,984.1288132142662,1536.4860176587745
2024-02-15 16:00:00+00:00,train,1552.3572044445082,984.1288132142662,1536.4860176587745
2024-02-15 20:00:00+00:00,train,1552.3572044445082,984.1288132142662,1536.4860176587745
2024-02-16 00:00:00+00:00,train,1552.3572044445082,984.1288132142662,1536.4860176587745
2024-02-16 04:00:00+00:00,train,1552.3572044445082,984.1288132142662,1536.4860176587745
2024-02-16 08:00:00+00:00,train,1552.3572044445082,984.1288132142662,1536.4860176587745
2024-02-16 12:00:00+00:00,train,1552.3572044445082,984.1288132142662,1536.4860176587745
2024-02-16 16:00:00+00:00,train,1552.3572044445082,984.1288132142662,1536.4860176587745
2024-02-16 20:00:00+00:00,train,1552.3572044445082,984.1288132142662,1536.4860176587745
2024-02-17 00:00:00+00:00,train,1552.3572044445082,984.1288132142662,1536.4860176587745
2024-02-17 04:00:00+00:00,train,1552.3572044445082,984.1288132142662,1536.4860176587745
2024-02-17 08:00:00+00:00,train,1552.3572044445082,984.1288132142662,1536.4860176587745
2024-02-17 12:00:00+00:00,train,1552.3572044445082,984.1288132142662,1536.4860176587745
2024-02-17 16:00:00+00:00,train,1552.3572044445082,984.1288132142662,1536.4860176587745
2024-02-17 20:00:00+00:00,train,1552.3572044445082,984.1288132142662,1536.4860176587745
2024-02-18 00:00:00+00:00,train,1552.3572044445082,984.1288132142662,1536.4860176587745
2024-02-18 04:00:00+00:00,train,1554.1152593255524,984.1288132142662,1538.2440725398187
2024-02-18 08:00:00+00:00,train,1555.8733142065967,984.1288132142662,1540.002127420863
2024-02-18 12:00:00+00:00,train,1555.8733142065967,984.1288132142662,1540.002127420863
2024-02-18 16:00:00+00:00,train,1555.8733142065967,984.1288132142662,1540.002127420863
2024-02-18 20:00:00+00:00,train,1555.8733142065967,984.1288132142662,1540.002127420863
2024-02-19 00:00:00+00:00,train,1555.8733142065967,984.1288132142662,1540.002127420863
2024-02-19 04:00:00+00:00,train,1555.8733142065967,984.1288132142662,1540.002127420863
2024-02-19 08:00:00+00:00,train,1555.8733142065967,984.1288132142662,1540.002127420863
2024-02-19 12:00:00+00:00,train,1555.8733142065967,984.1288132142662,1540.002127420863
2024-02-19 16:00:00+00:00,train,1555.8733142065967,984.1288132142662,1540.002127420863
2024-02-19 20:00:00+00:00,train,1555.8733142065967,984.1288132142662,1540.002127420863
2024-02-20 00:00:00+00:00,train,1555.8733142065967,984.1288132142662,1540.002127420863
2024-02-20 04:00:00+00:00,train,1555.8733142065967,984.1288132142662,1540.002127420863
2024-02-20 08:00:00+00:00,train,1555.8733142065967,984.1288132142662,1540.002127420863
2024-02-20 12:00:00+00:00,train,1555.8733142065967,984.1288132142662,1540.002127420863
2024-02-20 16:00:00+00:00,train,1555.8733142065967,984.1288132142662,1540.002127420863
2024-02-20 20:00:00+00:00,train,1555.8733142065967,984.1288132142662,1540.002127420863
2024-02-21 00:00:00+00:00,train,1555.8733142065967,984.1288132142662,1540.002127420863
2024-02-21 04:00:00+00:00,train,1555.8733142065967,984.1288132142662,1540.002127420863
2024-02-21 08:00:00+00:00,train,1555.8733142065967,984.1288132142662,1540.002127420863
2024-02-21 12:00:00+00:00,train,1555.8733142065967,983.046159252979,1538.9194734595758
2024-02-21 16:00:00+00:00,train,1555.8733142065967,983.046159252979,1538.9194734595758
2024-02-21 20:00:00+00:00,train,1555.8733142065967,981.9112620008976,1537.7845762074944
2024-02-22 00:00:00+00:00,train,1555.8733142065967,981.9112620008976,1537.7845762074944
2024-02-22 04:00:00+00:00,train,1555.8733142065967,980.7632335019252,1536.636547708522
2024-02-22 08:00:00+00:00,train,1555.8733142065967,980.7632335019252,1536.636547708522
2024-02-22 12:00:00+00:00,train,1555.8733142065967,980.7632335019252,1536.636547708522
2024-02-22 16:00:00+00:00,train,1555.8733142065967,981.5537504959677,1537.4270647025642
2024-02-22 20:00:00+00:00,train,1555.8733142065967,982.3442674900101,1538.2175816966069
2024-02-23 00:00:00+00:00,train,1555.8733142065967,983.1347844840526,1539.0080986906491
2024-02-23 04:00:00+00:00,train,1555.1135650766482,983.9253014780951,1539.0388665547434
2024-02-23 08:00:00+00:00,train,1554.3538159466998,984.7158184721375,1539.0696344188373
2024-02-23 12:00:00+00:00,train,1553.5940668167514,985.50633546618,1539.100402282931
2024-02-23 16:00:00+00:00,train,1552.834317686803,986.2968524602225,1539.1311701470254
2024-02-23 20:00:00+00:00,train,1552.834317686803,986.2968524602225,1539.1311701470254
2024-02-24 00:00:00+00:00,train,1552.834317686803,986.2968524602225,1539.1311701470254
2024-02-24 04:00:00+00:00,train,1553.853823646188,985.236535865436,1539.0903595116242
2024-02-24 08:00:00+00:00,train,1554.8733296055727,985.236535865436,1540.1098654710086
2024-02-24 12:00:00+00:00,train,1555.8928355649577,985.236535865436,1541.1293714303938
2024-02-24 16:00:00+00:00,train,1556.9123415243425,984.2456724848612,1541.1580140092037
2024-02-24 20:00:00+00:00,train,1556.9123415243425,984.2456724848612,1541.1580140092037
2024-02-25 00:00:00+00:00,train,1556.9123415243425,984.2456724848612,1541.1580140092037
2024-02-25 04:00:00+00:00,train,1556.6153073861983,984.2456724848612,1540.8609798710595
2024-02-25 08:00:00+00:00,train,1556.3182732480539,984.2456724848612,1540.5639457329153
2024-02-25 12:00:00+00:00,train,1556.0212391099096,983.956144850957,1539.9773839608665
2024-02-25 16:00:00+00:00,train,1555.7242049717654,983.6666172170527,1539.3908221888182
2024-02-25 20:00:00+00:00,train,1555.4271708336212,983.3770895831485,1538.8042604167695
2024-02-26 00:00:00+00:00,train,1555.1301366954767,983.3770895831485,1538.5072262786252
2024-02-26 04:00:00+00:00,train,1554.8331025573325,983.3770895831485,1538.210192140481
2024-02-26 08:00:00+00:00,train,1554.5360684191883,983.3770895831485,1537.9131580023368
2024-02-26 12:00:00+00:00,train,1554.5360684191883,982.5362109813237,1537.072279400512
2024-02-26 16:00:00+00:00,train,1557.7593013559567,982.5362109813237,1540.2955123372803
2024-02-26 20:00:00+00:00,train,1557.7593013559567,982.5362109813237,1540.2955123372803
2024-02-27 00:00:00+00:00,train,1557.7593013559567,982.5362109813237,1540.2955123372803
2024-02-27 04:00:00+00:00,train,1557.3085672244608,982.5362109813237,1539.8447782057847
2024-02-27 08:00:00+00:00,train,1556.8578330929647,982.5362109813237,1539.3940440742886
2024-02-27 12:00:00+00:00,train,1556.4070989614688,982.5362109813237,1538.9433099427924
2024-02-27 16:00:00+00:00,train,1556.4070989614688,982.5362109813237,1538.9433099427924
2024-02-27 20:00:00+00:00,train,1556.4070989614688,982.5362109813237,1538.9433099427924
2024-02-28 00:00:00+00:00,train,1557.6549746846758,982.5362109813237,1540.1911856659995
2024-02-28 04:00:00+00:00,train,1558.902850407883,982.5362109813237,1541.439061389207
2024-02-28 08:00:00+00:00,train,1560.1507261310903,982.5362109813237,1542.686937112414
2024-02-28 12:00:00+00:00,train,1560.1507261310903,982.5362109813237,1542.686937112414
2024-02-28 16:00:00+00:00,train,1557.4979152349183,982.5362109813237,1540.034126216242
2024-02-28 20:00:00+00:00,train,1557.4979152349183,982.5362109813237,1540.034126216242
2024-02-29 00:00:00+00:00,train,1557.4979152349183,982.5362109813237,1540.034126216242
2024-02-29 04:00:00+00:00,train,1557.4979152349183,982.5362109813237,1540.034126216242
2024-02-29 08:00:00+00:00,train,1557.4979152349183,982.5362109813237,1540.034126216242
2024-02-29 12:00:00+00:00,train,1557.4979152349183,982.5362109813237,1540.034126216242
2024-02-29 16:00:00+00:00,train,1557.4979152349183,982.5362109813237,1540.034126216242
2024-02-29 20:00:00+00:00,train,1557.4979152349183,982.5362109813237,1540.034126216242
2024-03-01 00:00:00+00:00,train,1557.4979152349183,982.5362109813237,1540.034126216242
2024-03-01 04:00:00+00:00,train,1557.4979152349183,982.5362109813237,1540.034126216242
2024-03-01 08:00:00+00:00,train,1557.4979152349183,982.5362109813237,1540.034126216242
2024-03-01 12:00:00+00:00,train,1557.4979152349183,982.5362109813237,1540.034126216242
2024-03-01 16:00:00+00:00,train,1557.4979152349183,982.5362109813237,1540.034126216242
2024-03-01 20:00:00+00:00,train,1557.4979152349183,982.5362109813237,1540.034126216242
2024-03-02 00:00:00+00:00,train,1557.4979152349183,982.5362109813237,1540.034126216242
2024-03-02 04:00:00+00:00,train,1557.4979152349183,982.5362109813237,1540.034126216242
2024-03-02 08:00:00+00:00,train,1557.4979152349183,982.5362109813237,1540.034126216242
2024-03-02 12:00:00+00:00,train,1557.4979152349183,982.5362109813237,1540.034126216242
2024-03-02 16:00:00+00:00,train,1557.4979152349183,982.5362109813237,1540.034126216242
2024-03-02 20:00:00+00:00,train,1557.4979152349183,982.5362109813237,1540.034126216242
2024-03-03 00:00:00+00:00,train,1557.4979152349183,982.5362109813237,1540.034126216242
2024-03-03 04:00:00+00:00,train,1557.4979152349183,982.5362109813237,1540.034126216242
2024-03-03 08:00:00+00:00,train,1557.4979152349183,982.5362109813237,1540.034126216242
2024-03-03 12:00:00+00:00,train,1557.4979152349183,982.5362109813237,1540.034126216242
2024-03-03 16:00:00+00:00,train,1557.4979152349183,982.5362109813237,1540.034126216242
2024-03-03 20:00:00+00:00,train,1557.4979152349183,982.5362109813237,1540.034126216242
2024-03-04 00:00:00+00:00,train,1557.4979152349183,982.5362109813237,1540.034126216242
2024-03-04 04:00:00+00:00,train,1557.4979152349183,982.5362109813237,1540.034126216242
2024-03-04 08:00:00+00:00,train,1557.4979152349183,982.5362109813237,1540.034126216242
2024-03-04 12:00:00+00:00,train,1557.4979152349183,982.5362109813237,1540.034126216242
2024-03-04 16:00:00+00:00,train,1557.4979152349183,982.5362109813237,1540.034126216242
2024-03-04 20:00:00+00:00,train,1557.4979152349183,982.5362109813237,1540.034126216242
2024-03-05 00:00:00+00:00,train,1557.4979152349183,982.5362109813237,1540.034126216242
2024-03-05 04:00:00+00:00,train,1557.4979152349183,982.5362109813237,1540.034126216242
2024-03-05 08:00:00+00:00,train,1557.4979152349183,982.5362109813237,1540.034126216242
2024-03-05 12:00:00+00:00,train,1557.4979152349183,982.5362109813237,1540.034126216242
2024-03-05 20:00:00+00:00,train,1557.4979152349183,982.5362109813237,1540.034126216242
2024-03-06 00:00:00+00:00,train,1557.4979152349183,982.5362109813237,1540.034126216242
2024-03-06 04:00:00+00:00,train,1557.4979152349183,982.5362109813237,1540.034126216242
2024-03-06 08:00:00+00:00,train,1557.4979152349183,982.5362109813237,1540.034126216242
2024-03-06 12:00:00+00:00,train,1557.4979152349183,982.5362109813237,1540.034126216242
2024-03-06 16:00:00+00:00,train,1557.4979152349183,982.5362109813237,1540.034126216242
2024-03-06 20:00:00+00:00,train,1557.4979152349183,982.5362109813237,1540.034126216242
2024-03-07 00:00:00+00:00,train,1557.4979152349183,982.5362109813237,1540.034126216242
2024-03-07 04:00:00+00:00,train,1557.4979152349183,982.5362109813237,1540.034126216242
2024-03-07 08:00:00+00:00,train,1557.4979152349183,982.5362109813237,1540.034126216242
2024-03-07 12:00:00+00:00,train,1557.4979152349183,982.5362109813237,1540.034126216242
2024-03-07 16:00:00+00:00,train,1557.4979152349183,982.5362109813237,1540.034126216242
2024-03-07 20:00:00+00:00,train,1557.4979152349183,982.5362109813237,1540.034126216242
2024-03-08 00:00:00+00:00,train,1557.4979152349183,982.5362109813237,1540.034126216242
2024-03-08 04:00:00+00:00,train,1557.4979152349183,982.5362109813237,1540.034126216242
2024-03-08 08:00:00+00:00,train,1557.4979152349183,982.5362109813237,1540.034126216242
2024-03-08 12:00:00+00:00,train,1557.4979152349183,982.5362109813237,1540.034126216242
2024-03-08 16:00:00+00:00,train,1557.4979152349183,982.5362109813237,1540.034126216242
2024-03-08 20:00:00+00:00,train,1557.4979152349183,982.5362109813237,1540.034126216242
2024-03-09 00:00:00+00:00,train,1557.4979152349183,982.5362109813237,1540.034126216242
2024-03-09 04:00:00+00:00,train,1557.4979152349183,982.5362109813237,1540.034126216242
2024-03-09 08:00:00+00:00,train,1557.4979152349183,982.5362109813237,1540.034126216242
2024-03-09 12:00:00+00:00,train,1557.4979152349183,982.5362109813237,1540.034126216242
2024-03-09 16:00:00+00:00,train,1557.4979152349183,982.5362109813237,1540.034126216242
2024-03-09 20:00:00+00:00,train,1557.4979152349183,982.5362109813237,1540.034126216242
2024-03-10 00:00:00+00:00,train,1557.4979152349183,982.5362109813237,1540.034126216242
2024-03-10 04:00:00+00:00,train,1557.4979152349183,982.5362109813237,1540.034126216242
2024-03-10 08:00:00+00:00,train,1557.4979152349183,982.5362109813237,1540.034126216242
2024-03-10 12:00:00+00:00,train,1557.4979152349183,982.5362109813237,1540.034126216242
2024-03-10 16:00:00+00:00,train,1557.4979152349183,982.5362109813237,1540.034126216242
2024-03-10 20:00:00+00:00,train,1557.4979152349183,982.5362109813237,1540.034126216242
2024-03-11 00:00:00+00:00,train,1557.4979152349183,982.5362109813237,1540.034126216242
2024-03-11 04:00:00+00:00,train,1557.4979152349183,982.5362109813237,1540.034126216242
2024-03-11 08:00:00+00:00,train,1557.4979152349183,982.5362109813237,1540.034126216242
2024-03-11 12:00:00+00:00,train,1557.4979152349183,982.5362109813237,1540.034126216242
2024-03-11 16:00:00+00:00,train,1557.4979152349183,982.5362109813237,1540.034126216242
2024-03-11 20:00:00+00:00,train,1557.4979152349183,982.5362109813237,1540.034126216242
2024-03-12 00:00:00+00:00,train,1557.4979152349183,982.5362109813237,1540.034126216242
2024-03-12 04:00:00+00:00,train,1557.2375253290695,982.5362109813237,1539.7737363103934
2024-03-12 08:00:00+00:00,train,1556.977135423221,982.5362109813237,1539.5133464045448
2024-03-12 12:00:00+00:00,train,1556.977135423221,982.5362109813237,1539.5133464045448
2024-03-12 16:00:00+00:00,train,1556.977135423221,982.5362109813237,1539.5133464045448
2024-03-12 20:00:00+00:00,train,1556.977135423221,982.5362109813237,1539.5133464045448
2024-03-13 00:00:00+00:00,train,1556.977135423221,982.5362109813237,1539.5133464045448
2024-03-13 04:00:00+00:00,train,1556.977135423221,982.5362109813237,1539.5133464045448
2024-03-13 08:00:00+00:00,train,1556.977135423221,982.5362109813237,1539.5133464045448
2024-03-13 12:00:00+00:00,train,1556.977135423221,982.5362109813237,1539.5133464045448
2024-03-13 16:00:00+00:00,train,1561.7183470232067,982.5362109813237,1544.2545580045303
2024-03-13 20:00:00+00:00,train,1561.7183470232067,982.5362109813237,1544.2545580045303
2024-03-14 00:00:00+00:00,train,1561.7183470232067,982.5362109813237,1544.2545580045303
2024-03-14 04:00:00+00:00,train,1561.7183470232067,982.5362109813237,1544.2545580045303
2024-03-14 08:00:00+00:00,train,1561.7183470232067,982.5362109813237,1544.2545580045303
2024-03-14 12:00:00+00:00,train,1560.1876814885936,982.5362109813237,1542.7238924699172
2024-03-14 16:00:00+00:00,train,1560.1876814885936,982.5362109813237,1542.7238924699172
2024-03-14 20:00:00+00:00,train,1560.1876814885936,982.5362109813237,1542.7238924699172
2024-03-15 00:00:00+00:00,train,1560.1876814885936,982.5362109813237,1542.7238924699172
2024-03-15 04:00:00+00:00,train,1560.1876814885936,982.5362109813237,1542.7238924699172
2024-03-15 08:00:00+00:00,train,1560.1876814885936,982.5362109813237,1542.7238924699172
2024-03-15 12:00:00+00:00,train,1560.1876814885936,982.5362109813237,1542.7238924699172
2024-03-15 16:00:00+00:00,train,1560.1876814885936,982.5362109813237,1542.7238924699172
2024-03-15 20:00:00+00:00,train,1560.1876814885936,982.5362109813237,1542.7238924699172
2024-03-16 00:00:00+00:00,train,1560.1876814885936,982.5362109813237,1542.7238924699172
2024-03-16 04:00:00+00:00,train,1560.1876814885936,982.5362109813237,1542.7238924699172
2024-03-16 08:00:00+00:00,train,1560.1876814885936,982.5362109813237,1542.7238924699172
2024-03-16 12:00:00+00:00,train,1560.1876814885936,982.5362109813237,1542.7238924699172
2024-03-16 16:00:00+00:00,train,1560.1876814885936,982.5362109813237,1542.7238924699172
2024-03-16 20:00:00+00:00,train,1560.1876814885936,982.5362109813237,1542.7238924699172
2024-03-17 00:00:00+00:00,train,1560.1876814885936,982.5362109813237,1542.7238924699172
2024-03-17 04:00:00+00:00,train,1560.1876814885936,982.5362109813237,1542.7238924699172
2024-03-17 08:00:00+00:00,train,1560.1876814885936,982.5362109813237,1542.7238924699172
2024-03-17 12:00:00+00:00,train,1560.1876814885936,982.5362109813237,1542.7238924699172
2024-03-17 16:00:00+00:00,train,1560.1876814885936,982.5362109813237,1542.7238924699172
2024-03-17 20:00:00+00:00,train,1560.1876814885936,982.5362109813237,1542.7238924699172
2024-03-18 00:00:00+00:00,train,1560.1876814885936,982.5362109813237,1542.7238924699172
2024-03-18 04:00:00+00:00,train,1560.1876814885936,982.5362109813237,1542.7238924699172
2024-03-18 08:00:00+00:00,train,1560.1876814885936,982.5362109813237,1542.7238924699172
2024-03-18 12:00:00+00:00,train,1560.1876814885936,982.5362109813237,1542.7238924699172
2024-03-18 16:00:00+00:00,train,1560.1876814885936,982.5362109813237,1542.7238924699172
2024-03-18 20:00:00+00:00,train,1560.1876814885936,982.5362109813237,1542.7238924699172
2024-03-19 00:00:00+00:00,train,1560.1876814885936,982.5362109813237,1542.7238924699172
2024-03-19 04:00:00+00:00,train,1560.1876814885936,982.5362109813237,1542.7238924699172
2024-03-19 08:00:00+00:00,train,1560.1876814885936,982.5362109813237,1542.7238924699172
2024-03-19 12:00:00+00:00,train,1560.1876814885936,982.5362109813237,1542.7238924699172
2024-03-19 16:00:00+00:00,train,1560.1876814885936,982.5362109813237,1542.7238924699172
2024-03-19 20:00:00+00:00,train,1560.1876814885936,982.5362109813237,1542.7238924699172
2024-03-20 00:00:00+00:00,train,1560.1876814885936,982.5362109813237,1542.7238924699172
2024-03-20 04:00:00+00:00,train,1560.1876814885936,982.5362109813237,1542.7238924699172
2024-03-20 08:00:00+00:00,train,1560.1876814885936,982.5362109813237,1542.7238924699172
2024-03-20 12:00:00+00:00,train,1560.1876814885936,982.5362109813237,1542.7238924699172
2024-03-20 16:00:00+00:00,train,1560.1876814885936,982.5362109813237,1542.7238924699172
2024-03-20 20:00:00+00:00,train,1560.1876814885936,982.5362109813237,1542.7238924699172
2024-03-21 00:00:00+00:00,train,1560.1876814885936,982.5362109813237,1542.7238924699172
2024-03-21 04:00:00+00:00,train,1560.1876814885936,982.5362109813237,1542.7238924699172
2024-03-21 08:00:00+00:00,train,1560.1876814885936,982.5362109813237,1542.7238924699172
2024-03-21 12:00:00+00:00,train,1560.1876814885936,982.5362109813237,1542.7238924699172
2024-03-21 16:00:00+00:00,train,1560.1876814885936,982.5362109813237,1542.7238924699172
2024-03-21 20:00:00+00:00,train,1560.1876814885936,982.5362109813237,1542.7238924699172
2024-03-22 00:00:00+00:00,train,1560.1876814885936,982.5362109813237,1542.7238924699172
2024-03-22 04:00:00+00:00,train,1560.1876814885936,982.5362109813237,1542.7238924699172
2024-03-22 08:00:00+00:00,train,1560.1876814885936,982.5362109813237,1542.7238924699172
2024-03-22 12:00:00+00:00,train,1560.1876814885936,982.5362109813237,1542.7238924699172
2024-03-22 16:00:00+00:00,train,1560.1876814885936,982.5362109813237,1542.7238924699172
2024-03-22 20:00:00+00:00,train,1560.1876814885936,982.5362109813237,1542.7238924699172
2024-03-23 00:00:00+00:00,train,1560.1876814885936,982.5362109813237,1542.7238924699172
2024-03-23 04:00:00+00:00,train,1560.1876814885936,982.5362109813237,1542.7238924699172
2024-03-23 08:00:00+00:00,train,1560.1876814885936,982.5362109813237,1542.7238924699172
2024-03-23 12:00:00+00:00,train,1560.1876814885936,982.5362109813237,1542.7238924699172
2024-03-23 16:00:00+00:00,train,1560.1876814885936,982.5362109813237,1542.7238924699172
2024-03-23 20:00:00+00:00,train,1560.1876814885936,982.5362109813237,1542.7238924699172
2024-03-24 00:00:00+00:00,train,1560.1876814885936,982.5362109813237,1542.7238924699172
2024-03-24 04:00:00+00:00,train,1560.1876814885936,982.5362109813237,1542.7238924699172
2024-03-24 08:00:00+00:00,train,1561.6708737873278,982.5362109813237,1544.2070847686514
2024-03-24 12:00:00+00:00,train,1563.154066086062,982.5362109813237,1545.6902770673855
2024-03-24 16:00:00+00:00,train,1564.637258384796,982.5362109813237,1547.1734693661197
2024-03-24 20:00:00+00:00,train,1566.1204506835302,982.5362109813237,1548.6566616648538
2024-03-25 00:00:00+00:00,train,1566.1204506835302,982.5362109813237,1548.6566616648538
2024-03-25 04:00:00+00:00,train,1566.1204506835302,982.5362109813237,1548.6566616648538
2024-03-25 08:00:00+00:00,train,1566.1204506835302,982.5362109813237,1548.6566616648538
2024-03-25 12:00:00+00:00,train,1566.1204506835302,982.5362109813237,1548.6566616648538
2024-03-25 16:00:00+00:00,train,1566.1204506835302,982.5362109813237,1548.6566616648538
2024-03-25 20:00:00+00:00,train,1566.1204506835302,982.5362109813237,1548.6566616648538
2024-03-26 00:00:00+00:00,train,1566.1204506835302,982.5362109813237,1548.6566616648538
2024-03-26 04:00:00+00:00,train,1565.9488564163396,982.5362109813237,1548.4850673976634
2024-03-26 08:00:00+00:00,train,1565.7772621491492,982.5362109813237,1548.313473130473
2024-03-26 12:00:00+00:00,train,1565.6056678819587,982.5362109813237,1548.1418788632823
2024-03-26 16:00:00+00:00,train,1565.4340736147683,982.5362109813237,1547.970284596092
2024-03-26 20:00:00+00:00,train,1565.4340736147683,982.5362109813237,1547.970284596092
2024-03-27 00:00:00+00:00,train,1565.4340736147683,982.5362109813237,1547.970284596092
2024-03-27 04:00:00+00:00,train,1565.4340736147683,982.5362109813237,1547.970284596092
2024-03-27 08:00:00+00:00,train,1565.4340736147683,982.5362109813237,1547.970284596092
2024-03-27 12:00:00+00:00,train,1565.4340736147683,982.5362109813237,1547.970284596092
2024-03-27 16:00:00+00:00,train,1565.4340736147683,982.5362109813237,1547.970284596092
2024-03-27 20:00:00+00:00,train,1566.1099637597458,982.5362109813237,1548.6461747410694
2024-03-28 00:00:00+00:00,train,1566.7858539047234,982.5362109813237,1549.322064886047
2024-03-28 04:00:00+00:00,train,1567.461744049701,982.5362109813237,1549.997955031025
2024-03-28 08:00:00+00:00,train,1568.1376341946786,982.5362109813237,1550.6738451760025
2024-03-28 12:00:00+00:00,train,1568.8135243396562,982.5362109813237,1551.34973532098
2024-03-28 16:00:00+00:00,train,1569.4894144846337,982.5362109813237,1552.0256254659575
2024-03-28 20:00:00+00:00,train,1570.1653046296112,982.5362109813237,1552.701515610935
2024-03-29 00:00:00+00:00,train,1570.1653046296112,982.5362109813237,1552.701515610935
2024-03-29 04:00:00+00:00,train,1570.1653046296112,982.5362109813237,1552.701515610935
2024-03-29 08:00:00+00:00,train,1570.1653046296112,982.5362109813237,1552.701515610935
2024-03-29 12:00:00+00:00,train,1570.1653046296112,982.5362109813237,1552.701515610935
2024-03-29 16:00:00+00:00,train,1570.1653046296112,982.5362109813237,1552.701515610935
2024-03-29 20:00:00+00:00,train,1570.1653046296112,982.5362109813237,1552.701515610935
2024-03-30 00:00:00+00:00,train,1572.1223694881264,982.5362109813237,1554.65858046945
2024-03-30 04:00:00+00:00,train,1574.0794343466414,982.5362109813237,1556.615645327965
2024-03-30 08:00:00+00:00,train,1574.0794343466414,982.5362109813237,1556.615645327965
2024-03-30 12:00:00+00:00,train,1574.0794343466414,982.5362109813237,1556.615645327965
2024-03-30 16:00:00+00:00,train,1574.0092931823663,982.5362109813237,1556.54550416369
2024-03-30 20:00:00+00:00,train,1573.939152018091,982.5362109813237,1556.4753629994148
2024-03-31 00:00:00+00:00,train,1573.8690108538158,982.5362109813237,1556.4052218351394
2024-03-31 04:00:00+00:00,train,1573.7988696895404,982.5362109813237,1556.335080670864
2024-03-31 08:00:00+00:00,train,1573.7287285252653,982.5362109813237,1556.2649395065891
2024-03-31 12:00:00+00:00,train,1573.65858736099,982.5362109813237,1556.1947983423138
2024-03-31 16:00:00+00:00,train,1573.5884461967148,982.5362109813237,1556.1246571780384
2024-03-31 20:00:00+00:00,train,1573.5183050324397,982.5362109813237,1556.0545160137635
2024-04-01 00:00:00+00:00,train,1573.4481638681643,982.5362109813237,1555.9843748494882
2024-04-01 04:00:00+00:00,train,1573.3780227038892,982.5362109813237,1555.9142336852128
2024-04-01 08:00:00+00:00,train,1573.3780227038892,982.5362109813237,1555.9142336852128
2024-04-01 12:00:00+00:00,train,1573.3780227038892,982.5362109813237,1555.9142336852128
2024-04-01 16:00:00+00:00,train,1573.3780227038892,982.5362109813237,1555.9142336852128
2024-04-01 20:00:00+00:00,train,1573.3780227038892,982.5362109813237,1555.9142336852128
2024-04-02 00:00:00+00:00,train,1573.3780227038892,982.5362109813237,1555.9142336852128
2024-04-02 04:00:00+00:00,train,1573.3780227038892,982.5362109813237,1555.9142336852128
2024-04-02 08:00:00+00:00,train,1570.3213713711261,982.5362109813237,1552.8575823524498
2024-04-02 12:00:00+00:00,train,1570.3213713711261,982.5362109813237,1552.8575823524498
2024-04-02 16:00:00+00:00,train,1574.8984614599058,982.5362109813237,1557.4346724412294
2024-04-02 20:00:00+00:00,train,1574.8984614599058,982.5362109813237,1557.4346724412294
2024-04-03 00:00:00+00:00,train,1574.8984614599058,982.5362109813237,1557.4346724412294
2024-04-03 04:00:00+00:00,train,1579.6292779606335,982.5362109813237,1562.1654889419574
2024-04-03 08:00:00+00:00,train,1579.6292779606335,982.5362109813237,1562.1654889419574
2024-04-03 12:00:00+00:00,train,1579.6292779606335,982.5362109813237,1562.1654889419574
2024-04-03 16:00:00+00:00,train,1578.567227169781,982.5362109813237,1561.103438151105
2024-04-03 20:00:00+00:00,train,1577.5051763789288,982.5362109813237,1560.0413873602524
2024-04-04 00:00:00+00:00,train,1576.4431255880763,982.5362109813237,1558.9793365694
2024-04-04 04:00:00+00:00,train,1576.4431255880763,981.2798838771557,1557.7230094652323
2024-04-04 08:00:00+00:00,train,1576.4431255880763,981.2798838771557,1557.7230094652323
2024-04-04 12:00:00+00:00,train,1575.7408741293398,980.1100767339,1555.8509508632396
2024-04-04 16:00:00+00:00,train,1575.0386226706032,980.1100767339,1555.148699404503
2024-04-04 20:00:00+00:00,train,1574.3363712118667,980.1100767339,1554.4464479457665
2024-04-05 00:00:00+00:00,train,1574.3363712118667,983.0338753993001,1557.3702466111667
2024-04-05 04:00:00+00:00,train,1574.3363712118667,985.9576740647002,1560.294045276567
2024-04-05 08:00:00+00:00,train,1570.9486085603728,985.9576740647002,1556.906282625073
2024-04-05 12:00:00+00:00,train,1570.9486085603728,984.6387476014136,1555.5873561617864
2024-04-05 16:00:00+00:00,train,1570.9486085603728,984.6387476014136,1555.5873561617864
2024-04-05 20:00:00+00:00,train,1570.9486085603728,984.6387476014136,1555.5873561617864
2024-04-06 00:00:00+00:00,train,1570.9486085603728,983.984923755136,1554.9335323155087
2024-04-06 04:00:00+00:00,train,1570.9486085603728,983.3310999088585,1554.279708469231
2024-04-06 08:00:00+00:00,train,1571.135846693494,983.3310999088585,1554.4669466023524
2024-04-06 12:00:00+00:00,train,1571.3230848266153,983.3310999088585,1554.6541847354738
2024-04-06 16:00:00+00:00,train,1571.5103229597364,982.1801458235803,1553.6904687833166
2024-04-06 20:00:00+00:00,train,1571.6975610928575,982.1801458235803,1553.877706916438
2024-04-07 00:00:00+00:00,train,1571.8847992259787,981.1278308082994,1553.0126300342781
2024-04-07 04:00:00+00:00,train,1572.0720373591,981.1278308082994,1553.1998681673995
2024-04-07 08:00:00+00:00,train,1572.2592754922211,981.1278308082994,1553.3871063005208
2024-04-07 12:00:00+00:00,train,1572.4465136253423,981.1278308082994,1553.5743444336417
2024-04-07 16:00:00+00:00,train,1572.6337517584634,980.1668009460293,1552.8005527044925
2024-04-07 20:00:00+00:00,train,1572.8209898915848,980.1668009460293,1552.9877908376138
2024-04-08 00:00:00+00:00,train,1573.0082280247059,980.1668009460293,1553.1750289707352
2024-04-08 04:00:00+00:00,train,1573.195466157827,979.2152361806943,1552.4107023385213
2024-04-08 08:00:00+00:00,train,1573.195466157827,979.2152361806943,1552.4107023385213
2024-04-08 12:00:00+00:00,train,1573.195466157827,979.2152361806943,1552.4107023385213
2024-04-08 16:00:00+00:00,train,1573.195466157827,979.2152361806943,1552.4107023385213
2024-04-08 20:00:00+00:00,train,1573.195466157827,978.2571897712594,1551.4526559290862
2024-04-09 00:00:00+00:00,train,1573.195466157827,978.2571897712594,1551.4526559290862
2024-04-09 04:00:00+00:00,train,1573.195466157827,978.2571897712594,1551.4526559290862
2024-04-09 08:00:00+00:00,train,1573.195466157827,978.9244138965951,1552.119880054422
2024-04-09 12:00:00+00:00,train,1573.195466157827,979.5916380219307,1552.787104179758
2024-04-09 16:00:00+00:00,train,1573.195466157827,980.2588621472665,1553.4543283050934
2024-04-09 20:00:00+00:00,train,1573.195466157827,980.9260862726022,1554.1215524304293
2024-04-10 00:00:00+00:00,train,1573.195466157827,981.5933103979379,1554.7887765557648
2024-04-10 04:00:00+00:00,train,1573.195466157827,982.2605345232736,1555.4560006811007
2024-04-10 08:00:00+00:00,train,1573.195466157827,982.9277586486093,1556.1232248064362
2024-04-10 12:00:00+00:00,train,1570.5827391521336,982.9277586486093,1553.510497800743
2024-04-10 16:00:00+00:00,train,1570.5827391521336,982.9277586486093,1553.510497800743
2024-04-10 20:00:00+00:00,train,1570.5827391521336,981.8698058726256,1552.4525450247593
2024-04-11 00:00:00+00:00,train,1570.5827391521336,981.8698058726256,1552.4525450247593
2024-04-11 04:00:00+00:00,train,1570.5827391521336,980.8459756128651,1551.4287147649989
2024-04-11 08:00:00+00:00,train,1570.5827391521336,980.8459756128651,1551.4287147649989
2024-04-11 12:00:00+00:00,train,1570.5827391521336,979.8035948393047,1550.3863339914383
2024-04-11 16:00:00+00:00,train,1570.5827391521336,979.8035948393047,1550.3863339914383
2024-04-11 20:00:00+00:00,train,1570.5827391521336,979.8035948393047,1550.3863339914383
2024-04-12 00:00:00+00:00,train,1570.5827391521336,978.7775893142967,1549.3603284664305
2024-04-12 04:00:00+00:00,train,1570.5827391521336,978.7775893142967,1549.3603284664305
2024-04-12 08:00:00+00:00,train,1570.5827391521336,978.7775893142967,1549.3603284664305
2024-04-12 12:00:00+00:00,train,1570.5827391521336,981.1964531409421,1551.7791922930755
2024-04-12 16:00:00+00:00,train,1570.5827391521336,983.6153169675874,1554.198056119721
2024-04-12 20:00:00+00:00,train,1570.5827391521336,983.6153169675874,1554.198056119721
2024-04-13 00:00:00+00:00,train,1570.5827391521336,983.6153169675874,1554.198056119721
2024-04-13 04:00:00+00:00,train,1570.5827391521336,985.5738344191858,1556.1565735713193
2024-04-13 08:00:00+00:00,train,1570.5827391521336,987.532351870784,1558.1150910229176
2024-04-13 12:00:00+00:00,train,1570.5827391521336,989.4908693223824,1560.0736084745158
2024-04-13 16:00:00+00:00,train,1570.5827391521336,991.4493867739808,1562.0321259261145
2024-04-13 20:00:00+00:00,train,1570.5827391521336,991.4493867739808,1562.0321259261145
2024-04-14 00:00:00+00:00,train,1570.5827391521336,991.4493867739808,1562.0321259261145
2024-04-14 04:00:00+00:00,train,1570.5827391521336,989.1181249843777,1559.7008641365114
2024-04-14 08:00:00+00:00,train,1570.5827391521336,989.1181249843777,1559.7008641365114
2024-04-14 12:00:00+00:00,train,1570.5827391521336,986.7644741809786,1557.3472133331124
2024-04-14 16:00:00+00:00,train,1570.5827391521336,986.7644741809786,1557.3472133331124
2024-04-14 20:00:00+00:00,train,1570.5827391521336,984.462716600786,1555.0454557529197
2024-04-15 00:00:00+00:00,train,1570.5827391521336,984.462716600786,1555.0454557529197
2024-04-15 04:00:00+00:00,train,1570.5827391521336,982.2599499921362,1552.8426891442696
2024-04-15 08:00:00+00:00,train,1570.5827391521336,982.2599499921362,1552.8426891442696
2024-04-15 12:00:00+00:00,train,1570.5827391521336,982.2599499921362,1552.8426891442696
2024-04-15 16:00:00+00:00,train,1570.5827391521336,986.0386954343903,1556.6214345865237
2024-04-15 20:00:00+00:00,train,1570.5827391521336,989.8174408766444,1560.4001800287779
2024-04-16 00:00:00+00:00,train,1570.5827391521336,993.5961863188985,1564.178925471032
2024-04-16 04:00:00+00:00,train,1570.5827391521336,993.5961863188985,1564.178925471032
2024-04-16 08:00:00+00:00,train,1570.5827391521336,993.5961863188985,1564.178925471032
2024-04-16 12:00:00+00:00,train,1570.5827391521336,993.1427916375334,1563.7255307896671
2024-04-16 16:00:00+00:00,train,1570.5827391521336,992.6893969561683,1563.2721361083018
2024-04-16 20:00:00+00:00,train,1570.5827391521336,992.2360022748031,1562.8187414269369
2024-04-17 00:00:00+00:00,train,1570.5827391521336,991.782607593438,1562.3653467455715
2024-04-17 04:00:00+00:00,train,1570.5827391521336,991.3292129120728,1561.9119520642062
2024-04-17 08:00:00+00:00,train,1570.5827391521336,991.3292129120728,1561.9119520642062
2024-04-17 12:00:00+00:00,train,1570.5827391521336,991.3292129120728,1561.9119520642062
2024-04-17 16:00:00+00:00,train,1570.5827391521336,989.1227474760818,1559.7054866282156
2024-04-17 20:00:00+00:00,train,1570.5827391521336,989.1227474760818,1559.7054866282156
2024-04-18 00:00:00+00:00,train,1570.5827391521336,989.1227474760818,1559.7054866282156
2024-04-18 04:00:00+00:00,train,1570.5827391521336,989.1227474760818,1559.7054866282156
2024-04-18 08:00:00+00:00,train,1570.5827391521336,989.1227474760818,1559.7054866282156
2024-04-18 12:00:00+00:00,train,1570.5827391521336,989.1227474760818,1559.7054866282156
2024-04-18 16:00:00+00:00,train,1570.5827391521336,989.1227474760818,1559.7054866282156
2024-04-18 20:00:00+00:00,train,1570.5827391521336,989.1227474760818,1559.7054866282156
2024-04-19 00:00:00+00:00,train,1570.5827391521336,989.1227474760818,1559.7054866282156
2024-04-19 04:00:00+00:00,train,1570.5827391521336,986.9559669717222,1557.5387061238557
2024-04-19 08:00:00+00:00,train,1570.5827391521336,986.9559669717222,1557.5387061238557
2024-04-19 12:00:00+00:00,train,1570.5827391521336,986.9559669717222,1557.5387061238557
2024-04-19 16:00:00+00:00,train,1570.5827391521336,986.9559669717222,1557.5387061238557
2024-04-19 20:00:00+00:00,train,1570.5827391521336,986.9559669717222,1557.5387061238557
2024-04-20 00:00:00+00:00,train,1570.5827391521336,986.9559669717222,1557.5387061238557
2024-04-20 04:00:00+00:00,train,1570.5827391521336,986.9559669717222,1557.5387061238557
2024-04-20 08:00:00+00:00,train,1570.5827391521336,986.9559669717222,1557.5387061238557
2024-04-20 12:00:00+00:00,train,1570.5827391521336,986.9559669717222,1557.5387061238557
2024-04-20 16:00:00+00:00,train,1577.4731524699519,986.9559669717222,1564.4291194416742
2024-04-20 20:00:00+00:00,train,1577.4731524699519,986.9559669717222,1564.4291194416742
2024-04-21 00:00:00+00:00,train,1577.4731524699519,986.9559669717222,1564.4291194416742
2024-04-21 04:00:00+00:00,train,1577.4731524699519,986.9559669717222,1564.4291194416742
2024-04-21 08:00:00+00:00,train,1577.4731524699519,986.9559669717222,1564.4291194416742
2024-04-21 12:00:00+00:00,train,1577.4731524699519,986.9559669717222,1564.4291194416742
2024-04-21 16:00:00+00:00,train,1577.4731524699519,986.9559669717222,1564.4291194416742
2024-04-21 20:00:00+00:00,train,1577.4731524699519,986.9559669717222,1564.4291194416742
2024-04-22 00:00:00+00:00,train,1580.154962161332,986.9559669717222,1567.110929133054
2024-04-22 04:00:00+00:00,train,1582.836771852712,986.9559669717222,1569.7927388244343
2024-04-22 08:00:00+00:00,train,1582.836771852712,986.9559669717222,1569.7927388244343
2024-04-22 12:00:00+00:00,train,1582.836771852712,986.9559669717222,1569.7927388244343
2024-04-22 16:00:00+00:00,train,1582.779259787142,986.9559669717222,1569.7352267588644
2024-04-22 20:00:00+00:00,train,1582.7217477215722,986.9559669717222,1569.6777146932945
2024-04-23 00:00:00+00:00,train,1582.6642356560026,986.9559669717222,1569.6202026277247
2024-04-23 04:00:00+00:00,train,1582.6067235904327,986.9559669717222,1569.5626905621548
2024-04-23 08:00:00+00:00,train,1582.5492115248628,986.9559669717222,1569.505178496585
2024-04-23 12:00:00+00:00,train,1582.491699459293,986.9559669717222,1569.447666431015
2024-04-23 16:00:00+00:00,train,1582.434187393723,986.9559669717222,1569.3901543654451
2024-04-23 20:00:00+00:00,train,1582.3766753281534,986.9559669717222,1569.3326422998757
2024-04-24 00:00:00+00:00,train,1582.3191632625835,986.9559669717222,1569.2751302343058
2024-04-24 04:00:00+00:00,train,1582.2616511970136,986.9559669717222,1569.217618168736
2024-04-24 08:00:00+00:00,train,1582.2041391314438,986.9559669717222,1569.160106103166
2024-04-24 12:00:00+00:00,train,1582.1466270658739,986.9559669717222,1569.1025940375962
2024-04-24 16:00:00+00:00,train,1582.1466270658739,986.9559669717222,1569.1025940375962
2024-04-24 20:00:00+00:00,train,1582.1466270658739,986.9559669717222,1569.1025940375962
2024-04-25 00:00:00+00:00,train,1578.9022276510016,986.9559669717222,1565.8581946227237
2024-04-25 04:00:00+00:00,train,1578.9022276510016,986.9559669717222,1565.8581946227237
2024-04-25 08:00:00+00:00,train,1578.9022276510016,986.9559669717222,1565.8581946227237
2024-04-25 12:00:00+00:00,train,1578.211287441047,986.9559669717222,1565.1672544127691
2024-04-25 16:00:00+00:00,train,1577.5203472310925,986.9559669717222,1564.4763142028146
2024-04-25 20:00:00+00:00,train,1576.8294070211382,986.9559669717222,1563.7853739928605
2024-04-26 00:00:00+00:00,train,1576.1384668111837,986.9559669717222,1563.094433782906
2024-04-26 04:00:00+00:00,train,1576.1384668111837,986.9559669717222,1563.094433782906
2024-04-26 08:00:00+00:00,train,1576.1384668111837,986.3526069916695,1562.491073802853
2024-04-26 12:00:00+00:00,train,1576.1384668111837,985.7492470116168,1561.8877138228004
2024-04-26 16:00:00+00:00,train,1576.1384668111837,985.7492470116168,1561.8877138228004
2024-04-26 20:00:00+00:00,train,1576.1384668111837,985.7492470116168,1561.8877138228004
2024-04-27 00:00:00+00:00,train,1576.1384668111837,991.4982265867916,1567.6366933979753
2024-04-27 04:00:00+00:00,train,1576.1384668111837,991.4982265867916,1567.6366933979753
2024-04-27 08:00:00+00:00,train,1576.1384668111837,991.4982265867916,1567.6366933979753
2024-04-27 12:00:00+00:00,train,1577.6823507524387,990.2941744945797,1567.9765252470183
2024-04-27 16:00:00+00:00,train,1579.2262346936936,990.2941744945797,1569.5204091882733
2024-04-27 20:00:00+00:00,train,1580.7701186349486,990.2941744945797,1571.0642931295283
2024-04-28 00:00:00+00:00,train,1580.7701186349486,989.1783192541436,1569.948437889092
2024-04-28 04:00:00+00:00,train,1580.7701186349486,989.1783192541436,1569.948437889092
2024-04-28 08:00:00+00:00,train,1580.7701186349486,989.1783192541436,1569.948437889092
2024-04-28 12:00:00+00:00,train,1580.7701186349486,988.1256274889512,1568.8957461238997
2024-04-28 16:00:00+00:00,train,1580.7701186349486,988.1256274889512,1568.8957461238997
2024-04-28 20:00:00+00:00,train,1580.7701186349486,988.1256274889512,1568.8957461238997
2024-04-29 00:00:00+00:00,train,1580.7701186349486,993.0957194410357,1573.8658380759844
2024-04-29 04:00:00+00:00,train,1580.7701186349486,993.0957194410357,1573.8658380759844
2024-04-29 08:00:00+00:00,train,1580.7701186349486,992.0316880933444,1572.8018067282928
2024-04-29 12:00:00+00:00,train,1580.7701186349486,992.0316880933444,1572.8018067282928
2024-04-29 16:00:00+00:00,train,1580.7701186349486,992.0316880933444,1572.8018067282928
2024-04-29 20:00:00+00:00,train,1580.7701186349486,990.9916740851729,1571.7617927201218
2024-04-30 00:00:00+00:00,train,1580.7701186349486,990.9916740851729,1571.7617927201218
2024-04-30 04:00:00+00:00,train,1580.7701186349486,990.9916740851729,1571.7617927201218
2024-04-30 08:00:00+00:00,train,1580.7701186349486,996.4475344477434,1577.2176530826919
2024-04-30 12:00:00+00:00,train,1580.7701186349486,996.4475344477434,1577.2176530826919
2024-04-30 16:00:00+00:00,train,1577.6200273669351,996.4475344477434,1574.0675618146784
2024-04-30 20:00:00+00:00,train,1577.6200273669351,998.4525661063531,1576.0725934732882
2024-05-01 00:00:00+00:00,train,1577.6200273669351,1000.4575977649628,1578.077625131898
2024-05-01 04:00:00+00:00,train,1577.6200273669351,1002.4626294235726,1580.0826567905078
2024-05-01 08:00:00+00:00,train,1577.6200273669351,1002.4626294235726,1580.0826567905078
2024-05-01 12:00:00+00:00,train,1577.6200273669351,1002.4626294235726,1580.0826567905078
2024-05-01 16:00:00+00:00,train,1577.6200273669351,1002.4626294235726,1580.0826567905078
2024-05-01 20:00:00+00:00,train,1577.6200273669351,1002.4626294235726,1580.0826567905078
2024-05-02 00:00:00+00:00,train,1577.6200273669351,1002.4626294235726,1580.0826567905078
2024-05-02 04:00:00+00:00,train,1577.6200273669351,1000.9601303125489,1578.5801576794838
2024-05-02 08:00:00+00:00,train,1577.6200273669351,1000.9601303125489,1578.5801576794838
2024-05-02 12:00:00+00:00,train,1577.6200273669351,1000.9601303125489,1578.5801576794838
2024-05-02 16:00:00+00:00,train,1577.6200273669351,1000.9601303125489,1578.5801576794838
2024-05-02 20:00:00+00:00,train,1577.6200273669351,1000.9601303125489,1578.5801576794838
2024-05-03 00:00:00+00:00,train,1577.6200273669351,1000.9601303125489,1578.5801576794838
2024-05-03 04:00:00+00:00,train,1577.6200273669351,1000.9601303125489,1578.5801576794838
2024-05-03 08:00:00+00:00,train,1577.6200273669351,1000.9601303125489,1578.5801576794838
2024-05-03 12:00:00+00:00,train,1577.6200273669351,1000.9601303125489,1578.5801576794838
2024-05-03 16:00:00+00:00,train,1577.6200273669351,1000.9601303125489,1578.5801576794838
2024-05-03 20:00:00+00:00,train,1577.6200273669351,1000.9601303125489,1578.5801576794838
2024-05-04 00:00:00+00:00,train,1577.7862538393092,1000.9601303125489,1578.7463841518584
2024-05-04 04:00:00+00:00,train,1577.952480311683,1000.9601303125489,1578.912610624232
2024-05-04 08:00:00+00:00,train,1578.1187067840572,1000.9601303125489,1579.078837096606
2024-05-04 12:00:00+00:00,train,1578.2849332564313,1000.9601303125489,1579.2450635689802
2024-05-04 16:00:00+00:00,train,1578.4511597288051,1000.9601303125489,1579.4112900413538
2024-05-04 20:00:00+00:00,train,1578.6173862011792,1000.9601303125489,1579.5775165137284
2024-05-05 00:00:00+00:00,train,1578.7836126735533,1000.9601303125489,1579.743742986102
2024-05-05 04:00:00+00:00,train,1578.9498391459272,1000.9601303125489,1579.909969458476
2024-05-05 08:00:00+00:00,train,1579.1160656183013,1000.9601303125489,1580.0761959308502
2024-05-05 12:00:00+00:00,train,1579.2822920906751,1000.9601303125489,1580.2424224032238
2024-05-05 16:00:00+00:00,train,1579.4485185630492,1000.9601303125489,1580.4086488755984
2024-05-05 20:00:00+00:00,train,1579.6147450354233,1000.9601303125489,1580.574875347972
2024-05-06 00:00:00+00:00,train,1579.6147450354233,1000.9601303125489,1580.574875347972
2024-05-06 04:00:00+00:00,train,1579.6147450354233,1000.9601303125489,1580.574875347972
2024-05-06 08:00:00+00:00,train,1582.991775017149,1000.9601303125489,1583.951905329698
2024-05-06 12:00:00+00:00,train,1582.991775017149,1000.9601303125489,1583.951905329698
2024-05-06 16:00:00+00:00,train,1582.991775017149,1000.9601303125489,1583.951905329698
2024-05-06 20:00:00+00:00,train,1582.904705261835,1000.9601303125489,1583.864835574384
2024-05-07 00:00:00+00:00,train,1582.8176355065211,1000.9601303125489,1583.7777658190698
2024-05-07 04:00:00+00:00,train,1582.730565751207,1000.9601303125489,1583.6906960637561
2024-05-07 08:00:00+00:00,train,1582.643495995893,1000.9601303125489,1583.603626308442
2024-05-07 12:00:00+00:00,train,1582.5564262405792,1000.9601303125489,1583.5165565531279
2024-05-07 16:00:00+00:00,train,1582.5564262405792,1000.9601303125489,1583.5165565531279
2024-05-07 20:00:00+00:00,train,1582.5564262405792,1000.9601303125489,1583.5165565531279
2024-05-08 00:00:00+00:00,train,1581.1475357868615,1000.9601303125489,1582.1076660994104
2024-05-08 04:00:00+00:00,train,1579.7386453331437,1000.9601303125489,1580.6987756456929
2024-05-08 08:00:00+00:00,train,1579.7386453331437,1000.9601303125489,1580.6987756456929
2024-05-08 12:00:00+00:00,train,1579.7386453331437,1000.9601303125489,1580.6987756456929
2024-05-08 16:00:00+00:00,train,1579.7386453331437,1000.9601303125489,1580.6987756456929
2024-05-08 20:00:00+00:00,train,1579.7386453331437,1000.9601303125489,1580.6987756456929
2024-05-09 00:00:00+00:00,train,1579.7386453331437,1000.9601303125489,1580.6987756456929
2024-05-09 04:00:00+00:00,train,1580.805777031953,1000.9601303125489,1581.765907344502
2024-05-09 08:00:00+00:00,train,1581.8729087307624,1000.9601303125489,1582.8330390433111
2024-05-09 12:00:00+00:00,train,1582.9400404295718,1000.9601303125489,1583.9001707421207
2024-05-09 16:00:00+00:00,train,1584.0071721283812,1000.9601303125489,1584.9673024409303
2024-05-09 20:00:00+00:00,train,1584.0071721283812,1000.9601303125489,1584.9673024409303
2024-05-10 00:00:00+00:00,train,1584.0071721283812,1000.9601303125489,1584.9673024409303
2024-05-10 04:00:00+00:00,train,1583.3129693253518,1000.9601303125489,1584.2730996379005
2024-05-10 08:00:00+00:00,train,1582.6187665223224,1000.9601303125489,1583.5788968348716
2024-05-10 12:00:00+00:00,train,1581.924563719293,1000.9601303125489,1582.8846940318417
2024-05-10 16:00:00+00:00,train,1581.924563719293,1000.9601303125489,1582.8846940318417
2024-05-10 20:00:00+00:00,train,1581.924563719293,1000.9601303125489,1582.8846940318417
2024-05-11 00:00:00+00:00,train,1581.924563719293,1000.9601303125489,1582.8846940318417
2024-05-11 04:00:00+00:00,train,1581.924563719293,1000.9601303125489,1582.8846940318417
2024-05-11 08:00:00+00:00,train,1581.924563719293,1000.9601303125489,1582.8846940318417
2024-05-11 12:00:00+00:00,train,1581.924563719293,1000.9601303125489,1582.8846940318417
2024-05-11 16:00:00+00:00,train,1581.924563719293,1000.9601303125489,1582.8846940318417
2024-05-11 20:00:00+00:00,train,1581.924563719293,1000.9601303125489,1582.8846940318417
2024-05-12 00:00:00+00:00,train,1581.924563719293,1000.9601303125489,1582.8846940318417
2024-05-12 04:00:00+00:00,train,1581.924563719293,1000.9601303125489,1582.8846940318417
2024-05-12 08:00:00+00:00,train,1581.924563719293,1000.9601303125489,1582.8846940318417
2024-05-12 12:00:00+00:00,train,1581.924563719293,1000.9601303125489,1582.8846940318417
2024-05-12 16:00:00+00:00,train,1581.924563719293,1000.9601303125489,1582.8846940318417
2024-05-12 20:00:00+00:00,train,1581.924563719293,1000.9601303125489,1582.8846940318417
2024-05-13 00:00:00+00:00,train,1581.924563719293,1000.9601303125489,1582.8846940318417
2024-05-13 04:00:00+00:00,train,1581.924563719293,1000.9601303125489,1582.8846940318417
2024-05-13 08:00:00+00:00,train,1585.64642849524,999.9419484252568,1585.5883769204966
2024-05-13 12:00:00+00:00,train,1585.64642849524,999.9419484252568,1585.5883769204966
2024-05-13 16:00:00+00:00,train,1585.64642849524,999.9419484252568,1585.5883769204966
2024-05-13 20:00:00+00:00,train,1585.1416686747966,999.9419484252568,1585.0836171000533
2024-05-14 00:00:00+00:00,train,1584.6369088543531,999.9419484252568,1584.57885727961
2024-05-14 04:00:00+00:00,train,1584.1321490339096,999.9419484252568,1584.0740974591663
2024-05-14 08:00:00+00:00,train,1584.1321490339096,999.9419484252568,1584.0740974591663
2024-05-14 12:00:00+00:00,train,1584.1321490339096,999.9419484252568,1584.0740974591663
2024-05-14 16:00:00+00:00,train,1584.1321490339096,999.9419484252568,1584.0740974591663
2024-05-14 20:00:00+00:00,train,1584.9316828779467,999.9419484252568,1584.8736313032036
2024-05-15 00:00:00+00:00,train,1585.7312167219836,999.598123425321,1585.3293401473047
2024-05-15 04:00:00+00:00,train,1586.5307505660207,999.2542984253851,1585.7850489914058
2024-05-15 08:00:00+00:00,train,1587.3302844100579,998.9104734254493,1586.2407578355069
2024-05-15 12:00:00+00:00,train,1588.129818254095,998.9104734254493,1587.0402916795442
2024-05-15 16:00:00+00:00,train,1588.129818254095,998.9104734254493,1587.0402916795442
2024-05-15 20:00:00+00:00,train,1588.129818254095,998.9104734254493,1587.0402916795442
2024-05-16 00:00:00+00:00,train,1591.8557513269836,998.9104734254493,1590.7662247524331
2024-05-16 04:00:00+00:00,train,1591.8557513269836,998.9104734254493,1590.7662247524331
2024-05-16 08:00:00+00:00,train,1591.8557513269836,998.9104734254493,1590.7662247524331
2024-05-16 12:00:00+00:00,train,1589.295206026254,998.9104734254493,1588.205679451703
2024-05-16 16:00:00+00:00,train,1589.295206026254,998.9104734254493,1588.205679451703
2024-05-16 20:00:00+00:00,train,1589.295206026254,998.9104734254493,1588.205679451703
2024-05-17 00:00:00+00:00,train,1591.1691547262749,998.9104734254493,1590.0796281517241
2024-05-17 04:00:00+00:00,train,1593.043103426296,998.9104734254493,1591.9535768517453
2024-05-17 08:00:00+00:00,train,1593.043103426296,998.9104734254493,1591.9535768517453
2024-05-17 12:00:00+00:00,train,1593.043103426296,998.9104734254493,1591.9535768517453
2024-05-17 16:00:00+00:00,train,1594.2497057653,998.9104734254493,1593.1601791907492
2024-05-17 20:00:00+00:00,train,1595.4563081043036,998.9104734254493,1594.366781529753
2024-05-18 00:00:00+00:00,train,1596.6629104433075,998.9104734254493,1595.5733838687565
2024-05-18 04:00:00+00:00,train,1596.6629104433075,998.9104734254493,1595.5733838687565
2024-05-18 08:00:00+00:00,train,1596.6629104433075,998.9104734254493,1595.5733838687565
2024-05-18 12:00:00+00:00,train,1596.6629104433075,998.9104734254493,1595.5733838687565
2024-05-18 16:00:00+00:00,train,1596.6629104433075,998.9104734254493,1595.5733838687565
2024-05-18 20:00:00+00:00,train,1596.6629104433075,998.9104734254493,1595.5733838687565
2024-05-19 00:00:00+00:00,train,1596.6629104433075,998.9104734254493,1595.5733838687565
2024-05-19 04:00:00+00:00,train,1596.6629104433075,998.9104734254493,1595.5733838687565
2024-05-19 08:00:00+00:00,train,1596.6629104433075,998.9104734254493,1595.5733838687565
2024-05-19 12:00:00+00:00,train,1596.6629104433075,998.9104734254493,1595.5733838687565
2024-05-19 16:00:00+00:00,train,1596.6629104433075,998.9104734254493,1595.5733838687565
2024-05-19 20:00:00+00:00,train,1597.7700251045446,998.9104734254493,1596.680498529994
2024-05-20 00:00:00+00:00,train,1598.8771397657815,998.9104734254493,1597.7876131912308
2024-05-20 04:00:00+00:00,train,1599.9842544270186,998.9104734254493,1598.894727852468
2024-05-20 08:00:00+00:00,train,1599.9842544270186,998.9104734254493,1598.894727852468
2024-05-20 12:00:00+00:00,train,1599.9842544270186,998.9104734254493,1598.894727852468
2024-05-20 16:00:00+00:00,train,1603.3650568464268,998.9104734254493,1602.275530271876
2024-05-20 20:00:00+00:00,train,1603.3650568464268,998.9104734254493,1602.275530271876
2024-05-21 00:00:00+00:00,train,1603.3650568464268,998.9104734254493,1602.275530271876
2024-05-21 04:00:00+00:00,train,1603.3650568464268,998.9104734254493,1602.275530271876
2024-05-21 08:00:00+00:00,train,1603.3650568464268,998.9104734254493,1602.275530271876
2024-05-21 12:00:00+00:00,train,1603.3650568464268,998.9104734254493,1602.275530271876
2024-05-21 16:00:00+00:00,train,1600.6881052119104,998.9104734254493,1599.5985786373594
2024-05-21 20:00:00+00:00,train,1600.6881052119104,998.9104734254493,1599.5985786373594
2024-05-22 00:00:00+00:00,train,1600.6881052119104,998.9104734254493,1599.5985786373594
2024-05-22 04:00:00+00:00,train,1600.494296941969,998.9104734254493,1599.4047703674182
2024-05-22 08:00:00+00:00,train,1600.3004886720275,998.9104734254493,1599.210962097477
2024-05-22 12:00:00+00:00,train,1600.106680402086,998.9104734254493,1599.0171538275354
2024-05-22 16:00:00+00:00,train,1599.9128721321447,998.9104734254493,1598.8233455575937
2024-05-22 20:00:00+00:00,train,1599.7190638622033,998.9104734254493,1598.6295372876525
2024-05-23 00:00:00+00:00,train,1599.7190638622033,998.9104734254493,1598.6295372876525
2024-05-23 04:00:00+00:00,train,1599.7190638622033,998.9104734254493,1598.6295372876525
2024-05-23 08:00:00+00:00,train,1599.7190638622033,998.9104734254493,1598.6295372876525
2024-05-23 12:00:00+00:00,train,1599.7190638622033,998.9104734254493,1598.6295372876525
2024-05-23 16:00:00+00:00,train,1599.7190638622033,998.9104734254493,1598.6295372876525
2024-05-23 20:00:00+00:00,train,1596.8408485048226,998.9104734254493,1595.7513219302718
2024-05-24 00:00:00+00:00,train,1596.8408485048226,998.9104734254493,1595.7513219302718
2024-05-24 04:00:00+00:00,train,1596.8408485048226,998.9104734254493,1595.7513219302718
2024-05-24 08:00:00+00:00,train,1596.8408485048226,998.9104734254493,1595.7513219302718
2024-05-24 12:00:00+00:00,train,1596.8408485048226,998.9104734254493,1595.7513219302718
2024-05-24 16:00:00+00:00,train,1596.8408485048226,998.9104734254493,1595.7513219302718
2024-05-24 20:00:00+00:00,train,1596.8408485048226,998.9104734254493,1595.7513219302718
2024-05-25 00:00:00+00:00,train,1596.8408485048226,998.9104734254493,1595.7513219302718
2024-05-25 04:00:00+00:00,train,1596.8408485048226,998.9104734254493,1595.7513219302718
2024-05-25 08:00:00+00:00,train,1596.8408485048226,998.9104734254493,1595.7513219302718
2024-05-25 12:00:00+00:00,train,1596.8408485048226,998.9104734254493,1595.7513219302718
2024-05-25 16:00:00+00:00,train,1596.8408485048226,998.9104734254493,1595.7513219302718
2024-05-25 20:00:00+00:00,train,1596.8408485048226,998.9104734254493,1595.7513219302718
2024-05-26 00:00:00+00:00,train,1596.8408485048226,998.9104734254493,1595.7513219302718
2024-05-26 04:00:00+00:00,train,1596.8408485048226,998.9104734254493,1595.7513219302718
2024-05-26 08:00:00+00:00,train,1596.8408485048226,998.9104734254493,1595.7513219302718
2024-05-26 12:00:00+00:00,train,1596.8408485048226,998.9104734254493,1595.7513219302718
2024-05-26 16:00:00+00:00,train,1596.8408485048226,998.9104734254493,1595.7513219302718
2024-05-26 20:00:00+00:00,train,1596.8408485048226,998.4347560909252,1595.2756045957476
2024-05-27 00:00:00+00:00,train,1596.8408485048226,997.9590387564014,1594.7998872612238
2024-05-27 04:00:00+00:00,train,1596.8408485048226,997.9590387564014,1594.7998872612238
2024-05-27 08:00:00+00:00,train,1596.8408485048226,997.0791587075148,1593.9200072123376
2024-05-27 12:00:00+00:00,train,1596.8408485048226,997.0791587075148,1593.9200072123376
2024-05-27 16:00:00+00:00,train,1596.8408485048226,997.0791587075148,1593.9200072123376
2024-05-27 20:00:00+00:00,train,1596.8408485048226,997.0791587075148,1593.9200072123376
2024-05-28 00:00:00+00:00,train,1596.1008211054611,997.0791587075148,1593.179979812976
2024-05-28 04:00:00+00:00,train,1595.3607937060997,997.0791587075148,1592.4399524136143
2024-05-28 08:00:00+00:00,train,1595.3607937060997,996.1509691831449,1591.5117628892444
2024-05-28 12:00:00+00:00,train,1595.3607937060997,996.1509691831449,1591.5117628892444
2024-05-28 16:00:00+00:00,train,1593.8414815146339,996.1509691831449,1589.9924506977786
2024-05-28 20:00:00+00:00,train,1593.8414815146339,996.1509691831449,1589.9924506977786
2024-05-29 00:00:00+00:00,train,1593.8414815146339,996.1509691831449,1589.9924506977786
2024-05-29 04:00:00+00:00,train,1593.543921687603,996.1509691831449,1589.6948908707477
2024-05-29 08:00:00+00:00,train,1593.2463618605716,996.1509691831449,1589.3973310437163
2024-05-29 12:00:00+00:00,train,1593.2463618605716,996.1509691831449,1589.3973310437163
2024-05-29 16:00:00+00:00,train,1593.2463618605716,996.1509691831449,1589.3973310437163
2024-05-29 20:00:00+00:00,train,1592.686399571688,996.1509691831449,1588.8373687548328
2024-05-30 00:00:00+00:00,train,1592.1264372828043,996.1509691831449,1588.2774064659493
2024-05-30 04:00:00+00:00,train,1591.5664749939208,996.1509691831449,1587.7174441770658
2024-05-30 08:00:00+00:00,train,1591.5664749939208,996.1509691831449,1587.7174441770658
2024-05-30 12:00:00+00:00,train,1591.5664749939208,995.22154992034,1586.7880249142609
2024-05-30 16:00:00+00:00,train,1595.0211289773706,995.22154992034,1590.2426788977104
2024-05-30 20:00:00+00:00,train,1595.0211289773706,995.22154992034,1590.2426788977104
2024-05-31 00:00:00+00:00,train,1595.0211289773706,995.22154992034,1590.2426788977104
2024-05-31 04:00:00+00:00,train,1595.0211289773706,994.768323305895,1589.7894522832657
2024-05-31 08:00:00+00:00,train,1595.0211289773706,994.31509669145,1589.3362256688206
2024-05-31 12:00:00+00:00,train,1595.0211289773706,994.31509669145,1589.3362256688206
2024-05-31 16:00:00+00:00,train,1595.0211289773706,993.4147688166656,1588.4358977940365
2024-05-31 20:00:00+00:00,train,1594.8831668686175,993.4147688166656,1588.297935685283
2024-06-01 00:00:00+00:00,train,1594.7452047598647,993.4147688166656,1588.1599735765303
2024-06-01 04:00:00+00:00,train,1594.6072426511116,993.4147688166656,1588.0220114677772
2024-06-01 08:00:00+00:00,train,1594.4692805423588,993.4917494987786,1587.9610300411373
2024-06-01 12:00:00+00:00,train,1594.3313184336057,993.5687301808916,1587.9000486144973
2024-06-01 16:00:00+00:00,train,1594.1933563248526,993.6457108630046,1587.8390671878574
2024-06-01 20:00:00+00:00,train,1594.0553942160998,993.7226915451176,1587.7780857612174
2024-06-02 00:00:00+00:00,train,1593.9174321073467,993.7996722272306,1587.7171043345775
2024-06-02 04:00:00+00:00,train,1593.7794699985939,993.8766529093436,1587.6561229079375
2024-06-02 08:00:00+00:00,train,1593.6415078898408,993.9536335914565,1587.595141481297
2024-06-02 12:00:00+00:00,train,1593.5035457810877,994.0306142735695,1587.5341600546571
2024-06-02 16:00:00+00:00,train,1593.3655836723349,994.1075949556825,1587.4731786280172
2024-06-02 20:00:00+00:00,train,1593.3655836723349,994.1845756377955,1587.5501593101303
2024-06-03 00:00:00+00:00,train,1593.3655836723349,994.2615563199085,1587.6271399922434
2024-06-03 04:00:00+00:00,train,1593.3655836723349,994.3385370020216,1587.7041206743565
2024-06-03 08:00:00+00:00,train,1593.3655836723349,994.3385370020216,1587.7041206743565
2024-06-03 12:00:00+00:00,train,1593.3655836723349,993.6757114718221,1587.0412951441567
2024-06-03 16:00:00+00:00,train,1593.6958850173548,993.6757114718221,1587.3715964891771
2024-06-03 20:00:00+00:00,train,1594.026186362375,993.6757114718221,1587.701897834197
2024-06-04 00:00:00+00:00,train,1594.356487707395,992.9778973819264,1587.3343850893216
2024-06-04 04:00:00+00:00,train,1594.6867890524152,992.9778973819264,1587.6646864343415
2024-06-04 08:00:00+00:00,train,1595.0170903974351,992.9778973819264,1587.9949877793615
2024-06-04 12:00:00+00:00,train,1595.3473917424553,992.2981337826477,1587.645525525103
2024-06-04 16:00:00+00:00,train,1595.6776930874753,992.2981337826477,1587.975826870123
2024-06-04 20:00:00+00:00,train,1595.6776930874753,992.2981337826477,1587.975826870123
2024-06-05 00:00:00+00:00,train,1595.6776930874753,992.2981337826477,1587.975826870123
2024-06-05 04:00:00+00:00,train,1595.6549667960405,992.2981337826477,1587.9531005786885
2024-06-05 08:00:00+00:00,train,1595.632240504606,992.2981337826477,1587.9303742872535
2024-06-05 12:00:00+00:00,train,1595.6095142131712,992.2981337826477,1587.907647995819
2024-06-05 16:00:00+00:00,train,1595.5867879217365,992.2981337826477,1587.8849217043844
2024-06-05 20:00:00+00:00,train,1595.564061630302,992.2981337826477,1587.8621954129494
2024-06-06 00:00:00+00:00,train,1595.5413353388672,992.2981337826477,1587.8394691215149
2024-06-06 04:00:00+00:00,train,1595.5186090474324,992.2981337826477,1587.8167428300803
2024-06-06 08:00:00+00:00,train,1595.4958827559979,992.2981337826477,1587.7940165386453
2024-06-06 12:00:00+00:00,train,1595.473156464563,992.2981337826477,1587.7712902472108
2024-06-06 16:00:00+00:00,train,1595.4504301731286,992.2981337826477,1587.7485639557763
2024-06-06 20:00:00+00:00,train,1595.4504301731286,992.2981337826477,1587.7485639557763
2024-06-07 00:00:00+00:00,train,1595.4504301731286,992.2981337826477,1587.7485639557763
2024-06-07 04:00:00+00:00,train,1595.4504301731286,992.2981337826477,1587.7485639557763
2024-06-07 08:00:00+00:00,train,1595.4504301731286,992.2981337826477,1587.7485639557763
2024-06-07 12:00:00+00:00,train,1595.4504301731286,992.2981337826477,1587.7485639557763
2024-06-07 16:00:00+00:00,train,1595.4504301731286,992.2981337826477,1587.7485639557763
2024-06-07 20:00:00+00:00,train,1595.4504301731286,992.2981337826477,1587.7485639557763
2024-06-08 00:00:00+00:00,train,1595.4504301731286,992.2981337826477,1587.7485639557763
2024-06-08 04:00:00+00:00,train,1595.4504301731286,992.2981337826477,1587.7485639557763
2024-06-08 08:00:00+00:00,train,1595.4504301731286,992.2981337826477,1587.7485639557763
2024-06-08 12:00:00+00:00,train,1595.4504301731286,993.2855613567978,1588.7359915299262
2024-06-08 16:00:00+00:00,train,1595.4504301731286,994.2729889309478,1589.7234191040761
2024-06-08 20:00:00+00:00,train,1595.4504301731286,995.260416505098,1590.7108466782265
2024-06-09 00:00:00+00:00,train,1595.4504301731286,996.247844079248,1591.6982742523765
2024-06-09 04:00:00+00:00,train,1595.4504301731286,996.247844079248,1591.6982742523765
2024-06-09 08:00:00+00:00,train,1595.4504301731286,996.247844079248,1591.6982742523765
2024-06-09 12:00:00+00:00,train,1595.4504301731286,995.470938649685,1590.9213688228137
2024-06-09 16:00:00+00:00,train,1595.4504301731286,995.470938649685,1590.9213688228137
2024-06-09 20:00:00+00:00,train,1595.4504301731286,995.470938649685,1590.9213688228137
2024-06-10 00:00:00+00:00,train,1595.4504301731286,995.2898957250569,1590.7403258981853
2024-06-10 04:00:00+00:00,train,1595.4504301731286,995.108852800429,1590.5592829735574
2024-06-10 08:00:00+00:00,train,1595.4504301731286,994.9278098758009,1590.3782400489295
2024-06-10 12:00:00+00:00,train,1595.4504301731286,994.746766951173,1590.1971971243015
2024-06-10 16:00:00+00:00,train,1595.4504301731286,994.746766951173,1590.1971971243015
2024-06-10 20:00:00+00:00,train,1595.4504301731286,994.746766951173,1590.1971971243015
2024-06-11 00:00:00+00:00,train,1595.4504301731286,996.5356750920754,1591.986105265204
2024-06-11 04:00:00+00:00,train,1595.4504301731286,998.3245832329778,1593.7750134061062
2024-06-11 08:00:00+00:00,train,1595.4504301731286,998.3245832329778,1593.7750134061062
2024-06-11 12:00:00+00:00,train,1595.4504301731286,998.3245832329778,1593.7750134061062
2024-06-11 16:00:00+00:00,train,1595.4504301731286,997.3992888588093,1592.8497190319376
2024-06-11 20:00:00+00:00,train,1595.4504301731286,997.3992888588093,1592.8497190319376
2024-06-12 00:00:00+00:00,train,1595.4504301731286,997.3992888588093,1592.8497190319376
2024-06-12 04:00:00+00:00,train,1595.4504301731286,996.4880924511,1591.9385226242284
2024-06-12 08:00:00+00:00,train,1595.4504301731286,996.4880924511,1591.9385226242284
2024-06-12 12:00:00+00:00,train,1598.705761473174,995.6051818144226,1594.3109432875967
2024-06-12 16:00:00+00:00,train,1598.705761473174,995.6051818144226,1594.3109432875967
2024-06-12 20:00:00+00:00,train,1598.705761473174,994.5424286773306,1593.2481901505048
2024-06-13 00:00:00+00:00,train,1598.705761473174,994.5424286773306,1593.2481901505048
2024-06-13 04:00:00+00:00,train,1598.705761473174,994.5424286773306,1593.2481901505048
2024-06-13 08:00:00+00:00,train,1598.705761473174,994.0042509339123,1592.7100124070867
2024-06-13 12:00:00+00:00,train,1598.705761473174,993.466073190494,1592.171834663668
2024-06-13 16:00:00+00:00,train,1598.705761473174,993.466073190494,1592.171834663668
2024-06-13 20:00:00+00:00,train,1598.705761473174,993.466073190494,1592.171834663668
2024-06-14 00:00:00+00:00,train,1598.705761473174,994.5709075748304,1593.2766690480044
2024-06-14 04:00:00+00:00,train,1598.705761473174,995.6757419591668,1594.3815034323407
2024-06-14 08:00:00+00:00,train,1598.705761473174,996.7805763435033,1595.4863378166774
2024-06-14 12:00:00+00:00,train,1596.1509356275433,997.8854107278397,1594.036346355383
2024-06-14 16:00:00+00:00,train,1596.1509356275433,998.9902451121761,1595.1411807397194
2024-06-14 20:00:00+00:00,train,1596.1509356275433,998.9902451121761,1595.1411807397194
2024-06-15 00:00:00+00:00,train,1596.1509356275433,997.946117353914,1594.0970529814572
2024-06-15 04:00:00+00:00,train,1596.1509356275433,997.946117353914,1594.0970529814572
2024-06-15 08:00:00+00:00,train,1596.1509356275433,997.946117353914,1594.0970529814572
2024-06-15 12:00:00+00:00,train,1596.1509356275433,997.946117353914,1594.0970529814572
2024-06-15 16:00:00+00:00,train,1596.1509356275433,997.0086682139622,1593.1596038415055
2024-06-15 20:00:00+00:00,train,1596.625181520466,997.0086682139622,1593.6338497344282
2024-06-16 00:00:00+00:00,train,1597.0994274133884,997.0086682139622,1594.1080956273508
2024-06-16 04:00:00+00:00,train,1597.573673306311,996.7266445149096,1594.3003178212207
2024-06-16 08:00:00+00:00,train,1598.0479191992335,996.4446208158571,1594.4925400150905
2024-06-16 12:00:00+00:00,train,1598.5221650921562,996.1625971168045,1594.6847622089608
2024-06-16 16:00:00+00:00,train,1598.996410985079,996.1625971168045,1595.1590081018835
2024-06-16 20:00:00+00:00,train,1599.4706568780014,996.1625971168045,1595.6332539948057
2024-06-17 00:00:00+00:00,train,1599.4706568780014,996.1625971168045,1595.6332539948057
2024-06-17 04:00:00+00:00,train,1599.4706568780014,995.3495601118464,1594.8202169898477
2024-06-17 08:00:00+00:00,train,1599.4706568780014,995.3495601118464,1594.8202169898477
2024-06-17 12:00:00+00:00,train,1599.4706568780014,995.3495601118464,1594.8202169898477
2024-06-17 16:00:00+00:00,train,1599.4706568780014,994.4684845789002,1593.9391414569018
2024-06-17 20:00:00+00:00,train,1599.4706568780014,994.4684845789002,1593.9391414569018
2024-06-18 00:00:00+00:00,train,1599.4706568780014,999.264766286876,1598.7354231648774
2024-06-18 04:00:00+00:00,train,1599.4706568780014,999.264766286876,1598.7354231648774
2024-06-18 08:00:00+00:00,train,1599.4706568780014,998.052232342689,1597.5228892206906
2024-06-18 12:00:00+00:00,train,1599.4706568780014,998.052232342689,1597.5228892206906
2024-06-18 16:00:00+00:00,train,1599.4706568780014,998.052232342689,1597.5228892206906
2024-06-18 20:00:00+00:00,train,1599.4706568780014,996.7897964137895,1596.2604532917908
2024-06-19 00:00:00+00:00,train,1599.4706568780014,996.7897964137895,1596.2604532917908
2024-06-19 04:00:00+00:00,train,1599.4706568780014,995.5357237569784,1595.00638063498
2024-06-19 08:00:00+00:00,train,1599.4706568780014,995.5357237569784,1595.00638063498
2024-06-19 12:00:00+00:00,train,1599.4706568780014,995.5357237569784,1595.00638063498
2024-06-19 16:00:00+00:00,train,1599.4706568780014,994.3342328947966,1593.804889772798
2024-06-19 20:00:00+00:00,train,1599.4706568780014,994.3342328947966,1593.804889772798
2024-06-20 00:00:00+00:00,train,1599.4706568780014,993.1729558424621,1592.6436127204634
2024-06-20 04:00:00+00:00,train,1599.4706568780014,993.1729558424621,1592.6436127204634
2024-06-20 08:00:00+00:00,train,1599.4706568780014,993.1729558424621,1592.6436127204634
2024-06-20 12:00:00+00:00,train,1599.4706568780014,993.1729558424621,1592.6436127204634
2024-06-20 16:00:00+00:00,train,1599.4706568780014,991.8906409983236,1591.361297876325
2024-06-20 20:00:00+00:00,train,1599.4706568780014,991.8906409983236,1591.361297876325
2024-06-21 00:00:00+00:00,train,1599.4706568780014,991.8906409983236,1591.361297876325
2024-06-21 04:00:00+00:00,train,1599.4706568780014,991.6480370624995,1591.1186939405006
2024-06-21 08:00:00+00:00,train,1599.4706568780014,991.4054331266755,1590.8760900046768
2024-06-21 12:00:00+00:00,train,1599.4706568780014,991.1628291908513,1590.6334860688526
2024-06-21 16:00:00+00:00,train,1599.4706568780014,990.9202252550273,1590.3908821330288
2024-06-21 20:00:00+00:00,train,1599.4706568780014,990.6776213192031,1590.1482781972045
2024-06-22 00:00:00+00:00,train,1599.4706568780014,990.6776213192031,1590.1482781972045
2024-06-22 04:00:00+00:00,train,1599.4706568780014,989.5563183890172,1589.0269752670183
2024-06-22 08:00:00+00:00,train,1599.4706568780014,989.5563183890172,1589.0269752670183
2024-06-22 12:00:00+00:00,train,1599.4706568780014,989.5563183890172,1589.0269752670183
2024-06-22 16:00:00+00:00,train,1599.4706568780014,990.1448958419205,1589.6155527199217
2024-06-22 20:00:00+00:00,train,1599.4706568780014,990.7334732948239,1590.204130172825
2024-06-23 00:00:00+00:00,train,1599.4706568780014,991.3220507477273,1590.7927076257288
2024-06-23 04:00:00+00:00,train,1599.4706568780014,991.9106282006306,1591.3812850786321
2024-06-23 08:00:00+00:00,train,1599.4706568780014,992.499205653534,1591.9698625315355
2024-06-23 12:00:00+00:00,train,1599.4706568780014,993.0877831064373,1592.5584399844388
2024-06-23 16:00:00+00:00,train,1599.4706568780014,993.6763605593408,1593.1470174373421
2024-06-23 20:00:00+00:00,train,1599.4706568780014,994.2649380122441,1593.7355948902455
2024-06-24 00:00:00+00:00,train,1599.4706568780014,994.8535154651474,1594.3241723431488
2024-06-24 04:00:00+00:00,train,1599.4706568780014,994.8535154651474,1594.3241723431488
2024-06-24 08:00:00+00:00,train,1599.4706568780014,993.9451472943915,1593.415804172393
2024-06-24 12:00:00+00:00,train,1599.4706568780014,993.9451472943915,1593.415804172393
2024-06-24 16:00:00+00:00,train,1599.4706568780014,993.9451472943915,1593.415804172393
2024-06-24 20:00:00+00:00,train,1599.4706568780014,992.9462959118938,1592.4169527898953
2024-06-25 00:00:00+00:00,train,1599.4706568780014,992.9462959118938,1592.4169527898953
2024-06-25 04:00:00+00:00,train,1599.4706568780014,992.9462959118938,1592.4169527898953
2024-06-25 08:00:00+00:00,train,1599.4706568780014,992.9462959118938,1592.4169527898953
2024-06-25 12:00:00+00:00,train,1599.4706568780014,992.9462959118938,1592.4169527898953
2024-06-25 16:00:00+00:00,train,1599.4706568780014,992.9462959118938,1592.4169527898953
2024-06-25 20:00:00+00:00,train,1599.4706568780014,992.9462959118938,1592.4169527898953
2024-06-26 00:00:00+00:00,train,1599.4706568780014,992.9462959118938,1592.4169527898953
2024-06-26 04:00:00+00:00,train,1599.4706568780014,992.9462959118938,1592.4169527898953
2024-06-26 08:00:00+00:00,train,1599.4706568780014,992.9462959118938,1592.4169527898953
2024-06-26 12:00:00+00:00,train,1600.0096888031978,992.9462959118938,1592.9559847150917
2024-06-26 16:00:00+00:00,train,1600.548720728394,992.9462959118938,1593.4950166402878
2024-06-26 20:00:00+00:00,train,1601.0877526535905,992.9462959118938,1594.0340485654842
2024-06-27 00:00:00+00:00,train,1601.626784578787,992.9462959118938,1594.5730804906807
2024-06-27 04:00:00+00:00,train,1602.1658165039833,992.9462959118938,1595.1121124158772
2024-06-27 08:00:00+00:00,train,1602.7048484291797,992.9462959118938,1595.6511443410736
2024-06-27 12:00:00+00:00,train,1603.2438803543762,992.9462959118938,1596.19017626627
2024-06-27 16:00:00+00:00,train,1603.2438803543762,992.9462959118938,1596.19017626627
2024-06-27 20:00:00+00:00,train,1603.2438803543762,992.9462959118938,1596.19017626627
2024-06-28 00:00:00+00:00,train,1602.0375039051946,992.9462959118938,1594.9837998170883
2024-06-28 04:00:00+00:00,train,1600.8311274560128,992.9462959118938,1593.7774233679065
2024-06-28 08:00:00+00:00,train,1600.8311274560128,992.9462959118938,1593.7774233679065
2024-06-28 12:00:00+00:00,train,1600.8311274560128,992.9462959118938,1593.7774233679065
2024-06-28 16:00:00+00:00,train,1600.8311274560128,992.9462959118938,1593.7774233679065
2024-06-28 20:00:00+00:00,train,1600.8311274560128,992.9462959118938,1593.7774233679065
2024-06-29 00:00:00+00:00,train,1600.8311274560128,992.9462959118938,1593.7774233679065
2024-06-29 04:00:00+00:00,train,1600.8311274560128,992.9462959118938,1593.7774233679065
2024-06-29 08:00:00+00:00,train,1600.2990037004754,992.9462959118938,1593.2452996123693
2024-06-29 12:00:00+00:00,train,1599.7668799449382,992.9462959118938,1592.713175856832
2024-06-29 16:00:00+00:00,train,1599.2347561894007,992.9462959118938,1592.1810521012944
2024-06-29 20:00:00+00:00,train,1598.7026324338635,992.9462959118938,1591.6489283457572
2024-06-30 00:00:00+00:00,train,1598.1705086783263,992.9462959118938,1591.11680459022
2024-06-30 04:00:00+00:00,train,1598.1705086783263,992.9462959118938,1591.11680459022
2024-06-30 08:00:00+00:00,train,1598.1705086783263,992.9462959118938,1591.11680459022
2024-06-30 12:00:00+00:00,train,1599.8174328650168,992.9462959118938,1592.7637287769107
2024-06-30 16:00:00+00:00,train,1601.4643570517073,992.9462959118938,1594.410652963601
2024-06-30 20:00:00+00:00,train,1601.4643570517073,992.9462959118938,1594.410652963601
2024-07-01 00:00:00+00:00,train,1601.4643570517073,992.9462959118938,1594.410652963601
2024-07-01 04:00:00+00:00,train,1601.4643570517073,992.9462959118938,1594.410652963601
2024-07-01 08:00:00+00:00,train,1601.4643570517073,992.9462959118938,1594.410652963601
2024-07-01 12:00:00+00:00,train,1601.4643570517073,992.9462959118938,1594.410652963601
2024-07-01 16:00:00+00:00,train,1601.4643570517073,992.9462959118938,1594.410652963601
2024-07-01 20:00:00+00:00,train,1601.9543555524497,992.9462959118938,1594.9006514643434
2024-07-02 00:00:00+00:00,train,1602.4443540531918,992.9462959118938,1595.3906499650857
2024-07-02 04:00:00+00:00,train,1602.934352553934,992.9462959118938,1595.880648465828
2024-07-02 08:00:00+00:00,train,1603.4243510546762,992.9462959118938,1596.37064696657
2024-07-02 12:00:00+00:00,train,1603.9143495554185,992.9462959118938,1596.8606454673122
2024-07-02 16:00:00+00:00,train,1604.4043480561606,992.9462959118938,1597.3506439680546
2024-07-02 20:00:00+00:00,train,1604.4043480561606,992.9462959118938,1597.3506439680546
2024-07-03 00:00:00+00:00,train,1604.4043480561606,992.9462959118938,1597.3506439680546
2024-07-03 04:00:00+00:00,train,1604.4043480561606,992.9462959118938,1597.3506439680546
2024-07-03 08:00:00+00:00,train,1604.4043480561606,992.9462959118938,1597.3506439680546
2024-07-03 12:00:00+00:00,train,1604.4043480561606,992.9462959118938,1597.3506439680546
2024-07-03 16:00:00+00:00,train,1604.4043480561606,992.9462959118938,1597.3506439680546
2024-07-03 20:00:00+00:00,train,1604.4043480561606,992.9462959118938,1597.3506439680546
2024-07-04 00:00:00+00:00,train,1604.4043480561606,992.9462959118938,1597.3506439680546
2024-07-04 04:00:00+00:00,train,1604.4043480561606,992.9462959118938,1597.3506439680546
2024-07-04 08:00:00+00:00,train,1604.4043480561606,992.9462959118938,1597.3506439680546
2024-07-04 12:00:00+00:00,train,1604.4043480561606,992.9462959118938,1597.3506439680546
2024-07-04 16:00:00+00:00,train,1604.4043480561606,992.9462959118938,1597.3506439680546
2024-07-04 20:00:00+00:00,train,1604.4043480561606,995.9887844943294,1600.39313255049
2024-07-05 00:00:00+00:00,train,1604.4043480561606,999.0312730767648,1603.4356211329255
2024-07-05 04:00:00+00:00,train,1604.4043480561606,999.0312730767648,1603.4356211329255
2024-07-05 08:00:00+00:00,train,1604.4043480561606,999.0312730767648,1603.4356211329255
2024-07-05 12:00:00+00:00,train,1604.4043480561606,999.0312730767648,1603.4356211329255
2024-07-05 16:00:00+00:00,train,1604.4043480561606,999.0312730767648,1603.4356211329255
2024-07-05 20:00:00+00:00,train,1604.4043480561606,999.0312730767648,1603.4356211329255
2024-07-06 00:00:00+00:00,train,1604.4043480561606,997.6253466872134,1602.029694743374
2024-07-06 04:00:00+00:00,train,1604.4043480561606,997.6253466872134,1602.029694743374
2024-07-06 08:00:00+00:00,train,1604.4043480561606,997.6253466872134,1602.029694743374
2024-07-06 12:00:00+00:00,train,1604.4043480561606,997.6253466872134,1602.029694743374
2024-07-06 16:00:00+00:00,train,1604.4043480561606,997.6253466872134,1602.029694743374
2024-07-06 20:00:00+00:00,train,1604.4043480561606,997.6253466872134,1602.029694743374
2024-07-07 00:00:00+00:00,train,1604.4043480561606,997.6253466872134,1602.029694743374
2024-07-07 04:00:00+00:00,train,1604.4043480561606,997.6253466872134,1602.029694743374
2024-07-07 08:00:00+00:00,train,1604.4043480561606,997.6253466872134,1602.029694743374
2024-07-07 12:00:00+00:00,train,1604.4043480561606,997.6253466872134,1602.029694743374
2024-07-07 16:00:00+00:00,train,1604.4043480561606,996.4471380335856,1600.8514860897462
2024-07-07 20:00:00+00:00,train,1604.4043480561606,996.4471380335856,1600.8514860897462
2024-07-08 00:00:00+00:00,train,1604.4043480561606,996.4471380335856,1600.8514860897462
2024-07-08 04:00:00+00:00,train,1604.4043480561606,995.202518932573,1599.6068669887336
2024-07-08 08:00:00+00:00,train,1604.4043480561606,995.202518932573,1599.6068669887336
2024-07-08 12:00:00+00:00,train,1604.4043480561606,995.202518932573,1599.6068669887336
2024-07-08 16:00:00+00:00,train,1604.4043480561606,995.202518932573,1599.6068669887336
2024-07-08 20:00:00+00:00,train,1604.4043480561606,995.202518932573,1599.6068669887336
2024-07-09 00:00:00+00:00,train,1604.4043480561606,995.202518932573,1599.6068669887336
2024-07-09 04:00:00+00:00,train,1604.4043480561606,995.202518932573,1599.6068669887336
2024-07-09 08:00:00+00:00,train,1604.4043480561606,995.202518932573,1599.6068669887336
2024-07-09 12:00:00+00:00,train,1604.4043480561606,995.202518932573,1599.6068669887336
2024-07-09 16:00:00+00:00,train,1604.4043480561606,995.202518932573,1599.6068669887336
2024-07-09 20:00:00+00:00,train,1604.4043480561606,995.202518932573,1599.6068669887336
2024-07-10 00:00:00+00:00,train,1604.4043480561606,995.202518932573,1599.6068669887336
2024-07-10 04:00:00+00:00,train,1604.4043480561606,995.202518932573,1599.6068669887336
2024-07-10 08:00:00+00:00,train,1604.4043480561606,995.202518932573,1599.6068669887336
2024-07-10 12:00:00+00:00,train,1604.4043480561606,995.202518932573,1599.6068669887336
2024-07-10 16:00:00+00:00,train,1604.4043480561606,995.202518932573,1599.6068669887336
2024-07-10 20:00:00+00:00,train,1604.4043480561606,995.202518932573,1599.6068669887336
2024-07-11 00:00:00+00:00,train,1604.4043480561606,995.202518932573,1599.6068669887336
2024-07-11 04:00:00+00:00,train,1603.4705828035553,995.202518932573,1598.673101736128
2024-07-11 08:00:00+00:00,train,1602.53681755095,995.202518932573,1597.739336483523
2024-07-11 12:00:00+00:00,train,1601.6030522983447,995.202518932573,1596.8055712309178
2024-07-11 16:00:00+00:00,train,1601.6030522983447,995.202518932573,1596.8055712309178
2024-07-11 20:00:00+00:00,train,1601.6030522983447,995.202518932573,1596.8055712309178
2024-07-12 00:00:00+00:00,train,1601.6030522983447,995.202518932573,1596.8055712309178
2024-07-12 04:00:00+00:00,train,1601.6030522983447,995.202518932573,1596.8055712309178
2024-07-12 08:00:00+00:00,train,1601.6030522983447,994.6678764579234,1596.270928756268
2024-07-12 12:00:00+00:00,train,1601.6030522983447,994.133233983274,1595.7362862816185
2024-07-12 16:00:00+00:00,train,1601.6030522983447,994.133233983274,1595.7362862816185
2024-07-12 20:00:00+00:00,train,1601.6030522983447,994.133233983274,1595.7362862816185
2024-07-13 00:00:00+00:00,train,1602.138399160738,993.1355007746982,1595.273899935436
2024-07-13 04:00:00+00:00,train,1602.6737460231313,993.1355007746982,1595.8092467978295
2024-07-13 08:00:00+00:00,train,1603.2090928855246,993.1355007746982,1596.344593660223
2024-07-13 12:00:00+00:00,train,1603.7444397479178,993.1355007746982,1596.879940522616
2024-07-13 16:00:00+00:00,train,1604.279786610311,993.1355007746982,1597.4152873850094
2024-07-13 20:00:00+00:00,train,1604.8151334727045,993.1355007746982,1597.9506342474028
2024-07-14 00:00:00+00:00,train,1605.3504803350977,993.1355007746982,1598.4859811097958
2024-07-14 04:00:00+00:00,train,1605.3504803350977,993.1355007746982,1598.4859811097958
2024-07-14 08:00:00+00:00,train,1605.3504803350977,993.1355007746982,1598.4859811097958
2024-07-14 12:00:00+00:00,train,1606.1087332910681,993.1355007746982,1599.2442340657662
2024-07-14 16:00:00+00:00,train,1606.8669862470385,993.1355007746982,1600.0024870217367
2024-07-14 20:00:00+00:00,train,1607.6252392030087,993.1355007746982,1600.760739977707
2024-07-15 00:00:00+00:00,train,1608.3834921589792,993.1355007746982,1601.5189929336775
2024-07-15 04:00:00+00:00,train,1608.3834921589792,993.1355007746982,1601.5189929336775
2024-07-15 08:00:00+00:00,train,1608.3834921589792,993.1355007746982,1601.5189929336775
2024-07-15 12:00:00+00:00,train,1609.3466807271213,993.1355007746982,1602.4821815018195
2024-07-15 16:00:00+00:00,train,1610.3098692952638,993.1355007746982,1603.4453700699619
2024-07-15 20:00:00+00:00,train,1611.2730578634062,993.1355007746982,1604.4085586381043
2024-07-16 00:00:00+00:00,train,1611.2730578634062,993.1355007746982,1604.4085586381043
2024-07-16 04:00:00+00:00,train,1609.0794533377336,993.1355007746982,1602.2149541124318
2024-07-16 08:00:00+00:00,train,1609.0794533377336,993.1355007746982,1602.2149541124318
2024-07-16 12:00:00+00:00,train,1609.0794533377336,993.1355007746982,1602.2149541124318
2024-07-16 16:00:00+00:00,train,1610.175518892867,993.1355007746982,1603.3110196675652
2024-07-16 20:00:00+00:00,train,1611.2715844480006,993.1355007746982,1604.4070852226987
2024-07-17 00:00:00+00:00,train,1612.367650003134,993.1355007746982,1605.5031507778322
2024-07-17 04:00:00+00:00,train,1612.367650003134,993.1355007746982,1605.5031507778322
2024-07-17 08:00:00+00:00,train,1612.367650003134,993.1355007746982,1605.5031507778322
2024-07-17 12:00:00+00:00,train,1610.7412294110459,993.1355007746982,1603.8767301857442
2024-07-17 16:00:00+00:00,train,1610.7412294110459,993.1355007746982,1603.8767301857442
2024-07-17 20:00:00+00:00,train,1610.7412294110459,993.1355007746982,1603.8767301857442
2024-07-18 00:00:00+00:00,train,1610.6238196004833,993.1355007746982,1603.7593203751817
2024-07-18 04:00:00+00:00,train,1610.5064097899206,993.1355007746982,1603.6419105646187
2024-07-18 08:00:00+00:00,train,1610.388999979358,993.1355007746982,1603.5245007540561
2024-07-18 12:00:00+00:00,train,1610.2715901687952,993.1355007746982,1603.4070909434936
2024-07-18 16:00:00+00:00,train,1610.1541803582327,993.1355007746982,1603.289681132931
2024-07-18 20:00:00+00:00,train,1610.1541803582327,993.1355007746982,1603.289681132931
2024-07-19 00:00:00+00:00,train,1610.1541803582327,993.1355007746982,1603.289681132931
2024-07-19 04:00:00+00:00,train,1613.4429232686393,993.1355007746982,1606.5784240433377
2024-07-19 08:00:00+00:00,train,1613.4429232686393,993.1355007746982,1606.5784240433377
2024-07-19 12:00:00+00:00,train,1616.9287549044075,993.1355007746982,1610.0642556791058
2024-07-19 16:00:00+00:00,train,1616.9287549044075,993.1355007746982,1610.0642556791058
2024-07-19 20:00:00+00:00,train,1616.9287549044075,993.1355007746982,1610.0642556791058
2024-07-20 00:00:00+00:00,train,1617.2816060184841,993.1355007746982,1610.4171067931825
2024-07-20 04:00:00+00:00,train,1617.6344571325606,993.1355007746982,1610.7699579072587
2024-07-20 08:00:00+00:00,train,1617.9873082466372,993.1355007746982,1611.1228090213353
2024-07-20 12:00:00+00:00,train,1618.3401593607136,993.1355007746982,1611.475660135412
2024-07-20 16:00:00+00:00,train,1618.6930104747903,993.1355007746982,1611.8285112494887
2024-07-20 20:00:00+00:00,train,1619.0458615888667,993.1355007746982,1612.1813623635649
2024-07-21 00:00:00+00:00,train,1619.3987127029434,993.1355007746982,1612.5342134776415
2024-07-21 04:00:00+00:00,train,1619.7515638170198,993.1355007746982,1612.8870645917182
2024-07-21 08:00:00+00:00,train,1620.1044149310965,993.1355007746982,1613.2399157057948
2024-07-21 12:00:00+00:00,train,1620.4572660451731,993.1355007746982,1613.5927668198715
2024-07-21 16:00:00+00:00,train,1620.4572660451731,993.1355007746982,1613.5927668198715
2024-07-21 20:00:00+00:00,train,1620.4572660451731,993.1355007746982,1613.5927668198715
2024-07-22 00:00:00+00:00,train,1620.4572660451731,993.1355007746982,1613.5927668198715
2024-07-22 04:00:00+00:00,train,1620.4572660451731,993.1355007746982,1613.5927668198715
2024-07-22 08:00:00+00:00,train,1620.0823003044675,993.1355007746982,1613.2178010791658
2024-07-22 12:00:00+00:00,train,1619.7073345637618,993.1355007746982,1612.8428353384602
2024-07-22 16:00:00+00:00,train,1619.3323688230562,993.1355007746982,1612.4678695977545
2024-07-22 20:00:00+00:00,train,1618.9574030823505,993.1355007746982,1612.092903857049
2024-07-23 00:00:00+00:00,train,1618.582437341645,993.1355007746982,1611.7179381163432
2024-07-23 04:00:00+00:00,train,1618.2074716009392,993.1355007746982,1611.3429723756376
2024-07-23 08:00:00+00:00,train,1618.2074716009392,993.1355007746982,1611.3429723756376
2024-07-23 12:00:00+00:00,train,1618.2074716009392,993.1355007746982,1611.3429723756376
2024-07-23 16:00:00+00:00,train,1615.528742096598,993.1355007746982,1608.6642428712962
2024-07-23 20:00:00+00:00,train,1615.528742096598,993.1355007746982,1608.6642428712962
2024-07-24 00:00:00+00:00,train,1615.528742096598,993.1355007746982,1608.6642428712962
2024-07-24 04:00:00+00:00,train,1616.8270779361474,993.1355007746982,1609.9625787108457
2024-07-24 08:00:00+00:00,train,1618.1254137756964,993.1355007746982,1611.2609145503948
2024-07-24 12:00:00+00:00,train,1619.4237496152457,993.1355007746982,1612.5592503899438
2024-07-24 16:00:00+00:00,train,1619.4237496152457,993.1355007746982,1612.5592503899438
2024-07-24 20:00:00+00:00,train,1619.4237496152457,993.1355007746982,1612.5592503899438
2024-07-25 00:00:00+00:00,train,1619.4237496152457,993.1355007746982,1612.5592503899438
2024-07-25 04:00:00+00:00,train,1619.4237496152457,993.1355007746982,1612.5592503899438
2024-07-25 08:00:00+00:00,train,1619.4237496152457,993.1355007746982,1612.5592503899438
2024-07-25 12:00:00+00:00,train,1619.4237496152457,993.1355007746982,1612.5592503899438
2024-07-25 16:00:00+00:00,train,1619.4237496152457,993.1355007746982,1612.5592503899438
2024-07-25 20:00:00+00:00,train,1619.4237496152457,993.1355007746982,1612.5592503899438
2024-07-26 00:00:00+00:00,train,1619.4237496152457,993.1355007746982,1612.5592503899438
2024-07-26 04:00:00+00:00,train,1619.4237496152457,993.1355007746982,1612.5592503899438
2024-07-26 08:00:00+00:00,train,1619.4237496152457,993.1355007746982,1612.5592503899438
2024-07-26 12:00:00+00:00,train,1620.263366873567,993.1355007746982,1613.3988676482654
2024-07-26 16:00:00+00:00,train,1621.1029841318884,993.1355007746982,1614.2384849065866
2024-07-26 20:00:00+00:00,train,1621.94260139021,993.1355007746982,1615.0781021649082
2024-07-27 00:00:00+00:00,train,1622.7822186485314,993.1355007746982,1615.9177194232298
2024-07-27 04:00:00+00:00,train,1623.6218359068528,993.1355007746982,1616.757336681551
2024-07-27 08:00:00+00:00,train,1623.6218359068528,993.1355007746982,1616.757336681551
2024-07-27 12:00:00+00:00,train,1623.6218359068528,993.1355007746982,1616.757336681551
2024-07-27 16:00:00+00:00,train,1621.5292992144273,993.1355007746982,1614.6647999891256
2024-07-27 20:00:00+00:00,train,1621.5292992144273,993.1355007746982,1614.6647999891256
2024-07-28 00:00:00+00:00,train,1621.5292992144273,993.1355007746982,1614.6647999891256
2024-07-28 04:00:00+00:00,train,1622.1679316203629,993.1355007746982,1615.303432395061
2024-07-28 08:00:00+00:00,train,1622.8065640262985,993.1355007746982,1615.9420648009968
2024-07-28 12:00:00+00:00,train,1623.445196432234,993.1355007746982,1616.5806972069322
2024-07-28 16:00:00+00:00,train,1624.0838288381697,993.1355007746982,1617.219329612868
2024-07-28 20:00:00+00:00,train,1624.7224612441053,993.1355007746982,1617.8579620188034
2024-07-29 00:00:00+00:00,train,1625.3610936500409,993.1355007746982,1618.4965944247392
2024-07-29 04:00:00+00:00,train,1625.3610936500409,993.1355007746982,1618.4965944247392
2024-07-29 08:00:00+00:00,train,1625.3610936500409,993.1355007746982,1618.4965944247392
2024-07-29 12:00:00+00:00,train,1625.3610936500409,993.1355007746982,1618.4965944247392
2024-07-29 16:00:00+00:00,train,1625.3610936500409,993.1355007746982,1618.4965944247392
2024-07-29 20:00:00+00:00,train,1622.8500980490128,993.1355007746982,1615.985598823711
2024-07-30 00:00:00+00:00,train,1622.8500980490128,993.1355007746982,1615.985598823711
2024-07-30 04:00:00+00:00,train,1622.8500980490128,993.1355007746982,1615.985598823711
2024-07-30 08:00:00+00:00,train,1622.8500980490128,993.1355007746982,1615.985598823711
2024-07-30 12:00:00+00:00,train,1622.8500980490128,993.1355007746982,1615.985598823711
2024-07-30 16:00:00+00:00,train,1622.8500980490128,993.1355007746982,1615.985598823711
2024-07-30 20:00:00+00:00,train,1622.8500980490128,993.1355007746982,1615.985598823711
2024-07-31 00:00:00+00:00,train,1624.0437139757114,993.1355007746982,1617.1792147504098
2024-07-31 04:00:00+00:00,train,1625.23732990241,993.1355007746982,1618.3728306771081
2024-07-31 08:00:00+00:00,train,1626.4309458291086,993.1355007746982,1619.566446603807
2024-07-31 12:00:00+00:00,train,1626.4309458291086,993.1355007746982,1619.566446603807
2024-07-31 16:00:00+00:00,train,1626.4309458291086,993.1355007746982,1619.566446603807
2024-07-31 20:00:00+00:00,train,1626.4309458291086,993.1355007746982,1619.566446603807
2024-08-01 00:00:00+00:00,train,1626.4309458291086,993.1355007746982,1619.566446603807
2024-08-01 04:00:00+00:00,train,1626.4309458291086,993.1355007746982,1619.566446603807
2024-08-01 08:00:00+00:00,train,1626.4309458291086,993.1355007746982,1619.566446603807
2024-08-01 12:00:00+00:00,train,1626.4309458291086,993.1355007746982,1619.566446603807
2024-08-01 16:00:00+00:00,train,1626.4309458291086,993.1355007746982,1619.566446603807
2024-08-01 20:00:00+00:00,train,1626.4309458291086,992.0002822147261,1618.4312280438348
2024-08-02 00:00:00+00:00,train,1626.4309458291086,992.0002822147261,1618.4312280438348
2024-08-02 04:00:00+00:00,train,1626.4309458291086,992.0002822147261,1618.4312280438348
2024-08-02 08:00:00+00:00,train,1626.4309458291086,991.3960218345936,1617.8269676637024
2024-08-02 12:00:00+00:00,train,1626.4309458291086,990.7917614544612,1617.22270728357
2024-08-02 16:00:00+00:00,train,1626.4309458291086,990.7917614544612,1617.22270728357
2024-08-02 20:00:00+00:00,train,1626.4309458291086,989.2923290076781,1615.723274836787
2024-08-03 00:00:00+00:00,train,1626.4309458291086,989.2923290076781,1615.723274836787
2024-08-03 04:00:00+00:00,train,1626.4309458291086,989.2923290076781,1615.723274836787
2024-08-03 08:00:00+00:00,train,1626.4309458291086,991.835681365334,1618.2666271944427
2024-08-03 12:00:00+00:00,train,1626.4309458291086,994.3790337229901,1620.8099795520989
2024-08-03 16:00:00+00:00,train,1626.4309458291086,996.9223860806461,1623.3533319097546
2024-08-03 20:00:00+00:00,train,1626.4309458291086,996.9223860806461,1623.3533319097546
2024-08-04 00:00:00+00:00,train,1626.4309458291086,995.4141575760641,1621.8451034051727
2024-08-04 04:00:00+00:00,train,1626.4309458291086,995.4141575760641,1621.8451034051727
2024-08-04 08:00:00+00:00,train,1626.4309458291086,993.9471112467801,1620.3780570758886
2024-08-04 12:00:00+00:00,train,1626.4309458291086,993.9471112467801,1620.3780570758886
2024-08-04 16:00:00+00:00,train,1626.4309458291086,992.3482575576899,1618.7792033867986
2024-08-04 20:00:00+00:00,train,1626.4309458291086,992.3482575576899,1618.7792033867986
2024-08-05 00:00:00+00:00,train,1626.4309458291086,1001.2802333542368,1627.7111791833454
2024-08-05 04:00:00+00:00,train,1626.4309458291086,1001.2802333542368,1627.7111791833454
2024-08-05 08:00:00+00:00,train,1626.4309458291086,1001.2802333542368,1627.7111791833454
2024-08-05 12:00:00+00:00,train,1626.4309458291086,998.8505569750607,1625.2815028041696
2024-08-05 16:00:00+00:00,train,1626.4309458291086,998.8505569750607,1625.2815028041696
2024-08-05 20:00:00+00:00,train,1626.4309458291086,996.164307531939,1622.5952533610475
2024-08-06 00:00:00+00:00,train,1626.4309458291086,996.164307531939,1622.5952533610475
2024-08-06 04:00:00+00:00,train,1626.4309458291086,993.6659671650588,1620.0969129941673
2024-08-06 08:00:00+00:00,train,1626.4309458291086,993.6659671650588,1620.0969129941673
2024-08-06 12:00:00+00:00,train,1626.4309458291086,991.3010508204708,1617.7319966495793
2024-08-06 16:00:00+00:00,train,1626.4309458291086,991.3010508204708,1617.7319966495793
2024-08-06 20:00:00+00:00,train,1626.4309458291086,991.3010508204708,1617.7319966495793
2024-08-07 00:00:00+00:00,train,1626.4309458291086,991.3010508204708,1617.7319966495793
2024-08-07 04:00:00+00:00,train,1626.4309458291086,991.3010508204708,1617.7319966495793
2024-08-07 08:00:00+00:00,train,1626.4309458291086,991.3010508204708,1617.7319966495793
2024-08-07 12:00:00+00:00,train,1626.4309458291086,991.3010508204708,1617.7319966495793
2024-08-07 16:00:00+00:00,train,1626.4309458291086,991.3010508204708,1617.7319966495793
2024-08-07 20:00:00+00:00,train,1626.4309458291086,989.2541815187865,1615.685127347895
2024-08-08 00:00:00+00:00,train,1626.4309458291086,989.2541815187865,1615.685127347895
2024-08-08 04:00:00+00:00,train,1626.4309458291086,989.2541815187865,1615.685127347895
2024-08-08 08:00:00+00:00,train,1626.4309458291086,989.2541815187865,1615.685127347895
2024-08-08 12:00:00+00:00,train,1626.4309458291086,989.2541815187865,1615.685127347895
2024-08-08 16:00:00+00:00,train,1626.4309458291086,989.2541815187865,1615.685127347895
2024-08-08 20:00:00+00:00,train,1626.4309458291086,989.2541815187865,1615.685127347895
2024-08-09 00:00:00+00:00,train,1626.4309458291086,989.2541815187865,1615.685127347895
2024-08-09 04:00:00+00:00,train,1626.4309458291086,989.2541815187865,1615.685127347895
2024-08-09 08:00:00+00:00,train,1626.4309458291086,989.2541815187865,1615.685127347895
2024-08-09 12:00:00+00:00,train,1626.4309458291086,989.2541815187865,1615.685127347895
2024-08-09 16:00:00+00:00,train,1626.4309458291086,987.5403072050453,1613.971253034154
2024-08-09 20:00:00+00:00,train,1626.4309458291086,987.5403072050453,1613.971253034154
2024-08-10 00:00:00+00:00,train,1626.4309458291086,987.5403072050453,1613.971253034154
2024-08-10 04:00:00+00:00,train,1626.4309458291086,987.5403072050453,1613.971253034154
2024-08-10 08:00:00+00:00,train,1626.4309458291086,987.5403072050453,1613.971253034154
2024-08-10 12:00:00+00:00,train,1626.4309458291086,987.5403072050453,1613.971253034154
2024-08-10 16:00:00+00:00,train,1626.4309458291086,987.5403072050453,1613.971253034154
2024-08-10 20:00:00+00:00,train,1626.4309458291086,987.5403072050453,1613.971253034154
2024-08-11 00:00:00+00:00,train,1626.4309458291086,987.5403072050453,1613.971253034154
2024-08-11 04:00:00+00:00,train,1626.4309458291086,987.5403072050453,1613.971253034154
2024-08-11 08:00:00+00:00,train,1626.4309458291086,987.5403072050453,1613.971253034154
2024-08-11 12:00:00+00:00,train,1626.4309458291086,987.5403072050453,1613.971253034154
2024-08-11 16:00:00+00:00,train,1626.4309458291086,990.6735322389911,1617.1044780680995
2024-08-11 20:00:00+00:00,train,1626.4309458291086,993.8067572729369,1620.2377031020455
2024-08-12 00:00:00+00:00,train,1626.4309458291086,993.8067572729369,1620.2377031020455
2024-08-12 04:00:00+00:00,train,1626.4309458291086,992.5398459792525,1618.9707918083614
2024-08-12 08:00:00+00:00,train,1626.4309458291086,992.5398459792525,1618.9707918083614
2024-08-12 12:00:00+00:00,train,1624.7383337748915,992.5398459792525,1617.2781797541438
2024-08-12 16:00:00+00:00,train,1624.7383337748915,992.4352894895599,1617.1736232644516
2024-08-12 20:00:00+00:00,train,1624.7383337748915,992.3307329998671,1617.0690667747585
2024-08-13 00:00:00+00:00,train,1624.7383337748915,992.2261765101745,1616.964510285066
2024-08-13 04:00:00+00:00,train,1624.7383337748915,992.1216200204818,1616.8599537953733
2024-08-13 08:00:00+00:00,train,1624.7383337748915,992.0170635307892,1616.7553973056806
2024-08-13 12:00:00+00:00,train,1624.7383337748915,991.9125070410964,1616.650840815988
2024-08-13 16:00:00+00:00,train,1624.7383337748915,991.8079505514038,1616.5462843262953
2024-08-13 20:00:00+00:00,train,1624.599435838628,991.7033940617112,1616.302829900339
2024-08-14 00:00:00+00:00,train,1624.4605379023644,991.5988375720184,1616.0593754743827
2024-08-14 04:00:00+00:00,train,1624.321639966101,991.4942810823258,1615.8159210484268
2024-08-14 08:00:00+00:00,train,1624.1827420298375,991.3897245926331,1615.5724666224705
2024-08-14 12:00:00+00:00,train,1624.0438440935739,991.2851681029405,1615.3290121965142
2024-08-14 16:00:00+00:00,train,1623.9049461573104,991.2851681029405,1615.190114260251
2024-08-14 20:00:00+00:00,train,1623.9049461573104,991.2851681029405,1615.190114260251
2024-08-15 00:00:00+00:00,train,1623.9049461573104,990.1315194984747,1614.036465655785
2024-08-15 04:00:00+00:00,train,1623.9049461573104,990.1315194984747,1614.036465655785
2024-08-15 08:00:00+00:00,train,1623.9049461573104,990.1315194984747,1614.036465655785
2024-08-15 12:00:00+00:00,train,1623.9049461573104,989.0127294414872,1612.9176755987974
2024-08-15 16:00:00+00:00,train,1623.9049461573104,989.0127294414872,1612.9176755987974
2024-08-15 20:00:00+00:00,train,1623.9049461573104,987.7948291955428,1611.699775352853
2024-08-16 00:00:00+00:00,train,1623.5698861131311,987.7948291955428,1611.364715308674
2024-08-16 04:00:00+00:00,train,1623.2348260689519,986.5783508443764,1609.8131769133283
2024-08-16 08:00:00+00:00,train,1622.8997660247728,986.5783508443764,1609.4781168691493
2024-08-16 12:00:00+00:00,train,1622.5647059805938,986.5783508443764,1609.1430568249702
2024-08-16 16:00:00+00:00,train,1622.5647059805938,986.4718620056072,1609.0365679862011
2024-08-16 20:00:00+00:00,train,1622.5647059805938,986.3653731668381,1608.930079147432
2024-08-17 00:00:00+00:00,train,1622.5647059805938,986.258884328069,1608.823590308663
2024-08-17 04:00:00+00:00,train,1623.15003980429,986.1523954892998,1609.30243529359
2024-08-17 08:00:00+00:00,train,1623.735373627986,986.0459066505307,1609.7812802785165
2024-08-17 12:00:00+00:00,train,1624.3207074516822,985.9394178117616,1610.260125263444
2024-08-17 16:00:00+00:00,train,1624.9060412753784,985.8329289729925,1610.7389702483706
2024-08-17 20:00:00+00:00,train,1625.4913750990747,985.7264401342234,1611.217815233298
2024-08-18 00:00:00+00:00,train,1626.0767089227709,985.6199512954543,1611.6966602182251
2024-08-18 04:00:00+00:00,train,1626.662042746467,985.5134624566851,1612.1755052031522
2024-08-18 08:00:00+00:00,train,1627.247376570163,985.4069736179159,1612.6543501880788
2024-08-18 12:00:00+00:00,train,1627.247376570163,985.4069736179159,1612.6543501880788
2024-08-18 16:00:00+00:00,train,1627.247376570163,985.4069736179159,1612.6543501880788
2024-08-18 20:00:00+00:00,train,1627.247376570163,985.4069736179159,1612.6543501880788
2024-08-19 00:00:00+00:00,train,1627.247376570163,985.4069736179159,1612.6543501880788
2024-08-19 04:00:00+00:00,train,1627.247376570163,985.0897009240596,1612.3370774942223
2024-08-19 08:00:00+00:00,train,1627.247376570163,984.7724282302032,1612.0198048003663
2024-08-19 12:00:00+00:00,train,1627.247376570163,984.4551555363469,1611.7025321065098
2024-08-19 16:00:00+00:00,train,1628.342080961226,984.4551555363469,1612.797236497573
2024-08-19 20:00:00+00:00,train,1629.436785352289,984.4551555363469,1613.8919408886359
2024-08-20 00:00:00+00:00,train,1630.5314897433523,984.4551555363469,1614.9866452796991
2024-08-20 04:00:00+00:00,train,1630.5314897433523,984.4551555363469,1614.9866452796991
2024-08-20 08:00:00+00:00,train,1630.5314897433523,984.4551555363469,1614.9866452796991
2024-08-20 12:00:00+00:00,train,1630.5314897433523,984.4551555363469,1614.9866452796991
2024-08-20 16:00:00+00:00,train,1630.5314897433523,983.5293204485912,1614.0608101919433
2024-08-20 20:00:00+00:00,train,1630.5314897433523,983.5293204485912,1614.0608101919433
2024-08-21 00:00:00+00:00,train,1630.5314897433523,983.5293204485912,1614.0608101919433
2024-08-21 04:00:00+00:00,train,1630.5314897433523,982.664823899325,1613.1963136426775
2024-08-21 08:00:00+00:00,train,1630.5314897433523,982.664823899325,1613.1963136426775
2024-08-21 12:00:00+00:00,train,1630.5314897433523,982.664823899325,1613.1963136426775
2024-08-21 16:00:00+00:00,train,1630.5314897433523,981.8100732936629,1612.341563037015
2024-08-21 20:00:00+00:00,train,1630.5314897433523,981.8100732936629,1612.341563037015
2024-08-22 00:00:00+00:00,train,1630.8167237444982,981.8100732936629,1612.626797038161
2024-08-22 04:00:00+00:00,train,1631.1019577456443,981.3877786137261,1612.4897363593705
2024-08-22 08:00:00+00:00,train,1631.3871917467902,980.9654839337893,1612.3526756805795
2024-08-22 12:00:00+00:00,train,1631.6724257479361,980.9654839337893,1612.6379096817254
2024-08-22 16:00:00+00:00,train,1631.9576597490823,980.9654839337893,1612.9231436828713
2024-08-22 20:00:00+00:00,train,1632.2428937502282,980.1564933484344,1612.3993870986624
2024-08-23 00:00:00+00:00,train,1632.5281277513743,980.1564933484344,1612.6846210998087
2024-08-23 04:00:00+00:00,train,1632.8133617525202,980.1564933484344,1612.9698551009546
2024-08-23 08:00:00+00:00,train,1633.0985957536661,980.1564933484344,1613.2550891021006
2024-08-23 12:00:00+00:00,train,1633.3838297548123,980.1564933484344,1613.540323103247
2024-08-23 16:00:00+00:00,train,1633.6690637559582,980.1564933484344,1613.8255571043928
2024-08-23 20:00:00+00:00,train,1633.6690637559582,980.1564933484344,1613.8255571043928
2024-08-24 00:00:00+00:00,train,1633.6690637559582,980.1564933484344,1613.8255571043928
2024-08-24 04:00:00+00:00,train,1635.0997699561003,980.1564933484344,1615.2562633045345
2024-08-24 08:00:00+00:00,train,1636.5304761562425,980.1564933484344,1616.686969504677
2024-08-24 12:00:00+00:00,train,1636.5304761562425,980.1564933484344,1616.686969504677
2024-08-24 16:00:00+00:00,train,1636.5304761562425,980.1564933484344,1616.686969504677
2024-08-24 20:00:00+00:00,train,1634.5353118827447,980.1564933484344,1614.6918052311794
2024-08-25 00:00:00+00:00,train,1634.5353118827447,980.1564933484344,1614.6918052311794
2024-08-25 04:00:00+00:00,train,1634.5353118827447,980.1564933484344,1614.6918052311794
2024-08-25 08:00:00+00:00,train,1634.4445810913958,980.1564933484344,1614.60107443983
2024-08-25 12:00:00+00:00,train,1634.3538503000468,980.1564933484344,1614.5103436484815
2024-08-25 16:00:00+00:00,train,1634.2631195086979,980.1564933484344,1614.419612857132
2024-08-25 20:00:00+00:00,train,1634.1723887173491,980.1564933484344,1614.3288820657835
2024-08-26 00:00:00+00:00,train,1634.0816579260002,980.1564933484344,1614.2381512744346
2024-08-26 04:00:00+00:00,train,1633.9909271346512,980.1564933484344,1614.1474204830856
2024-08-26 08:00:00+00:00,train,1633.9001963433022,980.1564933484344,1614.0566896917367
2024-08-26 12:00:00+00:00,train,1633.8094655519533,980.1564933484344,1613.9659589003877
2024-08-26 16:00:00+00:00,train,1633.8094655519533,980.1564933484344,1613.9659589003877
2024-08-26 20:00:00+00:00,train,1633.8094655519533,980.1564933484344,1613.9659589003877
2024-08-27 00:00:00+00:00,train,1633.088346538427,980.1564933484344,1613.2448398868614
2024-08-27 04:00:00+00:00,train,1632.3672275249005,980.1564933484344,1612.5237208733352
2024-08-27 08:00:00+00:00,train,1631.6461085113742,980.1564933484344,1611.8026018598084
2024-08-27 12:00:00+00:00,train,1631.6461085113742,980.1564933484344,1611.8026018598084
2024-08-27 16:00:00+00:00,train,1631.6461085113742,980.1564933484344,1611.8026018598084
2024-08-27 20:00:00+00:00,train,1631.6461085113742,980.1564933484344,1611.8026018598084
2024-08-28 00:00:00+00:00,train,1631.6461085113742,980.1564933484344,1611.8026018598084
2024-08-28 04:00:00+00:00,train,1631.6461085113742,980.1564933484344,1611.8026018598084
2024-08-28 08:00:00+00:00,train,1631.6461085113742,980.1564933484344,1611.8026018598084
2024-08-28 12:00:00+00:00,train,1631.6461085113742,980.1564933484344,1611.8026018598084
2024-08-28 16:00:00+00:00,train,1631.6461085113742,980.1564933484344,1611.8026018598084
2024-08-28 20:00:00+00:00,train,1631.6461085113742,980.1564933484344,1611.8026018598084
2024-08-29 00:00:00+00:00,train,1631.6461085113742,980.1564933484344,1611.8026018598084
2024-08-29 04:00:00+00:00,train,1631.6461085113742,979.0951444056965,1610.7412529170706
2024-08-29 08:00:00+00:00,train,1631.6461085113742,979.0951444056965,1610.7412529170706
2024-08-29 12:00:00+00:00,train,1631.6461085113742,978.1011804473233,1609.7472889586975
2024-08-29 16:00:00+00:00,train,1631.6461085113742,978.1011804473233,1609.7472889586975
2024-08-29 20:00:00+00:00,train,1631.6461085113742,978.1011804473233,1609.7472889586975
2024-08-30 00:00:00+00:00,train,1631.6461085113742,979.2126058404073,1610.8587143517816
2024-08-30 04:00:00+00:00,train,1631.6461085113742,980.3240312334913,1611.9701397448653
2024-08-30 08:00:00+00:00,train,1631.6461085113742,981.4354566265753,1613.0815651379494
2024-08-30 12:00:00+00:00,train,1628.9415611617944,982.5468820196593,1611.4884431814535
2024-08-30 16:00:00+00:00,train,1628.9415611617944,983.6583074127433,1612.5998685745376
2024-08-30 20:00:00+00:00,train,1628.9415611617944,983.6583074127433,1612.5998685745376
2024-08-31 00:00:00+00:00,train,1628.6316078202824,983.6583074127433,1612.2899152330256
2024-08-31 04:00:00+00:00,train,1628.3216544787704,984.2896303543973,1612.6112848331677
2024-08-31 08:00:00+00:00,train,1628.0117011372583,984.9209532960514,1612.9326544333098
2024-08-31 12:00:00+00:00,train,1627.7017477957463,985.5522762377054,1613.254024033452
2024-08-31 16:00:00+00:00,train,1627.3917944542343,986.1835991793595,1613.5753936335936
2024-08-31 20:00:00+00:00,train,1627.0818411127223,986.8149221210135,1613.8967632337358
2024-09-01 00:00:00+00:00,train,1626.7718877712102,987.4462450626676,1614.218132833878
2024-09-01 04:00:00+00:00,train,1626.7718877712102,988.0775680043216,1614.849455775532
2024-09-01 08:00:00+00:00,train,1626.7718877712102,988.7088909459757,1615.4807787171858
2024-09-01 12:00:00+00:00,train,1626.319692947075,989.3402138876297,1615.659906834705
2024-09-01 16:00:00+00:00,train,1625.8674981229399,989.3402138876297,1615.2077120105696
2024-09-01 20:00:00+00:00,train,1625.4153032988047,994.143280100795,1619.5585833995997
2024-09-02 00:00:00+00:00,train,1625.4153032988047,994.143280100795,1619.5585833995997
2024-09-02 04:00:00+00:00,train,1625.4153032988047,994.143280100795,1619.5585833995997
2024-09-02 08:00:00+00:00,train,1626.2229909983976,993.07764445127,1619.3006354496674
2024-09-02 12:00:00+00:00,train,1627.0306786979907,993.07764445127,1620.1083231492607
2024-09-02 16:00:00+00:00,train,1627.8383663975835,993.07764445127,1620.9160108488536
2024-09-02 20:00:00+00:00,train,1628.6460540971764,992.0309813146267,1620.677035411803
2024-09-03 00:00:00+00:00,train,1629.4537417967695,992.0309813146267,1621.4847231113963
2024-09-03 04:00:00+00:00,train,1629.4537417967695,992.0309813146267,1621.4847231113963
2024-09-03 08:00:00+00:00,train,1629.4537417967695,992.0309813146267,1621.4847231113963
2024-09-03 12:00:00+00:00,train,1629.4537417967695,993.6983362967413,1623.1520780935107
2024-09-03 16:00:00+00:00,train,1629.4537417967695,995.3656912788559,1624.8194330756255
2024-09-03 20:00:00+00:00,train,1629.4537417967695,997.0330462609705,1626.48678805774
2024-09-04 00:00:00+00:00,train,1629.4537417967695,997.0330462609705,1626.48678805774
2024-09-04 04:00:00+00:00,train,1629.4537417967695,995.904069143044,1625.3578109398136
2024-09-04 08:00:00+00:00,train,1631.6086927637548,995.904069143044,1627.512761906799
2024-09-04 12:00:00+00:00,train,1633.7636437307401,995.904069143044,1629.6677128737842
2024-09-04 16:00:00+00:00,train,1633.7636437307401,995.904069143044,1629.6677128737842
2024-09-04 20:00:00+00:00,train,1633.7636437307401,995.904069143044,1629.6677128737842
2024-09-05 00:00:00+00:00,train,1633.2473200996878,995.904069143044,1629.151389242732
2024-09-05 04:00:00+00:00,train,1632.7309964686358,994.8365090314204,1627.567505500056
2024-09-05 08:00:00+00:00,train,1632.2146728375835,994.8365090314204,1627.0511818690038
2024-09-05 12:00:00+00:00,train,1631.6983492065312,994.8365090314204,1626.5348582379515
2024-09-05 16:00:00+00:00,train,1631.1820255754792,994.8365090314204,1626.0185346068997
2024-09-05 20:00:00+00:00,train,1631.1820255754792,994.6202299180918,1625.802255493571
2024-09-06 00:00:00+00:00,train,1631.1820255754792,994.4039508047631,1625.5859763802423
2024-09-06 04:00:00+00:00,train,1631.1820255754792,994.1876716914345,1625.3696972669136
2024-09-06 08:00:00+00:00,train,1631.1820255754792,993.9713925781058,1625.1534181535849
2024-09-06 12:00:00+00:00,train,1631.1820255754792,993.7551134647772,1624.9371390402566
2024-09-06 16:00:00+00:00,train,1628.1658925078204,993.7551134647772,1621.9210059725974
2024-09-06 20:00:00+00:00,train,1628.1658925078204,993.7551134647772,1621.9210059725974
2024-09-07 00:00:00+00:00,train,1628.1658925078204,993.1758737146399,1621.3417662224601
2024-09-07 04:00:00+00:00,train,1628.7391183874768,992.5966339645025,1621.3357523519794
2024-09-07 08:00:00+00:00,train,1629.3123442671329,992.5966339645025,1621.9089782316355
2024-09-07 12:00:00+00:00,train,1629.8855701467892,991.5249420085055,1621.4105121552948
2024-09-07 16:00:00+00:00,train,1630.4587960264455,991.5249420085055,1621.9837380349509
2024-09-07 20:00:00+00:00,train,1631.0320219061018,991.5249420085055,1622.5569639146074
2024-09-08 00:00:00+00:00,train,1631.605247785758,991.0091977559615,1622.6144455417193
2024-09-08 04:00:00+00:00,train,1632.1784736654142,990.4934535034174,1622.6719271688316
2024-09-08 08:00:00+00:00,train,1632.7516995450706,990.4934535034174,1623.2451530484877
2024-09-08 12:00:00+00:00,train,1632.7516995450706,990.4934535034174,1623.2451530484877
2024-09-08 16:00:00+00:00,train,1632.7516995450706,990.4934535034174,1623.2451530484877
2024-09-08 20:00:00+00:00,train,1636.2930890280845,989.5642478390813,1625.857336867166
2024-09-09 00:00:00+00:00,train,1636.2930890280845,989.5642478390813,1625.857336867166
2024-09-09 04:00:00+00:00,train,1636.2930890280845,989.5642478390813,1625.857336867166
2024-09-09 08:00:00+00:00,train,1637.4543894247279,989.5642478390813,1627.018637263809
2024-09-09 12:00:00+00:00,train,1638.6156898213712,989.5642478390813,1628.1799376604527
2024-09-09 16:00:00+00:00,train,1639.7769902180144,988.6672826688703,1628.4442728868844
2024-09-09 20:00:00+00:00,train,1639.7769902180144,988.6672826688703,1628.4442728868844
2024-09-10 00:00:00+00:00,train,1639.7769902180144,988.6672826688703,1628.4442728868844
2024-09-10 04:00:00+00:00,train,1639.5631770795517,988.6672826688703,1628.2304597484217
2024-09-10 08:00:00+00:00,train,1639.349363941089,988.6672826688703,1628.016646609959
2024-09-10 12:00:00+00:00,train,1639.1355508026263,988.6672826688703,1627.8028334714963
2024-09-10 16:00:00+00:00,train,1638.9217376641636,988.6672826688703,1627.5890203330337
2024-09-10 20:00:00+00:00,train,1638.707924525701,988.6672826688703,1627.375207194571
2024-09-11 00:00:00+00:00,train,1638.4941113872383,988.6672826688703,1627.1613940561083
2024-09-11 04:00:00+00:00,train,1638.2802982487756,988.6672826688703,1626.9475809176456
2024-09-11 08:00:00+00:00,train,1638.2802982487756,988.6672826688703,1626.9475809176456
2024-09-11 12:00:00+00:00,train,1636.0065219405806,987.806460961002,1623.8129829015825
2024-09-11 16:00:00+00:00,train,1636.0065219405806,987.806460961002,1623.8129829015825
2024-09-11 20:00:00+00:00,train,1636.0065219405806,987.806460961002,1623.8129829015825
2024-09-12 00:00:00+00:00,train,1635.9643818853078,987.806460961002,1623.7708428463097
2024-09-12 04:00:00+00:00,train,1635.922241830035,987.806460961002,1623.728702791037
2024-09-12 08:00:00+00:00,train,1635.8801017747624,987.806460961002,1623.6865627357643
2024-09-12 12:00:00+00:00,train,1635.8379617194896,987.806460961002,1623.6444226804915
2024-09-12 16:00:00+00:00,train,1635.7958216642169,987.806460961002,1623.6022826252188
2024-09-12 20:00:00+00:00,train,1635.7536816089441,987.806460961002,1623.560142569946
2024-09-13 00:00:00+00:00,train,1635.7115415536714,987.806460961002,1623.5180025146733
2024-09-13 04:00:00+00:00,train,1635.6694014983987,987.806460961002,1623.4758624594006
2024-09-13 08:00:00+00:00,train,1635.627261443126,987.806460961002,1623.4337224041278
2024-09-13 12:00:00+00:00,train,1635.5851213878532,987.806460961002,1623.391582348855
2024-09-13 16:00:00+00:00,train,1635.5851213878532,987.806460961002,1623.391582348855
2024-09-13 20:00:00+00:00,train,1635.5851213878532,987.806460961002,1623.391582348855
2024-09-14 00:00:00+00:00,train,1635.255478011012,987.806460961002,1623.061938972014
2024-09-14 04:00:00+00:00,train,1634.9258346341708,987.806460961002,1622.7322955951727
2024-09-14 08:00:00+00:00,train,1634.5961912573296,987.806460961002,1622.4026522183317
2024-09-14 12:00:00+00:00,train,1634.2665478804886,987.806460961002,1622.0730088414907
2024-09-14 16:00:00+00:00,train,1633.9369045036474,987.806460961002,1621.7433654646493
2024-09-14 20:00:00+00:00,train,1633.9369045036474,987.806460961002,1621.7433654646493
2024-09-15 00:00:00+00:00,train,1633.9369045036474,987.806460961002,1621.7433654646493
2024-09-15 04:00:00+00:00,train,1633.9369045036474,987.806460961002,1621.7433654646493
2024-09-15 08:00:00+00:00,train,1633.9369045036474,987.806460961002,1621.7433654646493
2024-09-15 12:00:00+00:00,train,1633.9369045036474,987.806460961002,1621.7433654646493
2024-09-15 16:00:00+00:00,train,1633.9369045036474,987.806460961002,1621.7433654646493
2024-09-15 20:00:00+00:00,train,1633.9369045036474,987.806460961002,1621.7433654646493
2024-09-16 00:00:00+00:00,train,1633.9369045036474,987.806460961002,1621.7433654646493
2024-09-16 04:00:00+00:00,train,1633.9369045036474,987.806460961002,1621.7433654646493
2024-09-16 08:00:00+00:00,train,1633.9369045036474,987.806460961002,1621.7433654646493
2024-09-16 12:00:00+00:00,train,1633.9369045036474,987.806460961002,1621.7433654646493
2024-09-16 16:00:00+00:00,train,1633.9369045036474,987.806460961002,1621.7433654646493
2024-09-16 20:00:00+00:00,train,1633.9369045036474,987.137397666465,1621.0743021701123
2024-09-17 00:00:00+00:00,train,1633.9369045036474,987.137397666465,1621.0743021701123
2024-09-17 04:00:00+00:00,train,1633.9369045036474,986.4783996815881,1620.4153041852355
2024-09-17 08:00:00+00:00,train,1633.9369045036474,986.4783996815881,1620.4153041852355
2024-09-17 12:00:00+00:00,train,1633.9369045036474,985.832280933782,1619.7691854374293
2024-09-17 16:00:00+00:00,train,1633.9369045036474,985.832280933782,1619.7691854374293
2024-09-17 20:00:00+00:00,train,1633.9369045036474,985.832280933782,1619.7691854374293
2024-09-18 00:00:00+00:00,train,1633.9369045036474,986.6990263097122,1620.6359308133597
2024-09-18 04:00:00+00:00,train,1633.9369045036474,987.5657716856422,1621.5026761892896
2024-09-18 08:00:00+00:00,train,1633.9369045036474,988.4325170615723,1622.3694215652195
2024-09-18 12:00:00+00:00,train,1632.0815073250037,989.2992624375024,1621.3807697625061
2024-09-18 16:00:00+00:00,train,1632.0815073250037,989.2992624375024,1621.3807697625061
2024-09-18 20:00:00+00:00,train,1634.983167348697,989.2992624375024,1624.2824297861994
2024-09-19 00:00:00+00:00,train,1634.983167348697,989.2992624375024,1624.2824297861994
2024-09-19 04:00:00+00:00,train,1634.983167348697,989.2992624375024,1624.2824297861994
2024-09-19 08:00:00+00:00,train,1636.5354466901267,989.2992624375024,1625.8347091276291
2024-09-19 12:00:00+00:00,train,1638.0877260315565,989.2992624375024,1627.386988469059
2024-09-19 16:00:00+00:00,train,1638.0877260315565,989.2992624375024,1627.386988469059
2024-09-19 20:00:00+00:00,train,1638.0877260315565,989.2992624375024,1627.386988469059
2024-09-20 00:00:00+00:00,train,1639.4637958089743,989.2992624375024,1628.7630582464767
2024-09-20 04:00:00+00:00,train,1640.839865586392,989.2992624375024,1630.1391280238945
2024-09-20 08:00:00+00:00,train,1640.839865586392,989.2992624375024,1630.1391280238945
2024-09-20 12:00:00+00:00,train,1638.706194518582,989.2992624375024,1628.0054569560843
2024-09-20 16:00:00+00:00,train,1638.706194518582,989.2992624375024,1628.0054569560843
2024-09-20 20:00:00+00:00,train,1638.706194518582,989.2992624375024,1628.0054569560843
2024-09-21 00:00:00+00:00,train,1638.5764367944146,989.2992624375024,1627.8756992319168
2024-09-21 04:00:00+00:00,train,1638.446679070247,989.2992624375024,1627.7459415077492
2024-09-21 08:00:00+00:00,train,1638.3169213460797,989.2992624375024,1627.616183783582
2024-09-21 12:00:00+00:00,train,1638.1871636219123,989.2992624375024,1627.486426059415
2024-09-21 16:00:00+00:00,train,1638.0574058977447,989.2992624375024,1627.3566683352474
2024-09-21 20:00:00+00:00,train,1637.9276481735774,989.2992624375024,1627.2269106110798
2024-09-22 00:00:00+00:00,train,1637.79789044941,989.2992624375024,1627.0971528869122
2024-09-22 04:00:00+00:00,train,1637.6681327252425,989.2992624375024,1626.9673951627447
2024-09-22 08:00:00+00:00,train,1637.538375001075,989.2992624375024,1626.8376374385775
2024-09-22 12:00:00+00:00,train,1637.538375001075,989.2992624375024,1626.8376374385775
2024-09-22 16:00:00+00:00,train,1637.538375001075,989.2992624375024,1626.8376374385775
2024-09-22 20:00:00+00:00,train,1638.9974784833255,989.2992624375024,1628.2967409208277
2024-09-23 00:00:00+00:00,train,1640.4565819655759,989.2992624375024,1629.7558444030783
2024-09-23 04:00:00+00:00,train,1640.4565819655759,989.2992624375024,1629.7558444030783
2024-09-23 08:00:00+00:00,train,1640.4565819655759,989.2992624375024,1629.7558444030783
2024-09-23 12:00:00+00:00,train,1640.820763010802,989.2992624375024,1630.1200254483047
2024-09-23 16:00:00+00:00,train,1641.1849440560281,989.2992624375024,1630.4842064935306
2024-09-23 20:00:00+00:00,train,1641.5491251012543,989.2992624375024,1630.8483875387565
2024-09-24 00:00:00+00:00,train,1641.9133061464804,989.2992624375024,1631.2125685839828
2024-09-24 04:00:00+00:00,train,1642.2774871917065,989.2992624375024,1631.5767496292092
2024-09-24 08:00:00+00:00,train,1642.6416682369327,989.2992624375024,1631.940930674435
2024-09-24 12:00:00+00:00,train,1643.0058492821588,989.2992624375024,1632.305111719661
2024-09-24 16:00:00+00:00,train,1643.370030327385,989.2992624375024,1632.6692927648874
2024-09-24 20:00:00+00:00,train,1643.7342113726108,989.2992624375024,1633.0334738101133
2024-09-25 00:00:00+00:00,train,1643.7342113726108,989.2992624375024,1633.0334738101133
2024-09-25 04:00:00+00:00,train,1643.7342113726108,989.2992624375024,1633.0334738101133
2024-09-25 08:00:00+00:00,train,1643.164546714757,989.2992624375024,1632.4638091522593
2024-09-25 12:00:00+00:00,train,1642.5948820569033,989.2992624375024,1631.8941444944057
2024-09-25 16:00:00+00:00,train,1642.0252173990496,989.2992624375024,1631.3244798365522
2024-09-25 20:00:00+00:00,train,1641.455552741196,989.2992624375024,1630.7548151786987
2024-09-26 00:00:00+00:00,train,1641.455552741196,989.2992624375024,1630.7548151786987
2024-09-26 04:00:00+00:00,train,1641.455552741196,989.2992624375024,1630.7548151786987
2024-09-26 08:00:00+00:00,train,1643.0127168453475,989.2992624375024,1632.3119792828502
2024-09-26 12:00:00+00:00,train,1644.5698809494993,989.2992624375024,1633.8691433870017
2024-09-26 16:00:00+00:00,train,1644.5698809494993,989.2992624375024,1633.8691433870017
2024-09-26 20:00:00+00:00,train,1644.5698809494993,989.2992624375024,1633.8691433870017
2024-09-27 00:00:00+00:00,train,1645.3570912293662,989.2992624375024,1634.6563536668687
2024-09-27 04:00:00+00:00,train,1646.1443015092332,989.2992624375024,1635.4435639467356
2024-09-27 08:00:00+00:00,train,1646.9315117891,989.2992624375024,1636.2307742266025
2024-09-27 12:00:00+00:00,train,1647.7187220689668,989.2992624375024,1637.0179845064695
2024-09-27 16:00:00+00:00,train,1647.7187220689668,989.2992624375024,1637.0179845064695
2024-09-27 20:00:00+00:00,train,1647.7187220689668,989.2992624375024,1637.0179845064695
2024-09-28 00:00:00+00:00,train,1647.7187220689668,989.2992624375024,1637.0179845064695
2024-09-28 04:00:00+00:00,train,1647.7187220689668,989.2992624375024,1637.0179845064695
2024-09-28 08:00:00+00:00,train,1647.7187220689668,989.2992624375024,1637.0179845064695
2024-09-28 12:00:00+00:00,train,1647.7187220689668,989.2992624375024,1637.0179845064695
2024-09-28 16:00:00+00:00,train,1647.7187220689668,989.2992624375024,1637.0179845064695
2024-09-28 20:00:00+00:00,train,1647.7187220689668,989.2992624375024,1637.0179845064695
2024-09-29 00:00:00+00:00,train,1647.7187220689668,989.2992624375024,1637.0179845064695
2024-09-29 04:00:00+00:00,train,1647.7187220689668,989.2992624375024,1637.0179845064695
2024-09-29 08:00:00+00:00,train,1647.7187220689668,989.2992624375024,1637.0179845064695
2024-09-29 12:00:00+00:00,train,1647.7187220689668,989.2992624375024,1637.0179845064695
2024-09-29 16:00:00+00:00,train,1647.7187220689668,989.2992624375024,1637.0179845064695
2024-09-29 20:00:00+00:00,train,1647.7187220689668,989.2992624375024,1637.0179845064695
2024-09-30 00:00:00+00:00,train,1647.7187220689668,989.2992624375024,1637.0179845064695
2024-09-30 04:00:00+00:00,train,1647.7187220689668,989.2992624375024,1637.0179845064695
2024-09-30 08:00:00+00:00,train,1647.7187220689668,989.2992624375024,1637.0179845064695
2024-09-30 12:00:00+00:00,train,1647.7187220689668,989.2992624375024,1637.0179845064695
2024-09-30 16:00:00+00:00,train,1647.7187220689668,989.2992624375024,1637.0179845064695
2024-09-30 20:00:00+00:00,train,1647.7187220689668,989.2992624375024,1637.0179845064695
2024-10-01 00:00:00+00:00,train,1647.7187220689668,989.2992624375024,1637.0179845064695
2024-10-01 04:00:00+00:00,train,1650.5580401878738,989.2992624375024,1639.8573026253762
2024-10-01 08:00:00+00:00,train,1650.5580401878738,989.2992624375024,1639.8573026253762
2024-10-01 12:00:00+00:00,train,1650.5580401878738,989.2992624375024,1639.8573026253762
2024-10-01 16:00:00+00:00,train,1650.5580401878738,989.2992624375024,1639.8573026253762
2024-10-01 20:00:00+00:00,train,1650.5580401878738,989.2992624375024,1639.8573026253762
2024-10-02 00:00:00+00:00,train,1650.5580401878738,989.2992624375024,1639.8573026253762
2024-10-02 04:00:00+00:00,train,1650.5580401878738,989.2992624375024,1639.8573026253762
2024-10-02 08:00:00+00:00,train,1650.5580401878738,989.2992624375024,1639.8573026253762
2024-10-02 12:00:00+00:00,train,1650.5580401878738,989.2992624375024,1639.8573026253762
2024-10-02 16:00:00+00:00,train,1650.5580401878738,989.2992624375024,1639.8573026253762
2024-10-02 20:00:00+00:00,train,1650.5580401878738,988.1425576790248,1638.7005978668985
2024-10-03 00:00:00+00:00,train,1650.5580401878738,988.1425576790248,1638.7005978668985
2024-10-03 04:00:00+00:00,train,1650.5580401878738,988.1425576790248,1638.7005978668985
2024-10-03 08:00:00+00:00,train,1650.5580401878738,990.999915249109,1641.5579554369829
2024-10-03 12:00:00+00:00,train,1650.5580401878738,993.8572728191932,1644.4153130070672
2024-10-03 16:00:00+00:00,train,1650.5580401878738,993.8572728191932,1644.4153130070672
2024-10-03 20:00:00+00:00,train,1650.5580401878738,993.8572728191932,1644.4153130070672
2024-10-04 00:00:00+00:00,train,1650.5580401878738,993.2724688753915,1643.8305090632653
2024-10-04 04:00:00+00:00,train,1650.5580401878738,992.6876649315898,1643.2457051194633
2024-10-04 08:00:00+00:00,train,1650.5580401878738,992.6876649315898,1643.2457051194633
2024-10-04 12:00:00+00:00,train,1650.5580401878738,991.6530342292378,1642.2110744171114
2024-10-04 16:00:00+00:00,train,1650.5580401878738,991.6530342292378,1642.2110744171114
2024-10-04 20:00:00+00:00,train,1650.5580401878738,991.6530342292378,1642.2110744171114
2024-10-05 00:00:00+00:00,train,1650.5580401878738,991.6530342292378,1642.2110744171114
2024-10-05 04:00:00+00:00,train,1650.5580401878738,990.686886138559,1641.2449263264325
2024-10-05 08:00:00+00:00,train,1650.5580401878738,990.686886138559,1641.2449263264325
2024-10-05 12:00:00+00:00,train,1650.5580401878738,990.686886138559,1641.2449263264325
2024-10-05 16:00:00+00:00,train,1650.5580401878738,990.686886138559,1641.2449263264325
2024-10-05 20:00:00+00:00,train,1650.5580401878738,990.686886138559,1641.2449263264325
2024-10-06 00:00:00+00:00,train,1650.5580401878738,989.8549198150778,1640.4129600029514
2024-10-06 04:00:00+00:00,train,1650.5580401878738,989.8549198150778,1640.4129600029514
2024-10-06 08:00:00+00:00,train,1651.1455710945231,989.8549198150778,1641.000490909601
2024-10-06 12:00:00+00:00,train,1651.7331020011723,989.8549198150778,1641.5880218162501
2024-10-06 16:00:00+00:00,train,1652.3206329078216,989.8549198150778,1642.1755527228993
2024-10-06 20:00:00+00:00,train,1652.9081638144708,989.8549198150778,1642.7630836295484
2024-10-07 00:00:00+00:00,train,1653.4956947211201,989.8549198150778,1643.350614536198
2024-10-07 04:00:00+00:00,train,1653.4956947211201,989.8549198150778,1643.350614536198
2024-10-07 08:00:00+00:00,train,1653.4956947211201,989.8549198150778,1643.350614536198
2024-10-07 12:00:00+00:00,train,1653.4956947211201,989.8549198150778,1643.350614536198
2024-10-07 16:00:00+00:00,train,1653.4956947211201,989.8549198150778,1643.350614536198
2024-10-07 20:00:00+00:00,train,1653.4956947211201,989.8549198150778,1643.350614536198
2024-10-08 00:00:00+00:00,train,1653.4956947211201,988.9823954777631,1642.4780901988834
2024-10-08 04:00:00+00:00,train,1653.4956947211201,988.9823954777631,1642.4780901988834
2024-10-08 08:00:00+00:00,train,1653.4956947211201,988.127934494144,1641.6236292152644
2024-10-08 12:00:00+00:00,train,1653.4956947211201,988.127934494144,1641.6236292152644
2024-10-08 16:00:00+00:00,train,1653.4956947211201,987.2685652484928,1640.7642599696128
2024-10-08 20:00:00+00:00,train,1653.4956947211201,987.2685652484928,1640.7642599696128
2024-10-09 00:00:00+00:00,train,1653.4956947211201,986.4438877171299,1639.93958243825
2024-10-09 04:00:00+00:00,train,1653.4956947211201,986.4438877171299,1639.93958243825
2024-10-09 08:00:00+00:00,train,1653.4956947211201,986.4438877171299,1639.93958243825
2024-10-09 12:00:00+00:00,train,1653.4956947211201,987.0851778273945,1640.580872548515
2024-10-09 16:00:00+00:00,train,1653.4956947211201,987.7264679376591,1641.2221626587793
2024-10-09 20:00:00+00:00,train,1653.4956947211201,988.3677580479238,1641.8634527690438
2024-10-10 00:00:00+00:00,train,1653.4956947211201,989.0090481581883,1642.5047428793087
2024-10-10 04:00:00+00:00,train,1653.4956947211201,989.650338268453,1643.146032989573
2024-10-10 08:00:00+00:00,train,1653.4956947211201,990.2916283787175,1643.7873230998375
2024-10-10 12:00:00+00:00,train,1651.496730556381,990.2916283787175,1641.7883589350986
2024-10-10 16:00:00+00:00,train,1651.496730556381,990.2916283787175,1641.7883589350986
2024-10-10 20:00:00+00:00,train,1651.496730556381,989.8872787114102,1641.384009267791
2024-10-11 00:00:00+00:00,train,1652.4994951197225,989.482929044103,1641.9824241638253
2024-10-11 04:00:00+00:00,train,1653.5022596830638,989.482929044103,1642.985188727167
2024-10-11 08:00:00+00:00,train,1654.5050242464054,988.7141818468996,1643.2192060933048
2024-10-11 12:00:00+00:00,train,1654.5050242464054,988.7141818468996,1643.2192060933048
2024-10-11 16:00:00+00:00,train,1654.5050242464054,988.7141818468996,1643.2192060933048
2024-10-11 20:00:00+00:00,train,1654.5924962550855,988.7141818468996,1643.3066781019852
2024-10-12 00:00:00+00:00,train,1654.6799682637657,988.7141818468996,1643.3941501106651
2024-10-12 04:00:00+00:00,train,1654.767440272446,988.7141818468996,1643.4816221193455
2024-10-12 08:00:00+00:00,train,1654.8549122811262,988.7141818468996,1643.5690941280259
2024-10-12 12:00:00+00:00,train,1654.9423842898063,988.7141818468996,1643.6565661367058
2024-10-12 16:00:00+00:00,train,1655.0298562984865,988.7141818468996,1643.7440381453862
2024-10-12 20:00:00+00:00,train,1655.1173283071666,988.7141818468996,1643.831510154066
2024-10-13 00:00:00+00:00,train,1655.204800315847,988.7141818468996,1643.9189821627465
2024-10-13 04:00:00+00:00,train,1655.2922723245272,988.7141818468996,1644.0064541714269
2024-10-13 08:00:00+00:00,train,1655.3797443332073,988.7141818468996,1644.0939261801068
2024-10-13 12:00:00+00:00,train,1655.4672163418875,988.7141818468996,1644.1813981887872
2024-10-13 16:00:00+00:00,train,1655.5546883505676,988.7141818468996,1644.268870197467
2024-10-13 20:00:00+00:00,train,1655.5546883505676,988.7141818468996,1644.268870197467
2024-10-14 00:00:00+00:00,train,1657.7262936547759,988.7141818468996,1646.4404755016753
2024-10-14 04:00:00+00:00,train,1657.7262936547759,988.7141818468996,1646.4404755016753
2024-10-14 08:00:00+00:00,train,1657.7262936547759,988.7141818468996,1646.4404755016753
2024-10-14 12:00:00+00:00,train,1660.0607021615951,988.7141818468996,1648.7748840084946
2024-10-14 16:00:00+00:00,train,1660.0607021615951,988.7141818468996,1648.7748840084946
2024-10-14 20:00:00+00:00,train,1660.0607021615951,988.7141818468996,1648.7748840084946
2024-10-15 00:00:00+00:00,train,1659.58834921296,988.7141818468996,1648.3025310598596
2024-10-15 04:00:00+00:00,train,1659.1159962643255,988.7141818468996,1647.830178111225
2024-10-15 08:00:00+00:00,train,1659.1159962643255,988.7141818468996,1647.830178111225
2024-10-15 12:00:00+00:00,train,1661.720560110205,988.7141818468996,1650.4347419571045
2024-10-15 16:00:00+00:00,train,1661.720560110205,988.7141818468996,1650.4347419571045
2024-10-15 20:00:00+00:00,train,1661.720560110205,988.7141818468996,1650.4347419571045
2024-10-16 00:00:00+00:00,train,1661.5785684738557,988.7141818468996,1650.2927503207552
2024-10-16 04:00:00+00:00,train,1661.4365768375062,988.7141818468996,1650.150758684406
2024-10-16 08:00:00+00:00,train,1661.294585201157,988.7141818468996,1650.0087670480566
2024-10-16 12:00:00+00:00,train,1661.1525935648076,988.7141818468996,1649.8667754117073
2024-10-16 16:00:00+00:00,train,1661.0106019284583,988.7141818468996,1649.724783775358
2024-10-16 20:00:00+00:00,train,1660.8686102921088,988.7141818468996,1649.5827921390082
2024-10-17 00:00:00+00:00,train,1660.7266186557595,988.7141818468996,1649.440800502659
2024-10-17 04:00:00+00:00,train,1660.5846270194102,988.7141818468996,1649.2988088663096
2024-10-17 08:00:00+00:00,train,1660.5846270194102,988.7141818468996,1649.2988088663096
2024-10-17 12:00:00+00:00,train,1660.5846270194102,988.7141818468996,1649.2988088663096
2024-10-17 16:00:00+00:00,train,1660.5846270194102,988.7141818468996,1649.2988088663096
2024-10-17 20:00:00+00:00,train,1660.5846270194102,988.7141818468996,1649.2988088663096
2024-10-18 00:00:00+00:00,train,1662.0735480692879,988.7141818468996,1650.7877299161873
2024-10-18 04:00:00+00:00,train,1663.5624691191654,988.7141818468996,1652.276650966065
2024-10-18 08:00:00+00:00,train,1663.5624691191654,988.7141818468996,1652.276650966065
2024-10-18 12:00:00+00:00,train,1663.5624691191654,988.7141818468996,1652.276650966065
2024-10-18 16:00:00+00:00,train,1664.0122191287892,988.7141818468996,1652.7264009756886
2024-10-18 20:00:00+00:00,train,1664.461969138413,988.7141818468996,1653.1761509853127
2024-10-19 00:00:00+00:00,train,1664.911719148037,988.7141818468996,1653.6259009949367
2024-10-19 04:00:00+00:00,train,1665.3614691576608,988.7141818468996,1654.0756510045603
2024-10-19 08:00:00+00:00,train,1665.8112191672847,988.7141818468996,1654.5254010141844
2024-10-19 12:00:00+00:00,train,1666.2609691769085,988.7141818468996,1654.975151023808
2024-10-19 16:00:00+00:00,train,1666.2609691769085,988.7141818468996,1654.975151023808
2024-10-19 20:00:00+00:00,train,1666.2609691769085,988.7141818468996,1654.975151023808
2024-10-20 00:00:00+00:00,train,1668.5798623308215,988.7141818468996,1657.294044177721
2024-10-20 04:00:00+00:00,train,1668.5798623308215,988.7141818468996,1657.294044177721
2024-10-20 08:00:00+00:00,train,1668.5798623308215,988.7141818468996,1657.294044177721
2024-10-20 12:00:00+00:00,train,1669.3509473210158,988.7141818468996,1658.0651291679155
2024-10-20 16:00:00+00:00,train,1670.1220323112102,988.7141818468996,1658.8362141581097
2024-10-20 20:00:00+00:00,train,1670.8931173014043,988.7141818468996,1659.6072991483038
2024-10-21 00:00:00+00:00,train,1670.8931173014043,988.7141818468996,1659.6072991483038
2024-10-21 04:00:00+00:00,train,1670.8931173014043,988.7141818468996,1659.6072991483038
2024-10-21 08:00:00+00:00,train,1669.5495623830047,988.7141818468996,1658.2637442299042
2024-10-21 12:00:00+00:00,train,1669.5495623830047,988.7141818468996,1658.2637442299042
2024-10-21 16:00:00+00:00,train,1669.5495623830047,988.7141818468996,1658.2637442299042
2024-10-21 20:00:00+00:00,train,1668.918760002428,988.7141818468996,1657.6329418493274
2024-10-22 00:00:00+00:00,train,1668.287957621851,988.7141818468996,1657.0021394687506
2024-10-22 04:00:00+00:00,train,1668.287957621851,988.7141818468996,1657.0021394687506
2024-10-22 08:00:00+00:00,train,1666.2097817087404,988.7141818468996,1654.92396355564
2024-10-22 12:00:00+00:00,train,1666.2097817087404,988.7141818468996,1654.92396355564
2024-10-22 16:00:00+00:00,train,1666.2097817087404,988.7141818468996,1654.92396355564
2024-10-22 20:00:00+00:00,train,1666.2097817087404,988.7141818468996,1654.92396355564
2024-10-23 00:00:00+00:00,train,1666.2097817087404,988.7141818468996,1654.92396355564
2024-10-23 04:00:00+00:00,train,1666.2097817087404,988.7141818468996,1654.92396355564
2024-10-23 08:00:00+00:00,train,1666.2097817087404,988.7141818468996,1654.92396355564
2024-10-23 12:00:00+00:00,train,1667.704721545328,988.7141818468996,1656.4189033922275
2024-10-23 16:00:00+00:00,train,1669.199661381916,988.7141818468996,1657.9138432288155
2024-10-23 20:00:00+00:00,train,1669.199661381916,988.7141818468996,1657.9138432288155
2024-10-24 00:00:00+00:00,train,1669.199661381916,988.7141818468996,1657.9138432288155
2024-10-24 04:00:00+00:00,train,1669.199661381916,988.7141818468996,1657.9138432288155
2024-10-24 08:00:00+00:00,train,1669.199661381916,988.7141818468996,1657.9138432288155
2024-10-24 12:00:00+00:00,train,1669.199661381916,988.7141818468996,1657.9138432288155
2024-10-24 16:00:00+00:00,train,1669.199661381916,988.7141818468996,1657.9138432288155
2024-10-24 20:00:00+00:00,train,1669.199661381916,988.7141818468996,1657.9138432288155
2024-10-25 00:00:00+00:00,train,1669.199661381916,988.7141818468996,1657.9138432288155
2024-10-25 04:00:00+00:00,train,1669.199661381916,988.7141818468996,1657.9138432288155
2024-10-25 08:00:00+00:00,train,1669.199661381916,988.7141818468996,1657.9138432288155
2024-10-25 12:00:00+00:00,train,1669.199661381916,988.7141818468996,1657.9138432288155
2024-10-25 16:00:00+00:00,train,1669.199661381916,988.7141818468996,1657.9138432288155
2024-10-25 20:00:00+00:00,train,1669.199661381916,988.7141818468996,1657.9138432288155
2024-10-26 00:00:00+00:00,train,1669.199661381916,988.7141818468996,1657.9138432288155
2024-10-26 04:00:00+00:00,train,1669.199661381916,988.7141818468996,1657.9138432288155
2024-10-26 08:00:00+00:00,train,1669.199661381916,988.7141818468996,1657.9138432288155
2024-10-26 12:00:00+00:00,train,1669.199661381916,988.7141818468996,1657.9138432288155
2024-10-26 16:00:00+00:00,train,1669.199661381916,988.7141818468996,1657.9138432288155
2024-10-26 20:00:00+00:00,train,1669.199661381916,988.7141818468996,1657.9138432288155
2024-10-27 00:00:00+00:00,train,1669.199661381916,988.7141818468996,1657.9138432288155
2024-10-27 04:00:00+00:00,train,1669.199661381916,988.7141818468996,1657.9138432288155
2024-10-27 08:00:00+00:00,train,1669.199661381916,988.7141818468996,1657.9138432288155
2024-10-27 12:00:00+00:00,train,1669.199661381916,988.7141818468996,1657.9138432288155
2024-10-27 16:00:00+00:00,train,1669.109412827793,988.7141818468996,1657.8235946746927
2024-10-27 20:00:00+00:00,train,1669.01916427367,988.7141818468996,1657.7333461205694
2024-10-28 00:00:00+00:00,train,1668.9289157195467,988.7141818468996,1657.6430975664462
2024-10-28 04:00:00+00:00,train,1668.8386671654237,988.7141818468996,1657.5528490123233
2024-10-28 08:00:00+00:00,train,1668.7484186113006,988.7141818468996,1657.4626004582
2024-10-28 12:00:00+00:00,train,1668.6581700571776,988.7141818468996,1657.3723519040773
2024-10-28 16:00:00+00:00,train,1668.5679215030543,988.7141818468996,1657.282103349954
2024-10-28 20:00:00+00:00,train,1668.5679215030543,988.7141818468996,1657.282103349954
2024-10-29 00:00:00+00:00,train,1668.5679215030543,988.7141818468996,1657.282103349954
2024-10-29 04:00:00+00:00,train,1668.505213796803,988.7141818468996,1657.2193956437027
2024-10-29 08:00:00+00:00,train,1668.4425060905514,988.7141818468996,1657.156687937451
2024-10-29 12:00:00+00:00,train,1668.3797983843,988.7141818468996,1657.0939802311996
2024-10-29 16:00:00+00:00,train,1668.3170906780485,988.7141818468996,1657.0312725249482
2024-10-29 20:00:00+00:00,train,1668.2543829717972,988.7141818468996,1656.968564818697
2024-10-30 00:00:00+00:00,train,1668.2543829717972,988.7141818468996,1656.968564818697
2024-10-30 04:00:00+00:00,train,1668.2543829717972,988.7141818468996,1656.968564818697
2024-10-30 08:00:00+00:00,train,1668.2543829717972,988.7141818468996,1656.968564818697
2024-10-30 12:00:00+00:00,train,1668.2543829717972,988.7141818468996,1656.968564818697
2024-10-30 16:00:00+00:00,train,1668.2543829717972,988.7141818468996,1656.968564818697
2024-10-30 20:00:00+00:00,train,1668.2543829717972,988.7141818468996,1656.968564818697
2024-10-31 00:00:00+00:00,train,1668.2543829717972,988.7141818468996,1656.968564818697
2024-10-31 04:00:00+00:00,train,1668.2543829717972,988.7141818468996,1656.968564818697
2024-10-31 08:00:00+00:00,train,1668.2543829717972,988.7141818468996,1656.968564818697
2024-10-31 12:00:00+00:00,train,1668.2543829717972,988.7141818468996,1656.968564818697
2024-10-31 16:00:00+00:00,train,1668.2543829717972,988.7141818468996,1656.968564818697
2024-10-31 20:00:00+00:00,train,1668.2543829717972,988.7141818468996,1656.968564818697
2024-11-01 00:00:00+00:00,train,1668.2543829717972,988.7141818468996,1656.968564818697
2024-11-01 04:00:00+00:00,train,1668.2543829717972,988.7141818468996,1656.968564818697
2024-11-01 08:00:00+00:00,train,1668.2543829717972,988.7141818468996,1656.968564818697
2024-11-01 12:00:00+00:00,train,1668.2543829717972,988.7141818468996,1656.968564818697
2024-11-01 16:00:00+00:00,train,1668.2543829717972,988.7141818468996,1656.968564818697
2024-11-01 20:00:00+00:00,train,1668.2543829717972,988.7141818468996,1656.968564818697
2024-11-02 00:00:00+00:00,train,1668.2543829717972,987.7902739691181,1656.044656940915
2024-11-02 04:00:00+00:00,train,1668.2543829717972,987.7902739691181,1656.044656940915
2024-11-02 08:00:00+00:00,train,1668.2543829717972,987.7902739691181,1656.044656940915
2024-11-02 12:00:00+00:00,train,1668.2543829717972,988.4038447038594,1656.6582276756567
2024-11-02 16:00:00+00:00,train,1668.2543829717972,989.0174154386008,1657.2717984103979
2024-11-02 20:00:00+00:00,train,1668.2543829717972,989.6309861733421,1657.8853691451395
2024-11-03 00:00:00+00:00,train,1668.2543829717972,990.2445569080834,1658.4989398798807
2024-11-03 04:00:00+00:00,train,1668.2543829717972,990.8581276428248,1659.112510614622
2024-11-03 08:00:00+00:00,train,1668.2543829717972,991.4716983775661,1659.726081349363
2024-11-03 12:00:00+00:00,train,1668.2543829717972,992.0852691123074,1660.3396520841047
2024-11-03 16:00:00+00:00,train,1668.2543829717972,992.0852691123074,1660.3396520841047
2024-11-03 20:00:00+00:00,train,1668.2543829717972,991.1925658092216,1659.4469487810188
2024-11-04 00:00:00+00:00,train,1668.2543829717972,991.1925658092216,1659.4469487810188
2024-11-04 04:00:00+00:00,train,1668.2543829717972,991.1925658092216,1659.4469487810188
2024-11-04 08:00:00+00:00,train,1668.2543829717972,990.2995128466879,1658.5538958184852
2024-11-04 12:00:00+00:00,train,1668.2543829717972,990.2995128466879,1658.5538958184852
2024-11-04 16:00:00+00:00,train,1668.2543829717972,990.2995128466879,1658.5538958184852
2024-11-04 20:00:00+00:00,train,1668.2543829717972,994.6895757420928,1662.94395871389
2024-11-05 00:00:00+00:00,train,1668.2543829717972,994.6895757420928,1662.94395871389
2024-11-05 04:00:00+00:00,train,1668.2543829717972,993.7739859429377,1662.028368914735
2024-11-05 08:00:00+00:00,train,1668.2543829717972,993.7739859429377,1662.028368914735
2024-11-05 12:00:00+00:00,train,1668.2543829717972,993.7739859429377,1662.028368914735
2024-11-05 16:00:00+00:00,train,1668.2543829717972,993.7739859429377,1662.028368914735
2024-11-05 20:00:00+00:00,train,1668.2543829717972,993.7739859429377,1662.028368914735
2024-11-06 00:00:00+00:00,train,1668.2543829717972,993.7739859429377,1662.028368914735
2024-11-06 04:00:00+00:00,train,1668.2543829717972,993.7739859429377,1662.028368914735
2024-11-06 08:00:00+00:00,train,1668.2543829717972,993.7739859429377,1662.028368914735
2024-11-06 12:00:00+00:00,train,1668.2543829717972,993.7739859429377,1662.028368914735
2024-11-06 16:00:00+00:00,train,1668.2543829717972,993.7739859429377,1662.028368914735
2024-11-06 20:00:00+00:00,train,1668.2543829717972,993.7739859429377,1662.028368914735
2024-11-07 00:00:00+00:00,train,1668.2543829717972,993.7739859429377,1662.028368914735
2024-11-07 04:00:00+00:00,train,1668.2543829717972,993.7739859429377,1662.028368914735
2024-11-07 08:00:00+00:00,train,1668.2543829717972,993.7739859429377,1662.028368914735
2024-11-07 12:00:00+00:00,train,1668.2543829717972,993.7739859429377,1662.028368914735
2024-11-07 16:00:00+00:00,train,1668.2543829717972,993.7739859429377,1662.028368914735
2024-11-07 20:00:00+00:00,train,1668.2543829717972,993.7739859429377,1662.028368914735
2024-11-08 00:00:00+00:00,train,1668.2543829717972,993.7739859429377,1662.028368914735
2024-11-08 04:00:00+00:00,train,1668.2543829717972,993.7739859429377,1662.028368914735
2024-11-08 08:00:00+00:00,train,1668.2543829717972,993.7739859429377,1662.028368914735
2024-11-08 12:00:00+00:00,train,1668.2543829717972,993.7739859429377,1662.028368914735
2024-11-08 16:00:00+00:00,train,1668.2543829717972,993.7739859429377,1662.028368914735
2024-11-08 20:00:00+00:00,train,1668.2543829717972,993.7739859429377,1662.028368914735
2024-11-09 00:00:00+00:00,train,1668.2543829717972,993.7739859429377,1662.028368914735
2024-11-09 04:00:00+00:00,train,1668.2543829717972,993.7739859429377,1662.028368914735
2024-11-09 08:00:00+00:00,train,1668.2543829717972,993.7739859429377,1662.028368914735
2024-11-09 12:00:00+00:00,train,1668.2543829717972,993.7739859429377,1662.028368914735
2024-11-09 16:00:00+00:00,train,1668.2543829717972,993.7739859429377,1662.028368914735
2024-11-09 20:00:00+00:00,train,1668.2543829717972,993.7739859429377,1662.028368914735
2024-11-10 00:00:00+00:00,train,1668.2543829717972,993.7739859429377,1662.028368914735
2024-11-10 04:00:00+00:00,train,1668.2543829717972,993.7739859429377,1662.028368914735
2024-11-10 08:00:00+00:00,train,1668.2543829717972,993.7739859429377,1662.028368914735
2024-11-10 12:00:00+00:00,train,1668.2543829717972,993.7739859429377,1662.028368914735
2024-11-10 16:00:00+00:00,train,1668.2543829717972,993.7739859429377,1662.028368914735
2024-11-10 20:00:00+00:00,train,1668.2543829717972,993.7739859429377,1662.028368914735
2024-11-11 00:00:00+00:00,train,1668.2543829717972,993.7739859429377,1662.028368914735
2024-11-11 04:00:00+00:00,train,1668.2543829717972,993.7739859429377,1662.028368914735
2024-11-11 08:00:00+00:00,train,1668.2543829717972,993.7739859429377,1662.028368914735
2024-11-11 12:00:00+00:00,train,1668.2543829717972,993.7739859429377,1662.028368914735
2024-11-11 16:00:00+00:00,train,1668.2543829717972,993.7739859429377,1662.028368914735
2024-11-11 20:00:00+00:00,train,1668.2543829717972,993.7739859429377,1662.028368914735
2024-11-12 00:00:00+00:00,train,1668.2543829717972,993.7739859429377,1662.028368914735
2024-11-12 04:00:00+00:00,train,1668.2543829717972,993.7739859429377,1662.028368914735
2024-11-12 08:00:00+00:00,train,1668.2543829717972,993.7739859429377,1662.028368914735
2024-11-12 12:00:00+00:00,train,1668.2543829717972,993.7739859429377,1662.028368914735
2024-11-12 16:00:00+00:00,train,1668.2543829717972,993.7739859429377,1662.028368914735
2024-11-12 20:00:00+00:00,train,1668.2543829717972,993.7739859429377,1662.028368914735
2024-11-13 00:00:00+00:00,train,1668.2543829717972,993.7739859429377,1662.028368914735
2024-11-13 04:00:00+00:00,train,1668.2543829717972,993.7739859429377,1662.028368914735
2024-11-13 08:00:00+00:00,train,1668.2543829717972,993.7739859429377,1662.028368914735
2024-11-13 12:00:00+00:00,train,1668.2543829717972,993.7739859429377,1662.028368914735
2024-11-13 16:00:00+00:00,train,1668.2543829717972,993.7739859429377,1662.028368914735
2024-11-13 20:00:00+00:00,train,1668.2543829717972,993.7739859429377,1662.028368914735
2024-11-14 00:00:00+00:00,train,1668.2543829717972,993.7739859429377,1662.028368914735
2024-11-14 04:00:00+00:00,train,1668.2543829717972,993.7739859429377,1662.028368914735
2024-11-14 08:00:00+00:00,train,1668.2543829717972,993.7739859429377,1662.028368914735
2024-11-14 12:00:00+00:00,train,1668.2543829717972,993.7739859429377,1662.028368914735
2024-11-14 16:00:00+00:00,train,1668.2543829717972,993.7739859429377,1662.028368914735
2024-11-14 20:00:00+00:00,train,1668.2543829717972,993.7739859429377,1662.028368914735
2024-11-15 00:00:00+00:00,train,1668.2543829717972,993.7739859429377,1662.028368914735
2024-11-15 04:00:00+00:00,train,1668.2543829717972,993.7739859429377,1662.028368914735
2024-11-15 08:00:00+00:00,train,1668.2543829717972,993.7739859429377,1662.028368914735
2024-11-15 12:00:00+00:00,train,1668.2543829717972,993.7739859429377,1662.028368914735
2024-11-15 16:00:00+00:00,train,1668.2543829717972,993.7739859429377,1662.028368914735
2024-11-15 20:00:00+00:00,train,1668.2543829717972,993.7739859429377,1662.028368914735
2024-11-16 00:00:00+00:00,train,1668.2543829717972,993.7739859429377,1662.028368914735
2024-11-16 04:00:00+00:00,train,1668.2543829717972,993.7739859429377,1662.028368914735
2024-11-16 08:00:00+00:00,train,1668.2543829717972,993.7739859429377,1662.028368914735
2024-11-16 12:00:00+00:00,train,1668.2543829717972,993.7739859429377,1662.028368914735
2024-11-16 16:00:00+00:00,train,1668.2543829717972,993.7739859429377,1662.028368914735
2024-11-16 20:00:00+00:00,train,1668.2543829717972,993.7739859429377,1662.028368914735
2024-11-17 00:00:00+00:00,train,1668.2543829717972,993.7739859429377,1662.028368914735
2024-11-17 04:00:00+00:00,train,1668.2543829717972,993.7739859429377,1662.028368914735
2024-11-17 08:00:00+00:00,train,1668.2543829717972,993.7739859429377,1662.028368914735
2024-11-17 12:00:00+00:00,train,1668.2543829717972,993.7739859429377,1662.028368914735
2024-11-17 16:00:00+00:00,train,1668.2543829717972,993.7739859429377,1662.028368914735
2024-11-17 20:00:00+00:00,train,1668.2543829717972,993.7739859429377,1662.028368914735
2024-11-18 00:00:00+00:00,train,1668.2543829717972,993.7739859429377,1662.028368914735
2024-11-18 04:00:00+00:00,train,1668.2543829717972,993.7739859429377,1662.028368914735
2024-11-18 08:00:00+00:00,train,1668.2543829717972,993.7739859429377,1662.028368914735
2024-11-18 12:00:00+00:00,train,1668.2543829717972,993.7739859429377,1662.028368914735
2024-11-18 16:00:00+00:00,train,1668.2543829717972,993.7739859429377,1662.028368914735
2024-11-18 20:00:00+00:00,train,1668.2543829717972,993.7739859429377,1662.028368914735
2024-11-19 00:00:00+00:00,train,1668.2543829717972,993.7739859429377,1662.028368914735
2024-11-19 04:00:00+00:00,train,1668.2543829717972,993.7739859429377,1662.028368914735
2024-11-19 08:00:00+00:00,train,1668.2543829717972,993.7739859429377,1662.028368914735
2024-11-19 12:00:00+00:00,train,1668.2543829717972,993.7739859429377,1662.028368914735
2024-11-19 16:00:00+00:00,train,1668.2543829717972,993.7739859429377,1662.028368914735
2024-11-19 20:00:00+00:00,train,1668.2543829717972,993.7739859429377,1662.028368914735
2024-11-20 00:00:00+00:00,train,1668.2543829717972,993.7739859429377,1662.028368914735
2024-11-20 04:00:00+00:00,train,1668.2543829717972,993.7739859429377,1662.028368914735
2024-11-20 08:00:00+00:00,train,1668.2543829717972,993.7739859429377,1662.028368914735
2024-11-20 12:00:00+00:00,train,1668.2543829717972,993.7739859429377,1662.028368914735
2024-11-20 16:00:00+00:00,train,1668.2543829717972,993.7739859429377,1662.028368914735
2024-11-20 20:00:00+00:00,train,1668.2543829717972,993.7739859429377,1662.028368914735
2024-11-21 00:00:00+00:00,train,1668.2543829717972,993.7739859429377,1662.028368914735
2024-11-21 04:00:00+00:00,train,1668.2543829717972,993.7739859429377,1662.028368914735
2024-11-21 08:00:00+00:00,train,1668.2543829717972,993.7739859429377,1662.028368914735
2024-11-21 12:00:00+00:00,train,1668.2543829717972,993.7739859429377,1662.028368914735
2024-11-21 16:00:00+00:00,train,1668.2543829717972,993.7739859429377,1662.028368914735
2024-11-21 20:00:00+00:00,train,1668.2543829717972,993.7739859429377,1662.028368914735
2024-11-22 00:00:00+00:00,train,1668.2543829717972,993.7739859429377,1662.028368914735
2024-11-22 04:00:00+00:00,train,1668.2543829717972,993.7739859429377,1662.028368914735
2024-11-22 08:00:00+00:00,train,1668.2543829717972,993.7739859429377,1662.028368914735
2024-11-22 12:00:00+00:00,train,1668.2543829717972,993.7739859429377,1662.028368914735
2024-11-22 16:00:00+00:00,train,1668.2543829717972,993.7739859429377,1662.028368914735
2024-11-22 20:00:00+00:00,train,1668.2543829717972,993.7739859429377,1662.028368914735
2024-11-23 00:00:00+00:00,train,1668.2543829717972,993.7739859429377,1662.028368914735
2024-11-23 04:00:00+00:00,train,1667.964696535541,993.7739859429377,1661.7386824784785
2024-11-23 08:00:00+00:00,train,1667.6750100992847,993.7739859429377,1661.4489960422225
2024-11-23 12:00:00+00:00,train,1667.3853236630282,993.7739859429377,1661.159309605966
2024-11-23 16:00:00+00:00,train,1667.095637226772,993.7739859429377,1660.8696231697095
2024-11-23 20:00:00+00:00,train,1666.8059507905157,993.7739859429377,1660.5799367334535
2024-11-24 00:00:00+00:00,train,1666.8059507905157,993.7739859429377,1660.5799367334535
2024-11-24 04:00:00+00:00,train,1666.8059507905157,993.7739859429377,1660.5799367334535
2024-11-24 08:00:00+00:00,train,1666.8059507905157,993.7739859429377,1660.5799367334535
2024-11-24 12:00:00+00:00,train,1666.8059507905157,993.7739859429377,1660.5799367334535
2024-11-24 16:00:00+00:00,train,1666.8059507905157,993.7739859429377,1660.5799367334535
2024-11-24 20:00:00+00:00,train,1670.7847281272507,993.7739859429377,1664.5587140701882
2024-11-25 00:00:00+00:00,train,1670.7847281272507,993.7739859429377,1664.5587140701882
2024-11-25 04:00:00+00:00,train,1670.7847281272507,993.7739859429377,1664.5587140701882
2024-11-25 08:00:00+00:00,train,1670.7847281272507,993.7739859429377,1664.5587140701882
2024-11-25 12:00:00+00:00,train,1670.7847281272507,993.7739859429377,1664.5587140701882
2024-11-25 16:00:00+00:00,train,1670.7847281272507,993.7739859429377,1664.5587140701882
2024-11-25 20:00:00+00:00,train,1670.7847281272507,993.7739859429377,1664.5587140701882
2024-11-26 00:00:00+00:00,train,1670.7847281272507,993.7739859429377,1664.5587140701882
2024-11-26 04:00:00+00:00,train,1670.7847281272507,993.7739859429377,1664.5587140701882
2024-11-26 08:00:00+00:00,train,1670.7847281272507,993.7739859429377,1664.5587140701882
2024-11-26 12:00:00+00:00,train,1670.7847281272507,993.7739859429377,1664.5587140701882
2024-11-26 16:00:00+00:00,train,1670.7847281272507,993.7739859429377,1664.5587140701882
2024-11-26 20:00:00+00:00,train,1670.7847281272507,993.7739859429377,1664.5587140701882
2024-11-27 00:00:00+00:00,train,1670.7847281272507,993.7739859429377,1664.5587140701882
2024-11-27 04:00:00+00:00,train,1670.7847281272507,993.7739859429377,1664.5587140701882
2024-11-27 08:00:00+00:00,train,1670.7847281272507,992.5714986962959,1663.3562268235464
2024-11-27 12:00:00+00:00,train,1670.7847281272507,992.5714986962959,1663.3562268235464
2024-11-27 16:00:00+00:00,train,1670.7847281272507,992.5714986962959,1663.3562268235464
2024-11-27 20:00:00+00:00,train,1670.7847281272507,991.444515921717,1662.2292440489678
2024-11-28 00:00:00+00:00,train,1670.7847281272507,991.444515921717,1662.2292440489678
2024-11-28 04:00:00+00:00,train,1670.7847281272507,991.444515921717,1662.2292440489678
2024-11-28 08:00:00+00:00,train,1670.7847281272507,991.444515921717,1662.2292440489678
2024-11-28 12:00:00+00:00,train,1670.7847281272507,991.1732313381971,1661.9579594654479
2024-11-28 16:00:00+00:00,train,1670.7847281272507,990.9019467546772,1661.686674881928
2024-11-28 20:00:00+00:00,train,1670.7847281272507,990.6306621711572,1661.415390298408
2024-11-29 00:00:00+00:00,train,1670.7847281272507,990.3593775876373,1661.1441057148877
2024-11-29 04:00:00+00:00,train,1670.7847281272507,990.3593775876373,1661.1441057148877
2024-11-29 08:00:00+00:00,train,1670.7847281272507,989.3758297569054,1660.1605578841563
2024-11-29 12:00:00+00:00,train,1670.7847281272507,989.3758297569054,1660.1605578841563
2024-11-29 16:00:00+00:00,train,1670.7847281272507,989.3758297569054,1660.1605578841563
2024-11-29 20:00:00+00:00,train,1670.7847281272507,989.3758297569054,1660.1605578841563
2024-11-30 00:00:00+00:00,train,1670.7847281272507,989.3758297569054,1660.1605578841563
2024-11-30 04:00:00+00:00,train,1670.7847281272507,989.3758297569054,1660.1605578841563
2024-11-30 08:00:00+00:00,train,1670.7847281272507,989.3758297569054,1660.1605578841563
2024-11-30 12:00:00+00:00,train,1670.7847281272507,989.3758297569054,1660.1605578841563
2024-11-30 16:00:00+00:00,train,1670.7847281272507,989.3758297569054,1660.1605578841563
2024-11-30 20:00:00+00:00,train,1670.7847281272507,989.3758297569054,1660.1605578841563
2024-12-01 00:00:00+00:00,train,1670.7847281272507,989.3758297569054,1660.1605578841563
2024-12-01 04:00:00+00:00,train,1670.7847281272507,989.3758297569054,1660.1605578841563
2024-12-01 08:00:00+00:00,train,1670.7847281272507,988.5485025205378,1659.3332306477887
2024-12-01 12:00:00+00:00,train,1670.7847281272507,988.5485025205378,1659.3332306477887
2024-12-01 16:00:00+00:00,train,1670.7847281272507,988.5485025205378,1659.3332306477887
2024-12-01 20:00:00+00:00,train,1670.7847281272507,990.4566224053865,1661.2413505326372
2024-12-02 00:00:00+00:00,train,1670.7847281272507,992.3647422902352,1663.1494704174856
2024-12-02 04:00:00+00:00,train,1670.7847281272507,992.3647422902352,1663.1494704174856
2024-12-02 08:00:00+00:00,train,1670.7847281272507,992.3647422902352,1663.1494704174856
2024-12-02 12:00:00+00:00,train,1670.7847281272507,992.1913534963384,1662.976081623589
2024-12-02 16:00:00+00:00,train,1670.7847281272507,992.0179647024415,1662.8026928296922
2024-12-02 20:00:00+00:00,train,1670.7847281272507,991.8445759085446,1662.629304035795
2024-12-03 00:00:00+00:00,train,1670.7847281272507,991.6711871146478,1662.4559152418983
2024-12-03 04:00:00+00:00,train,1670.7847281272507,991.4977983207509,1662.2825264480016
2024-12-03 08:00:00+00:00,train,1670.7847281272507,991.4977983207509,1662.2825264480016
2024-12-03 12:00:00+00:00,train,1668.2197415333858,991.4977983207509,1659.7175398541367
2024-12-03 16:00:00+00:00,train,1668.2197415333858,990.5300042545305,1658.7497457879163
2024-12-03 20:00:00+00:00,train,1672.1632744178105,990.5300042545305,1662.693278672341
2024-12-04 00:00:00+00:00,train,1672.1632744178105,990.5300042545305,1662.693278672341
2024-12-04 04:00:00+00:00,train,1672.1632744178105,990.5300042545305,1662.693278672341
2024-12-04 08:00:00+00:00,train,1670.7320334648352,990.5300042545305,1661.2620377193657
2024-12-04 12:00:00+00:00,train,1669.30079251186,990.5300042545305,1659.8307967663904
2024-12-04 16:00:00+00:00,train,1669.30079251186,990.5300042545305,1659.8307967663904
2024-12-04 20:00:00+00:00,train,1666.4335436045917,990.5300042545305,1656.9635478591222
2024-12-05 00:00:00+00:00,train,1666.4335436045917,990.5300042545305,1656.9635478591222
2024-12-05 04:00:00+00:00,train,1666.4335436045917,990.5300042545305,1656.9635478591222
2024-12-05 08:00:00+00:00,train,1666.4335436045917,990.5300042545305,1656.9635478591222
2024-12-05 12:00:00+00:00,train,1666.4335436045917,990.5300042545305,1656.9635478591222
2024-12-05 16:00:00+00:00,train,1666.4335436045917,990.5300042545305,1656.9635478591222
2024-12-05 20:00:00+00:00,train,1666.4335436045917,989.2685462888544,1655.702089893446
2024-12-06 00:00:00+00:00,train,1666.4335436045917,989.2685462888544,1655.702089893446
2024-12-06 04:00:00+00:00,train,1666.4335436045917,989.2685462888544,1655.702089893446
2024-12-06 08:00:00+00:00,train,1666.4335436045917,989.2685462888544,1655.702089893446
2024-12-06 12:00:00+00:00,train,1666.4335436045917,987.9301308950683,1654.3636744996602
2024-12-06 16:00:00+00:00,train,1666.4335436045917,987.9301308950683,1654.3636744996602
2024-12-06 20:00:00+00:00,train,1666.4335436045917,987.9301308950683,1654.3636744996602
2024-12-07 00:00:00+00:00,train,1666.4335436045917,987.9301308950683,1654.3636744996602
2024-12-07 04:00:00+00:00,train,1666.4335436045917,987.9301308950683,1654.3636744996602
2024-12-07 08:00:00+00:00,train,1666.4335436045917,987.9301308950683,1654.3636744996602
2024-12-07 12:00:00+00:00,train,1666.4335436045917,987.9301308950683,1654.3636744996602
2024-12-07 16:00:00+00:00,train,1666.4335436045917,987.9301308950683,1654.3636744996602
2024-12-07 20:00:00+00:00,train,1666.4335436045917,987.9301308950683,1654.3636744996602
2024-12-08 00:00:00+00:00,train,1666.4335436045917,987.9301308950683,1654.3636744996602
2024-12-08 04:00:00+00:00,train,1666.4335436045917,987.9301308950683,1654.3636744996602
2024-12-08 08:00:00+00:00,train,1666.4335436045917,987.9301308950683,1654.3636744996602
2024-12-08 12:00:00+00:00,train,1666.4335436045917,987.9301308950683,1654.3636744996602
2024-12-08 16:00:00+00:00,train,1666.4335436045917,987.9301308950683,1654.3636744996602
2024-12-08 20:00:00+00:00,train,1666.4335436045917,987.9301308950683,1654.3636744996602
2024-12-09 00:00:00+00:00,train,1666.4335436045917,987.9301308950683,1654.3636744996602
2024-12-09 04:00:00+00:00,train,1666.4335436045917,987.9301308950683,1654.3636744996602
2024-12-09 08:00:00+00:00,train,1666.4335436045917,987.9301308950683,1654.3636744996602
2024-12-09 12:00:00+00:00,train,1666.4335436045917,986.9545421770285,1653.3880857816202
2024-12-09 16:00:00+00:00,train,1666.4335436045917,986.9545421770285,1653.3880857816202
2024-12-09 20:00:00+00:00,train,1666.4335436045917,985.9451184258332,1652.378662030425
2024-12-10 00:00:00+00:00,train,1666.4335436045917,985.9451184258332,1652.378662030425
2024-12-10 04:00:00+00:00,train,1666.4335436045917,984.6110667892514,1651.044610393843
2024-12-10 08:00:00+00:00,train,1666.4335436045917,984.6110667892514,1651.044610393843
2024-12-10 12:00:00+00:00,train,1666.4335436045917,984.6110667892514,1651.044610393843
2024-12-10 16:00:00+00:00,train,1666.4335436045917,984.1868249756585,1650.6203685802502
2024-12-10 20:00:00+00:00,train,1666.4335436045917,983.7625831620655,1650.1961267666575
2024-12-11 00:00:00+00:00,train,1666.4335436045917,983.3383413484727,1649.7718849530643
2024-12-11 04:00:00+00:00,train,1666.4335436045917,983.3383413484727,1649.7718849530643
2024-12-11 08:00:00+00:00,train,1666.4335436045917,982.0729949620126,1648.5065385666044
2024-12-11 12:00:00+00:00,train,1666.4335436045917,982.0729949620126,1648.5065385666044
2024-12-11 16:00:00+00:00,train,1666.4335436045917,982.0729949620126,1648.5065385666044
2024-12-11 20:00:00+00:00,train,1666.4335436045917,982.0729949620126,1648.5065385666044
2024-12-12 00:00:00+00:00,train,1666.0784814096298,982.0729949620126,1648.1514763716423
2024-12-12 04:00:00+00:00,train,1665.7234192146677,982.0729949620126,1647.7964141766802
2024-12-12 08:00:00+00:00,train,1665.3683570197059,982.0729949620126,1647.4413519817185
2024-12-12 12:00:00+00:00,train,1665.013294824744,982.0729949620126,1647.0862897867564
2024-12-12 16:00:00+00:00,train,1664.6582326297819,982.0729949620126,1646.7312275917943
2024-12-12 20:00:00+00:00,train,1664.30317043482,982.0729949620126,1646.3761653968327
2024-12-13 00:00:00+00:00,train,1663.9481082398581,982.0729949620126,1646.0211032018706
2024-12-13 04:00:00+00:00,train,1663.9481082398581,982.0729949620126,1646.0211032018706
2024-12-13 08:00:00+00:00,train,1663.9481082398581,981.0460592563554,1644.9941674962138
2024-12-13 12:00:00+00:00,train,1663.9481082398581,981.0460592563554,1644.9941674962138
2024-12-13 16:00:00+00:00,train,1663.9481082398581,980.0311790203727,1643.979287260231
2024-12-13 20:00:00+00:00,train,1663.9481082398581,980.0311790203727,1643.979287260231
2024-12-14 00:00:00+00:00,train,1663.9481082398581,979.1013720946962,1643.0494803345546
2024-12-14 04:00:00+00:00,train,1663.9481082398581,979.1013720946962,1643.0494803345546
2024-12-14 08:00:00+00:00,train,1663.9481082398581,979.1013720946962,1643.0494803345546
2024-12-14 12:00:00+00:00,train,1663.9481082398581,979.1013720946962,1643.0494803345546
2024-12-14 16:00:00+00:00,train,1663.9481082398581,979.006688179089,1642.954796418947
2024-12-14 20:00:00+00:00,train,1663.9481082398581,978.9120042634819,1642.8601125033401
2024-12-15 00:00:00+00:00,train,1663.9481082398581,978.8173203478747,1642.765428587733
2024-12-15 04:00:00+00:00,train,1663.9481082398581,978.7226364322674,1642.6707446721257
2024-12-15 08:00:00+00:00,train,1663.9481082398581,978.6279525166602,1642.5760607565185
2024-12-15 12:00:00+00:00,train,1663.9481082398581,978.5332686010531,1642.4813768409113
2024-12-15 16:00:00+00:00,train,1665.0127441575378,978.4385846854459,1643.4513288429835
2024-12-15 20:00:00+00:00,train,1666.0773800752174,978.3439007698387,1644.4212808450561
2024-12-16 00:00:00+00:00,train,1667.142015992897,978.2492168542315,1645.3912328471288
2024-12-16 04:00:00+00:00,train,1667.142015992897,978.2492168542315,1645.3912328471288
2024-12-16 08:00:00+00:00,train,1667.142015992897,978.2492168542315,1645.3912328471288
2024-12-16 12:00:00+00:00,train,1667.142015992897,977.2890383855298,1644.4310543784268
2024-12-16 16:00:00+00:00,train,1667.0643842545353,977.2890383855298,1644.3534226400652
2024-12-16 20:00:00+00:00,train,1666.9867525161733,977.2890383855298,1644.2757909017032
2024-12-17 00:00:00+00:00,train,1666.9091207778115,977.2890383855298,1644.1981591633412
2024-12-17 04:00:00+00:00,train,1666.9091207778115,977.2890383855298,1644.1981591633412
2024-12-17 08:00:00+00:00,train,1670.2643918469873,976.3645295485882,1646.6289213955756
2024-12-17 12:00:00+00:00,train,1670.2643918469873,976.3645295485882,1646.6289213955756
2024-12-17 16:00:00+00:00,train,1670.2643918469873,976.3645295485882,1646.6289213955756
2024-12-17 20:00:00+00:00,train,1670.2643918469873,976.3645295485882,1646.6289213955756
2024-12-18 00:00:00+00:00,train,1670.2643918469873,976.3645295485882,1646.6289213955756
2024-12-18 04:00:00+00:00,train,1670.2643918469873,976.3645295485882,1646.6289213955756
2024-12-18 08:00:00+00:00,train,1670.2643918469873,977.7482199769208,1648.0126118239082
2024-12-18 12:00:00+00:00,train,1670.2643918469873,979.1319104052534,1649.3963022522407
2024-12-18 16:00:00+00:00,train,1670.2643918469873,980.5156008335861,1650.7799926805733
2024-12-18 20:00:00+00:00,train,1670.2643918469873,981.8992912619186,1652.1636831089058
2024-12-19 00:00:00+00:00,train,1667.2720336858413,981.8992912619186,1649.1713249477598
2024-12-19 04:00:00+00:00,train,1667.2720336858413,980.7506316460493,1648.0226653318905
2024-12-19 08:00:00+00:00,train,1667.2720336858413,980.7506316460493,1648.0226653318905
2024-12-19 12:00:00+00:00,train,1667.2720336858413,980.7506316460493,1648.0226653318905
2024-12-19 16:00:00+00:00,train,1667.2720336858413,986.3527787598429,1653.6248124456843
2024-12-19 20:00:00+00:00,train,1667.2720336858413,986.3527787598429,1653.6248124456843
2024-12-20 00:00:00+00:00,train,1667.2720336858413,984.9158357452571,1652.1878694310985
2024-12-20 04:00:00+00:00,train,1667.2720336858413,984.9158357452571,1652.1878694310985
2024-12-20 08:00:00+00:00,train,1667.2720336858413,992.7377604131118,1660.009794098953
2024-12-20 12:00:00+00:00,train,1667.2720336858413,992.7377604131118,1660.009794098953
2024-12-20 16:00:00+00:00,train,1667.2720336858413,991.0301013912981,1658.3021350771396
2024-12-20 20:00:00+00:00,train,1667.2720336858413,991.0301013912981,1658.3021350771396
2024-12-21 00:00:00+00:00,train,1667.2720336858413,991.0301013912981,1658.3021350771396
2024-12-21 04:00:00+00:00,train,1667.2720336858413,989.4322313350273,1656.7042650208687
2024-12-21 08:00:00+00:00,train,1667.2720336858413,989.4322313350273,1656.7042650208687
2024-12-21 12:00:00+00:00,train,1667.2720336858413,989.4322313350273,1656.7042650208687
2024-12-21 16:00:00+00:00,train,1667.2720336858413,990.4408925066297,1657.712926192471
2024-12-21 20:00:00+00:00,train,1667.2720336858413,991.449553678232,1658.7215873640735
2024-12-22 00:00:00+00:00,train,1667.2720336858413,992.4582148498343,1659.7302485356759
2024-12-22 04:00:00+00:00,train,1667.2720336858413,993.4668760214366,1660.7389097072778
2024-12-22 08:00:00+00:00,train,1667.2720336858413,994.475537193039,1661.7475708788802
2024-12-22 12:00:00+00:00,train,1667.2720336858413,995.4841983646414,1662.7562320504826
2024-12-22 16:00:00+00:00,train,1667.2720336858413,996.4928595362437,1663.764893222085
2024-12-22 20:00:00+00:00,train,1667.2720336858413,997.5015207078461,1664.7735543936874
2024-12-23 00:00:00+00:00,train,1667.2720336858413,997.5015207078461,1664.7735543936874
2024-12-23 04:00:00+00:00,train,1667.2720336858413,997.5015207078461,1664.7735543936874
2024-12-23 08:00:00+00:00,train,1667.2720336858413,997.0039582295468,1664.2759919153882
2024-12-23 12:00:00+00:00,train,1667.2720336858413,996.5063957512476,1663.778429437089
2024-12-23 16:00:00+00:00,train,1667.2720336858413,996.0088332729484,1663.2808669587898
2024-12-23 20:00:00+00:00,train,1667.2720336858413,996.0088332729484,1663.2808669587898
2024-12-24 00:00:00+00:00,train,1667.2720336858413,996.0088332729484,1663.2808669587898
2024-12-24 04:00:00+00:00,train,1667.2720336858413,996.0088332729484,1663.2808669587898
2024-12-24 08:00:00+00:00,train,1667.2720336858413,996.0088332729484,1663.2808669587898
2024-12-24 12:00:00+00:00,train,1667.2720336858413,996.0088332729484,1663.2808669587898
2024-12-24 16:00:00+00:00,train,1667.2720336858413,996.0088332729484,1663.2808669587898
2024-12-24 20:00:00+00:00,train,1667.2720336858413,996.0088332729484,1663.2808669587898
2024-12-25 00:00:00+00:00,train,1667.2720336858413,996.0088332729484,1663.2808669587898
2024-12-25 04:00:00+00:00,train,1667.2720336858413,996.0088332729484,1663.2808669587898
2024-12-25 08:00:00+00:00,train,1667.2720336858413,996.0088332729484,1663.2808669587898
2024-12-25 12:00:00+00:00,train,1667.2720336858413,996.0088332729484,1663.2808669587898
2024-12-25 16:00:00+00:00,train,1667.2720336858413,996.0088332729484,1663.2808669587898
2024-12-25 20:00:00+00:00,train,1667.2720336858413,996.0088332729484,1663.2808669587898
2024-12-26 00:00:00+00:00,train,1667.2720336858413,996.0088332729484,1663.2808669587898
2024-12-26 04:00:00+00:00,train,1667.2720336858413,996.0088332729484,1663.2808669587898
2024-12-26 08:00:00+00:00,train,1667.2720336858413,996.0088332729484,1663.2808669587898
2024-12-26 12:00:00+00:00,train,1667.2720336858413,996.6778537253066,1663.9498874111478
2024-12-26 16:00:00+00:00,train,1667.2720336858413,997.3468741776647,1664.6189078635061
2024-12-26 20:00:00+00:00,train,1667.2720336858413,998.0158946300229,1665.287928315864
2024-12-27 00:00:00+00:00,train,1667.2720336858413,998.684915082381,1665.9569487682224
2024-12-27 04:00:00+00:00,train,1667.2720336858413,999.3539355347392,1666.6259692205804
2024-12-27 08:00:00+00:00,train,1667.2720336858413,1000.0229559870974,1667.2949896729388
2024-12-27 12:00:00+00:00,train,1667.2720336858413,1000.6919764394555,1667.9640101252967
2024-12-27 16:00:00+00:00,train,1667.2720336858413,1001.3609968918136,1668.6330305776546
2024-12-27 20:00:00+00:00,train,1667.2720336858413,1001.3609968918136,1668.6330305776546
2024-12-28 00:00:00+00:00,train,1667.2720336858413,1001.3609968918136,1668.6330305776546
2024-12-28 04:00:00+00:00,train,1668.2858852198094,1001.3609968918136,1669.6468821116232
2024-12-28 08:00:00+00:00,train,1669.2997367537773,1000.3350833065884,1669.6348200603657
2024-12-28 12:00:00+00:00,train,1670.3135882877455,1000.3350833065884,1670.6486715943338
2024-12-28 16:00:00+00:00,train,1671.3274398217134,1000.3350833065884,1671.662523128302
2024-12-28 20:00:00+00:00,train,1671.3274398217134,1000.3350833065884,1671.662523128302
2024-12-29 00:00:00+00:00,train,1671.3274398217134,1000.3350833065884,1671.662523128302
2024-12-29 04:00:00+00:00,train,1671.3274398217134,1000.3350833065884,1671.662523128302
2024-12-29 08:00:00+00:00,train,1671.3274398217134,1000.3350833065884,1671.662523128302
2024-12-29 12:00:00+00:00,train,1671.3274398217134,1000.3350833065884,1671.662523128302
2024-12-29 16:00:00+00:00,train,1671.3274398217134,1000.3350833065884,1671.662523128302
2024-12-29 20:00:00+00:00,train,1671.3274398217134,1000.3350833065884,1671.662523128302
2024-12-30 00:00:00+00:00,train,1671.3274398217134,1000.3350833065884,1671.662523128302
2024-12-30 04:00:00+00:00,train,1671.3274398217134,999.4513851728823,1670.7788249945957
2024-12-30 08:00:00+00:00,train,1670.3349562887183,999.4513851728823,1669.7863414616004
2024-12-30 12:00:00+00:00,train,1669.342472755723,999.4513851728823,1668.7938579286056
2024-12-30 16:00:00+00:00,train,1669.342472755723,998.5122326980312,1667.8547054537544
2024-12-30 20:00:00+00:00,train,1666.7400828628356,998.5122326980312,1665.252315560867
2024-12-31 00:00:00+00:00,train,1666.7400828628356,998.5122326980312,1665.252315560867
2024-12-31 04:00:00+00:00,train,1666.7400828628356,997.9974298919861,1664.7375127548216
2024-12-31 08:00:00+00:00,train,1668.657986987294,997.4826270859412,1666.1406140732352
2024-12-31 12:00:00+00:00,train,1670.5758911117523,997.4826270859412,1668.0585181976935
2024-12-31 16:00:00+00:00,train,1670.5758911117523,997.4826270859412,1668.0585181976935
2024-12-31 20:00:00+00:00,train,1670.5758911117523,997.4826270859412,1668.0585181976935
2025-01-01 00:00:00+00:00,train,1670.5758911117523,996.4526059637134,1667.0284970754656
2025-01-01 04:00:00+00:00,train,1670.5758911117523,996.4526059637134,1667.0284970754656
2025-01-01 08:00:00+00:00,train,1671.3320103192987,995.4925915588269,1666.8246018781256
2025-01-01 12:00:00+00:00,train,1672.0881295268448,995.4925915588269,1667.580721085672
2025-01-01 16:00:00+00:00,train,1672.8442487343912,995.4925915588269,1668.3368402932183
2025-01-01 20:00:00+00:00,train,1673.6003679419373,995.4925915588269,1669.0929595007642
2025-01-02 00:00:00+00:00,train,1674.3564871494837,995.4925915588269,1669.8490787083106
2025-01-02 04:00:00+00:00,train,1674.3564871494837,995.4925915588269,1669.8490787083106
2025-01-02 08:00:00+00:00,train,1674.3564871494837,995.4925915588269,1669.8490787083106
2025-01-02 12:00:00+00:00,train,1674.9175883863284,995.4925915588269,1670.4101799451555
2025-01-02 16:00:00+00:00,train,1675.478689623173,995.4925915588269,1670.971281182
2025-01-02 20:00:00+00:00,train,1676.0397908600178,995.4925915588269,1671.5323824188445
2025-01-03 00:00:00+00:00,train,1676.6008920968625,995.4925915588269,1672.0934836556894
2025-01-03 04:00:00+00:00,train,1677.1619933337072,995.4925915588269,1672.6545848925343
2025-01-03 08:00:00+00:00,train,1677.723094570552,995.4925915588269,1673.2156861293788
2025-01-03 12:00:00+00:00,train,1677.723094570552,995.4925915588269,1673.2156861293788
2025-01-03 16:00:00+00:00,train,1677.723094570552,995.4925915588269,1673.2156861293788
2025-01-03 20:00:00+00:00,train,1677.723094570552,995.4925915588269,1673.2156861293788
2025-01-04 00:00:00+00:00,train,1677.501347506629,995.4925915588269,1672.9939390654558
2025-01-04 04:00:00+00:00,train,1677.2796004427057,995.4925915588269,1672.7721920015329
2025-01-04 08:00:00+00:00,train,1677.0578533787827,995.4925915588269,1672.5504449376094
2025-01-04 12:00:00+00:00,train,1676.8361063148595,995.4925915588269,1672.3286978736865
2025-01-04 16:00:00+00:00,train,1676.6143592509366,995.4925915588269,1672.1069508097635
2025-01-04 20:00:00+00:00,train,1676.3926121870136,995.4925915588269,1671.8852037458405
2025-01-05 00:00:00+00:00,train,1676.1708651230904,995.4925915588269,1671.6634566819175
2025-01-05 04:00:00+00:00,train,1675.9491180591674,995.4925915588269,1671.441709617994
2025-01-05 08:00:00+00:00,train,1675.7273709952442,995.4925915588269,1671.2199625540711
2025-01-05 12:00:00+00:00,train,1675.5056239313212,995.4925915588269,1670.9982154901481
2025-01-05 16:00:00+00:00,train,1675.5056239313212,995.4925915588269,1670.9982154901481
2025-01-05 20:00:00+00:00,train,1675.5056239313212,995.4925915588269,1670.9982154901481
2025-01-06 00:00:00+00:00,train,1676.114566506293,995.4925915588269,1671.6071580651196
2025-01-06 04:00:00+00:00,train,1676.7235090812649,995.4925915588269,1672.216100640092
2025-01-06 08:00:00+00:00,train,1677.3324516562366,995.4925915588269,1672.8250432150635
2025-01-06 12:00:00+00:00,train,1677.9413942312085,995.4925915588269,1673.4339857900354
2025-01-06 16:00:00+00:00,train,1677.9413942312085,995.4925915588269,1673.4339857900354
2025-01-06 20:00:00+00:00,train,1677.9413942312085,995.4925915588269,1673.4339857900354
2025-01-07 00:00:00+00:00,train,1677.9413942312085,995.4925915588269,1673.4339857900354
2025-01-07 04:00:00+00:00,train,1677.9413942312085,995.4925915588269,1673.4339857900354
2025-01-07 08:00:00+00:00,train,1677.9413942312085,995.4925915588269,1673.4339857900354
2025-01-07 12:00:00+00:00,train,1677.9413942312085,995.4925915588269,1673.4339857900354
2025-01-07 16:00:00+00:00,train,1677.9413942312085,995.4925915588269,1673.4339857900354
2025-01-07 20:00:00+00:00,train,1677.9413942312085,995.4925915588269,1673.4339857900354
2025-01-08 00:00:00+00:00,train,1677.9413942312085,995.4925915588269,1673.4339857900354
2025-01-08 04:00:00+00:00,train,1677.9413942312085,995.4925915588269,1673.4339857900354
2025-01-08 08:00:00+00:00,train,1677.9413942312085,995.4925915588269,1673.4339857900354
2025-01-08 12:00:00+00:00,train,1677.9413942312085,995.4925915588269,1673.4339857900354
2025-01-08 16:00:00+00:00,train,1677.9413942312085,995.4925915588269,1673.4339857900354
2025-01-08 20:00:00+00:00,train,1677.9413942312085,995.4925915588269,1673.4339857900354
2025-01-09 00:00:00+00:00,train,1677.9413942312085,995.4925915588269,1673.4339857900354
2025-01-09 04:00:00+00:00,train,1677.9413942312085,997.061683164753,1675.0030773959616
2025-01-09 08:00:00+00:00,train,1677.9413942312085,998.6307747706793,1676.5721690018877
2025-01-09 12:00:00+00:00,train,1677.9413942312085,1000.1998663766054,1678.1412606078138
2025-01-09 16:00:00+00:00,train,1677.9413942312085,1000.1998663766054,1678.1412606078138
2025-01-09 20:00:00+00:00,train,1677.9413942312085,1000.1998663766054,1678.1412606078138
2025-01-10 00:00:00+00:00,train,1677.9413942312085,999.1342934255184,1677.075687656727
2025-01-10 04:00:00+00:00,train,1677.9413942312085,999.1342934255184,1677.075687656727
2025-01-10 08:00:00+00:00,train,1677.9413942312085,999.1342934255184,1677.075687656727
2025-01-10 12:00:00+00:00,train,1675.3144485190821,999.347145192392,1674.6615937114739
2025-01-10 16:00:00+00:00,train,1675.3144485190821,999.5599969592654,1674.8744454783473
2025-01-10 20:00:00+00:00,train,1675.3144485190821,999.7728487261389,1675.0872972452212
2025-01-11 00:00:00+00:00,train,1674.3448512424209,999.9857004930125,1674.3305517354333
2025-01-11 04:00:00+00:00,train,1673.3752539657594,1000.198552259886,1673.5738062256455
2025-01-11 08:00:00+00:00,train,1672.4056566890981,1000.4114040267594,1672.8170607158577
2025-01-11 12:00:00+00:00,train,1672.4056566890981,1000.624255793633,1673.029912482731
2025-01-11 16:00:00+00:00,train,1672.4056566890981,1000.8371075605065,1673.2427642496045
2025-01-11 20:00:00+00:00,train,1672.4056566890981,1001.0499593273801,1673.4556160164784
2025-01-12 00:00:00+00:00,train,1672.4056566890981,1001.2628110942535,1673.6684677833518
2025-01-12 04:00:00+00:00,train,1672.4056566890981,1001.475662861127,1673.8813195502253
2025-01-12 08:00:00+00:00,train,1672.4056566890981,1001.6885146280006,1674.0941713170987
2025-01-12 12:00:00+00:00,train,1672.1576821219815,1001.6885146280006,1673.846196749982
2025-01-12 16:00:00+00:00,train,1671.9097075548648,1001.6885146280006,1673.5982221828654
2025-01-12 20:00:00+00:00,train,1671.661732987748,1001.6885146280006,1673.3502476157487
2025-01-13 00:00:00+00:00,train,1671.4137584206314,1000.8770903852425,1672.2908488058738
2025-01-13 04:00:00+00:00,train,1671.4137584206314,1000.8770903852425,1672.2908488058738
2025-01-13 08:00:00+00:00,train,1671.4137584206314,1000.8770903852425,1672.2908488058738
2025-01-13 12:00:00+00:00,train,1668.7988799451246,1005.3685978595497,1674.1674778046745
2025-01-13 16:00:00+00:00,train,1668.7988799451246,1005.3685978595497,1674.1674778046745
2025-01-13 20:00:00+00:00,train,1668.7988799451246,1004.286356596031,1673.0852365411556
2025-01-14 00:00:00+00:00,train,1670.8536826526645,1004.286356596031,1675.1400392486958
2025-01-14 04:00:00+00:00,train,1672.9084853602044,1004.286356596031,1677.1948419562355
2025-01-14 08:00:00+00:00,train,1672.9084853602044,1004.286356596031,1677.1948419562355
2025-01-14 12:00:00+00:00,train,1672.9084853602044,1004.286356596031,1677.1948419562355
2025-01-14 16:00:00+00:00,train,1673.5331345239847,1004.286356596031,1677.8194911200158
2025-01-14 20:00:00+00:00,train,1674.1577836877652,1004.286356596031,1678.4441402837965
2025-01-15 00:00:00+00:00,train,1674.7824328515455,1004.286356596031,1679.0687894475768
2025-01-15 04:00:00+00:00,train,1675.407082015326,1004.286356596031,1679.6934386113571
2025-01-15 08:00:00+00:00,train,1676.0317311791064,1004.286356596031,1680.3180877751374
2025-01-15 12:00:00+00:00,train,1676.656380342887,1004.286356596031,1680.9427369389177
2025-01-15 16:00:00+00:00,train,1676.656380342887,1004.286356596031,1680.9427369389177
2025-01-15 20:00:00+00:00,train,1676.656380342887,1004.286356596031,1680.9427369389177
2025-01-16 00:00:00+00:00,train,1676.1359761675274,1004.286356596031,1680.4223327635582
2025-01-16 04:00:00+00:00,train,1675.6155719921678,1004.286356596031,1679.9019285881986
2025-01-16 08:00:00+00:00,train,1675.0951678168083,1004.286356596031,1679.381524412839
2025-01-16 12:00:00+00:00,train,1675.0951678168083,1004.286356596031,1679.381524412839
2025-01-16 16:00:00+00:00,train,1675.0951678168083,1004.286356596031,1679.381524412839
2025-01-16 20:00:00+00:00,train,1676.107293420632,1004.286356596031,1680.3936500166628
2025-01-17 00:00:00+00:00,train,1677.1194190244557,1004.286356596031,1681.4057756204866
2025-01-17 04:00:00+00:00,train,1678.1315446282795,1004.286356596031,1682.4179012243103
2025-01-17 08:00:00+00:00,train,1679.143670232103,1004.286356596031,1683.430026828134
2025-01-17 12:00:00+00:00,train,1679.143670232103,1004.286356596031,1683.430026828134
2025-01-17 16:00:00+00:00,train,1679.143670232103,1004.286356596031,1683.430026828134
2025-01-17 20:00:00+00:00,train,1681.0462098593434,1004.286356596031,1685.3325664553745
2025-01-18 00:00:00+00:00,train,1682.9487494865841,1004.286356596031,1687.235106082615
2025-01-18 04:00:00+00:00,train,1682.9487494865841,1004.286356596031,1687.235106082615
2025-01-18 08:00:00+00:00,train,1682.9487494865841,1004.286356596031,1687.235106082615
2025-01-18 12:00:00+00:00,train,1682.9487494865841,1004.286356596031,1687.235106082615
2025-01-18 16:00:00+00:00,train,1682.9487494865841,1004.286356596031,1687.235106082615
2025-01-18 20:00:00+00:00,train,1682.9487494865841,1004.286356596031,1687.235106082615
2025-01-19 00:00:00+00:00,train,1682.9487494865841,1004.286356596031,1687.235106082615
2025-01-19 04:00:00+00:00,train,1682.9487494865841,1004.286356596031,1687.235106082615
2025-01-19 08:00:00+00:00,train,1682.9487494865841,1004.286356596031,1687.235106082615
2025-01-19 12:00:00+00:00,train,1682.9487494865841,1004.286356596031,1687.235106082615
2025-01-19 16:00:00+00:00,train,1682.9487494865841,1004.286356596031,1687.235106082615
2025-01-19 20:00:00+00:00,train,1682.9487494865841,1004.286356596031,1687.235106082615
2025-01-20 00:00:00+00:00,train,1682.9487494865841,1004.286356596031,1687.235106082615
2025-01-20 04:00:00+00:00,train,1682.9487494865841,1004.286356596031,1687.235106082615
2025-01-20 08:00:00+00:00,train,1682.9487494865841,1004.286356596031,1687.235106082615
2025-01-20 12:00:00+00:00,train,1682.9487494865841,1004.286356596031,1687.235106082615
2025-01-20 16:00:00+00:00,train,1682.9487494865841,1004.286356596031,1687.235106082615
2025-01-20 20:00:00+00:00,train,1682.9487494865841,1004.286356596031,1687.235106082615
2025-01-21 00:00:00+00:00,train,1682.9487494865841,1004.286356596031,1687.235106082615
2025-01-21 04:00:00+00:00,train,1682.9487494865841,1004.286356596031,1687.235106082615
2025-01-21 08:00:00+00:00,train,1682.9487494865841,1004.286356596031,1687.235106082615
2025-01-21 12:00:00+00:00,train,1682.9487494865841,1004.286356596031,1687.235106082615
2025-01-21 16:00:00+00:00,train,1682.9487494865841,1004.286356596031,1687.235106082615
2025-01-21 20:00:00+00:00,train,1682.9487494865841,1004.286356596031,1687.235106082615
2025-01-22 00:00:00+00:00,train,1682.9487494865841,1004.286356596031,1687.235106082615
2025-01-22 04:00:00+00:00,train,1682.9487494865841,1004.286356596031,1687.235106082615
2025-01-22 08:00:00+00:00,train,1682.9487494865841,1004.286356596031,1687.235106082615
2025-01-22 12:00:00+00:00,train,1682.9487494865841,1004.286356596031,1687.235106082615
2025-01-22 16:00:00+00:00,train,1682.9487494865841,1004.286356596031,1687.235106082615
2025-01-22 20:00:00+00:00,train,1682.9487494865841,1004.286356596031,1687.235106082615
2025-01-23 00:00:00+00:00,train,1682.9487494865841,1004.286356596031,1687.235106082615
2025-01-23 04:00:00+00:00,train,1682.9487494865841,1004.286356596031,1687.235106082615
2025-01-23 08:00:00+00:00,train,1682.9487494865841,1004.286356596031,1687.235106082615
2025-01-23 12:00:00+00:00,train,1682.9487494865841,1004.286356596031,1687.235106082615
2025-01-23 16:00:00+00:00,train,1682.9487494865841,1004.286356596031,1687.235106082615
2025-01-23 20:00:00+00:00,train,1682.9487494865841,1004.286356596031,1687.235106082615
2025-01-24 00:00:00+00:00,train,1682.9487494865841,1004.286356596031,1687.235106082615
2025-01-24 04:00:00+00:00,train,1682.9487494865841,1004.286356596031,1687.235106082615
2025-01-24 08:00:00+00:00,train,1682.9487494865841,1004.286356596031,1687.235106082615
2025-01-24 12:00:00+00:00,train,1682.9487494865841,1004.286356596031,1687.235106082615
2025-01-24 16:00:00+00:00,train,1682.9487494865841,1004.286356596031,1687.235106082615
2025-01-24 20:00:00+00:00,train,1682.9487494865841,1004.286356596031,1687.235106082615
2025-01-25 00:00:00+00:00,train,1682.9487494865841,1004.286356596031,1687.235106082615
2025-01-25 04:00:00+00:00,train,1682.9487494865841,1004.286356596031,1687.235106082615
2025-01-25 08:00:00+00:00,train,1682.9487494865841,1004.286356596031,1687.235106082615
2025-01-25 12:00:00+00:00,train,1682.9487494865841,1004.286356596031,1687.235106082615
2025-01-25 16:00:00+00:00,train,1682.9487494865841,1004.286356596031,1687.235106082615
2025-01-25 20:00:00+00:00,train,1682.9487494865841,1004.286356596031,1687.235106082615
2025-01-26 00:00:00+00:00,train,1682.9487494865841,1004.286356596031,1687.235106082615
2025-01-26 04:00:00+00:00,train,1682.9487494865841,1004.286356596031,1687.235106082615
2025-01-26 08:00:00+00:00,train,1682.9487494865841,1004.286356596031,1687.235106082615
2025-01-26 12:00:00+00:00,train,1682.9487494865841,1004.286356596031,1687.235106082615
2025-01-26 16:00:00+00:00,train,1682.9487494865841,1004.286356596031,1687.235106082615
2025-01-26 20:00:00+00:00,train,1682.9487494865841,1004.286356596031,1687.235106082615
2025-01-27 00:00:00+00:00,train,1682.9487494865841,1004.286356596031,1687.235106082615
2025-01-27 04:00:00+00:00,train,1682.9487494865841,1004.286356596031,1687.235106082615
2025-01-27 08:00:00+00:00,train,1682.9487494865841,1004.286356596031,1687.235106082615
2025-01-27 12:00:00+00:00,train,1682.9487494865841,1004.286356596031,1687.235106082615
2025-01-27 16:00:00+00:00,train,1682.9487494865841,1004.286356596031,1687.235106082615
2025-01-27 20:00:00+00:00,train,1682.9487494865841,1004.286356596031,1687.235106082615
2025-01-28 00:00:00+00:00,train,1682.9487494865841,1004.286356596031,1687.235106082615
2025-01-28 04:00:00+00:00,train,1682.9487494865841,1004.286356596031,1687.235106082615
2025-01-28 08:00:00+00:00,train,1682.9487494865841,1004.286356596031,1687.235106082615
2025-01-28 12:00:00+00:00,train,1682.9487494865841,1004.1572610747239,1687.1060105613078
2025-01-28 16:00:00+00:00,train,1682.9487494865841,1004.0281655534168,1686.9769150400007
2025-01-28 20:00:00+00:00,train,1682.9487494865841,1003.8990700321098,1686.847819518694
2025-01-29 00:00:00+00:00,train,1682.9487494865841,1003.7699745108026,1686.7187239973869
2025-01-29 04:00:00+00:00,train,1682.9487494865841,1003.6408789894955,1686.5896284760797
2025-01-29 08:00:00+00:00,train,1682.9487494865841,1003.5117834681884,1686.4605329547726
2025-01-29 12:00:00+00:00,train,1682.9487494865841,1003.3826879468813,1686.3314374334655
2025-01-29 16:00:00+00:00,train,1682.9487494865841,1003.2535924255742,1686.2023419121583
2025-01-29 20:00:00+00:00,train,1682.5786176930346,1003.1244969042671,1685.7031145973015
2025-01-30 00:00:00+00:00,train,1682.2084858994854,1002.9954013829599,1685.203887282445
2025-01-30 04:00:00+00:00,train,1682.2084858994854,1002.8663058616529,1685.0747917611384
2025-01-30 08:00:00+00:00,train,1682.2084858994854,1002.8663058616529,1685.0747917611384
2025-01-30 12:00:00+00:00,train,1682.2084858994854,1002.8663058616529,1685.0747917611384
2025-01-30 16:00:00+00:00,train,1682.2084858994854,1002.8663058616529,1685.0747917611384
2025-01-30 20:00:00+00:00,train,1682.2084858994854,1002.8663058616529,1685.0747917611384
2025-01-31 00:00:00+00:00,train,1682.2084858994854,1002.8663058616529,1685.0747917611384
2025-01-31 04:00:00+00:00,train,1681.4083533097019,1002.8663058616529,1684.2746591713549
2025-01-31 08:00:00+00:00,train,1680.6082207199183,1001.7053678451705,1682.313588565089
2025-01-31 12:00:00+00:00,train,1679.8080881301348,1001.7053678451705,1681.513455975305
2025-01-31 16:00:00+00:00,train,1679.0079555403513,1001.7053678451705,1680.713323385522
2025-01-31 20:00:00+00:00,train,1679.0079555403513,1001.7053678451705,1680.713323385522
2025-02-01 00:00:00+00:00,train,1679.0079555403513,1000.555347408338,1679.5633029486894
2025-02-01 04:00:00+00:00,train,1679.0079555403513,1000.555347408338,1679.5633029486894
2025-02-01 08:00:00+00:00,train,1679.0079555403513,1000.555347408338,1679.5633029486894
2025-02-01 12:00:00+00:00,train,1679.0079555403513,1002.3183207210345,1681.3262762613858
2025-02-01 16:00:00+00:00,train,1679.0079555403513,1004.081294033731,1683.0892495740823
2025-02-01 20:00:00+00:00,train,1679.0079555403513,1005.8442673464275,1684.8522228867787
2025-02-02 00:00:00+00:00,train,1679.0079555403513,1005.8442673464275,1684.8522228867787
2025-02-02 04:00:00+00:00,train,1679.0079555403513,1005.8442673464275,1684.8522228867787
2025-02-02 08:00:00+00:00,train,1678.7583814409788,1004.6342275948948,1683.3926090358736
2025-02-02 12:00:00+00:00,train,1678.5088073416064,1004.6342275948948,1683.143034936501
2025-02-02 16:00:00+00:00,train,1678.2592332422337,1010.8970195492001,1689.1562527914339
2025-02-02 20:00:00+00:00,train,1678.2592332422337,1010.8970195492001,1689.1562527914339
2025-02-03 00:00:00+00:00,train,1678.2592332422337,1018.6639894811713,1696.9232227234052
2025-02-03 04:00:00+00:00,train,1678.2592332422337,1018.6639894811713,1696.9232227234052
2025-02-03 08:00:00+00:00,train,1678.2592332422337,1018.6639894811713,1696.9232227234052
2025-02-03 12:00:00+00:00,train,1678.2592332422337,1016.898262247494,1695.1574954897278
2025-02-03 16:00:00+00:00,train,1678.2592332422337,1016.898262247494,1695.1574954897278
2025-02-03 20:00:00+00:00,train,1678.2592332422337,1016.898262247494,1695.1574954897278
2025-02-04 00:00:00+00:00,train,1678.2592332422337,1016.898262247494,1695.1574954897278
2025-02-04 04:00:00+00:00,train,1678.2592332422337,1016.898262247494,1695.1574954897278
2025-02-04 08:00:00+00:00,train,1678.2592332422337,1015.0465498680231,1693.305783110257
2025-02-04 12:00:00+00:00,train,1678.2592332422337,1015.0465498680231,1693.305783110257
2025-02-04 16:00:00+00:00,train,1678.2592332422337,1015.0465498680231,1693.305783110257
2025-02-04 20:00:00+00:00,train,1678.2592332422337,1015.0465498680231,1693.305783110257
2025-02-05 00:00:00+00:00,train,1678.2592332422337,1015.0465498680231,1693.305783110257
2025-02-05 04:00:00+00:00,train,1678.2592332422337,1015.0465498680231,1693.305783110257
2025-02-05 08:00:00+00:00,train,1678.2592332422337,1015.0465498680231,1693.305783110257
2025-02-05 12:00:00+00:00,train,1678.2592332422337,1015.3076104593083,1693.566843701542
2025-02-05 16:00:00+00:00,train,1678.2592332422337,1015.5686710505934,1693.827904292827
2025-02-05 20:00:00+00:00,train,1678.2592332422337,1015.8297316418785,1694.088964884112
2025-02-06 00:00:00+00:00,train,1678.2592332422337,1016.0907922331636,1694.3500254753972
2025-02-06 04:00:00+00:00,train,1678.2592332422337,1016.3518528244488,1694.6110860666822
2025-02-06 08:00:00+00:00,train,1678.2592332422337,1016.6129134157339,1694.8721466579677
2025-02-06 12:00:00+00:00,train,1678.2592332422337,1016.873974007019,1695.1332072492528
2025-02-06 16:00:00+00:00,train,1678.2592332422337,1017.1350345983042,1695.3942678405379
2025-02-06 20:00:00+00:00,train,1678.2592332422337,1017.3960951895892,1695.655328431823
2025-02-07 00:00:00+00:00,train,1678.2592332422337,1017.6571557808744,1695.916389023108
2025-02-07 04:00:00+00:00,train,1678.2592332422337,1017.9182163721596,1696.1774496143935
2025-02-07 08:00:00+00:00,train,1678.1217787534126,1018.1792769634446,1696.3010557168573
2025-02-07 12:00:00+00:00,train,1677.9843242645916,1018.1792769634446,1696.163601228036
2025-02-07 16:00:00+00:00,train,1677.8468697757705,1018.1792769634446,1696.0261467392152
2025-02-07 20:00:00+00:00,train,1677.7094152869495,1017.9819809038876,1695.6913961908372
2025-02-08 00:00:00+00:00,train,1677.7094152869495,1017.7846848443305,1695.49410013128
2025-02-08 04:00:00+00:00,train,1677.7094152869495,1017.5873887847735,1695.2968040717228
2025-02-08 08:00:00+00:00,train,1678.7443984318193,1017.3900927252164,1696.1344911570359
2025-02-08 12:00:00+00:00,train,1679.779381576689,1017.1927966656593,1696.9721782423485
2025-02-08 16:00:00+00:00,train,1680.8143647215588,1016.9955006061023,1697.809865327661
2025-02-08 20:00:00+00:00,train,1681.8493478664286,1016.7982045465451,1698.6475524129737
2025-02-09 00:00:00+00:00,train,1682.8843310112984,1016.7982045465451,1699.6825355578435
2025-02-09 04:00:00+00:00,train,1682.8843310112984,1016.7982045465451,1699.6825355578435
2025-02-09 08:00:00+00:00,train,1682.8843310112984,1016.7982045465451,1699.6825355578435
2025-02-09 12:00:00+00:00,train,1682.8843310112984,1016.7982045465451,1699.6825355578435
2025-02-09 16:00:00+00:00,train,1682.8843310112984,1016.7982045465451,1699.6825355578435
2025-02-09 20:00:00+00:00,train,1682.8843310112984,1016.7982045465451,1699.6825355578435
2025-02-10 00:00:00+00:00,train,1682.8843310112984,1015.6992389198706,1698.5835699311692
2025-02-10 04:00:00+00:00,train,1682.8843310112984,1015.6992389198706,1698.5835699311692
2025-02-10 08:00:00+00:00,train,1682.8843310112984,1015.6992389198706,1698.5835699311692
2025-02-10 12:00:00+00:00,train,1682.8843310112984,1015.6992389198706,1698.5835699311692
2025-02-10 16:00:00+00:00,train,1682.8843310112984,1015.6992389198706,1698.5835699311692
2025-02-10 20:00:00+00:00,train,1682.8843310112984,1015.6992389198706,1698.5835699311692
2025-02-11 00:00:00+00:00,train,1682.488563594428,1014.6292880490515,1697.1178516434793
2025-02-11 04:00:00+00:00,train,1682.0927961775574,1014.6292880490515,1696.7220842266088
2025-02-11 08:00:00+00:00,train,1681.6970287606866,1014.6292880490515,1696.3263168097383
2025-02-11 12:00:00+00:00,train,1681.3012613438161,1014.6292880490515,1695.9305493928678
2025-02-11 16:00:00+00:00,train,1680.9054939269456,1014.6292880490515,1695.5347819759972
2025-02-11 20:00:00+00:00,train,1680.9054939269456,1015.6980928080977,1696.6035867350433
2025-02-12 00:00:00+00:00,train,1680.9054939269456,1016.7668975671439,1697.6723914940894
2025-02-12 04:00:00+00:00,train,1680.9054939269456,1017.8357023261902,1698.741196253136
2025-02-12 08:00:00+00:00,train,1680.9054939269456,1018.9045070852364,1699.810001012182
2025-02-12 12:00:00+00:00,train,1680.9054939269456,1019.9733118442826,1700.8788057712281
2025-02-12 16:00:00+00:00,train,1680.9054939269456,1019.9733118442826,1700.8788057712281
2025-02-12 20:00:00+00:00,train,1680.9054939269456,1019.9733118442826,1700.8788057712281
2025-02-13 00:00:00+00:00,train,1680.9054939269456,1019.9733118442826,1700.8788057712281
2025-02-13 04:00:00+00:00,train,1680.9054939269456,1019.9733118442826,1700.8788057712281
2025-02-13 08:00:00+00:00,train,1680.9054939269456,1019.9733118442826,1700.8788057712281
2025-02-13 12:00:00+00:00,train,1680.9054939269456,1019.6183335542613,1700.5238274812068
2025-02-13 16:00:00+00:00,train,1680.9054939269456,1019.26335526424,1700.1688491911855
2025-02-13 20:00:00+00:00,train,1680.9054939269456,1018.9083769742185,1699.8138709011641
2025-02-14 00:00:00+00:00,train,1682.1741159097335,1018.9083769742185,1701.082492883952
2025-02-14 04:00:00+00:00,train,1683.442737892521,1018.9083769742185,1702.3511148667394
2025-02-14 08:00:00+00:00,train,1684.711359875309,1018.9083769742185,1703.6197368495277
2025-02-14 12:00:00+00:00,train,1684.711359875309,1018.9083769742185,1703.6197368495277
2025-02-14 16:00:00+00:00,train,1684.711359875309,1018.9083769742185,1703.6197368495277
2025-02-14 20:00:00+00:00,train,1684.711359875309,1018.9083769742185,1703.6197368495277
2025-02-15 00:00:00+00:00,train,1684.711359875309,1018.9083769742185,1703.6197368495277
2025-02-15 04:00:00+00:00,train,1684.711359875309,1018.9083769742185,1703.6197368495277
2025-02-15 08:00:00+00:00,train,1684.711359875309,1018.9083769742185,1703.6197368495277
2025-02-15 12:00:00+00:00,train,1684.711359875309,1019.4203171308724,1704.1316770061812
2025-02-15 16:00:00+00:00,train,1684.711359875309,1019.9322572875261,1704.6436171628352
2025-02-15 20:00:00+00:00,train,1684.711359875309,1020.44419744418,1705.1555573194892
2025-02-16 00:00:00+00:00,train,1684.711359875309,1020.9561376008338,1705.6674974761427
2025-02-16 04:00:00+00:00,train,1684.711359875309,1021.4680777574875,1706.1794376327966
2025-02-16 08:00:00+00:00,train,1684.711359875309,1021.9800179141414,1706.6913777894506
2025-02-16 12:00:00+00:00,train,1684.711359875309,1022.4919580707952,1707.203317946104
2025-02-16 16:00:00+00:00,train,1684.711359875309,1023.003898227449,1707.715258102758
2025-02-16 20:00:00+00:00,train,1684.711359875309,1023.5158383841028,1708.227198259412
2025-02-17 00:00:00+00:00,train,1684.711359875309,1023.5158383841028,1708.227198259412
2025-02-17 04:00:00+00:00,train,1684.711359875309,1023.5158383841028,1708.227198259412
2025-02-17 08:00:00+00:00,train,1684.711359875309,1024.8664803032525,1709.5778401785615
2025-02-17 12:00:00+00:00,train,1684.711359875309,1026.2171222224022,1710.928482097711
2025-02-17 16:00:00+00:00,train,1684.711359875309,1027.5677641415518,1712.2791240168608
2025-02-17 20:00:00+00:00,train,1684.711359875309,1027.5677641415518,1712.2791240168608
2025-02-18 00:00:00+00:00,train,1684.711359875309,1027.5677641415518,1712.2791240168608
2025-02-18 04:00:00+00:00,train,1684.711359875309,1032.4831403273865,1717.1945002026955
2025-02-18 08:00:00+00:00,train,1684.711359875309,1032.4831403273865,1717.1945002026955
2025-02-18 12:00:00+00:00,train,1684.711359875309,1031.2892972774303,1716.0006571527392
2025-02-18 16:00:00+00:00,train,1684.711359875309,1031.2892972774303,1716.0006571527392
2025-02-18 20:00:00+00:00,train,1684.711359875309,1030.0311972326697,1714.7425571079784
2025-02-19 00:00:00+00:00,train,1684.711359875309,1030.0311972326697,1714.7425571079784
2025-02-19 04:00:00+00:00,train,1684.711359875309,1028.8020702137508,1713.5134300890595
2025-02-19 08:00:00+00:00,train,1684.711359875309,1028.8020702137508,1713.5134300890595
2025-02-19 12:00:00+00:00,train,1684.711359875309,1028.8020702137508,1713.5134300890595
2025-02-19 16:00:00+00:00,train,1684.711359875309,1028.6015470297034,1713.3129069050124
2025-02-19 20:00:00+00:00,train,1684.711359875309,1028.401023845656,1713.1123837209652
2025-02-20 00:00:00+00:00,train,1685.2435039344027,1028.2005006616084,1713.444004596011
2025-02-20 04:00:00+00:00,train,1685.7756479934962,1027.999977477561,1713.7756254710575
2025-02-20 08:00:00+00:00,train,1686.30779205259,1027.7994542935137,1714.1072463461037
2025-02-20 12:00:00+00:00,train,1686.8399361116835,1027.5989311094663,1714.4388672211498
2025-02-20 16:00:00+00:00,train,1687.3720801707773,1027.5989311094663,1714.9710112802436
2025-02-20 20:00:00+00:00,train,1687.904224229871,1027.5989311094663,1715.5031553393374
2025-02-21 00:00:00+00:00,train,1688.4363682889646,1027.5989311094663,1716.0352993984307
2025-02-21 04:00:00+00:00,train,1688.9685123480583,1026.509911832731,1715.4784241807893
2025-02-21 08:00:00+00:00,train,1689.5006564071518,1026.509911832731,1716.0105682398826
2025-02-21 12:00:00+00:00,train,1689.5006564071518,1026.509911832731,1716.0105682398826
2025-02-21 16:00:00+00:00,train,1689.5006564071518,1025.3656577726795,1714.8663141798315
2025-02-21 20:00:00+00:00,train,1689.5006564071518,1025.3656577726795,1714.8663141798315
2025-02-22 00:00:00+00:00,train,1689.3923813998263,1024.1996028255712,1713.5919842253975
2025-02-22 04:00:00+00:00,train,1689.2841063925007,1024.1996028255712,1713.483709218072
2025-02-22 08:00:00+00:00,train,1689.1758313851751,1023.0921507707822,1712.2679821559573
2025-02-22 12:00:00+00:00,train,1689.0675563778493,1023.0921507707822,1712.1597071486312
2025-02-22 16:00:00+00:00,train,1688.9592813705237,1023.0921507707822,1712.0514321413057
2025-02-22 20:00:00+00:00,train,1688.8510063631982,1023.0921507707822,1711.94315713398
2025-02-23 00:00:00+00:00,train,1688.7427313558726,1023.8127661201753,1712.555497476048
2025-02-23 04:00:00+00:00,train,1688.634456348547,1024.5333814695684,1713.1678378181155
2025-02-23 08:00:00+00:00,train,1688.5261813412214,1025.2539968189617,1713.780178160183
2025-02-23 12:00:00+00:00,train,1688.4179063338959,1025.9746121683547,1714.3925185022508
2025-02-23 16:00:00+00:00,train,1688.4179063338959,1026.695227517748,1715.1131338516439
2025-02-23 20:00:00+00:00,train,1688.4179063338959,1027.415842867141,1715.8337492010369
2025-02-24 00:00:00+00:00,train,1688.4179063338959,1028.1364582165343,1716.5543645504304
2025-02-24 04:00:00+00:00,train,1688.4179063338959,1028.1364582165343,1716.5543645504304
2025-02-24 08:00:00+00:00,train,1688.4179063338959,1028.1364582165343,1716.5543645504304
2025-02-24 12:00:00+00:00,train,1688.4179063338959,1033.1723131806439,1721.59021951454
2025-02-24 16:00:00+00:00,train,1688.4179063338959,1033.1723131806439,1721.59021951454
2025-02-24 20:00:00+00:00,train,1688.4179063338959,1031.9470761367877,1720.3649824706836
2025-02-25 00:00:00+00:00,train,1688.4179063338959,1031.9470761367877,1720.3649824706836
2025-02-25 04:00:00+00:00,train,1688.4179063338959,1030.4376784640024,1718.8555847978982
2025-02-25 08:00:00+00:00,train,1688.4179063338959,1030.4376784640024,1718.8555847978982
2025-02-25 12:00:00+00:00,train,1688.4179063338959,1030.4376784640024,1718.8555847978982
2025-02-25 16:00:00+00:00,train,1688.4179063338959,1028.8268822074087,1717.2447885413048
2025-02-25 20:00:00+00:00,train,1688.4179063338959,1028.8268822074087,1717.2447885413048
2025-02-26 00:00:00+00:00,train,1688.4179063338959,1028.8268822074087,1717.2447885413048
2025-02-26 04:00:00+00:00,train,1688.4179063338959,1030.9185747581905,1719.3364810920866
2025-02-26 08:00:00+00:00,train,1688.4179063338959,1033.010267308972,1721.428173642868
2025-02-26 12:00:00+00:00,train,1688.4179063338959,1035.1019598597538,1723.5198661936497
2025-02-26 16:00:00+00:00,train,1688.4179063338959,1037.1936524105356,1725.6115587444315
2025-02-26 20:00:00+00:00,train,1688.4179063338959,1037.1936524105356,1725.6115587444315
2025-02-27 00:00:00+00:00,train,1688.4179063338959,1037.1936524105356,1725.6115587444315
2025-02-27 04:00:00+00:00,train,1688.4179063338959,1037.1936524105356,1725.6115587444315
2025-02-27 08:00:00+00:00,train,1688.4179063338959,1037.1936524105356,1725.6115587444315
2025-02-27 12:00:00+00:00,train,1688.4179063338959,1039.2696702220194,1727.6875765559153
2025-02-27 16:00:00+00:00,train,1688.4179063338959,1041.3456880335032,1729.763594367399
2025-02-27 20:00:00+00:00,train,1688.4179063338959,1043.421705844987,1731.8396121788828
2025-02-28 00:00:00+00:00,train,1688.4179063338959,1045.4977236564707,1733.9156299903666
2025-02-28 04:00:00+00:00,train,1688.4179063338959,1045.4977236564707,1733.9156299903666
2025-02-28 08:00:00+00:00,train,1688.4179063338959,1045.4977236564707,1733.9156299903666
2025-02-28 12:00:00+00:00,train,1688.4179063338959,1043.8800795676575,1732.2979859015531
2025-02-28 16:00:00+00:00,train,1688.4179063338959,1043.8800795676575,1732.2979859015531
2025-02-28 20:00:00+00:00,train,1688.4179063338959,1043.8800795676575,1732.2979859015531
2025-03-01 00:00:00+00:00,train,1688.4179063338959,1043.8800795676575,1732.2979859015531
2025-03-01 04:00:00+00:00,train,1688.4179063338959,1043.8800795676575,1732.2979859015531
2025-03-01 08:00:00+00:00,train,1688.4179063338959,1043.8800795676575,1732.2979859015531
2025-03-01 12:00:00+00:00,train,1688.4179063338959,1043.8800795676575,1732.2979859015531
2025-03-01 16:00:00+00:00,train,1688.4179063338959,1043.096043016732,1731.5139493506276
2025-03-01 20:00:00+00:00,train,1689.6137976335988,1042.3120064658067,1731.9258040994055
2025-03-02 00:00:00+00:00,train,1690.809688933302,1042.3120064658067,1733.1216953991088
2025-03-02 04:00:00+00:00,train,1692.0055802330048,1042.3120064658067,1734.3175866988113
2025-03-02 08:00:00+00:00,train,1693.201471532708,1042.3120064658067,1735.5134779985146
2025-03-02 12:00:00+00:00,train,1694.3973628324109,1042.3120064658067,1736.7093692982176
2025-03-02 16:00:00+00:00,train,1694.3973628324109,1042.3120064658067,1736.7093692982176
2025-03-02 20:00:00+00:00,train,1694.3973628324109,1042.3120064658067,1736.7093692982176
2025-03-03 00:00:00+00:00,train,1694.3973628324109,1042.3120064658067,1736.7093692982176
2025-03-03 04:00:00+00:00,train,1694.3973628324109,1042.3120064658067,1736.7093692982176
2025-03-03 08:00:00+00:00,train,1694.3973628324109,1042.3120064658067,1736.7093692982176
2025-03-03 12:00:00+00:00,train,1694.3973628324109,1042.3120064658067,1736.7093692982176
2025-03-03 16:00:00+00:00,train,1694.3973628324109,1042.3120064658067,1736.7093692982176
2025-03-03 20:00:00+00:00,train,1694.3973628324109,1042.3120064658067,1736.7093692982176
2025-03-04 00:00:00+00:00,train,1694.3973628324109,1039.9949417825744,1734.3923046149853
2025-03-04 04:00:00+00:00,train,1694.3973628324109,1039.9949417825744,1734.3923046149853
2025-03-04 08:00:00+00:00,train,1694.3973628324109,1039.9949417825744,1734.3923046149853
2025-03-04 12:00:00+00:00,train,1694.3973628324109,1037.662503772013,1732.0598666044239
2025-03-04 16:00:00+00:00,train,1694.3973628324109,1037.662503772013,1732.0598666044239
2025-03-04 20:00:00+00:00,train,1694.3973628324109,1037.662503772013,1732.0598666044239
2025-03-05 00:00:00+00:00,train,1694.3973628324109,1037.662503772013,1732.0598666044239
2025-03-05 04:00:00+00:00,train,1694.3973628324109,1036.5668354339498,1730.9641982663607
2025-03-05 08:00:00+00:00,train,1694.3973628324109,1035.4711670958866,1729.8685299282974
2025-03-05 12:00:00+00:00,train,1694.3973628324109,1035.4711670958866,1729.8685299282974
2025-03-05 16:00:00+00:00,train,1694.3973628324109,1033.4058946382206,1727.8032574706313
2025-03-05 20:00:00+00:00,train,1694.3973628324109,1033.4058946382206,1727.8032574706313
2025-03-06 00:00:00+00:00,train,1694.3973628324109,1033.4058946382206,1727.8032574706313
2025-03-06 04:00:00+00:00,train,1694.3973628324109,1033.4058946382206,1727.8032574706313
2025-03-06 08:00:00+00:00,train,1694.3973628324109,1033.4058946382206,1727.8032574706313
2025-03-06 12:00:00+00:00,train,1694.3973628324109,1033.4058946382206,1727.8032574706313
2025-03-06 16:00:00+00:00,train,1694.3973628324109,1033.4058946382206,1727.8032574706313
2025-03-06 20:00:00+00:00,train,1694.3973628324109,1033.4058946382206,1727.8032574706313
2025-03-07 00:00:00+00:00,train,1694.3973628324109,1032.811644010466,1727.209006842877
2025-03-07 04:00:00+00:00,train,1694.3973628324109,1032.217393382711,1726.6147562151218
2025-03-07 08:00:00+00:00,train,1694.3973628324109,1031.6231427549562,1726.020505587367
2025-03-07 12:00:00+00:00,train,1694.3973628324109,1031.6231427549562,1726.020505587367
2025-03-07 16:00:00+00:00,train,1694.3973628324109,1029.9633238303845,1724.3606866627952
2025-03-07 20:00:00+00:00,train,1694.3973628324109,1029.9633238303845,1724.3606866627952
2025-03-08 00:00:00+00:00,train,1694.3973628324109,1029.9633238303845,1724.3606866627952
2025-03-08 04:00:00+00:00,train,1694.3973628324109,1030.8575061541753,1725.2548689865862
2025-03-08 08:00:00+00:00,train,1694.3973628324109,1031.7516884779664,1726.1490513103772
2025-03-08 12:00:00+00:00,train,1694.3973628324109,1032.6458708017572,1727.0432336341682
2025-03-08 16:00:00+00:00,train,1694.3973628324109,1033.5400531255482,1727.9374159579593
2025-03-08 20:00:00+00:00,train,1694.3973628324109,1034.434235449339,1728.8315982817498
2025-03-09 00:00:00+00:00,train,1694.3973628324109,1035.32841777313,1729.7257806055409
2025-03-09 04:00:00+00:00,train,1694.3973628324109,1036.2226000969208,1730.6199629293315
2025-03-09 08:00:00+00:00,train,1694.3973628324109,1037.1167824207118,1731.5141452531225
2025-03-09 12:00:00+00:00,train,1694.3973628324109,1038.0109647445026,1732.4083275769135
2025-03-09 16:00:00+00:00,train,1694.3973628324109,1038.9051470682937,1733.3025099007045
2025-03-09 20:00:00+00:00,train,1694.3973628324109,1039.7993293920845,1734.1966922244956
2025-03-10 00:00:00+00:00,train,1694.3973628324109,1039.7993293920845,1734.1966922244956
2025-03-10 04:00:00+00:00,train,1694.3973628324109,1038.2898240322188,1732.6871868646294
2025-03-10 08:00:00+00:00,train,1694.3973628324109,1038.2898240322188,1732.6871868646294
2025-03-10 12:00:00+00:00,train,1694.3973628324109,1038.2898240322188,1732.6871868646294
2025-03-10 16:00:00+00:00,train,1694.3973628324109,1045.84998837086,1740.2473512032711
2025-03-10 20:00:00+00:00,train,1694.3973628324109,1045.84998837086,1740.2473512032711
2025-03-11 00:00:00+00:00,train,1694.3973628324109,1045.84998837086,1740.2473512032711
2025-03-11 04:00:00+00:00,train,1694.3973628324109,1044.1095488035712,1738.5069116359819
2025-03-11 08:00:00+00:00,train,1694.3973628324109,1044.1095488035712,1738.5069116359819
2025-03-11 12:00:00+00:00,train,1694.3973628324109,1044.1095488035712,1738.5069116359819
2025-03-11 16:00:00+00:00,train,1694.3973628324109,1042.5121716081753,1736.909534440586
2025-03-11 20:00:00+00:00,train,1694.3973628324109,1042.5121716081753,1736.909534440586
2025-03-12 00:00:00+00:00,train,1694.3973628324109,1042.5121716081753,1736.909534440586
2025-03-12 04:00:00+00:00,train,1694.3973628324109,1041.9815437693608,1736.3789066017716
2025-03-12 08:00:00+00:00,train,1694.3973628324109,1041.4509159305462,1735.8482787629573
2025-03-12 12:00:00+00:00,train,1700.475671176536,1040.920288091732,1741.3959592682677
2025-03-12 16:00:00+00:00,train,1700.475671176536,1040.920288091732,1741.3959592682677
2025-03-12 20:00:00+00:00,train,1700.475671176536,1039.4006624716626,1739.8763336481989
2025-03-13 00:00:00+00:00,train,1699.8370577897333,1039.4006624716626,1739.2377202613961
2025-03-13 04:00:00+00:00,train,1699.1984444029306,1039.4006624716626,1738.5991068745934
2025-03-13 08:00:00+00:00,train,1698.5598310161279,1037.9640772515338,1736.5239082676617
2025-03-13 12:00:00+00:00,train,1697.921217629325,1037.9640772515338,1735.885294880859
2025-03-13 16:00:00+00:00,train,1697.2826042425222,1037.9640772515338,1735.2466814940562
2025-03-13 20:00:00+00:00,train,1697.2826042425222,1037.6136346682817,1734.8962389108037
2025-03-14 00:00:00+00:00,train,1697.2826042425222,1037.26319208503,1734.5457963275521
2025-03-14 04:00:00+00:00,train,1699.0588079989075,1036.9127495017779,1735.9715575006853
2025-03-14 08:00:00+00:00,train,1700.8350117552925,1036.562306918526,1737.3973186738185
2025-03-14 12:00:00+00:00,train,1702.6112155116778,1036.562306918526,1739.1735224302038
2025-03-14 16:00:00+00:00,train,1702.6112155116778,1036.562306918526,1739.1735224302038
2025-03-14 20:00:00+00:00,train,1702.6112155116778,1036.562306918526,1739.1735224302038
2025-03-15 00:00:00+00:00,train,1702.6112155116778,1036.562306918526,1739.1735224302038
2025-03-15 04:00:00+00:00,train,1702.6112155116778,1036.562306918526,1739.1735224302038
2025-03-15 08:00:00+00:00,train,1702.6112155116778,1036.562306918526,1739.1735224302038
2025-03-15 12:00:00+00:00,train,1702.6112155116778,1036.562306918526,1739.1735224302038
2025-03-15 16:00:00+00:00,train,1702.6112155116778,1036.562306918526,1739.1735224302038
2025-03-15 20:00:00+00:00,train,1702.6112155116778,1036.562306918526,1739.1735224302038
2025-03-16 00:00:00+00:00,train,1702.6112155116778,1036.562306918526,1739.1735224302038
2025-03-16 04:00:00+00:00,train,1702.6112155116778,1036.562306918526,1739.1735224302038
2025-03-16 08:00:00+00:00,train,1702.6112155116778,1036.562306918526,1739.1735224302038
2025-03-16 12:00:00+00:00,train,1702.6112155116778,1036.562306918526,1739.1735224302038
2025-03-16 16:00:00+00:00,train,1702.6112155116778,1035.5053569458553,1738.116572457533
2025-03-16 20:00:00+00:00,train,1700.3435313943396,1035.5053569458553,1735.8488883401951
2025-03-17 00:00:00+00:00,train,1700.3435313943396,1034.4165266312143,1734.760058025554
2025-03-17 04:00:00+00:00,train,1700.3435313943396,1034.4165266312143,1734.760058025554
2025-03-17 08:00:00+00:00,train,1699.773448022411,1034.4165266312143,1734.1899746536255
2025-03-17 12:00:00+00:00,train,1699.2033646504822,1033.891566136105,1733.0949307865872
2025-03-17 16:00:00+00:00,train,1698.6332812785536,1033.3666056409957,1731.9998869195492
2025-03-17 20:00:00+00:00,train,1698.0631979066247,1033.3666056409957,1731.4298035476204
2025-03-18 00:00:00+00:00,train,1697.4931145346961,1033.3666056409957,1730.859720175692
2025-03-18 04:00:00+00:00,train,1697.4931145346961,1033.2384429518033,1730.7315574864997
2025-03-18 08:00:00+00:00,train,1697.4931145346961,1033.110280262611,1730.6033947973074
2025-03-18 12:00:00+00:00,train,1697.4931145346961,1032.9821175734187,1730.475232108115
2025-03-18 16:00:00+00:00,train,1698.2803510461463,1032.8539548842264,1731.1343059303726
2025-03-18 20:00:00+00:00,train,1699.0675875575962,1032.7257921950343,1731.7933797526302
2025-03-19 00:00:00+00:00,train,1699.8548240690463,1032.597629505842,1732.4524535748883
2025-03-19 04:00:00+00:00,train,1700.6420605804965,1032.4694668166496,1733.1115273971463
2025-03-19 08:00:00+00:00,train,1701.4292970919464,1032.3413041274573,1733.770601219404
2025-03-19 12:00:00+00:00,train,1701.4292970919464,1032.3413041274573,1733.770601219404
2025-03-19 16:00:00+00:00,train,1698.9159278077186,1032.3413041274573,1731.2572319351757
2025-03-19 20:00:00+00:00,train,1698.9159278077186,1032.3413041274573,1731.2572319351757
2025-03-20 00:00:00+00:00,train,1698.9159278077186,1032.3413041274573,1731.2572319351757
2025-03-20 04:00:00+00:00,train,1698.9159278077186,1032.3413041274573,1731.2572319351757
2025-03-20 08:00:00+00:00,train,1698.9159278077186,1032.3413041274573,1731.2572319351757
2025-03-20 12:00:00+00:00,train,1698.9159278077186,1032.3413041274573,1731.2572319351757
2025-03-20 16:00:00+00:00,train,1698.9159278077186,1032.3413041274573,1731.2572319351757
2025-03-20 20:00:00+00:00,train,1698.9159278077186,1032.195591323678,1731.1115191313966
2025-03-21 00:00:00+00:00,train,1698.9159278077186,1032.0498785198988,1730.9658063276174
2025-03-21 04:00:00+00:00,train,1698.9159278077186,1031.9041657161195,1730.8200935238383
2025-03-21 08:00:00+00:00,train,1698.9159278077186,1031.7584529123403,1730.6743807200592
2025-03-21 12:00:00+00:00,train,1697.70662573992,1031.612740108561,1729.3193658484806
2025-03-21 16:00:00+00:00,train,1696.4973236721212,1031.4670273047816,1727.964350976903
2025-03-21 20:00:00+00:00,train,1696.4973236721212,1031.3213145010025,1727.8186381731239
2025-03-22 00:00:00+00:00,train,1696.4973236721212,1031.3213145010025,1727.8186381731239
2025-03-22 04:00:00+00:00,train,1696.4973236721212,1031.3213145010025,1727.8186381731239
2025-03-22 08:00:00+00:00,train,1696.4973236721212,1031.3213145010025,1727.8186381731239
2025-03-22 12:00:00+00:00,train,1696.4973236721212,1031.3213145010025,1727.8186381731239
2025-03-22 16:00:00+00:00,train,1696.4973236721212,1031.3213145010025,1727.8186381731239
2025-03-22 20:00:00+00:00,train,1697.2789547094433,1031.3213145010025,1728.6002692104457
2025-03-23 00:00:00+00:00,train,1698.0605857467656,1031.3213145010025,1729.381900247768
2025-03-23 04:00:00+00:00,train,1698.8422167840877,1031.3213145010025,1730.1635312850904
2025-03-23 08:00:00+00:00,train,1699.6238478214098,1031.3213145010025,1730.9451623224122
2025-03-23 12:00:00+00:00,train,1699.6238478214098,1031.3213145010025,1730.9451623224122
2025-03-23 16:00:00+00:00,train,1699.6238478214098,1031.3213145010025,1730.9451623224122
2025-03-23 20:00:00+00:00,train,1701.0120244211296,1031.3213145010025,1732.333338922132
2025-03-24 00:00:00+00:00,train,1702.4002010208496,1031.3213145010025,1733.7215155218519
2025-03-24 04:00:00+00:00,train,1702.4002010208496,1031.3213145010025,1733.7215155218519
2025-03-24 08:00:00+00:00,train,1705.249321947277,1031.3213145010025,1736.5706364482794
2025-03-24 12:00:00+00:00,train,1705.249321947277,1031.3213145010025,1736.5706364482794
2025-03-24 16:00:00+00:00,train,1705.249321947277,1031.3213145010025,1736.5706364482794
2025-03-24 20:00:00+00:00,train,1703.1177789699636,1031.3213145010025,1734.4390934709663
2025-03-25 00:00:00+00:00,train,1703.1177789699636,1031.3213145010025,1734.4390934709663
2025-03-25 04:00:00+00:00,train,1703.1177789699636,1031.3213145010025,1734.4390934709663
2025-03-25 08:00:00+00:00,train,1706.2873427658556,1031.3213145010025,1737.6086572668582
2025-03-25 12:00:00+00:00,train,1706.2873427658556,1031.3213145010025,1737.6086572668582
2025-03-25 16:00:00+00:00,train,1706.2873427658556,1031.3213145010025,1737.6086572668582
2025-03-25 20:00:00+00:00,train,1705.1100020803217,1031.3213145010025,1736.4313165813242
2025-03-26 00:00:00+00:00,train,1703.9326613947878,1031.3213145010025,1735.25397589579
2025-03-26 04:00:00+00:00,train,1703.9326613947878,1031.3213145010025,1735.25397589579
2025-03-26 08:00:00+00:00,train,1703.9326613947878,1031.3213145010025,1735.25397589579
2025-03-26 12:00:00+00:00,train,1703.9326613947878,1031.3213145010025,1735.25397589579
2025-03-26 16:00:00+00:00,train,1703.9326613947878,1031.3213145010025,1735.25397589579
2025-03-26 20:00:00+00:00,train,1701.4365431610177,1031.3213145010025,1732.75785766202
2025-03-27 00:00:00+00:00,train,1701.4365431610177,1031.3213145010025,1732.75785766202
2025-03-27 04:00:00+00:00,train,1701.4365431610177,1031.3213145010025,1732.75785766202
2025-03-27 08:00:00+00:00,train,1701.4365431610177,1031.3213145010025,1732.75785766202
2025-03-27 12:00:00+00:00,train,1701.4365431610177,1031.3213145010025,1732.75785766202
2025-03-27 16:00:00+00:00,train,1701.4365431610177,1031.3213145010025,1732.75785766202
2025-03-27 20:00:00+00:00,train,1701.4365431610177,1031.3213145010025,1732.75785766202
2025-03-28 00:00:00+00:00,train,1701.4365431610177,1031.3213145010025,1732.75785766202
2025-03-28 04:00:00+00:00,train,1701.4365431610177,1031.3213145010025,1732.75785766202
2025-03-28 08:00:00+00:00,train,1701.4365431610177,1031.3213145010025,1732.75785766202
2025-03-28 12:00:00+00:00,train,1701.4365431610177,1031.3213145010025,1732.75785766202
2025-03-28 16:00:00+00:00,train,1701.4365431610177,1031.3213145010025,1732.75785766202
2025-03-28 20:00:00+00:00,train,1701.4365431610177,1031.3213145010025,1732.75785766202
2025-03-29 00:00:00+00:00,train,1701.4365431610177,1031.3213145010025,1732.75785766202
2025-03-29 04:00:00+00:00,train,1701.4365431610177,1031.3213145010025,1732.75785766202
2025-03-29 08:00:00+00:00,train,1701.4365431610177,1031.3213145010025,1732.75785766202
2025-03-29 12:00:00+00:00,train,1701.4365431610177,1031.223767210749,1732.6603103717666
2025-03-29 16:00:00+00:00,train,1701.4365431610177,1031.1262199204953,1732.562763081513
2025-03-29 20:00:00+00:00,train,1701.4365431610177,1031.0286726302418,1732.4652157912597
2025-03-30 00:00:00+00:00,train,1701.4365431610177,1030.931125339988,1732.367668501006
2025-03-30 04:00:00+00:00,train,1701.4365431610177,1030.8335780497346,1732.2701212107522
2025-03-30 08:00:00+00:00,train,1701.4365431610177,1030.736030759481,1732.1725739204985
2025-03-30 12:00:00+00:00,train,1701.4365431610177,1030.6384834692274,1732.0750266302448
2025-03-30 16:00:00+00:00,train,1701.4365431610177,1030.5409361789739,1731.9774793399915
2025-03-30 20:00:00+00:00,train,1701.4365431610177,1030.4433888887202,1731.8799320497378
2025-03-31 00:00:00+00:00,train,1701.4365431610177,1030.3458415984667,1731.7823847594846
2025-03-31 04:00:00+00:00,train,1701.4365431610177,1030.3458415984667,1731.7823847594846
2025-03-31 08:00:00+00:00,train,1701.4365431610177,1030.3458415984667,1731.7823847594846
2025-03-31 12:00:00+00:00,train,1701.4365431610177,1029.3980351334797,1730.834578294497
2025-03-31 16:00:00+00:00,train,1701.4365431610177,1029.3980351334797,1730.834578294497
2025-03-31 20:00:00+00:00,train,1701.169827227389,1029.3980351334797,1730.5678623608687
2025-04-01 00:00:00+00:00,oof,1700.9031112937605,1028.3981372730814,1729.3012485668419
2025-04-01 04:00:00+00:00,oof,1700.636395360132,1028.3981372730814,1729.0345326332135
2025-04-01 08:00:00+00:00,oof,1700.3696794265034,1027.4363227864537,1727.806002212957
2025-04-01 12:00:00+00:00,oof,1700.1029634928748,1027.4363227864537,1727.5392862793287
2025-04-01 16:00:00+00:00,oof,1697.5310373696293,1027.4363227864537,1724.967360156083
2025-04-01 20:00:00+00:00,oof,1697.5310373696293,1027.4363227864537,1724.967360156083
2025-04-02 00:00:00+00:00,oof,1697.5310373696293,1027.1863910372335,1724.7174284068628
2025-04-02 04:00:00+00:00,oof,1697.5310373696293,1026.9364592880133,1724.4674966576426
2025-04-02 08:00:00+00:00,oof,1697.5310373696293,1026.686527538793,1724.217564908422
2025-04-02 12:00:00+00:00,oof,1697.5310373696293,1026.436595789573,1723.9676331592023
2025-04-02 16:00:00+00:00,oof,1697.5310373696293,1026.436595789573,1723.9676331592023
2025-04-02 20:00:00+00:00,oof,1694.961228028966,1026.436595789573,1721.397823818539
2025-04-03 00:00:00+00:00,oof,1694.961228028966,1025.0491447768768,1720.010372805843
2025-04-03 04:00:00+00:00,oof,1694.961228028966,1025.0491447768768,1720.010372805843
2025-04-03 08:00:00+00:00,oof,1691.235305813095,1025.0491447768768,1716.284450589972
2025-04-03 12:00:00+00:00,oof,1691.235305813095,1024.8556895933107,1716.0909954064055
2025-04-03 16:00:00+00:00,oof,1691.235305813095,1024.6622344097443,1715.8975402228393
2025-04-03 20:00:00+00:00,oof,1691.235305813095,1024.4687792261782,1715.7040850392732
2025-04-04 00:00:00+00:00,oof,1691.235305813095,1024.2753240426118,1715.5106298557066
2025-04-04 04:00:00+00:00,oof,1691.235305813095,1024.0818688590457,1715.317174672141
2025-04-04 08:00:00+00:00,oof,1691.235305813095,1023.8884136754793,1715.1237194885744
2025-04-04 12:00:00+00:00,oof,1691.235305813095,1023.6949584919131,1714.9302643050082
2025-04-04 16:00:00+00:00,oof,1691.235305813095,1023.6949584919131,1714.9302643050082
2025-04-04 20:00:00+00:00,oof,1691.235305813095,1023.6949584919131,1714.9302643050082
2025-04-05 00:00:00+00:00,oof,1691.235305813095,1023.6949584919131,1714.9302643050082
2025-04-05 04:00:00+00:00,oof,1691.235305813095,1023.6949584919131,1714.9302643050082
2025-04-05 08:00:00+00:00,oof,1691.235305813095,1024.4378600383368,1715.6731658514318
2025-04-05 12:00:00+00:00,oof,1691.235305813095,1025.1807615847606,1716.4160673978558
2025-04-05 16:00:00+00:00,oof,1691.235305813095,1025.9236631311844,1717.1589689442794
2025-04-05 20:00:00+00:00,oof,1690.8739345085912,1026.6665646776082,1717.5404991861997
2025-04-06 00:00:00+00:00,oof,1690.5125632040877,1027.409466224032,1717.9220294281195
2025-04-06 04:00:00+00:00,oof,1690.1511918995839,1028.1523677704558,1718.3035596700397
2025-04-06 08:00:00+00:00,oof,1689.78982059508,1028.8952693168796,1718.68508991196
2025-04-06 12:00:00+00:00,oof,1689.4284492905763,1029.6381708633035,1719.0666201538797
2025-04-06 16:00:00+00:00,oof,1689.4284492905763,1030.3810724097273,1719.8095217003038
2025-04-06 20:00:00+00:00,oof,1685.9399670428124,1030.3810724097273,1716.3210394525395
2025-04-07 00:00:00+00:00,oof,1685.9399670428124,1029.0455878500704,1714.9855548928826
2025-04-07 04:00:00+00:00,oof,1685.9399670428124,1029.0455878500704,1714.9855548928826
2025-04-07 08:00:00+00:00,oof,1685.9399670428124,1027.4293672725412,1713.3693343153536
2025-04-07 12:00:00+00:00,oof,1685.9399670428124,1027.4293672725412,1713.3693343153536
2025-04-07 16:00:00+00:00,oof,1685.9399670428124,1027.4293672725412,1713.3693343153536
2025-04-07 20:00:00+00:00,oof,1685.9399670428124,1025.7036734760152,1711.6436405188279
2025-04-08 00:00:00+00:00,oof,1685.9399670428124,1025.7036734760152,1711.6436405188279
2025-04-08 04:00:00+00:00,oof,1685.9399670428124,1025.7036734760152,1711.6436405188279
2025-04-08 08:00:00+00:00,oof,1685.9399670428124,1027.443341019192,1713.3833080620043
2025-04-08 12:00:00+00:00,oof,1685.9399670428124,1029.183008562369,1715.1229756051816
2025-04-08 16:00:00+00:00,oof,1685.9399670428124,1030.922676105546,1716.8626431483585
2025-04-08 20:00:00+00:00,oof,1685.9399670428124,1032.662343648723,1718.6023106915354
2025-04-09 00:00:00+00:00,oof,1685.9399670428124,1034.4020111918999,1720.3419782347123
2025-04-09 04:00:00+00:00,oof,1685.9399670428124,1034.4020111918999,1720.3419782347123
2025-04-09 08:00:00+00:00,oof,1685.9399670428124,1034.4020111918999,1720.3419782347123
2025-04-09 12:00:00+00:00,oof,1685.9399670428124,1032.676856669434,1718.6168237122465
2025-04-09 16:00:00+00:00,oof,1685.9399670428124,1032.676856669434,1718.6168237122465
2025-04-09 20:00:00+00:00,oof,1685.9399670428124,1032.676856669434,1718.6168237122465
2025-04-10 00:00:00+00:00,oof,1685.9399670428124,1032.676856669434,1718.6168237122465
2025-04-10 04:00:00+00:00,oof,1685.9399670428124,1032.676856669434,1718.6168237122465
2025-04-10 08:00:00+00:00,oof,1685.9399670428124,1032.676856669434,1718.6168237122465
2025-04-10 12:00:00+00:00,oof,1685.9399670428124,1032.676856669434,1718.6168237122465
2025-04-10 16:00:00+00:00,oof,1685.9399670428124,1030.9918372003676,1716.93180424318
2025-04-10 20:00:00+00:00,oof,1685.9399670428124,1030.9918372003676,1716.93180424318
2025-04-11 00:00:00+00:00,oof,1685.9399670428124,1030.9918372003676,1716.93180424318
2025-04-11 04:00:00+00:00,oof,1685.9399670428124,1030.9918372003676,1716.93180424318
2025-04-11 08:00:00+00:00,oof,1687.40753463789,1030.9918372003676,1718.3993718382576
2025-04-11 12:00:00+00:00,oof,1688.8751022329677,1030.9918372003676,1719.8669394333356
2025-04-11 16:00:00+00:00,oof,1690.3426698280452,1030.9918372003676,1721.334507028413
2025-04-11 20:00:00+00:00,oof,1691.8102374231228,1030.9918372003676,1722.8020746234906
2025-04-12 00:00:00+00:00,oof,1691.8102374231228,1030.9918372003676,1722.8020746234906
2025-04-12 04:00:00+00:00,oof,1691.8102374231228,1030.9918372003676,1722.8020746234906
2025-04-12 08:00:00+00:00,oof,1694.3140347003437,1030.9918372003676,1725.3058719007113
2025-04-12 12:00:00+00:00,oof,1696.8178319775645,1030.9918372003676,1727.809669177932
2025-04-12 16:00:00+00:00,oof,1696.8178319775645,1030.9918372003676,1727.809669177932
2025-04-12 20:00:00+00:00,oof,1696.8178319775645,1030.9918372003676,1727.809669177932
2025-04-13 00:00:00+00:00,oof,1696.252039985602,1030.9918372003676,1727.2438771859697
2025-04-13 04:00:00+00:00,oof,1695.6862479936397,1030.9918372003676,1726.6780851940075
2025-04-13 08:00:00+00:00,oof,1695.1204560016772,1030.9918372003676,1726.1122932020448
2025-04-13 12:00:00+00:00,oof,1694.5546640097145,1030.9918372003676,1725.5465012100822
2025-04-13 16:00:00+00:00,oof,1694.5546640097145,1030.9918372003676,1725.5465012100822
2025-04-13 20:00:00+00:00,oof,1694.5546640097145,1030.9918372003676,1725.5465012100822
2025-04-14 00:00:00+00:00,oof,1694.5546640097145,1030.9918372003676,1725.5465012100822
2025-04-14 04:00:00+00:00,oof,1694.5546640097145,1030.9918372003676,1725.5465012100822
2025-04-14 08:00:00+00:00,oof,1693.6293094818086,1030.9918372003676,1724.621146682176
2025-04-14 12:00:00+00:00,oof,1692.7039549539024,1030.9918372003676,1723.6957921542698
2025-04-14 16:00:00+00:00,oof,1691.7786004259965,1030.9918372003676,1722.7704376263641
2025-04-14 20:00:00+00:00,oof,1691.7786004259965,1030.9918372003676,1722.7704376263641
2025-04-15 00:00:00+00:00,oof,1691.7786004259965,1030.9918372003676,1722.7704376263641
2025-04-15 04:00:00+00:00,oof,1691.51359228876,1030.9918372003676,1722.505429489128
2025-04-15 08:00:00+00:00,oof,1691.2485841515236,1030.9918372003676,1722.2404213518912
2025-04-15 12:00:00+00:00,oof,1690.983576014287,1030.9918372003676,1721.9754132146545
2025-04-15 16:00:00+00:00,oof,1690.7185678770506,1030.9918372003676,1721.7104050774183
2025-04-15 20:00:00+00:00,oof,1690.7185678770506,1030.9918372003676,1721.7104050774183
2025-04-16 00:00:00+00:00,oof,1690.7185678770506,1030.9918372003676,1721.7104050774183
2025-04-16 04:00:00+00:00,oof,1690.7185678770506,1030.9918372003676,1721.7104050774183
2025-04-16 08:00:00+00:00,oof,1690.7185678770506,1030.9918372003676,1721.7104050774183
2025-04-16 12:00:00+00:00,oof,1690.7185678770506,1030.9918372003676,1721.7104050774183
2025-04-16 16:00:00+00:00,oof,1690.7185678770506,1030.9918372003676,1721.7104050774183
2025-04-16 20:00:00+00:00,oof,1692.1431020851546,1030.9918372003676,1723.1349392855223
2025-04-17 00:00:00+00:00,oof,1693.5676362932584,1030.9918372003676,1724.5594734936258
2025-04-17 04:00:00+00:00,oof,1694.9921705013624,1030.9918372003676,1725.9840077017298
2025-04-17 08:00:00+00:00,oof,1694.9921705013624,1030.9918372003676,1725.9840077017298
2025-04-17 12:00:00+00:00,oof,1694.9921705013624,1030.9918372003676,1725.9840077017298
2025-04-17 16:00:00+00:00,oof,1695.4833005146186,1030.9918372003676,1726.475137714986
2025-04-17 20:00:00+00:00,oof,1695.9744305278748,1030.9918372003676,1726.9662677282422
2025-04-18 00:00:00+00:00,oof,1696.4655605411308,1030.9918372003676,1727.4573977414984
2025-04-18 04:00:00+00:00,oof,1696.956690554387,1030.9918372003676,1727.9485277547547
2025-04-18 08:00:00+00:00,oof,1697.4478205676432,1030.9918372003676,1728.4396577680109
2025-04-18 12:00:00+00:00,oof,1697.9389505808995,1030.9918372003676,1728.930787781267
2025-04-18 16:00:00+00:00,oof,1698.4300805941557,1030.9918372003676,1729.4219177945233
2025-04-18 20:00:00+00:00,oof,1698.9212106074117,1030.9918372003676,1729.9130478077795
2025-04-19 00:00:00+00:00,oof,1699.412340620668,1030.9918372003676,1730.4041778210358
2025-04-19 04:00:00+00:00,oof,1699.412340620668,1030.9918372003676,1730.4041778210358
2025-04-19 08:00:00+00:00,oof,1699.412340620668,1030.9918372003676,1730.4041778210358
2025-04-19 12:00:00+00:00,oof,1699.412340620668,1030.9918372003676,1730.4041778210358
2025-04-19 16:00:00+00:00,oof,1699.412340620668,1030.9918372003676,1730.4041778210358
2025-04-19 20:00:00+00:00,oof,1699.412340620668,1030.9918372003676,1730.4041778210358
2025-04-20 00:00:00+00:00,oof,1699.097119327776,1030.9918372003676,1730.0889565281436
2025-04-20 04:00:00+00:00,oof,1698.781898034884,1030.9918372003676,1729.7737352352515
2025-04-20 08:00:00+00:00,oof,1698.4666767419922,1030.9918372003676,1729.4585139423598
2025-04-20 12:00:00+00:00,oof,1698.4666767419922,1030.9918372003676,1729.4585139423598
2025-04-20 16:00:00+00:00,oof,1698.4666767419922,1030.9918372003676,1729.4585139423598
2025-04-20 20:00:00+00:00,oof,1698.4666767419922,1030.9918372003676,1729.4585139423598
2025-04-21 00:00:00+00:00,oof,1698.4666767419922,1030.9918372003676,1729.4585139423598
2025-04-21 04:00:00+00:00,oof,1698.4666767419922,1030.9918372003676,1729.4585139423598
2025-04-21 08:00:00+00:00,oof,1697.7120247051296,1030.9918372003676,1728.7038619054974
2025-04-21 12:00:00+00:00,oof,1696.957372668267,1030.9918372003676,1727.9492098686346
2025-04-21 16:00:00+00:00,oof,1696.957372668267,1030.9918372003676,1727.9492098686346
2025-04-21 20:00:00+00:00,oof,1696.957372668267,1030.9918372003676,1727.9492098686346
2025-04-22 00:00:00+00:00,oof,1696.957372668267,1030.9918372003676,1727.9492098686346
2025-04-22 04:00:00+00:00,oof,1696.957372668267,1030.9918372003676,1727.9492098686346
2025-04-22 08:00:00+00:00,oof,1698.6210996769369,1030.9918372003676,1729.6129368773045
2025-04-22 12:00:00+00:00,oof,1700.2848266856067,1030.9918372003676,1731.2766638859744
2025-04-22 16:00:00+00:00,oof,1700.2848266856067,1030.9918372003676,1731.2766638859744
2025-04-22 20:00:00+00:00,oof,1700.2848266856067,1030.9918372003676,1731.2766638859744
2025-04-23 00:00:00+00:00,oof,1700.2848266856067,1030.9918372003676,1731.2766638859744
2025-04-23 04:00:00+00:00,oof,1701.4350946449485,1030.9918372003676,1732.4269318453162
2025-04-23 08:00:00+00:00,oof,1702.5853626042906,1030.9918372003676,1733.5771998046584
2025-04-23 12:00:00+00:00,oof,1703.7356305636326,1030.9918372003676,1734.7274677640003
2025-04-23 16:00:00+00:00,oof,1703.7356305636326,1030.9918372003676,1734.7274677640003
2025-04-23 20:00:00+00:00,oof,1703.7356305636326,1030.9918372003676,1734.7274677640003
2025-04-24 00:00:00+00:00,oof,1702.914025873408,1030.9918372003676,1733.9058630737754
2025-04-24 04:00:00+00:00,oof,1702.0924211831834,1030.9918372003676,1733.084258383551
2025-04-24 08:00:00+00:00,oof,1701.2708164929586,1030.9918372003676,1732.2626536933262
2025-04-24 12:00:00+00:00,oof,1701.2708164929586,1030.9918372003676,1732.2626536933262
2025-04-24 16:00:00+00:00,oof,1701.2708164929586,1030.9918372003676,1732.2626536933262
2025-04-24 20:00:00+00:00,oof,1702.376994269395,1030.9918372003676,1733.3688314697629
2025-04-25 00:00:00+00:00,oof,1703.4831720458315,1030.9918372003676,1734.475009246199
2025-04-25 04:00:00+00:00,oof,1704.5893498222676,1030.9918372003676,1735.5811870226353
2025-04-25 08:00:00+00:00,oof,1704.5893498222676,1030.9918372003676,1735.5811870226353
2025-04-25 12:00:00+00:00,oof,1704.5893498222676,1030.9918372003676,1735.5811870226353
2025-04-25 16:00:00+00:00,oof,1704.5893498222676,1030.9918372003676,1735.5811870226353
2025-04-25 20:00:00+00:00,oof,1704.5893498222676,1030.9918372003676,1735.5811870226353
2025-04-26 00:00:00+00:00,oof,1704.5893498222676,1030.9918372003676,1735.5811870226353
2025-04-26 04:00:00+00:00,oof,1704.5893498222676,1030.9918372003676,1735.5811870226353
2025-04-26 08:00:00+00:00,oof,1704.5893498222676,1030.9918372003676,1735.5811870226353
2025-04-26 12:00:00+00:00,oof,1704.5893498222676,1030.9918372003676,1735.5811870226353
2025-04-26 16:00:00+00:00,oof,1704.5893498222676,1030.9918372003676,1735.5811870226353
2025-04-26 20:00:00+00:00,oof,1704.5893498222676,1030.9918372003676,1735.5811870226353
2025-04-27 00:00:00+00:00,oof,1704.5893498222676,1030.9918372003676,1735.5811870226353
2025-04-27 04:00:00+00:00,oof,1704.5893498222676,1030.9918372003676,1735.5811870226353
2025-04-27 08:00:00+00:00,oof,1704.5893498222676,1030.9918372003676,1735.5811870226353
2025-04-27 12:00:00+00:00,oof,1704.5893498222676,1030.9918372003676,1735.5811870226353
2025-04-27 16:00:00+00:00,oof,1704.5893498222676,1030.9918372003676,1735.5811870226353
2025-04-27 20:00:00+00:00,oof,1704.5893498222676,1030.9918372003676,1735.5811870226353
2025-04-28 00:00:00+00:00,oof,1704.5893498222676,1030.9918372003676,1735.5811870226353
2025-04-28 04:00:00+00:00,oof,1704.5893498222676,1030.9918372003676,1735.5811870226353
2025-04-28 08:00:00+00:00,oof,1704.5893498222676,1030.9918372003676,1735.5811870226353
2025-04-28 12:00:00+00:00,oof,1703.0961002339477,1030.9918372003676,1734.0879374343153
2025-04-28 16:00:00+00:00,oof,1703.0961002339477,1030.9918372003676,1734.0879374343153
2025-04-28 20:00:00+00:00,oof,1703.0961002339477,1030.9918372003676,1734.0879374343153
2025-04-29 00:00:00+00:00,oof,1703.0961002339477,1030.9918372003676,1734.0879374343153
2025-04-29 04:00:00+00:00,oof,1703.0961002339477,1030.9918372003676,1734.0879374343153
2025-04-29 08:00:00+00:00,oof,1703.0961002339477,1030.9918372003676,1734.0879374343153
2025-04-29 12:00:00+00:00,oof,1703.0961002339477,1030.9918372003676,1734.0879374343153
2025-04-29 16:00:00+00:00,oof,1703.0961002339477,1030.9918372003676,1734.0879374343153
2025-04-29 20:00:00+00:00,oof,1703.0961002339477,1030.9918372003676,1734.0879374343153
2025-04-30 00:00:00+00:00,oof,1703.0961002339477,1030.9918372003676,1734.0879374343153
2025-04-30 04:00:00+00:00,oof,1703.0961002339477,1030.9918372003676,1734.0879374343153
2025-04-30 08:00:00+00:00,oof,1703.0961002339477,1030.9918372003676,1734.0879374343153
2025-04-30 12:00:00+00:00,oof,1703.0961002339477,1030.9918372003676,1734.0879374343153
2025-04-30 16:00:00+00:00,oof,1703.0961002339477,1030.9918372003676,1734.0879374343153
2025-04-30 20:00:00+00:00,oof,1706.5086192403776,1030.9918372003676,1737.5004564407454
2025-05-01 00:00:00+00:00,oof,1706.5086192403776,1030.9918372003676,1737.5004564407454
2025-05-01 04:00:00+00:00,oof,1706.5086192403776,1030.9918372003676,1737.5004564407454
2025-05-01 08:00:00+00:00,oof,1708.1155467047424,1030.9918372003676,1739.10738390511
2025-05-01 12:00:00+00:00,oof,1709.722474169107,1030.9918372003676,1740.7143113694747
2025-05-01 16:00:00+00:00,oof,1709.722474169107,1030.9918372003676,1740.7143113694747
2025-05-01 20:00:00+00:00,oof,1709.722474169107,1030.9918372003676,1740.7143113694747
2025-05-02 00:00:00+00:00,oof,1709.4824325366271,1030.9918372003676,1740.4742697369948
2025-05-02 04:00:00+00:00,oof,1709.242390904147,1030.9918372003676,1740.2342281045148
2025-05-02 08:00:00+00:00,oof,1709.002349271667,1030.9918372003676,1739.994186472035
2025-05-02 12:00:00+00:00,oof,1708.762307639187,1030.9918372003676,1739.7541448395546
2025-05-02 16:00:00+00:00,oof,1708.522266006707,1030.9918372003676,1739.5141032070746
2025-05-02 20:00:00+00:00,oof,1708.282224374227,1030.9918372003676,1739.2740615745947
2025-05-03 00:00:00+00:00,oof,1708.042182741747,1030.9918372003676,1739.0340199421144
2025-05-03 04:00:00+00:00,oof,1707.802141109267,1030.9918372003676,1738.7939783096344
2025-05-03 08:00:00+00:00,oof,1707.5620994767871,1030.9918372003676,1738.5539366771545
2025-05-03 12:00:00+00:00,oof,1707.5620994767871,1030.9918372003676,1738.5539366771545
2025-05-03 16:00:00+00:00,oof,1707.5620994767871,1030.9918372003676,1738.5539366771545
2025-05-03 20:00:00+00:00,oof,1707.5620994767871,1030.9918372003676,1738.5539366771545
2025-05-04 00:00:00+00:00,oof,1707.5620994767871,1030.9918372003676,1738.5539366771545
2025-05-04 04:00:00+00:00,oof,1707.5620994767871,1030.9918372003676,1738.5539366771545
2025-05-04 08:00:00+00:00,oof,1707.5620994767871,1030.9918372003676,1738.5539366771545
2025-05-04 12:00:00+00:00,oof,1707.5620994767871,1030.9918372003676,1738.5539366771545
2025-05-04 16:00:00+00:00,oof,1707.5620994767871,1030.9918372003676,1738.5539366771545
2025-05-04 20:00:00+00:00,oof,1707.5620994767871,1030.9918372003676,1738.5539366771545
2025-05-05 00:00:00+00:00,oof,1707.5620994767871,1030.9918372003676,1738.5539366771545
2025-05-05 04:00:00+00:00,oof,1707.5065250684845,1030.3243352578086,1737.830860326293
2025-05-05 08:00:00+00:00,oof,1707.4509506601817,1030.3243352578086,1737.77528591799
2025-05-05 12:00:00+00:00,oof,1707.4509506601817,1029.6324711301727,1737.0834217903544
2025-05-05 16:00:00+00:00,oof,1707.4509506601817,1029.6324711301727,1737.0834217903544
2025-05-05 20:00:00+00:00,oof,1709.8830457726556,1029.6324711301727,1739.5155169028285
2025-05-06 00:00:00+00:00,oof,1709.8830457726556,1029.6324711301727,1739.5155169028285
2025-05-06 04:00:00+00:00,oof,1709.8830457726556,1028.913339780054,1738.7963855527096
2025-05-06 08:00:00+00:00,oof,1708.0715108832014,1028.913339780054,1736.9848506632552
2025-05-06 12:00:00+00:00,oof,1708.0715108832014,1028.1893867200001,1736.2608976032016
2025-05-06 16:00:00+00:00,oof,1708.0715108832014,1028.1893867200001,1736.2608976032016
2025-05-06 20:00:00+00:00,oof,1710.636473934866,1027.4691939669246,1738.1056679017906
2025-05-07 00:00:00+00:00,oof,1710.636473934866,1027.4691939669246,1738.1056679017906
2025-05-07 04:00:00+00:00,oof,1710.636473934866,1027.4691939669246,1738.1056679017906
2025-05-07 08:00:00+00:00,oof,1711.1805319961668,1027.4691939669246,1738.6497259630914
2025-05-07 12:00:00+00:00,oof,1711.7245900574678,1027.4691939669246,1739.1937840243927
2025-05-07 16:00:00+00:00,oof,1712.2686481187686,1026.7514140322196,1739.0200621509885
2025-05-07 20:00:00+00:00,oof,1712.8127061800697,1026.7514140322196,1739.5641202122893
2025-05-08 00:00:00+00:00,oof,1713.3567642413705,1026.7514140322196,1740.10817827359
2025-05-08 04:00:00+00:00,oof,1713.3567642413705,1026.7514140322196,1740.10817827359
2025-05-08 08:00:00+00:00,oof,1713.3567642413705,1026.7514140322196,1740.10817827359
2025-05-08 12:00:00+00:00,oof,1715.87847568034,1026.7514140322196,1742.6298897125598
2025-05-08 16:00:00+00:00,oof,1715.87847568034,1026.7514140322196,1742.6298897125598
2025-05-08 20:00:00+00:00,oof,1715.87847568034,1026.7514140322196,1742.6298897125598
2025-05-09 00:00:00+00:00,oof,1717.2864968806532,1026.7514140322196,1744.0379109128726
2025-05-09 04:00:00+00:00,oof,1718.6945180809664,1026.7514140322196,1745.4459321131862
2025-05-09 08:00:00+00:00,oof,1718.6945180809664,1026.7514140322196,1745.4459321131862
2025-05-09 12:00:00+00:00,oof,1716.2568699687208,1026.7514140322196,1743.0082840009404
2025-05-09 16:00:00+00:00,oof,1716.2568699687208,1026.7514140322196,1743.0082840009404
2025-05-09 20:00:00+00:00,oof,1716.2568699687208,1026.7514140322196,1743.0082840009404
2025-05-10 00:00:00+00:00,oof,1715.6500943035744,1026.7514140322196,1742.401508335794
2025-05-10 04:00:00+00:00,oof,1715.0433186384278,1026.7514140322196,1741.7947326706471
2025-05-10 08:00:00+00:00,oof,1714.4365429732811,1026.7514140322196,1741.1879570055007
2025-05-10 12:00:00+00:00,oof,1714.4365429732811,1026.7514140322196,1741.1879570055007
2025-05-10 16:00:00+00:00,oof,1714.4365429732811,1026.7514140322196,1741.1879570055007
2025-05-10 20:00:00+00:00,oof,1717.827870462081,1026.7514140322196,1744.5792844943007
2025-05-11 00:00:00+00:00,oof,1717.827870462081,1026.7514140322196,1744.5792844943007
2025-05-11 04:00:00+00:00,oof,1717.827870462081,1026.7514140322196,1744.5792844943007
2025-05-11 08:00:00+00:00,oof,1717.827870462081,1026.7514140322196,1744.5792844943007
2025-05-11 12:00:00+00:00,oof,1717.827870462081,1026.7514140322196,1744.5792844943007
2025-05-11 16:00:00+00:00,oof,1717.827870462081,1026.7514140322196,1744.5792844943007
2025-05-11 20:00:00+00:00,oof,1717.827870462081,1026.7514140322196,1744.5792844943007
2025-05-12 00:00:00+00:00,oof,1717.827870462081,1026.7514140322196,1744.5792844943007
2025-05-12 04:00:00+00:00,oof,1717.827870462081,1026.7514140322196,1744.5792844943007
2025-05-12 08:00:00+00:00,oof,1719.6406302936002,1026.7514140322196,1746.3920443258198
2025-05-12 12:00:00+00:00,oof,1721.4533901251195,1026.7514140322196,1748.204804157339
2025-05-12 16:00:00+00:00,oof,1721.4533901251195,1026.7514140322196,1748.204804157339
2025-05-12 20:00:00+00:00,oof,1721.4533901251195,1026.7514140322196,1748.204804157339
2025-05-13 00:00:00+00:00,oof,1719.1949700477603,1026.7514140322196,1745.94638407998
2025-05-13 04:00:00+00:00,oof,1719.1949700477603,1026.7514140322196,1745.94638407998
2025-05-13 08:00:00+00:00,oof,1719.1949700477603,1026.7514140322196,1745.94638407998
2025-05-13 12:00:00+00:00,oof,1721.3839188423462,1026.7514140322196,1748.1353328745658
2025-05-13 16:00:00+00:00,oof,1723.5728676369322,1026.7514140322196,1750.3242816691518
2025-05-13 20:00:00+00:00,oof,1723.5728676369322,1026.7514140322196,1750.3242816691518
2025-05-14 00:00:00+00:00,oof,1723.5728676369322,1026.7514140322196,1750.3242816691518
2025-05-14 04:00:00+00:00,oof,1722.1054887071823,1026.7514140322196,1748.856902739402
2025-05-14 08:00:00+00:00,oof,1720.6381097774326,1026.7514140322196,1747.389523809652
2025-05-14 12:00:00+00:00,oof,1720.6381097774326,1026.7514140322196,1747.389523809652
2025-05-14 16:00:00+00:00,oof,1720.6381097774326,1026.7514140322196,1747.389523809652
2025-05-14 20:00:00+00:00,oof,1719.6191829055404,1026.7514140322196,1746.3705969377597
2025-05-15 00:00:00+00:00,oof,1718.600256033648,1026.7514140322196,1745.3516700658674
2025-05-15 04:00:00+00:00,oof,1717.5813291617555,1026.7514140322196,1744.3327431939751
2025-05-15 08:00:00+00:00,oof,1717.5813291617555,1026.7514140322196,1744.3327431939751
2025-05-15 12:00:00+00:00,oof,1717.5813291617555,1026.7514140322196,1744.3327431939751
2025-05-15 16:00:00+00:00,oof,1716.3618959686514,1026.7514140322196,1743.113310000871
2025-05-15 20:00:00+00:00,oof,1715.1424627755475,1026.7514140322196,1741.893876807767
2025-05-16 00:00:00+00:00,oof,1715.1424627755475,1026.7514140322196,1741.893876807767
2025-05-16 04:00:00+00:00,oof,1715.1424627755475,1026.7514140322196,1741.893876807767
2025-05-16 08:00:00+00:00,oof,1714.3868801695091,1026.7514140322196,1741.138294201729
2025-05-16 12:00:00+00:00,oof,1713.6312975634708,1026.7514140322196,1740.3827115956901
2025-05-16 16:00:00+00:00,oof,1712.8757149574326,1026.7514140322196,1739.6271289896522
2025-05-16 20:00:00+00:00,oof,1712.1201323513942,1026.7514140322196,1738.8715463836138
2025-05-17 00:00:00+00:00,oof,1712.1201323513942,1026.7514140322196,1738.8715463836138
2025-05-17 04:00:00+00:00,oof,1712.1201323513942,1026.7514140322196,1738.8715463836138
2025-05-17 08:00:00+00:00,oof,1712.1201323513942,1026.7514140322196,1738.8715463836138
2025-05-17 12:00:00+00:00,oof,1712.1201323513942,1026.7514140322196,1738.8715463836138
2025-05-17 16:00:00+00:00,oof,1712.1201323513942,1026.7514140322196,1738.8715463836138
2025-05-17 20:00:00+00:00,oof,1712.1201323513942,1026.7514140322196,1738.8715463836138
2025-05-18 00:00:00+00:00,oof,1712.1201323513942,1026.7514140322196,1738.8715463836138
2025-05-18 04:00:00+00:00,oof,1712.1201323513942,1026.7514140322196,1738.8715463836138
2025-05-18 08:00:00+00:00,oof,1712.1201323513942,1026.7514140322196,1738.8715463836138
2025-05-18 12:00:00+00:00,oof,1712.1201323513942,1026.7514140322196,1738.8715463836138
2025-05-18 16:00:00+00:00,oof,1712.1201323513942,1026.7514140322196,1738.8715463836138
2025-05-18 20:00:00+00:00,oof,1716.0073238396471,1026.7514140322196,1742.7587378718667
2025-05-19 00:00:00+00:00,oof,1716.0073238396471,1026.7514140322196,1742.7587378718667
2025-05-19 04:00:00+00:00,oof,1716.0073238396471,1026.7514140322196,1742.7587378718667
2025-05-19 08:00:00+00:00,oof,1716.0073238396471,1026.7514140322196,1742.7587378718667
2025-05-19 12:00:00+00:00,oof,1716.0073238396471,1026.7514140322196,1742.7587378718667
2025-05-19 16:00:00+00:00,oof,1716.0073238396471,1025.581594803659,1741.588918643306
2025-05-19 20:00:00+00:00,oof,1716.0073238396471,1025.581594803659,1741.588918643306
2025-05-20 00:00:00+00:00,oof,1716.0073238396471,1024.4700367739244,1740.4773606135714
2025-05-20 04:00:00+00:00,oof,1716.0073238396471,1024.4700367739244,1740.4773606135714
2025-05-20 08:00:00+00:00,oof,1716.0073238396471,1024.4700367739244,1740.4773606135714
2025-05-20 12:00:00+00:00,oof,1716.0073238396471,1023.9144975831242,1739.9218214227712
2025-05-20 16:00:00+00:00,oof,1716.6964777029184,1023.358958392324,1740.0554360952424
2025-05-20 20:00:00+00:00,oof,1717.3856315661899,1023.358958392324,1740.7445899585136
2025-05-21 00:00:00+00:00,oof,1718.0747854294611,1023.358958392324,1741.4337438217854
2025-05-21 04:00:00+00:00,oof,1718.7639392927324,1023.358958392324,1742.1228976850562
2025-05-21 08:00:00+00:00,oof,1719.453093156004,1023.358958392324,1742.8120515483279
2025-05-21 12:00:00+00:00,oof,1720.1422470192751,1023.358958392324,1743.5012054115991
2025-05-21 16:00:00+00:00,oof,1720.1422470192751,1023.358958392324,1743.5012054115991
2025-05-21 20:00:00+00:00,oof,1720.1422470192751,1023.358958392324,1743.5012054115991
2025-05-22 00:00:00+00:00,oof,1722.1340466770087,1023.358958392324,1745.4930050693329
2025-05-22 04:00:00+00:00,oof,1724.1258463347422,1023.358958392324,1747.4848047270661
2025-05-22 08:00:00+00:00,oof,1724.1258463347422,1023.358958392324,1747.4848047270661
2025-05-22 12:00:00+00:00,oof,1724.1258463347422,1023.358958392324,1747.4848047270661
2025-05-22 16:00:00+00:00,oof,1724.1258463347422,1023.358958392324,1747.4848047270661
2025-05-22 20:00:00+00:00,oof,1724.1258463347422,1023.358958392324,1747.4848047270661
2025-05-23 00:00:00+00:00,oof,1724.1258463347422,1023.358958392324,1747.4848047270661
2025-05-23 04:00:00+00:00,oof,1724.1258463347422,1023.358958392324,1747.4848047270661
2025-05-23 08:00:00+00:00,oof,1724.1258463347422,1023.358958392324,1747.4848047270661
2025-05-23 12:00:00+00:00,oof,1724.1258463347422,1023.358958392324,1747.4848047270661
2025-05-23 16:00:00+00:00,oof,1724.1258463347422,1023.358958392324,1747.4848047270661
2025-05-23 20:00:00+00:00,oof,1724.1258463347422,1023.358958392324,1747.4848047270661
2025-05-24 00:00:00+00:00,oof,1724.1258463347422,1023.358958392324,1747.4848047270661
2025-05-24 04:00:00+00:00,oof,1724.1258463347422,1023.358958392324,1747.4848047270661
2025-05-24 08:00:00+00:00,oof,1724.1258463347422,1023.358958392324,1747.4848047270661
2025-05-24 12:00:00+00:00,oof,1724.1258463347422,1023.358958392324,1747.4848047270661
2025-05-24 16:00:00+00:00,oof,1724.1258463347422,1023.358958392324,1747.4848047270661
2025-05-24 20:00:00+00:00,oof,1724.1258463347422,1023.358958392324,1747.4848047270661
2025-05-25 00:00:00+00:00,oof,1724.1258463347422,1023.358958392324,1747.4848047270661
2025-05-25 04:00:00+00:00,oof,1724.1258463347422,1023.358958392324,1747.4848047270661
2025-05-25 08:00:00+00:00,oof,1724.1258463347422,1023.358958392324,1747.4848047270661
2025-05-25 12:00:00+00:00,oof,1724.1258463347422,1023.358958392324,1747.4848047270661
2025-05-25 16:00:00+00:00,oof,1724.1258463347422,1023.358958392324,1747.4848047270661
2025-05-25 20:00:00+00:00,oof,1724.1258463347422,1023.358958392324,1747.4848047270661
2025-05-26 00:00:00+00:00,oof,1724.1258463347422,1023.358958392324,1747.4848047270661
2025-05-26 04:00:00+00:00,oof,1724.1258463347422,1023.358958392324,1747.4848047270661
2025-05-26 08:00:00+00:00,oof,1724.1258463347422,1023.358958392324,1747.4848047270661
2025-05-26 12:00:00+00:00,oof,1724.1258463347422,1023.358958392324,1747.4848047270661
2025-05-26 16:00:00+00:00,oof,1724.1258463347422,1023.358958392324,1747.4848047270661
2025-05-26 20:00:00+00:00,oof,1724.1258463347422,1023.358958392324,1747.4848047270661
2025-05-27 00:00:00+00:00,oof,1724.1258463347422,1023.358958392324,1747.4848047270661
2025-05-27 04:00:00+00:00,oof,1724.1258463347422,1023.358958392324,1747.4848047270661
2025-05-27 08:00:00+00:00,oof,1724.1258463347422,1023.358958392324,1747.4848047270661
2025-05-27 12:00:00+00:00,oof,1724.1258463347422,1023.358958392324,1747.4848047270661
2025-05-27 16:00:00+00:00,oof,1724.1258463347422,1023.358958392324,1747.4848047270661
2025-05-27 20:00:00+00:00,oof,1723.0372478871984,1023.358958392324,1746.3962062795226
2025-05-28 00:00:00+00:00,oof,1721.9486494396547,1023.358958392324,1745.3076078319787
2025-05-28 04:00:00+00:00,oof,1721.9486494396547,1023.358958392324,1745.3076078319787
2025-05-28 08:00:00+00:00,oof,1721.9486494396547,1023.358958392324,1745.3076078319787
2025-05-28 12:00:00+00:00,oof,1721.9486494396547,1023.358958392324,1745.3076078319787
2025-05-28 16:00:00+00:00,oof,1721.9486494396547,1023.358958392324,1745.3076078319787
2025-05-28 20:00:00+00:00,oof,1721.9486494396547,1023.358958392324,1745.3076078319787
2025-05-29 00:00:00+00:00,oof,1721.9486494396547,1023.358958392324,1745.3076078319787
2025-05-29 04:00:00+00:00,oof,1721.9486494396547,1023.358958392324,1745.3076078319787
2025-05-29 08:00:00+00:00,oof,1721.9486494396547,1023.358958392324,1745.3076078319787
2025-05-29 12:00:00+00:00,oof,1721.9486494396547,1023.358958392324,1745.3076078319787
2025-05-29 16:00:00+00:00,oof,1721.9486494396547,1023.358958392324,1745.3076078319787
2025-05-29 20:00:00+00:00,oof,1721.9486494396547,1025.3248835541133,1747.2735329937677
2025-05-30 00:00:00+00:00,oof,1721.9486494396547,1027.2908087159026,1749.2394581555573
2025-05-30 04:00:00+00:00,oof,1721.9486494396547,1027.2908087159026,1749.2394581555573
2025-05-30 08:00:00+00:00,oof,1721.9486494396547,1026.3989718226396,1748.3476212622945
2025-05-30 12:00:00+00:00,oof,1721.9486494396547,1026.3989718226396,1748.3476212622945
2025-05-30 16:00:00+00:00,oof,1721.9486494396547,1026.3989718226396,1748.3476212622945
2025-05-30 20:00:00+00:00,oof,1721.9486494396547,1028.5976340276388,1750.5462834672935
2025-05-31 00:00:00+00:00,oof,1721.9486494396547,1030.7962962326383,1752.744945672293
2025-05-31 04:00:00+00:00,oof,1721.9486494396547,1030.7962962326383,1752.744945672293
2025-05-31 08:00:00+00:00,oof,1721.9486494396547,1030.7962962326383,1752.744945672293
2025-05-31 12:00:00+00:00,oof,1721.9486494396547,1029.817169180273,1751.7658186199278
2025-05-31 16:00:00+00:00,oof,1721.9486494396547,1029.817169180273,1751.7658186199278
2025-05-31 20:00:00+00:00,oof,1721.9486494396547,1029.817169180273,1751.7658186199278
2025-06-01 00:00:00+00:00,oof,1721.9486494396547,1029.682839298705,1751.6314887383596
2025-06-01 04:00:00+00:00,oof,1721.9486494396547,1029.548509417137,1751.4971588567914
2025-06-01 08:00:00+00:00,oof,1721.9486494396547,1029.414179535569,1751.3628289752237
2025-06-01 12:00:00+00:00,oof,1721.9486494396547,1029.2798496540008,1751.2284990936555
2025-06-01 16:00:00+00:00,oof,1721.9486494396547,1029.1455197724329,1751.0941692120878
2025-06-01 20:00:00+00:00,oof,1721.9486494396547,1029.011189890865,1750.9598393305196
2025-06-02 00:00:00+00:00,oof,1721.9486494396547,1028.876860009297,1750.8255094489514
2025-06-02 04:00:00+00:00,oof,1720.7936690986269,1028.876860009297,1749.6705291079238
2025-06-02 08:00:00+00:00,oof,1719.6386887575989,1028.876860009297,1748.5155487668958
2025-06-02 12:00:00+00:00,oof,1719.6386887575989,1028.589202748477,1748.227891506076
2025-06-02 16:00:00+00:00,oof,1719.6386887575989,1028.3015454876572,1747.9402342452559
2025-06-02 20:00:00+00:00,oof,1719.6386887575989,1028.0138882268373,1747.652576984436
2025-06-03 00:00:00+00:00,oof,1719.6386887575989,1028.0138882268373,1747.652576984436
2025-06-03 04:00:00+00:00,oof,1719.6386887575989,1028.0138882268373,1747.652576984436
2025-06-03 08:00:00+00:00,oof,1719.4203250216951,1028.0138882268373,1747.4342132485326
2025-06-03 12:00:00+00:00,oof,1719.2019612857914,1028.0138882268373,1747.2158495126287
2025-06-03 16:00:00+00:00,oof,1718.9835975498877,1028.0138882268373,1746.9974857767247
2025-06-03 20:00:00+00:00,oof,1718.765233813984,1028.0138882268373,1746.7791220408212
2025-06-04 00:00:00+00:00,oof,1718.765233813984,1027.0862214396852,1745.851455253669
2025-06-04 04:00:00+00:00,oof,1718.765233813984,1027.0862214396852,1745.851455253669
2025-06-04 08:00:00+00:00,oof,1718.765233813984,1026.2067135946338,1744.9719474086178
2025-06-04 12:00:00+00:00,oof,1718.765233813984,1026.2067135946338,1744.9719474086178
2025-06-04 16:00:00+00:00,oof,1718.765233813984,1026.2067135946338,1744.9719474086178
2025-06-04 20:00:00+00:00,oof,1718.765233813984,1027.049343277326,1745.8145770913097
2025-06-05 00:00:00+00:00,oof,1718.765233813984,1027.8919729600184,1746.6572067740026
2025-06-05 04:00:00+00:00,oof,1718.765233813984,1028.7346026427106,1747.4998364566945
2025-06-05 08:00:00+00:00,oof,1718.765233813984,1029.577232325403,1748.342466139387
2025-06-05 12:00:00+00:00,oof,1718.765233813984,1030.4198620080952,1749.1850958220793
2025-06-05 16:00:00+00:00,oof,1716.5546157271297,1030.4198620080952,1746.9744777352248
2025-06-05 20:00:00+00:00,oof,1716.5546157271297,1030.4198620080952,1746.9744777352248
2025-06-06 00:00:00+00:00,oof,1716.5546157271297,1029.9556500738017,1746.5102658009314
2025-06-06 04:00:00+00:00,oof,1716.5546157271297,1029.4914381395085,1746.0460538666384
2025-06-06 08:00:00+00:00,oof,1716.5546157271297,1029.4914381395085,1746.0460538666384
2025-06-06 12:00:00+00:00,oof,1716.5546157271297,1028.6128672002067,1745.167482927336
2025-06-06 16:00:00+00:00,oof,1716.5546157271297,1028.6128672002067,1745.167482927336
2025-06-06 20:00:00+00:00,oof,1716.5546157271297,1028.6128672002067,1745.167482927336
2025-06-07 00:00:00+00:00,oof,1716.5546157271297,1028.1756963405003,1744.7303120676297
2025-06-07 04:00:00+00:00,oof,1716.5546157271297,1027.7385254807937,1744.2931412079233
2025-06-07 08:00:00+00:00,oof,1716.5546157271297,1027.7385254807937,1744.2931412079233
2025-06-07 12:00:00+00:00,oof,1716.5546157271297,1027.7385254807937,1744.2931412079233
2025-06-07 16:00:00+00:00,oof,1716.5546157271297,1027.7385254807937,1744.2931412079233
2025-06-07 20:00:00+00:00,oof,1716.5546157271297,1027.605317378282,1744.1599331054117
2025-06-08 00:00:00+00:00,oof,1716.5546157271297,1027.4721092757702,1744.0267250029
2025-06-08 04:00:00+00:00,oof,1717.2343064157099,1027.3389011732586,1744.5732075889682
2025-06-08 08:00:00+00:00,oof,1717.9139971042903,1027.205693070747,1745.1196901750372
2025-06-08 12:00:00+00:00,oof,1718.5936877928705,1027.0724849682354,1745.6661727611058
2025-06-08 16:00:00+00:00,oof,1719.273378481451,1026.9392768657237,1746.2126553471744
2025-06-08 20:00:00+00:00,oof,1719.273378481451,1026.9392768657237,1746.2126553471744
2025-06-09 00:00:00+00:00,oof,1719.273378481451,1026.9392768657237,1746.2126553471744
2025-06-09 04:00:00+00:00,oof,1719.273378481451,1026.9392768657237,1746.2126553471744
2025-06-09 08:00:00+00:00,oof,1721.779024946342,1026.2312926905824,1748.0103176369244
2025-06-09 12:00:00+00:00,oof,1721.779024946342,1026.2312926905824,1748.0103176369244
2025-06-09 16:00:00+00:00,oof,1721.779024946342,1026.2312926905824,1748.0103176369244
2025-06-09 20:00:00+00:00,oof,1724.461226733068,1026.2312926905824,1750.6925194236505
2025-06-10 00:00:00+00:00,oof,1724.461226733068,1026.2312926905824,1750.6925194236505
2025-06-10 04:00:00+00:00,oof,1724.461226733068,1026.2312926905824,1750.6925194236505
2025-06-10 08:00:00+00:00,oof,1724.461226733068,1026.2312926905824,1750.6925194236505
2025-06-10 12:00:00+00:00,oof,1722.4410829218166,1026.2312926905824,1748.6723756123993
2025-06-10 16:00:00+00:00,oof,1722.4410829218166,1026.2312926905824,1748.6723756123993
2025-06-10 20:00:00+00:00,oof,1722.4410829218166,1026.2312926905824,1748.6723756123993
2025-06-11 00:00:00+00:00,oof,1722.3288684311096,1026.2312926905824,1748.560161121692
2025-06-11 04:00:00+00:00,oof,1722.2166539404027,1026.2312926905824,1748.447946630985
2025-06-11 08:00:00+00:00,oof,1722.1044394496957,1026.2312926905824,1748.3357321402782
2025-06-11 12:00:00+00:00,oof,1721.9922249589888,1026.2312926905824,1748.2235176495715
2025-06-11 16:00:00+00:00,oof,1721.8800104682819,1026.2312926905824,1748.1113031588643
2025-06-11 20:00:00+00:00,oof,1721.8800104682819,1026.2312926905824,1748.1113031588643
2025-06-12 00:00:00+00:00,oof,1721.8800104682819,1026.2312926905824,1748.1113031588643
2025-06-12 04:00:00+00:00,oof,1721.8800104682819,1026.2312926905824,1748.1113031588643
2025-06-12 08:00:00+00:00,oof,1721.8800104682819,1026.2312926905824,1748.1113031588643
2025-06-12 12:00:00+00:00,oof,1721.8800104682819,1026.2312926905824,1748.1113031588643
2025-06-12 16:00:00+00:00,oof,1721.8800104682819,1026.2312926905824,1748.1113031588643
2025-06-12 20:00:00+00:00,oof,1721.8800104682819,1026.2312926905824,1748.1113031588643
2025-06-13 00:00:00+00:00,oof,1721.8800104682819,1026.2312926905824,1748.1113031588643
2025-06-13 04:00:00+00:00,oof,1721.8800104682819,1026.2312926905824,1748.1113031588643
2025-06-13 08:00:00+00:00,oof,1721.8800104682819,1025.1276392037898,1747.0076496720717
2025-06-13 12:00:00+00:00,oof,1721.8800104682819,1025.1276392037898,1747.0076496720717
2025-06-13 16:00:00+00:00,oof,1721.8800104682819,1025.1276392037898,1747.0076496720717
2025-06-13 20:00:00+00:00,oof,1721.8800104682819,1024.062432075556,1745.9424425438378
2025-06-14 00:00:00+00:00,oof,1721.8800104682819,1024.062432075556,1745.9424425438378
2025-06-14 04:00:00+00:00,oof,1721.8800104682819,1024.062432075556,1745.9424425438378
2025-06-14 08:00:00+00:00,oof,1721.8800104682819,1023.9320890720419,1745.8120995403237
2025-06-14 12:00:00+00:00,oof,1721.8800104682819,1023.8017460685277,1745.6817565368096
2025-06-14 16:00:00+00:00,oof,1721.8800104682819,1023.6714030650136,1745.5514135332955
2025-06-14 20:00:00+00:00,oof,1721.8800104682819,1023.5410600614994,1745.421070529781
2025-06-15 00:00:00+00:00,oof,1721.8800104682819,1023.4107170579853,1745.290727526267
2025-06-15 04:00:00+00:00,oof,1721.8800104682819,1023.280374054471,1745.1603845227528
2025-06-15 08:00:00+00:00,oof,1721.8800104682819,1023.150031050957,1745.0300415192387
2025-06-15 12:00:00+00:00,oof,1721.8800104682819,1023.0196880474427,1744.8996985157246
2025-06-15 16:00:00+00:00,oof,1721.8800104682819,1023.0196880474427,1744.8996985157246
2025-06-15 20:00:00+00:00,oof,1721.8800104682819,1023.0196880474427,1744.8996985157246
2025-06-16 00:00:00+00:00,oof,1721.8800104682819,1023.0196880474427,1744.8996985157246
2025-06-16 04:00:00+00:00,oof,1721.8800104682819,1023.0196880474427,1744.8996985157246
2025-06-16 08:00:00+00:00,oof,1721.8800104682819,1023.0196880474427,1744.8996985157246
2025-06-16 12:00:00+00:00,oof,1721.8800104682819,1023.0196880474427,1744.8996985157246
2025-06-16 16:00:00+00:00,oof,1721.8800104682819,1023.0196880474427,1744.8996985157246
2025-06-16 20:00:00+00:00,oof,1721.8800104682819,1023.0196880474427,1744.8996985157246
2025-06-17 00:00:00+00:00,oof,1721.8800104682819,1022.05227558175,1743.932286050032
2025-06-17 04:00:00+00:00,oof,1721.8800104682819,1022.05227558175,1743.932286050032
2025-06-17 08:00:00+00:00,oof,1721.8800104682819,1022.05227558175,1743.932286050032
2025-06-17 12:00:00+00:00,oof,1721.8800104682819,1022.05227558175,1743.932286050032
2025-06-17 16:00:00+00:00,oof,1721.8800104682819,1022.4544097666319,1744.3344202349135
2025-06-17 20:00:00+00:00,oof,1721.8800104682819,1022.8565439515139,1744.7365544197955
2025-06-18 00:00:00+00:00,oof,1721.8800104682819,1023.2586781363958,1745.1386886046776
2025-06-18 04:00:00+00:00,oof,1721.8800104682819,1023.6608123212778,1745.5408227895596
2025-06-18 08:00:00+00:00,oof,1721.8800104682819,1024.0629465061597,1745.9429569744416
2025-06-18 12:00:00+00:00,oof,1721.8800104682819,1024.4650806910417,1746.3450911593236
2025-06-18 16:00:00+00:00,oof,1721.8800104682819,1024.8672148759235,1746.7472253442056
2025-06-18 20:00:00+00:00,oof,1721.8800104682819,1025.2693490608056,1747.1493595290876
2025-06-19 00:00:00+00:00,oof,1721.8800104682819,1025.6714832456876,1747.5514937139696
2025-06-19 04:00:00+00:00,oof,1721.8800104682819,1026.0736174305694,1747.9536278988512
2025-06-19 08:00:00+00:00,oof,1721.8800104682819,1026.4757516154514,1748.3557620837332
2025-06-19 12:00:00+00:00,oof,1721.8800104682819,1026.8778858003334,1748.7578962686152
2025-06-19 16:00:00+00:00,oof,1721.8800104682819,1026.8778858003334,1748.7578962686152
2025-06-19 20:00:00+00:00,oof,1721.8800104682819,1026.0119167119115,1747.8919271801933
2025-06-20 00:00:00+00:00,oof,1721.8800104682819,1026.0119167119115,1747.8919271801933
2025-06-20 04:00:00+00:00,oof,1721.8800104682819,1025.1760319821342,1747.056042450416
2025-06-20 08:00:00+00:00,oof,1721.8800104682819,1025.1760319821342,1747.056042450416
2025-06-20 12:00:00+00:00,oof,1721.8800104682819,1025.1760319821342,1747.056042450416
2025-06-20 16:00:00+00:00,oof,1719.5293568407587,1029.5773392371798,1749.1066960779385
2025-06-20 20:00:00+00:00,oof,1719.5293568407587,1029.5773392371798,1749.1066960779385
2025-06-21 00:00:00+00:00,oof,1719.5293568407587,1028.6086055579335,1748.1379623986923
2025-06-21 04:00:00+00:00,oof,1719.5293568407587,1028.6086055579335,1748.1379623986923
2025-06-21 08:00:00+00:00,oof,1719.5293568407587,1027.71158237947,1747.240939220229
2025-06-21 12:00:00+00:00,oof,1719.5293568407587,1027.71158237947,1747.240939220229
2025-06-21 16:00:00+00:00,oof,1719.5293568407587,1027.71158237947,1747.240939220229
2025-06-21 20:00:00+00:00,oof,1719.5293568407587,1032.0996705837035,1751.629027424462
2025-06-22 00:00:00+00:00,oof,1719.5293568407587,1032.0996705837035,1751.629027424462
2025-06-22 04:00:00+00:00,oof,1719.5293568407587,1032.0996705837035,1751.629027424462
2025-06-22 08:00:00+00:00,oof,1719.5293568407587,1032.0996705837035,1751.629027424462
2025-06-22 12:00:00+00:00,oof,1719.5293568407587,1037.1643242267344,1756.6936810674933
2025-06-22 16:00:00+00:00,oof,1719.5293568407587,1037.1643242267344,1756.6936810674933
2025-06-22 20:00:00+00:00,oof,1719.5293568407587,1036.0590032610457,1755.5883601018045
2025-06-23 00:00:00+00:00,oof,1719.5293568407587,1036.0590032610457,1755.5883601018045
2025-06-23 04:00:00+00:00,oof,1719.5293568407587,1034.9633308329019,1754.4926876736608
2025-06-23 08:00:00+00:00,oof,1719.5293568407587,1034.9633308329019,1754.4926876736608
2025-06-23 12:00:00+00:00,oof,1719.5293568407587,1033.937956997619,1753.4673138383778
2025-06-23 16:00:00+00:00,oof,1719.5293568407587,1033.937956997619,1753.4673138383778
2025-06-23 20:00:00+00:00,oof,1719.5293568407587,1033.937956997619,1753.4673138383778
2025-06-24 00:00:00+00:00,oof,1719.5293568407587,1033.937956997619,1753.4673138383778
2025-06-24 04:00:00+00:00,oof,1719.5293568407587,1033.937956997619,1753.4673138383778
2025-06-24 08:00:00+00:00,oof,1719.5293568407587,1033.937956997619,1753.4673138383778
2025-06-24 12:00:00+00:00,oof,1719.5293568407587,1033.937956997619,1753.4673138383778
2025-06-24 16:00:00+00:00,oof,1719.5293568407587,1033.937956997619,1753.4673138383778
2025-06-24 20:00:00+00:00,oof,1719.5293568407587,1033.937956997619,1753.4673138383778
2025-06-25 00:00:00+00:00,oof,1719.5293568407587,1033.937956997619,1753.4673138383778
2025-06-25 04:00:00+00:00,oof,1719.5293568407587,1033.937956997619,1753.4673138383778
2025-06-25 08:00:00+00:00,oof,1718.9741381206225,1033.937956997619,1752.9120951182413
2025-06-25 12:00:00+00:00,oof,1718.4189194004862,1033.937956997619,1752.3568763981052
2025-06-25 16:00:00+00:00,oof,1717.8637006803497,1033.937956997619,1751.8016576779687
2025-06-25 20:00:00+00:00,oof,1717.3084819602136,1033.937956997619,1751.2464389578327
2025-06-26 00:00:00+00:00,oof,1717.3084819602136,1033.937956997619,1751.2464389578327
2025-06-26 04:00:00+00:00,oof,1717.3084819602136,1033.937956997619,1751.2464389578327
2025-06-26 08:00:00+00:00,oof,1716.0393547233828,1033.937956997619,1749.9773117210016
2025-06-26 12:00:00+00:00,oof,1714.7702274865521,1033.937956997619,1748.7081844841714
2025-06-26 16:00:00+00:00,oof,1714.7702274865521,1033.937956997619,1748.7081844841714
2025-06-26 20:00:00+00:00,oof,1712.370929900429,1033.7851149965475,1746.1560448969767
2025-06-27 00:00:00+00:00,oof,1712.370929900429,1033.6322729954761,1746.003202895905
2025-06-27 04:00:00+00:00,oof,1712.370929900429,1033.4794309944045,1745.8503608948336
2025-06-27 08:00:00+00:00,oof,1712.9714111643727,1033.326588993333,1746.2980001577057
2025-06-27 12:00:00+00:00,oof,1713.5718924283165,1033.1737469922614,1746.7456394205778
2025-06-27 16:00:00+00:00,oof,1714.1723736922602,1033.02090499119,1747.1932786834504
2025-06-27 20:00:00+00:00,oof,1714.772854956204,1033.02090499119,1747.793759947394
2025-06-28 00:00:00+00:00,oof,1715.3733362201476,1032.1176038882948,1747.4909401084424
2025-06-28 04:00:00+00:00,oof,1715.9738174840916,1032.1176038882948,1748.0914213723863
2025-06-28 08:00:00+00:00,oof,1715.9738174840916,1032.1176038882948,1748.0914213723863
2025-06-28 12:00:00+00:00,oof,1715.9738174840916,1032.1176038882948,1748.0914213723863
2025-06-28 16:00:00+00:00,oof,1719.0799611644125,1032.1176038882948,1751.1975650527074
2025-06-28 20:00:00+00:00,oof,1719.0799611644125,1032.1176038882948,1751.1975650527074
2025-06-29 00:00:00+00:00,oof,1719.0799611644125,1032.1176038882948,1751.1975650527074
2025-06-29 04:00:00+00:00,oof,1719.0078197234134,1032.1176038882948,1751.1254236117084
2025-06-29 08:00:00+00:00,oof,1718.9356782824145,1032.1176038882948,1751.0532821707093
2025-06-29 12:00:00+00:00,oof,1718.8635368414155,1032.1176038882948,1750.9811407297102
2025-06-29 16:00:00+00:00,oof,1718.7913954004166,1032.1176038882948,1750.9089992887111
2025-06-29 20:00:00+00:00,oof,1718.7192539594175,1032.1176038882948,1750.836857847712
2025-06-30 00:00:00+00:00,oof,1718.6471125184187,1032.1176038882948,1750.7647164067134
2025-06-30 04:00:00+00:00,oof,1718.5749710774198,1032.1176038882948,1750.6925749657148
2025-06-30 08:00:00+00:00,oof,1718.5749710774198,1032.1176038882948,1750.6925749657148
2025-06-30 12:00:00+00:00,oof,1718.5749710774198,1032.1176038882948,1750.6925749657148
2025-06-30 16:00:00+00:00,oof,1718.5749710774198,1032.1176038882948,1750.6925749657148
2025-06-30 20:00:00+00:00,oof,1716.4107329098192,1032.1176038882948,1748.5283367981137
2025-07-01 00:00:00+00:00,oof,1716.4107329098192,1032.1176038882948,1748.5283367981137
2025-07-01 04:00:00+00:00,oof,1714.2342616931205,1032.1176038882948,1746.351865581415
2025-07-01 08:00:00+00:00,oof,1714.2342616931205,1032.1176038882948,1746.351865581415
2025-07-01 12:00:00+00:00,oof,1714.2342616931205,1032.1176038882948,1746.351865581415
2025-07-01 16:00:00+00:00,oof,1714.2342616931205,1032.1176038882948,1746.351865581415
2025-07-01 20:00:00+00:00,oof,1714.2342616931205,1032.1176038882948,1746.351865581415
2025-07-02 00:00:00+00:00,oof,1714.2342616931205,1032.1176038882948,1746.351865581415
2025-07-02 04:00:00+00:00,oof,1714.2342616931205,1032.1176038882948,1746.351865581415
2025-07-02 08:00:00+00:00,oof,1714.2342616931205,1032.1176038882948,1746.351865581415
2025-07-02 12:00:00+00:00,oof,1714.2342616931205,1032.1176038882948,1746.351865581415
2025-07-02 16:00:00+00:00,oof,1714.2342616931205,1032.1176038882948,1746.351865581415
2025-07-02 20:00:00+00:00,oof,1715.2092788710784,1032.1176038882948,1747.326882759373
2025-07-03 00:00:00+00:00,oof,1716.1842960490362,1032.1176038882948,1748.3018999373307
2025-07-03 04:00:00+00:00,oof,1717.159313226994,1032.1176038882948,1749.2769171152886
2025-07-03 08:00:00+00:00,oof,1717.159313226994,1032.1176038882948,1749.2769171152886
2025-07-03 12:00:00+00:00,oof,1715.182001715124,1032.1176038882948,1747.299605603419
2025-07-03 16:00:00+00:00,oof,1715.182001715124,1032.1176038882948,1747.299605603419
2025-07-03 20:00:00+00:00,oof,1715.182001715124,1032.1176038882948,1747.299605603419
2025-07-04 00:00:00+00:00,oof,1714.6131423092704,1032.1176038882948,1746.7307461975652
2025-07-04 04:00:00+00:00,oof,1714.0442829034166,1032.1176038882948,1746.1618867917114
2025-07-04 08:00:00+00:00,oof,1713.4754234975628,1032.1176038882948,1745.5930273858576
2025-07-04 12:00:00+00:00,oof,1713.4754234975628,1032.1176038882948,1745.5930273858576
2025-07-04 16:00:00+00:00,oof,1713.4754234975628,1032.1176038882948,1745.5930273858576
2025-07-04 20:00:00+00:00,oof,1713.4754234975628,1032.1176038882948,1745.5930273858576
2025-07-05 00:00:00+00:00,oof,1713.4754234975628,1032.1176038882948,1745.5930273858576
2025-07-05 04:00:00+00:00,oof,1713.4754234975628,1032.1176038882948,1745.5930273858576
2025-07-05 08:00:00+00:00,oof,1713.4754234975628,1032.1176038882948,1745.5930273858576
2025-07-05 12:00:00+00:00,oof,1713.4754234975628,1032.1176038882948,1745.5930273858576
2025-07-05 16:00:00+00:00,oof,1713.4754234975628,1032.1176038882948,1745.5930273858576
2025-07-05 20:00:00+00:00,oof,1713.4754234975628,1032.1176038882948,1745.5930273858576
2025-07-06 00:00:00+00:00,oof,1713.4754234975628,1032.1176038882948,1745.5930273858576
2025-07-06 04:00:00+00:00,oof,1713.4754234975628,1032.1176038882948,1745.5930273858576
2025-07-06 08:00:00+00:00,oof,1713.4754234975628,1032.1176038882948,1745.5930273858576
2025-07-06 12:00:00+00:00,oof,1713.4754234975628,1032.1176038882948,1745.5930273858576
2025-07-06 16:00:00+00:00,oof,1713.4754234975628,1032.1176038882948,1745.5930273858576
2025-07-06 20:00:00+00:00,oof,1713.0676505102315,1032.1176038882948,1745.185254398526
2025-07-07 00:00:00+00:00,oof,1712.6598775229,1032.1176038882948,1744.7774814111945
2025-07-07 04:00:00+00:00,oof,1712.6598775229,1032.1176038882948,1744.7774814111945
2025-07-07 08:00:00+00:00,oof,1712.6598775229,1032.1176038882948,1744.7774814111945
2025-07-07 12:00:00+00:00,oof,1711.8872102740524,1032.1176038882948,1744.0048141623474
2025-07-07 16:00:00+00:00,oof,1711.114543025205,1032.1176038882948,1743.2321469134995
2025-07-07 20:00:00+00:00,oof,1711.114543025205,1032.1176038882948,1743.2321469134995
2025-07-08 00:00:00+00:00,oof,1711.114543025205,1032.1176038882948,1743.2321469134995
2025-07-08 04:00:00+00:00,oof,1711.114543025205,1032.1176038882948,1743.2321469134995
2025-07-08 08:00:00+00:00,oof,1711.114543025205,1032.1176038882948,1743.2321469134995
2025-07-08 12:00:00+00:00,oof,1711.114543025205,1032.1176038882948,1743.2321469134995
2025-07-08 16:00:00+00:00,oof,1711.114543025205,1032.1176038882948,1743.2321469134995
2025-07-08 20:00:00+00:00,oof,1711.8373947555542,1032.1176038882948,1743.9549986438487
2025-07-09 00:00:00+00:00,oof,1712.5602464859032,1032.1176038882948,1744.677850374198
2025-07-09 04:00:00+00:00,oof,1713.2830982162525,1032.1176038882948,1745.4007021045472
2025-07-09 08:00:00+00:00,oof,1713.2830982162525,1032.1176038882948,1745.4007021045472
2025-07-09 12:00:00+00:00,oof,1713.2830982162525,1032.1176038882948,1745.4007021045472
2025-07-09 16:00:00+00:00,oof,1715.4409294443988,1032.1176038882948,1747.5585333326935
2025-07-09 20:00:00+00:00,oof,1715.4409294443988,1032.1176038882948,1747.5585333326935
2025-07-10 00:00:00+00:00,oof,1715.4409294443988,1032.1176038882948,1747.5585333326935
2025-07-10 04:00:00+00:00,oof,1716.013519753265,1032.1176038882948,1748.1311236415595
2025-07-10 08:00:00+00:00,oof,1716.5861100621314,1032.1176038882948,1748.7037139504264
2025-07-10 12:00:00+00:00,oof,1717.1587003709976,1032.1176038882948,1749.2763042592924
2025-07-10 16:00:00+00:00,oof,1717.731290679864,1032.1176038882948,1749.8488945681588
2025-07-10 20:00:00+00:00,oof,1717.731290679864,1032.1176038882948,1749.8488945681588
2025-07-11 00:00:00+00:00,oof,1717.731290679864,1032.1176038882948,1749.8488945681588
2025-07-11 04:00:00+00:00,oof,1717.307897113134,1032.1176038882948,1749.4255010014285
2025-07-11 08:00:00+00:00,oof,1716.8845035464042,1032.1176038882948,1749.0021074346987
2025-07-11 12:00:00+00:00,oof,1716.4611099796741,1032.1176038882948,1748.5787138679689
2025-07-11 16:00:00+00:00,oof,1716.4611099796741,1032.1176038882948,1748.5787138679689
2025-07-11 20:00:00+00:00,oof,1714.3814019973559,1032.1176038882948,1746.4990058856506
2025-07-12 00:00:00+00:00,oof,1714.3814019973559,1032.1176038882948,1746.4990058856506
2025-07-12 04:00:00+00:00,oof,1714.3814019973559,1032.1176038882948,1746.4990058856506
2025-07-12 08:00:00+00:00,oof,1713.317720862876,1032.1176038882948,1745.4353247511708
2025-07-12 12:00:00+00:00,oof,1712.254039728396,1032.1176038882948,1744.3716436166906
2025-07-12 16:00:00+00:00,oof,1712.254039728396,1032.1176038882948,1744.3716436166906
2025-07-12 20:00:00+00:00,oof,1712.254039728396,1032.1176038882948,1744.3716436166906
2025-07-13 00:00:00+00:00,oof,1712.254039728396,1032.1176038882948,1744.3716436166906
2025-07-13 04:00:00+00:00,oof,1712.254039728396,1032.1176038882948,1744.3716436166906
2025-07-13 08:00:00+00:00,oof,1712.254039728396,1032.1176038882948,1744.3716436166906
2025-07-13 12:00:00+00:00,oof,1712.254039728396,1032.1176038882948,1744.3716436166906
2025-07-13 16:00:00+00:00,oof,1712.254039728396,1032.1176038882948,1744.3716436166906
2025-07-13 20:00:00+00:00,oof,1713.4741042030225,1032.1176038882948,1745.5917080913173
2025-07-14 00:00:00+00:00,oof,1714.694168677649,1032.1176038882948,1746.811772565944
2025-07-14 04:00:00+00:00,oof,1714.694168677649,1032.1176038882948,1746.811772565944
2025-07-14 08:00:00+00:00,oof,1714.694168677649,1032.1176038882948,1746.811772565944
2025-07-14 12:00:00+00:00,oof,1712.7020771832958,1032.1176038882948,1744.8196810715908
2025-07-14 16:00:00+00:00,oof,1712.7020771832958,1032.1176038882948,1744.8196810715908
2025-07-14 20:00:00+00:00,oof,1712.7020771832958,1032.1176038882948,1744.8196810715908
2025-07-15 00:00:00+00:00,oof,1712.7020771832958,1032.1176038882948,1744.8196810715908
2025-07-15 04:00:00+00:00,oof,1712.7020771832958,1032.1176038882948,1744.8196810715908
2025-07-15 08:00:00+00:00,oof,1712.7020771832958,1032.1176038882948,1744.8196810715908
2025-07-15 12:00:00+00:00,oof,1712.7020771832958,1032.1176038882948,1744.8196810715908
2025-07-15 16:00:00+00:00,oof,1712.7020771832958,1032.1176038882948,1744.8196810715908
2025-07-15 20:00:00+00:00,oof,1713.4435110203437,1032.1176038882948,1745.5611149086385
2025-07-16 00:00:00+00:00,oof,1714.1849448573917,1032.1176038882948,1746.3025487456862
2025-07-16 04:00:00+00:00,oof,1714.9263786944396,1032.1176038882948,1747.0439825827343
2025-07-16 08:00:00+00:00,oof,1715.6678125314875,1032.1176038882948,1747.7854164197825
2025-07-16 12:00:00+00:00,oof,1715.6678125314875,1032.1176038882948,1747.7854164197825
2025-07-16 16:00:00+00:00,oof,1718.6155180396154,1032.1176038882948,1750.7331219279104
2025-07-16 20:00:00+00:00,oof,1718.6155180396154,1032.1176038882948,1750.7331219279104
2025-07-17 00:00:00+00:00,oof,1716.424885245806,1032.1176038882948,1748.5424891341008
2025-07-17 04:00:00+00:00,oof,1716.424885245806,1032.1176038882948,1748.5424891341008
2025-07-17 08:00:00+00:00,oof,1716.424885245806,1032.1176038882948,1748.5424891341008
2025-07-17 12:00:00+00:00,oof,1715.8891471787877,1032.1176038882948,1748.0067510670824
2025-07-17 16:00:00+00:00,oof,1715.3534091117692,1032.1176038882948,1747.471013000064
2025-07-17 20:00:00+00:00,oof,1715.3534091117692,1032.1176038882948,1747.471013000064
2025-07-18 00:00:00+00:00,oof,1715.3534091117692,1032.1176038882948,1747.471013000064
2025-07-18 04:00:00+00:00,oof,1715.3534091117692,1032.1176038882948,1747.471013000064
2025-07-18 08:00:00+00:00,oof,1715.3534091117692,1032.1176038882948,1747.471013000064
2025-07-18 12:00:00+00:00,oof,1715.3534091117692,1032.1176038882948,1747.471013000064
2025-07-18 16:00:00+00:00,oof,1715.3534091117692,1032.1176038882948,1747.471013000064
2025-07-18 20:00:00+00:00,oof,1715.3534091117692,1032.1176038882948,1747.471013000064
2025-07-19 00:00:00+00:00,oof,1715.3534091117692,1032.1176038882948,1747.471013000064
2025-07-19 04:00:00+00:00,oof,1715.3534091117692,1032.1176038882948,1747.471013000064
2025-07-19 08:00:00+00:00,oof,1715.3534091117692,1032.1176038882948,1747.471013000064
2025-07-19 12:00:00+00:00,oof,1715.3534091117692,1032.1176038882948,1747.471013000064
2025-07-19 16:00:00+00:00,oof,1715.9217684770604,1032.1176038882948,1748.0393723653551
2025-07-19 20:00:00+00:00,oof,1716.4901278423515,1032.1176038882948,1748.6077317306463
2025-07-20 00:00:00+00:00,oof,1717.0584872076424,1032.1176038882948,1749.1760910959374
2025-07-20 04:00:00+00:00,oof,1717.6268465729336,1032.1176038882948,1749.7444504612286
2025-07-20 08:00:00+00:00,oof,1718.1952059382247,1032.1176038882948,1750.3128098265197
2025-07-20 12:00:00+00:00,oof,1718.7635653035159,1032.1176038882948,1750.8811691918108
2025-07-20 16:00:00+00:00,oof,1718.7635653035159,1032.1176038882948,1750.8811691918108
2025-07-20 20:00:00+00:00,oof,1716.6630520650078,1032.1176038882948,1748.7806559533028
2025-07-21 00:00:00+00:00,oof,1716.6630520650078,1032.1176038882948,1748.7806559533028
2025-07-21 04:00:00+00:00,oof,1716.6630520650078,1032.1176038882948,1748.7806559533028
2025-07-21 08:00:00+00:00,oof,1719.8369969197465,1032.1176038882948,1751.9546008080415
2025-07-21 12:00:00+00:00,oof,1719.8369969197465,1032.1176038882948,1751.9546008080415
2025-07-21 16:00:00+00:00,oof,1719.8369969197465,1032.1176038882948,1751.9546008080415
2025-07-21 20:00:00+00:00,oof,1721.504393079261,1032.1176038882948,1753.6219969675558
2025-07-22 00:00:00+00:00,oof,1723.1717892387755,1032.1176038882948,1755.28939312707
2025-07-22 04:00:00+00:00,oof,1723.1717892387755,1032.1176038882948,1755.28939312707
2025-07-22 08:00:00+00:00,oof,1723.1717892387755,1032.1176038882948,1755.28939312707
2025-07-22 12:00:00+00:00,oof,1723.1717892387755,1032.1176038882948,1755.28939312707
2025-07-22 16:00:00+00:00,oof,1723.1717892387755,1032.1176038882948,1755.28939312707
2025-07-22 20:00:00+00:00,oof,1723.1717892387755,1032.1176038882948,1755.28939312707
2025-07-23 00:00:00+00:00,oof,1723.1717892387755,1032.1176038882948,1755.28939312707
2025-07-23 04:00:00+00:00,oof,1723.1717892387755,1032.1176038882948,1755.28939312707
2025-07-23 08:00:00+00:00,oof,1723.1717892387755,1032.1176038882948,1755.28939312707
2025-07-23 12:00:00+00:00,oof,1723.1717892387755,1032.1176038882948,1755.28939312707
2025-07-23 16:00:00+00:00,oof,1723.1717892387755,1032.1176038882948,1755.28939312707
2025-07-23 20:00:00+00:00,oof,1723.1717892387755,1032.1176038882948,1755.28939312707
2025-07-24 00:00:00+00:00,oof,1723.1717892387755,1032.1176038882948,1755.28939312707
2025-07-24 04:00:00+00:00,oof,1723.1717892387755,1032.1176038882948,1755.28939312707
2025-07-24 08:00:00+00:00,oof,1723.1717892387755,1032.1176038882948,1755.28939312707
2025-07-24 12:00:00+00:00,oof,1723.1717892387755,1032.1176038882948,1755.28939312707
2025-07-24 16:00:00+00:00,oof,1723.1717892387755,1032.1176038882948,1755.28939312707
2025-07-24 20:00:00+00:00,oof,1723.1717892387755,1032.1176038882948,1755.28939312707
2025-07-25 00:00:00+00:00,oof,1723.1717892387755,1032.1176038882948,1755.28939312707
2025-07-25 04:00:00+00:00,oof,1723.1717892387755,1032.1176038882948,1755.28939312707
2025-07-25 08:00:00+00:00,oof,1723.1717892387755,1032.1176038882948,1755.28939312707
2025-07-25 12:00:00+00:00,oof,1723.1717892387755,1032.1176038882948,1755.28939312707
2025-07-25 16:00:00+00:00,oof,1723.1717892387755,1032.1176038882948,1755.28939312707
2025-07-25 20:00:00+00:00,oof,1723.1717892387755,1032.1176038882948,1755.28939312707
2025-07-26 00:00:00+00:00,oof,1723.1717892387755,1032.1176038882948,1755.28939312707
2025-07-26 04:00:00+00:00,oof,1723.1717892387755,1032.1176038882948,1755.28939312707
2025-07-26 08:00:00+00:00,oof,1723.1717892387755,1032.1176038882948,1755.28939312707
2025-07-26 12:00:00+00:00,oof,1723.1717892387755,1032.1176038882948,1755.28939312707
2025-07-26 16:00:00+00:00,oof,1723.1717892387755,1032.1176038882948,1755.28939312707
2025-07-26 20:00:00+00:00,oof,1723.1717892387755,1032.1176038882948,1755.28939312707
2025-07-27 00:00:00+00:00,oof,1723.1717892387755,1032.1176038882948,1755.28939312707
2025-07-27 04:00:00+00:00,oof,1723.1717892387755,1032.1176038882948,1755.28939312707
2025-07-27 08:00:00+00:00,oof,1723.1717892387755,1032.1176038882948,1755.28939312707
2025-07-27 12:00:00+00:00,oof,1723.1717892387755,1032.1176038882948,1755.28939312707
2025-07-27 16:00:00+00:00,oof,1723.1717892387755,1032.1176038882948,1755.28939312707
2025-07-27 20:00:00+00:00,oof,1723.1717892387755,1032.1176038882948,1755.28939312707
2025-07-28 00:00:00+00:00,oof,1723.1717892387755,1032.1176038882948,1755.28939312707
2025-07-28 04:00:00+00:00,oof,1726.29275624502,1032.1176038882948,1758.4103601333145
2025-07-28 08:00:00+00:00,oof,1726.29275624502,1032.1176038882948,1758.4103601333145
2025-07-28 12:00:00+00:00,oof,1726.29275624502,1032.1176038882948,1758.4103601333145
2025-07-28 16:00:00+00:00,oof,1726.29275624502,1032.1176038882948,1758.4103601333145
2025-07-28 20:00:00+00:00,oof,1726.29275624502,1032.1176038882948,1758.4103601333145
2025-07-29 00:00:00+00:00,oof,1726.29275624502,1032.1176038882948,1758.4103601333145
2025-07-29 04:00:00+00:00,oof,1726.29275624502,1032.1176038882948,1758.4103601333145
2025-07-29 08:00:00+00:00,oof,1726.29275624502,1032.1176038882948,1758.4103601333145
2025-07-29 12:00:00+00:00,oof,1726.29275624502,1032.1176038882948,1758.4103601333145
2025-07-29 16:00:00+00:00,oof,1726.29275624502,1032.1176038882948,1758.4103601333145
2025-07-29 20:00:00+00:00,oof,1726.29275624502,1032.1176038882948,1758.4103601333145
2025-07-30 00:00:00+00:00,oof,1726.29275624502,1032.1176038882948,1758.4103601333145
2025-07-30 04:00:00+00:00,oof,1726.29275624502,1032.1176038882948,1758.4103601333145
2025-07-30 08:00:00+00:00,oof,1723.9319613248858,1032.1176038882948,1756.0495652131804
2025-07-30 12:00:00+00:00,oof,1723.9319613248858,1032.1176038882948,1756.0495652131804
2025-07-30 16:00:00+00:00,oof,1723.9319613248858,1036.6064351163357,1760.5383964412213
2025-07-30 20:00:00+00:00,oof,1723.9319613248858,1036.6064351163357,1760.5383964412213
2025-07-31 00:00:00+00:00,oof,1723.9319613248858,1035.6310065161476,1759.5629678410332
2025-07-31 04:00:00+00:00,oof,1723.9319613248858,1035.6310065161476,1759.5629678410332
2025-07-31 08:00:00+00:00,oof,1723.9319613248858,1034.7284731409427,1758.6604344658285
2025-07-31 12:00:00+00:00,oof,1721.596206733222,1034.7284731409427,1756.3246798741648
2025-07-31 16:00:00+00:00,oof,1721.596206733222,1033.8082317470437,1755.4044384802655
2025-07-31 20:00:00+00:00,oof,1721.596206733222,1033.8082317470437,1755.4044384802655
2025-08-01 00:00:00+00:00,oof,1721.596206733222,1033.8082317470437,1755.4044384802655
2025-08-01 04:00:00+00:00,oof,1721.596206733222,1034.768069775898,1756.36427650912
2025-08-01 08:00:00+00:00,oof,1721.596206733222,1035.7279078047525,1757.3241145379743
2025-08-01 12:00:00+00:00,oof,1721.596206733222,1036.6877458336066,1758.2839525668287
2025-08-01 16:00:00+00:00,oof,1721.596206733222,1037.647583862461,1759.243790595683
2025-08-01 20:00:00+00:00,oof,1721.596206733222,1038.6074218913154,1760.2036286245375
2025-08-02 00:00:00+00:00,oof,1721.596206733222,1038.6074218913154,1760.2036286245375
2025-08-02 04:00:00+00:00,oof,1721.596206733222,1038.6074218913154,1760.2036286245375
2025-08-02 08:00:00+00:00,oof,1721.596206733222,1038.6675317045417,1760.263738437764
2025-08-02 12:00:00+00:00,oof,1721.596206733222,1038.727641517768,1760.32384825099
2025-08-02 16:00:00+00:00,oof,1721.596206733222,1038.7877513309943,1760.3839580642161
2025-08-02 20:00:00+00:00,oof,1721.596206733222,1038.8478611442204,1760.4440678774426
2025-08-03 00:00:00+00:00,oof,1721.596206733222,1038.9079709574467,1760.5041776906687
2025-08-03 04:00:00+00:00,oof,1721.596206733222,1038.968080770673,1760.5642875038948
2025-08-03 08:00:00+00:00,oof,1721.596206733222,1039.0281905838992,1760.6243973171213
2025-08-03 12:00:00+00:00,oof,1721.596206733222,1039.0883003971255,1760.6845071303478
2025-08-03 16:00:00+00:00,oof,1721.596206733222,1039.1484102103518,1760.7446169435739
2025-08-03 20:00:00+00:00,oof,1722.1649431529847,1039.208520023578,1761.3734631765628
2025-08-04 00:00:00+00:00,oof,1722.7336795727474,1039.2686298368042,1762.0023094095513
2025-08-04 04:00:00+00:00,oof,1723.30241599251,1039.3287396500305,1762.6311556425408
2025-08-04 08:00:00+00:00,oof,1723.8711524122727,1039.3287396500305,1763.1998920623032
2025-08-04 12:00:00+00:00,oof,1724.4398888320354,1038.5006978352621,1762.9405866672978
2025-08-04 16:00:00+00:00,oof,1725.008625251798,1038.5006978352621,1763.5093230870602
2025-08-04 20:00:00+00:00,oof,1725.008625251798,1038.5006978352621,1763.5093230870602
2025-08-05 00:00:00+00:00,oof,1725.008625251798,1038.5006978352621,1763.5093230870602
2025-08-05 04:00:00+00:00,oof,1725.008625251798,1038.5006978352621,1763.5093230870602
2025-08-05 08:00:00+00:00,oof,1725.008625251798,1038.5006978352621,1763.5093230870602
2025-08-05 12:00:00+00:00,oof,1725.008625251798,1038.5006978352621,1763.5093230870602
2025-08-05 16:00:00+00:00,oof,1725.008625251798,1038.5006978352621,1763.5093230870602
2025-08-05 20:00:00+00:00,oof,1725.008625251798,1038.3082121861587,1763.3168374379566
2025-08-06 00:00:00+00:00,oof,1725.008625251798,1038.1157265370553,1763.1243517888533
2025-08-06 04:00:00+00:00,oof,1725.008625251798,1037.9232408879518,1762.9318661397501
2025-08-06 08:00:00+00:00,oof,1725.008625251798,1037.7307552388481,1762.739380490646
2025-08-06 12:00:00+00:00,oof,1725.008625251798,1037.538269589745,1762.5468948415428
2025-08-06 16:00:00+00:00,oof,1725.008625251798,1037.538269589745,1762.5468948415428
2025-08-06 20:00:00+00:00,oof,1725.008625251798,1037.538269589745,1762.5468948415428
2025-08-07 00:00:00+00:00,oof,1725.008625251798,1037.538269589745,1762.5468948415428
2025-08-07 04:00:00+00:00,oof,1725.008625251798,1037.538269589745,1762.5468948415428
2025-08-07 08:00:00+00:00,oof,1725.008625251798,1037.538269589745,1762.5468948415428
2025-08-07 12:00:00+00:00,oof,1725.008625251798,1037.538269589745,1762.5468948415428
2025-08-07 16:00:00+00:00,oof,1725.008625251798,1037.538269589745,1762.5468948415428
2025-08-07 20:00:00+00:00,oof,1725.008625251798,1037.538269589745,1762.5468948415428
2025-08-08 00:00:00+00:00,oof,1725.008625251798,1037.538269589745,1762.5468948415428
2025-08-08 04:00:00+00:00,oof,1725.008625251798,1037.538269589745,1762.5468948415428
2025-08-08 08:00:00+00:00,oof,1725.008625251798,1037.538269589745,1762.5468948415428
2025-08-08 12:00:00+00:00,oof,1725.008625251798,1037.538269589745,1762.5468948415428
2025-08-08 16:00:00+00:00,oof,1725.008625251798,1037.538269589745,1762.5468948415428
2025-08-08 20:00:00+00:00,oof,1725.008625251798,1037.538269589745,1762.5468948415428
2025-08-09 00:00:00+00:00,oof,1725.008625251798,1037.538269589745,1762.5468948415428
2025-08-09 04:00:00+00:00,oof,1725.008625251798,1037.538269589745,1762.5468948415428
2025-08-09 08:00:00+00:00,oof,1725.008625251798,1037.538269589745,1762.5468948415428
2025-08-09 12:00:00+00:00,oof,1725.008625251798,1037.538269589745,1762.5468948415428
2025-08-09 16:00:00+00:00,oof,1725.008625251798,1037.538269589745,1762.5468948415428
2025-08-09 20:00:00+00:00,oof,1725.008625251798,1037.538269589745,1762.5468948415428
2025-08-10 00:00:00+00:00,oof,1725.008625251798,1037.538269589745,1762.5468948415428
2025-08-10 04:00:00+00:00,oof,1725.008625251798,1037.538269589745,1762.5468948415428
2025-08-10 08:00:00+00:00,oof,1725.008625251798,1037.538269589745,1762.5468948415428
2025-08-10 12:00:00+00:00,oof,1725.008625251798,1037.538269589745,1762.5468948415428
2025-08-10 16:00:00+00:00,oof,1725.008625251798,1037.538269589745,1762.5468948415428
2025-08-10 20:00:00+00:00,oof,1725.008625251798,1037.538269589745,1762.5468948415428
2025-08-11 00:00:00+00:00,oof,1725.008625251798,1037.538269589745,1762.5468948415428
2025-08-11 04:00:00+00:00,oof,1725.008625251798,1037.538269589745,1762.5468948415428
2025-08-11 08:00:00+00:00,oof,1725.008625251798,1037.538269589745,1762.5468948415428
2025-08-11 12:00:00+00:00,oof,1725.008625251798,1037.538269589745,1762.5468948415428
2025-08-11 16:00:00+00:00,oof,1724.023558464946,1037.538269589745,1761.561828054691
2025-08-11 20:00:00+00:00,oof,1723.0384916780943,1037.538269589745,1760.5767612678392
2025-08-12 00:00:00+00:00,oof,1723.0384916780943,1037.538269589745,1760.5767612678392
2025-08-12 04:00:00+00:00,oof,1723.0384916780943,1037.538269589745,1760.5767612678392
2025-08-12 08:00:00+00:00,oof,1723.0384916780943,1037.538269589745,1760.5767612678392
2025-08-12 12:00:00+00:00,oof,1723.0384916780943,1037.538269589745,1760.5767612678392
2025-08-12 16:00:00+00:00,oof,1726.3081240425654,1037.538269589745,1763.8463936323105
2025-08-12 20:00:00+00:00,oof,1726.3081240425654,1037.538269589745,1763.8463936323105
2025-08-13 00:00:00+00:00,oof,1726.3081240425654,1037.538269589745,1763.8463936323105
2025-08-13 04:00:00+00:00,oof,1726.3081240425654,1037.538269589745,1763.8463936323105
2025-08-13 08:00:00+00:00,oof,1726.3081240425654,1037.538269589745,1763.8463936323105
2025-08-13 12:00:00+00:00,oof,1726.3081240425654,1037.538269589745,1763.8463936323105
2025-08-13 16:00:00+00:00,oof,1726.3081240425654,1037.538269589745,1763.8463936323105
2025-08-13 20:00:00+00:00,oof,1726.3081240425654,1037.538269589745,1763.8463936323105
2025-08-14 00:00:00+00:00,oof,1726.3081240425654,1037.538269589745,1763.8463936323105
2025-08-14 04:00:00+00:00,oof,1726.3081240425654,1037.538269589745,1763.8463936323105
2025-08-14 08:00:00+00:00,oof,1726.3081240425654,1037.538269589745,1763.8463936323105
2025-08-14 12:00:00+00:00,oof,1726.3081240425654,1037.538269589745,1763.8463936323105
2025-08-14 16:00:00+00:00,oof,1726.3081240425654,1037.538269589745,1763.8463936323105
2025-08-14 20:00:00+00:00,oof,1726.3081240425654,1037.538269589745,1763.8463936323105
2025-08-15 00:00:00+00:00,oof,1726.3081240425654,1037.538269589745,1763.8463936323105
2025-08-15 04:00:00+00:00,oof,1726.3081240425654,1037.538269589745,1763.8463936323105
2025-08-15 08:00:00+00:00,oof,1726.3081240425654,1037.538269589745,1763.8463936323105
2025-08-15 12:00:00+00:00,oof,1726.3081240425654,1037.538269589745,1763.8463936323105
2025-08-15 16:00:00+00:00,oof,1726.3081240425654,1037.538269589745,1763.8463936323105
2025-08-15 20:00:00+00:00,oof,1726.3081240425654,1037.538269589745,1763.8463936323105
2025-08-16 00:00:00+00:00,oof,1726.3081240425654,1037.538269589745,1763.8463936323105
2025-08-16 04:00:00+00:00,oof,1726.3081240425654,1037.538269589745,1763.8463936323105
2025-08-16 08:00:00+00:00,oof,1726.3081240425654,1037.538269589745,1763.8463936323105
2025-08-16 12:00:00+00:00,oof,1726.3081240425654,1037.538269589745,1763.8463936323105
2025-08-16 16:00:00+00:00,oof,1726.3081240425654,1037.538269589745,1763.8463936323105
2025-08-16 20:00:00+00:00,oof,1726.3081240425654,1037.538269589745,1763.8463936323105
2025-08-17 00:00:00+00:00,oof,1726.3081240425654,1037.538269589745,1763.8463936323105
2025-08-17 04:00:00+00:00,oof,1726.3081240425654,1037.538269589745,1763.8463936323105
2025-08-17 08:00:00+00:00,oof,1726.3081240425654,1037.538269589745,1763.8463936323105
2025-08-17 12:00:00+00:00,oof,1726.3081240425654,1037.538269589745,1763.8463936323105
2025-08-17 16:00:00+00:00,oof,1726.3081240425654,1037.538269589745,1763.8463936323105
2025-08-17 20:00:00+00:00,oof,1726.3081240425654,1037.538269589745,1763.8463936323105
2025-08-18 00:00:00+00:00,oof,1726.3081240425654,1037.538269589745,1763.8463936323105
2025-08-18 04:00:00+00:00,oof,1726.3081240425654,1037.538269589745,1763.8463936323105
2025-08-18 08:00:00+00:00,oof,1726.3081240425654,1037.538269589745,1763.8463936323105
2025-08-18 12:00:00+00:00,oof,1726.3081240425654,1037.538269589745,1763.8463936323105
2025-08-18 16:00:00+00:00,oof,1726.3081240425654,1037.538269589745,1763.8463936323105
2025-08-18 20:00:00+00:00,oof,1726.3081240425654,1037.538269589745,1763.8463936323105
2025-08-19 00:00:00+00:00,oof,1726.3081240425654,1037.538269589745,1763.8463936323105
2025-08-19 04:00:00+00:00,oof,1726.3081240425654,1037.538269589745,1763.8463936323105
2025-08-19 08:00:00+00:00,oof,1726.3081240425654,1036.5904660231088,1762.8985900656744
2025-08-19 12:00:00+00:00,oof,1726.3081240425654,1036.5904660231088,1762.8985900656744
2025-08-19 16:00:00+00:00,oof,1726.3081240425654,1036.5904660231088,1762.8985900656744
2025-08-19 20:00:00+00:00,oof,1726.3081240425654,1036.1053969742468,1762.4135210168124
2025-08-20 00:00:00+00:00,oof,1726.3081240425654,1035.6203279253846,1761.92845196795
2025-08-20 04:00:00+00:00,oof,1726.3081240425654,1035.6203279253846,1761.92845196795
2025-08-20 08:00:00+00:00,oof,1726.3081240425654,1034.7087092722131,1761.0168333147785
2025-08-20 12:00:00+00:00,oof,1727.99730687079,1034.7087092722131,1762.7060161430031
2025-08-20 16:00:00+00:00,oof,1729.6864896990146,1034.7087092722131,1764.3951989712277
2025-08-20 20:00:00+00:00,oof,1729.6864896990146,1034.7087092722131,1764.3951989712277
2025-08-21 00:00:00+00:00,oof,1729.6864896990146,1034.7087092722131,1764.3951989712277
2025-08-21 04:00:00+00:00,oof,1729.6864896990146,1034.7087092722131,1764.3951989712277
2025-08-21 08:00:00+00:00,oof,1727.280922076005,1034.7087092722131,1761.9896313482182
2025-08-21 12:00:00+00:00,oof,1727.280922076005,1033.8131076424602,1761.0940297184652
2025-08-21 16:00:00+00:00,oof,1727.280922076005,1033.8131076424602,1761.0940297184652
2025-08-21 20:00:00+00:00,oof,1727.280922076005,1032.9065013352936,1760.1874234112984
2025-08-22 00:00:00+00:00,oof,1727.280922076005,1032.9065013352936,1760.1874234112984
2025-08-22 04:00:00+00:00,oof,1727.280922076005,1032.0372938750022,1759.318215951007
2025-08-22 08:00:00+00:00,oof,1726.4959126289018,1032.0372938750022,1758.5332065039038
2025-08-22 12:00:00+00:00,oof,1725.710903181799,1031.1564023452972,1756.8673055270965
2025-08-22 16:00:00+00:00,oof,1725.710903181799,1031.1564023452972,1756.8673055270965
2025-08-22 20:00:00+00:00,oof,1725.710903181799,1031.1564023452972,1756.8673055270965
2025-08-23 00:00:00+00:00,oof,1725.710903181799,1031.1564023452972,1756.8673055270965
2025-08-23 04:00:00+00:00,oof,1725.710903181799,1031.1564023452972,1756.8673055270965
2025-08-23 08:00:00+00:00,oof,1725.710903181799,1031.1564023452972,1756.8673055270965
2025-08-23 12:00:00+00:00,oof,1725.710903181799,1031.1564023452972,1756.8673055270965
2025-08-23 16:00:00+00:00,oof,1725.710903181799,1031.1564023452972,1756.8673055270965
2025-08-23 20:00:00+00:00,oof,1725.710903181799,1031.1564023452972,1756.8673055270965
2025-08-24 00:00:00+00:00,oof,1729.295066552739,1031.1564023452972,1760.4514688980362
2025-08-24 04:00:00+00:00,oof,1729.295066552739,1031.1564023452972,1760.4514688980362
2025-08-24 08:00:00+00:00,oof,1729.295066552739,1031.1564023452972,1760.4514688980362
2025-08-24 12:00:00+00:00,oof,1728.0994281206697,1031.1564023452972,1759.255830465967
2025-08-24 16:00:00+00:00,oof,1726.9037896886002,1031.1564023452972,1758.0601920338977
2025-08-24 20:00:00+00:00,oof,1726.9037896886002,1031.1564023452972,1758.0601920338977
2025-08-25 00:00:00+00:00,oof,1726.9037896886002,1031.1564023452972,1758.0601920338977
2025-08-25 04:00:00+00:00,oof,1726.9037896886002,1031.1564023452972,1758.0601920338977
2025-08-25 08:00:00+00:00,oof,1726.9037896886002,1031.1564023452972,1758.0601920338977
2025-08-25 12:00:00+00:00,oof,1726.9037896886002,1031.1564023452972,1758.0601920338977
2025-08-25 16:00:00+00:00,oof,1726.9037896886002,1031.1564023452972,1758.0601920338977
2025-08-25 20:00:00+00:00,oof,1726.9037896886002,1031.1564023452972,1758.0601920338977
2025-08-26 00:00:00+00:00,oof,1726.9037896886002,1031.1564023452972,1758.0601920338977
2025-08-26 04:00:00+00:00,oof,1726.9037896886002,1031.1564023452972,1758.0601920338977
2025-08-26 08:00:00+00:00,oof,1726.9037896886002,1031.1564023452972,1758.0601920338977
2025-08-26 12:00:00+00:00,oof,1726.9037896886002,1031.1564023452972,1758.0601920338977
2025-08-26 16:00:00+00:00,oof,1726.9037896886002,1031.1564023452972,1758.0601920338977
2025-08-26 20:00:00+00:00,oof,1726.9037896886002,1031.1564023452972,1758.0601920338977
2025-08-27 00:00:00+00:00,oof,1726.9037896886002,1031.1564023452972,1758.0601920338977
2025-08-27 04:00:00+00:00,oof,1726.9037896886002,1031.1564023452972,1758.0601920338977
2025-08-27 08:00:00+00:00,oof,1726.9037896886002,1031.1564023452972,1758.0601920338977
2025-08-27 12:00:00+00:00,oof,1726.9037896886002,1031.1564023452972,1758.0601920338977
2025-08-27 16:00:00+00:00,oof,1726.9037896886002,1031.1564023452972,1758.0601920338977
2025-08-27 20:00:00+00:00,oof,1726.9037896886002,1031.1564023452972,1758.0601920338977
2025-08-28 00:00:00+00:00,oof,1726.9037896886002,1031.1564023452972,1758.0601920338977
2025-08-28 04:00:00+00:00,oof,1726.9037896886002,1031.1564023452972,1758.0601920338977
2025-08-28 08:00:00+00:00,oof,1726.9037896886002,1031.1564023452972,1758.0601920338977
2025-08-28 12:00:00+00:00,oof,1726.9037896886002,1031.1564023452972,1758.0601920338977
2025-08-28 16:00:00+00:00,oof,1726.9037896886002,1031.1564023452972,1758.0601920338977
2025-08-28 20:00:00+00:00,oof,1726.9037896886002,1031.1564023452972,1758.0601920338977
2025-08-29 00:00:00+00:00,oof,1726.9037896886002,1031.1564023452972,1758.0601920338977
2025-08-29 04:00:00+00:00,oof,1726.9037896886002,1031.1564023452972,1758.0601920338977
2025-08-29 08:00:00+00:00,oof,1726.9037896886002,1031.1564023452972,1758.0601920338977
2025-08-29 12:00:00+00:00,oof,1726.9037896886002,1031.1564023452972,1758.0601920338977
2025-08-29 16:00:00+00:00,oof,1726.9037896886002,1031.1564023452972,1758.0601920338977
2025-08-29 20:00:00+00:00,oof,1726.9037896886002,1031.1564023452972,1758.0601920338977
2025-08-30 00:00:00+00:00,oof,1726.9037896886002,1031.1564023452972,1758.0601920338977
2025-08-30 04:00:00+00:00,oof,1726.9037896886002,1031.1564023452972,1758.0601920338977
2025-08-30 08:00:00+00:00,oof,1726.9037896886002,1031.1564023452972,1758.0601920338977
2025-08-30 12:00:00+00:00,oof,1726.9037896886002,1031.1564023452972,1758.0601920338977
2025-08-30 16:00:00+00:00,oof,1726.9037896886002,1031.1564023452972,1758.0601920338977
2025-08-30 20:00:00+00:00,oof,1726.9037896886002,1031.1564023452972,1758.0601920338977
2025-08-31 00:00:00+00:00,oof,1726.9037896886002,1031.1564023452972,1758.0601920338977
2025-08-31 04:00:00+00:00,oof,1726.9037896886002,1031.1564023452972,1758.0601920338977
2025-08-31 08:00:00+00:00,oof,1726.9037896886002,1031.1564023452972,1758.0601920338977
2025-08-31 12:00:00+00:00,oof,1726.9037896886002,1031.1564023452972,1758.0601920338977
2025-08-31 16:00:00+00:00,oof,1726.9037896886002,1031.1564023452972,1758.0601920338977
2025-08-31 20:00:00+00:00,oof,1726.9037896886002,1031.1564023452972,1758.0601920338977
2025-09-01 00:00:00+00:00,oof,1726.9037896886002,1031.1564023452972,1758.0601920338977
2025-09-01 04:00:00+00:00,oof,1726.9037896886002,1031.1564023452972,1758.0601920338977
2025-09-01 08:00:00+00:00,oof,1726.9037896886002,1031.1564023452972,1758.0601920338977
2025-09-01 12:00:00+00:00,oof,1726.9037896886002,1031.1564023452972,1758.0601920338977
2025-09-01 16:00:00+00:00,oof,1726.9037896886002,1031.1564023452972,1758.0601920338977
2025-09-01 20:00:00+00:00,oof,1727.5085195799952,1031.1564023452972,1758.6649219252922
2025-09-02 00:00:00+00:00,oof,1728.1132494713902,1031.1564023452972,1759.2696518166877
2025-09-02 04:00:00+00:00,oof,1728.7179793627852,1031.1564023452972,1759.8743817080822
2025-09-02 08:00:00+00:00,oof,1729.3227092541802,1031.1564023452972,1760.4791115994776
2025-09-02 12:00:00+00:00,oof,1729.927439145575,1031.1564023452972,1761.0838414908721
2025-09-02 16:00:00+00:00,oof,1730.5321690369701,1031.1564023452972,1761.6885713822676
2025-09-02 20:00:00+00:00,oof,1730.5321690369701,1031.1564023452972,1761.6885713822676
2025-09-03 00:00:00+00:00,oof,1730.5321690369701,1031.1564023452972,1761.6885713822676
2025-09-03 04:00:00+00:00,oof,1730.2946034081715,1031.1564023452972,1761.451005753469
2025-09-03 08:00:00+00:00,oof,1730.0570377793729,1031.1564023452972,1761.2134401246703
2025-09-03 12:00:00+00:00,oof,1729.8194721505743,1031.1564023452972,1760.9758744958717
2025-09-03 16:00:00+00:00,oof,1729.5819065217759,1031.1564023452972,1760.738308867073
2025-09-03 20:00:00+00:00,oof,1729.3443408929772,1031.1564023452972,1760.5007432382745
2025-09-04 00:00:00+00:00,oof,1729.1067752641786,1031.1564023452972,1760.2631776094759
2025-09-04 04:00:00+00:00,oof,1728.86920963538,1031.1564023452972,1760.0256119806772
2025-09-04 08:00:00+00:00,oof,1728.6316440065814,1031.1564023452972,1759.7880463518786
2025-09-04 12:00:00+00:00,oof,1728.394078377783,1031.1564023452972,1759.55048072308
2025-09-04 16:00:00+00:00,oof,1728.394078377783,1031.1564023452972,1759.55048072308
2025-09-04 20:00:00+00:00,oof,1728.394078377783,1031.1564023452972,1759.55048072308
2025-09-05 00:00:00+00:00,oof,1729.896740710748,1031.1564023452972,1761.053143056045
2025-09-05 04:00:00+00:00,oof,1731.399403043713,1031.1564023452972,1762.55580538901
2025-09-05 08:00:00+00:00,oof,1731.399403043713,1031.1564023452972,1762.55580538901
2025-09-05 12:00:00+00:00,oof,1731.399403043713,1031.1564023452972,1762.55580538901
2025-09-05 16:00:00+00:00,oof,1731.399403043713,1031.1564023452972,1762.55580538901
2025-09-05 20:00:00+00:00,oof,1731.399403043713,1031.1564023452972,1762.55580538901
2025-09-06 00:00:00+00:00,oof,1731.399403043713,1031.1564023452972,1762.55580538901
2025-09-06 04:00:00+00:00,oof,1731.399403043713,1031.1564023452972,1762.55580538901
2025-09-06 08:00:00+00:00,oof,1731.399403043713,1031.1564023452972,1762.55580538901
2025-09-06 12:00:00+00:00,oof,1731.399403043713,1031.1564023452972,1762.55580538901
2025-09-06 16:00:00+00:00,oof,1731.399403043713,1031.1564023452972,1762.55580538901
2025-09-06 20:00:00+00:00,oof,1731.399403043713,1031.1564023452972,1762.55580538901
2025-09-07 00:00:00+00:00,oof,1731.399403043713,1031.1564023452972,1762.55580538901
2025-09-07 04:00:00+00:00,oof,1731.399403043713,1031.1564023452972,1762.55580538901
2025-09-07 08:00:00+00:00,oof,1731.399403043713,1031.1564023452972,1762.55580538901
2025-09-07 12:00:00+00:00,oof,1731.399403043713,1031.1564023452972,1762.55580538901
2025-09-07 16:00:00+00:00,oof,1731.399403043713,1031.1564023452972,1762.55580538901
2025-09-07 20:00:00+00:00,oof,1731.399403043713,1031.1564023452972,1762.55580538901
2025-09-08 00:00:00+00:00,oof,1731.399403043713,1031.1564023452972,1762.55580538901
2025-09-08 04:00:00+00:00,oof,1731.399403043713,1031.1564023452972,1762.55580538901
2025-09-08 08:00:00+00:00,oof,1733.6702422815983,1031.1564023452972,1764.8266446268954
2025-09-08 12:00:00+00:00,oof,1733.6702422815983,1031.1564023452972,1764.8266446268954
2025-09-08 16:00:00+00:00,oof,1733.6702422815983,1031.1564023452972,1764.8266446268954
2025-09-08 20:00:00+00:00,oof,1732.8519541063197,1031.1564023452972,1764.0083564516171
2025-09-09 00:00:00+00:00,oof,1732.033665931041,1031.1564023452972,1763.190068276338
2025-09-09 04:00:00+00:00,oof,1732.033665931041,1031.1564023452972,1763.190068276338
2025-09-09 08:00:00+00:00,oof,1732.033665931041,1031.1564023452972,1763.190068276338
2025-09-09 12:00:00+00:00,oof,1730.245670048594,1031.1564023452972,1761.402072393891
2025-09-09 16:00:00+00:00,oof,1730.245670048594,1031.1564023452972,1761.402072393891
2025-09-09 20:00:00+00:00,oof,1730.245670048594,1031.1564023452972,1761.402072393891
2025-09-10 00:00:00+00:00,oof,1730.245670048594,1031.1564023452972,1761.402072393891
2025-09-10 04:00:00+00:00,oof,1730.245670048594,1031.1564023452972,1761.402072393891
2025-09-10 08:00:00+00:00,oof,1730.245670048594,1031.1564023452972,1761.402072393891
2025-09-10 12:00:00+00:00,oof,1730.245670048594,1031.1564023452972,1761.402072393891
2025-09-10 16:00:00+00:00,oof,1730.245670048594,1031.1564023452972,1761.402072393891
2025-09-10 20:00:00+00:00,oof,1730.245670048594,1031.1564023452972,1761.402072393891
2025-09-11 00:00:00+00:00,oof,1730.245670048594,1031.1564023452972,1761.402072393891
2025-09-11 04:00:00+00:00,oof,1730.245670048594,1031.1564023452972,1761.402072393891
2025-09-11 08:00:00+00:00,oof,1730.245670048594,1031.1564023452972,1761.402072393891
2025-09-11 12:00:00+00:00,oof,1730.245670048594,1031.1564023452972,1761.402072393891
2025-09-11 16:00:00+00:00,oof,1730.245670048594,1031.1564023452972,1761.402072393891
2025-09-11 20:00:00+00:00,oof,1730.245670048594,1031.1564023452972,1761.402072393891
2025-09-12 00:00:00+00:00,oof,1732.7295895151965,1031.1564023452972,1763.885991860494
2025-09-12 04:00:00+00:00,oof,1732.7295895151965,1031.1564023452972,1763.885991860494
2025-09-12 08:00:00+00:00,oof,1732.7295895151965,1031.1564023452972,1763.885991860494
2025-09-12 12:00:00+00:00,oof,1732.7295895151965,1031.1564023452972,1763.885991860494
2025-09-12 16:00:00+00:00,oof,1732.7295895151965,1031.1564023452972,1763.885991860494
2025-09-12 20:00:00+00:00,oof,1732.7295895151965,1031.1564023452972,1763.885991860494
2025-09-13 00:00:00+00:00,oof,1732.7295895151965,1031.1564023452972,1763.885991860494
2025-09-13 04:00:00+00:00,oof,1732.7295895151965,1031.1564023452972,1763.885991860494
2025-09-13 08:00:00+00:00,oof,1732.7295895151965,1031.1564023452972,1763.885991860494
2025-09-13 12:00:00+00:00,oof,1732.7295895151965,1031.1564023452972,1763.885991860494
2025-09-13 16:00:00+00:00,oof,1732.7295895151965,1031.1564023452972,1763.885991860494
2025-09-13 20:00:00+00:00,oof,1733.9455229980815,1031.1564023452972,1765.1019253433788
2025-09-14 00:00:00+00:00,oof,1735.1614564809665,1031.1564023452972,1766.3178588262635
2025-09-14 04:00:00+00:00,oof,1735.1614564809665,1031.1564023452972,1766.3178588262635
2025-09-14 08:00:00+00:00,oof,1735.1614564809665,1031.1564023452972,1766.3178588262635
2025-09-14 12:00:00+00:00,oof,1735.1614564809665,1031.1564023452972,1766.3178588262635
2025-09-14 16:00:00+00:00,oof,1735.1614564809665,1031.1564023452972,1766.3178588262635
2025-09-14 20:00:00+00:00,oof,1735.1614564809665,1031.1564023452972,1766.3178588262635
2025-09-15 00:00:00+00:00,oof,1734.2130404062864,1031.1564023452972,1765.3694427515838
2025-09-15 04:00:00+00:00,oof,1733.2646243316065,1031.1564023452972,1764.4210266769037
2025-09-15 08:00:00+00:00,oof,1733.2646243316065,1031.1564023452972,1764.4210266769037
2025-09-15 12:00:00+00:00,oof,1733.2646243316065,1031.1564023452972,1764.4210266769037
2025-09-15 16:00:00+00:00,oof,1733.2646243316065,1031.1564023452972,1764.4210266769037
2025-09-15 20:00:00+00:00,oof,1733.2646243316065,1031.1564023452972,1764.4210266769037
2025-09-16 00:00:00+00:00,oof,1733.2646243316065,1031.1564023452972,1764.4210266769037
2025-09-16 04:00:00+00:00,oof,1733.2646243316065,1031.1564023452972,1764.4210266769037
2025-09-16 08:00:00+00:00,oof,1733.2646243316065,1031.1564023452972,1764.4210266769037
2025-09-16 12:00:00+00:00,oof,1733.2646243316065,1031.1564023452972,1764.4210266769037
2025-09-16 16:00:00+00:00,oof,1733.2646243316065,1031.1564023452972,1764.4210266769037
2025-09-16 20:00:00+00:00,oof,1733.2646243316065,1031.1564023452972,1764.4210266769037
2025-09-17 00:00:00+00:00,oof,1733.2646243316065,1031.1564023452972,1764.4210266769037
2025-09-17 04:00:00+00:00,oof,1733.2646243316065,1031.1564023452972,1764.4210266769037
2025-09-17 08:00:00+00:00,oof,1733.2646243316065,1031.1564023452972,1764.4210266769037
2025-09-17 12:00:00+00:00,oof,1733.2646243316065,1031.1564023452972,1764.4210266769037
2025-09-17 16:00:00+00:00,oof,1733.2646243316065,1031.1564023452972,1764.4210266769037
2025-09-17 20:00:00+00:00,oof,1735.9687547003523,1031.1564023452972,1767.1251570456498
2025-09-18 00:00:00+00:00,oof,1735.9687547003523,1031.1564023452972,1767.1251570456498
2025-09-18 04:00:00+00:00,oof,1735.9687547003523,1031.1564023452972,1767.1251570456498
2025-09-18 08:00:00+00:00,oof,1735.898928897861,1031.1564023452972,1767.0553312431584
2025-09-18 12:00:00+00:00,oof,1735.8291030953696,1031.1564023452972,1766.985505440667
2025-09-18 16:00:00+00:00,oof,1735.7592772928786,1031.1564023452972,1766.9156796381758
2025-09-18 20:00:00+00:00,oof,1735.689451490387,1031.1564023452972,1766.8458538356845
2025-09-19 00:00:00+00:00,oof,1735.689451490387,1031.1564023452972,1766.8458538356845
2025-09-19 04:00:00+00:00,oof,1735.689451490387,1031.1564023452972,1766.8458538356845
2025-09-19 08:00:00+00:00,oof,1733.7291073643803,1031.1564023452972,1764.8855097096775
2025-09-19 12:00:00+00:00,oof,1733.7291073643803,1031.1564023452972,1764.8855097096775
2025-09-19 16:00:00+00:00,oof,1733.7291073643803,1031.1564023452972,1764.8855097096775
2025-09-19 20:00:00+00:00,oof,1733.7291073643803,1031.1564023452972,1764.8855097096775
2025-09-20 00:00:00+00:00,oof,1733.7291073643803,1031.1564023452972,1764.8855097096775
2025-09-20 04:00:00+00:00,oof,1733.7291073643803,1031.1564023452972,1764.8855097096775
2025-09-20 08:00:00+00:00,oof,1733.7291073643803,1031.1564023452972,1764.8855097096775
2025-09-20 12:00:00+00:00,oof,1733.7291073643803,1031.1564023452972,1764.8855097096775
2025-09-20 16:00:00+00:00,oof,1733.7291073643803,1031.1564023452972,1764.8855097096775
2025-09-20 20:00:00+00:00,oof,1733.7291073643803,1031.1564023452972,1764.8855097096775
2025-09-21 00:00:00+00:00,oof,1733.7291073643803,1031.1564023452972,1764.8855097096775
2025-09-21 04:00:00+00:00,oof,1733.7291073643803,1031.1564023452972,1764.8855097096775
2025-09-21 08:00:00+00:00,oof,1733.7291073643803,1031.1564023452972,1764.8855097096775
2025-09-21 12:00:00+00:00,oof,1733.7291073643803,1031.1564023452972,1764.8855097096775
2025-09-21 16:00:00+00:00,oof,1733.7291073643803,1031.1564023452972,1764.8855097096775
2025-09-21 20:00:00+00:00,oof,1733.7291073643803,1031.1564023452972,1764.8855097096775
2025-09-22 00:00:00+00:00,oof,1733.7291073643803,1031.1564023452972,1764.8855097096775
2025-09-22 04:00:00+00:00,oof,1732.0626542817017,1031.1564023452972,1763.2190566269992
2025-09-22 08:00:00+00:00,oof,1732.0626542817017,1031.1564023452972,1763.2190566269992
2025-09-22 12:00:00+00:00,oof,1732.0626542817017,1031.1564023452972,1763.2190566269992
2025-09-22 16:00:00+00:00,oof,1732.0626542817017,1031.1564023452972,1763.2190566269992
2025-09-22 20:00:00+00:00,oof,1732.0626542817017,1031.6718147321724,1763.7344690138743
2025-09-23 00:00:00+00:00,oof,1732.0626542817017,1032.1872271190473,1764.249881400749
2025-09-23 04:00:00+00:00,oof,1732.0626542817017,1032.7026395059224,1764.7652937876242
2025-09-23 08:00:00+00:00,oof,1732.0626542817017,1033.2180518927976,1765.2807061744993
2025-09-23 12:00:00+00:00,oof,1732.0626542817017,1033.7334642796727,1765.7961185613744
2025-09-23 16:00:00+00:00,oof,1732.0626542817017,1034.2488766665476,1766.3115309482491
2025-09-23 20:00:00+00:00,oof,1732.0626542817017,1034.7642890534228,1766.8269433351243
2025-09-24 00:00:00+00:00,oof,1732.0626542817017,1035.279701440298,1767.3423557219994
2025-09-24 04:00:00+00:00,oof,1732.0626542817017,1035.279701440298,1767.3423557219994
2025-09-24 08:00:00+00:00,oof,1732.0626542817017,1034.2970155891599,1766.3596698708616
2025-09-24 12:00:00+00:00,oof,1732.0626542817017,1034.2970155891599,1766.3596698708616
2025-09-24 16:00:00+00:00,oof,1732.0626542817017,1033.360225908592,1765.4228801902937
2025-09-24 20:00:00+00:00,oof,1730.8172404523193,1033.360225908592,1764.1774663609112
2025-09-25 00:00:00+00:00,oof,1729.571826622937,1033.360225908592,1762.9320525315288
2025-09-25 04:00:00+00:00,oof,1729.571826622937,1035.572234996737,1765.1440616196742
2025-09-25 08:00:00+00:00,oof,1729.571826622937,1037.7842440848822,1767.356070707819
2025-09-25 12:00:00+00:00,oof,1727.0692907789498,1037.7842440848822,1764.853534863832
2025-09-25 16:00:00+00:00,oof,1727.0692907789498,1037.7842440848822,1764.853534863832
2025-09-25 20:00:00+00:00,oof,1727.0692907789498,1039.0245323431977,1766.0938231221476
2025-09-26 00:00:00+00:00,oof,1727.0692907789498,1040.2648206015135,1767.3341113804636
2025-09-26 04:00:00+00:00,oof,1727.0692907789498,1041.505108859829,1768.5743996387791
2025-09-26 08:00:00+00:00,oof,1727.0692907789498,1042.7453971181446,1769.8146878970947
2025-09-26 12:00:00+00:00,oof,1727.0692907789498,1042.7453971181446,1769.8146878970947
2025-09-26 16:00:00+00:00,oof,1727.0692907789498,1041.6776227208027,1768.7469134997527
2025-09-26 20:00:00+00:00,oof,1727.0692907789498,1041.6776227208027,1768.7469134997527
2025-09-27 00:00:00+00:00,oof,1727.0692907789498,1041.6776227208027,1768.7469134997527
2025-09-27 04:00:00+00:00,oof,1727.0692907789498,1041.5824659543532,1768.651756733303
2025-09-27 08:00:00+00:00,oof,1727.0692907789498,1041.4873091879035,1768.5565999668534
2025-09-27 12:00:00+00:00,oof,1727.0692907789498,1041.392152421454,1768.4614432004037
2025-09-27 16:00:00+00:00,oof,1727.0692907789498,1041.2969956550046,1768.3662864339544
2025-09-27 20:00:00+00:00,oof,1727.0692907789498,1041.201838888555,1768.2711296675047
2025-09-28 00:00:00+00:00,oof,1727.0692907789498,1041.1066821221054,1768.1759729010555
2025-09-28 04:00:00+00:00,oof,1727.0692907789498,1041.011525355656,1768.0808161346058
2025-09-28 08:00:00+00:00,oof,1727.0692907789498,1040.9163685892063,1767.9856593681561
2025-09-28 12:00:00+00:00,oof,1727.0692907789498,1040.8212118227568,1767.8905026017064
2025-09-28 16:00:00+00:00,oof,1727.0692907789498,1040.7260550563074,1767.7953458352572
2025-09-28 20:00:00+00:00,oof,1727.0692907789498,1040.630898289858,1767.700189068808
2025-09-29 00:00:00+00:00,oof,1727.0692907789498,1040.630898289858,1767.700189068808
2025-09-29 04:00:00+00:00,oof,1727.0692907789498,1040.630898289858,1767.700189068808
2025-09-29 08:00:00+00:00,oof,1727.0692907789498,1040.630898289858,1767.700189068808
2025-09-29 12:00:00+00:00,oof,1727.0692907789498,1040.630898289858,1767.700189068808
2025-09-29 16:00:00+00:00,oof,1727.0692907789498,1040.630898289858,1767.700189068808
2025-09-29 20:00:00+00:00,oof,1727.0692907789498,1040.630898289858,1767.700189068808
2025-09-30 00:00:00+00:00,oof,1727.0692907789498,1040.630898289858,1767.700189068808
2025-09-30 04:00:00+00:00,oof,1727.0692907789498,1040.630898289858,1767.700189068808
2025-09-30 08:00:00+00:00,oof,1727.0692907789498,1040.630898289858,1767.700189068808
2025-09-30 12:00:00+00:00,oof,1727.0692907789498,1039.828091724226,1766.8973825031758
2025-09-30 16:00:00+00:00,oof,1727.0692907789498,1039.828091724226,1766.8973825031758
2025-09-30 20:00:00+00:00,oof,1727.0692907789498,1039.828091724226,1766.8973825031758
2025-10-01 00:00:00+00:00,oof,1727.0692907789498,1039.828091724226,1766.8973825031758
2025-10-01 04:00:00+00:00,oof,1727.0692907789498,1039.0102900079487,1766.0795807868985
2025-10-01 08:00:00+00:00,oof,1727.0692907789498,1039.0102900079487,1766.0795807868985
2025-10-01 12:00:00+00:00,oof,1727.0692907789498,1039.0102900079487,1766.0795807868985
2025-10-01 16:00:00+00:00,oof,1727.0692907789498,1039.0102900079487,1766.0795807868985
2025-10-01 20:00:00+00:00,oof,1727.0692907789498,1039.0102900079487,1766.0795807868985
2025-10-02 00:00:00+00:00,oof,1727.0692907789498,1039.0102900079487,1766.0795807868985
2025-10-02 04:00:00+00:00,oof,1727.0692907789498,1039.0102900079487,1766.0795807868985
2025-10-02 08:00:00+00:00,oof,1727.0692907789498,1039.0102900079487,1766.0795807868985
2025-10-02 12:00:00+00:00,oof,1727.0692907789498,1039.0102900079487,1766.0795807868985
2025-10-02 16:00:00+00:00,oof,1727.0692907789498,1039.0102900079487,1766.0795807868985
2025-10-02 20:00:00+00:00,oof,1727.0692907789498,1039.0102900079487,1766.0795807868985
2025-10-03 00:00:00+00:00,oof,1727.0692907789498,1039.0102900079487,1766.0795807868985
2025-10-03 04:00:00+00:00,oof,1727.0692907789498,1039.0102900079487,1766.0795807868985
2025-10-03 08:00:00+00:00,oof,1726.0260143942708,1039.0102900079487,1765.0363044022197
2025-10-03 12:00:00+00:00,oof,1724.9827380095917,1039.0102900079487,1763.9930280175404
2025-10-03 16:00:00+00:00,oof,1724.9827380095917,1039.0102900079487,1763.9930280175404
2025-10-03 20:00:00+00:00,oof,1724.9827380095917,1039.0102900079487,1763.9930280175404
2025-10-04 00:00:00+00:00,oof,1722.6859047314128,1039.0102900079487,1761.6961947393615
2025-10-04 04:00:00+00:00,oof,1722.6859047314128,1039.0102900079487,1761.6961947393615
2025-10-04 08:00:00+00:00,oof,1722.6859047314128,1039.0102900079487,1761.6961947393615
2025-10-04 12:00:00+00:00,oof,1722.6859047314128,1039.0102900079487,1761.6961947393615
2025-10-04 16:00:00+00:00,oof,1722.6859047314128,1039.0102900079487,1761.6961947393615
2025-10-04 20:00:00+00:00,oof,1724.1987416317509,1039.0102900079487,1763.2090316396998
2025-10-05 00:00:00+00:00,oof,1725.7115785320889,1039.0102900079487,1764.7218685400376
2025-10-05 04:00:00+00:00,oof,1725.7115785320889,1039.0102900079487,1764.7218685400376
2025-10-05 08:00:00+00:00,oof,1725.7115785320889,1039.0102900079487,1764.7218685400376
2025-10-05 12:00:00+00:00,oof,1725.7115785320889,1039.0102900079487,1764.7218685400376
2025-10-05 16:00:00+00:00,oof,1725.7115785320889,1039.0102900079487,1764.7218685400376
2025-10-05 20:00:00+00:00,oof,1725.7115785320889,1039.0102900079487,1764.7218685400376
2025-10-06 00:00:00+00:00,oof,1725.7115785320889,1039.0102900079487,1764.7218685400376
2025-10-06 04:00:00+00:00,oof,1725.7115785320889,1039.0102900079487,1764.7218685400376
2025-10-06 08:00:00+00:00,oof,1725.7115785320889,1039.0102900079487,1764.7218685400376
2025-10-06 12:00:00+00:00,oof,1725.7115785320889,1039.0102900079487,1764.7218685400376
2025-10-06 16:00:00+00:00,oof,1725.7115785320889,1039.0102900079487,1764.7218685400376
2025-10-06 20:00:00+00:00,oof,1725.7115785320889,1039.0102900079487,1764.7218685400376
2025-10-07 00:00:00+00:00,oof,1725.7115785320889,1039.0102900079487,1764.7218685400376
2025-10-07 04:00:00+00:00,oof,1724.8442497520812,1039.0102900079487,1763.85453976003
2025-10-07 08:00:00+00:00,oof,1723.9769209720735,1039.0102900079487,1762.9872109800222
2025-10-07 12:00:00+00:00,oof,1723.9769209720735,1039.0102900079487,1762.9872109800222
2025-10-07 16:00:00+00:00,oof,1723.9769209720735,1039.0102900079487,1762.9872109800222
2025-10-07 20:00:00+00:00,oof,1723.9769209720735,1039.0102900079487,1762.9872109800222
2025-10-08 00:00:00+00:00,oof,1723.9769209720735,1039.0102900079487,1762.9872109800222
2025-10-08 04:00:00+00:00,oof,1723.9769209720735,1039.0102900079487,1762.9872109800222
2025-10-08 08:00:00+00:00,oof,1723.9769209720735,1039.0102900079487,1762.9872109800222
2025-10-08 12:00:00+00:00,oof,1723.9769209720735,1039.0102900079487,1762.9872109800222
2025-10-08 16:00:00+00:00,oof,1723.9769209720735,1039.0102900079487,1762.9872109800222
2025-10-08 20:00:00+00:00,oof,1723.9769209720735,1039.0102900079487,1762.9872109800222
2025-10-09 00:00:00+00:00,oof,1721.7493996699268,1039.0102900079487,1760.7596896778755
2025-10-09 04:00:00+00:00,oof,1721.7493996699268,1039.0102900079487,1760.7596896778755
2025-10-09 08:00:00+00:00,oof,1721.7493996699268,1039.0102900079487,1760.7596896778755
2025-10-09 12:00:00+00:00,oof,1721.7493996699268,1039.0102900079487,1760.7596896778755
2025-10-09 16:00:00+00:00,oof,1721.7493996699268,1039.0102900079487,1760.7596896778755
2025-10-09 20:00:00+00:00,oof,1721.7493996699268,1039.0102900079487,1760.7596896778755
2025-10-10 00:00:00+00:00,oof,1721.7493996699268,1039.0102900079487,1760.7596896778755
2025-10-10 04:00:00+00:00,oof,1721.7493996699268,1039.0102900079487,1760.7596896778755
2025-10-10 08:00:00+00:00,oof,1721.7493996699268,1038.143188207332,1759.8925878772588
2025-10-10 12:00:00+00:00,oof,1721.7493996699268,1038.143188207332,1759.8925878772588
2025-10-10 16:00:00+00:00,oof,1721.7493996699268,1037.1297922451593,1758.8791919150863
2025-10-11 00:00:00+00:00,oof,1721.7493996699268,1037.1297922451593,1758.8791919150863
2025-10-11 04:00:00+00:00,oof,1721.7493996699268,1037.1297922451593,1758.8791919150863
2025-10-11 08:00:00+00:00,oof,1721.7493996699268,1035.690619406163,1757.4400190760898
2025-10-11 12:00:00+00:00,oof,1721.7493996699268,1035.690619406163,1757.4400190760898
2025-10-11 16:00:00+00:00,oof,1721.7493996699268,1035.690619406163,1757.4400190760898
2025-10-11 20:00:00+00:00,oof,1721.7493996699268,1035.4113656553895,1757.1607653253163
2025-10-12 00:00:00+00:00,oof,1721.7493996699268,1035.1321119046158,1756.8815115745429
2025-10-12 04:00:00+00:00,oof,1721.7493996699268,1034.8528581538424,1756.602257823769
2025-10-12 08:00:00+00:00,oof,1721.7493996699268,1034.5736044030687,1756.3230040729954
2025-10-12 12:00:00+00:00,oof,1721.7493996699268,1034.2943506522952,1756.043750322222
2025-10-12 16:00:00+00:00,oof,1721.7493996699268,1034.2943506522952,1756.043750322222
2025-10-12 20:00:00+00:00,oof,1721.7493996699268,1032.9759954414103,1754.725395111337
2025-10-13 00:00:00+00:00,oof,1721.7493996699268,1032.9759954414103,1754.725395111337
2025-10-13 04:00:00+00:00,oof,1721.7493996699268,1031.6774892680257,1753.4268889379528
2025-10-13 08:00:00+00:00,oof,1721.7493996699268,1031.6774892680257,1753.4268889379528
2025-10-13 12:00:00+00:00,oof,1721.7493996699268,1030.3398817362095,1752.0892814061363
2025-10-13 16:00:00+00:00,oof,1721.7493996699268,1030.3398817362095,1752.0892814061363
2025-10-13 20:00:00+00:00,oof,1721.7493996699268,1030.3398817362095,1752.0892814061363
2025-10-14 00:00:00+00:00,oof,1721.7493996699268,1030.3398817362095,1752.0892814061363
2025-10-14 04:00:00+00:00,oof,1721.7493996699268,1030.3398817362095,1752.0892814061363
2025-10-14 08:00:00+00:00,oof,1721.7493996699268,1028.9214945184533,1750.6708941883799
2025-10-14 12:00:00+00:00,oof,1721.7493996699268,1028.9214945184533,1750.6708941883799
2025-10-14 16:00:00+00:00,oof,1721.7493996699268,1028.9214945184533,1750.6708941883799
2025-10-14 20:00:00+00:00,oof,1721.7493996699268,1028.9214945184533,1750.6708941883799
2025-10-15 00:00:00+00:00,oof,1721.7493996699268,1028.9214945184533,1750.6708941883799
2025-10-15 04:00:00+00:00,oof,1721.7493996699268,1028.9214945184533,1750.6708941883799
2025-10-15 08:00:00+00:00,oof,1721.7493996699268,1028.9214945184533,1750.6708941883799
2025-10-15 12:00:00+00:00,oof,1721.7493996699268,1028.9214945184533,1750.6708941883799
2025-10-15 16:00:00+00:00,oof,1721.7493996699268,1028.9214945184533,1750.6708941883799
2025-10-15 20:00:00+00:00,oof,1721.7493996699268,1029.9576646274209,1751.7070642973476
2025-10-16 00:00:00+00:00,oof,1721.7493996699268,1030.9938347363886,1752.7432344063154
2025-10-16 04:00:00+00:00,oof,1721.7493996699268,1032.0300048453562,1753.7794045152832
2025-10-16 08:00:00+00:00,oof,1721.7493996699268,1033.066174954324,1754.815574624251
2025-10-16 12:00:00+00:00,oof,1721.7493996699268,1034.1023450632915,1755.8517447332183
2025-10-16 16:00:00+00:00,oof,1721.7493996699268,1035.138515172259,1756.8879148421856
2025-10-16 20:00:00+00:00,oof,1721.7493996699268,1036.1746852812269,1757.9240849511534
2025-10-17 00:00:00+00:00,oof,1721.7493996699268,1036.1746852812269,1757.9240849511534
2025-10-17 04:00:00+00:00,oof,1721.7493996699268,1036.1746852812269,1757.9240849511534
2025-10-17 08:00:00+00:00,oof,1721.7493996699268,1036.2175832818684,1757.9669829517952
2025-10-17 12:00:00+00:00,oof,1721.7493996699268,1036.2604812825098,1758.0098809524366
2025-10-17 16:00:00+00:00,oof,1721.7493996699268,1036.3033792831513,1758.052778953078
2025-10-17 20:00:00+00:00,oof,1721.7493996699268,1036.346277283793,1758.0956769537197
2025-10-18 00:00:00+00:00,oof,1721.7493996699268,1036.3891752844345,1758.1385749543615
2025-10-18 04:00:00+00:00,oof,1721.7493996699268,1036.4320732850758,1758.1814729550024
2025-10-18 08:00:00+00:00,oof,1721.7493996699268,1036.4749712857174,1758.2243709556442
2025-10-18 12:00:00+00:00,oof,1721.7493996699268,1036.517869286359,1758.267268956286
2025-10-18 16:00:00+00:00,oof,1721.7493996699268,1036.5607672870003,1758.3101669569269
2025-10-18 20:00:00+00:00,oof,1721.7493996699268,1036.603665287642,1758.3530649575687
2025-10-19 00:00:00+00:00,oof,1721.7493996699268,1036.6465632882835,1758.3959629582105
2025-10-19 04:00:00+00:00,oof,1721.7493996699268,1036.689461288925,1758.4388609588518
2025-10-19 08:00:00+00:00,oof,1721.7493996699268,1036.689461288925,1758.4388609588518
2025-10-19 12:00:00+00:00,oof,1721.7493996699268,1036.689461288925,1758.4388609588518
2025-10-19 16:00:00+00:00,oof,1721.7493996699268,1036.689461288925,1758.4388609588518
2025-10-19 20:00:00+00:00,oof,1721.7493996699268,1036.689461288925,1758.4388609588518
2025-10-20 00:00:00+00:00,oof,1721.7493996699268,1035.6774879481632,1757.42688761809
2025-10-20 04:00:00+00:00,oof,1721.7493996699268,1035.6774879481632,1757.42688761809
2025-10-20 08:00:00+00:00,oof,1721.7493996699268,1035.6774879481632,1757.42688761809
2025-10-20 12:00:00+00:00,oof,1721.7493996699268,1035.6774879481632,1757.42688761809
2025-10-20 16:00:00+00:00,oof,1721.7493996699268,1035.6774879481632,1757.42688761809
2025-10-20 20:00:00+00:00,oof,1721.7493996699268,1034.6972691873827,1756.4466688573093
2025-10-21 00:00:00+00:00,oof,1721.7493996699268,1034.6972691873827,1756.4466688573093
2025-10-21 04:00:00+00:00,oof,1721.7493996699268,1034.6972691873827,1756.4466688573093
2025-10-21 08:00:00+00:00,oof,1721.7493996699268,1034.2090688688722,1755.958468538799
2025-10-21 12:00:00+00:00,oof,1721.7493996699268,1033.720868550362,1755.4702682202887
2025-10-21 16:00:00+00:00,oof,1721.7493996699268,1033.720868550362,1755.4702682202887
2025-10-21 20:00:00+00:00,oof,1721.7493996699268,1033.720868550362,1755.4702682202887
2025-10-22 00:00:00+00:00,oof,1721.7493996699268,1033.720868550362,1755.4702682202887
2025-10-22 04:00:00+00:00,oof,1721.7493996699268,1033.5619387214272,1755.3113383913542
2025-10-22 08:00:00+00:00,oof,1721.7493996699268,1033.4030088924926,1755.1524085624196
2025-10-22 12:00:00+00:00,oof,1721.7493996699268,1033.2440790635578,1754.9934787334846
2025-10-22 16:00:00+00:00,oof,1721.7493996699268,1033.0851492346233,1754.83454890455
2025-10-22 20:00:00+00:00,oof,1721.7493996699268,1032.9262194056885,1754.675619075615
2025-10-23 00:00:00+00:00,oof,1721.7493996699268,1032.767289576754,1754.5166892466805
2025-10-23 04:00:00+00:00,oof,1721.7493996699268,1032.6083597478191,1754.357759417746
2025-10-23 08:00:00+00:00,oof,1721.7493996699268,1032.6083597478191,1754.357759417746
2025-10-23 12:00:00+00:00,oof,1721.7493996699268,1032.6083597478191,1754.357759417746
2025-10-23 16:00:00+00:00,oof,1722.3780260991368,1032.6083597478191,1754.9863858469562
2025-10-23 20:00:00+00:00,oof,1723.0066525283469,1032.6083597478191,1755.615012276166
2025-10-24 00:00:00+00:00,oof,1723.635278957557,1032.6083597478191,1756.2436387053758
2025-10-24 04:00:00+00:00,oof,1724.2639053867672,1032.6083597478191,1756.872265134586
2025-10-24 08:00:00+00:00,oof,1724.8925318159772,1032.6083597478191,1757.5008915637964
2025-10-24 12:00:00+00:00,oof,1725.5211582451875,1032.6083597478191,1758.1295179930066
2025-10-24 16:00:00+00:00,oof,1725.5211582451875,1032.6083597478191,1758.1295179930066
2025-10-24 20:00:00+00:00,oof,1725.5211582451875,1032.6083597478191,1758.1295179930066
2025-10-25 00:00:00+00:00,oof,1725.8163692998176,1032.6083597478191,1758.424729047637
2025-10-25 04:00:00+00:00,oof,1726.1115803544476,1032.6083597478191,1758.7199401022667
2025-10-25 08:00:00+00:00,oof,1726.4067914090779,1032.6083597478191,1759.015151156897
2025-10-25 12:00:00+00:00,oof,1726.702002463708,1032.6083597478191,1759.3103622115268
2025-10-25 16:00:00+00:00,oof,1726.997213518338,1032.6083597478191,1759.605573266157
2025-10-25 20:00:00+00:00,oof,1727.292424572968,1032.6083597478191,1759.9007843207874
2025-10-26 00:00:00+00:00,oof,1727.5876356275983,1032.6083597478191,1760.1959953754176
2025-10-26 04:00:00+00:00,oof,1727.8828466822283,1032.6083597478191,1760.4912064300474
2025-10-26 08:00:00+00:00,oof,1728.1780577368584,1032.6083597478191,1760.7864174846773
2025-10-26 12:00:00+00:00,oof,1728.4732687914884,1032.6083597478191,1761.0816285393075
2025-10-26 16:00:00+00:00,oof,1728.7684798461187,1032.6083597478191,1761.3768395939378
2025-10-26 20:00:00+00:00,oof,1729.0636909007485,1032.6083597478191,1761.6720506485676
2025-10-27 00:00:00+00:00,oof,1729.0636909007485,1032.6083597478191,1761.6720506485676
2025-10-27 04:00:00+00:00,oof,1729.0636909007485,1032.6083597478191,1761.6720506485676
2025-10-27 08:00:00+00:00,oof,1729.0636909007485,1032.6083597478191,1761.6720506485676
2025-10-27 12:00:00+00:00,oof,1729.0636909007485,1032.6083597478191,1761.6720506485676
2025-10-27 16:00:00+00:00,oof,1729.0636909007485,1032.6083597478191,1761.6720506485676
2025-10-27 20:00:00+00:00,oof,1729.0636909007485,1032.6083597478191,1761.6720506485676
2025-10-28 00:00:00+00:00,oof,1729.0636909007485,1032.6083597478191,1761.6720506485676
2025-10-28 04:00:00+00:00,oof,1729.0636909007485,1032.6083597478191,1761.6720506485676
2025-10-28 08:00:00+00:00,oof,1729.0636909007485,1032.6083597478191,1761.6720506485676
2025-10-28 12:00:00+00:00,oof,1729.0636909007485,1032.6083597478191,1761.6720506485676
2025-10-28 16:00:00+00:00,oof,1727.0117412055185,1032.6083597478191,1759.620100953338
2025-10-28 20:00:00+00:00,oof,1727.0117412055185,1032.6083597478191,1759.620100953338
2025-10-29 00:00:00+00:00,oof,1727.0117412055185,1032.6083597478191,1759.620100953338
2025-10-29 04:00:00+00:00,oof,1727.0117412055185,1032.6083597478191,1759.620100953338
2025-10-29 08:00:00+00:00,oof,1727.0117412055185,1032.6083597478191,1759.620100953338
2025-10-29 12:00:00+00:00,oof,1727.0117412055185,1032.6083597478191,1759.620100953338
2025-10-29 16:00:00+00:00,oof,1725.3745117502021,1032.6083597478191,1757.9828714980213
2025-10-29 20:00:00+00:00,oof,1725.3745117502021,1032.6083597478191,1757.9828714980213
2025-10-30 00:00:00+00:00,oof,1725.3745117502021,1032.6083597478191,1757.9828714980213
2025-10-30 04:00:00+00:00,oof,1723.9586721306105,1032.6083597478191,1756.5670318784296
2025-10-30 08:00:00+00:00,oof,1723.9586721306105,1032.6083597478191,1756.5670318784296
2025-10-30 12:00:00+00:00,oof,1723.9586721306105,1032.6083597478191,1756.5670318784296
2025-10-30 16:00:00+00:00,oof,1723.9586721306105,1032.6083597478191,1756.5670318784296
2025-10-30 20:00:00+00:00,oof,1723.9586721306105,1031.4825400167692,1755.4412121473797
2025-10-31 00:00:00+00:00,oof,1723.9586721306105,1031.4825400167692,1755.4412121473797
2025-10-31 04:00:00+00:00,oof,1723.9586721306105,1030.407649851323,1754.3663219819337
2025-10-31 08:00:00+00:00,oof,1723.9586721306105,1030.407649851323,1754.3663219819337
2025-10-31 12:00:00+00:00,oof,1723.9586721306105,1030.407649851323,1754.3663219819337
2025-10-31 16:00:00+00:00,oof,1723.9586721306105,1030.6225741378692,1754.5812462684798
2025-10-31 20:00:00+00:00,oof,1723.9586721306105,1030.8374984244156,1754.796170555026
2025-11-01 00:00:00+00:00,oof,1723.9586721306105,1031.0524227109618,1755.0110948415722
2025-11-01 04:00:00+00:00,oof,1723.9586721306105,1031.2673469975082,1755.2260191281184
2025-11-01 08:00:00+00:00,oof,1723.9586721306105,1031.4822712840544,1755.4409434146646
2025-11-01 12:00:00+00:00,oof,1723.7330966513143,1031.6971955706008,1755.430292221915
2025-11-01 16:00:00+00:00,oof,1723.5075211720182,1031.912119857147,1755.4196410291652
2025-11-01 20:00:00+00:00,oof,1723.2819456927218,1032.1270441436934,1755.4089898364155
2025-11-02 00:00:00+00:00,oof,1723.0563702134257,1032.3419684302396,1755.3983386436653
2025-11-02 04:00:00+00:00,oof,1722.8307947341295,1032.556892716786,1755.3876874509156
2025-11-02 08:00:00+00:00,oof,1722.6052192548334,1032.7718170033322,1755.3770362581654
2025-11-02 12:00:00+00:00,oof,1722.379643775537,1032.9867412898784,1755.3663850654157
2025-11-02 16:00:00+00:00,oof,1722.154068296241,1032.9867412898784,1755.1408095861193
2025-11-02 20:00:00+00:00,oof,1721.9284928169448,1032.222523960992,1754.151016777937
2025-11-03 00:00:00+00:00,oof,1721.7029173376486,1032.222523960992,1753.9254412986406
2025-11-03 04:00:00+00:00,oof,1721.7029173376486,1032.222523960992,1753.9254412986406
2025-11-03 08:00:00+00:00,oof,1721.7029173376486,1034.5322461327532,1756.2351634704019
2025-11-03 12:00:00+00:00,oof,1721.7029173376486,1036.8419683045145,1758.544885642163
2025-11-03 16:00:00+00:00,oof,1721.7029173376486,1036.8419683045145,1758.544885642163
2025-11-03 20:00:00+00:00,oof,1721.7029173376486,1036.8419683045145,1758.544885642163
2025-11-04 00:00:00+00:00,oof,1721.7029173376486,1039.662280001329,1761.3651973389779
2025-11-04 04:00:00+00:00,oof,1721.7029173376486,1042.4825916981436,1764.1855090357922
2025-11-04 08:00:00+00:00,oof,1721.7029173376486,1042.4825916981436,1764.1855090357922
2025-11-04 12:00:00+00:00,oof,1721.7029173376486,1041.2413500663313,1762.9442674039801
2025-11-04 16:00:00+00:00,oof,1721.7029173376486,1041.2413500663313,1762.9442674039801
2025-11-04 20:00:00+00:00,oof,1721.7029173376486,1041.2413500663313,1762.9442674039801
2025-11-05 00:00:00+00:00,oof,1721.7029173376486,1039.8603672910647,1761.5632846287135
2025-11-05 04:00:00+00:00,oof,1721.7029173376486,1039.8603672910647,1761.5632846287135
2025-11-05 08:00:00+00:00,oof,1721.7029173376486,1039.8603672910647,1761.5632846287135
2025-11-05 12:00:00+00:00,oof,1721.7029173376486,1038.4101865466323,1760.113103884281
2025-11-05 16:00:00+00:00,oof,1721.7029173376486,1038.4101865466323,1760.113103884281
2025-11-05 20:00:00+00:00,oof,1721.7029173376486,1038.4101865466323,1760.113103884281
2025-11-06 00:00:00+00:00,oof,1721.7029173376486,1039.102854872655,1760.8057722103035
2025-11-06 04:00:00+00:00,oof,1721.7029173376486,1039.7955231986778,1761.4984405363266
2025-11-06 08:00:00+00:00,oof,1721.7029173376486,1040.4881915247004,1762.1911088623492
2025-11-06 12:00:00+00:00,oof,1721.7029173376486,1041.1808598507232,1762.8837771883718
2025-11-06 16:00:00+00:00,oof,1721.7029173376486,1041.8735281767458,1763.5764455143944
2025-11-06 20:00:00+00:00,oof,1721.7029173376486,1042.5661965027687,1764.269113840417
2025-11-07 00:00:00+00:00,oof,1721.7029173376486,1043.2588648287913,1764.9617821664397
2025-11-07 04:00:00+00:00,oof,1721.7029173376486,1043.9515331548141,1765.6544504924627
2025-11-07 08:00:00+00:00,oof,1721.7029173376486,1044.6442014808367,1766.3471188184853
2025-11-07 12:00:00+00:00,oof,1721.7029173376486,1045.3368698068593,1767.039787144508
2025-11-07 16:00:00+00:00,oof,1721.7029173376486,1045.3368698068593,1767.039787144508
2025-11-07 20:00:00+00:00,oof,1721.7029173376486,1045.3368698068593,1767.039787144508
2025-11-08 00:00:00+00:00,oof,1721.7029173376486,1045.3368698068593,1767.039787144508
2025-11-08 04:00:00+00:00,oof,1721.7029173376486,1045.3368698068593,1767.039787144508
2025-11-08 08:00:00+00:00,oof,1721.7029173376486,1045.3368698068593,1767.039787144508
2025-11-08 12:00:00+00:00,oof,1721.7029173376486,1045.3368698068593,1767.039787144508
2025-11-08 16:00:00+00:00,oof,1721.7029173376486,1045.1378805585591,1766.8407978962077
2025-11-08 20:00:00+00:00,oof,1721.7029173376486,1044.9388913102587,1766.641808647907
2025-11-09 00:00:00+00:00,oof,1721.7029173376486,1044.7399020619584,1766.4428193996073
2025-11-09 04:00:00+00:00,oof,1721.7029173376486,1044.540912813658,1766.2438301513066
2025-11-09 08:00:00+00:00,oof,1721.7029173376486,1044.3419235653578,1766.0448409030064
2025-11-09 12:00:00+00:00,oof,1721.7029173376486,1044.1429343170576,1765.8458516547062
2025-11-09 16:00:00+00:00,oof,1725.5743762903667,1044.1429343170576,1769.7173106074242
2025-11-09 20:00:00+00:00,oof,1725.5743762903667,1044.1429343170576,1769.7173106074242
2025-11-10 00:00:00+00:00,oof,1725.5743762903667,1044.1429343170576,1769.7173106074242
2025-11-10 04:00:00+00:00,oof,1725.5743762903667,1044.1429343170576,1769.7173106074242
2025-11-10 08:00:00+00:00,oof,1725.5743762903667,1044.1429343170576,1769.7173106074242
2025-11-10 12:00:00+00:00,oof,1725.5743762903667,1044.1429343170576,1769.7173106074242
2025-11-10 16:00:00+00:00,oof,1725.5743762903667,1044.1429343170576,1769.7173106074242
2025-11-10 20:00:00+00:00,oof,1725.5743762903667,1044.1429343170576,1769.7173106074242
2025-11-11 00:00:00+00:00,oof,1725.5743762903667,1044.1429343170576,1769.7173106074242
2025-11-11 04:00:00+00:00,oof,1725.5743762903667,1044.1429343170576,1769.7173106074242
2025-11-11 08:00:00+00:00,oof,1725.5743762903667,1044.1429343170576,1769.7173106074242
2025-11-11 12:00:00+00:00,oof,1725.5743762903667,1045.905340607632,1771.4797168979985
2025-11-11 16:00:00+00:00,oof,1725.5743762903667,1047.6677468982064,1773.2421231885728
2025-11-11 20:00:00+00:00,oof,1725.5743762903667,1049.4301531887807,1775.004529479147
2025-11-12 00:00:00+00:00,oof,1725.5743762903667,1049.4301531887807,1775.004529479147
2025-11-12 04:00:00+00:00,oof,1725.5743762903667,1048.4105401218733,1773.9849164122397
2025-11-12 08:00:00+00:00,oof,1725.5743762903667,1048.4105401218733,1773.9849164122397
2025-11-12 12:00:00+00:00,oof,1725.5743762903667,1048.4105401218733,1773.9849164122397
2025-11-12 16:00:00+00:00,oof,1725.5743762903667,1048.4105401218733,1773.9849164122397
2025-11-12 20:00:00+00:00,oof,1725.5743762903667,1048.0611277845494,1773.6355040749158
2025-11-13 00:00:00+00:00,oof,1725.5743762903667,1047.7117154472253,1773.286091737592
2025-11-13 04:00:00+00:00,oof,1725.5743762903667,1047.3623031099014,1772.936679400268
2025-11-13 08:00:00+00:00,oof,1725.5743762903667,1047.3623031099014,1772.936679400268
2025-11-13 12:00:00+00:00,oof,1725.5743762903667,1047.3623031099014,1772.936679400268
2025-11-13 16:00:00+00:00,oof,1725.5743762903667,1052.4850976998007,1778.0594739901671
2025-11-13 20:00:00+00:00,oof,1725.5743762903667,1052.4850976998007,1778.0594739901671
2025-11-14 00:00:00+00:00,oof,1725.5743762903667,1052.4850976998007,1778.0594739901671
2025-11-14 04:00:00+00:00,oof,1725.5743762903667,1052.6684874561454,1778.2428637465118
2025-11-14 08:00:00+00:00,oof,1725.5743762903667,1052.85187721249,1778.4262535028565
2025-11-14 12:00:00+00:00,oof,1725.5743762903667,1053.0352669688348,1778.6096432592012
2025-11-14 16:00:00+00:00,oof,1725.5743762903667,1053.2186567251795,1778.793033015546
2025-11-14 20:00:00+00:00,oof,1725.5743762903667,1053.4020464815242,1778.9764227718906
2025-11-15 00:00:00+00:00,oof,1725.5743762903667,1053.5854362378689,1779.1598125282353
2025-11-15 04:00:00+00:00,oof,1725.5743762903667,1053.7688259942136,1779.34320228458
2025-11-15 08:00:00+00:00,oof,1725.5743762903667,1053.9522157505585,1779.5265920409252
2025-11-15 12:00:00+00:00,oof,1724.7474925916083,1054.1356055069032,1778.8830980985113
2025-11-15 16:00:00+00:00,oof,1723.9206088928497,1054.3189952632479,1778.2396041560978
2025-11-15 20:00:00+00:00,oof,1723.0937251940913,1054.5023850195926,1777.596110213684
2025-11-16 00:00:00+00:00,oof,1722.2668414953328,1054.6857747759373,1776.95261627127
2025-11-16 04:00:00+00:00,oof,1722.2668414953328,1054.6857747759373,1776.95261627127
2025-11-16 08:00:00+00:00,oof,1722.2668414953328,1054.6857747759373,1776.95261627127
2025-11-16 12:00:00+00:00,oof,1722.2668414953328,1055.380086380998,1777.6469278763307
2025-11-16 16:00:00+00:00,oof,1722.2668414953328,1056.0743979860586,1778.3412394813913
2025-11-16 20:00:00+00:00,oof,1722.2668414953328,1056.7687095911192,1779.035551086452
2025-11-17 00:00:00+00:00,oof,1723.3370764677857,1057.4630211961799,1780.8000976639655
2025-11-17 04:00:00+00:00,oof,1724.4073114402388,1058.1573328012405,1782.564644241479
2025-11-17 08:00:00+00:00,oof,1725.4775464126917,1058.8516444063011,1784.329190818993
2025-11-17 12:00:00+00:00,oof,1726.5477813851448,1059.5459560113618,1786.0937373965066
2025-11-17 16:00:00+00:00,oof,1726.5477813851448,1060.2402676164224,1786.7880490015673
2025-11-17 20:00:00+00:00,oof,1726.5477813851448,1060.2402676164224,1786.7880490015673
2025-11-18 00:00:00+00:00,oof,1726.5477813851448,1059.0385932283111,1785.586374613456
2025-11-18 04:00:00+00:00,oof,1731.169243048479,1059.0385932283111,1790.2078362767902
2025-11-18 08:00:00+00:00,oof,1731.169243048479,1057.8267901665502,1788.9960332150295
2025-11-18 12:00:00+00:00,oof,1731.169243048479,1057.8267901665502,1788.9960332150295
2025-11-18 16:00:00+00:00,oof,1730.9866250536124,1057.8267901665502,1788.8134152201628
2025-11-18 20:00:00+00:00,oof,1730.8040070587458,1057.8267901665502,1788.6307972252962
2025-11-19 00:00:00+00:00,oof,1730.6213890638794,1057.8267901665502,1788.4481792304296
2025-11-19 04:00:00+00:00,oof,1730.4387710690128,1057.8267901665502,1788.265561235563
2025-11-19 08:00:00+00:00,oof,1730.2561530741461,1057.8267901665502,1788.0829432406963
2025-11-19 12:00:00+00:00,oof,1730.0735350792797,1057.8267901665502,1787.9003252458297
2025-11-19 16:00:00+00:00,oof,1730.0735350792797,1063.4535663197487,1793.5271013990287
2025-11-19 20:00:00+00:00,oof,1730.0735350792797,1063.4535663197487,1793.5271013990287
2025-11-20 00:00:00+00:00,oof,1734.6324932744742,1063.4535663197487,1798.0860595942231
2025-11-20 04:00:00+00:00,oof,1734.6324932744742,1063.4535663197487,1798.0860595942231
2025-11-20 08:00:00+00:00,oof,1734.6324932744742,1063.4535663197487,1798.0860595942231
2025-11-20 12:00:00+00:00,oof,1734.6324932744742,1063.4535663197487,1798.0860595942231
2025-11-20 16:00:00+00:00,oof,1734.6324932744742,1063.4535663197487,1798.0860595942231
2025-11-20 20:00:00+00:00,oof,1734.6324932744742,1065.4920124770792,1800.1245057515534
2025-11-21 00:00:00+00:00,oof,1734.6324932744742,1067.5304586344098,1802.1629519088838
2025-11-21 04:00:00+00:00,oof,1734.6324932744742,1069.5689047917404,1804.2013980662146
2025-11-21 08:00:00+00:00,oof,1734.6324932744742,1069.5689047917404,1804.2013980662146
2025-11-21 12:00:00+00:00,oof,1734.6324932744742,1068.0504873697748,1802.6829806442493
2025-11-21 16:00:00+00:00,oof,1734.6324932744742,1068.0504873697748,1802.6829806442493
2025-11-21 20:00:00+00:00,oof,1734.6324932744742,1068.0504873697748,1802.6829806442493
2025-11-22 00:00:00+00:00,oof,1734.6324932744742,1067.8264565433037,1802.458949817778
2025-11-22 04:00:00+00:00,oof,1734.6324932744742,1067.6024257168324,1802.2349189913066
2025-11-22 08:00:00+00:00,oof,1734.6324932744742,1067.3783948903613,1802.0108881648357
2025-11-22 12:00:00+00:00,oof,1734.6324932744742,1067.1543640638902,1801.7868573383644
2025-11-22 16:00:00+00:00,oof,1734.6324932744742,1066.9303332374188,1801.562826511893
2025-11-22 20:00:00+00:00,oof,1734.6324932744742,1066.7063024109477,1801.3387956854222
2025-11-23 00:00:00+00:00,oof,1734.6324932744742,1066.4822715844764,1801.1147648589504
2025-11-23 04:00:00+00:00,oof,1734.6324932744742,1066.4822715844764,1801.1147648589504
2025-11-23 08:00:00+00:00,oof,1734.6324932744742,1065.2373565158305,1799.8698497903047
2025-11-23 12:00:00+00:00,oof,1734.6324932744742,1065.2373565158305,1799.8698497903047
2025-11-23 16:00:00+00:00,oof,1735.2884858877883,1065.2373565158305,1800.5258424036188
2025-11-23 20:00:00+00:00,oof,1735.9444785011026,1065.2373565158305,1801.1818350169333
2025-11-24 00:00:00+00:00,oof,1736.6004711144167,1064.1041447596283,1800.704615874045
2025-11-24 04:00:00+00:00,oof,1737.2564637277308,1064.1041447596283,1801.360608487359
2025-11-24 08:00:00+00:00,oof,1737.912456341045,1064.1041447596283,1802.0166011006731
2025-11-24 12:00:00+00:00,oof,1738.5684489543592,1062.94935614219,1801.5178050965492
2025-11-24 16:00:00+00:00,oof,1739.2244415676735,1062.94935614219,1802.1737977098637
2025-11-24 20:00:00+00:00,oof,1739.2244415676735,1062.94935614219,1802.1737977098637
2025-11-25 00:00:00+00:00,oof,1739.2244415676735,1062.94935614219,1802.1737977098637
2025-11-25 04:00:00+00:00,oof,1738.252464355436,1062.94935614219,1801.2018204976257
2025-11-25 08:00:00+00:00,oof,1737.2804871431981,1062.94935614219,1800.2298432853881
2025-11-25 12:00:00+00:00,oof,1736.3085099309606,1062.94935614219,1799.2578660731506
2025-11-25 16:00:00+00:00,oof,1736.3085099309606,1062.94935614219,1799.2578660731506
2025-11-25 20:00:00+00:00,oof,1736.3085099309606,1062.94935614219,1799.2578660731506
2025-11-26 00:00:00+00:00,oof,1736.3085099309606,1062.94935614219,1799.2578660731506
2025-11-26 04:00:00+00:00,oof,1736.3085099309606,1062.94935614219,1799.2578660731506
2025-11-26 08:00:00+00:00,oof,1736.3085099309606,1062.94935614219,1799.2578660731506
2025-11-26 12:00:00+00:00,oof,1736.3085099309606,1062.94935614219,1799.2578660731506
2025-11-26 16:00:00+00:00,oof,1736.3085099309606,1062.94935614219,1799.2578660731506
2025-11-26 20:00:00+00:00,oof,1736.3085099309606,1062.94935614219,1799.2578660731506
2025-11-27 00:00:00+00:00,oof,1735.9170527992096,1062.94935614219,1798.8664089413996
2025-11-27 04:00:00+00:00,oof,1735.5255956674587,1062.94935614219,1798.4749518096487
2025-11-27 08:00:00+00:00,oof,1735.1341385357077,1062.94935614219,1798.0834946778978
2025-11-27 12:00:00+00:00,oof,1734.7426814039568,1062.94935614219,1797.6920375461468
2025-11-27 16:00:00+00:00,oof,1734.351224272206,1062.94935614219,1797.3005804143959
2025-11-27 20:00:00+00:00,oof,1733.9597671404551,1062.94935614219,1796.909123282645
2025-11-28 00:00:00+00:00,oof,1733.5683100087042,1062.94935614219,1796.517666150894
2025-11-28 04:00:00+00:00,oof,1733.5683100087042,1062.94935614219,1796.517666150894
2025-11-28 08:00:00+00:00,oof,1733.5683100087042,1062.94935614219,1796.517666150894
2025-11-28 12:00:00+00:00,oof,1736.664811893571,1062.94935614219,1799.614168035761
2025-11-28 16:00:00+00:00,oof,1736.664811893571,1062.94935614219,1799.614168035761
2025-11-28 20:00:00+00:00,oof,1736.664811893571,1062.94935614219,1799.614168035761
2025-11-29 00:00:00+00:00,oof,1736.5242416683031,1062.94935614219,1799.4735978104932
2025-11-29 04:00:00+00:00,oof,1736.3836714430354,1062.94935614219,1799.3330275852254
2025-11-29 08:00:00+00:00,oof,1736.2431012177678,1062.94935614219,1799.192457359958
2025-11-29 12:00:00+00:00,oof,1736.1025309925,1062.94935614219,1799.0518871346903
2025-11-29 16:00:00+00:00,oof,1735.9619607672323,1062.94935614219,1798.9113169094226
2025-11-29 20:00:00+00:00,oof,1735.8213905419645,1062.94935614219,1798.7707466841548
2025-11-30 00:00:00+00:00,oof,1735.680820316697,1062.94935614219,1798.630176458887
2025-11-30 04:00:00+00:00,oof,1735.5402500914292,1062.94935614219,1798.4896062336193
2025-11-30 08:00:00+00:00,oof,1735.3996798661615,1062.94935614219,1798.3490360083515
2025-11-30 12:00:00+00:00,oof,1735.2591096408937,1062.2590699027683,1797.518179543662
2025-11-30 16:00:00+00:00,oof,1735.1185394156262,1062.2590699027683,1797.3776093183942
2025-11-30 20:00:00+00:00,oof,1734.9779691903584,1062.2590699027683,1797.2370390931264
2025-12-01 00:00:00+00:00,oof,1734.9779691903584,1065.6770845730953,1800.655053763454
2025-12-01 04:00:00+00:00,oof,1734.9779691903584,1065.6770845730953,1800.655053763454
2025-12-01 08:00:00+00:00,oof,1733.7799888925283,1065.6770845730953,1799.4570734656236
2025-12-01 12:00:00+00:00,oof,1732.582008594698,1065.458175491311,1798.040184086009
2025-12-01 16:00:00+00:00,oof,1732.582008594698,1065.2392664095269,1797.8212750042248
2025-12-01 20:00:00+00:00,oof,1732.582008594698,1065.0203573277427,1797.6023659224406
2025-12-02 00:00:00+00:00,oof,1732.582008594698,1064.8014482459585,1797.3834568406564
2025-12-02 04:00:00+00:00,oof,1732.582008594698,1064.8014482459585,1797.3834568406564
2025-12-02 08:00:00+00:00,oof,1732.582008594698,1063.9530195740615,1796.5350281687597
2025-12-02 12:00:00+00:00,oof,1732.582008594698,1063.9530195740615,1796.5350281687597
2025-12-02 16:00:00+00:00,oof,1732.582008594698,1063.9530195740615,1796.5350281687597
2025-12-02 20:00:00+00:00,oof,1733.7670864352008,1063.9530195740615,1797.720106009262
2025-12-03 00:00:00+00:00,oof,1734.9521642757034,1063.9530195740615,1798.9051838497649
2025-12-03 04:00:00+00:00,oof,1736.137242116206,1063.9530195740615,1800.0902616902677
2025-12-03 08:00:00+00:00,oof,1736.137242116206,1063.9530195740615,1800.0902616902677
2025-12-03 12:00:00+00:00,oof,1736.137242116206,1063.9530195740615,1800.0902616902677
2025-12-03 16:00:00+00:00,oof,1737.2386031887258,1063.9530195740615,1801.1916227627871
2025-12-03 20:00:00+00:00,oof,1738.339964261246,1063.9530195740615,1802.2929838353075
2025-12-04 00:00:00+00:00,oof,1739.4413253337661,1063.9530195740615,1803.3943449078279
2025-12-04 04:00:00+00:00,oof,1739.4413253337661,1063.9530195740615,1803.3943449078279
2025-12-04 08:00:00+00:00,oof,1739.4413253337661,1063.9530195740615,1803.3943449078279
2025-12-04 12:00:00+00:00,oof,1738.233094534053,1063.9530195740615,1802.1861141081145
2025-12-04 16:00:00+00:00,oof,1737.02486373434,1063.9530195740615,1800.9778833084015
2025-12-04 20:00:00+00:00,oof,1737.02486373434,1063.9530195740615,1800.9778833084015
2025-12-05 00:00:00+00:00,oof,1737.02486373434,1063.9530195740615,1800.9778833084015
2025-12-05 04:00:00+00:00,oof,1736.2216270149772,1063.9530195740615,1800.1746465890387
2025-12-05 08:00:00+00:00,oof,1735.4183902956147,1063.9530195740615,1799.3714098696764
2025-12-05 12:00:00+00:00,oof,1734.615153576252,1063.9530195740615,1798.5681731503137
2025-12-05 16:00:00+00:00,oof,1734.615153576252,1063.9530195740615,1798.5681731503137
2025-12-05 20:00:00+00:00,oof,1734.615153576252,1063.9530195740615,1798.5681731503137
2025-12-06 00:00:00+00:00,oof,1734.3598006532482,1063.9530195740615,1798.3128202273097
2025-12-06 04:00:00+00:00,oof,1734.1044477302446,1063.9530195740615,1798.057467304306
2025-12-06 08:00:00+00:00,oof,1733.8490948072408,1063.9530195740615,1797.802114381302
2025-12-06 12:00:00+00:00,oof,1733.593741884237,1063.098759455808,1796.692501340045
2025-12-06 16:00:00+00:00,oof,1733.3383889612335,1063.098759455808,1796.4371484170415
2025-12-06 20:00:00+00:00,oof,1733.0830360382297,1063.098759455808,1796.181795494038
2025-12-07 00:00:00+00:00,oof,1732.827683115226,1062.3049258858646,1795.1326090010907
2025-12-07 04:00:00+00:00,oof,1732.5723301922221,1062.3049258858646,1794.8772560780867
2025-12-07 08:00:00+00:00,oof,1732.3169772692186,1062.3049258858646,1794.6219031550831
2025-12-07 12:00:00+00:00,oof,1732.0616243462148,1061.5641927535373,1793.625817099752
2025-12-07 16:00:00+00:00,oof,1732.0616243462148,1061.5641927535373,1793.625817099752
2025-12-07 20:00:00+00:00,oof,1729.921734518347,1061.5641927535373,1791.485927271884
2025-12-08 00:00:00+00:00,oof,1729.921734518347,1061.5641927535373,1791.485927271884
2025-12-08 04:00:00+00:00,oof,1729.921734518347,1060.668948342358,1790.5906828607049
2025-12-08 08:00:00+00:00,oof,1733.2299248519728,1060.668948342358,1793.898873194331
2025-12-08 12:00:00+00:00,oof,1733.2299248519728,1060.668948342358,1793.898873194331
2025-12-08 16:00:00+00:00,oof,1733.2299248519728,1060.668948342358,1793.898873194331
2025-12-08 20:00:00+00:00,oof,1730.8422062889194,1059.7484651276395,1790.590671416559
2025-12-09 00:00:00+00:00,oof,1730.8422062889194,1059.7484651276395,1790.590671416559
2025-12-09 04:00:00+00:00,oof,1730.8422062889194,1059.7484651276395,1790.590671416559
2025-12-09 08:00:00+00:00,oof,1730.8422062889194,1059.3067501115725,1790.148956400492
2025-12-09 12:00:00+00:00,oof,1730.8422062889194,1058.8650350955056,1789.7072413844253
2025-12-09 16:00:00+00:00,oof,1734.1471640982145,1058.8650350955056,1793.0121991937203
2025-12-09 20:00:00+00:00,oof,1734.1471640982145,1058.8650350955056,1793.0121991937203
2025-12-10 00:00:00+00:00,oof,1734.1471640982145,1058.8650350955056,1793.0121991937203
2025-12-10 04:00:00+00:00,oof,1734.0637547431218,1058.8650350955056,1792.9287898386274
2025-12-10 08:00:00+00:00,oof,1733.9803453880293,1058.8650350955056,1792.8453804835349
2025-12-10 12:00:00+00:00,oof,1733.8969360329365,1058.8650350955056,1792.7619711284424
2025-12-10 16:00:00+00:00,oof,1733.813526677844,1058.8650350955056,1792.6785617733494
2025-12-10 20:00:00+00:00,oof,1733.7301173227513,1058.8650350955056,1792.595152418257
2025-12-11 00:00:00+00:00,oof,1733.6467079676586,1058.8650350955056,1792.5117430631644
2025-12-11 04:00:00+00:00,oof,1733.6467079676586,1057.7202215129246,1791.3669294805832
2025-12-11 08:00:00+00:00,oof,1733.6467079676586,1057.7202215129246,1791.3669294805832
2025-12-11 12:00:00+00:00,oof,1733.6467079676586,1056.6625933704433,1790.3093013381022
2025-12-11 16:00:00+00:00,oof,1733.6467079676586,1056.6625933704433,1790.3093013381022
2025-12-11 20:00:00+00:00,oof,1733.6467079676586,1055.6024889627013,1789.24919693036
2025-12-12 00:00:00+00:00,oof,1735.6540745556772,1055.6024889627013,1791.2565635183782
2025-12-12 04:00:00+00:00,oof,1737.6614411436963,1055.6024889627013,1793.2639301063973
2025-12-12 08:00:00+00:00,oof,1737.6614411436963,1055.6024889627013,1793.2639301063973
2025-12-12 12:00:00+00:00,oof,1735.0456209758822,1055.6024889627013,1790.6481099385837
2025-12-12 16:00:00+00:00,oof,1735.0456209758822,1055.6024889627013,1790.6481099385837
2025-12-12 20:00:00+00:00,oof,1735.0456209758822,1055.7920629313357,1790.837683907218
2025-12-13 00:00:00+00:00,oof,1734.8733031850438,1055.9816368999702,1790.8549400850143
2025-12-13 04:00:00+00:00,oof,1734.7009853942056,1056.1712108686047,1790.8721962628106
2025-12-13 08:00:00+00:00,oof,1734.5286676033672,1056.3607848372392,1790.8894524406064
2025-12-13 12:00:00+00:00,oof,1734.3563498125288,1056.5503588058739,1790.9067086184027
2025-12-13 16:00:00+00:00,oof,1734.1840320216907,1056.7399327745084,1790.923964796199
2025-12-13 20:00:00+00:00,oof,1734.0117142308522,1056.9295067431428,1790.9412209739949
2025-12-14 00:00:00+00:00,oof,1733.8393964400138,1057.1190807117773,1790.9584771517912
2025-12-14 04:00:00+00:00,oof,1733.6670786491757,1057.3086546804118,1790.9757333295875
2025-12-14 08:00:00+00:00,oof,1733.4947608583373,1057.4982286490463,1790.9929895073838
2025-12-14 12:00:00+00:00,oof,1733.3224430674989,1057.6878026176807,1791.0102456851796
2025-12-14 16:00:00+00:00,oof,1733.1501252766607,1057.8773765863152,1791.027501862976
2025-12-14 20:00:00+00:00,oof,1732.9778074858223,1057.8773765863152,1790.8551840721375
2025-12-15 00:00:00+00:00,oof,1732.9778074858223,1057.0917643365033,1790.0695718223255
2025-12-15 04:00:00+00:00,oof,1732.9778074858223,1057.0917643365033,1790.0695718223255
2025-12-15 08:00:00+00:00,oof,1732.9778074858223,1057.0917643365033,1790.0695718223255
2025-12-15 12:00:00+00:00,oof,1732.9778074858223,1056.3106844323554,1789.288491918178
2025-12-15 16:00:00+00:00,oof,1730.5672065928002,1056.3106844323554,1786.8778910251558
2025-12-15 20:00:00+00:00,oof,1730.5672065928002,1055.3749916291358,1785.942198221936
2025-12-16 00:00:00+00:00,oof,1730.5672065928002,1055.3749916291358,1785.942198221936
2025-12-16 04:00:00+00:00,oof,1730.5672065928002,1055.3749916291358,1785.942198221936
2025-12-16 08:00:00+00:00,oof,1730.5672065928002,1054.428357202182,1784.9955637949824
2025-12-16 12:00:00+00:00,oof,1730.5672065928002,1054.428357202182,1784.9955637949824
2025-12-16 16:00:00+00:00,oof,1730.5672065928002,1054.428357202182,1784.9955637949824
2025-12-16 20:00:00+00:00,oof,1730.5672065928002,1054.2391114760026,1784.8063180688027
2025-12-17 00:00:00+00:00,oof,1730.5672065928002,1054.049865749823,1784.617072342623
2025-12-17 04:00:00+00:00,oof,1730.5672065928002,1053.8606200236436,1784.4278266164438
2025-12-17 08:00:00+00:00,oof,1730.5672065928002,1053.6713742974641,1784.2385808902645
2025-12-17 12:00:00+00:00,oof,1730.5672065928002,1053.4821285712844,1784.0493351640844
2025-12-17 16:00:00+00:00,oof,1730.5672065928002,1053.4821285712844,1784.0493351640844
2025-12-17 20:00:00+00:00,oof,1730.5672065928002,1052.4113808690938,1782.9785874618938
2025-12-18 00:00:00+00:00,oof,1731.5822934165758,1052.4113808690938,1783.9936742856698
2025-12-18 04:00:00+00:00,oof,1732.5973802403516,1052.4113808690938,1785.0087611094455
2025-12-18 08:00:00+00:00,oof,1733.6124670641273,1051.918936234124,1785.5314032982515
2025-12-18 12:00:00+00:00,oof,1734.627553887903,1051.426491599154,1786.054045487057
2025-12-18 16:00:00+00:00,oof,1734.627553887903,1051.426491599154,1786.054045487057
2025-12-18 20:00:00+00:00,oof,1734.627553887903,1050.2510787639408,1784.8786326518439
2025-12-19 00:00:00+00:00,oof,1734.627553887903,1050.2510787639408,1784.8786326518439
2025-12-19 04:00:00+00:00,oof,1734.627553887903,1049.089950259604,1783.717504147507
2025-12-19 08:00:00+00:00,oof,1734.627553887903,1049.089950259604,1783.717504147507
2025-12-19 12:00:00+00:00,oof,1734.627553887903,1049.089950259604,1783.717504147507
2025-12-19 16:00:00+00:00,oof,1734.627553887903,1048.0004437861198,1782.627997674023
2025-12-19 20:00:00+00:00,oof,1734.6591981671068,1048.0004437861198,1782.6596419532266
2025-12-20 00:00:00+00:00,oof,1734.6908424463104,1048.0004437861198,1782.6912862324302
2025-12-20 04:00:00+00:00,oof,1734.722486725514,1048.0004437861198,1782.7229305116339
2025-12-20 08:00:00+00:00,oof,1734.7541310047177,1048.0004437861198,1782.7545747908375
2025-12-20 12:00:00+00:00,oof,1734.7857752839213,1048.0004437861198,1782.7862190700412
2025-12-20 16:00:00+00:00,oof,1734.817419563125,1048.0004437861198,1782.8178633492448
2025-12-20 20:00:00+00:00,oof,1734.8490638423286,1048.0004437861198,1782.8495076284485
2025-12-21 00:00:00+00:00,oof,1734.8807081215323,1048.0004437861198,1782.881151907652
2025-12-21 04:00:00+00:00,oof,1734.912352400736,1048.0004437861198,1782.9127961868558
2025-12-21 08:00:00+00:00,oof,1734.9439966799396,1047.2125467236901,1782.1565434036297
2025-12-21 12:00:00+00:00,oof,1734.9756409591432,1047.2125467236901,1782.1881876828334
2025-12-21 16:00:00+00:00,oof,1735.0072852383469,1046.466191140172,1781.473476378519
2025-12-21 20:00:00+00:00,oof,1735.0072852383469,1046.466191140172,1781.473476378519
2025-12-22 00:00:00+00:00,oof,1735.0072852383469,1046.466191140172,1781.473476378519
2025-12-22 04:00:00+00:00,oof,1734.8622268486397,1046.466191140172,1781.3284179888115
2025-12-22 08:00:00+00:00,oof,1734.7171684589325,1046.466191140172,1781.1833595991047
2025-12-22 12:00:00+00:00,oof,1734.5721100692253,1046.466191140172,1781.038301209397
2025-12-22 16:00:00+00:00,oof,1734.427051679518,1046.466191140172,1780.89324281969
2025-12-22 20:00:00+00:00,oof,1734.427051679518,1045.6993346559595,1780.1263863354775
2025-12-23 00:00:00+00:00,oof,1734.427051679518,1045.6993346559595,1780.1263863354775
2025-12-23 04:00:00+00:00,oof,1734.427051679518,1045.6993346559595,1780.1263863354775
2025-12-23 08:00:00+00:00,oof,1734.427051679518,1044.9482395509458,1779.3752912304635
2025-12-23 12:00:00+00:00,oof,1734.427051679518,1044.9482395509458,1779.3752912304635
2025-12-23 16:00:00+00:00,oof,1734.427051679518,1044.2026906923027,1778.6297423718206
2025-12-23 20:00:00+00:00,oof,1734.427051679518,1044.2026906923027,1778.6297423718206
2025-12-24 00:00:00+00:00,oof,1734.427051679518,1044.2026906923027,1778.6297423718206
2025-12-24 04:00:00+00:00,oof,1734.427051679518,1044.4980579111668,1778.9251095906848
2025-12-24 08:00:00+00:00,oof,1734.427051679518,1044.7934251300308,1779.220476809549
2025-12-24 12:00:00+00:00,oof,1734.427051679518,1045.088792348895,1779.515844028413
2025-12-24 16:00:00+00:00,oof,1734.427051679518,1045.384159567759,1779.8112112472772
2025-12-24 20:00:00+00:00,oof,1734.2249227848295,1045.679526786623,1779.9044495714525
2025-12-25 00:00:00+00:00,oof,1734.022793890141,1045.9748940054872,1779.9976878956281
2025-12-25 04:00:00+00:00,oof,1733.8206649954527,1046.2702612243513,1780.0909262198038
2025-12-25 08:00:00+00:00,oof,1733.6185361007642,1046.5656284432152,1780.1841645439795
2025-12-25 12:00:00+00:00,oof,1733.4164072060757,1046.8609956620794,1780.2774028681551
2025-12-25 16:00:00+00:00,oof,1733.2142783113873,1047.1563628809433,1780.3706411923304
2025-12-25 20:00:00+00:00,oof,1733.0121494166988,1047.4517300998075,1780.4638795165065
2025-12-26 00:00:00+00:00,oof,1733.0121494166988,1047.7470973186716,1780.7592467353707
2025-12-26 04:00:00+00:00,oof,1733.0121494166988,1047.7470973186716,1780.7592467353707
2025-12-26 08:00:00+00:00,oof,1732.1696248316757,1047.006696430694,1779.17632126237
2025-12-26 12:00:00+00:00,oof,1731.3271002466527,1047.006696430694,1778.333796677347
2025-12-26 16:00:00+00:00,oof,1731.3271002466527,1047.006696430694,1778.333796677347
2025-12-26 20:00:00+00:00,oof,1731.3271002466527,1046.219500614713,1777.5466008613657
2025-12-27 00:00:00+00:00,oof,1731.3271002466527,1046.219500614713,1777.5466008613657
2025-12-27 04:00:00+00:00,oof,1731.3271002466527,1046.219500614713,1777.5466008613657
2025-12-27 08:00:00+00:00,oof,1731.3271002466527,1046.219500614713,1777.5466008613657
2025-12-27 12:00:00+00:00,oof,1731.5719585849183,1046.219500614713,1777.7914591996314
2025-12-27 16:00:00+00:00,oof,1731.8168169231842,1045.8847907774405,1777.7016077006247
2025-12-27 20:00:00+00:00,oof,1732.0616752614499,1045.5500809401676,1777.6117562016175
2025-12-28 00:00:00+00:00,oof,1732.3065335997157,1045.5500809401676,1777.8566145398836
2025-12-28 04:00:00+00:00,oof,1732.5513919379814,1045.5500809401676,1778.1014728781493
2025-12-28 08:00:00+00:00,oof,1732.7962502762473,1045.5500809401676,1778.346331216415
2025-12-28 12:00:00+00:00,oof,1733.041108614513,1045.5500809401676,1778.5911895546806
2025-12-28 16:00:00+00:00,oof,1733.2859669527786,1045.5500809401676,1778.8360478929462
2025-12-28 20:00:00+00:00,oof,1733.5308252910445,1045.0009780111086,1778.531803302153
2025-12-29 00:00:00+00:00,oof,1733.7756836293102,1045.0009780111086,1778.7766616404188
2025-12-29 04:00:00+00:00,oof,1733.7756836293102,1045.0009780111086,1778.7766616404188
2025-12-29 08:00:00+00:00,oof,1733.7756836293102,1045.0009780111086,1778.7766616404188
2025-12-29 12:00:00+00:00,oof,1732.0619833335184,1045.0009780111086,1777.0629613446272
2025-12-29 16:00:00+00:00,oof,1732.0619833335184,1045.0009780111086,1777.0629613446272
2025-12-29 20:00:00+00:00,oof,1732.0619833335184,1044.7694648193503,1776.8314481528687
2025-12-30 00:00:00+00:00,oof,1732.0619833335184,1044.537951627592,1776.5999349611102
2025-12-30 04:00:00+00:00,oof,1732.0619833335184,1044.306438435834,1776.3684217693526
2025-12-30 08:00:00+00:00,oof,1732.0619833335184,1044.306438435834,1776.3684217693526
2025-12-30 12:00:00+00:00,oof,1732.0619833335184,1044.306438435834,1776.3684217693526
2025-12-30 16:00:00+00:00,ooc,1732.0619833335184,1044.306438435834,1776.3684217693526
2025-12-30 20:00:00+00:00,ooc,1732.0619833335184,1044.306438435834,1776.3684217693526
2025-12-31 00:00:00+00:00,ooc,1732.0619833335184,1044.306438435834,1776.3684217693526
2025-12-31 04:00:00+00:00,ooc,1732.0619833335184,1044.306438435834,1776.3684217693526
2025-12-31 08:00:00+00:00,ooc,1732.0619833335184,1044.306438435834,1776.3684217693526
2025-12-31 12:00:00+00:00,ooc,1732.0619833335184,1044.306438435834,1776.3684217693526
2025-12-31 16:00:00+00:00,ooc,1732.0619833335184,1044.306438435834,1776.3684217693526
2025-12-31 20:00:00+00:00,ooc,1732.0619833335184,1044.306438435834,1776.3684217693526
2026-01-01 00:00:00+00:00,ooc,1732.0619833335184,1044.306438435834,1776.3684217693526
2026-01-01 04:00:00+00:00,ooc,1732.0619833335184,1044.306438435834,1776.3684217693526
2026-01-01 08:00:00+00:00,ooc,1732.0619833335184,1044.306438435834,1776.3684217693526
2026-01-01 12:00:00+00:00,ooc,1732.0619833335184,1044.306438435834,1776.3684217693526
2026-01-01 16:00:00+00:00,ooc,1732.0619833335184,1044.306438435834,1776.3684217693526
2026-01-01 20:00:00+00:00,ooc,1732.0619833335184,1044.306438435834,1776.3684217693526
2026-01-02 00:00:00+00:00,ooc,1732.0619833335184,1044.306438435834,1776.3684217693526
2026-01-02 04:00:00+00:00,ooc,1732.0619833335184,1044.306438435834,1776.3684217693526
2026-01-02 08:00:00+00:00,ooc,1732.0619833335184,1044.306438435834,1776.3684217693526
2026-01-02 12:00:00+00:00,ooc,1732.0619833335184,1044.306438435834,1776.3684217693526
2026-01-02 16:00:00+00:00,ooc,1732.0619833335184,1044.306438435834,1776.3684217693526
2026-01-02 20:00:00+00:00,ooc,1732.0619833335184,1044.306438435834,1776.3684217693526
2026-01-03 00:00:00+00:00,ooc,1732.0619833335184,1044.306438435834,1776.3684217693526
2026-01-03 04:00:00+00:00,ooc,1732.0619833335184,1044.306438435834,1776.3684217693526
2026-01-03 08:00:00+00:00,ooc,1732.0619833335184,1044.306438435834,1776.3684217693526
2026-01-03 12:00:00+00:00,ooc,1732.0619833335184,1044.306438435834,1776.3684217693526
2026-01-03 16:00:00+00:00,ooc,1732.0619833335184,1044.306438435834,1776.3684217693526
2026-01-03 20:00:00+00:00,ooc,1732.0619833335184,1044.306438435834,1776.3684217693526
2026-01-04 00:00:00+00:00,ooc,1732.0619833335184,1044.306438435834,1776.3684217693526
2026-01-04 04:00:00+00:00,ooc,1732.0619833335184,1044.306438435834,1776.3684217693526
2026-01-04 08:00:00+00:00,ooc,1732.0619833335184,1044.306438435834,1776.3684217693526
2026-01-04 12:00:00+00:00,ooc,1732.0619833335184,1044.306438435834,1776.3684217693526
2026-01-04 16:00:00+00:00,ooc,1732.0619833335184,1044.306438435834,1776.3684217693526
2026-01-04 20:00:00+00:00,ooc,1732.0619833335184,1044.306438435834,1776.3684217693526
2026-01-05 00:00:00+00:00,ooc,1732.0619833335184,1044.306438435834,1776.3684217693526
2026-01-05 04:00:00+00:00,ooc,1732.0619833335184,1044.306438435834,1776.3684217693526
2026-01-05 08:00:00+00:00,ooc,1732.0619833335184,1044.306438435834,1776.3684217693526
2026-01-05 12:00:00+00:00,ooc,1732.0619833335184,1044.306438435834,1776.3684217693526
2026-01-05 16:00:00+00:00,ooc,1732.0619833335184,1044.306438435834,1776.3684217693526
2026-01-05 20:00:00+00:00,ooc,1732.0619833335184,1044.306438435834,1776.3684217693526
2026-01-06 00:00:00+00:00,ooc,1732.0619833335184,1044.306438435834,1776.3684217693526
2026-01-06 04:00:00+00:00,ooc,1732.0619833335184,1044.306438435834,1776.3684217693526
2026-01-06 08:00:00+00:00,ooc,1732.0619833335184,1044.306438435834,1776.3684217693526
2026-01-06 12:00:00+00:00,ooc,1732.0619833335184,1044.306438435834,1776.3684217693526
2026-01-06 16:00:00+00:00,ooc,1730.278334337254,1044.306438435834,1774.584772773088
2026-01-06 20:00:00+00:00,ooc,1730.278334337254,1044.306438435834,1774.584772773088
2026-01-07 00:00:00+00:00,ooc,1730.278334337254,1044.306438435834,1774.584772773088
2026-01-07 04:00:00+00:00,ooc,1728.2256351878104,1044.306438435834,1772.5320736236445
2026-01-07 08:00:00+00:00,ooc,1728.2256351878104,1044.306438435834,1772.5320736236445
2026-01-07 12:00:00+00:00,ooc,1728.2256351878104,1044.306438435834,1772.5320736236445
2026-01-07 16:00:00+00:00,ooc,1728.2256351878104,1044.306438435834,1772.5320736236445
2026-01-07 20:00:00+00:00,ooc,1728.2256351878104,1044.306438435834,1772.5320736236445
2026-01-08 00:00:00+00:00,ooc,1728.2256351878104,1044.306438435834,1772.5320736236445
2026-01-08 04:00:00+00:00,ooc,1728.2256351878104,1044.306438435834,1772.5320736236445
2026-01-08 08:00:00+00:00,ooc,1728.2256351878104,1044.306438435834,1772.5320736236445
2026-01-08 12:00:00+00:00,ooc,1728.2256351878104,1044.306438435834,1772.5320736236445
2026-01-08 16:00:00+00:00,ooc,1728.2256351878104,1044.306438435834,1772.5320736236445
2026-01-08 20:00:00+00:00,ooc,1729.7259259652799,1044.306438435834,1774.0323644011141
2026-01-09 00:00:00+00:00,ooc,1731.2262167427493,1044.306438435834,1775.5326551785834
2026-01-09 04:00:00+00:00,ooc,1731.2262167427493,1044.306438435834,1775.5326551785834
2026-01-09 08:00:00+00:00,ooc,1731.2262167427493,1044.306438435834,1775.5326551785834
2026-01-09 12:00:00+00:00,ooc,1729.1047183818332,1044.306438435834,1773.4111568176672
2026-01-09 16:00:00+00:00,ooc,1729.1047183818332,1044.306438435834,1773.4111568176672
2026-01-09 20:00:00+00:00,ooc,1729.1047183818332,1044.306438435834,1773.4111568176672
2026-01-10 00:00:00+00:00,ooc,1729.1047183818332,1044.306438435834,1773.4111568176672
2026-01-10 04:00:00+00:00,ooc,1729.1047183818332,1044.306438435834,1773.4111568176672
2026-01-10 08:00:00+00:00,ooc,1729.1047183818332,1044.306438435834,1773.4111568176672
2026-01-10 12:00:00+00:00,ooc,1729.1047183818332,1044.306438435834,1773.4111568176672
2026-01-10 16:00:00+00:00,ooc,1729.1047183818332,1044.306438435834,1773.4111568176672
2026-01-10 20:00:00+00:00,ooc,1729.1047183818332,1044.306438435834,1773.4111568176672
2026-01-11 00:00:00+00:00,ooc,1729.1047183818332,1044.306438435834,1773.4111568176672
2026-01-11 04:00:00+00:00,ooc,1729.1047183818332,1044.306438435834,1773.4111568176672
2026-01-11 08:00:00+00:00,ooc,1729.1047183818332,1044.306438435834,1773.4111568176672
2026-01-11 12:00:00+00:00,ooc,1729.1047183818332,1044.306438435834,1773.4111568176672
2026-01-11 16:00:00+00:00,ooc,1729.1047183818332,1044.306438435834,1773.4111568176672
2026-01-11 20:00:00+00:00,ooc,1729.1047183818332,1044.306438435834,1773.4111568176672
2026-01-12 00:00:00+00:00,ooc,1729.1047183818332,1044.306438435834,1773.4111568176672
2026-01-12 04:00:00+00:00,ooc,1729.1047183818332,1044.306438435834,1773.4111568176672
2026-01-12 08:00:00+00:00,ooc,1727.3707389190213,1044.306438435834,1771.6771773548553
2026-01-12 12:00:00+00:00,ooc,1727.3707389190213,1044.306438435834,1771.6771773548553
2026-01-12 16:00:00+00:00,ooc,1727.3707389190213,1044.306438435834,1771.6771773548553
2026-01-12 20:00:00+00:00,ooc,1727.3707389190213,1044.306438435834,1771.6771773548553
2026-01-13 00:00:00+00:00,ooc,1727.3707389190213,1044.306438435834,1771.6771773548553
2026-01-13 04:00:00+00:00,ooc,1727.3707389190213,1044.306438435834,1771.6771773548553
2026-01-13 08:00:00+00:00,ooc,1727.3707389190213,1044.306438435834,1771.6771773548553
2026-01-13 12:00:00+00:00,ooc,1727.3707389190213,1044.306438435834,1771.6771773548553
2026-01-13 16:00:00+00:00,ooc,1727.3707389190213,1044.306438435834,1771.6771773548553
2026-01-13 20:00:00+00:00,ooc,1727.3707389190213,1044.306438435834,1771.6771773548553
2026-01-14 00:00:00+00:00,ooc,1727.3707389190213,1044.306438435834,1771.6771773548553
2026-01-14 04:00:00+00:00,ooc,1727.3707389190213,1044.306438435834,1771.6771773548553
2026-01-14 08:00:00+00:00,ooc,1727.3707389190213,1044.306438435834,1771.6771773548553
2026-01-14 12:00:00+00:00,ooc,1727.3707389190213,1044.306438435834,1771.6771773548553
2026-01-14 16:00:00+00:00,ooc,1727.3707389190213,1044.306438435834,1771.6771773548553
2026-01-14 20:00:00+00:00,ooc,1727.3707389190213,1044.306438435834,1771.6771773548553
2026-01-15 00:00:00+00:00,ooc,1727.3707389190213,1044.306438435834,1771.6771773548553
2026-01-15 04:00:00+00:00,ooc,1727.3707389190213,1044.306438435834,1771.6771773548553
2026-01-15 08:00:00+00:00,ooc,1727.3707389190213,1044.306438435834,1771.6771773548553
2026-01-15 12:00:00+00:00,ooc,1727.3707389190213,1044.306438435834,1771.6771773548553
2026-01-15 16:00:00+00:00,ooc,1727.3707389190213,1044.306438435834,1771.6771773548553
2026-01-15 20:00:00+00:00,ooc,1727.3707389190213,1044.306438435834,1771.6771773548553
2026-01-16 00:00:00+00:00,ooc,1727.3707389190213,1044.306438435834,1771.6771773548553
2026-01-16 04:00:00+00:00,ooc,1727.3707389190213,1044.306438435834,1771.6771773548553
2026-01-16 08:00:00+00:00,ooc,1727.3707389190213,1044.306438435834,1771.6771773548553
2026-01-16 12:00:00+00:00,ooc,1727.3707389190213,1044.306438435834,1771.6771773548553
2026-01-16 16:00:00+00:00,ooc,1727.3707389190213,1044.306438435834,1771.6771773548553
2026-01-16 20:00:00+00:00,ooc,1727.3707389190213,1044.306438435834,1771.6771773548553
2026-01-17 00:00:00+00:00,ooc,1727.3707389190213,1044.306438435834,1771.6771773548553
2026-01-17 04:00:00+00:00,ooc,1727.3707389190213,1044.306438435834,1771.6771773548553
2026-01-17 08:00:00+00:00,ooc,1727.3707389190213,1044.306438435834,1771.6771773548553
2026-01-17 12:00:00+00:00,ooc,1727.3707389190213,1044.306438435834,1771.6771773548553
2026-01-17 16:00:00+00:00,ooc,1727.3707389190213,1044.306438435834,1771.6771773548553
2026-01-17 20:00:00+00:00,ooc,1727.3707389190213,1044.306438435834,1771.6771773548553
2026-01-18 00:00:00+00:00,ooc,1727.3707389190213,1044.306438435834,1771.6771773548553
2026-01-18 04:00:00+00:00,ooc,1727.3707389190213,1044.306438435834,1771.6771773548553
2026-01-18 08:00:00+00:00,ooc,1727.3707389190213,1044.306438435834,1771.6771773548553
2026-01-18 12:00:00+00:00,ooc,1727.3707389190213,1044.306438435834,1771.6771773548553
2026-01-18 16:00:00+00:00,ooc,1727.3707389190213,1044.306438435834,1771.6771773548553
2026-01-18 20:00:00+00:00,ooc,1727.3707389190213,1044.306438435834,1771.6771773548553
2026-01-19 00:00:00+00:00,ooc,1727.3707389190213,1044.306438435834,1771.6771773548553
2026-01-19 04:00:00+00:00,ooc,1727.3707389190213,1044.306438435834,1771.6771773548553
2026-01-19 08:00:00+00:00,ooc,1727.3707389190213,1044.306438435834,1771.6771773548553
2026-01-19 12:00:00+00:00,ooc,1727.3707389190213,1044.306438435834,1771.6771773548553
2026-01-19 16:00:00+00:00,ooc,1727.3707389190213,1043.9592502255903,1771.3299891446113
2026-01-19 20:00:00+00:00,ooc,1727.3707389190213,1043.6120620153463,1770.9828009343673
2026-01-20 00:00:00+00:00,ooc,1727.3707389190213,1043.6120620153463,1770.9828009343673
2026-01-20 04:00:00+00:00,ooc,1727.3707389190213,1043.6120620153463,1770.9828009343673
2026-01-20 08:00:00+00:00,ooc,1727.3707389190213,1046.6270606938097,1773.997799612831
2026-01-20 12:00:00+00:00,ooc,1727.3707389190213,1046.6270606938097,1773.997799612831
2026-01-20 16:00:00+00:00,ooc,1727.3707389190213,1046.6270606938097,1773.997799612831
2026-01-20 20:00:00+00:00,ooc,1727.3707389190213,1046.3889662520376,1773.759705171059
2026-01-21 00:00:00+00:00,ooc,1727.3707389190213,1046.1508718102652,1773.5216107292863
2026-01-21 04:00:00+00:00,ooc,1727.3707389190213,1045.9127773684934,1773.2835162875144
2026-01-21 08:00:00+00:00,ooc,1727.3707389190213,1045.9127773684934,1773.2835162875144
2026-01-21 12:00:00+00:00,ooc,1727.3707389190213,1045.2118479413164,1772.5825868603379
2026-01-21 16:00:00+00:00,ooc,1725.4443213318968,1045.2118479413164,1770.656169273213
2026-01-21 20:00:00+00:00,ooc,1725.4443213318968,1045.2118479413164,1770.656169273213
2026-01-22 00:00:00+00:00,ooc,1725.4443213318968,1045.608081205208,1771.052402537105
2026-01-22 04:00:00+00:00,ooc,1725.4443213318968,1046.0043144690997,1771.4486358009963
2026-01-22 08:00:00+00:00,ooc,1725.4443213318968,1046.4005477329915,1771.8448690648884
2026-01-22 12:00:00+00:00,ooc,1725.4443213318968,1046.7967809968832,1772.24110232878
2026-01-22 16:00:00+00:00,ooc,1725.4443213318968,1047.1930142607748,1772.6373355926717
2026-01-22 20:00:00+00:00,ooc,1725.4443213318968,1047.5892475246665,1773.0335688565633
2026-01-23 00:00:00+00:00,ooc,1725.4443213318968,1047.985480788558,1773.429802120455
2026-01-23 04:00:00+00:00,ooc,1725.4443213318968,1048.3817140524498,1773.8260353843466
2026-01-23 08:00:00+00:00,ooc,1725.4443213318968,1048.7779473163416,1774.2222686482382
2026-01-23 12:00:00+00:00,ooc,1725.4443213318968,1049.1741805802333,1774.6185019121303
2026-01-23 16:00:00+00:00,ooc,1725.4443213318968,1049.1741805802333,1774.6185019121303
2026-01-23 20:00:00+00:00,ooc,1725.4443213318968,1049.1741805802333,1774.6185019121303
2026-01-24 00:00:00+00:00,ooc,1725.4443213318968,1049.4892496550356,1774.9335709869324
2026-01-24 04:00:00+00:00,ooc,1725.4443213318968,1049.8043187298379,1775.2486400617345
2026-01-24 08:00:00+00:00,ooc,1725.4443213318968,1050.1193878046402,1775.563709136537
2026-01-24 12:00:00+00:00,ooc,1725.4443213318968,1050.4344568794427,1775.8787782113395
2026-01-24 16:00:00+00:00,ooc,1725.2109909454862,1050.749525954245,1775.9605168997314
2026-01-24 20:00:00+00:00,ooc,1724.9776605590755,1051.0645950290473,1776.0422555881228
2026-01-25 00:00:00+00:00,ooc,1724.7443301726648,1051.3796641038496,1776.1239942765142
2026-01-25 04:00:00+00:00,ooc,1724.5109997862542,1051.6947331786519,1776.205732964906
2026-01-25 08:00:00+00:00,ooc,1724.2776693998435,1052.0098022534542,1776.2874716532979
2026-01-25 12:00:00+00:00,ooc,1724.0443390134328,1052.3248713282564,1776.3692103416893
2026-01-25 16:00:00+00:00,ooc,1723.8110086270221,1052.6399404030587,1776.4509490300807
2026-01-25 20:00:00+00:00,ooc,1723.8110086270221,1052.6399404030587,1776.4509490300807
2026-01-26 00:00:00+00:00,ooc,1723.8110086270221,1051.9363807641485,1775.7473893911706
2026-01-26 04:00:00+00:00,ooc,1723.8110086270221,1051.9363807641485,1775.7473893911706
2026-01-26 08:00:00+00:00,ooc,1723.8110086270221,1051.9363807641485,1775.7473893911706
2026-01-26 12:00:00+00:00,ooc,1723.8110086270221,1051.212648690741,1775.023657317763
2026-01-26 16:00:00+00:00,ooc,1723.8110086270221,1051.212648690741,1775.023657317763
2026-01-26 20:00:00+00:00,ooc,1723.8110086270221,1051.212648690741,1775.023657317763
2026-01-27 00:00:00+00:00,ooc,1723.8110086270221,1050.4817272785242,1774.2927359055466
2026-01-27 04:00:00+00:00,ooc,1724.3187160116852,1050.4817272785242,1774.8004432902094
2026-01-27 08:00:00+00:00,ooc,1724.8264233963482,1050.4817272785242,1775.3081506748722
2026-01-27 12:00:00+00:00,ooc,1725.334130781011,1050.142203302526,1775.476334083537
2026-01-27 16:00:00+00:00,ooc,1725.841838165674,1049.8026793265276,1775.6445174922019
2026-01-27 20:00:00+00:00,ooc,1726.349545550337,1049.8026793265276,1776.1522248768647
2026-01-28 00:00:00+00:00,ooc,1726.349545550337,1049.8026793265276,1776.1522248768647
2026-01-28 04:00:00+00:00,ooc,1726.349545550337,1049.8026793265276,1776.1522248768647
2026-01-28 08:00:00+00:00,ooc,1725.8877012294486,1049.8026793265276,1775.690380555976
2026-01-28 12:00:00+00:00,ooc,1725.4258569085603,1049.8026793265276,1775.2285362350876
2026-01-28 16:00:00+00:00,ooc,1724.9640125876717,1049.8026793265276,1774.7666919141993
2026-01-28 20:00:00+00:00,ooc,1724.9640125876717,1049.8026793265276,1774.7666919141993
2026-01-29 00:00:00+00:00,ooc,1724.9640125876717,1049.8026793265276,1774.7666919141993
2026-01-29 04:00:00+00:00,ooc,1724.9640125876717,1050.8266237808784,1775.7906363685502
2026-01-29 08:00:00+00:00,ooc,1724.9640125876717,1051.8505682352293,1776.814580822901
2026-01-29 12:00:00+00:00,ooc,1724.9640125876717,1052.8745126895801,1777.8385252772518
2026-01-29 16:00:00+00:00,ooc,1724.9640125876717,1052.8745126895801,1777.8385252772518
2026-01-29 20:00:00+00:00,ooc,1724.9640125876717,1052.0305808017079,1776.9945933893796
2026-01-30 00:00:00+00:00,ooc,1724.9640125876717,1052.0305808017079,1776.9945933893796
2026-01-30 04:00:00+00:00,ooc,1724.9640125876717,1051.1097041685482,1776.0737167562202
2026-01-30 08:00:00+00:00,ooc,1724.9640125876717,1051.1097041685482,1776.0737167562202
2026-01-30 12:00:00+00:00,ooc,1724.9640125876717,1051.1097041685482,1776.0737167562202
2026-01-30 16:00:00+00:00,ooc,1724.9640125876717,1050.2001964083793,1775.164208996051
2026-01-30 20:00:00+00:00,ooc,1724.9640125876717,1050.2001964083793,1775.164208996051
2026-01-31 00:00:00+00:00,ooc,1724.9640125876717,1049.261547281541,1774.2255598692127
2026-01-31 04:00:00+00:00,ooc,1724.9640125876717,1049.261547281541,1774.2255598692127
2026-01-31 08:00:00+00:00,ooc,1724.9640125876717,1049.261547281541,1774.2255598692127
2026-01-31 12:00:00+00:00,ooc,1724.9640125876717,1053.6396008134736,1778.6036134011456
2026-01-31 16:00:00+00:00,ooc,1724.9640125876717,1053.6396008134736,1778.6036134011456
2026-01-31 20:00:00+00:00,ooc,1724.9640125876717,1052.235736297189,1777.199748884861
2026-02-01 00:00:00+00:00,ooc,1724.9640125876717,1052.235736297189,1777.199748884861
2026-02-01 04:00:00+00:00,ooc,1724.9640125876717,1052.235736297189,1777.199748884861
2026-02-01 08:00:00+00:00,ooc,1724.9640125876717,1051.546655857346,1776.5106684450175
2026-02-01 12:00:00+00:00,ooc,1724.9640125876717,1050.8575754175029,1775.8215880051748
2026-02-01 16:00:00+00:00,ooc,1724.9640125876717,1050.8575754175029,1775.8215880051748
2026-02-01 20:00:00+00:00,ooc,1724.9640125876717,1050.8575754175029,1775.8215880051748
2026-02-02 00:00:00+00:00,ooc,1724.9640125876717,1050.3913459918326,1775.3553585795044
2026-02-02 04:00:00+00:00,ooc,1724.9640125876717,1049.9251165661626,1774.8891291538343
2026-02-02 08:00:00+00:00,ooc,1724.9640125876717,1049.4588871404924,1774.4228997281643
2026-02-02 12:00:00+00:00,ooc,1724.9640125876717,1049.4588871404924,1774.4228997281643
2026-02-02 16:00:00+00:00,ooc,1724.9640125876717,1049.4588871404924,1774.4228997281643
2026-02-02 20:00:00+00:00,ooc,1724.9640125876717,1050.7192103381783,1775.6832229258498
2026-02-03 00:00:00+00:00,ooc,1724.9640125876717,1051.9795335358642,1776.9435461235362
2026-02-03 04:00:00+00:00,ooc,1724.9640125876717,1053.2398567335501,1778.2038693212216
2026-02-03 08:00:00+00:00,ooc,1724.9640125876717,1054.500179931236,1779.464192518908
2026-02-03 12:00:00+00:00,ooc,1724.9640125876717,1055.760503128922,1780.7245157165935
2026-02-03 16:00:00+00:00,ooc,1724.9640125876717,1057.020826326608,1781.9848389142799
2026-02-03 20:00:00+00:00,ooc,1724.9640125876717,1057.020826326608,1781.9848389142799
2026-02-04 00:00:00+00:00,ooc,1724.9640125876717,1055.5913318306677,1780.5553444183397
2026-02-04 04:00:00+00:00,ooc,1724.9640125876717,1055.5913318306677,1780.5553444183397
2026-02-04 08:00:00+00:00,ooc,1724.9640125876717,1055.5913318306677,1780.5553444183397
2026-02-04 12:00:00+00:00,ooc,1724.9640125876717,1059.1990309806456,1784.1630435683173
2026-02-04 16:00:00+00:00,ooc,1724.9640125876717,1062.8067301306232,1787.770742718295
2026-02-04 20:00:00+00:00,ooc,1724.9640125876717,1062.8067301306232,1787.770742718295
2026-02-05 00:00:00+00:00,ooc,1724.9640125876717,1062.8067301306232,1787.770742718295
2026-02-05 04:00:00+00:00,ooc,1724.9640125876717,1065.5722472736593,1790.536259861331
2026-02-05 08:00:00+00:00,ooc,1724.9640125876717,1068.337764416695,1793.301777004367
2026-02-05 12:00:00+00:00,ooc,1724.9640125876717,1071.103281559731,1796.0672941474027
2026-02-05 16:00:00+00:00,ooc,1724.9640125876717,1071.103281559731,1796.0672941474027
2026-02-05 20:00:00+00:00,ooc,1724.9640125876717,1071.103281559731,1796.0672941474027
2026-02-06 00:00:00+00:00,ooc,1724.9640125876717,1069.1396443828926,1794.1036569705643
2026-02-06 04:00:00+00:00,ooc,1724.9640125876717,1069.1396443828926,1794.1036569705643
2026-02-06 08:00:00+00:00,ooc,1724.9640125876717,1066.9123837920008,1791.8763963796728
2026-02-06 12:00:00+00:00,ooc,1724.9640125876717,1066.9123837920008,1791.8763963796728
2026-02-06 16:00:00+00:00,ooc,1724.9640125876717,1064.863384551689,1789.827397139361
2026-02-06 20:00:00+00:00,ooc,1724.9640125876717,1064.863384551689,1789.827397139361
2026-02-07 00:00:00+00:00,ooc,1724.9640125876717,1064.863384551689,1789.827397139361
2026-02-07 04:00:00+00:00,ooc,1724.9640125876717,1064.863384551689,1789.827397139361
2026-02-07 08:00:00+00:00,ooc,1724.9640125876717,1064.863384551689,1789.827397139361
2026-02-07 12:00:00+00:00,ooc,1724.9640125876717,1062.914370453512,1787.878383041184
2026-02-07 16:00:00+00:00,ooc,1724.9640125876717,1062.914370453512,1787.878383041184
2026-02-07 20:00:00+00:00,ooc,1724.9640125876717,1062.914370453512,1787.878383041184
2026-02-08 00:00:00+00:00,ooc,1724.9640125876717,1063.049519977753,1788.0135325654246
2026-02-08 04:00:00+00:00,ooc,1724.9640125876717,1063.184669501994,1788.1486820896657
2026-02-08 08:00:00+00:00,ooc,1724.9640125876717,1063.319819026235,1788.2838316139068
2026-02-08 12:00:00+00:00,ooc,1724.9640125876717,1063.4549685504762,1788.418981138148
2026-02-08 16:00:00+00:00,ooc,1724.9640125876717,1063.5901180747173,1788.554130662389
2026-02-08 20:00:00+00:00,ooc,1724.9640125876717,1063.7252675989582,1788.6892801866297
2026-02-09 00:00:00+00:00,ooc,1724.9640125876717,1063.8604171231993,1788.8244297108713
2026-02-09 04:00:00+00:00,ooc,1724.9640125876717,1063.9955666474405,1788.959579235112
2026-02-09 08:00:00+00:00,ooc,1724.9640125876717,1064.1307161716813,1789.094728759353
2026-02-09 12:00:00+00:00,ooc,1724.9640125876717,1064.2658656959225,1789.2298782835942
2026-02-09 16:00:00+00:00,ooc,1724.9640125876717,1064.4010152201636,1789.3650278078353
2026-02-09 20:00:00+00:00,ooc,1724.9640125876717,1064.5361647444047,1789.5001773320764
2026-02-10 00:00:00+00:00,ooc,1724.9640125876717,1064.5361647444047,1789.5001773320764
2026-02-10 04:00:00+00:00,ooc,1724.9640125876717,1064.5361647444047,1789.5001773320764
2026-02-10 08:00:00+00:00,ooc,1724.9640125876717,1065.3919760758515,1790.355988663523
2026-02-10 12:00:00+00:00,ooc,1724.9640125876717,1066.2477874072986,1791.2117999949705
2026-02-10 16:00:00+00:00,ooc,1724.9640125876717,1067.1035987387454,1792.0676113264171
2026-02-10 20:00:00+00:00,ooc,1724.9640125876717,1067.9594100701925,1792.9234226578642
2026-02-11 00:00:00+00:00,ooc,1724.9640125876717,1068.8152214016393,1793.7792339893113
2026-02-11 04:00:00+00:00,ooc,1724.9640125876717,1069.6710327330863,1794.6350453207579
2026-02-11 08:00:00+00:00,ooc,1724.9640125876717,1070.5268440645332,1795.490856652205
2026-02-11 12:00:00+00:00,ooc,1724.9640125876717,1071.38265539598,1796.346667983652
2026-02-11 16:00:00+00:00,ooc,1724.9640125876717,1071.38265539598,1796.346667983652
2026-02-11 20:00:00+00:00,ooc,1724.9640125876717,1070.0990653396454,1795.063077927317
2026-02-12 00:00:00+00:00,ooc,1724.9640125876717,1070.0990653396454,1795.063077927317
2026-02-12 04:00:00+00:00,ooc,1724.9640125876717,1070.0990653396454,1795.063077927317
2026-02-12 08:00:00+00:00,ooc,1724.9640125876717,1068.8749722262623,1793.838984813934
2026-02-12 12:00:00+00:00,ooc,1724.9640125876717,1068.8749722262623,1793.838984813934
2026-02-12 16:00:00+00:00,ooc,1724.9640125876717,1068.8749722262623,1793.838984813934
2026-02-12 20:00:00+00:00,ooc,1724.9640125876717,1068.6415915393013,1793.605604126973
2026-02-13 00:00:00+00:00,ooc,1724.9640125876717,1068.4082108523403,1793.372223440012
2026-02-13 04:00:00+00:00,ooc,1724.9640125876717,1068.1748301653793,1793.138842753051
2026-02-13 08:00:00+00:00,ooc,1724.9640125876717,1067.9414494784182,1792.90546206609
2026-02-13 12:00:00+00:00,ooc,1729.3164987148978,1067.7080687914572,1797.0245675063552
2026-02-13 16:00:00+00:00,ooc,1729.3164987148978,1067.7080687914572,1797.0245675063552
2026-02-13 20:00:00+00:00,ooc,1729.3164987148978,1067.7080687914572,1797.0245675063552
2026-02-14 00:00:00+00:00,ooc,1729.3164987148978,1067.7080687914572,1797.0245675063552
2026-02-14 04:00:00+00:00,ooc,1729.3164987148978,1067.7080687914572,1797.0245675063552
2026-02-14 08:00:00+00:00,ooc,1729.3164987148978,1067.7080687914572,1797.0245675063552
2026-02-14 12:00:00+00:00,ooc,1729.3164987148978,1067.7080687914572,1797.0245675063552
2026-02-14 16:00:00+00:00,ooc,1729.3164987148978,1067.7080687914572,1797.0245675063552
2026-02-14 20:00:00+00:00,ooc,1730.516544557169,1067.7080687914572,1798.224613348626
2026-02-15 00:00:00+00:00,ooc,1731.7165903994405,1067.7080687914572,1799.4246591908977
2026-02-15 04:00:00+00:00,ooc,1732.9166362417118,1067.7080687914572,1800.624705033169
2026-02-15 08:00:00+00:00,ooc,1732.9166362417118,1067.7080687914572,1800.624705033169
2026-02-15 12:00:00+00:00,ooc,1732.9166362417118,1067.7080687914572,1800.624705033169
2026-02-15 16:00:00+00:00,ooc,1732.9166362417118,1067.7080687914572,1800.624705033169
2026-02-15 20:00:00+00:00,ooc,1732.9166362417118,1066.7149177308825,1799.6315539725942
2026-02-16 00:00:00+00:00,ooc,1732.9166362417118,1066.7149177308825,1799.6315539725942
2026-02-16 04:00:00+00:00,ooc,1732.9166362417118,1066.7149177308825,1799.6315539725942
2026-02-16 08:00:00+00:00,ooc,1732.9166362417118,1065.740282606486,1798.656918848198
2026-02-16 12:00:00+00:00,ooc,1732.9166362417118,1065.740282606486,1798.656918848198
2026-02-16 16:00:00+00:00,ooc,1732.9166362417118,1064.7062962002904,1797.622932442002
2026-02-16 20:00:00+00:00,ooc,1732.9166362417118,1064.7062962002904,1797.622932442002
2026-02-17 00:00:00+00:00,ooc,1732.9166362417118,1064.7062962002904,1797.622932442002
2026-02-17 04:00:00+00:00,ooc,1732.0826981926255,1064.7062962002904,1796.7889943929158
2026-02-17 08:00:00+00:00,ooc,1731.248760143539,1064.7062962002904,1795.9550563438293
2026-02-17 12:00:00+00:00,ooc,1730.4148220944526,1064.7062962002904,1795.1211182947427
2026-02-17 16:00:00+00:00,ooc,1730.4148220944526,1064.512219031215,1794.9270411256675
2026-02-17 20:00:00+00:00,ooc,1730.4148220944526,1064.3181418621396,1794.7329639565924
2026-02-18 00:00:00+00:00,ooc,1729.7824061622366,1064.1240646930644,1793.906470855301
2026-02-18 04:00:00+00:00,ooc,1729.1499902300206,1063.929987523989,1793.0799777540096
2026-02-18 08:00:00+00:00,ooc,1728.5175742978047,1063.7359103549136,1792.2534846527183
2026-02-18 12:00:00+00:00,ooc,1727.8851583655887,1063.7359103549136,1791.621068720502
2026-02-18 16:00:00+00:00,ooc,1727.8851583655887,1063.7359103549136,1791.621068720502
2026-02-18 20:00:00+00:00,ooc,1727.8851583655887,1063.6271914459664,1791.5123498115554
2026-02-19 00:00:00+00:00,ooc,1728.310667683481,1063.5184725370193,1791.8291402205004
2026-02-19 04:00:00+00:00,ooc,1728.7361770013733,1063.4097536280722,1792.1459306294455
2026-02-19 08:00:00+00:00,ooc,1729.1616863192655,1063.301034719125,1792.4627210383906
2026-02-19 12:00:00+00:00,ooc,1729.5871956371577,1063.192315810178,1792.7795114473356
2026-02-19 16:00:00+00:00,ooc,1730.01270495505,1063.0835969012307,1793.0963018562807
2026-02-19 20:00:00+00:00,ooc,1730.4382142729423,1062.9748779922836,1793.4130922652257
2026-02-20 00:00:00+00:00,ooc,1730.8637235908345,1062.8661590833365,1793.7298826741708
2026-02-20 04:00:00+00:00,ooc,1731.2892329087267,1062.7574401743893,1794.0466730831158
2026-02-20 08:00:00+00:00,ooc,1731.714742226619,1062.7574401743893,1794.4721824010085
2026-02-20 12:00:00+00:00,ooc,1731.714742226619,1062.7574401743893,1794.4721824010085
2026-02-20 16:00:00+00:00,ooc,1731.714742226619,1062.7574401743893,1794.4721824010085
2026-02-20 20:00:00+00:00,ooc,1731.714742226619,1062.7574401743893,1794.4721824010085
2026-02-21 00:00:00+00:00,ooc,1731.714742226619,1062.7574401743893,1794.4721824010085
2026-02-21 04:00:00+00:00,ooc,1731.714742226619,1062.7574401743893,1794.4721824010085
2026-02-21 08:00:00+00:00,ooc,1731.714742226619,1062.7574401743893,1794.4721824010085
2026-02-21 12:00:00+00:00,ooc,1731.714742226619,1062.7574401743893,1794.4721824010085
2026-02-21 16:00:00+00:00,ooc,1731.714742226619,1062.7574401743893,1794.4721824010085
2026-02-21 20:00:00+00:00,ooc,1731.714742226619,1062.7574401743893,1794.4721824010085
2026-02-22 00:00:00+00:00,ooc,1731.2184359380371,1062.7574401743893,1793.9758761124267
2026-02-22 04:00:00+00:00,ooc,1730.7221296494554,1062.7574401743893,1793.479569823845
2026-02-22 08:00:00+00:00,ooc,1730.2258233608736,1062.7574401743893,1792.9832635352632
2026-02-22 12:00:00+00:00,ooc,1729.7295170722919,1062.7574401743893,1792.4869572466814
2026-02-22 16:00:00+00:00,ooc,1729.7295170722919,1062.7574401743893,1792.4869572466814
2026-02-22 20:00:00+00:00,ooc,1729.7295170722919,1064.4848268797164,1794.2143439520082
2026-02-23 00:00:00+00:00,ooc,1729.7295170722919,1066.2122135850434,1795.941730657335
2026-02-23 04:00:00+00:00,ooc,1729.7295170722919,1066.2122135850434,1795.941730657335
2026-02-23 08:00:00+00:00,ooc,1732.9503736820357,1065.3282982876876,1798.2786719697233
2026-02-23 12:00:00+00:00,ooc,1732.9503736820357,1065.3282982876876,1798.2786719697233
2026-02-23 16:00:00+00:00,ooc,1732.9503736820357,1065.3282982876876,1798.2786719697233
2026-02-23 20:00:00+00:00,ooc,1732.9503736820357,1067.5606346501006,1800.511008332136
2026-02-24 00:00:00+00:00,ooc,1732.9503736820357,1069.7929710125136,1802.7433446945493
2026-02-24 04:00:00+00:00,ooc,1732.9503736820357,1069.7929710125136,1802.7433446945493
2026-02-24 08:00:00+00:00,ooc,1732.9503736820357,1069.7929710125136,1802.7433446945493
2026-02-24 12:00:00+00:00,ooc,1732.9503736820357,1069.3230265437132,1802.273400225749
2026-02-24 16:00:00+00:00,ooc,1732.9503736820357,1068.853082074913,1801.8034557569486
2026-02-24 20:00:00+00:00,ooc,1732.9503736820357,1068.853082074913,1801.8034557569486
2026-02-25 00:00:00+00:00,ooc,1732.9503736820357,1067.9808268465795,1800.9312005286151
2026-02-25 04:00:00+00:00,ooc,1732.9503736820357,1067.9808268465795,1800.9312005286151
2026-02-25 08:00:00+00:00,ooc,1734.6636309865082,1067.9808268465795,1802.6444578330875
2026-02-25 12:00:00+00:00,ooc,1736.3768882909808,1067.9808268465795,1804.3577151375603
2026-02-25 16:00:00+00:00,ooc,1736.3768882909808,1067.9808268465795,1804.3577151375603
2026-02-25 20:00:00+00:00,ooc,1736.3768882909808,1067.9808268465795,1804.3577151375603
2026-02-26 00:00:00+00:00,ooc,1736.3768882909808,1067.9808268465795,1804.3577151375603
2026-02-26 04:00:00+00:00,ooc,1735.4893590339307,1067.9808268465795,1803.4701858805101
2026-02-26 08:00:00+00:00,ooc,1734.6018297768808,1067.9808268465795,1802.58265662346
2026-02-26 12:00:00+00:00,ooc,1733.7143005198307,1067.9808268465795,1801.69512736641
2026-02-26 16:00:00+00:00,ooc,1733.7143005198307,1067.9808268465795,1801.69512736641
2026-02-26 20:00:00+00:00,ooc,1733.7143005198307,1067.9808268465795,1801.69512736641
2026-02-27 00:00:00+00:00,ooc,1733.0594257765983,1067.9808268465795,1801.0402526231778
2026-02-27 04:00:00+00:00,ooc,1732.4045510333663,1067.9808268465795,1800.3853778799457
2026-02-27 08:00:00+00:00,ooc,1731.749676290134,1067.9808268465795,1799.7305031367132
2026-02-27 12:00:00+00:00,ooc,1731.749676290134,1067.9808268465795,1799.7305031367132
2026-02-27 16:00:00+00:00,ooc,1731.749676290134,1067.9808268465795,1799.7305031367132
2026-02-27 20:00:00+00:00,ooc,1728.8438416200283,1067.9808268465795,1796.8246684666078
2026-02-28 00:00:00+00:00,ooc,1728.8438416200283,1067.9808268465795,1796.8246684666078
2026-02-28 04:00:00+00:00,ooc,1728.8438416200283,1067.9808268465795,1796.8246684666078
2026-02-28 08:00:00+00:00,ooc,1728.8438416200283,1066.8515052488247,1795.695346868853
2026-02-28 12:00:00+00:00,ooc,1730.9995307580746,1066.8515052488247,1797.8510360068994
2026-02-28 16:00:00+00:00,ooc,1733.1552198961208,1066.8515052488247,1800.0067251449454
2026-02-28 20:00:00+00:00,ooc,1733.1552198961208,1065.7598645739888,1798.9150844701098
2026-03-01 00:00:00+00:00,ooc,1737.3700914803844,1065.7598645739888,1803.129956054373
2026-03-01 04:00:00+00:00,ooc,1737.3700914803844,1065.7598645739888,1803.129956054373
2026-03-01 08:00:00+00:00,ooc,1737.3700914803844,1065.7598645739888,1803.129956054373
2026-03-01 12:00:00+00:00,ooc,1735.8470500249061,1065.7598645739888,1801.606914598895
2026-03-01 16:00:00+00:00,ooc,1734.3240085694279,1065.7598645739888,1800.083873143417
2026-03-01 20:00:00+00:00,ooc,1734.3240085694279,1065.7598645739888,1800.083873143417
2026-03-02 00:00:00+00:00,ooc,1734.3240085694279,1065.7598645739888,1800.083873143417
2026-03-02 04:00:00+00:00,ooc,1735.8123612387226,1065.7598645739888,1801.5722258127116
2026-03-02 08:00:00+00:00,ooc,1737.3007139080175,1065.7598645739888,1803.0605784820063
2026-03-02 12:00:00+00:00,ooc,1738.7890665773123,1065.7598645739888,1804.548931151301
2026-03-02 16:00:00+00:00,ooc,1738.7890665773123,1065.7598645739888,1804.548931151301
2026-03-02 20:00:00+00:00,ooc,1738.7890665773123,1065.7598645739888,1804.548931151301
2026-03-03 00:00:00+00:00,ooc,1738.7890665773123,1065.7598645739888,1804.548931151301
2026-03-03 04:00:00+00:00,ooc,1738.7890665773123,1065.7598645739888,1804.548931151301
2026-03-03 08:00:00+00:00,ooc,1738.7890665773123,1065.7598645739888,1804.548931151301
2026-03-03 12:00:00+00:00,ooc,1735.6042140050977,1065.7598645739888,1801.3640785790867
2026-03-03 16:00:00+00:00,ooc,1735.6042140050977,1065.7598645739888,1801.3640785790867
2026-03-03 20:00:00+00:00,ooc,1735.6042140050977,1065.7598645739888,1801.3640785790867
2026-03-04 00:00:00+00:00,ooc,1737.132084780352,1065.7598645739888,1802.8919493543408
2026-03-04 04:00:00+00:00,ooc,1738.6599555556065,1065.7598645739888,1804.4198201295953
2026-03-04 08:00:00+00:00,ooc,1740.187826330861,1065.7598645739888,1805.9476909048499
2026-03-04 12:00:00+00:00,ooc,1740.187826330861,1065.7598645739888,1805.9476909048499
2026-03-04 16:00:00+00:00,ooc,1740.187826330861,1065.7598645739888,1805.9476909048499
2026-03-04 20:00:00+00:00,ooc,1740.187826330861,1065.7598645739888,1805.9476909048499
2026-03-05 00:00:00+00:00,ooc,1740.187826330861,1065.7598645739888,1805.9476909048499
2026-03-05 04:00:00+00:00,ooc,1740.187826330861,1065.7598645739888,1805.9476909048499
2026-03-05 08:00:00+00:00,ooc,1740.187826330861,1065.7598645739888,1805.9476909048499
2026-03-05 12:00:00+00:00,ooc,1739.3109091780523,1065.7598645739888,1805.070773752041
2026-03-05 16:00:00+00:00,ooc,1738.4339920252435,1065.7598645739888,1804.1938565992323
2026-03-05 20:00:00+00:00,ooc,1738.4339920252435,1065.7598645739888,1804.1938565992323
2026-03-06 00:00:00+00:00,ooc,1738.4339920252435,1065.7598645739888,1804.1938565992323
2026-03-06 04:00:00+00:00,ooc,1738.4339920252435,1065.7598645739888,1804.1938565992323
2026-03-06 08:00:00+00:00,ooc,1738.4339920252435,1065.7598645739888,1804.1938565992323
2026-03-06 12:00:00+00:00,ooc,1738.4339920252435,1065.7598645739888,1804.1938565992323
2026-03-06 16:00:00+00:00,ooc,1738.4339920252435,1065.7598645739888,1804.1938565992323
2026-03-06 20:00:00+00:00,ooc,1738.4339920252435,1065.7598645739888,1804.1938565992323
2026-03-07 00:00:00+00:00,ooc,1737.8265912451802,1065.7598645739888,1803.5864558191688
2026-03-07 04:00:00+00:00,ooc,1737.219190465117,1065.7598645739888,1802.9790550391058
2026-03-07 08:00:00+00:00,ooc,1736.6117896850537,1065.7598645739888,1802.3716542590428
2026-03-07 12:00:00+00:00,ooc,1736.0043889049905,1065.7598645739888,1801.7642534789793
2026-03-07 16:00:00+00:00,ooc,1735.3969881249272,1065.7598645739888,1801.1568526989158
2026-03-07 20:00:00+00:00,ooc,1735.3969881249272,1065.7598645739888,1801.1568526989158
2026-03-08 00:00:00+00:00,ooc,1735.3969881249272,1065.7598645739888,1801.1568526989158
2026-03-08 04:00:00+00:00,ooc,1735.3969881249272,1065.3062509035972,1800.7032390285244
2026-03-08 08:00:00+00:00,ooc,1735.3969881249272,1064.8526372332055,1800.249625358133
2026-03-08 12:00:00+00:00,ooc,1735.3969881249272,1064.8526372332055,1800.249625358133
2026-03-08 16:00:00+00:00,ooc,1735.3969881249272,1064.8526372332055,1800.249625358133
2026-03-08 20:00:00+00:00,ooc,1735.3969881249272,1063.9740402861603,1799.3710284110875
2026-03-09 00:00:00+00:00,ooc,1735.3969881249272,1063.9740402861603,1799.3710284110875
2026-03-09 04:00:00+00:00,ooc,1735.3969881249272,1063.0588054580414,1798.455793582969
2026-03-09 08:00:00+00:00,ooc,1736.5282759746208,1063.0588054580414,1799.5870814326622
2026-03-09 12:00:00+00:00,ooc,1737.659563824314,1063.0588054580414,1800.7183692823555
2026-03-09 16:00:00+00:00,ooc,1738.7908516740076,1063.0588054580414,1801.8496571320493
2026-03-09 20:00:00+00:00,ooc,1738.7908516740076,1063.0588054580414,1801.8496571320493
2026-03-10 00:00:00+00:00,ooc,1738.7908516740076,1063.0588054580414,1801.8496571320493
2026-03-10 04:00:00+00:00,ooc,1739.9283946550192,1063.0588054580414,1802.9872001130607
2026-03-10 08:00:00+00:00,ooc,1741.0659376360309,1063.0588054580414,1804.124743094072
2026-03-10 12:00:00+00:00,ooc,1742.2034806170427,1063.0588054580414,1805.2622860750844
2026-03-10 16:00:00+00:00,ooc,1742.2034806170427,1063.0588054580414,1805.2622860750844
2026-03-10 20:00:00+00:00,ooc,1742.2034806170427,1063.0588054580414,1805.2622860750844
2026-03-11 00:00:00+00:00,ooc,1742.0112656865556,1063.0588054580414,1805.070071144597
2026-03-11 04:00:00+00:00,ooc,1741.8190507560685,1063.0588054580414,1804.8778562141097
2026-03-11 08:00:00+00:00,ooc,1741.6268358255813,1063.0588054580414,1804.6856412836228
2026-03-11 12:00:00+00:00,ooc,1741.4346208950942,1063.0588054580414,1804.4934263531359
2026-03-11 16:00:00+00:00,ooc,1741.2424059646069,1063.0588054580414,1804.3012114226485
2026-03-11 20:00:00+00:00,ooc,1741.0501910341197,1063.0588054580414,1804.1089964921612
2026-03-12 00:00:00+00:00,ooc,1740.8579761036326,1063.0588054580414,1803.9167815616738
2026-03-12 04:00:00+00:00,ooc,1740.8579761036326,1063.0588054580414,1803.9167815616738
2026-03-12 08:00:00+00:00,ooc,1740.8579761036326,1063.0588054580414,1803.9167815616738
2026-03-12 12:00:00+00:00,ooc,1740.8579761036326,1063.0588054580414,1803.9167815616738
2026-03-12 16:00:00+00:00,ooc,1740.8579761036326,1063.0588054580414,1803.9167815616738
2026-03-12 20:00:00+00:00,ooc,1742.5189357495206,1063.0588054580414,1805.5777412075622
2026-03-13 00:00:00+00:00,ooc,1744.1798953954085,1063.0588054580414,1807.2387008534497
2026-03-13 04:00:00+00:00,ooc,1744.1798953954085,1063.0588054580414,1807.2387008534497
2026-03-13 08:00:00+00:00,ooc,1744.1798953954085,1063.0588054580414,1807.2387008534497
2026-03-13 12:00:00+00:00,ooc,1744.1798953954085,1063.0588054580414,1807.2387008534497
2026-03-13 16:00:00+00:00,ooc,1744.1798953954085,1063.0588054580414,1807.2387008534497
2026-03-13 20:00:00+00:00,ooc,1743.3438200142512,1063.0588054580414,1806.4026254722926
2026-03-14 00:00:00+00:00,ooc,1742.5077446330936,1063.0588054580414,1805.566550091135
2026-03-14 04:00:00+00:00,ooc,1741.6716692519362,1063.0588054580414,1804.730474709978
2026-03-14 08:00:00+00:00,ooc,1741.6716692519362,1063.0588054580414,1804.730474709978
2026-03-14 12:00:00+00:00,ooc,1741.6716692519362,1063.0588054580414,1804.730474709978
2026-03-14 16:00:00+00:00,ooc,1741.6716692519362,1063.0588054580414,1804.730474709978
2026-03-14 20:00:00+00:00,ooc,1741.6716692519362,1063.0588054580414,1804.730474709978
2026-03-15 00:00:00+00:00,ooc,1741.6716692519362,1063.0588054580414,1804.730474709978
2026-03-15 04:00:00+00:00,ooc,1741.6716692519362,1063.0588054580414,1804.730474709978
2026-03-15 08:00:00+00:00,ooc,1741.6716692519362,1063.0588054580414,1804.730474709978
2026-03-15 12:00:00+00:00,ooc,1741.6716692519362,1063.0588054580414,1804.730474709978
2026-03-15 16:00:00+00:00,ooc,1741.6716692519362,1063.0588054580414,1804.730474709978
2026-03-15 20:00:00+00:00,ooc,1741.6716692519362,1063.0588054580414,1804.730474709978
2026-03-16 00:00:00+00:00,ooc,1741.6716692519362,1063.0588054580414,1804.730474709978
2026-03-16 04:00:00+00:00,ooc,1742.594538746238,1063.0588054580414,1805.6533442042792
2026-03-16 08:00:00+00:00,ooc,1743.5174082405397,1063.0588054580414,1806.5762136985813
2026-03-16 12:00:00+00:00,ooc,1744.4402777348414,1063.0588054580414,1807.4990831928826
2026-03-16 16:00:00+00:00,ooc,1744.4402777348414,1063.0588054580414,1807.4990831928826
2026-03-16 20:00:00+00:00,ooc,1744.4402777348414,1063.0588054580414,1807.4990831928826
2026-03-17 00:00:00+00:00,ooc,1743.9609578770935,1063.0588054580414,1807.019763335135
2026-03-17 04:00:00+00:00,ooc,1743.9609578770935,1063.0588054580414,1807.019763335135
2026-03-17 08:00:00+00:00,ooc,1743.9609578770935,1063.0588054580414,1807.019763335135
2026-03-17 12:00:00+00:00,ooc,1743.6338638503378,1063.0588054580414,1806.6926693083792
2026-03-17 16:00:00+00:00,ooc,1743.306769823582,1063.0588054580414,1806.3655752816235
2026-03-17 20:00:00+00:00,ooc,1742.9796757968263,1063.0588054580414,1806.0384812548677
2026-03-18 00:00:00+00:00,ooc,1742.6525817700706,1063.0588054580414,1805.711387228112
2026-03-18 04:00:00+00:00,ooc,1742.3254877433146,1063.0588054580414,1805.3842932013558
2026-03-18 08:00:00+00:00,ooc,1741.998393716559,1063.0588054580414,1805.0571991746
2026-03-18 12:00:00+00:00,ooc,1741.998393716559,1063.0588054580414,1805.0571991746
2026-03-18 16:00:00+00:00,ooc,1741.998393716559,1063.0588054580414,1805.0571991746
2026-03-18 20:00:00+00:00,ooc,1741.998393716559,1063.0588054580414,1805.0571991746
2026-03-19 00:00:00+00:00,ooc,1741.998393716559,1063.0588054580414,1805.0571991746
2026-03-19 04:00:00+00:00,ooc,1741.998393716559,1063.0588054580414,1805.0571991746
2026-03-19 08:00:00+00:00,ooc,1741.998393716559,1063.0588054580414,1805.0571991746
2026-03-19 12:00:00+00:00,ooc,1741.998393716559,1063.0588054580414,1805.0571991746
2026-03-19 16:00:00+00:00,ooc,1741.998393716559,1063.0588054580414,1805.0571991746
2026-03-19 20:00:00+00:00,ooc,1741.998393716559,1063.0588054580414,1805.0571991746
2026-03-20 00:00:00+00:00,ooc,1741.998393716559,1063.0588054580414,1805.0571991746
2026-03-20 04:00:00+00:00,ooc,1741.998393716559,1063.0588054580414,1805.0571991746
2026-03-20 08:00:00+00:00,ooc,1741.998393716559,1063.0588054580414,1805.0571991746
2026-03-20 12:00:00+00:00,ooc,1741.998393716559,1063.0588054580414,1805.0571991746
2026-03-20 16:00:00+00:00,ooc,1741.998393716559,1063.0588054580414,1805.0571991746
2026-03-20 20:00:00+00:00,ooc,1741.998393716559,1063.0588054580414,1805.0571991746
2026-03-21 00:00:00+00:00,ooc,1741.998393716559,1063.0588054580414,1805.0571991746
2026-03-21 04:00:00+00:00,ooc,1741.998393716559,1063.0588054580414,1805.0571991746
2026-03-21 08:00:00+00:00,ooc,1741.998393716559,1063.0588054580414,1805.0571991746
2026-03-21 12:00:00+00:00,ooc,1741.998393716559,1063.0588054580414,1805.0571991746
2026-03-21 16:00:00+00:00,ooc,1741.998393716559,1063.0588054580414,1805.0571991746
2026-03-21 20:00:00+00:00,ooc,1741.998393716559,1063.0588054580414,1805.0571991746
2026-03-22 00:00:00+00:00,ooc,1741.998393716559,1063.0588054580414,1805.0571991746
2026-03-22 04:00:00+00:00,ooc,1741.998393716559,1063.0588054580414,1805.0571991746
2026-03-22 08:00:00+00:00,ooc,1740.0302924086432,1063.0588054580414,1803.0890978666848
2026-03-22 12:00:00+00:00,ooc,1740.0302924086432,1062.3166899929042,1802.3469824015474
2026-03-22 16:00:00+00:00,ooc,1740.0302924086432,1062.3166899929042,1802.3469824015474
2026-03-22 20:00:00+00:00,ooc,1740.0302924086432,1062.3166899929042,1802.3469824015474
2026-03-23 00:00:00+00:00,ooc,1740.0302924086432,1062.0788444034577,1802.1091368121006
2026-03-23 04:00:00+00:00,ooc,1741.3389250614448,1061.840998814011,1803.1799238754556
2026-03-23 08:00:00+00:00,ooc,1742.6475577142464,1061.6031532245645,1804.2507109388107
2026-03-23 12:00:00+00:00,ooc,1742.6475577142464,1061.6031532245645,1804.2507109388107
2026-03-23 16:00:00+00:00,ooc,1742.6475577142464,1061.6031532245645,1804.2507109388107
2026-03-23 20:00:00+00:00,ooc,1742.4219265442248,1061.6031532245645,1804.0250797687895
2026-03-24 00:00:00+00:00,ooc,1742.1962953742031,1061.6031532245645,1803.7994485987674
2026-03-24 04:00:00+00:00,ooc,1741.9706642041813,1061.6031532245645,1803.5738174287458
2026-03-24 08:00:00+00:00,ooc,1741.7450330341596,1061.6031532245645,1803.3481862587241
2026-03-24 12:00:00+00:00,ooc,1741.5194018641382,1061.6031532245645,1803.122555088703
2026-03-24 16:00:00+00:00,ooc,1741.5194018641382,1061.6031532245645,1803.122555088703
2026-03-24 20:00:00+00:00,ooc,1741.5194018641382,1061.6031532245645,1803.122555088703
2026-03-25 00:00:00+00:00,ooc,1744.8611081610811,1061.6031532245645,1806.4642613856458
2026-03-25 04:00:00+00:00,ooc,1744.8611081610811,1061.6031532245645,1806.4642613856458
2026-03-25 08:00:00+00:00,ooc,1744.8611081610811,1061.6031532245645,1806.4642613856458
2026-03-25 12:00:00+00:00,ooc,1744.5591232169556,1061.6031532245645,1806.1622764415201
2026-03-25 16:00:00+00:00,ooc,1744.25713827283,1061.6031532245645,1805.8602914973944
2026-03-25 20:00:00+00:00,ooc,1743.9551533287045,1061.6031532245645,1805.5583065532692
2026-03-26 00:00:00+00:00,ooc,1743.653168384579,1061.6031532245645,1805.2563216091435
2026-03-26 04:00:00+00:00,ooc,1743.3511834404535,1061.6031532245645,1804.9543366650178
2026-03-26 08:00:00+00:00,ooc,1743.3511834404535,1061.6031532245645,1804.9543366650178
2026-03-26 12:00:00+00:00,ooc,1743.3511834404535,1061.6031532245645,1804.9543366650178
2026-03-26 16:00:00+00:00,ooc,1743.3511834404535,1061.6031532245645,1804.9543366650178
2026-03-26 20:00:00+00:00,ooc,1743.3511834404535,1060.741036400855,1804.0922198413082
2026-03-27 00:00:00+00:00,ooc,1743.3511834404535,1060.741036400855,1804.0922198413082
2026-03-27 04:00:00+00:00,ooc,1743.3511834404535,1060.741036400855,1804.0922198413082
2026-03-27 08:00:00+00:00,ooc,1743.3511834404535,1064.7541217679357,1808.105305208389
2026-03-27 12:00:00+00:00,ooc,1743.3511834404535,1064.7541217679357,1808.105305208389
2026-03-27 16:00:00+00:00,ooc,1743.1577331587368,1064.7541217679357,1807.9118549266723
2026-03-27 20:00:00+00:00,ooc,1742.9642828770202,1064.5804819802966,1807.5447648573167
2026-03-28 00:00:00+00:00,ooc,1742.7708325953035,1064.4068421926577,1807.1776747879612
2026-03-28 04:00:00+00:00,ooc,1742.577382313587,1064.2332024050186,1806.8105847186052
2026-03-28 08:00:00+00:00,ooc,1742.3839320318702,1064.0595626173795,1806.4434946492497
2026-03-28 12:00:00+00:00,ooc,1742.1904817501536,1063.8859228297404,1806.0764045798942
2026-03-28 16:00:00+00:00,ooc,1741.9970314684367,1063.8859228297404,1805.882954298177
2026-03-28 20:00:00+00:00,ooc,1741.80358118672,1063.8859228297404,1805.6895040164604
2026-03-29 00:00:00+00:00,ooc,1741.6101309050034,1064.4937909085859,1806.1039218135893
2026-03-29 04:00:00+00:00,ooc,1741.4166806232868,1065.1016589874314,1806.5183396107182
2026-03-29 08:00:00+00:00,ooc,1741.2232303415701,1065.709527066277,1806.932757407847
2026-03-29 12:00:00+00:00,ooc,1741.0297800598535,1066.3173951451224,1807.3471752049759
2026-03-29 16:00:00+00:00,ooc,1741.0297800598535,1066.925263223968,1807.9550432838214
2026-03-29 20:00:00+00:00,ooc,1741.0297800598535,1067.5331313028134,1808.562911362667
2026-03-30 00:00:00+00:00,ooc,1743.7933561733757,1067.5331313028134,1811.326487476189
2026-03-30 04:00:00+00:00,ooc,1743.7933561733757,1067.5331313028134,1811.326487476189
2026-03-30 08:00:00+00:00,ooc,1743.7933561733757,1067.5331313028134,1811.326487476189
2026-03-30 12:00:00+00:00,ooc,1743.7933561733757,1067.5331313028134,1811.326487476189
2026-03-30 16:00:00+00:00,ooc,1743.7933561733757,1067.5331313028134,1811.326487476189
2026-03-30 20:00:00+00:00,ooc,1743.7933561733757,1066.7395293032582,1810.532885476634
2026-03-31 00:00:00+00:00,ooc,1743.7933561733757,1066.7395293032582,1810.532885476634
2026-03-31 04:00:00+00:00,ooc,1743.7933561733757,1066.7395293032582,1810.532885476634
2026-03-31 08:00:00+00:00,ooc,1743.7933561733757,1070.6712875130788,1814.4646436864546
2026-03-31 12:00:00+00:00,ooc,1743.7933561733757,1070.6712875130788,1814.4646436864546
2026-03-31 16:00:00+00:00,ooc,1743.7933561733757,1069.79480434372,1813.5881605170957
2026-03-31 20:00:00+00:00,ooc,1743.7933561733757,1069.79480434372,1813.5881605170957
2026-04-01 00:00:00+00:00,ooc,1744.4451481780195,1069.79480434372,1814.2399525217397
2026-04-01 04:00:00+00:00,ooc,1745.0969401826635,1069.79480434372,1814.8917445263833
2026-04-01 08:00:00+00:00,ooc,1745.7487321873073,1069.79480434372,1815.5435365310273
2026-04-01 12:00:00+00:00,ooc,1746.4005241919513,1069.79480434372,1816.1953285356713
2026-04-01 16:00:00+00:00,ooc,1747.052316196595,1069.79480434372,1816.8471205403148
2026-04-01 20:00:00+00:00,ooc,1747.052316196595,1069.79480434372,1816.8471205403148
2026-04-02 00:00:00+00:00,ooc,1744.6218122850155,1069.79480434372,1814.4166166287355
2026-04-02 04:00:00+00:00,ooc,1744.6218122850155,1069.79480434372,1814.4166166287355
2026-04-02 08:00:00+00:00,ooc,1744.6218122850155,1069.300860550361,1813.9226728353765
2026-04-02 12:00:00+00:00,ooc,1744.6218122850155,1068.806916757002,1813.4287290420175
2026-04-02 16:00:00+00:00,ooc,1744.6218122850155,1068.806916757002,1813.4287290420175
2026-04-02 20:00:00+00:00,ooc,1744.6218122850155,1068.806916757002,1813.4287290420175
2026-04-03 00:00:00+00:00,ooc,1744.6218122850155,1067.845437685337,1812.4672499703524
2026-04-03 04:00:00+00:00,ooc,1744.6218122850155,1067.845437685337,1812.4672499703524
2026-04-03 08:00:00+00:00,ooc,1744.6757073615881,1067.845437685337,1812.521145046925
2026-04-03 12:00:00+00:00,ooc,1744.7296024381606,1066.9815298397111,1811.711132277872
2026-04-03 16:00:00+00:00,ooc,1744.7834975147332,1066.9815298397111,1811.765027354444
2026-04-03 20:00:00+00:00,ooc,1744.8373925913058,1066.9815298397111,1811.8189224310172
2026-04-04 00:00:00+00:00,ooc,1744.8912876678785,1066.7797080688458,1811.6709957367243
2026-04-04 04:00:00+00:00,ooc,1744.945182744451,1066.5778862979805,1811.5230690424314
2026-04-04 08:00:00+00:00,ooc,1744.9990778210235,1066.3760645271152,1811.375142348139
2026-04-04 12:00:00+00:00,ooc,1745.0529728975962,1066.17424275625,1811.227215653846
2026-04-04 16:00:00+00:00,ooc,1745.1068679741688,1066.17424275625,1811.2811107304187
2026-04-04 20:00:00+00:00,ooc,1745.1607630507413,1066.17424275625,1811.335005806991
2026-04-05 00:00:00+00:00,ooc,1745.214658127314,1066.17424275625,1811.388900883564
2026-04-05 04:00:00+00:00,ooc,1745.2685532038868,1066.17424275625,1811.4427959601367
2026-04-05 08:00:00+00:00,ooc,1745.2685532038868,1066.0164623537255,1811.2850155576125
2026-04-05 12:00:00+00:00,ooc,1745.2685532038868,1065.858681951201,1811.1272351550879
2026-04-05 16:00:00+00:00,ooc,1745.2685532038868,1065.7009015486767,1810.9694547525633
2026-04-05 20:00:00+00:00,ooc,1747.4258205196702,1065.5431211461523,1812.9689416658225
2026-04-06 00:00:00+00:00,ooc,1747.4258205196702,1065.5431211461523,1812.9689416658225
2026-04-06 04:00:00+00:00,ooc,1747.4258205196702,1065.5431211461523,1812.9689416658225
2026-04-06 08:00:00+00:00,ooc,1747.0298013121821,1065.5431211461523,1812.5729224583347
2026-04-06 12:00:00+00:00,ooc,1746.6337821046939,1065.5431211461523,1812.1769032508464
2026-04-06 16:00:00+00:00,ooc,1746.2377628972058,1065.5431211461523,1811.7808840433581
2026-04-06 20:00:00+00:00,ooc,1746.2377628972058,1065.5431211461523,1811.7808840433581
2026-04-07 00:00:00+00:00,ooc,1746.2377628972058,1065.5431211461523,1811.7808840433581
2026-04-07 04:00:00+00:00,ooc,1746.2377628972058,1065.1848234473755,1811.4225863445813
2026-04-07 08:00:00+00:00,ooc,1746.2377628972058,1064.8265257485984,1811.0642886458045
2026-04-07 12:00:00+00:00,ooc,1746.2377628972058,1064.8265257485984,1811.0642886458045
2026-04-07 16:00:00+00:00,ooc,1746.2377628972058,1064.1367287292683,1810.374491626474
2026-04-07 20:00:00+00:00,ooc,1748.8219593797462,1064.1367287292683,1812.9586881090145
2026-04-08 00:00:00+00:00,ooc,1748.8219593797462,1064.1367287292683,1812.9586881090145
2026-04-08 04:00:00+00:00,ooc,1748.8219593797462,1064.1367287292683,1812.9586881090145
2026-04-08 08:00:00+00:00,ooc,1747.7454428508688,1064.1367287292683,1811.8821715801369
2026-04-08 12:00:00+00:00,ooc,1746.6689263219916,1064.1367287292683,1810.8056550512601
2026-04-08 16:00:00+00:00,ooc,1746.6689263219916,1064.1367287292683,1810.8056550512601
2026-04-08 20:00:00+00:00,ooc,1746.6689263219916,1064.1367287292683,1810.8056550512601
2026-04-09 00:00:00+00:00,ooc,1746.1399969805213,1064.1367287292683,1810.2767257097894
2026-04-09 04:00:00+00:00,ooc,1745.611067639051,1064.1367287292683,1809.7477963683195
2026-04-09 08:00:00+00:00,ooc,1745.082138297581,1064.1367287292683,1809.2188670268492
2026-04-09 12:00:00+00:00,ooc,1744.5532089561107,1064.1367287292683,1808.689937685379
2026-04-09 16:00:00+00:00,ooc,1744.5532089561107,1064.1367287292683,1808.689937685379
2026-04-09 20:00:00+00:00,ooc,1744.5532089561107,1064.1367287292683,1808.689937685379
2026-04-10 00:00:00+00:00,ooc,1743.8136446713822,1064.1367287292683,1807.9503734006503
2026-04-10 04:00:00+00:00,ooc,1743.8136446713822,1064.1367287292683,1807.9503734006503
2026-04-10 08:00:00+00:00,ooc,1743.8136446713822,1064.1367287292683,1807.9503734006503
2026-04-10 12:00:00+00:00,ooc,1746.5292920022027,1064.1367287292683,1810.6660207314708
2026-04-10 16:00:00+00:00,ooc,1746.5292920022027,1064.1367287292683,1810.6660207314708
2026-04-10 20:00:00+00:00,ooc,1746.5292920022027,1064.1367287292683,1810.6660207314708
2026-04-11 00:00:00+00:00,ooc,1745.5704901437957,1064.1367287292683,1809.707218873064
2026-04-11 04:00:00+00:00,ooc,1744.6116882853885,1064.1367287292683,1808.7484170146568
2026-04-11 08:00:00+00:00,ooc,1744.6116882853885,1064.1367287292683,1808.7484170146568
2026-04-11 12:00:00+00:00,ooc,1744.6116882853885,1064.1367287292683,1808.7484170146568
2026-04-11 16:00:00+00:00,ooc,1744.5506521044936,1064.1367287292683,1808.6873808337618
2026-04-11 20:00:00+00:00,ooc,1744.4896159235986,1064.1367287292683,1808.626344652867
2026-04-12 00:00:00+00:00,ooc,1744.4285797427037,1064.1367287292683,1808.565308471972
2026-04-12 04:00:00+00:00,ooc,1744.4285797427037,1064.1367287292683,1808.565308471972
2026-04-12 08:00:00+00:00,ooc,1744.4285797427037,1064.1367287292683,1808.565308471972
2026-04-12 12:00:00+00:00,ooc,1744.4285797427037,1064.1367287292683,1808.565308471972
2026-04-12 16:00:00+00:00,ooc,1744.4285797427037,1064.1367287292683,1808.565308471972
2026-04-12 20:00:00+00:00,ooc,1744.9137185514223,1064.1367287292683,1809.0504472806906
2026-04-13 00:00:00+00:00,ooc,1745.3988573601412,1064.1367287292683,1809.5355860894097
2026-04-13 04:00:00+00:00,ooc,1745.8839961688598,1064.1367287292683,1810.0207248981278
2026-04-13 08:00:00+00:00,ooc,1746.3691349775784,1064.1367287292683,1810.5058637068469
2026-04-13 12:00:00+00:00,ooc,1746.8542737862972,1064.1367287292683,1810.9910025155655
2026-04-13 16:00:00+00:00,ooc,1746.8542737862972,1064.1367287292683,1810.9910025155655
2026-04-13 20:00:00+00:00,ooc,1746.8542737862972,1064.1367287292683,1810.9910025155655
2026-04-14 00:00:00+00:00,ooc,1746.8542737862972,1064.1367287292683,1810.9910025155655
2026-04-14 04:00:00+00:00,ooc,1746.523390910341,1064.1367287292683,1810.6601196396095
2026-04-14 08:00:00+00:00,ooc,1746.192508034385,1064.1367287292683,1810.3292367636532
2026-04-14 12:00:00+00:00,ooc,1745.8616251584288,1064.1367287292683,1809.9983538876968
2026-04-14 16:00:00+00:00,ooc,1745.5307422824726,1064.1367287292683,1809.6674710117409
2026-04-14 20:00:00+00:00,ooc,1745.5307422824726,1064.1367287292683,1809.6674710117409
2026-04-15 00:00:00+00:00,ooc,1745.5307422824726,1064.1367287292683,1809.6674710117409
2026-04-15 04:00:00+00:00,ooc,1745.8112073838129,1064.1367287292683,1809.9479361130811
2026-04-15 08:00:00+00:00,ooc,1746.0916724851534,1064.1367287292683,1810.2284012144219
2026-04-15 12:00:00+00:00,ooc,1746.3721375864936,1064.1367287292683,1810.5088663157621
2026-04-15 16:00:00+00:00,ooc,1746.6526026878341,1064.1367287292683,1810.7893314171024
2026-04-15 20:00:00+00:00,ooc,1746.9330677891744,1064.1367287292683,1811.0697965184427
2026-04-16 00:00:00+00:00,ooc,1747.213532890515,1064.1367287292683,1811.350261619783
2026-04-16 04:00:00+00:00,ooc,1747.4939979918552,1064.1367287292683,1811.6307267211232
2026-04-16 08:00:00+00:00,ooc,1747.7744630931954,1064.1367287292683,1811.9111918224635
2026-04-16 12:00:00+00:00,ooc,1748.054928194536,1064.1367287292683,1812.1916569238042
2026-04-16 16:00:00+00:00,ooc,1748.054928194536,1064.1367287292683,1812.1916569238042
2026-04-16 20:00:00+00:00,ooc,1748.054928194536,1064.1367287292683,1812.1916569238042
2026-04-17 00:00:00+00:00,ooc,1746.1025556268196,1064.1367287292683,1810.2392843560879
2026-04-17 04:00:00+00:00,ooc,1746.1025556268196,1064.1367287292683,1810.2392843560879
2026-04-17 08:00:00+00:00,ooc,1746.1025556268196,1064.1367287292683,1810.2392843560879
2026-04-17 12:00:00+00:00,ooc,1748.7888044303822,1064.1367287292683,1812.9255331596505
2026-04-17 16:00:00+00:00,ooc,1748.7888044303822,1064.1367287292683,1812.9255331596505
2026-04-17 20:00:00+00:00,ooc,1748.7888044303822,1064.1367287292683,1812.9255331596505
2026-04-18 00:00:00+00:00,ooc,1748.1005893967306,1064.1367287292683,1812.237318125999
2026-04-18 04:00:00+00:00,ooc,1747.412374363079,1064.1367287292683,1811.5491030923472
2026-04-18 08:00:00+00:00,ooc,1746.7241593294273,1064.1367287292683,1810.8608880586953
2026-04-18 12:00:00+00:00,ooc,1746.7241593294273,1064.1367287292683,1810.8608880586953
2026-04-18 16:00:00+00:00,ooc,1746.7241593294273,1064.1367287292683,1810.8608880586953
2026-04-18 20:00:00+00:00,ooc,1746.7241593294273,1064.1367287292683,1810.8608880586953
2026-04-19 00:00:00+00:00,ooc,1746.7241593294273,1064.1367287292683,1810.8608880586953
2026-04-19 04:00:00+00:00,ooc,1746.7241593294273,1064.1367287292683,1810.8608880586953
2026-04-19 08:00:00+00:00,ooc,1746.7241593294273,1064.1367287292683,1810.8608880586953
2026-04-19 12:00:00+00:00,ooc,1746.7241593294273,1064.1367287292683,1810.8608880586953
2026-04-19 16:00:00+00:00,ooc,1746.7241593294273,1064.1367287292683,1810.8608880586953
2026-04-19 20:00:00+00:00,ooc,1746.7241593294273,1064.1367287292683,1810.8608880586953
2026-04-20 00:00:00+00:00,ooc,1746.7241593294273,1064.1367287292683,1810.8608880586953
2026-04-20 04:00:00+00:00,ooc,1749.3362791987738,1064.1367287292683,1813.473007928042
2026-04-20 08:00:00+00:00,ooc,1749.3362791987738,1064.1367287292683,1813.473007928042
2026-04-20 12:00:00+00:00,ooc,1749.3362791987738,1064.1367287292683,1813.473007928042
2026-04-20 16:00:00+00:00,ooc,1749.2584431164278,1064.1367287292683,1813.395171845696
2026-04-20 20:00:00+00:00,ooc,1749.1806070340817,1064.1367287292683,1813.31733576335
2026-04-21 00:00:00+00:00,ooc,1749.102770951736,1064.1367287292683,1813.2394996810044
2026-04-21 04:00:00+00:00,ooc,1749.0249348693899,1064.1367287292683,1813.1616635986584
2026-04-21 08:00:00+00:00,ooc,1748.9470987870438,1064.1367287292683,1813.0838275163123
2026-04-21 12:00:00+00:00,ooc,1748.8692627046978,1064.1367287292683,1813.0059914339663
2026-04-21 16:00:00+00:00,ooc,1748.7914266223518,1064.1367287292683,1812.9281553516203
2026-04-21 20:00:00+00:00,ooc,1748.7914266223518,1064.1367287292683,1812.9281553516203
2026-04-22 00:00:00+00:00,ooc,1748.7914266223518,1064.1367287292683,1812.9281553516203
2026-04-22 04:00:00+00:00,ooc,1751.1438010537022,1064.1367287292683,1815.2805297829705
2026-04-22 08:00:00+00:00,ooc,1751.1438010537022,1064.1367287292683,1815.2805297829705
2026-04-22 12:00:00+00:00,ooc,1751.1438010537022,1064.1367287292683,1815.2805297829705
2026-04-22 16:00:00+00:00,ooc,1749.7556709935038,1064.1367287292683,1813.892399722772
2026-04-22 20:00:00+00:00,ooc,1749.7556709935038,1064.1367287292683,1813.892399722772
2026-04-23 00:00:00+00:00,ooc,1748.0789177865568,1064.1367287292683,1812.215646515825
2026-04-23 04:00:00+00:00,ooc,1748.0789177865568,1064.1367287292683,1812.215646515825
2026-04-23 08:00:00+00:00,ooc,1748.0789177865568,1064.1367287292683,1812.215646515825
2026-04-23 12:00:00+00:00,ooc,1748.0789177865568,1064.1367287292683,1812.215646515825
2026-04-23 16:00:00+00:00,ooc,1748.0789177865568,1064.1367287292683,1812.215646515825
2026-04-23 20:00:00+00:00,ooc,1748.0789177865568,1064.1367287292683,1812.215646515825
2026-04-24 00:00:00+00:00,ooc,1748.0789177865568,1064.1367287292683,1812.215646515825
2026-04-24 04:00:00+00:00,ooc,1748.0789177865568,1064.1367287292683,1812.215646515825
2026-04-24 08:00:00+00:00,ooc,1748.0789177865568,1064.1367287292683,1812.215646515825
2026-04-24 12:00:00+00:00,ooc,1748.0789177865568,1064.1367287292683,1812.215646515825
2026-04-24 16:00:00+00:00,ooc,1748.0789177865568,1064.1367287292683,1812.215646515825
2026-04-24 20:00:00+00:00,ooc,1748.0789177865568,1064.1367287292683,1812.215646515825
2026-04-25 00:00:00+00:00,ooc,1748.0789177865568,1064.1367287292683,1812.215646515825
2026-04-25 04:00:00+00:00,ooc,1748.0789177865568,1064.1367287292683,1812.215646515825
2026-04-25 08:00:00+00:00,ooc,1748.065520464291,1064.1367287292683,1812.2022491935595
2026-04-25 12:00:00+00:00,ooc,1748.0521231420253,1064.1367287292683,1812.1888518712935
2026-04-25 16:00:00+00:00,ooc,1748.0387258197597,1064.1367287292683,1812.175454549028
2026-04-25 20:00:00+00:00,ooc,1748.025328497494,1064.1367287292683,1812.162057226762
2026-04-26 00:00:00+00:00,ooc,1748.0119311752283,1064.1367287292683,1812.1486599044965
2026-04-26 04:00:00+00:00,ooc,1747.9985338529625,1064.1367287292683,1812.135262582231
2026-04-26 08:00:00+00:00,ooc,1747.9851365306968,1064.1367287292683,1812.121865259965
2026-04-26 12:00:00+00:00,ooc,1747.9717392084312,1064.1367287292683,1812.1084679376995
2026-04-26 16:00:00+00:00,ooc,1747.9583418861655,1064.1367287292683,1812.0950706154335
2026-04-26 20:00:00+00:00,ooc,1747.9449445638998,1064.1367287292683,1812.081673293168
2026-04-27 00:00:00+00:00,ooc,1747.931547241634,1064.1367287292683,1812.0682759709025
2026-04-27 04:00:00+00:00,ooc,1747.9181499193685,1064.1367287292683,1812.054878648637
2026-04-27 08:00:00+00:00,ooc,1747.9181499193685,1064.1367287292683,1812.054878648637
2026-04-27 12:00:00+00:00,ooc,1747.9181499193685,1064.1367287292683,1812.054878648637
2026-04-27 16:00:00+00:00,ooc,1747.9181499193685,1064.1367287292683,1812.054878648637
2026-04-27 20:00:00+00:00,ooc,1747.6850202377166,1063.5821927303764,1811.2672129680932
2026-04-28 00:00:00+00:00,ooc,1747.4518905560644,1063.5821927303764,1811.0340832864408
2026-04-28 04:00:00+00:00,ooc,1747.2187608744125,1063.5821927303764,1810.800953604789
2026-04-28 08:00:00+00:00,ooc,1746.9856311927606,1063.4733940923202,1810.4590252850808
2026-04-28 12:00:00+00:00,ooc,1746.7525015111084,1063.364595454264,1810.1170969653722
2026-04-28 16:00:00+00:00,ooc,1746.7525015111084,1063.2557968162077,1810.008298327316
2026-04-28 20:00:00+00:00,ooc,1746.7525015111084,1063.1469981781515,1809.8994996892598
2026-04-29 00:00:00+00:00,ooc,1747.3235981507842,1063.0381995400953,1810.3617976908795
2026-04-29 04:00:00+00:00,ooc,1747.8946947904599,1063.0381995400953,1810.9328943305554
2026-04-29 08:00:00+00:00,ooc,1748.4657914301356,1062.5435877631992,1811.009379193335
2026-04-29 12:00:00+00:00,ooc,1748.4657914301356,1062.5435877631992,1811.009379193335
2026-04-29 16:00:00+00:00,ooc,1747.1138003862766,1062.0053908978487,1809.119191284125
2026-04-29 20:00:00+00:00,ooc,1747.1138003862766,1062.0053908978487,1809.119191284125
2026-04-30 00:00:00+00:00,ooc,1747.1138003862766,1061.4330435630086,1808.5468439492852
2026-04-30 04:00:00+00:00,ooc,1746.1452456599955,1061.4330435630086,1807.578289223004
2026-04-30 08:00:00+00:00,ooc,1746.1452456599955,1061.4330435630086,1807.578289223004
2026-04-30 12:00:00+00:00,ooc,1746.1452456599955,1060.853246318308,1806.9984919783037
2026-04-30 16:00:00+00:00,ooc,1746.4644644561668,1060.853246318308,1807.317710774475
2026-04-30 20:00:00+00:00,ooc,1746.7836832523378,1060.853246318308,1807.6369295706459
2026-05-01 00:00:00+00:00,ooc,1747.1029020485091,1060.2985455187984,1807.4014475673075
2026-05-01 04:00:00+00:00,ooc,1747.4221208446802,1060.2985455187984,1807.7206663634788
2026-05-01 08:00:00+00:00,ooc,1747.7413396408515,1060.2985455187984,1808.03988515965
2026-05-01 12:00:00+00:00,ooc,1748.0605584370228,1060.2985455187984,1808.3591039558214
2026-05-01 16:00:00+00:00,ooc,1748.0605584370228,1060.2985455187984,1808.3591039558214
2026-05-01 20:00:00+00:00,ooc,1748.0605584370228,1060.2985455187984,1808.3591039558214
2026-05-02 00:00:00+00:00,ooc,1748.0552051966683,1060.1972519595813,1808.2524571562499
2026-05-02 04:00:00+00:00,ooc,1748.049851956314,1060.0959584003642,1808.1458103566783
2026-05-02 08:00:00+00:00,ooc,1748.0444987159594,1059.994664841147,1808.0391635571063
2026-05-02 12:00:00+00:00,ooc,1748.039145475605,1059.8933712819298,1807.9325167575348
2026-05-02 16:00:00+00:00,ooc,1748.0337922352505,1059.7920777227127,1807.8258699579633
2026-05-02 20:00:00+00:00,ooc,1748.0284389948963,1059.7920777227127,1807.8205167176093
2026-05-03 00:00:00+00:00,ooc,1748.0230857545419,1059.7920777227127,1807.8151634772548
2026-05-03 04:00:00+00:00,ooc,1748.0177325141874,1059.3538618656264,1807.3715943798138
2026-05-03 08:00:00+00:00,ooc,1748.012379273833,1059.3538618656264,1807.3662411394594
2026-05-03 12:00:00+00:00,ooc,1748.0070260334785,1059.3538618656264,1807.360887899105
2026-05-03 16:00:00+00:00,ooc,1748.001672793124,1059.3538618656264,1807.3555346587505
2026-05-03 20:00:00+00:00,ooc,1747.9963195527694,1059.3538618656264,1807.3501814183956
2026-05-04 00:00:00+00:00,ooc,1747.9963195527694,1058.9417581756195,1806.9380777283886
2026-05-04 04:00:00+00:00,ooc,1746.891339020442,1058.9417581756195,1805.8330971960613
2026-05-04 08:00:00+00:00,ooc,1746.891339020442,1058.9417581756195,1805.8330971960613
2026-05-04 12:00:00+00:00,ooc,1746.891339020442,1058.4375716823686,1805.3289107028104
2026-05-04 16:00:00+00:00,ooc,1747.1633769918117,1058.4375716823686,1805.6009486741805
2026-05-04 20:00:00+00:00,ooc,1747.4354149631813,1058.4375716823686,1805.8729866455496
2026-05-05 00:00:00+00:00,ooc,1747.707452934551,1057.92182820293,1805.629281137481
2026-05-05 04:00:00+00:00,ooc,1747.9794909059206,1057.92182820293,1805.9013191088507
2026-05-05 08:00:00+00:00,ooc,1748.2515288772902,1057.92182820293,1806.1733570802203
2026-05-05 12:00:00+00:00,ooc,1748.5235668486598,1057.92182820293,1806.44539505159
2026-05-05 16:00:00+00:00,ooc,1748.5235668486598,1057.92182820293,1806.44539505159
2026-05-05 20:00:00+00:00,ooc,1748.5235668486598,1057.92182820293,1806.44539505159
2026-05-06 00:00:00+00:00,ooc,1749.0656781830262,1057.92182820293,1806.9875063859563
2026-05-06 04:00:00+00:00,ooc,1749.6077895173923,1057.92182820293,1807.5296177203227
2026-05-06 08:00:00+00:00,ooc,1750.1499008517585,1057.92182820293,1808.0717290546886
2026-05-06 12:00:00+00:00,ooc,1750.1499008517585,1057.92182820293,1808.0717290546886
2026-05-06 16:00:00+00:00,ooc,1750.1499008517585,1057.92182820293,1808.0717290546886
2026-05-06 20:00:00+00:00,ooc,1749.433262543364,1057.92182820293,1807.355090746294
2026-05-07 00:00:00+00:00,ooc,1748.7166242349695,1057.92182820293,1806.6384524378996
2026-05-07 04:00:00+00:00,ooc,1748.7166242349695,1057.92182820293,1806.6384524378996
2026-05-07 08:00:00+00:00,ooc,1747.1422281469568,1057.92182820293,1805.0640563498869
2026-05-07 12:00:00+00:00,ooc,1747.1422281469568,1057.92182820293,1805.0640563498869
2026-05-07 16:00:00+00:00,ooc,1747.1422281469568,1057.92182820293,1805.0640563498869
2026-05-07 20:00:00+00:00,ooc,1747.525430396947,1057.92182820293,1805.4472585998774
2026-05-08 00:00:00+00:00,ooc,1747.9086326469376,1057.92182820293,1805.8304608498674
2026-05-08 04:00:00+00:00,ooc,1748.2918348969279,1057.92182820293,1806.213663099858
2026-05-08 08:00:00+00:00,ooc,1748.6750371469182,1057.92182820293,1806.5968653498485
2026-05-08 12:00:00+00:00,ooc,1749.0582393969084,1057.92182820293,1806.9800675998385
2026-05-08 16:00:00+00:00,ooc,1749.4414416468987,1057.92182820293,1807.3632698498286
2026-05-08 20:00:00+00:00,ooc,1749.4414416468987,1057.92182820293,1807.3632698498286
2026-05-09 00:00:00+00:00,ooc,1749.4414416468987,1057.92182820293,1807.3632698498286
2026-05-09 04:00:00+00:00,ooc,1751.6447671323112,1057.92182820293,1809.5665953352413
2026-05-09 08:00:00+00:00,ooc,1751.6447671323112,1057.92182820293,1809.5665953352413
2026-05-09 12:00:00+00:00,ooc,1751.6447671323112,1057.92182820293,1809.5665953352413
2026-05-09 16:00:00+00:00,ooc,1751.6447671323112,1057.92182820293,1809.5665953352413
2026-05-09 20:00:00+00:00,ooc,1751.6447671323112,1057.92182820293,1809.5665953352413
2026-05-10 00:00:00+00:00,ooc,1751.6447671323112,1057.92182820293,1809.5665953352413
2026-05-10 04:00:00+00:00,ooc,1751.6447671323112,1057.92182820293,1809.5665953352413
2026-05-10 08:00:00+00:00,ooc,1751.6447671323112,1057.92182820293,1809.5665953352413
2026-05-10 12:00:00+00:00,ooc,1751.6447671323112,1057.92182820293,1809.5665953352413
2026-05-10 16:00:00+00:00,ooc,1753.5736932950767,1057.92182820293,1811.4955214980068
2026-05-10 20:00:00+00:00,ooc,1753.5736932950767,1057.92182820293,1811.4955214980068
2026-05-11 00:00:00+00:00,ooc,1751.8810733552536,1057.92182820293,1809.8029015581837
2026-05-11 04:00:00+00:00,ooc,1751.8810733552536,1057.92182820293,1809.8029015581837
2026-05-11 08:00:00+00:00,ooc,1751.8810733552536,1057.92182820293,1809.8029015581837
2026-05-11 12:00:00+00:00,ooc,1753.0850899753286,1057.92182820293,1811.0069181782587
2026-05-11 16:00:00+00:00,ooc,1754.2891065954036,1057.92182820293,1812.2109347983337
2026-05-11 20:00:00+00:00,ooc,1754.2891065954036,1057.92182820293,1812.2109347983337
2026-05-12 00:00:00+00:00,ooc,1754.2891065954036,1057.92182820293,1812.2109347983337
2026-05-12 04:00:00+00:00,ooc,1754.2891065954036,1057.92182820293,1812.2109347983337
2026-05-12 08:00:00+00:00,ooc,1754.2891065954036,1057.92182820293,1812.2109347983337
2026-05-12 12:00:00+00:00,ooc,1754.2891065954036,1057.92182820293,1812.2109347983337
2026-05-12 16:00:00+00:00,ooc,1754.2891065954036,1057.92182820293,1812.2109347983337
2026-05-12 20:00:00+00:00,ooc,1754.2891065954036,1057.92182820293,1812.2109347983337
2026-05-13 00:00:00+00:00,ooc,1754.2891065954036,1057.92182820293,1812.2109347983337
2026-05-13 04:00:00+00:00,ooc,1754.0297031843786,1057.92182820293,1811.951531387309
2026-05-13 08:00:00+00:00,ooc,1753.7702997733536,1057.92182820293,1811.6921279762837
2026-05-13 12:00:00+00:00,ooc,1753.5108963623288,1057.92182820293,1811.432724565259
2026-05-13 16:00:00+00:00,ooc,1753.5108963623288,1057.92182820293,1811.432724565259
2026-05-13 20:00:00+00:00,ooc,1753.5108963623288,1057.92182820293,1811.432724565259
2026-05-14 00:00:00+00:00,ooc,1753.5108963623288,1057.92182820293,1811.432724565259
2026-05-14 04:00:00+00:00,ooc,1753.5108963623288,1057.92182820293,1811.432724565259
2026-05-14 08:00:00+00:00,ooc,1753.5108963623288,1057.92182820293,1811.432724565259
2026-05-14 12:00:00+00:00,ooc,1753.5108963623288,1057.92182820293,1811.432724565259
2026-05-14 16:00:00+00:00,ooc,1753.5108963623288,1057.92182820293,1811.432724565259
2026-05-14 20:00:00+00:00,ooc,1753.5108963623288,1057.92182820293,1811.432724565259
2026-05-15 00:00:00+00:00,ooc,1753.5108963623288,1057.92182820293,1811.432724565259
2026-05-15 04:00:00+00:00,ooc,1753.5108963623288,1057.92182820293,1811.432724565259
2026-05-15 08:00:00+00:00,ooc,1753.5108963623288,1057.92182820293,1811.432724565259
2026-05-15 12:00:00+00:00,ooc,1753.5108963623288,1057.92182820293,1811.432724565259
2026-05-15 16:00:00+00:00,ooc,1753.5108963623288,1057.92182820293,1811.432724565259
2026-05-15 20:00:00+00:00,ooc,1753.5108963623288,1057.92182820293,1811.432724565259
2026-05-16 00:00:00+00:00,ooc,1753.5108963623288,1057.92182820293,1811.432724565259
2026-05-16 04:00:00+00:00,ooc,1753.5108963623288,1057.92182820293,1811.432724565259
2026-05-16 08:00:00+00:00,ooc,1753.5108963623288,1057.92182820293,1811.432724565259
2026-05-16 12:00:00+00:00,ooc,1753.5108963623288,1057.92182820293,1811.432724565259
2026-05-16 16:00:00+00:00,ooc,1753.5108963623288,1057.92182820293,1811.432724565259
2026-05-16 20:00:00+00:00,ooc,1753.5108963623288,1057.6896873116063,1811.2005836739354
2026-05-17 00:00:00+00:00,ooc,1753.5108963623288,1057.4575464202828,1810.9684427826114
2026-05-17 04:00:00+00:00,ooc,1753.5108963623288,1057.225405528959,1810.736301891288
2026-05-17 08:00:00+00:00,ooc,1753.5108963623288,1057.225405528959,1810.736301891288
2026-05-17 12:00:00+00:00,ooc,1753.5108963623288,1057.225405528959,1810.736301891288
2026-05-17 16:00:00+00:00,ooc,1753.5108963623288,1058.6145157958706,1812.1254121581997
2026-05-17 20:00:00+00:00,ooc,1753.5108963623288,1060.003626062782,1813.514522425111
2026-05-18 00:00:00+00:00,ooc,1753.5108963623288,1060.003626062782,1813.514522425111
2026-05-18 04:00:00+00:00,ooc,1752.9354873449834,1059.3412753347045,1812.2767626796876
2026-05-18 08:00:00+00:00,ooc,1752.3600783276377,1059.3412753347045,1811.7013536623422
2026-05-18 12:00:00+00:00,ooc,1751.7846693102922,1058.6906125322016,1810.475281842494
2026-05-18 16:00:00+00:00,ooc,1751.7846693102922,1058.6906125322016,1810.475281842494
2026-05-18 20:00:00+00:00,ooc,1751.7846693102922,1058.0055108672223,1809.7901801775142
2026-05-19 00:00:00+00:00,ooc,1751.7846693102922,1058.0055108672223,1809.7901801775142
2026-05-19 04:00:00+00:00,ooc,1751.7846693102922,1057.334811161554,1809.1194804718461
2026-05-19 08:00:00+00:00,ooc,1751.7846693102922,1057.334811161554,1809.1194804718461
2026-05-19 12:00:00+00:00,ooc,1751.7846693102922,1056.6670825150097,1808.451751825302
2026-05-19 16:00:00+00:00,ooc,1751.7846693102922,1056.6670825150097,1808.451751825302
2026-05-19 20:00:00+00:00,ooc,1751.7846693102922,1056.6670825150097,1808.451751825302
2026-05-20 00:00:00+00:00,ooc,1752.2405450273066,1056.3394883467513,1808.580033374058
2026-05-20 04:00:00+00:00,ooc,1752.6964207443211,1056.0118941784929,1808.7083149228138
2026-05-20 08:00:00+00:00,ooc,1753.1522964613355,1056.0118941784929,1809.1641906398281
2026-05-20 12:00:00+00:00,ooc,1753.6081721783498,1055.4150492538106,1809.0232214321604
2026-05-20 16:00:00+00:00,ooc,1754.0640478953642,1055.4150492538106,1809.4790971491748
2026-05-20 20:00:00+00:00,ooc,1754.0640478953642,1055.4150492538106,1809.4790971491748
2026-05-21 00:00:00+00:00,ooc,1754.0640478953642,1055.4150492538106,1809.4790971491748
2026-05-21 04:00:00+00:00,ooc,1753.7183538636023,1055.4150492538106,1809.1334031174129
2026-05-21 08:00:00+00:00,ooc,1753.3726598318403,1055.4150492538106,1808.787709085651
2026-05-21 12:00:00+00:00,ooc,1753.0269658000786,1054.8066485131017,1807.83361431318
2026-05-21 16:00:00+00:00,ooc,1753.0269658000786,1054.8066485131017,1807.83361431318
2026-05-21 20:00:00+00:00,ooc,1753.0269658000786,1054.8066485131017,1807.83361431318
2026-05-22 00:00:00+00:00,ooc,1752.2277049126553,1054.8066485131017,1807.0343534257572
2026-05-22 04:00:00+00:00,ooc,1751.428444025232,1054.8066485131017,1806.2350925383334
2026-05-22 08:00:00+00:00,ooc,1751.428444025232,1054.8066485131017,1806.2350925383334
2026-05-22 12:00:00+00:00,ooc,1751.428444025232,1054.8066485131017,1806.2350925383334
2026-05-22 16:00:00+00:00,ooc,1749.9647152121452,1054.8066485131017,1804.7713637252468
2026-05-22 20:00:00+00:00,ooc,1749.9647152121452,1054.1435357185503,1804.1082509306952
2026-05-23 00:00:00+00:00,ooc,1749.9647152121452,1054.1435357185503,1804.1082509306952
2026-05-23 04:00:00+00:00,ooc,1748.2582573542863,1057.130110961308,1805.3883683155946
2026-05-23 08:00:00+00:00,ooc,1748.2582573542863,1057.130110961308,1805.3883683155946
2026-05-23 12:00:00+00:00,ooc,1748.2582573542863,1056.4331482631278,1804.6914056174141
2026-05-23 16:00:00+00:00,ooc,1748.2582573542863,1056.4331482631278,1804.6914056174141
2026-05-23 20:00:00+00:00,ooc,1748.2582573542863,1055.7334638479067,1803.9917212021928
2026-05-24 00:00:00+00:00,ooc,1748.2582573542863,1055.7334638479067,1803.9917212021928
2026-05-24 04:00:00+00:00,ooc,1748.2582573542863,1055.7334638479067,1803.9917212021928
2026-05-24 08:00:00+00:00,ooc,1748.2582573542863,1055.7334638479067,1803.9917212021928
2026-05-24 12:00:00+00:00,ooc,1748.2582573542863,1055.7334638479067,1803.9917212021928
2026-05-24 16:00:00+00:00,ooc,1748.2582573542863,1055.7334638479067,1803.9917212021928
2026-05-24 20:00:00+00:00,ooc,1748.2582573542863,1055.7334638479067,1803.9917212021928
2026-05-25 00:00:00+00:00,ooc,1748.2582573542863,1055.3907747187475,1803.6490320730336
2026-05-25 04:00:00+00:00,ooc,1748.2582573542863,1055.0480855895883,1803.3063429438744
2026-05-25 08:00:00+00:00,ooc,1748.2582573542863,1055.0480855895883,1803.3063429438744
2026-05-25 12:00:00+00:00,ooc,1747.8223795448096,1055.0480855895883,1802.8704651343978
2026-05-25 16:00:00+00:00,ooc,1747.3865017353328,1055.0480855895883,1802.4345873249213
2026-05-25 20:00:00+00:00,ooc,1746.950623925856,1055.0480855895883,1801.9987095154443
2026-05-26 00:00:00+00:00,ooc,1746.5147461163792,1055.0480855895883,1801.5628317059673
2026-05-26 04:00:00+00:00,ooc,1746.5147461163792,1054.735349826584,1801.2500959429635
2026-05-26 08:00:00+00:00,ooc,1746.5147461163792,1054.4226140635799,1800.937360179959
2026-05-26 12:00:00+00:00,ooc,1746.5147461163792,1054.4226140635799,1800.937360179959
2026-05-26 16:00:00+00:00,ooc,1744.839856549415,1054.4226140635799,1799.2624706129945
2026-05-26 20:00:00+00:00,ooc,1744.839856549415,1054.803836455321,1799.6436930047357
2026-05-27 00:00:00+00:00,ooc,1744.839856549415,1055.185058847062,1800.024915396477
2026-05-27 04:00:00+00:00,ooc,1744.839856549415,1055.5662812388032,1800.406137788218
2026-05-27 08:00:00+00:00,ooc,1744.839856549415,1055.9475036305444,1800.7873601799593
2026-05-27 12:00:00+00:00,ooc,1744.3197047400738,1056.3287260222853,1800.648430762359
2026-05-27 16:00:00+00:00,ooc,1743.7995529307325,1056.7099484140265,1800.509501344759
2026-05-27 20:00:00+00:00,ooc,1743.2794011213914,1057.0911708057674,1800.3705719271588
2026-05-28 00:00:00+00:00,ooc,1743.2794011213914,1057.4723931975086,1800.7517943189
2026-05-28 04:00:00+00:00,ooc,1743.2794011213914,1057.4723931975086,1800.7517943189
2026-05-28 08:00:00+00:00,ooc,1743.2794011213914,1057.4723931975086,1800.7517943189
2026-05-28 12:00:00+00:00,ooc,1743.2794011213914,1057.122823261531,1800.4022243829222
2026-05-28 16:00:00+00:00,ooc,1743.2794011213914,1056.7732533255532,1800.0526544469449
2026-05-28 20:00:00+00:00,ooc,1743.2794011213914,1056.7732533255532,1800.0526544469449
2026-05-29 00:00:00+00:00,ooc,1743.2794011213914,1056.7732533255532,1800.0526544469449
2026-05-29 04:00:00+00:00,ooc,1743.2794011213914,1056.4301086299877,1799.7095097513793
2026-05-29 08:00:00+00:00,ooc,1743.2794011213914,1056.086963934422,1799.3663650558137
2026-05-29 12:00:00+00:00,ooc,1741.5610969872723,1056.086963934422,1797.6480609216942
2026-05-29 16:00:00+00:00,ooc,1741.5610969872723,1055.3822376609135,1796.9433346481856
2026-05-29 20:00:00+00:00,ooc,1741.5610969872723,1055.3822376609135,1796.9433346481856
2026-05-30 00:00:00+00:00,ooc,1741.5610969872723,1054.6877616722172,1796.2488586594895
2026-05-30 04:00:00+00:00,ooc,1741.5610969872723,1054.6877616722172,1796.2488586594895
2026-05-30 08:00:00+00:00,ooc,1741.5610969872723,1054.6877616722172,1796.2488586594895
2026-05-30 12:00:00+00:00,ooc,1741.5610969872723,1054.0169528774695,1795.5780498647418
2026-05-30 16:00:00+00:00,ooc,1741.5610969872723,1054.0169528774695,1795.5780498647418
2026-05-30 20:00:00+00:00,ooc,1741.313996503834,1054.0169528774695,1795.3309493813035
2026-05-31 00:00:00+00:00,ooc,1741.0668960203955,1054.0169528774695,1795.0838488978652
2026-05-31 04:00:00+00:00,ooc,1740.8197955369571,1054.0169528774695,1794.8367484144264
2026-05-31 08:00:00+00:00,ooc,1740.5726950535186,1054.0169528774695,1794.5896479309881
2026-05-31 12:00:00+00:00,ooc,1740.3255945700803,1053.45331193955,1793.7789065096304
2026-05-31 16:00:00+00:00,ooc,1740.0784940866417,1053.45331193955,1793.5318060261916
2026-05-31 20:00:00+00:00,ooc,1740.0784940866417,1052.90306161377,1792.9815557004117
2026-06-01 00:00:00+00:00,ooc,1740.0784940866417,1052.90306161377,1792.9815557004117
2026-06-01 04:00:00+00:00,ooc,1738.8341064716838,1052.90306161377,1791.737168085454
2026-06-01 08:00:00+00:00,ooc,1738.8341064716838,1052.2946509467288,1791.1287574184125
2026-06-01 12:00:00+00:00,ooc,1738.8341064716838,1052.2946509467288,1791.1287574184125
2026-06-01 16:00:00+00:00,ooc,1738.8341064716838,1052.2946509467288,1791.1287574184125
2026-06-01 20:00:00+00:00,ooc,1740.9944975317678,1052.2946509467288,1793.2891484784968
2026-06-02 00:00:00+00:00,ooc,1740.9944975317678,1053.0525412776547,1794.0470388094227
2026-06-02 04:00:00+00:00,ooc,1740.9944975317678,1053.8104316085805,1794.8049291403486
2026-06-02 08:00:00+00:00,ooc,1740.9944975317678,1054.5683219395064,1795.5628194712745
2026-06-02 12:00:00+00:00,ooc,1740.9944975317678,1055.3262122704323,1796.3207098022003
2026-06-02 16:00:00+00:00,ooc,1740.9944975317678,1055.3262122704323,1796.3207098022003
2026-06-02 20:00:00+00:00,ooc,1740.9944975317678,1055.3262122704323,1796.3207098022003
2026-06-03 00:00:00+00:00,ooc,1740.9944975317678,1056.1724568942252,1797.166954425993
2026-06-03 04:00:00+00:00,ooc,1740.9944975317678,1057.0187015180184,1798.0131990497862
2026-06-03 08:00:00+00:00,ooc,1740.9944975317678,1057.8649461418113,1798.8594436735793
2026-06-03 12:00:00+00:00,ooc,1740.9944975317678,1058.7111907656044,1799.705688297372
2026-06-03 16:00:00+00:00,ooc,1740.9944975317678,1059.5574353893974,1800.5519329211652
2026-06-03 20:00:00+00:00,ooc,1740.9944975317678,1059.5574353893974,1800.5519329211652
2026-06-04 00:00:00+00:00,ooc,1740.9944975317678,1064.8303908937507,1805.8248884255186
2026-06-04 04:00:00+00:00,ooc,1740.9944975317678,1064.8303908937507,1805.8248884255186
2026-06-04 08:00:00+00:00,ooc,1740.9944975317678,1064.8303908937507,1805.8248884255186
2026-06-04 12:00:00+00:00,ooc,1740.9944975317678,1063.6125762232107,1804.6070737549785
2026-06-04 16:00:00+00:00,ooc,1740.9944975317678,1063.6125762232107,1804.6070737549785
2026-06-04 20:00:00+00:00,ooc,1740.9944975317678,1063.6125762232107,1804.6070737549785
2026-06-05 00:00:00+00:00,ooc,1740.9944975317678,1066.6709748862181,1807.6654724179862
2026-06-05 04:00:00+00:00,ooc,1740.9944975317678,1069.7293735492258,1810.7238710809934
2026-06-05 08:00:00+00:00,ooc,1740.9944975317678,1069.7293735492258,1810.7238710809934
2026-06-05 12:00:00+00:00,ooc,1740.9944975317678,1069.7293735492258,1810.7238710809934
2026-06-05 16:00:00+00:00,ooc,1740.9944975317678,1076.4110635586915,1817.4055610904593
2026-06-05 20:00:00+00:00,ooc,1740.9944975317678,1076.4110635586915,1817.4055610904593
2026-06-06 00:00:00+00:00,ooc,1740.9944975317678,1074.9456196989897,1815.9401172307576
2026-06-06 04:00:00+00:00,ooc,1740.9944975317678,1074.9456196989897,1815.9401172307576
2026-06-06 08:00:00+00:00,ooc,1740.9944975317678,1074.9456196989897,1815.9401172307576
2026-06-06 12:00:00+00:00,ooc,1740.9944975317678,1074.5687895951185,1815.5632871268863
2026-06-06 16:00:00+00:00,ooc,1740.9944975317678,1074.1919594912472,1815.186457023015
2026-06-06 20:00:00+00:00,ooc,1740.9944975317678,1073.815129387376,1814.8096269191437
2026-06-07 00:00:00+00:00,ooc,1740.9944975317678,1073.4382992835044,1814.432796815272
2026-06-07 04:00:00+00:00,ooc,1740.9944975317678,1073.4382992835044,1814.432796815272
2026-06-07 08:00:00+00:00,ooc,1740.9944975317678,1072.1428238436984,1813.137321375466
2026-06-07 12:00:00+00:00,ooc,1740.9944975317678,1072.1428238436984,1813.137321375466
2026-06-07 16:00:00+00:00,ooc,1740.9944975317678,1072.1428238436984,1813.137321375466
2026-06-07 20:00:00+00:00,ooc,1740.9944975317678,1070.8888641388833,1811.883361670651
2026-06-08 00:00:00+00:00,ooc,1740.9944975317678,1070.8888641388833,1811.883361670651
2026-06-08 04:00:00+00:00,ooc,1740.9944975317678,1070.8888641388833,1811.883361670651
2026-06-08 08:00:00+00:00,ooc,1740.9944975317678,1070.8888641388833,1811.883361670651
2026-06-08 12:00:00+00:00,ooc,1740.9944975317678,1070.8888641388833,1811.883361670651
2026-06-08 16:00:00+00:00,ooc,1740.9944975317678,1070.8888641388833,1811.883361670651
2026-06-08 20:00:00+00:00,ooc,1740.9944975317678,1070.8888641388833,1811.883361670651
2026-06-09 00:00:00+00:00,ooc,1740.9944975317678,1070.8888641388833,1811.883361670651
2026-06-09 04:00:00+00:00,ooc,1740.9944975317678,1069.7371580092347,1810.7316555410025
2026-06-09 08:00:00+00:00,ooc,1740.9944975317678,1069.7371580092347,1810.7316555410025
2026-06-09 12:00:00+00:00,ooc,1740.9944975317678,1069.7371580092347,1810.7316555410025
2026-06-09 16:00:00+00:00,ooc,1740.9944975317678,1069.7981535721854,1810.7926511039532
2026-06-09 20:00:00+00:00,ooc,1740.9944975317678,1069.859149135136,1810.8536466669038
2026-06-10 00:00:00+00:00,ooc,1740.9944975317678,1069.9201446980867,1810.9146422298545
2026-06-10 04:00:00+00:00,ooc,1740.9944975317678,1069.9811402610374,1810.9756377928052
2026-06-10 08:00:00+00:00,ooc,1740.9944975317678,1070.0421358239878,1811.0366333557558
2026-06-10 12:00:00+00:00,ooc,1740.9944975317678,1070.1031313869385,1811.0976289187065
2026-06-10 16:00:00+00:00,ooc,1740.9944975317678,1070.1641269498891,1811.1586244816572
2026-06-10 20:00:00+00:00,ooc,1740.9944975317678,1070.2251225128398,1811.2196200446078
2026-06-11 00:00:00+00:00,ooc,1740.9944975317678,1070.2861180757905,1811.2806156075585
2026-06-11 04:00:00+00:00,ooc,1740.9944975317678,1070.3471136387411,1811.3416111705092
2026-06-11 08:00:00+00:00,ooc,1740.9944975317678,1070.4081092016918,1811.4026067334598
2026-06-11 12:00:00+00:00,ooc,1740.9944975317678,1070.4691047646422,1811.46360229641
2026-06-11 16:00:00+00:00,ooc,1740.9944975317678,1070.4691047646422,1811.46360229641
2026-06-11 20:00:00+00:00,ooc,1740.9944975317678,1070.4691047646422,1811.46360229641
2026-06-12 00:00:00+00:00,ooc,1740.9944975317678,1070.4691047646422,1811.46360229641
2026-06-12 04:00:00+00:00,ooc,1740.9944975317678,1070.4691047646422,1811.46360229641
2026-06-12 08:00:00+00:00,ooc,1740.9944975317678,1070.4691047646422,1811.46360229641
2026-06-12 12:00:00+00:00,ooc,1740.9944975317678,1070.4691047646422,1811.46360229641
2026-06-12 16:00:00+00:00,ooc,1740.9944975317678,1070.4691047646422,1811.46360229641
2026-06-12 20:00:00+00:00,ooc,1740.9944975317678,1070.4691047646422,1811.46360229641
2026-06-13 00:00:00+00:00,ooc,1740.9944975317678,1070.4691047646422,1811.46360229641
2026-06-13 04:00:00+00:00,ooc,1740.9944975317678,1070.4691047646422,1811.46360229641
2026-06-13 08:00:00+00:00,ooc,1740.9944975317678,1070.4691047646422,1811.46360229641
2026-06-13 12:00:00+00:00,ooc,1740.9944975317678,1070.4691047646422,1811.46360229641
2026-06-13 16:00:00+00:00,ooc,1740.9944975317678,1070.4691047646422,1811.46360229641
2026-06-13 20:00:00+00:00,ooc,1740.9944975317678,1070.4691047646422,1811.46360229641
2026-06-14 00:00:00+00:00,ooc,1740.9944975317678,1070.4691047646422,1811.46360229641
2026-06-14 04:00:00+00:00,ooc,1740.9944975317678,1070.4691047646422,1811.46360229641
2026-06-14 08:00:00+00:00,ooc,1740.9944975317678,1070.4691047646422,1811.46360229641
2026-06-14 12:00:00+00:00,ooc,1739.08732982836,1070.4691047646422,1809.5564345930025
2026-06-14 16:00:00+00:00,ooc,1739.08732982836,1070.4691047646422,1809.5564345930025
2026-06-14 20:00:00+00:00,ooc,1741.5265758478563,1070.4691047646422,1811.9956806124983
2026-06-15 00:00:00+00:00,ooc,1741.5265758478563,1070.4691047646422,1811.9956806124983
2026-06-15 04:00:00+00:00,ooc,1741.5265758478563,1070.4691047646422,1811.9956806124983
2026-06-15 08:00:00+00:00,ooc,1742.860954541807,1070.4691047646422,1813.3300593064491
2026-06-15 12:00:00+00:00,ooc,1744.1953332357577,1070.4691047646422,1814.6644380004
2026-06-15 16:00:00+00:00,ooc,1744.1953332357577,1070.4691047646422,1814.6644380004
2026-06-15 20:00:00+00:00,ooc,1744.1953332357577,1070.4691047646422,1814.6644380004
2026-06-16 00:00:00+00:00,ooc,1744.1953332357577,1070.4691047646422,1814.6644380004
2026-06-16 04:00:00+00:00,ooc,1744.1953332357577,1070.4691047646422,1814.6644380004
2026-06-16 08:00:00+00:00,ooc,1744.1953332357577,1070.4691047646422,1814.6644380004
2026-06-16 12:00:00+00:00,ooc,1744.1953332357577,1070.4691047646422,1814.6644380004
2026-06-16 16:00:00+00:00,ooc,1744.1953332357577,1070.4691047646422,1814.6644380004
2026-06-16 20:00:00+00:00,ooc,1744.1953332357577,1070.4691047646422,1814.6644380004
2026-06-17 00:00:00+00:00,ooc,1744.1953332357577,1070.4691047646422,1814.6644380004
2026-06-17 04:00:00+00:00,ooc,1744.1953332357577,1070.4691047646422,1814.6644380004
2026-06-17 08:00:00+00:00,ooc,1744.1953332357577,1070.4691047646422,1814.6644380004
2026-06-17 12:00:00+00:00,ooc,1744.1953332357577,1070.4691047646422,1814.6644380004
2026-06-17 16:00:00+00:00,ooc,1744.1953332357577,1070.4691047646422,1814.6644380004
2026-06-17 20:00:00+00:00,ooc,1744.1953332357577,1070.4691047646422,1814.6644380004
2026-06-18 00:00:00+00:00,ooc,1744.1953332357577,1070.4691047646422,1814.6644380004
2026-06-18 04:00:00+00:00,ooc,1744.1953332357577,1070.4691047646422,1814.6644380004
2026-06-18 08:00:00+00:00,ooc,1744.1953332357577,1070.4691047646422,1814.6644380004
2026-06-18 12:00:00+00:00,ooc,1744.1953332357577,1070.4691047646422,1814.6644380004
2026-06-18 16:00:00+00:00,ooc,1744.1953332357577,1070.4691047646422,1814.6644380004
2026-06-18 20:00:00+00:00,ooc,1744.1953332357577,1070.4691047646422,1814.6644380004
2026-06-19 00:00:00+00:00,ooc,1744.1953332357577,1070.4691047646422,1814.6644380004
2026-06-19 04:00:00+00:00,ooc,1744.1953332357577,1070.4691047646422,1814.6644380004
2026-06-19 08:00:00+00:00,ooc,1744.1953332357577,1070.4691047646422,1814.6644380004
2026-06-19 12:00:00+00:00,ooc,1744.1953332357577,1070.4691047646422,1814.6644380004
2026-06-19 16:00:00+00:00,ooc,1744.1953332357577,1070.4691047646422,1814.6644380004
2026-06-19 20:00:00+00:00,ooc,1744.1953332357577,1070.4691047646422,1814.6644380004
2026-06-20 00:00:00+00:00,ooc,1745.745661343948,1070.4691047646422,1816.21476610859
2026-06-20 04:00:00+00:00,ooc,1747.2959894521387,1070.4691047646422,1817.765094216781
2026-06-20 08:00:00+00:00,ooc,1747.2959894521387,1070.4691047646422,1817.765094216781
2026-06-20 12:00:00+00:00,ooc,1747.2959894521387,1070.4691047646422,1817.765094216781
2026-06-20 16:00:00+00:00,ooc,1747.2959894521387,1070.4691047646422,1817.765094216781
2026-06-20 20:00:00+00:00,ooc,1747.2959894521387,1070.4691047646422,1817.765094216781
2026-06-21 00:00:00+00:00,ooc,1747.2959894521387,1070.4691047646422,1817.765094216781
2026-06-21 04:00:00+00:00,ooc,1747.2959894521387,1070.4691047646422,1817.765094216781
2026-06-21 08:00:00+00:00,ooc,1747.2959894521387,1070.4691047646422,1817.765094216781
2026-06-21 12:00:00+00:00,ooc,1746.949183792802,1070.4691047646422,1817.4182885574442
2026-06-21 16:00:00+00:00,ooc,1746.602378133465,1070.4691047646422,1817.0714828981072
2026-06-21 20:00:00+00:00,ooc,1746.2555724741283,1070.4691047646422,1816.7246772387707
2026-06-22 00:00:00+00:00,ooc,1746.2555724741283,1070.4691047646422,1816.7246772387707
2026-06-22 04:00:00+00:00,ooc,1746.2555724741283,1070.4691047646422,1816.7246772387707
2026-06-22 08:00:00+00:00,ooc,1745.8340914904072,1070.4691047646422,1816.3031962550494
2026-06-22 12:00:00+00:00,ooc,1745.412610506686,1070.4691047646422,1815.8817152713282
2026-06-22 16:00:00+00:00,ooc,1744.991129522965,1070.4691047646422,1815.460234287607
2026-06-22 20:00:00+00:00,ooc,1744.991129522965,1070.4691047646422,1815.460234287607
2026-06-23 00:00:00+00:00,ooc,1744.991129522965,1070.4691047646422,1815.460234287607
2026-06-23 04:00:00+00:00,ooc,1744.991129522965,1070.4691047646422,1815.460234287607
2026-06-23 08:00:00+00:00,ooc,1744.991129522965,1070.4691047646422,1815.460234287607
2026-06-23 12:00:00+00:00,ooc,1744.991129522965,1070.4691047646422,1815.460234287607
2026-06-23 16:00:00+00:00,ooc,1744.991129522965,1070.4691047646422,1815.460234287607
2026-06-23 20:00:00+00:00,ooc,1744.991129522965,1070.4691047646422,1815.460234287607
2026-06-24 00:00:00+00:00,ooc,1744.991129522965,1070.4691047646422,1815.460234287607
2026-06-24 04:00:00+00:00,ooc,1744.991129522965,1070.4691047646422,1815.460234287607
2026-06-24 08:00:00+00:00,ooc,1744.991129522965,1069.6602837297198,1814.6514132526845
2026-06-24 12:00:00+00:00,ooc,1744.991129522965,1069.6602837297198,1814.6514132526845
2026-06-24 16:00:00+00:00,ooc,1744.991129522965,1069.6602837297198,1814.6514132526845
2026-06-24 20:00:00+00:00,ooc,1744.991129522965,1068.691547380188,1813.6826769031532
2026-06-25 00:00:00+00:00,ooc,1744.991129522965,1068.691547380188,1813.6826769031532
2026-06-25 04:00:00+00:00,ooc,1744.991129522965,1068.691547380188,1813.6826769031532
2026-06-25 08:00:00+00:00,ooc,1744.991129522965,1068.691547380188,1813.6826769031532
2026-06-25 12:00:00+00:00,ooc,1744.991129522965,1067.7345495392012,1812.725679062166
2026-06-25 16:00:00+00:00,ooc,1744.991129522965,1067.7345495392012,1812.725679062166
2026-06-25 20:00:00+00:00,ooc,1744.991129522965,1066.6388318739862,1811.6299613969513
2026-06-26 00:00:00+00:00,ooc,1744.991129522965,1066.6388318739862,1811.6299613969513
2026-06-26 04:00:00+00:00,ooc,1744.991129522965,1065.518221332965,1810.5093508559298
2026-06-26 08:00:00+00:00,ooc,1744.991129522965,1065.518221332965,1810.5093508559298
2026-06-26 12:00:00+00:00,ooc,1744.991129522965,1064.3506049566543,1809.341734479619
2026-06-26 16:00:00+00:00,ooc,1744.991129522965,1064.3506049566543,1809.341734479619
2026-06-26 20:00:00+00:00,ooc,1744.991129522965,1064.3506049566543,1809.341734479619
2026-06-27 00:00:00+00:00,ooc,1744.991129522965,1064.3506049566543,1809.341734479619
2026-06-27 04:00:00+00:00,ooc,1744.991129522965,1064.3506049566543,1809.341734479619
2026-06-27 08:00:00+00:00,ooc,1744.991129522965,1064.3506049566543,1809.341734479619
2026-06-27 12:00:00+00:00,ooc,1744.991129522965,1064.3506049566543,1809.341734479619
2026-06-27 16:00:00+00:00,ooc,1744.991129522965,1064.3506049566543,1809.341734479619
2026-06-27 20:00:00+00:00,ooc,1744.991129522965,1064.3506049566543,1809.341734479619
2026-06-28 00:00:00+00:00,ooc,1744.991129522965,1064.3506049566543,1809.341734479619
2026-06-28 04:00:00+00:00,ooc,1744.991129522965,1064.3506049566543,1809.341734479619
2026-06-28 08:00:00+00:00,ooc,1744.991129522965,1064.3506049566543,1809.341734479619
2026-06-28 12:00:00+00:00,ooc,1744.991129522965,1064.3506049566543,1809.341734479619
2026-06-28 16:00:00+00:00,ooc,1742.5906636439527,1064.3506049566543,1806.9412686006071
2026-06-28 20:00:00+00:00,ooc,1742.5906636439527,1064.3506049566543,1806.9412686006071
2026-06-29 00:00:00+00:00,ooc,1742.5906636439527,1064.3506049566543,1806.9412686006071
2026-06-29 04:00:00+00:00,ooc,1742.5906636439527,1064.3506049566543,1806.9412686006071
2026-06-29 08:00:00+00:00,ooc,1742.5906636439527,1064.3506049566543,1806.9412686006071
2026-06-29 12:00:00+00:00,ooc,1742.5906636439527,1064.3506049566543,1806.9412686006071
2026-06-29 16:00:00+00:00,ooc,1746.1826686544814,1064.3506049566543,1810.5332736111359
2026-06-29 20:00:00+00:00,ooc,1746.1826686544814,1064.3506049566543,1810.5332736111359
2026-06-30 00:00:00+00:00,ooc,1746.1826686544814,1064.3506049566543,1810.5332736111359
2026-06-30 04:00:00+00:00,ooc,1746.1826686544814,1064.3506049566543,1810.5332736111359
2026-06-30 08:00:00+00:00,ooc,1746.1826686544814,1064.3506049566543,1810.5332736111359
2026-06-30 12:00:00+00:00,ooc,1746.1826686544814,1064.3506049566543,1810.5332736111359
2026-06-30 16:00:00+00:00,ooc,1746.1826686544814,1064.3506049566543,1810.5332736111359
2026-06-30 20:00:00+00:00,ooc,1746.1826686544814,1064.3506049566543,1810.5332736111359
2026-07-01 00:00:00+00:00,ooc,1747.018186139302,1064.3506049566543,1811.368791095956
2026-07-01 04:00:00+00:00,ooc,1747.8537036241225,1064.3506049566543,1812.2043085807768
2026-07-01 08:00:00+00:00,ooc,1748.6892211089432,1064.3506049566543,1813.0398260655975
2026-07-01 12:00:00+00:00,ooc,1749.5247385937637,1064.3506049566543,1813.8753435504177
2026-07-01 16:00:00+00:00,ooc,1749.5247385937637,1064.3506049566543,1813.8753435504177
2026-07-01 20:00:00+00:00,ooc,1749.5247385937637,1064.3506049566543,1813.8753435504177
2026-07-02 00:00:00+00:00,ooc,1750.6717546093505,1064.3506049566543,1815.0223595660045
2026-07-02 04:00:00+00:00,ooc,1751.818770624937,1064.3506049566543,1816.1693755815913
2026-07-02 08:00:00+00:00,ooc,1752.9657866405241,1064.3506049566543,1817.3163915971782
2026-07-02 12:00:00+00:00,ooc,1752.9657866405241,1064.3506049566543,1817.3163915971782
2026-07-02 16:00:00+00:00,ooc,1752.9657866405241,1064.3506049566543,1817.3163915971782
2026-07-02 20:00:00+00:00,ooc,1752.9657866405241,1064.3506049566543,1817.3163915971782
2026-07-03 00:00:00+00:00,ooc,1753.4150714532573,1064.3506049566543,1817.7656764099115
2026-07-03 04:00:00+00:00,ooc,1753.8643562659906,1064.3506049566543,1818.214961222645
2026-07-03 08:00:00+00:00,ooc,1754.3136410787238,1064.3506049566543,1818.6642460353778
2026-07-03 12:00:00+00:00,ooc,1754.7629258914571,1064.3506049566543,1819.1135308481116
2026-07-03 16:00:00+00:00,ooc,1755.2122107041903,1064.3506049566543,1819.5628156608445
2026-07-03 20:00:00+00:00,ooc,1755.6614955169234,1064.3506049566543,1820.0121004735774
2026-07-04 00:00:00+00:00,ooc,1756.1107803296568,1064.3506049566543,1820.4613852863113
2026-07-04 04:00:00+00:00,ooc,1756.5600651423897,1064.3506049566543,1820.9106700990442
2026-07-04 08:00:00+00:00,ooc,1756.5600651423897,1064.3506049566543,1820.9106700990442
2026-07-04 12:00:00+00:00,ooc,1756.5600651423897,1064.3506049566543,1820.9106700990442
2026-07-04 16:00:00+00:00,ooc,1755.9363695694933,1064.3506049566543,1820.2869745261478
2026-07-04 20:00:00+00:00,ooc,1755.312673996597,1064.3506049566543,1819.6632789532514
2026-07-05 00:00:00+00:00,ooc,1754.6889784237007,1064.3506049566543,1819.039583380355
2026-07-05 04:00:00+00:00,ooc,1754.6889784237007,1064.3506049566543,1819.039583380355
2026-07-05 08:00:00+00:00,ooc,1754.6889784237007,1064.3506049566543,1819.039583380355
2026-07-05 12:00:00+00:00,ooc,1754.6889784237007,1064.3506049566543,1819.039583380355
2026-07-05 16:00:00+00:00,ooc,1754.5779375184297,1064.3506049566543,1818.9285424750842
2026-07-05 20:00:00+00:00,ooc,1754.466896613159,1064.3506049566543,1818.8175015698134
2026-07-06 00:00:00+00:00,ooc,1754.355855707888,1064.3506049566543,1818.7064606645422
2026-07-06 04:00:00+00:00,ooc,1754.2448148026172,1064.3506049566543,1818.5954197592714
2026-07-06 08:00:00+00:00,ooc,1754.2448148026172,1064.3506049566543,1818.5954197592714
2026-07-06 12:00:00+00:00,ooc,1754.2448148026172,1064.3506049566543,1818.5954197592714
2026-07-06 16:00:00+00:00,ooc,1755.4679864251384,1064.3506049566543,1819.8185913817924
2026-07-06 20:00:00+00:00,ooc,1756.6911580476599,1064.3506049566543,1821.041763004314
2026-07-07 00:00:00+00:00,ooc,1756.6911580476599,1064.3506049566543,1821.041763004314
2026-07-07 04:00:00+00:00,ooc,1756.6911580476599,1064.3506049566543,1821.041763004314
2026-07-07 08:00:00+00:00,ooc,1756.5253482556193,1064.3506049566543,1820.8759532122735
2026-07-07 12:00:00+00:00,ooc,1756.359538463579,1064.3506049566543,1820.7101434202332
2026-07-07 16:00:00+00:00,ooc,1756.1937286715383,1064.3506049566543,1820.5443336281924
2026-07-07 20:00:00+00:00,ooc,1756.0279188794977,1064.3506049566543,1820.378523836152
2026-07-08 00:00:00+00:00,ooc,1756.0279188794977,1064.3506049566543,1820.378523836152
2026-07-08 04:00:00+00:00,ooc,1756.0279188794977,1064.3506049566543,1820.378523836152
2026-07-08 08:00:00+00:00,ooc,1756.0279188794977,1064.3506049566543,1820.378523836152
2026-07-08 12:00:00+00:00,ooc,1756.0279188794977,1064.3506049566543,1820.378523836152
2026-07-08 16:00:00+00:00,ooc,1756.0279188794977,1064.3506049566543,1820.378523836152
2026-07-08 20:00:00+00:00,ooc,1756.0279188794977,1064.3506049566543,1820.378523836152
2026-07-09 00:00:00+00:00,ooc,1756.0279188794977,1064.3506049566543,1820.378523836152
2026-07-09 04:00:00+00:00,ooc,1756.0279188794977,1064.3506049566543,1820.378523836152
2026-07-09 08:00:00+00:00,ooc,1756.0279188794977,1064.3506049566543,1820.378523836152
2026-07-09 12:00:00+00:00,ooc,1756.0279188794977,1064.3506049566543,1820.378523836152
2026-07-09 16:00:00+00:00,ooc,1756.0279188794977,1064.3506049566543,1820.378523836152
2026-07-09 20:00:00+00:00,ooc,1756.0279188794977,1064.3506049566543,1820.378523836152
2026-07-10 00:00:00+00:00,ooc,1756.0279188794977,1064.3506049566543,1820.378523836152
2026-07-10 04:00:00+00:00,ooc,1756.0279188794977,1064.3506049566543,1820.378523836152
2026-07-10 08:00:00+00:00,ooc,1755.1102567140576,1064.3506049566543,1819.460861670712
2026-07-10 12:00:00+00:00,ooc,1754.1925945486173,1064.3506049566543,1818.5431995052713
2026-07-10 16:00:00+00:00,ooc,1754.1925945486173,1064.3506049566543,1818.5431995052713
2026-07-10 20:00:00+00:00,ooc,1754.1925945486173,1064.3506049566543,1818.5431995052713
2026-07-11 00:00:00+00:00,ooc,1754.1925945486173,1064.3506049566543,1818.5431995052713
2026-07-11 04:00:00+00:00,ooc,1754.1925945486173,1064.3506049566543,1818.5431995052713
2026-07-11 08:00:00+00:00,ooc,1754.1925945486173,1064.3506049566543,1818.5431995052713
2026-07-11 12:00:00+00:00,ooc,1754.1925945486173,1064.3506049566543,1818.5431995052713
2026-07-11 16:00:00+00:00,ooc,1754.1925945486173,1064.3506049566543,1818.5431995052713
2026-07-11 20:00:00+00:00,ooc,1754.1925945486173,1064.3506049566543,1818.5431995052713
2026-07-12 00:00:00+00:00,ooc,1754.1925945486173,1067.080748500573,1821.2733430491903
2026-07-12 04:00:00+00:00,ooc,1752.5884686424793,1067.080748500573,1819.6692171430523
2026-07-12 08:00:00+00:00,ooc,1752.5884686424793,1066.4485294278209,1819.0369980703
2026-07-12 12:00:00+00:00,ooc,1752.5884686424793,1066.4485294278209,1819.0369980703
2026-07-12 16:00:00+00:00,ooc,1752.5884686424793,1066.4485294278209,1819.0369980703
2026-07-12 20:00:00+00:00,ooc,1751.8118498543417,1066.1442128519727,1817.9560627063147
2026-07-13 00:00:00+00:00,ooc,1751.0352310662042,1065.8398962761246,1816.8751273423286
2026-07-13 04:00:00+00:00,ooc,1751.0352310662042,1065.8398962761246,1816.8751273423286
2026-07-13 08:00:00+00:00,ooc,1751.0352310662042,1065.8398962761246,1816.8751273423286
2026-07-13 12:00:00+00:00,ooc,1749.3985821679696,1065.8398962761246,1815.2384784440942
2026-07-13 16:00:00+00:00,ooc,1749.3985821679696,1065.7335917570608,1815.1321739250307
2026-07-13 20:00:00+00:00,ooc,1749.3985821679696,1065.6272872379973,1815.0258694059667
2026-07-14 00:00:00+00:00,ooc,1749.3985821679696,1065.5209827189335,1814.9195648869031
2026-07-14 04:00:00+00:00,ooc,1749.3985821679696,1065.41467819987,1814.8132603678396
2026-07-14 08:00:00+00:00,ooc,1749.3985821679696,1065.3083736808062,1814.7069558487756
2026-07-14 12:00:00+00:00,ooc,1751.596533596471,1065.2020691617424,1816.7986027582137
2026-07-14 16:00:00+00:00,ooc,1751.596533596471,1065.2020691617424,1816.7986027582137
2026-07-14 20:00:00+00:00,ooc,1751.596533596471,1065.2020691617424,1816.7986027582137
2026-07-15 00:00:00+00:00,ooc,1752.159548775127,1065.2020691617424,1817.3616179368692
2026-07-15 04:00:00+00:00,ooc,1752.722563953783,1065.2020691617424,1817.9246331155255
2026-07-15 08:00:00+00:00,ooc,1753.285579132439,1065.2020691617424,1818.4876482941813
2026-07-15 12:00:00+00:00,ooc,1753.848594311095,1065.2020691617424,1819.0506634728372
2026-07-15 16:00:00+00:00,ooc,1753.848594311095,1065.2020691617424,1819.0506634728372
2026-07-15 20:00:00+00:00,ooc,1753.848594311095,1065.2020691617424,1819.0506634728372
2026-07-16 00:00:00+00:00,ooc,1753.3002773912442,1065.2020691617424,1818.5023465529866
2026-07-16 04:00:00+00:00,ooc,1752.7519604713937,1064.5890866676332,1817.341047139027
2026-07-16 08:00:00+00:00,ooc,1752.2036435515429,1064.5890866676332,1816.792730219176
2026-07-16 12:00:00+00:00,ooc,1752.2036435515429,1063.9710210212563,1816.174664572799
2026-07-16 16:00:00+00:00,ooc,1750.6276938635242,1063.9710210212563,1814.5987148847807
2026-07-16 20:00:00+00:00,ooc,1750.6276938635242,1063.9710210212563,1814.5987148847807
2026-07-17 00:00:00+00:00,ooc,1750.6276938635242,1064.6972113339718,1815.3249051974963
2026-07-17 04:00:00+00:00,ooc,1750.0929332014532,1065.4234016466874,1815.5163348481406
2026-07-17 08:00:00+00:00,ooc,1749.5581725393824,1066.1495919594029,1815.7077644987853
2026-07-17 12:00:00+00:00,ooc,1749.0234118773114,1066.8757822721182,1815.8991941494296
2026-07-17 16:00:00+00:00,ooc,1749.0234118773114,1066.8757822721182,1815.8991941494296
2026-07-17 20:00:00+00:00,ooc,1749.0234118773114,1066.8757822721182,1815.8991941494296
2026-07-18 00:00:00+00:00,ooc,1749.1458409553256,1066.751706571592,1815.8975475269176
2026-07-18 04:00:00+00:00,ooc,1749.2682700333398,1066.627630871066,1815.8959009044056
2026-07-18 08:00:00+00:00,ooc,1749.390699111354,1066.5035551705398,1815.894254281894
2026-07-18 12:00:00+00:00,ooc,1749.5131281893682,1066.3794794700138,1815.892607659382
2026-07-18 16:00:00+00:00,ooc,1749.6355572673824,1066.2554037694879,1815.89096103687
2026-07-18 20:00:00+00:00,ooc,1749.7579863453966,1066.2554037694879,1816.0133901148847
2026-07-19 00:00:00+00:00,ooc,1749.8804154234108,1065.751382076568,1815.6317974999788
2026-07-19 04:00:00+00:00,ooc,1750.002844501425,1065.751382076568,1815.754226577993
2026-07-19 08:00:00+00:00,ooc,1750.1252735794392,1065.751382076568,1815.8766556560072
2026-07-19 12:00:00+00:00,ooc,1750.2477026574534,1065.751382076568,1815.9990847340214
2026-07-19 16:00:00+00:00,ooc,1750.3701317354676,1065.751382076568,1816.1215138120356
2026-07-19 20:00:00+00:00,ooc,1750.4925608134815,1065.751382076568,1816.2439428900498
2026-07-20 00:00:00+00:00,ooc,1750.4925608134815,1065.751382076568,1816.2439428900498
2026-07-20 04:00:00+00:00,ooc,1749.2212924784362,1065.751382076568,1814.9726745550042
2026-07-20 08:00:00+00:00,ooc,1749.2212924784362,1065.751382076568,1814.9726745550042
2026-07-20 12:00:00+00:00,ooc,1747.8708732522318,1065.751382076568,1813.6222553287998
2026-07-20 16:00:00+00:00,ooc,1747.8708732522318,1065.751382076568,1813.6222553287998
2026-07-20 20:00:00+00:00,ooc,1747.8708732522318,1065.751382076568,1813.6222553287998
2026-07-21 00:00:00+00:00,ooc,1747.8030058785878,1065.751382076568,1813.554387955156
2026-07-21 04:00:00+00:00,ooc,1747.735138504944,1065.751382076568,1813.4865205815122
2026-07-21 08:00:00+00:00,ooc,1747.6672711313,1065.751382076568,1813.418653207868
2026-07-21 12:00:00+00:00,ooc,1747.5994037576559,1065.751382076568,1813.3507858342236
2026-07-21 16:00:00+00:00,ooc,1747.531536384012,1065.751382076568,1813.2829184605798
2026-07-21 20:00:00+00:00,ooc,1747.463669010368,1065.751382076568,1813.215051086936
2026-07-22 00:00:00+00:00,ooc,1747.395801636724,1065.751382076568,1813.1471837132922
2026-07-22 04:00:00+00:00,ooc,1747.3279342630801,1065.751382076568,1813.0793163396484
2026-07-22 08:00:00+00:00,ooc,1747.3279342630801,1065.751382076568,1813.0793163396484
2026-07-22 12:00:00+00:00,ooc,1747.3279342630801,1065.751382076568,1813.0793163396484
2026-07-22 16:00:00+00:00,ooc,1747.1044733299523,1065.751382076568,1812.8558554065203
2026-07-22 20:00:00+00:00,ooc,1747.1044733299523,1065.751382076568,1812.8558554065203
2026-07-23 00:00:00+00:00,ooc,1747.1044733299523,1065.751382076568,1812.8558554065203
2026-07-23 04:00:00+00:00,ooc,1747.1044733299523,1065.751382076568,1812.8558554065203
2026-07-23 08:00:00+00:00,ooc,1747.1044733299523,1065.751382076568,1812.8558554065203
2026-07-23 12:00:00+00:00,ooc,1747.1044733299523,1065.751382076568,1812.8558554065203
2026-07-23 16:00:00+00:00,ooc,1747.1044733299523,1065.751382076568,1812.8558554065203
2026-07-23 20:00:00+00:00,ooc,1747.1044733299523,1065.751382076568,1812.8558554065203
2026-07-24 00:00:00+00:00,ooc,1747.1044733299523,1065.751382076568,1812.8558554065203
2026-07-24 04:00:00+00:00,ooc,1747.1044733299523,1065.751382076568,1812.8558554065203
2026-07-24 08:00:00+00:00,ooc,1747.1044733299523,1065.751382076568,1812.8558554065203
2026-07-24 12:00:00+00:00,ooc,1747.1044733299523,1068.2073553446676,1815.3118286746198
2026-07-24 16:00:00+00:00,ooc,1747.1044733299523,1068.2073553446676,1815.3118286746198
2026-07-24 20:00:00+00:00,ooc,1747.1044733299523,1068.2073553446676,1815.3118286746198
2026-07-25 00:00:00+00:00,ooc,1747.1044733299523,1067.6372937458975,1814.7417670758496
2026-07-25 04:00:00+00:00,ooc,1747.1044733299523,1067.6372937458975,1814.7417670758496
2026-07-25 08:00:00+00:00,ooc,1747.1044733299523,1067.6372937458975,1814.7417670758496
2026-07-25 12:00:00+00:00,ooc,1747.1044733299523,1067.1105282973829,1814.2150016273354
2026-07-25 16:00:00+00:00,ooc,1747.1044733299523,1067.1105282973829,1814.2150016273354
2026-07-25 20:00:00+00:00,ooc,1747.1044733299523,1067.1105282973829,1814.2150016273354
2026-07-26 00:00:00+00:00,ooc,1747.1044733299523,1066.620336013646,1813.7248093435983
2026-07-26 04:00:00+00:00,ooc,1747.1044733299523,1066.620336013646,1813.7248093435983
2026-07-26 08:00:00+00:00,ooc,1747.1044733299523,1066.1654028874061,1813.2698762173586
2026-07-26 12:00:00+00:00,ooc,1747.1044733299523,1066.1654028874061,1813.2698762173586
2026-07-26 16:00:00+00:00,ooc,1747.1044733299523,1066.1654028874061,1813.2698762173586
2026-07-26 20:00:00+00:00,ooc,1747.1044733299523,1066.1654028874061,1813.2698762173586
2026-07-27 00:00:00+00:00,ooc,1747.1044733299523,1066.1654028874061,1813.2698762173586
2026-07-27 04:00:00+00:00,ooc,1746.7193204543787,1066.1654028874061,1812.8847233417846
2026-07-27 08:00:00+00:00,ooc,1746.3341675788051,1066.1654028874061,1812.4995704662115
2026-07-27 12:00:00+00:00,ooc,1745.9490147032316,1066.1654028874061,1812.1144175906375
2026-07-27 16:00:00+00:00,ooc,1745.9490147032316,1065.6422570353732,1811.5912717386045
2026-07-27 20:00:00+00:00,ooc,1744.632387204999,1065.6422570353732,1810.2746442403723
2026-07-28 00:00:00+00:00,ooc,1744.632387204999,1065.6422570353732,1810.2746442403723
2026-07-28 04:00:00+00:00,ooc,1744.632387204999,1065.6911858955186,1810.323573100518
2026-07-28 08:00:00+00:00,ooc,1744.5479885185907,1065.7401147556643,1810.2881032742553
2026-07-28 12:00:00+00:00,ooc,1744.4635898321826,1065.7890436158098,1810.2526334479926
2026-07-28 16:00:00+00:00,ooc,1744.3791911457743,1065.8379724759552,1810.2171636217295
2026-07-28 20:00:00+00:00,ooc,1744.294792459366,1065.8869013361007,1810.1816937954663
2026-07-29 00:00:00+00:00,ooc,1744.2103937729576,1065.9358301962463,1810.1462239692037
2026-07-29 04:00:00+00:00,ooc,1744.1259950865494,1065.9847590563918,1810.110754142941
2026-07-29 08:00:00+00:00,ooc,1744.1259950865494,1066.0336879165372,1810.1596830030867
2026-07-29 12:00:00+00:00,ooc,1744.1259950865494,1066.0826167766827,1810.2086118632324
2026-07-29 16:00:00+00:00,ooc,1742.5485513560816,1066.1315456368284,1808.68009699291
2026-07-29 20:00:00+00:00,ooc,1742.5485513560816,1066.1804744969738,1808.7290258530556
2026-07-30 00:00:00+00:00,ooc,1742.5485513560816,1066.2294033571193,1808.7779547132009
2026-07-30 04:00:00+00:00,ooc,1742.5093623782554,1066.2294033571193,1808.7387657353747
2026-07-30 08:00:00+00:00,ooc,1742.4701734004295,1065.6038874994024,1808.0740608998321
2026-07-30 12:00:00+00:00,ooc,1742.4309844226034,1065.6038874994024,1808.0348719220056
2026-07-30 16:00:00+00:00,ooc,1742.3917954447772,1065.6038874994024,1807.9956829441799
2026-07-30 20:00:00+00:00,ooc,1742.3526064669513,1065.6038874994024,1807.9564939663537
2026-07-31 00:00:00+00:00,ooc,1742.3134174891252,1065.6038874994024,1807.9173049885276
2026-07-31 04:00:00+00:00,ooc,1742.274228511299,1065.0146422531816,1807.2888707644806
2026-07-31 08:00:00+00:00,ooc,1742.274228511299,1065.0146422531816,1807.2888707644806
2026-07-31 12:00:00+00:00,ooc,1742.274228511299,1065.0146422531816,1807.2888707644806
2026-07-31 16:00:00+00:00,ooc,1741.546642165481,1065.3875487365062,1806.9341909019872
2026-07-31 20:00:00+00:00,ooc,1740.8190558196632,1065.7604552198306,1806.5795110394938
2026-08-01 00:00:00+00:00,ooc,1740.8190558196632,1066.1333617031553,1806.9524175228185
2026-08-01 04:00:00+00:00,ooc,1740.8190558196632,1066.50626818648,1807.325324006143
2026-08-01 08:00:00+00:00,ooc,1740.3749760114072,1066.8791746698046,1807.2541506812117
2026-08-01 12:00:00+00:00,ooc,1739.9308962031512,1067.252081153129,1807.1829773562804
2026-08-01 16:00:00+00:00,ooc,1739.4868163948954,1067.6249876364536,1807.111804031349
2026-08-01 20:00:00+00:00,ooc,1739.4868163948954,1067.6249876364536,1807.111804031349
2026-08-02 00:00:00+00:00,ooc,1739.4868163948954,1067.0859845276523,1806.5728009225477
2026-08-02 04:00:00+00:00,ooc,1739.4868163948954,1067.0859845276523,1806.5728009225477
2026-08-02 08:00:00+00:00,ooc,1739.394547332374,1067.0859845276523,1806.4805318600265
2026-08-02 12:00:00+00:00,ooc,1739.3022782698524,1067.0859845276523,1806.3882627975045
2026-08-02 16:00:00+00:00,ooc,1739.210009207331,1066.5603883830731,1805.7703975904042
2026-08-02 20:00:00+00:00,ooc,1739.1177401448097,1066.5603883830731,1805.678128527883
2026-08-03 00:00:00+00:00,ooc,1739.0254710822878,1066.5603883830731,1805.585859465361
2026-08-03 04:00:00+00:00,ooc,1739.0254710822878,1066.5603883830731,1805.585859465361
2026-08-03 08:00:00+00:00,ooc,1739.0254710822878,1066.3001527404642,1805.3256238227523
2026-08-03 12:00:00+00:00,ooc,1740.7020841302374,1066.0399170978553,1806.7420012280927
2026-08-03 16:00:00+00:00,ooc,1740.7020841302374,1066.0399170978553,1806.7420012280927
2026-08-03 20:00:00+00:00,ooc,1740.7020841302374,1066.0399170978553,1806.7420012280927
2026-08-04 00:00:00+00:00,ooc,1739.368142727329,1066.0399170978553,1805.4080598251844
2026-08-04 04:00:00+00:00,ooc,1739.368142727329,1066.0399170978553,1805.4080598251844
2026-08-04 08:00:00+00:00,ooc,1739.368142727329,1066.0399170978553,1805.4080598251844
2026-08-04 12:00:00+00:00,ooc,1739.3254191798833,1066.0399170978553,1805.3653362777386
2026-08-04 16:00:00+00:00,ooc,1739.2826956324377,1066.0399170978553,1805.3226127302933
2026-08-04 20:00:00+00:00,ooc,1739.239972084992,1066.0399170978553,1805.279889182847
2026-08-05 00:00:00+00:00,ooc,1739.1972485375463,1066.0399170978553,1805.2371656354017
2026-08-05 04:00:00+00:00,ooc,1739.1545249901005,1066.0399170978553,1805.1944420879558
2026-08-05 08:00:00+00:00,ooc,1739.111801442655,1066.0399170978553,1805.15171854051
2026-08-05 12:00:00+00:00,ooc,1739.0690778952091,1066.0399170978553,1805.1089949930647
2026-08-05 16:00:00+00:00,ooc,1739.0263543477636,1066.0399170978553,1805.066271445619
2026-08-05 20:00:00+00:00,ooc,1738.9836308003178,1066.0399170978553,1805.023547898173
2026-08-06 00:00:00+00:00,ooc,1738.9409072528722,1066.0399170978553,1804.9808243507277
2026-08-06 04:00:00+00:00,ooc,1738.9409072528722,1065.5282117508136,1804.4691190036856
2026-08-06 08:00:00+00:00,ooc,1738.9409072528722,1065.5282117508136,1804.4691190036856
2026-08-06 12:00:00+00:00,ooc,1738.9409072528722,1065.5282117508136,1804.4691190036856
2026-08-06 16:00:00+00:00,ooc,1737.6509572547811,1065.4421313342584,1803.0930885890393
2026-08-06 20:00:00+00:00,ooc,1737.6509572547811,1065.356050917703,1803.0070081724843
2026-08-07 00:00:00+00:00,ooc,1737.6509572547811,1065.2699705011478,1802.920927755929
2026-08-07 04:00:00+00:00,ooc,1737.6509572547811,1065.1838900845923,1802.8348473393735
2026-08-07 08:00:00+00:00,ooc,1737.6509572547811,1065.0978096680371,1802.7487669228185
2026-08-07 12:00:00+00:00,ooc,1737.6509572547811,1065.011729251482,1802.662686506263
2026-08-07 16:00:00+00:00,ooc,1738.1737995944866,1065.011729251482,1803.1855288459683
2026-08-07 20:00:00+00:00,ooc,1738.6966419341923,1065.011729251482,1803.708371185674
2026-08-08 00:00:00+00:00,ooc,1739.2194842738977,1065.011729251482,1804.2312135253796
2026-08-08 04:00:00+00:00,ooc,1739.2194842738977,1065.011729251482,1804.2312135253796
2026-08-08 08:00:00+00:00,ooc,1739.2194842738977,1065.011729251482,1804.2312135253796
2026-08-08 12:00:00+00:00,ooc,1740.787313702255,1065.011729251482,1805.7990429537367
2026-08-08 16:00:00+00:00,ooc,1740.787313702255,1065.011729251482,1805.7990429537367
2026-08-08 20:00:00+00:00,ooc,1740.787313702255,1065.011729251482,1805.7990429537367
2026-08-09 00:00:00+00:00,ooc,1741.1868775020637,1065.011729251482,1806.1986067535454
2026-08-09 04:00:00+00:00,ooc,1741.5864413018721,1065.011729251482,1806.598170553354
2026-08-09 08:00:00+00:00,ooc,1741.9860051016808,1065.011729251482,1806.9977343531627
2026-08-09 12:00:00+00:00,ooc,1742.3855689014895,1065.011729251482,1807.3972981529714
2026-08-09 16:00:00+00:00,ooc,1742.3855689014895,1065.011729251482,1807.3972981529714
2026-08-09 20:00:00+00:00,ooc,1741.2785568237382,1065.011729251482,1806.2902860752201
2026-08-10 00:00:00+00:00,ooc,1741.2785568237382,1065.011729251482,1806.2902860752201
2026-08-10 04:00:00+00:00,ooc,1741.2785568237382,1065.011729251482,1806.2902860752201
2026-08-10 08:00:00+00:00,ooc,1740.7452946967098,1065.011729251482,1805.757023948192
2026-08-10 12:00:00+00:00,ooc,1740.2120325696812,1065.011729251482,1805.223761821163
2026-08-10 16:00:00+00:00,ooc,1740.2120325696812,1065.011729251482,1805.223761821163
2026-08-10 20:00:00+00:00,ooc,1740.2120325696812,1065.011729251482,1805.223761821163
2026-08-11 00:00:00+00:00,ooc,1740.2120325696812,1065.011729251482,1805.223761821163
2026-08-11 04:00:00+00:00,ooc,1740.2120325696812,1065.011729251482,1805.223761821163
2026-08-11 08:00:00+00:00,ooc,1740.2120325696812,1065.011729251482,1805.223761821163
2026-08-11 12:00:00+00:00,ooc,1740.2120325696812,1065.011729251482,1805.223761821163
2026-08-11 16:00:00+00:00,ooc,1740.2120325696812,1065.011729251482,1805.223761821163
2026-08-11 20:00:00+00:00,ooc,1740.2120325696812,1065.011729251482,1805.223761821163
2026-08-12 00:00:00+00:00,ooc,1740.2120325696812,1065.011729251482,1805.223761821163
2026-08-12 04:00:00+00:00,ooc,1740.2120325696812,1065.011729251482,1805.223761821163
2026-08-12 08:00:00+00:00,ooc,1740.2120325696812,1065.011729251482,1805.223761821163
2026-08-12 12:00:00+00:00,ooc,1740.2120325696812,1065.011729251482,1805.223761821163
2026-08-12 16:00:00+00:00,ooc,1740.2120325696812,1065.011729251482,1805.223761821163
2026-08-12 20:00:00+00:00,ooc,1740.2120325696812,1065.011729251482,1805.223761821163
2026-08-13 00:00:00+00:00,ooc,1740.2120325696812,1065.011729251482,1805.223761821163
2026-08-13 04:00:00+00:00,ooc,1740.2120325696812,1065.011729251482,1805.223761821163
2026-08-13 08:00:00+00:00,ooc,1739.8044950494718,1065.011729251482,1804.8162243009538
2026-08-13 12:00:00+00:00,ooc,1739.3969575292624,1065.011729251482,1804.4086867807446
2026-08-13 16:00:00+00:00,ooc,1738.989420009053,1065.011729251482,1804.001149260535
2026-08-13 20:00:00+00:00,ooc,1738.989420009053,1065.011729251482,1804.001149260535
2026-08-14 00:00:00+00:00,ooc,1738.989420009053,1065.011729251482,1804.001149260535
2026-08-14 04:00:00+00:00,ooc,1738.3904265745455,1065.011729251482,1803.4021558260274
2026-08-14 08:00:00+00:00,ooc,1737.791433140038,1065.011729251482,1802.80316239152
2026-08-14 12:00:00+00:00,ooc,1737.791433140038,1065.011729251482,1802.80316239152
2026-08-14 16:00:00+00:00,ooc,1737.791433140038,1065.011729251482,1802.80316239152
2026-08-14 20:00:00+00:00,ooc,1737.791433140038,1065.011729251482,1802.80316239152
2026-08-15 00:00:00+00:00,ooc,1737.791433140038,1065.011729251482,1802.80316239152
2026-08-15 04:00:00+00:00,ooc,1737.791433140038,1065.011729251482,1802.80316239152
2026-08-15 08:00:00+00:00,ooc,1737.791433140038,1065.011729251482,1802.80316239152
2026-08-15 12:00:00+00:00,ooc,1737.791433140038,1065.011729251482,1802.80316239152
2026-08-15 16:00:00+00:00,ooc,1737.791433140038,1065.011729251482,1802.80316239152
2026-08-15 20:00:00+00:00,ooc,1737.791433140038,1065.011729251482,1802.80316239152
2026-08-16 00:00:00+00:00,ooc,1737.791433140038,1065.011729251482,1802.80316239152
2026-08-16 04:00:00+00:00,ooc,1737.791433140038,1065.011729251482,1802.80316239152
2026-08-16 08:00:00+00:00,ooc,1737.791433140038,1065.011729251482,1802.80316239152
2026-08-16 12:00:00+00:00,ooc,1737.791433140038,1065.011729251482,1802.80316239152
2026-08-16 16:00:00+00:00,ooc,1737.791433140038,1065.011729251482,1802.80316239152
2026-08-16 20:00:00+00:00,ooc,1736.937971298123,1065.011729251482,1801.949700549605
2026-08-17 00:00:00+00:00,ooc,1736.937971298123,1065.011729251482,1801.949700549605
2026-08-17 04:00:00+00:00,ooc,1736.937971298123,1065.011729251482,1801.949700549605
2026-08-17 08:00:00+00:00,ooc,1736.8467679450348,1065.011729251482,1801.8584971965165
2026-08-17 12:00:00+00:00,ooc,1736.7555645919465,1065.011729251482,1801.7672938434284
2026-08-17 16:00:00+00:00,ooc,1736.6643612388582,1065.011729251482,1801.6760904903404
2026-08-17 20:00:00+00:00,ooc,1736.5731578857697,1065.011729251482,1801.5848871372518
2026-08-18 00:00:00+00:00,ooc,1736.4819545326814,1065.011729251482,1801.4936837841633
2026-08-18 04:00:00+00:00,ooc,1736.4819545326814,1065.011729251482,1801.4936837841633
2026-08-18 08:00:00+00:00,ooc,1736.4819545326814,1065.011729251482,1801.4936837841633
2026-08-18 12:00:00+00:00,ooc,1737.733341855805,1065.011729251482,1802.745071107287
2026-08-18 16:00:00+00:00,ooc,1737.733341855805,1065.011729251482,1802.745071107287
2026-08-18 20:00:00+00:00,ooc,1737.733341855805,1065.011729251482,1802.745071107287
2026-08-19 00:00:00+00:00,ooc,1738.0542510780315,1065.011729251482,1803.0659803295134
2026-08-19 04:00:00+00:00,ooc,1738.375160300258,1065.011729251482,1803.3868895517398
2026-08-19 08:00:00+00:00,ooc,1738.6960695224843,1065.011729251482,1803.7077987739663
2026-08-19 12:00:00+00:00,ooc,1739.0169787447107,1065.011729251482,1804.0287079961927
2026-08-19 16:00:00+00:00,ooc,1739.0169787447107,1065.011729251482,1804.0287079961927
2026-08-19 20:00:00+00:00,ooc,1740.8328808607216,1065.011729251482,1805.8446101122036
2026-08-20 00:00:00+00:00,ooc,1740.8328808607216,1065.011729251482,1805.8446101122036
2026-08-20 04:00:00+00:00,ooc,1740.8328808607216,1065.011729251482,1805.8446101122036
2026-08-20 08:00:00+00:00,ooc,1740.8328808607216,1065.011729251482,1805.8446101122036
2026-08-20 12:00:00+00:00,ooc,1740.8328808607216,1065.011729251482,1805.8446101122036
2026-08-20 16:00:00+00:00,ooc,1740.8328808607216,1065.011729251482,1805.8446101122036
2026-08-20 20:00:00+00:00,ooc,1740.8328808607216,1065.011729251482,1805.8446101122036
2026-08-21 00:00:00+00:00,ooc,1740.8328808607216,1065.011729251482,1805.8446101122036
2026-08-21 04:00:00+00:00,ooc,1740.8328808607216,1065.011729251482,1805.8446101122036
2026-08-21 08:00:00+00:00,ooc,1740.8328808607216,1065.011729251482,1805.8446101122036
2026-08-21 12:00:00+00:00,ooc,1740.8328808607216,1065.011729251482,1805.8446101122036
2026-08-21 16:00:00+00:00,ooc,1740.8328808607216,1065.011729251482,1805.8446101122036
2026-08-21 20:00:00+00:00,ooc,1740.8328808607216,1065.011729251482,1805.8446101122036
2026-08-22 00:00:00+00:00,ooc,1740.8328808607216,1065.011729251482,1805.8446101122036
2026-08-22 04:00:00+00:00,ooc,1740.8328808607216,1065.011729251482,1805.8446101122036
2026-08-22 08:00:00+00:00,ooc,1740.8328808607216,1065.011729251482,1805.8446101122036
2026-08-22 12:00:00+00:00,ooc,1740.8328808607216,1065.011729251482,1805.8446101122036
2026-08-22 16:00:00+00:00,ooc,1740.8328808607216,1065.011729251482,1805.8446101122036
2026-08-22 20:00:00+00:00,ooc,1740.8328808607216,1065.011729251482,1805.8446101122036
2026-08-23 00:00:00+00:00,ooc,1740.8328808607216,1065.011729251482,1805.8446101122036
2026-08-23 04:00:00+00:00,ooc,1740.8328808607216,1065.011729251482,1805.8446101122036
2026-08-23 08:00:00+00:00,ooc,1740.8328808607216,1065.011729251482,1805.8446101122036
2026-08-23 12:00:00+00:00,ooc,1740.8328808607216,1065.011729251482,1805.8446101122036
2026-08-23 16:00:00+00:00,ooc,1740.8328808607216,1065.011729251482,1805.8446101122036
2026-08-23 20:00:00+00:00,ooc,1740.8328808607216,1065.011729251482,1805.8446101122036
2026-08-24 00:00:00+00:00,ooc,1740.8328808607216,1065.011729251482,1805.8446101122036
2026-08-24 04:00:00+00:00,ooc,1740.8328808607216,1065.011729251482,1805.8446101122036
2026-08-24 08:00:00+00:00,ooc,1740.8328808607216,1065.011729251482,1805.8446101122036
2026-08-24 12:00:00+00:00,ooc,1740.8328808607216,1065.011729251482,1805.8446101122036
2026-08-24 16:00:00+00:00,ooc,1740.8328808607216,1065.011729251482,1805.8446101122036
2026-08-24 20:00:00+00:00,ooc,1740.8328808607216,1065.011729251482,1805.8446101122036
2026-08-25 00:00:00+00:00,ooc,1740.8328808607216,1065.011729251482,1805.8446101122036
2026-08-25 04:00:00+00:00,ooc,1740.8328808607216,1065.011729251482,1805.8446101122036
2026-08-25 08:00:00+00:00,ooc,1740.8328808607216,1065.011729251482,1805.8446101122036
2026-08-25 12:00:00+00:00,ooc,1740.8328808607216,1065.011729251482,1805.8446101122036
2026-08-25 16:00:00+00:00,ooc,1740.8328808607216,1065.011729251482,1805.8446101122036
2026-08-25 20:00:00+00:00,ooc,1740.8328808607216,1065.011729251482,1805.8446101122036
2026-08-26 00:00:00+00:00,ooc,1740.8328808607216,1065.011729251482,1805.8446101122036
2026-08-26 04:00:00+00:00,ooc,1740.8328808607216,1065.011729251482,1805.8446101122036
2026-08-26 08:00:00+00:00,ooc,1740.8328808607216,1065.011729251482,1805.8446101122036
2026-08-26 12:00:00+00:00,ooc,1740.8328808607216,1065.011729251482,1805.8446101122036
2026-08-26 16:00:00+00:00,ooc,1740.8328808607216,1065.011729251482,1805.8446101122036
2026-08-26 20:00:00+00:00,ooc,1740.8328808607216,1065.011729251482,1805.8446101122036
2026-08-27 00:00:00+00:00,ooc,1740.8328808607216,1065.011729251482,1805.8446101122036
2026-08-27 04:00:00+00:00,ooc,1740.8328808607216,1065.011729251482,1805.8446101122036
2026-08-27 08:00:00+00:00,ooc,1740.8328808607216,1065.011729251482,1805.8446101122036
2026-08-27 12:00:00+00:00,ooc,1740.8328808607216,1065.011729251482,1805.8446101122036
2026-08-27 16:00:00+00:00,ooc,1740.8328808607216,1065.011729251482,1805.8446101122036
2026-08-27 20:00:00+00:00,ooc,1740.8328808607216,1065.011729251482,1805.8446101122036
2026-08-28 00:00:00+00:00,ooc,1740.8328808607216,1065.011729251482,1805.8446101122036
2026-08-28 04:00:00+00:00,ooc,1740.8328808607216,1065.011729251482,1805.8446101122036
2026-08-28 08:00:00+00:00,ooc,1740.8328808607216,1065.011729251482,1805.8446101122036
2026-08-28 12:00:00+00:00,ooc,1740.8328808607216,1065.011729251482,1805.8446101122036
2026-08-28 16:00:00+00:00,ooc,1740.8328808607216,1065.011729251482,1805.8446101122036
2026-08-28 20:00:00+00:00,ooc,1740.8328808607216,1065.011729251482,1805.8446101122036
2026-08-29 00:00:00+00:00,ooc,1740.8328808607216,1065.011729251482,1805.8446101122036
2026-08-29 04:00:00+00:00,ooc,1740.8328808607216,1065.011729251482,1805.8446101122036
2026-08-29 08:00:00+00:00,ooc,1740.8328808607216,1065.011729251482,1805.8446101122036
2026-08-29 12:00:00+00:00,ooc,1740.8328808607216,1065.011729251482,1805.8446101122036
2026-08-29 16:00:00+00:00,ooc,1740.8328808607216,1065.011729251482,1805.8446101122036
2026-08-29 20:00:00+00:00,ooc,1740.8328808607216,1065.011729251482,1805.8446101122036
2026-08-30 00:00:00+00:00,ooc,1740.8328808607216,1065.011729251482,1805.8446101122036
2026-08-30 04:00:00+00:00,ooc,1740.8328808607216,1065.011729251482,1805.8446101122036
2026-08-30 08:00:00+00:00,ooc,1740.8328808607216,1065.011729251482,1805.8446101122036
2026-08-30 12:00:00+00:00,ooc,1740.8328808607216,1065.011729251482,1805.8446101122036
2026-08-30 16:00:00+00:00,ooc,1740.8328808607216,1065.011729251482,1805.8446101122036
2026-08-30 20:00:00+00:00,ooc,1740.8328808607216,1065.011729251482,1805.8446101122036
2026-08-31 00:00:00+00:00,ooc,1740.8328808607216,1065.011729251482,1805.8446101122036
2026-08-31 04:00:00+00:00,ooc,1740.8328808607216,1065.011729251482,1805.8446101122036
2026-08-31 08:00:00+00:00,ooc,1740.8328808607216,1065.011729251482,1805.8446101122036
2026-08-31 12:00:00+00:00,ooc,1740.8328808607216,1065.011729251482,1805.8446101122036
2026-08-31 16:00:00+00:00,ooc,1740.8328808607216,1065.011729251482,1805.8446101122036
2026-08-31 20:00:00+00:00,ooc,1740.8328808607216,1065.011729251482,1805.8446101122036
2026-09-01 00:00:00+00:00,ooc,1740.8328808607216,1065.011729251482,1805.8446101122036
2026-09-01 04:00:00+00:00,ooc,1740.8328808607216,1065.011729251482,1805.8446101122036
2026-09-01 08:00:00+00:00,ooc,1740.8328808607216,1065.011729251482,1805.8446101122036
2026-09-01 12:00:00+00:00,ooc,1740.8328808607216,1065.011729251482,1805.8446101122036
2026-09-01 16:00:00+00:00,ooc,1740.8328808607216,1065.011729251482,1805.8446101122036
2026-09-01 20:00:00+00:00,ooc,1740.8328808607216,1065.011729251482,1805.8446101122036
2026-09-02 00:00:00+00:00,ooc,1740.8328808607216,1065.011729251482,1805.8446101122036
2026-09-02 04:00:00+00:00,ooc,1740.8328808607216,1065.011729251482,1805.8446101122036
2026-09-02 08:00:00+00:00,ooc,1740.8328808607216,1065.011729251482,1805.8446101122036
2026-09-02 12:00:00+00:00,ooc,1740.8328808607216,1065.011729251482,1805.8446101122036
2026-09-02 16:00:00+00:00,ooc,1740.8328808607216,1065.011729251482,1805.8446101122036
2026-09-02 20:00:00+00:00,ooc,1740.8328808607216,1065.011729251482,1805.8446101122036
2026-09-03 00:00:00+00:00,ooc,1740.8328808607216,1065.011729251482,1805.8446101122036
2026-09-03 04:00:00+00:00,ooc,1740.8328808607216,1065.011729251482,1805.8446101122036
2026-09-03 08:00:00+00:00,ooc,1740.8328808607216,1065.011729251482,1805.8446101122036
2026-09-03 12:00:00+00:00,ooc,1740.8328808607216,1065.011729251482,1805.8446101122036
2026-09-03 16:00:00+00:00,ooc,1740.8328808607216,1065.011729251482,1805.8446101122036
2026-09-03 20:00:00+00:00,ooc,1740.8328808607216,1065.011729251482,1805.8446101122036
2026-09-04 00:00:00+00:00,ooc,1740.8328808607216,1065.011729251482,1805.8446101122036
2026-09-04 04:00:00+00:00,ooc,1740.8328808607216,1065.011729251482,1805.8446101122036
2026-09-04 08:00:00+00:00,ooc,1740.8328808607216,1065.011729251482,1805.8446101122036
2026-09-04 12:00:00+00:00,ooc,1739.0433536857481,1065.011729251482,1804.05508293723
2026-09-04 16:00:00+00:00,ooc,1739.0433536857481,1065.011729251482,1804.05508293723
2026-09-04 20:00:00+00:00,ooc,1739.0433536857481,1065.011729251482,1804.05508293723
2026-09-05 00:00:00+00:00,ooc,1739.0433536857481,1065.011729251482,1804.05508293723
2026-09-05 04:00:00+00:00,ooc,1739.4949394070195,1065.011729251482,1804.5066686585014
2026-09-05 08:00:00+00:00,ooc,1739.9465251282907,1065.011729251482,1804.9582543797724
2026-09-05 12:00:00+00:00,ooc,1740.398110849562,1065.011729251482,1805.4098401010442
2026-09-05 16:00:00+00:00,ooc,1740.8496965708334,1065.011729251482,1805.8614258223151
2026-09-05 20:00:00+00:00,ooc,1741.3012822921046,1065.011729251482,1806.3130115435865
2026-09-06 00:00:00+00:00,ooc,1741.752868013376,1065.011729251482,1806.764597264858
2026-09-06 04:00:00+00:00,ooc,1741.752868013376,1065.011729251482,1806.764597264858
2026-09-06 08:00:00+00:00,ooc,1741.752868013376,1065.011729251482,1806.764597264858
2026-09-06 12:00:00+00:00,ooc,1741.752868013376,1065.011729251482,1806.764597264858
2026-09-06 16:00:00+00:00,ooc,1741.752868013376,1065.011729251482,1806.764597264858
2026-09-06 20:00:00+00:00,ooc,1741.752868013376,1065.011729251482,1806.764597264858
2026-09-07 00:00:00+00:00,ooc,1741.752868013376,1065.011729251482,1806.764597264858
2026-09-07 04:00:00+00:00,ooc,1741.752868013376,1065.011729251482,1806.764597264858
2026-09-07 08:00:00+00:00,ooc,1741.752868013376,1065.011729251482,1806.764597264858
2026-09-07 12:00:00+00:00,ooc,1741.752868013376,1065.011729251482,1806.764597264858
2026-09-07 16:00:00+00:00,ooc,1741.752868013376,1065.011729251482,1806.764597264858
2026-09-07 20:00:00+00:00,ooc,1741.752868013376,1065.011729251482,1806.764597264858
2026-09-08 00:00:00+00:00,ooc,1741.752868013376,1065.011729251482,1806.764597264858
2026-09-08 04:00:00+00:00,ooc,1741.752868013376,1065.011729251482,1806.764597264858
2026-09-08 08:00:00+00:00,ooc,1741.752868013376,1065.011729251482,1806.764597264858
2026-09-08 12:00:00+00:00,ooc,1741.752868013376,1065.011729251482,1806.764597264858
2026-09-08 16:00:00+00:00,ooc,1741.752868013376,1065.011729251482,1806.764597264858
2026-09-08 20:00:00+00:00,ooc,1741.752868013376,1065.011729251482,1806.764597264858
2026-09-09 00:00:00+00:00,ooc,1741.752868013376,1065.011729251482,1806.764597264858
2026-09-09 04:00:00+00:00,ooc,1741.752868013376,1065.011729251482,1806.764597264858
2026-09-09 08:00:00+00:00,ooc,1741.752868013376,1065.011729251482,1806.764597264858
2026-09-09 12:00:00+00:00,ooc,1741.752868013376,1065.011729251482,1806.764597264858
2026-09-09 16:00:00+00:00,ooc,1741.752868013376,1065.011729251482,1806.764597264858
2026-09-09 20:00:00+00:00,ooc,1739.9212448783671,1065.011729251482,1804.9329741298488
2026-09-10 00:00:00+00:00,ooc,1739.9212448783671,1065.011729251482,1804.9329741298488
2026-09-10 04:00:00+00:00,ooc,1739.9212448783671,1065.011729251482,1804.9329741298488
2026-09-10 08:00:00+00:00,ooc,1739.9212448783671,1065.011729251482,1804.9329741298488
2026-09-10 12:00:00+00:00,ooc,1739.9212448783671,1065.011729251482,1804.9329741298488
2026-09-10 16:00:00+00:00,ooc,1739.9212448783671,1065.011729251482,1804.9329741298488
2026-09-10 20:00:00+00:00,ooc,1739.5401549734738,1065.011729251482,1804.5518842249558
2026-09-11 00:00:00+00:00,ooc,1739.1590650685807,1064.8298064180474,1803.9888714866283
2026-09-11 04:00:00+00:00,ooc,1738.7779751636874,1064.647883584613,1803.4258587483005
2026-09-11 08:00:00+00:00,ooc,1738.3968852587943,1064.4659607511785,1802.8628460099726
2026-09-11 12:00:00+00:00,ooc,1738.015795353901,1064.284037917744,1802.2998332716452
2026-09-11 16:00:00+00:00,ooc,1738.015795353901,1064.284037917744,1802.2998332716452
2026-09-11 20:00:00+00:00,ooc,1738.015795353901,1064.284037917744,1802.2998332716452
2026-09-12 00:00:00+00:00,ooc,1738.015795353901,1064.284037917744,1802.2998332716452
2026-09-12 04:00:00+00:00,ooc,1738.015795353901,1064.284037917744,1802.2998332716452
2026-09-12 08:00:00+00:00,ooc,1737.720855137436,1064.284037917744,1802.0048930551802
2026-09-12 12:00:00+00:00,ooc,1737.4259149209709,1064.284037917744,1801.7099528387148
2026-09-12 16:00:00+00:00,ooc,1737.130974704506,1064.284037917744,1801.4150126222498
2026-09-12 20:00:00+00:00,ooc,1736.836034488041,1064.284037917744,1801.1200724057849
2026-09-13 00:00:00+00:00,ooc,1736.5410942715757,1063.6079857143272,1800.149079985903
2026-09-13 04:00:00+00:00,ooc,1736.2461540551108,1063.6079857143272,1799.854139769438
2026-09-13 08:00:00+00:00,ooc,1735.9512138386458,1063.6079857143272,1799.559199552973
2026-09-13 12:00:00+00:00,ooc,1735.9512138386458,1063.2948998380266,1799.2461136766724
2026-09-13 16:00:00+00:00,ooc,1735.9512138386458,1062.9818139617262,1798.9330278003717
2026-09-13 20:00:00+00:00,ooc,1734.393243992579,1062.9818139617262,1797.3750579543052
2026-09-14 00:00:00+00:00,ooc,1734.393243992579,1062.3387241904184,1796.7319681829977
2026-09-14 04:00:00+00:00,ooc,1734.393243992579,1062.3387241904184,1796.7319681829977
2026-09-14 08:00:00+00:00,ooc,1735.1516681621213,1062.3387241904184,1797.4903923525399
2026-09-14 12:00:00+00:00,ooc,1735.9100923316632,1062.3387241904184,1798.2488165220816
2026-09-14 16:00:00+00:00,ooc,1736.6685165012054,1062.3387241904184,1799.0072406916238
2026-09-14 20:00:00+00:00,ooc,1736.6685165012054,1062.3387241904184,1799.0072406916238
2026-09-15 00:00:00+00:00,ooc,1736.6685165012054,1062.3387241904184,1799.0072406916238
2026-09-15 04:00:00+00:00,ooc,1734.9782315555244,1062.3387241904184,1797.3169557459428
2026-09-15 08:00:00+00:00,ooc,1734.9782315555244,1061.6771744933826,1796.655406048907
2026-09-15 12:00:00+00:00,ooc,1733.322773585304,1061.6771744933826,1794.9999480786864
2026-09-15 16:00:00+00:00,ooc,1733.322773585304,1060.9791366141633,1794.3019101994673
2026-09-15 20:00:00+00:00,ooc,1733.322773585304,1060.9791366141633,1794.3019101994673
2026-09-16 00:00:00+00:00,ooc,1733.6397443211044,1060.1864556090993,1793.826199930204
2026-09-16 04:00:00+00:00,ooc,1733.9567150569048,1060.1864556090993,1794.1431706660042
2026-09-16 08:00:00+00:00,ooc,1734.2736857927052,1059.4389793314774,1793.7126651241824
2026-09-16 12:00:00+00:00,ooc,1734.5906565285056,1059.4389793314774,1794.029635859983
2026-09-16 16:00:00+00:00,ooc,1734.907627264306,1058.6983426859106,1793.6059699502166
2026-09-16 20:00:00+00:00,ooc,1735.2245980001064,1058.6983426859106,1793.9229406860168
2026-09-17 00:00:00+00:00,ooc,1735.5415687359066,1057.9501508387316,1793.4917195746384
2026-09-17 04:00:00+00:00,ooc,1735.858539471707,1057.9501508387316,1793.8086903104386
2026-09-17 08:00:00+00:00,ooc,1736.1755102075076,1057.9501508387316,1794.1256610462392
2026-09-17 12:00:00+00:00,ooc,1736.1755102075076,1057.9501508387316,1794.1256610462392
2026-09-17 16:00:00+00:00,ooc,1736.1755102075076,1057.9501508387316,1794.1256610462392
2026-09-17 20:00:00+00:00,ooc,1737.4304415524068,1057.9501508387316,1795.3805923911386
2026-09-18 00:00:00+00:00,ooc,1738.685372897306,1057.9501508387316,1796.6355237360376
2026-09-18 04:00:00+00:00,ooc,1738.685372897306,1057.9501508387316,1796.6355237360376
2026-09-18 08:00:00+00:00,ooc,1738.685372897306,1057.9501508387316,1796.6355237360376
2026-09-18 12:00:00+00:00,ooc,1741.2080448119843,1057.9501508387316,1799.1581956507162
2026-09-18 16:00:00+00:00,ooc,1741.2080448119843,1057.9501508387316,1799.1581956507162
2026-09-18 20:00:00+00:00,ooc,1741.2080448119843,1057.9501508387316,1799.1581956507162
2026-09-19 00:00:00+00:00,ooc,1740.1892852555666,1057.9501508387316,1798.1394360942982
2026-09-19 04:00:00+00:00,ooc,1739.170525699149,1057.9501508387316,1797.1206765378806
2026-09-19 08:00:00+00:00,ooc,1739.170525699149,1057.9501508387316,1797.1206765378806
2026-09-19 12:00:00+00:00,ooc,1739.170525699149,1057.9501508387316,1797.1206765378806
2026-09-19 16:00:00+00:00,ooc,1738.5197636570224,1057.9501508387316,1796.469914495754
2026-09-19 20:00:00+00:00,ooc,1737.8690016148958,1057.9501508387316,1795.8191524536273
2026-09-20 00:00:00+00:00,ooc,1737.2182395727689,1057.9501508387316,1795.1683904115007
2026-09-20 04:00:00+00:00,ooc,1737.2182395727689,1057.9501508387316,1795.1683904115007
2026-09-20 08:00:00+00:00,ooc,1737.2182395727689,1057.9501508387316,1795.1683904115007
2026-09-20 12:00:00+00:00,ooc,1738.1052057896482,1057.9501508387316,1796.0553566283797
2026-09-20 16:00:00+00:00,ooc,1738.9921720065277,1057.9501508387316,1796.9423228452592
2026-09-20 20:00:00+00:00,ooc,1739.8791382234072,1057.9501508387316,1797.8292890621387
2026-09-21 00:00:00+00:00,ooc,1739.8791382234072,1057.9501508387316,1797.8292890621387
2026-09-21 04:00:00+00:00,ooc,1739.8791382234072,1057.9501508387316,1797.8292890621387
2026-09-21 08:00:00+00:00,ooc,1742.4518669251004,1057.9501508387316,1800.4020177638322
2026-09-21 12:00:00+00:00,ooc,1742.4518669251004,1057.9501508387316,1800.4020177638322
2026-09-21 16:00:00+00:00,ooc,1742.4518669251004,1057.9501508387316,1800.4020177638322
2026-09-21 20:00:00+00:00,ooc,1741.832039007252,1057.9501508387316,1799.7821898459833
2026-09-22 00:00:00+00:00,ooc,1741.2122110894036,1057.9501508387316,1799.1623619281354
2026-09-22 04:00:00+00:00,ooc,1741.2122110894036,1057.9501508387316,1799.1623619281354
2026-09-22 08:00:00+00:00,ooc,1741.2122110894036,1057.9501508387316,1799.1623619281354
2026-09-22 12:00:00+00:00,ooc,1741.2122110894036,1057.9501508387316,1799.1623619281354
2026-09-22 16:00:00+00:00,ooc,1741.2122110894036,1057.9501508387316,1799.1623619281354
2026-09-22 20:00:00+00:00,ooc,1741.2122110894036,1057.9501508387316,1799.1623619281354
2026-09-23 00:00:00+00:00,ooc,1741.2122110894036,1057.9501508387316,1799.1623619281354
2026-09-23 04:00:00+00:00,ooc,1741.2122110894036,1057.9501508387316,1799.1623619281354
2026-09-23 08:00:00+00:00,ooc,1741.2122110894036,1057.9501508387316,1799.1623619281354
2026-09-23 12:00:00+00:00,ooc,1741.2122110894036,1057.9501508387316,1799.1623619281354
2026-09-23 16:00:00+00:00,ooc,1741.2122110894036,1057.9501508387316,1799.1623619281354
2026-09-23 20:00:00+00:00,ooc,1741.2122110894036,1057.9501508387316,1799.1623619281354
2026-09-24 00:00:00+00:00,ooc,1741.2122110894036,1057.9501508387316,1799.1623619281354
2026-09-24 04:00:00+00:00,ooc,1741.2122110894036,1057.9501508387316,1799.1623619281354
2026-09-24 08:00:00+00:00,ooc,1741.2122110894036,1057.9501508387316,1799.1623619281354
2026-09-24 12:00:00+00:00,ooc,1741.2122110894036,1057.9501508387316,1799.1623619281354
2026-09-24 16:00:00+00:00,ooc,1741.2122110894036,1057.9501508387316,1799.1623619281354
2026-09-24 20:00:00+00:00,ooc,1741.2122110894036,1057.9501508387316,1799.1623619281354
2026-09-25 00:00:00+00:00,ooc,1741.2122110894036,1057.9501508387316,1799.1623619281354
2026-09-25 04:00:00+00:00,ooc,1741.2122110894036,1057.9501508387316,1799.1623619281354
2026-09-25 08:00:00+00:00,ooc,1741.2122110894036,1057.9501508387316,1799.1623619281354
2026-09-25 12:00:00+00:00,ooc,1741.2122110894036,1057.9501508387316,1799.1623619281354
2026-09-25 16:00:00+00:00,ooc,1741.2122110894036,1057.9501508387316,1799.1623619281354
2026-09-25 20:00:00+00:00,ooc,1741.2122110894036,1057.9501508387316,1799.1623619281354
2026-09-26 00:00:00+00:00,ooc,1741.2122110894036,1057.9501508387316,1799.1623619281354
2026-09-26 04:00:00+00:00,ooc,1741.2122110894036,1057.9501508387316,1799.1623619281354
2026-09-26 08:00:00+00:00,ooc,1741.2122110894036,1057.9501508387316,1799.1623619281354
2026-09-26 12:00:00+00:00,ooc,1741.7669687278772,1057.9501508387316,1799.7171195666087
2026-09-26 16:00:00+00:00,ooc,1742.321726366351,1057.9501508387316,1800.2718772050825
2026-09-26 20:00:00+00:00,ooc,1742.8764840048245,1057.9501508387316,1800.8266348435563
2026-09-27 00:00:00+00:00,ooc,1743.4312416432983,1057.9501508387316,1801.3813924820297
2026-09-27 04:00:00+00:00,ooc,1743.985999281772,1057.9501508387316,1801.9361501205035
2026-09-27 08:00:00+00:00,ooc,1743.985999281772,1057.9501508387316,1801.9361501205035
2026-09-27 12:00:00+00:00,ooc,1743.985999281772,1057.9501508387316,1801.9361501205035
2026-09-27 16:00:00+00:00,ooc,1743.985999281772,1057.9501508387316,1801.9361501205035
2026-09-27 20:00:00+00:00,ooc,1743.985999281772,1057.9501508387316,1801.9361501205035
2026-09-28 00:00:00+00:00,ooc,1742.0995001580427,1057.9501508387316,1800.0496509967743
2026-09-28 04:00:00+00:00,ooc,1742.0995001580427,1057.9501508387316,1800.0496509967743
2026-09-28 08:00:00+00:00,ooc,1742.0995001580427,1057.9501508387316,1800.0496509967743
2026-09-28 12:00:00+00:00,ooc,1742.0995001580427,1057.9501508387316,1800.0496509967743
2026-09-28 16:00:00+00:00,ooc,1742.0995001580427,1057.9501508387316,1800.0496509967743
2026-09-28 20:00:00+00:00,ooc,1740.82081523335,1057.9501508387316,1798.7709660720816
2026-09-29 00:00:00+00:00,ooc,1740.82081523335,1057.9501508387316,1798.7709660720816
2026-09-29 04:00:00+00:00,ooc,1740.82081523335,1057.9501508387316,1798.7709660720816
2026-09-29 08:00:00+00:00,ooc,1740.82081523335,1057.9501508387316,1798.7709660720816
2026-09-29 12:00:00+00:00,ooc,1740.82081523335,1057.9501508387316,1798.7709660720816
2026-09-29 16:00:00+00:00,ooc,1740.82081523335,1057.9501508387316,1798.7709660720816
2026-09-29 20:00:00+00:00,ooc,1740.82081523335,1057.9501508387316,1798.7709660720816
2026-09-30 00:00:00+00:00,ooc,1740.82081523335,1057.9501508387316,1798.7709660720816
2026-09-30 04:00:00+00:00,ooc,1740.82081523335,1057.9501508387316,1798.7709660720816
